<?xml version="1.0" encoding="UTF-8"?>
<gpx version="1.1"
     creator="KMLtoGPX"
     xmlns="http://www.topografix.com/GPX/1/1">
  <metadata>
    <name>AsoKikuchi Gorge Course</name>
    <desc>阿蘇・菊池渓谷コース</desc>
    <bounds minlat="32.91200694444444" minlon="130.81382194444444" maxlat="33.01660388888889" maxlon="131.01459888888888"/>
  </metadata>
  <trk>
    <name>AsoKikuchi Gorge Course</name>
    <trkseg>
<trkpt lat="32.98496388888889" lon="130.8138338888889">
<ele>75</ele>
</trkpt>
<trkpt lat="32.98450694444445" lon="130.81416388888888">
<ele>74</ele>
</trkpt>
<trkpt lat="32.98382388888889" lon="130.8146638888889">
<ele>72</ele>
</trkpt>
<trkpt lat="32.98354888888889" lon="130.81485194444446">
<ele>72</ele>
</trkpt>
<trkpt lat="32.98343194444445" lon="130.8149388888889">
<ele>72</ele>
</trkpt>
<trkpt lat="32.98285805555555" lon="130.81535194444444">
<ele>71</ele>
</trkpt>
<trkpt lat="32.98267388888889" lon="130.81547694444444">
<ele>70</ele>
</trkpt>
<trkpt lat="32.98246611111111" lon="130.8156138888889">
<ele>69</ele>
</trkpt>
<trkpt lat="32.98235694444445" lon="130.81570194444444">
<ele>69</ele>
</trkpt>
<trkpt lat="32.98209888888889" lon="130.81588888888888">
<ele>69</ele>
</trkpt>
<trkpt lat="32.98189888888889" lon="130.81602694444445">
<ele>69</ele>
</trkpt>
<trkpt lat="32.98166611111111" lon="130.81620194444446">
<ele>68</ele>
</trkpt>
<trkpt lat="32.98146611111111" lon="130.81633888888888">
<ele>68</ele>
</trkpt>
<trkpt lat="32.980783055555555" lon="130.8168388888889">
<ele>67</ele>
</trkpt>
<trkpt lat="32.98059888888889" lon="130.81697694444443">
<ele>66</ele>
</trkpt>
<trkpt lat="32.98020805555556" lon="130.81725194444445">
<ele>65</ele>
</trkpt>
<trkpt lat="32.979998888888886" lon="130.81740194444444">
<ele>64</ele>
</trkpt>
<trkpt lat="32.978975" lon="130.8185388888889">
<ele>60</ele>
</trkpt>
<trkpt lat="32.97886611111111" lon="130.8186638888889">
<ele>60</ele>
</trkpt>
<trkpt lat="32.978825" lon="130.81871388888888">
<ele>60</ele>
</trkpt>
<trkpt lat="32.97873305555556" lon="130.81885111111112">
<ele>59</ele>
</trkpt>
<trkpt lat="32.978658055555556" lon="130.8189888888889">
<ele>59</ele>
</trkpt>
<trkpt lat="32.97855" lon="130.8192511111111">
<ele>58</ele>
</trkpt>
<trkpt lat="32.97846611111111" lon="130.81952611111112">
<ele>58</ele>
</trkpt>
<trkpt lat="32.978425" lon="130.81973888888888">
<ele>58</ele>
</trkpt>
<trkpt lat="32.97841611111111" lon="130.81993888888888">
<ele>57</ele>
</trkpt>
<trkpt lat="32.978408055555555" lon="130.8201511111111">
<ele>57</ele>
</trkpt>
<trkpt lat="32.97845" lon="130.8208261111111">
<ele>56</ele>
</trkpt>
<trkpt lat="32.97849111111111" lon="130.8211761111111">
<ele>55</ele>
</trkpt>
<trkpt lat="32.9785" lon="130.8212511111111">
<ele>55</ele>
</trkpt>
<trkpt lat="32.97854111111111" lon="130.8219511111111">
<ele>50</ele>
</trkpt>
<trkpt lat="32.97854111111111" lon="130.82200111111112">
<ele>50</ele>
</trkpt>
<trkpt lat="32.97853305555556" lon="130.8223888888889">
<ele>50</ele>
</trkpt>
<trkpt lat="32.97849111111111" lon="130.82270111111112">
<ele>50</ele>
</trkpt>
<trkpt lat="32.97844111111111" lon="130.8230388888889">
<ele>50</ele>
</trkpt>
<trkpt lat="32.978433055555556" lon="130.8231011111111">
<ele>50</ele>
</trkpt>
<trkpt lat="32.97841611111111" lon="130.82313888888888">
<ele>50</ele>
</trkpt>
<trkpt lat="32.97835805555555" lon="130.8234261111111">
<ele>50</ele>
</trkpt>
<trkpt lat="32.97829111111111" lon="130.8236761111111">
<ele>50</ele>
</trkpt>
<trkpt lat="32.978075" lon="130.82433805555556">
<ele>52</ele>
</trkpt>
<trkpt lat="32.978075" lon="130.82436305555555">
<ele>52</ele>
</trkpt>
<trkpt lat="32.977916111111114" lon="130.82521305555557">
<ele>54</ele>
</trkpt>
<trkpt lat="32.97784111111111" lon="130.8257761111111">
<ele>55</ele>
</trkpt>
<trkpt lat="32.97764194444444" lon="130.82652611111112">
<ele>59</ele>
</trkpt>
<trkpt lat="32.97750805555555" lon="130.82686305555555">
<ele>64</ele>
</trkpt>
<trkpt lat="32.97721694444444" lon="130.82741305555555">
<ele>65</ele>
</trkpt>
<trkpt lat="32.97694194444444" lon="130.82825111111111">
<ele>67</ele>
</trkpt>
<trkpt lat="32.97659194444444" lon="130.82893805555557">
<ele>68</ele>
</trkpt>
<trkpt lat="32.976416944444445" lon="130.82923805555555">
<ele>65</ele>
</trkpt>
<trkpt lat="32.97631694444444" lon="130.82946305555555">
<ele>63</ele>
</trkpt>
<trkpt lat="32.97625" lon="130.82995111111111">
<ele>65</ele>
</trkpt>
<trkpt lat="32.97615805555556" lon="130.8303261111111">
<ele>65</ele>
</trkpt>
<trkpt lat="32.976083055555556" lon="130.83051305555554">
<ele>65</ele>
</trkpt>
<trkpt lat="32.975966944444444" lon="130.83063805555557">
<ele>64</ele>
</trkpt>
<trkpt lat="32.975775" lon="130.8308">
<ele>77</ele>
</trkpt>
<trkpt lat="32.97555" lon="130.8309">
<ele>84</ele>
</trkpt>
<trkpt lat="32.97528305555556" lon="130.830925">
<ele>90</ele>
</trkpt>
<trkpt lat="32.974691944444444" lon="130.8309261111111">
<ele>97</ele>
</trkpt>
<trkpt lat="32.9737" lon="130.8309011111111">
<ele>76</ele>
</trkpt>
<trkpt lat="32.97349194444445" lon="130.83095111111112">
<ele>75</ele>
</trkpt>
<trkpt lat="32.973308055555556" lon="130.83105111111112">
<ele>74</ele>
</trkpt>
<trkpt lat="32.97318305555556" lon="130.83117611111112">
<ele>73</ele>
</trkpt>
<trkpt lat="32.973016944444446" lon="130.8314511111111">
<ele>75</ele>
</trkpt>
<trkpt lat="32.97284194444445" lon="130.8318261111111">
<ele>74</ele>
</trkpt>
<trkpt lat="32.972566944444445" lon="130.832825">
<ele>75</ele>
</trkpt>
<trkpt lat="32.972433055555555" lon="130.83323805555557">
<ele>72</ele>
</trkpt>
<trkpt lat="32.97230888888889" lon="130.83348805555556">
<ele>74</ele>
</trkpt>
<trkpt lat="32.972183888888885" lon="130.83365">
<ele>74</ele>
</trkpt>
<trkpt lat="32.97155" lon="130.83415">
<ele>76</ele>
</trkpt>
<trkpt lat="32.971066944444445" lon="130.834625">
<ele>76</ele>
</trkpt>
<trkpt lat="32.970925" lon="130.83483805555557">
<ele>77</ele>
</trkpt>
<trkpt lat="32.970875" lon="130.83505">
<ele>76</ele>
</trkpt>
<trkpt lat="32.970825" lon="130.835725">
<ele>79</ele>
</trkpt>
<trkpt lat="32.97078388888889" lon="130.83601305555555">
<ele>79</ele>
</trkpt>
<trkpt lat="32.97069194444445" lon="130.83628694444445">
<ele>79</ele>
</trkpt>
<trkpt lat="32.9702" lon="130.83688694444444">
<ele>78</ele>
</trkpt>
<trkpt lat="32.96989194444444" lon="130.837225">
<ele>80</ele>
</trkpt>
<trkpt lat="32.96965888888889" lon="130.837375">
<ele>79</ele>
</trkpt>
<trkpt lat="32.969525" lon="130.83745">
<ele>79</ele>
</trkpt>
<trkpt lat="32.96924194444444" lon="130.83751305555555">
<ele>78</ele>
</trkpt>
<trkpt lat="32.968966944444446" lon="130.8375">
<ele>78</ele>
</trkpt>
<trkpt lat="32.968875" lon="130.83746194444444">
<ele>78</ele>
</trkpt>
<trkpt lat="32.96879194444445" lon="130.837425">
<ele>77</ele>
</trkpt>
<trkpt lat="32.96783388888889" lon="130.83645">
<ele>71</ele>
</trkpt>
<trkpt lat="32.967616944444444" lon="130.83626305555555">
<ele>67</ele>
</trkpt>
<trkpt lat="32.9674" lon="130.83621305555556">
<ele>66</ele>
</trkpt>
<trkpt lat="32.967175" lon="130.83615">
<ele>63</ele>
</trkpt>
<trkpt lat="32.96694194444444" lon="130.8361">
<ele>67</ele>
</trkpt>
<trkpt lat="32.96680888888889" lon="130.83608805555556">
<ele>66</ele>
</trkpt>
<trkpt lat="32.96658388888889" lon="130.83608805555556">
<ele>66</ele>
</trkpt>
<trkpt lat="32.96638388888889" lon="130.83615">
<ele>67</ele>
</trkpt>
<trkpt lat="32.966225" lon="130.83626305555555">
<ele>68</ele>
</trkpt>
<trkpt lat="32.966025" lon="130.83645">
<ele>70</ele>
</trkpt>
<trkpt lat="32.965558888888886" lon="130.83711305555556">
<ele>79</ele>
</trkpt>
<trkpt lat="32.96541694444444" lon="130.837275">
<ele>83</ele>
</trkpt>
<trkpt lat="32.96525888888889" lon="130.837375">
<ele>84</ele>
</trkpt>
<trkpt lat="32.96494194444445" lon="130.8375">
<ele>84</ele>
</trkpt>
<trkpt lat="32.96460888888889" lon="130.83758805555556">
<ele>86</ele>
</trkpt>
<trkpt lat="32.96436" lon="130.83762194444444">
<ele>86</ele>
</trkpt>
<trkpt lat="32.96436" lon="130.83762194444444">
<ele>86</ele>
</trkpt>
<trkpt lat="32.96415888888889" lon="130.83765">
<ele>87</ele>
</trkpt>
<trkpt lat="32.96395888888889" lon="130.837725">
<ele>87</ele>
</trkpt>
<trkpt lat="32.96378388888889" lon="130.837825">
<ele>88</ele>
</trkpt>
<trkpt lat="32.96358388888889" lon="130.838025">
<ele>89</ele>
</trkpt>
<trkpt lat="32.96315888888889" lon="130.83851305555555">
<ele>96</ele>
</trkpt>
<trkpt lat="32.96279194444445" lon="130.83888805555554">
<ele>102</ele>
</trkpt>
<trkpt lat="32.962466944444444" lon="130.83918805555555">
<ele>105</ele>
</trkpt>
<trkpt lat="32.96221694444444" lon="130.83936305555557">
<ele>104</ele>
</trkpt>
<trkpt lat="32.96202611111111" lon="130.83943805555555">
<ele>105</ele>
</trkpt>
<trkpt lat="32.96185111111111" lon="130.839475">
<ele>107</ele>
</trkpt>
<trkpt lat="32.961441944444445" lon="130.839475">
<ele>108</ele>
</trkpt>
<trkpt lat="32.960991944444444" lon="130.839425">
<ele>109</ele>
</trkpt>
<trkpt lat="32.96064194444445" lon="130.839425">
<ele>109</ele>
</trkpt>
<trkpt lat="32.96035111111111" lon="130.83946305555557">
<ele>112</ele>
</trkpt>
<trkpt lat="32.960141944444445" lon="130.839525">
<ele>114</ele>
</trkpt>
<trkpt lat="32.95999194444445" lon="130.8396">
<ele>116</ele>
</trkpt>
<trkpt lat="32.95984194444444" lon="130.83975">
<ele>116</ele>
</trkpt>
<trkpt lat="32.95979194444445" lon="130.839825">
<ele>115</ele>
</trkpt>
<trkpt lat="32.95960888888889" lon="130.84011305555555">
<ele>115</ele>
</trkpt>
<trkpt lat="32.95935111111111" lon="130.84043805555555">
<ele>114</ele>
</trkpt>
<trkpt lat="32.95921694444444" lon="130.840625">
<ele>113</ele>
</trkpt>
<trkpt lat="32.95887611111111" lon="130.84101305555555">
<ele>113</ele>
</trkpt>
<trkpt lat="32.95838388888889" lon="130.84148805555554">
<ele>113</ele>
</trkpt>
<trkpt lat="32.95827611111111" lon="130.84156305555555">
<ele>114</ele>
</trkpt>
<trkpt lat="32.958058888888885" lon="130.841725">
<ele>113</ele>
</trkpt>
<trkpt lat="32.95785111111111" lon="130.841825">
<ele>115</ele>
</trkpt>
<trkpt lat="32.95747611111111" lon="130.84198805555556">
<ele>116</ele>
</trkpt>
<trkpt lat="32.95680888888889" lon="130.842225">
<ele>117</ele>
</trkpt>
<trkpt lat="32.956451111111114" lon="130.84235">
<ele>117</ele>
</trkpt>
<trkpt lat="32.95620888888889" lon="130.842375">
<ele>121</ele>
</trkpt>
<trkpt lat="32.95594194444445" lon="130.842325">
<ele>123</ele>
</trkpt>
<trkpt lat="32.955708888888886" lon="130.84223805555555">
<ele>125</ele>
</trkpt>
<trkpt lat="32.95560888888889" lon="130.84218805555557">
<ele>125</ele>
</trkpt>
<trkpt lat="32.95547611111111" lon="130.84216305555555">
<ele>126</ele>
</trkpt>
<trkpt lat="32.95538388888889" lon="130.84215">
<ele>126</ele>
</trkpt>
<trkpt lat="32.955191944444444" lon="130.84216305555555">
<ele>125</ele>
</trkpt>
<trkpt lat="32.95310111111111" lon="130.84279194444446">
<ele>120</ele>
</trkpt>
<trkpt lat="32.95310111111111" lon="130.84279194444446">
<ele>120</ele>
</trkpt>
<trkpt lat="32.95270111111111" lon="130.84291305555556">
<ele>119</ele>
</trkpt>
<trkpt lat="32.95258388888889" lon="130.842975">
<ele>120</ele>
</trkpt>
<trkpt lat="32.952491944444446" lon="130.84303805555555">
<ele>119</ele>
</trkpt>
<trkpt lat="32.95135111111111" lon="130.844475">
<ele>117</ele>
</trkpt>
<trkpt lat="32.95070111111111" lon="130.84535">
<ele>124</ele>
</trkpt>
<trkpt lat="32.95055111111111" lon="130.845575">
<ele>125</ele>
</trkpt>
<trkpt lat="32.95045888888889" lon="130.84571194444445">
<ele>127</ele>
</trkpt>
<trkpt lat="32.95012611111111" lon="130.8459">
<ele>123</ele>
</trkpt>
<trkpt lat="32.94970111111111" lon="130.846025">
<ele>127</ele>
</trkpt>
<trkpt lat="32.94953388888889" lon="130.846075">
<ele>128</ele>
</trkpt>
<trkpt lat="32.94935111111111" lon="130.84616305555556">
<ele>126</ele>
</trkpt>
<trkpt lat="32.94927611111111" lon="130.84625">
<ele>119</ele>
</trkpt>
<trkpt lat="32.94911" lon="130.84676305555556">
<ele>118</ele>
</trkpt>
<trkpt lat="32.949035" lon="130.84683694444445">
<ele>118</ele>
</trkpt>
<trkpt lat="32.948543055555554" lon="130.8471">
<ele>114</ele>
</trkpt>
<trkpt lat="32.948485" lon="130.84718694444445">
<ele>116</ele>
</trkpt>
<trkpt lat="32.94846" lon="130.847425">
<ele>117</ele>
</trkpt>
<trkpt lat="32.948685" lon="130.849">
<ele>106</ele>
</trkpt>
<trkpt lat="32.948685" lon="130.85023694444445">
<ele>105</ele>
</trkpt>
<trkpt lat="32.948635" lon="130.85038694444444">
<ele>102</ele>
</trkpt>
<trkpt lat="32.948526111111114" lon="130.85046194444445">
<ele>100</ele>
</trkpt>
<trkpt lat="32.94857611111111" lon="130.85066194444445">
<ele>102</ele>
</trkpt>
<trkpt lat="32.948635" lon="130.85106194444444">
<ele>102</ele>
</trkpt>
<trkpt lat="32.948618055555556" lon="130.85146194444445">
<ele>101</ele>
</trkpt>
<trkpt lat="32.94861" lon="130.85175">
<ele>102</ele>
</trkpt>
<trkpt lat="32.94850111111111" lon="130.8525">
<ele>102</ele>
</trkpt>
<trkpt lat="32.94846805555556" lon="130.852675">
<ele>102</ele>
</trkpt>
<trkpt lat="32.948416944444446" lon="130.85294805555554">
<ele>102</ele>
</trkpt>
<trkpt lat="32.948416944444446" lon="130.85294805555554">
<ele>102</ele>
</trkpt>
<trkpt lat="32.94826" lon="130.85378694444444">
<ele>103</ele>
</trkpt>
<trkpt lat="32.94820111111111" lon="130.85411194444444">
<ele>102</ele>
</trkpt>
<trkpt lat="32.948118055555554" lon="130.8540988888889">
<ele>102</ele>
</trkpt>
<trkpt lat="32.947718055555555" lon="130.8539988888889">
<ele>102</ele>
</trkpt>
<trkpt lat="32.947118055555556" lon="130.8538738888889">
<ele>104</ele>
</trkpt>
<trkpt lat="32.94676" lon="130.8537988888889">
<ele>107</ele>
</trkpt>
<trkpt lat="32.945885" lon="130.853625">
<ele>108</ele>
</trkpt>
<trkpt lat="32.94566" lon="130.85358694444446">
<ele>108</ele>
</trkpt>
<trkpt lat="32.945543055555554" lon="130.853625">
<ele>108</ele>
</trkpt>
<trkpt lat="32.94549305555555" lon="130.85368694444443">
<ele>108</ele>
</trkpt>
<trkpt lat="32.94545194444444" lon="130.85376194444444">
<ele>108</ele>
</trkpt>
<trkpt lat="32.945385" lon="130.85405">
<ele>109</ele>
</trkpt>
<trkpt lat="32.94506" lon="130.85511194444445">
<ele>112</ele>
</trkpt>
<trkpt lat="32.94496888888889" lon="130.85553694444445">
<ele>112</ele>
</trkpt>
<trkpt lat="32.944935" lon="130.85601194444445">
<ele>115</ele>
</trkpt>
<trkpt lat="32.944935" lon="130.8561488888889">
<ele>116</ele>
</trkpt>
<trkpt lat="32.94502694444444" lon="130.8568238888889">
<ele>119</ele>
</trkpt>
<trkpt lat="32.94496888888889" lon="130.8572988888889">
<ele>119</ele>
</trkpt>
<trkpt lat="32.944685" lon="130.8579488888889">
<ele>119</ele>
</trkpt>
<trkpt lat="32.94441" lon="130.8584988888889">
<ele>119</ele>
</trkpt>
<trkpt lat="32.94409388888889" lon="130.85898694444444">
<ele>119</ele>
</trkpt>
<trkpt lat="32.943735" lon="130.8594238888889">
<ele>119</ele>
</trkpt>
<trkpt lat="32.94349388888889" lon="130.85966194444444">
<ele>119</ele>
</trkpt>
<trkpt lat="32.94349111111111" lon="130.85966611111112">
<ele>119</ele>
</trkpt>
<trkpt lat="32.94349111111111" lon="130.85966611111112">
<ele>119</ele>
</trkpt>
<trkpt lat="32.94330194444444" lon="130.8598988888889">
<ele>119</ele>
</trkpt>
<trkpt lat="32.94307694444444" lon="130.86008694444445">
<ele>119</ele>
</trkpt>
<trkpt lat="32.94287694444444" lon="130.86021194444444">
<ele>121</ele>
</trkpt>
<trkpt lat="32.942368888888886" lon="130.8604738888889">
<ele>123</ele>
</trkpt>
<trkpt lat="32.94222694444444" lon="130.86068694444444">
<ele>122</ele>
</trkpt>
<trkpt lat="32.94211111111111" lon="130.86096194444445">
<ele>122</ele>
</trkpt>
<trkpt lat="32.94199388888889" lon="130.86136194444444">
<ele>122</ele>
</trkpt>
<trkpt lat="32.941943888888886" lon="130.8615988888889">
<ele>123</ele>
</trkpt>
<trkpt lat="32.941786111111114" lon="130.8620738888889">
<ele>123</ele>
</trkpt>
<trkpt lat="32.94171111111111" lon="130.8623738888889">
<ele>124</ele>
</trkpt>
<trkpt lat="32.941651944444445" lon="130.8628361111111">
<ele>126</ele>
</trkpt>
<trkpt lat="32.94166888888889" lon="130.8638238888889">
<ele>130</ele>
</trkpt>
<trkpt lat="32.94166888888889" lon="130.8638861111111">
<ele>130</ele>
</trkpt>
<trkpt lat="32.941651944444445" lon="130.8641738888889">
<ele>133</ele>
</trkpt>
<trkpt lat="32.941626944444444" lon="130.86436111111112">
<ele>134</ele>
</trkpt>
<trkpt lat="32.94156111111111" lon="130.86457388888888">
<ele>135</ele>
</trkpt>
<trkpt lat="32.94155194444444" lon="130.8646861111111">
<ele>134</ele>
</trkpt>
<trkpt lat="32.94153611111111" lon="130.8648611111111">
<ele>135</ele>
</trkpt>
<trkpt lat="32.941518888888886" lon="130.8660988888889">
<ele>137</ele>
</trkpt>
<trkpt lat="32.94150305555556" lon="130.8676738888889">
<ele>141</ele>
</trkpt>
<trkpt lat="32.94150305555556" lon="130.86821111111112">
<ele>142</ele>
</trkpt>
<trkpt lat="32.941451944444445" lon="130.8685111111111">
<ele>142</ele>
</trkpt>
<trkpt lat="32.94141111111111" lon="130.86867388888888">
<ele>141</ele>
</trkpt>
<trkpt lat="32.94137805555555" lon="130.86878611111112">
<ele>142</ele>
</trkpt>
<trkpt lat="32.94107694444445" lon="130.8695488888889">
<ele>142</ele>
</trkpt>
<trkpt lat="32.94099388888889" lon="130.8698738888889">
<ele>142</ele>
</trkpt>
<trkpt lat="32.94096888888889" lon="130.8700988888889">
<ele>142</ele>
</trkpt>
<trkpt lat="32.940978055555554" lon="130.87016111111112">
<ele>142</ele>
</trkpt>
<trkpt lat="32.94092805555555" lon="130.87024888888888">
<ele>142</ele>
</trkpt>
<trkpt lat="32.94058611111111" lon="130.87084805555557">
<ele>144</ele>
</trkpt>
<trkpt lat="32.94045194444445" lon="130.87116111111112">
<ele>146</ele>
</trkpt>
<trkpt lat="32.94036888888889" lon="130.87127305555555">
<ele>148</ele>
</trkpt>
<trkpt lat="32.94011888888889" lon="130.8714361111111">
<ele>150</ele>
</trkpt>
<trkpt lat="32.93981888888889" lon="130.87167305555556">
<ele>152</ele>
</trkpt>
<trkpt lat="32.93951888888889" lon="130.8719861111111">
<ele>153</ele>
</trkpt>
<trkpt lat="32.939078055555555" lon="130.87264805555554">
<ele>157</ele>
</trkpt>
<trkpt lat="32.93878611111111" lon="130.87304805555556">
<ele>159</ele>
</trkpt>
<trkpt lat="32.93848611111111" lon="130.87343611111112">
<ele>161</ele>
</trkpt>
<trkpt lat="32.938253055555556" lon="130.87377305555555">
<ele>161</ele>
</trkpt>
<trkpt lat="32.93810305555556" lon="130.87404388888888">
<ele>163</ele>
</trkpt>
<trkpt lat="32.93810305555556" lon="130.87404305555555">
<ele>163</ele>
</trkpt>
<trkpt lat="32.93763611111111" lon="130.87488611111112">
<ele>166</ele>
</trkpt>
<trkpt lat="32.937511111111114" lon="130.87513611111112">
<ele>171</ele>
</trkpt>
<trkpt lat="32.93747805555556" lon="130.87524805555555">
<ele>171</ele>
</trkpt>
<trkpt lat="32.93746111111111" lon="130.87542305555556">
<ele>172</ele>
</trkpt>
<trkpt lat="32.937395" lon="130.87607305555557">
<ele>173</ele>
</trkpt>
<trkpt lat="32.93722805555556" lon="130.8775861111111">
<ele>180</ele>
</trkpt>
<trkpt lat="32.93721111111111" lon="130.87774805555554">
<ele>182</ele>
</trkpt>
<trkpt lat="32.93716111111111" lon="130.87782305555555">
<ele>183</ele>
</trkpt>
<trkpt lat="32.93680305555556" lon="130.87817305555555">
<ele>184</ele>
</trkpt>
<trkpt lat="32.93663611111111" lon="130.8783611111111">
<ele>182</ele>
</trkpt>
<trkpt lat="32.93642805555555" lon="130.8784361111111">
<ele>181</ele>
</trkpt>
<trkpt lat="32.936095" lon="130.87847305555556">
<ele>185</ele>
</trkpt>
<trkpt lat="32.93592805555556" lon="130.87851111111112">
<ele>184</ele>
</trkpt>
<trkpt lat="32.93582" lon="130.8786111111111">
<ele>185</ele>
</trkpt>
<trkpt lat="32.93553611111111" lon="130.87909805555554">
<ele>184</ele>
</trkpt>
<trkpt lat="32.935403055555554" lon="130.8792861111111">
<ele>183</ele>
</trkpt>
<trkpt lat="32.93515305555555" lon="130.87947305555556">
<ele>186</ele>
</trkpt>
<trkpt lat="32.934295" lon="130.87988611111112">
<ele>185</ele>
</trkpt>
<trkpt lat="32.93423694444444" lon="130.8799111111111">
<ele>187</ele>
</trkpt>
<trkpt lat="32.93412" lon="130.88001111111112">
<ele>186</ele>
</trkpt>
<trkpt lat="32.93403694444444" lon="130.88014805555557">
<ele>186</ele>
</trkpt>
<trkpt lat="32.93393694444445" lon="130.8804861111111">
<ele>187</ele>
</trkpt>
<trkpt lat="32.93385305555555" lon="130.8806111111111">
<ele>186</ele>
</trkpt>
<trkpt lat="32.93377" lon="130.88068611111112">
<ele>184</ele>
</trkpt>
<trkpt lat="32.93364388888889" lon="130.88073">
<ele>182</ele>
</trkpt>
<trkpt lat="32.93364388888889" lon="130.88073">
<ele>182</ele>
</trkpt>
<trkpt lat="32.93362805555556" lon="130.8807361111111">
<ele>182</ele>
</trkpt>
<trkpt lat="32.932761944444444" lon="130.88078611111112">
<ele>190</ele>
</trkpt>
<trkpt lat="32.932628888888885" lon="130.88072305555556">
<ele>191</ele>
</trkpt>
<trkpt lat="32.93217" lon="130.88052305555556">
<ele>194</ele>
</trkpt>
<trkpt lat="32.93187888888889" lon="130.88052305555556">
<ele>200</ele>
</trkpt>
<trkpt lat="32.931578888888886" lon="130.88062305555556">
<ele>200</ele>
</trkpt>
<trkpt lat="32.93132" lon="130.88078611111112">
<ele>202</ele>
</trkpt>
<trkpt lat="32.93097888888889" lon="130.88117305555556">
<ele>205</ele>
</trkpt>
<trkpt lat="32.93015388888889" lon="130.88204805555554">
<ele>205</ele>
</trkpt>
<trkpt lat="32.93006194444445" lon="130.88234805555555">
<ele>205</ele>
</trkpt>
<trkpt lat="32.92974611111111" lon="130.88242305555556">
<ele>204</ele>
</trkpt>
<trkpt lat="32.929161944444445" lon="130.88261111111112">
<ele>200</ele>
</trkpt>
<trkpt lat="32.929118055555556" lon="130.8826238888889">
<ele>200</ele>
</trkpt>
<trkpt lat="32.929118055555556" lon="130.8826238888889">
<ele>200</ele>
</trkpt>
<trkpt lat="32.92821305555555" lon="130.8829111111111">
<ele>197</ele>
</trkpt>
<trkpt lat="32.92812888888889" lon="130.88289805555556">
<ele>197</ele>
</trkpt>
<trkpt lat="32.928063055555555" lon="130.88283611111112">
<ele>198</ele>
</trkpt>
<trkpt lat="32.928038055555554" lon="130.8827611111111">
<ele>199</ele>
</trkpt>
<trkpt lat="32.928038055555554" lon="130.8826611111111">
<ele>200</ele>
</trkpt>
<trkpt lat="32.928153888888886" lon="130.8823111111111">
<ele>203</ele>
</trkpt>
<trkpt lat="32.92820388888889" lon="130.88209805555556">
<ele>204</ele>
</trkpt>
<trkpt lat="32.92821194444444" lon="130.88194805555557">
<ele>205</ele>
</trkpt>
<trkpt lat="32.92820388888889" lon="130.88182305555554">
<ele>205</ele>
</trkpt>
<trkpt lat="32.92816388888889" lon="130.881625">
<ele>205</ele>
</trkpt>
<trkpt lat="32.92816388888889" lon="130.881625">
<ele>205</ele>
</trkpt>
<trkpt lat="32.928153888888886" lon="130.88157305555555">
<ele>205</ele>
</trkpt>
<trkpt lat="32.92800388888889" lon="130.8810611111111">
<ele>205</ele>
</trkpt>
<trkpt lat="32.92789611111111" lon="130.88091111111112">
<ele>207</ele>
</trkpt>
<trkpt lat="32.927728888888886" lon="130.88081111111111">
<ele>210</ele>
</trkpt>
<trkpt lat="32.92731194444445" lon="130.88069805555557">
<ele>209</ele>
</trkpt>
<trkpt lat="32.92705388888889" lon="130.8806111111111">
<ele>208</ele>
</trkpt>
<trkpt lat="32.926721111111114" lon="130.88047305555557">
<ele>207</ele>
</trkpt>
<trkpt lat="32.92654611111111" lon="130.8803861111111">
<ele>209</ele>
</trkpt>
<trkpt lat="32.92643694444445" lon="130.8803111111111">
<ele>209</ele>
</trkpt>
<trkpt lat="32.92637888888889" lon="130.88023611111112">
<ele>209</ele>
</trkpt>
<trkpt lat="32.92634611111111" lon="130.88019805555555">
<ele>209</ele>
</trkpt>
<trkpt lat="32.92577111111111" lon="130.88004805555556">
<ele>212</ele>
</trkpt>
<trkpt lat="32.92582" lon="130.87977">
<ele>211</ele>
</trkpt>
<trkpt lat="32.92582" lon="130.87977">
<ele>211</ele>
</trkpt>
<trkpt lat="32.92617111111111" lon="130.87779805555556">
<ele>209</ele>
</trkpt>
<trkpt lat="32.92594305555556" lon="130.8777438888889">
<ele>209</ele>
</trkpt>
<trkpt lat="32.92594305555556" lon="130.8777438888889">
<ele>209</ele>
</trkpt>
<trkpt lat="32.924213055555555" lon="130.8773361111111">
<ele>209</ele>
</trkpt>
<trkpt lat="32.92282888888889" lon="130.8769738888889">
<ele>203</ele>
</trkpt>
<trkpt lat="32.92106305555556" lon="130.8765488888889">
<ele>192</ele>
</trkpt>
<trkpt lat="32.92059611111111" lon="130.8763111111111">
<ele>188</ele>
</trkpt>
<trkpt lat="32.92051305555555" lon="130.8762861111111">
<ele>186</ele>
</trkpt>
<trkpt lat="32.92034611111111" lon="130.8763111111111">
<ele>185</ele>
</trkpt>
<trkpt lat="32.92008" lon="130.8763988888889">
<ele>182</ele>
</trkpt>
<trkpt lat="32.92004611111111" lon="130.8764361111111">
<ele>182</ele>
</trkpt>
<trkpt lat="32.92003805555556" lon="130.8765238888889">
<ele>181</ele>
</trkpt>
<trkpt lat="32.92017111111111" lon="130.8768861111111">
<ele>181</ele>
</trkpt>
<trkpt lat="32.92017111111111" lon="130.87692388888888">
<ele>180</ele>
</trkpt>
<trkpt lat="32.92012111111111" lon="130.8770111111111">
<ele>179</ele>
</trkpt>
<trkpt lat="32.92003" lon="130.8770861111111">
<ele>178</ele>
</trkpt>
<trkpt lat="32.91986305555555" lon="130.8770988888889">
<ele>175</ele>
</trkpt>
<trkpt lat="32.91982111111111" lon="130.8770738888889">
<ele>175</ele>
</trkpt>
<trkpt lat="32.91978" lon="130.8769988888889">
<ele>176</ele>
</trkpt>
<trkpt lat="32.91972194444445" lon="130.87682388888888">
<ele>175</ele>
</trkpt>
<trkpt lat="32.91961305555556" lon="130.8766361111111">
<ele>175</ele>
</trkpt>
<trkpt lat="32.91952194444445" lon="130.8764611111111">
<ele>174</ele>
</trkpt>
<trkpt lat="32.919488055555554" lon="130.8763111111111">
<ele>174</ele>
</trkpt>
<trkpt lat="32.91946305555555" lon="130.8760738888889">
<ele>174</ele>
</trkpt>
<trkpt lat="32.91921305555555" lon="130.8760738888889">
<ele>172</ele>
</trkpt>
<trkpt lat="32.91909694444445" lon="130.8761111111111">
<ele>173</ele>
</trkpt>
<trkpt lat="32.91901305555555" lon="130.8761738888889">
<ele>173</ele>
</trkpt>
<trkpt lat="32.91894694444444" lon="130.87626111111112">
<ele>174</ele>
</trkpt>
<trkpt lat="32.91892194444444" lon="130.87636111111112">
<ele>174</ele>
</trkpt>
<trkpt lat="32.91891305555556" lon="130.8765238888889">
<ele>175</ele>
</trkpt>
<trkpt lat="32.91887194444445" lon="130.8768988888889">
<ele>176</ele>
</trkpt>
<trkpt lat="32.91804694444444" lon="130.87952388888888">
<ele>188</ele>
</trkpt>
<trkpt lat="32.91799694444445" lon="130.8796988888889">
<ele>189</ele>
</trkpt>
<trkpt lat="32.91793805555555" lon="130.87987388888888">
<ele>190</ele>
</trkpt>
<trkpt lat="32.91791305555556" lon="130.8800611111111">
<ele>190</ele>
</trkpt>
<trkpt lat="32.917905" lon="130.88094805555556">
<ele>191</ele>
</trkpt>
<trkpt lat="32.91790888888889" lon="130.88098805555555">
<ele>191</ele>
</trkpt>
<trkpt lat="32.91790888888889" lon="130.88098805555555">
<ele>191</ele>
</trkpt>
<trkpt lat="32.91793" lon="130.88124805555555">
<ele>191</ele>
</trkpt>
<trkpt lat="32.918213888888886" lon="130.88264805555556">
<ele>194</ele>
</trkpt>
<trkpt lat="32.91829694444444" lon="130.88319805555557">
<ele>196</ele>
</trkpt>
<trkpt lat="32.918371944444445" lon="130.88386111111112">
<ele>198</ele>
</trkpt>
<trkpt lat="32.91846388888889" lon="130.8847861111111">
<ele>201</ele>
</trkpt>
<trkpt lat="32.91847194444444" lon="130.88511111111112">
<ele>202</ele>
</trkpt>
<trkpt lat="32.91846388888889" lon="130.88553611111112">
<ele>203</ele>
</trkpt>
<trkpt lat="32.91844694444445" lon="130.88602305555557">
<ele>203</ele>
</trkpt>
<trkpt lat="32.91848888888889" lon="130.88678611111112">
<ele>205</ele>
</trkpt>
<trkpt lat="32.91848888888889" lon="130.88702305555555">
<ele>205</ele>
</trkpt>
<trkpt lat="32.91846388888889" lon="130.8872111111111">
<ele>206</ele>
</trkpt>
<trkpt lat="32.91842194444445" lon="130.88739805555556">
<ele>208</ele>
</trkpt>
<trkpt lat="32.91833" lon="130.887585">
<ele>209</ele>
</trkpt>
<trkpt lat="32.91798" lon="130.88804805555554">
<ele>210</ele>
</trkpt>
<trkpt lat="32.91779694444445" lon="130.88822305555556">
<ele>210</ele>
</trkpt>
<trkpt lat="32.91771388888889" lon="130.88899805555556">
<ele>212</ele>
</trkpt>
<trkpt lat="32.917696944444444" lon="130.88964805555557">
<ele>213</ele>
</trkpt>
<trkpt lat="32.91773" lon="130.88982305555555">
<ele>214</ele>
</trkpt>
<trkpt lat="32.917788888888886" lon="130.88994805555555">
<ele>213</ele>
</trkpt>
<trkpt lat="32.917955" lon="130.89019805555554">
<ele>214</ele>
</trkpt>
<trkpt lat="32.91802194444445" lon="130.89034805555556">
<ele>214</ele>
</trkpt>
<trkpt lat="32.91803888888889" lon="130.890435">
<ele>214</ele>
</trkpt>
<trkpt lat="32.91804694444444" lon="130.89067305555557">
<ele>215</ele>
</trkpt>
<trkpt lat="32.91806388888889" lon="130.89102305555556">
<ele>215</ele>
</trkpt>
<trkpt lat="32.91811388888889" lon="130.89131">
<ele>215</ele>
</trkpt>
<trkpt lat="32.91818888888889" lon="130.89157194444445">
<ele>216</ele>
</trkpt>
<trkpt lat="32.918171944444445" lon="130.89167194444445">
<ele>216</ele>
</trkpt>
<trkpt lat="32.91811388888889" lon="130.89181">
<ele>217</ele>
</trkpt>
<trkpt lat="32.91808888888889" lon="130.89202194444445">
<ele>218</ele>
</trkpt>
<trkpt lat="32.91808888888889" lon="130.89222305555555">
<ele>219</ele>
</trkpt>
<trkpt lat="32.918121944444444" lon="130.89267305555555">
<ele>220</ele>
</trkpt>
<trkpt lat="32.91813888888889" lon="130.89287305555555">
<ele>220</ele>
</trkpt>
<trkpt lat="32.91813111111111" lon="130.893085">
<ele>220</ele>
</trkpt>
<trkpt lat="32.91805611111111" lon="130.89351">
<ele>222</ele>
</trkpt>
<trkpt lat="32.917771944444446" lon="130.89516">
<ele>228</ele>
</trkpt>
<trkpt lat="32.917721944444445" lon="130.89579694444444">
<ele>227</ele>
</trkpt>
<trkpt lat="32.91768111111111" lon="130.89614694444444">
<ele>229</ele>
</trkpt>
<trkpt lat="32.917563888888886" lon="130.896585">
<ele>231</ele>
</trkpt>
<trkpt lat="32.91753888888889" lon="130.896885">
<ele>231</ele>
</trkpt>
<trkpt lat="32.91753111111111" lon="130.89744694444445">
<ele>231</ele>
</trkpt>
<trkpt lat="32.91750611111111" lon="130.8976338888889">
<ele>231</ele>
</trkpt>
<trkpt lat="32.917431111111114" lon="130.89780888888887">
<ele>232</ele>
</trkpt>
<trkpt lat="32.917121944444446" lon="130.8984338888889">
<ele>230</ele>
</trkpt>
<trkpt lat="32.91678111111111" lon="130.89911305555555">
<ele>234</ele>
</trkpt>
<trkpt lat="32.91678111111111" lon="130.89911305555555">
<ele>234</ele>
</trkpt>
<trkpt lat="32.916223055555555" lon="130.90022194444444">
<ele>240</ele>
</trkpt>
<trkpt lat="32.91601388888889" lon="130.9007088888889">
<ele>242</ele>
</trkpt>
<trkpt lat="32.91587194444445" lon="130.9012588888889">
<ele>248</ele>
</trkpt>
<trkpt lat="32.91572305555555" lon="130.9019338888889">
<ele>250</ele>
</trkpt>
<trkpt lat="32.91535611111111" lon="130.90347194444445">
<ele>254</ele>
</trkpt>
<trkpt lat="32.915323055555554" lon="130.90362194444444">
<ele>256</ele>
</trkpt>
<trkpt lat="32.915148055555555" lon="130.90433388888889">
<ele>255</ele>
</trkpt>
<trkpt lat="32.914948055555556" lon="130.90503388888888">
<ele>262</ele>
</trkpt>
<trkpt lat="32.91475611111111" lon="130.9056838888889">
<ele>264</ele>
</trkpt>
<trkpt lat="32.91468111111111" lon="130.90593388888888">
<ele>263</ele>
</trkpt>
<trkpt lat="32.91462305555556" lon="130.90619611111111">
<ele>264</ele>
</trkpt>
<trkpt lat="32.91458111111111" lon="130.90638388888888">
<ele>264</ele>
</trkpt>
<trkpt lat="32.91443888888889" lon="130.9067838888889">
<ele>264</ele>
</trkpt>
<trkpt lat="32.91434805555556" lon="130.9069338888889">
<ele>264</ele>
</trkpt>
<trkpt lat="32.91413111111111" lon="130.9072461111111">
<ele>268</ele>
</trkpt>
<trkpt lat="32.914073055555555" lon="130.9073961111111">
<ele>270</ele>
</trkpt>
<trkpt lat="32.91404" lon="130.90753388888888">
<ele>271</ele>
</trkpt>
<trkpt lat="32.91402305555555" lon="130.90798388888888">
<ele>270</ele>
</trkpt>
<trkpt lat="32.91399805555555" lon="130.90820888888888">
<ele>271</ele>
</trkpt>
<trkpt lat="32.91394" lon="130.9085088888889">
<ele>271</ele>
</trkpt>
<trkpt lat="32.91384" lon="130.90879611111112">
<ele>271</ele>
</trkpt>
<trkpt lat="32.91340611111111" lon="130.90989611111112">
<ele>273</ele>
</trkpt>
<trkpt lat="32.913215" lon="130.91037111111112">
<ele>279</ele>
</trkpt>
<trkpt lat="32.91314805555555" lon="130.9106088888889">
<ele>282</ele>
</trkpt>
<trkpt lat="32.91310611111111" lon="130.91090888888888">
<ele>284</ele>
</trkpt>
<trkpt lat="32.91303111111111" lon="130.91125888888888">
<ele>282</ele>
</trkpt>
<trkpt lat="32.912906944444444" lon="130.91173305555554">
<ele>281</ele>
</trkpt>
<trkpt lat="32.91280694444445" lon="130.9120961111111">
<ele>282</ele>
</trkpt>
<trkpt lat="32.912748055555554" lon="130.91242111111112">
<ele>283</ele>
</trkpt>
<trkpt lat="32.912715" lon="130.9127961111111">
<ele>281</ele>
</trkpt>
<trkpt lat="32.91259" lon="130.9137961111111">
<ele>282</ele>
</trkpt>
<trkpt lat="32.91249" lon="130.91438305555556">
<ele>282</ele>
</trkpt>
<trkpt lat="32.91238194444445" lon="130.91493305555557">
<ele>282</ele>
</trkpt>
<trkpt lat="32.91227305555555" lon="130.91540805555556">
<ele>283</ele>
</trkpt>
<trkpt lat="32.912148055555555" lon="130.91589611111112">
<ele>284</ele>
</trkpt>
<trkpt lat="32.91206888888889" lon="130.9163538888889">
<ele>285</ele>
</trkpt>
<trkpt lat="32.91206888888889" lon="130.9163538888889">
<ele>285</ele>
</trkpt>
<trkpt lat="32.91203194444444" lon="130.91657111111112">
<ele>286</ele>
</trkpt>
<trkpt lat="32.91200694444444" lon="130.91688305555556">
<ele>287</ele>
</trkpt>
<trkpt lat="32.912065" lon="130.91714611111112">
<ele>289</ele>
</trkpt>
<trkpt lat="32.91213194444445" lon="130.91740805555557">
<ele>290</ele>
</trkpt>
<trkpt lat="32.91222305555556" lon="130.9176461111111">
<ele>290</ele>
</trkpt>
<trkpt lat="32.91234" lon="130.91773305555554">
<ele>291</ele>
</trkpt>
<trkpt lat="32.91269805555556" lon="130.91792">
<ele>293</ele>
</trkpt>
<trkpt lat="32.91288194444444" lon="130.918045">
<ele>294</ele>
</trkpt>
<trkpt lat="32.91304805555556" lon="130.918195">
<ele>296</ele>
</trkpt>
<trkpt lat="32.91314" lon="130.91833305555556">
<ele>297</ele>
</trkpt>
<trkpt lat="32.91323194444445" lon="130.91850805555555">
<ele>297</ele>
</trkpt>
<trkpt lat="32.913265" lon="130.918645">
<ele>297</ele>
</trkpt>
<trkpt lat="32.91325694444444" lon="130.91880805555556">
<ele>296</ele>
</trkpt>
<trkpt lat="32.91323194444445" lon="130.918945">
<ele>296</ele>
</trkpt>
<trkpt lat="32.913181944444446" lon="130.91915805555556">
<ele>298</ele>
</trkpt>
<trkpt lat="32.91320694444445" lon="130.919395">
<ele>300</ele>
</trkpt>
<trkpt lat="32.91330694444444" lon="130.91963305555555">
<ele>301</ele>
</trkpt>
<trkpt lat="32.913473055555556" lon="130.91988305555554">
<ele>301</ele>
</trkpt>
<trkpt lat="32.91389" lon="130.92037">
<ele>303</ele>
</trkpt>
<trkpt lat="32.91394" lon="130.92047">
<ele>304</ele>
</trkpt>
<trkpt lat="32.913981944444444" lon="130.920645">
<ele>305</ele>
</trkpt>
<trkpt lat="32.914115" lon="130.92167">
<ele>317</ele>
</trkpt>
<trkpt lat="32.91419805555556" lon="130.92203305555554">
<ele>317</ele>
</trkpt>
<trkpt lat="32.91430694444445" lon="130.92225805555555">
<ele>317</ele>
</trkpt>
<trkpt lat="32.914473055555554" lon="130.92248305555555">
<ele>318</ele>
</trkpt>
<trkpt lat="32.914656944444445" lon="130.92273194444445">
<ele>318</ele>
</trkpt>
<trkpt lat="32.914723055555555" lon="130.92285694444445">
<ele>319</ele>
</trkpt>
<trkpt lat="32.91480694444444" lon="130.92308194444445">
<ele>319</ele>
</trkpt>
<trkpt lat="32.914906944444446" lon="130.923445">
<ele>322</ele>
</trkpt>
<trkpt lat="32.914923055555555" lon="130.92357">
<ele>323</ele>
</trkpt>
<trkpt lat="32.91478194444444" lon="130.92365694444445">
<ele>322</ele>
</trkpt>
<trkpt lat="32.914431944444445" lon="130.92395694444446">
<ele>326</ele>
</trkpt>
<trkpt lat="32.914181944444444" lon="130.92422">
<ele>327</ele>
</trkpt>
<trkpt lat="32.91399805555555" lon="130.92443194444445">
<ele>327</ele>
</trkpt>
<trkpt lat="32.91379" lon="130.92480694444444">
<ele>328</ele>
</trkpt>
<trkpt lat="32.91370694444444" lon="130.92522">
<ele>328</ele>
</trkpt>
<trkpt lat="32.91374805555556" lon="130.92540694444443">
<ele>329</ele>
</trkpt>
<trkpt lat="32.913806944444445" lon="130.925695">
<ele>334</ele>
</trkpt>
<trkpt lat="32.91379805555555" lon="130.92590694444445">
<ele>336</ele>
</trkpt>
<trkpt lat="32.913781944444445" lon="130.92613194444445">
<ele>336</ele>
</trkpt>
<trkpt lat="32.913806944444445" lon="130.92630694444443">
<ele>336</ele>
</trkpt>
<trkpt lat="32.91393194444444" lon="130.926495">
<ele>336</ele>
</trkpt>
<trkpt lat="32.91413194444444" lon="130.92667">
<ele>337</ele>
</trkpt>
<trkpt lat="32.91455694444444" lon="130.9270938888889">
<ele>339</ele>
</trkpt>
<trkpt lat="32.91473194444445" lon="130.92730694444444">
<ele>339</ele>
</trkpt>
<trkpt lat="32.91480694444444" lon="130.92746888888888">
<ele>344</ele>
</trkpt>
<trkpt lat="32.914815" lon="130.9277438888889">
<ele>343</ele>
</trkpt>
<trkpt lat="32.91474" lon="130.92803194444446">
<ele>347</ele>
</trkpt>
<trkpt lat="32.91469" lon="130.9281188888889">
<ele>347</ele>
</trkpt>
<trkpt lat="32.91462305555556" lon="130.92816888888888">
<ele>348</ele>
</trkpt>
<trkpt lat="32.91454" lon="130.92818194444445">
<ele>349</ele>
</trkpt>
<trkpt lat="32.914365" lon="130.92808194444444">
<ele>352</ele>
</trkpt>
<trkpt lat="32.914115" lon="130.92791888888888">
<ele>356</ele>
</trkpt>
<trkpt lat="32.914031944444446" lon="130.92790694444443">
<ele>357</ele>
</trkpt>
<trkpt lat="32.91394805555556" lon="130.9278938888889">
<ele>355</ele>
</trkpt>
<trkpt lat="32.913898055555556" lon="130.92793194444445">
<ele>355</ele>
</trkpt>
<trkpt lat="32.91384" lon="130.92803194444446">
<ele>354</ele>
</trkpt>
<trkpt lat="32.913806944444445" lon="130.9281938888889">
<ele>354</ele>
</trkpt>
<trkpt lat="32.91379" lon="130.9284188888889">
<ele>356</ele>
</trkpt>
<trkpt lat="32.913765" lon="130.92861888888888">
<ele>354</ele>
</trkpt>
<trkpt lat="32.91370694444444" lon="130.92878194444444">
<ele>362</ele>
</trkpt>
<trkpt lat="32.91357388888889" lon="130.92903194444443">
<ele>364</ele>
</trkpt>
<trkpt lat="32.913565" lon="130.9291188888889">
<ele>364</ele>
</trkpt>
<trkpt lat="32.91363194444445" lon="130.9293438888889">
<ele>362</ele>
</trkpt>
<trkpt lat="32.91377388888889" lon="130.92965694444445">
<ele>362</ele>
</trkpt>
<trkpt lat="32.91379" lon="130.92984388888888">
<ele>363</ele>
</trkpt>
<trkpt lat="32.913756944444444" lon="130.9300438888889">
<ele>365</ele>
</trkpt>
<trkpt lat="32.91369" lon="130.9302188888889">
<ele>367</ele>
</trkpt>
<trkpt lat="32.913606944444446" lon="130.93041888888888">
<ele>367</ele>
</trkpt>
<trkpt lat="32.91349" lon="130.93065694444445">
<ele>369</ele>
</trkpt>
<trkpt lat="32.913415" lon="130.93076888888888">
<ele>372</ele>
</trkpt>
<trkpt lat="32.913156944444445" lon="130.93083194444444">
<ele>373</ele>
</trkpt>
<trkpt lat="32.91300694444445" lon="130.93089388888887">
<ele>374</ele>
</trkpt>
<trkpt lat="32.91284" lon="130.9310438888889">
<ele>375</ele>
</trkpt>
<trkpt lat="32.912773888888886" lon="130.93113194444445">
<ele>376</ele>
</trkpt>
<trkpt lat="32.91244888888889" lon="130.9316938888889">
<ele>378</ele>
</trkpt>
<trkpt lat="32.91232388888889" lon="130.93195694444444">
<ele>376</ele>
</trkpt>
<trkpt lat="32.912265" lon="130.93213194444445">
<ele>378</ele>
</trkpt>
<trkpt lat="32.91224" lon="130.93228194444444">
<ele>378</ele>
</trkpt>
<trkpt lat="32.91223194444444" lon="130.93244388888888">
<ele>379</ele>
</trkpt>
<trkpt lat="32.91222388888889" lon="130.9326438888889">
<ele>382</ele>
</trkpt>
<trkpt lat="32.91219888888889" lon="130.9327438888889">
<ele>382</ele>
</trkpt>
<trkpt lat="32.912123888888885" lon="130.9329938888889">
<ele>382</ele>
</trkpt>
<trkpt lat="32.91209111111111" lon="130.93315694444445">
<ele>380</ele>
</trkpt>
<trkpt lat="32.91214111111111" lon="130.93336888888888">
<ele>382</ele>
</trkpt>
<trkpt lat="32.91223194444444" lon="130.9336561111111">
<ele>384</ele>
</trkpt>
<trkpt lat="32.91244888888889" lon="130.93428111111112">
<ele>387</ele>
</trkpt>
<trkpt lat="32.91264" lon="130.9346938888889">
<ele>392</ele>
</trkpt>
<trkpt lat="32.91274" lon="130.93494388888888">
<ele>393</ele>
</trkpt>
<trkpt lat="32.912756944444446" lon="130.93504388888888">
<ele>392</ele>
</trkpt>
<trkpt lat="32.912756944444446" lon="130.93526888888888">
<ele>392</ele>
</trkpt>
<trkpt lat="32.912731944444445" lon="130.9354438888889">
<ele>393</ele>
</trkpt>
<trkpt lat="32.912665" lon="130.9357061111111">
<ele>390</ele>
</trkpt>
<trkpt lat="32.912665" lon="130.9358061111111">
<ele>389</ele>
</trkpt>
<trkpt lat="32.91269" lon="130.93586888888888">
<ele>394</ele>
</trkpt>
<trkpt lat="32.912765" lon="130.93595611111112">
<ele>395</ele>
</trkpt>
<trkpt lat="32.91287388888889" lon="130.9360188888889">
<ele>399</ele>
</trkpt>
<trkpt lat="32.91309888888889" lon="130.93610611111112">
<ele>403</ele>
</trkpt>
<trkpt lat="32.91319" lon="130.9361688888889">
<ele>403</ele>
</trkpt>
<trkpt lat="32.91324888888889" lon="130.9362561111111">
<ele>404</ele>
</trkpt>
<trkpt lat="32.91327388888889" lon="130.9363688888889">
<ele>403</ele>
</trkpt>
<trkpt lat="32.91323194444445" lon="130.9364938888889">
<ele>403</ele>
</trkpt>
<trkpt lat="32.91309" lon="130.93664388888888">
<ele>402</ele>
</trkpt>
<trkpt lat="32.913065" lon="130.9367311111111">
<ele>403</ele>
</trkpt>
<trkpt lat="32.91298111111111" lon="130.93668194444444">
<ele>401</ele>
</trkpt>
<trkpt lat="32.91298111111111" lon="130.93668194444444">
<ele>401</ele>
</trkpt>
<trkpt lat="32.913065" lon="130.9367311111111">
<ele>403</ele>
</trkpt>
<trkpt lat="32.91307388888889" lon="130.9368311111111">
<ele>404</ele>
</trkpt>
<trkpt lat="32.91309888888889" lon="130.93688111111112">
<ele>404</ele>
</trkpt>
<trkpt lat="32.91332388888889" lon="130.93754388888888">
<ele>410</ele>
</trkpt>
<trkpt lat="32.91359" lon="130.9381438888889">
<ele>411</ele>
</trkpt>
<trkpt lat="32.913665" lon="130.9382061111111">
<ele>411</ele>
</trkpt>
<trkpt lat="32.91384" lon="130.9384188888889">
<ele>412</ele>
</trkpt>
<trkpt lat="32.91402388888889" lon="130.9387688888889">
<ele>415</ele>
</trkpt>
<trkpt lat="32.914273888888886" lon="130.93909305555556">
<ele>421</ele>
</trkpt>
<trkpt lat="32.91435694444444" lon="130.93921805555556">
<ele>423</ele>
</trkpt>
<trkpt lat="32.91439" lon="130.93934305555555">
<ele>420</ele>
</trkpt>
<trkpt lat="32.914415" lon="130.93950611111111">
<ele>420</ele>
</trkpt>
<trkpt lat="32.914415" lon="130.93983111111112">
<ele>420</ele>
</trkpt>
<trkpt lat="32.91444" lon="130.9399811111111">
<ele>419</ele>
</trkpt>
<trkpt lat="32.91455694444444" lon="130.94028111111112">
<ele>424</ele>
</trkpt>
<trkpt lat="32.91459" lon="130.94050611111112">
<ele>424</ele>
</trkpt>
<trkpt lat="32.91455694444444" lon="130.94069305555556">
<ele>425</ele>
</trkpt>
<trkpt lat="32.91442388888889" lon="130.94118111111112">
<ele>425</ele>
</trkpt>
<trkpt lat="32.914365" lon="130.94129305555555">
<ele>427</ele>
</trkpt>
<trkpt lat="32.91429888888889" lon="130.94131805555554">
<ele>427</ele>
</trkpt>
<trkpt lat="32.914215" lon="130.94130611111112">
<ele>432</ele>
</trkpt>
<trkpt lat="32.91414888888889" lon="130.94121805555557">
<ele>432</ele>
</trkpt>
<trkpt lat="32.914073888888886" lon="130.94069305555556">
<ele>437</ele>
</trkpt>
<trkpt lat="32.914048888888885" lon="130.94059305555555">
<ele>436</ele>
</trkpt>
<trkpt lat="32.913981944444444" lon="130.94050611111112">
<ele>439</ele>
</trkpt>
<trkpt lat="32.91354" lon="130.94011805555556">
<ele>453</ele>
</trkpt>
<trkpt lat="32.913223888888886" lon="130.9398811111111">
<ele>441</ele>
</trkpt>
<trkpt lat="32.91309" lon="130.9397561111111">
<ele>443</ele>
</trkpt>
<trkpt lat="32.91294" lon="130.93961805555554">
<ele>444</ele>
</trkpt>
<trkpt lat="32.91276611111111" lon="130.93954305555556">
<ele>444</ele>
</trkpt>
<trkpt lat="32.91234111111111" lon="130.9395561111111">
<ele>452</ele>
</trkpt>
<trkpt lat="32.912306944444445" lon="130.93961805555554">
<ele>454</ele>
</trkpt>
<trkpt lat="32.912306944444445" lon="130.93970611111112">
<ele>454</ele>
</trkpt>
<trkpt lat="32.91242388888889" lon="130.94021805555556">
<ele>453</ele>
</trkpt>
<trkpt lat="32.91252388888889" lon="130.9404561111111">
<ele>452</ele>
</trkpt>
<trkpt lat="32.91262388888889" lon="130.94056805555556">
<ele>454</ele>
</trkpt>
<trkpt lat="32.913198888888886" lon="130.94108111111112">
<ele>465</ele>
</trkpt>
<trkpt lat="32.913331944444444" lon="130.94139305555555">
<ele>466</ele>
</trkpt>
<trkpt lat="32.91349" lon="130.94186805555555">
<ele>474</ele>
</trkpt>
<trkpt lat="32.91369888888889" lon="130.94266805555554">
<ele>479</ele>
</trkpt>
<trkpt lat="32.913865" lon="130.94321805555555">
<ele>486</ele>
</trkpt>
<trkpt lat="32.91390694444444" lon="130.94343111111112">
<ele>485</ele>
</trkpt>
<trkpt lat="32.91389888888889" lon="130.94391805555554">
<ele>495</ele>
</trkpt>
<trkpt lat="32.91388194444445" lon="130.94426805555557">
<ele>491</ele>
</trkpt>
<trkpt lat="32.913965" lon="130.94468">
<ele>494</ele>
</trkpt>
<trkpt lat="32.91409888888889" lon="130.944955">
<ele>497</ele>
</trkpt>
<trkpt lat="32.914116944444444" lon="130.9449688888889">
<ele>498</ele>
</trkpt>
<trkpt lat="32.914116944444444" lon="130.9449688888889">
<ele>498</ele>
</trkpt>
<trkpt lat="32.91429888888889" lon="130.945105">
<ele>503</ele>
</trkpt>
<trkpt lat="32.91472388888889" lon="130.94549305555554">
<ele>504</ele>
</trkpt>
<trkpt lat="32.91482388888889" lon="130.945655">
<ele>506</ele>
</trkpt>
<trkpt lat="32.91482388888889" lon="130.945855">
<ele>505</ele>
</trkpt>
<trkpt lat="32.91474888888889" lon="130.94603">
<ele>507</ele>
</trkpt>
<trkpt lat="32.91447388888889" lon="130.94638">
<ele>507</ele>
</trkpt>
<trkpt lat="32.91434" lon="130.94701805555556">
<ele>517</ele>
</trkpt>
<trkpt lat="32.91432388888889" lon="130.94749194444444">
<ele>511</ele>
</trkpt>
<trkpt lat="32.91444" lon="130.94799194444445">
<ele>517</ele>
</trkpt>
<trkpt lat="32.91454" lon="130.94834194444445">
<ele>521</ele>
</trkpt>
<trkpt lat="32.914681944444446" lon="130.94873">
<ele>527</ele>
</trkpt>
<trkpt lat="32.91519888888889" lon="130.94971694444445">
<ele>536</ele>
</trkpt>
<trkpt lat="32.91529" lon="130.94993">
<ele>540</ele>
</trkpt>
<trkpt lat="32.91529888888889" lon="130.950255">
<ele>544</ele>
</trkpt>
<trkpt lat="32.915265" lon="130.950705">
<ele>546</ele>
</trkpt>
<trkpt lat="32.91534" lon="130.950805">
<ele>552</ele>
</trkpt>
<trkpt lat="32.91545694444444" lon="130.950805">
<ele>557</ele>
</trkpt>
<trkpt lat="32.91555694444445" lon="130.95066694444444">
<ele>559</ele>
</trkpt>
<trkpt lat="32.91558194444445" lon="130.94949194444445">
<ele>556</ele>
</trkpt>
<trkpt lat="32.91560694444444" lon="130.94933">
<ele>553</ele>
</trkpt>
<trkpt lat="32.915681944444444" lon="130.949205">
<ele>552</ele>
</trkpt>
<trkpt lat="32.91580694444445" lon="130.949205">
<ele>552</ele>
</trkpt>
<trkpt lat="32.915906944444444" lon="130.94941805555555">
<ele>556</ele>
</trkpt>
<trkpt lat="32.915906944444444" lon="130.94988">
<ele>562</ele>
</trkpt>
<trkpt lat="32.91578194444445" lon="130.950755">
<ele>566</ele>
</trkpt>
<trkpt lat="32.91555694444445" lon="130.95138">
<ele>565</ele>
</trkpt>
<trkpt lat="32.91555694444445" lon="130.95169194444443">
<ele>566</ele>
</trkpt>
<trkpt lat="32.91589" lon="130.95231694444445">
<ele>577</ele>
</trkpt>
<trkpt lat="32.916198888888886" lon="130.95278">
<ele>581</ele>
</trkpt>
<trkpt lat="32.91625694444444" lon="130.95298">
<ele>584</ele>
</trkpt>
<trkpt lat="32.91650694444444" lon="130.9547538888889">
<ele>592</ele>
</trkpt>
<trkpt lat="32.916515" lon="130.95500388888888">
<ele>596</ele>
</trkpt>
<trkpt lat="32.91644888888889" lon="130.95506694444444">
<ele>596</ele>
</trkpt>
<trkpt lat="32.916365" lon="130.95506694444444">
<ele>597</ele>
</trkpt>
<trkpt lat="32.916215" lon="130.9549538888889">
<ele>607</ele>
</trkpt>
<trkpt lat="32.91594888888889" lon="130.95445388888888">
<ele>604</ele>
</trkpt>
<trkpt lat="32.91584" lon="130.95445388888888">
<ele>604</ele>
</trkpt>
<trkpt lat="32.91565694444444" lon="130.95479194444445">
<ele>608</ele>
</trkpt>
<trkpt lat="32.91555694444445" lon="130.95480388888888">
<ele>608</ele>
</trkpt>
<trkpt lat="32.91519888888889" lon="130.95464194444443">
<ele>607</ele>
</trkpt>
<trkpt lat="32.91499888888889" lon="130.95464194444443">
<ele>603</ele>
</trkpt>
<trkpt lat="32.914765" lon="130.95511694444446">
<ele>611</ele>
</trkpt>
<trkpt lat="32.914765" lon="130.9552788888889">
<ele>611</ele>
</trkpt>
<trkpt lat="32.91517388888889" lon="130.95639194444445">
<ele>615</ele>
</trkpt>
<trkpt lat="32.915256944444444" lon="130.9566288888889">
<ele>622</ele>
</trkpt>
<trkpt lat="32.91578194444445" lon="130.95725388888889">
<ele>626</ele>
</trkpt>
<trkpt lat="32.915773888888886" lon="130.95737888888888">
<ele>623</ele>
</trkpt>
<trkpt lat="32.915706944444445" lon="130.9576538888889">
<ele>626</ele>
</trkpt>
<trkpt lat="32.91569888888889" lon="130.9578788888889">
<ele>625</ele>
</trkpt>
<trkpt lat="32.91583194444444" lon="130.9581288888889">
<ele>630</ele>
</trkpt>
<trkpt lat="32.91600694444445" lon="130.9583788888889">
<ele>636</ele>
</trkpt>
<trkpt lat="32.916115" lon="130.95864194444445">
<ele>637</ele>
</trkpt>
<trkpt lat="32.916165" lon="130.95894194444443">
<ele>634</ele>
</trkpt>
<trkpt lat="32.91619" lon="130.95921611111112">
<ele>633</ele>
</trkpt>
<trkpt lat="32.91644888888889" lon="130.9595788888889">
<ele>638</ele>
</trkpt>
<trkpt lat="32.91654888888889" lon="130.95975388888888">
<ele>636</ele>
</trkpt>
<trkpt lat="32.91654" lon="130.9599661111111">
<ele>633</ele>
</trkpt>
<trkpt lat="32.91645694444444" lon="130.96010388888888">
<ele>635</ele>
</trkpt>
<trkpt lat="32.91634888888889" lon="130.9601288888889">
<ele>646</ele>
</trkpt>
<trkpt lat="32.91623194444445" lon="130.96011611111112">
<ele>645</ele>
</trkpt>
<trkpt lat="32.915956944444446" lon="130.96000388888888">
<ele>646</ele>
</trkpt>
<trkpt lat="32.91562388888889" lon="130.96000388888888">
<ele>645</ele>
</trkpt>
<trkpt lat="32.91549" lon="130.9601411111111">
<ele>643</ele>
</trkpt>
<trkpt lat="32.91544888888889" lon="130.9603161111111">
<ele>643</ele>
</trkpt>
<trkpt lat="32.915465" lon="130.96145388888888">
<ele>636</ele>
</trkpt>
<trkpt lat="32.91544" lon="130.9617661111111">
<ele>631</ele>
</trkpt>
<trkpt lat="32.915365" lon="130.96190388888888">
<ele>636</ele>
</trkpt>
<trkpt lat="32.91523194444444" lon="130.96190388888888">
<ele>637</ele>
</trkpt>
<trkpt lat="32.915065" lon="130.9618538888889">
<ele>643</ele>
</trkpt>
<trkpt lat="32.91475694444444" lon="130.96146611111112">
<ele>643</ele>
</trkpt>
<trkpt lat="32.914566111111114" lon="130.96145388888888">
<ele>643</ele>
</trkpt>
<trkpt lat="32.91446611111111" lon="130.9615038888889">
<ele>642</ele>
</trkpt>
<trkpt lat="32.91439111111111" lon="130.9616538888889">
<ele>641</ele>
</trkpt>
<trkpt lat="32.91439888888889" lon="130.9623038888889">
<ele>644</ele>
</trkpt>
<trkpt lat="32.91434111111111" lon="130.9624411111111">
<ele>645</ele>
</trkpt>
<trkpt lat="32.91419111111111" lon="130.9625161111111">
<ele>648</ele>
</trkpt>
<trkpt lat="32.914073888888886" lon="130.9624661111111">
<ele>650</ele>
</trkpt>
<trkpt lat="32.91376611111111" lon="130.9621911111111">
<ele>649</ele>
</trkpt>
<trkpt lat="32.91366611111111" lon="130.96214111111112">
<ele>649</ele>
</trkpt>
<trkpt lat="32.91356611111111" lon="130.96214111111112">
<ele>649</ele>
</trkpt>
<trkpt lat="32.91347388888889" lon="130.9621788888889">
<ele>649</ele>
</trkpt>
<trkpt lat="32.91339888888889" lon="130.96225388888888">
<ele>647</ele>
</trkpt>
<trkpt lat="32.91334111111111" lon="130.9624161111111">
<ele>647</ele>
</trkpt>
<trkpt lat="32.91331611111111" lon="130.9625411111111">
<ele>644</ele>
</trkpt>
<trkpt lat="32.91334111111111" lon="130.96326611111112">
<ele>639</ele>
</trkpt>
<trkpt lat="32.91329888888889" lon="130.9637538888889">
<ele>636</ele>
</trkpt>
<trkpt lat="32.91379111111111" lon="130.9638911111111">
<ele>639</ele>
</trkpt>
<trkpt lat="32.91410694444444" lon="130.9641288888889">
<ele>640</ele>
</trkpt>
<trkpt lat="32.91433194444444" lon="130.9643288888889">
<ele>645</ele>
</trkpt>
<trkpt lat="32.914856944444445" lon="130.96489111111111">
<ele>651</ele>
</trkpt>
<trkpt lat="32.91494888888889" lon="130.9649288888889">
<ele>653</ele>
</trkpt>
<trkpt lat="32.91502388888889" lon="130.96489111111111">
<ele>656</ele>
</trkpt>
<trkpt lat="32.91506611111111" lon="130.9648161111111">
<ele>655</ele>
</trkpt>
<trkpt lat="32.91509111111111" lon="130.96474111111112">
<ele>655</ele>
</trkpt>
<trkpt lat="32.91506611111111" lon="130.9646161111111">
<ele>656</ele>
</trkpt>
<trkpt lat="32.91461611111111" lon="130.9641161111111">
<ele>654</ele>
</trkpt>
<trkpt lat="32.91444111111111" lon="130.9639038888889">
<ele>653</ele>
</trkpt>
<trkpt lat="32.914431944444445" lon="130.9637911111111">
<ele>654</ele>
</trkpt>
<trkpt lat="32.91444888888889" lon="130.9636911111111">
<ele>659</ele>
</trkpt>
<trkpt lat="32.91461611111111" lon="130.9635911111111">
<ele>663</ele>
</trkpt>
<trkpt lat="32.914681944444446" lon="130.9635911111111">
<ele>665</ele>
</trkpt>
<trkpt lat="32.91474888888889" lon="130.96364111111112">
<ele>665</ele>
</trkpt>
<trkpt lat="32.91529888888889" lon="130.9642411111111">
<ele>674</ele>
</trkpt>
<trkpt lat="32.91547388888889" lon="130.9643788888889">
<ele>676</ele>
</trkpt>
<trkpt lat="32.915715" lon="130.9645538888889">
<ele>678</ele>
</trkpt>
<trkpt lat="32.91592388888889" lon="130.9648288888889">
<ele>684</ele>
</trkpt>
<trkpt lat="32.91609" lon="130.96496611111112">
<ele>683</ele>
</trkpt>
<trkpt lat="32.91628194444444" lon="130.96507888888888">
<ele>688</ele>
</trkpt>
<trkpt lat="32.916865" lon="130.9653661111111">
<ele>685</ele>
</trkpt>
<trkpt lat="32.91705694444445" lon="130.9655161111111">
<ele>683</ele>
</trkpt>
<trkpt lat="32.91714" lon="130.9656161111111">
<ele>683</ele>
</trkpt>
<trkpt lat="32.91744" lon="130.96620305555555">
<ele>685</ele>
</trkpt>
<trkpt lat="32.917473888888885" lon="130.9662661111111">
<ele>684</ele>
</trkpt>
<trkpt lat="32.91777388888889" lon="130.9667411111111">
<ele>685</ele>
</trkpt>
<trkpt lat="32.91807388888889" lon="130.96712805555555">
<ele>686</ele>
</trkpt>
<trkpt lat="32.91835694444445" lon="130.96736611111112">
<ele>685</ele>
</trkpt>
<trkpt lat="32.91864805555556" lon="130.96755305555556">
<ele>689</ele>
</trkpt>
<trkpt lat="32.91885694444444" lon="130.9676661111111">
<ele>692</ele>
</trkpt>
<trkpt lat="32.91937305555555" lon="130.96787805555556">
<ele>693</ele>
</trkpt>
<trkpt lat="32.919981944444444" lon="130.96804111111112">
<ele>696</ele>
</trkpt>
<trkpt lat="32.920031944444446" lon="130.96807805555557">
<ele>695</ele>
</trkpt>
<trkpt lat="32.92037305555556" lon="130.9681161111111">
<ele>698</ele>
</trkpt>
<trkpt lat="32.920456944444446" lon="130.96810305555556">
<ele>701</ele>
</trkpt>
<trkpt lat="32.92054805555556" lon="130.96805305555554">
<ele>701</ele>
</trkpt>
<trkpt lat="32.92059" lon="130.96797805555556">
<ele>705</ele>
</trkpt>
<trkpt lat="32.92059805555556" lon="130.96792805555555">
<ele>705</ele>
</trkpt>
<trkpt lat="32.92059" lon="130.96780305555555">
<ele>705</ele>
</trkpt>
<trkpt lat="32.92055694444444" lon="130.96771611111112">
<ele>705</ele>
</trkpt>
<trkpt lat="32.920498055555555" lon="130.96759111111112">
<ele>706</ele>
</trkpt>
<trkpt lat="32.92044805555555" lon="130.96747805555555">
<ele>707</ele>
</trkpt>
<trkpt lat="32.92044" lon="130.96736611111112">
<ele>709</ele>
</trkpt>
<trkpt lat="32.92044805555555" lon="130.96724111111112">
<ele>712</ele>
</trkpt>
<trkpt lat="32.92054" lon="130.96697805555556">
<ele>714</ele>
</trkpt>
<trkpt lat="32.92055694444444" lon="130.9667661111111">
<ele>717</ele>
</trkpt>
<trkpt lat="32.92053194444444" lon="130.9667161111111">
<ele>716</ele>
</trkpt>
<trkpt lat="32.92049" lon="130.96667805555555">
<ele>716</ele>
</trkpt>
<trkpt lat="32.92039805555556" lon="130.96665305555555">
<ele>721</ele>
</trkpt>
<trkpt lat="32.92008194444445" lon="130.96665305555555">
<ele>726</ele>
</trkpt>
<trkpt lat="32.920031944444446" lon="130.9666411111111">
<ele>726</ele>
</trkpt>
<trkpt lat="32.91984" lon="130.96659111111111">
<ele>722</ele>
</trkpt>
<trkpt lat="32.91972305555556" lon="130.96647805555557">
<ele>723</ele>
</trkpt>
<trkpt lat="32.91970694444444" lon="130.9664161111111">
<ele>724</ele>
</trkpt>
<trkpt lat="32.91969" lon="130.96621611111112">
<ele>725</ele>
</trkpt>
<trkpt lat="32.91992305555556" lon="130.96562805555556">
<ele>726</ele>
</trkpt>
<trkpt lat="32.91997305555556" lon="130.96556611111112">
<ele>726</ele>
</trkpt>
<trkpt lat="32.920031944444446" lon="130.96552805555555">
<ele>729</ele>
</trkpt>
<trkpt lat="32.920065" lon="130.96552805555555">
<ele>729</ele>
</trkpt>
<trkpt lat="32.92012305555556" lon="130.96554111111112">
<ele>732</ele>
</trkpt>
<trkpt lat="32.920215" lon="130.96562805555556">
<ele>733</ele>
</trkpt>
<trkpt lat="32.92028194444445" lon="130.96577805555555">
<ele>736</ele>
</trkpt>
<trkpt lat="32.920365" lon="130.96595305555556">
<ele>737</ele>
</trkpt>
<trkpt lat="32.920406944444444" lon="130.96597805555555">
<ele>737</ele>
</trkpt>
<trkpt lat="32.92044" lon="130.96597805555555">
<ele>737</ele>
</trkpt>
<trkpt lat="32.920473055555554" lon="130.96597805555555">
<ele>738</ele>
</trkpt>
<trkpt lat="32.92054" lon="130.96592805555557">
<ele>738</ele>
</trkpt>
<trkpt lat="32.920615" lon="130.96582805555556">
<ele>741</ele>
</trkpt>
<trkpt lat="32.920673055555554" lon="130.9657411111111">
<ele>743</ele>
</trkpt>
<trkpt lat="32.92073111111111" lon="130.96570305555557">
<ele>743</ele>
</trkpt>
<trkpt lat="32.92077305555556" lon="130.9656911111111">
<ele>743</ele>
</trkpt>
<trkpt lat="32.92083111111111" lon="130.9656911111111">
<ele>745</ele>
</trkpt>
<trkpt lat="32.92089" lon="130.96570305555557">
<ele>748</ele>
</trkpt>
<trkpt lat="32.92094" lon="130.9657411111111">
<ele>748</ele>
</trkpt>
<trkpt lat="32.920965" lon="130.96580305555557">
<ele>747</ele>
</trkpt>
<trkpt lat="32.92098111111111" lon="130.96601611111112">
<ele>745</ele>
</trkpt>
<trkpt lat="32.92099805555556" lon="130.9661911111111">
<ele>744</ele>
</trkpt>
<trkpt lat="32.921015" lon="130.96634111111112">
<ele>746</ele>
</trkpt>
<trkpt lat="32.92109" lon="130.96645305555555">
<ele>744</ele>
</trkpt>
<trkpt lat="32.92115611111111" lon="130.9664911111111">
<ele>746</ele>
</trkpt>
<trkpt lat="32.92123111111111" lon="130.96647805555557">
<ele>749</ele>
</trkpt>
<trkpt lat="32.92129" lon="130.96645305555555">
<ele>749</ele>
</trkpt>
<trkpt lat="32.921323055555554" lon="130.96637805555557">
<ele>752</ele>
</trkpt>
<trkpt lat="32.92134" lon="130.9662661111111">
<ele>757</ele>
</trkpt>
<trkpt lat="32.921323055555554" lon="130.9661411111111">
<ele>755</ele>
</trkpt>
<trkpt lat="32.92124805555556" lon="130.96575305555555">
<ele>756</ele>
</trkpt>
<trkpt lat="32.92123111111111" lon="130.96550305555556">
<ele>756</ele>
</trkpt>
<trkpt lat="32.92124805555556" lon="130.96541611111113">
<ele>755</ele>
</trkpt>
<trkpt lat="32.921281111111114" lon="130.9653661111111">
<ele>755</ele>
</trkpt>
<trkpt lat="32.92135611111111" lon="130.9652911111111">
<ele>757</ele>
</trkpt>
<trkpt lat="32.921415" lon="130.9652661111111">
<ele>757</ele>
</trkpt>
<trkpt lat="32.92154" lon="130.96527805555556">
<ele>757</ele>
</trkpt>
<trkpt lat="32.92160611111111" lon="130.96532805555555">
<ele>757</ele>
</trkpt>
<trkpt lat="32.92164" lon="130.96540305555556">
<ele>760</ele>
</trkpt>
<trkpt lat="32.921665" lon="130.96547805555556">
<ele>763</ele>
</trkpt>
<trkpt lat="32.92165611111111" lon="130.96570305555557">
<ele>765</ele>
</trkpt>
<trkpt lat="32.92167305555556" lon="130.9659661111111">
<ele>769</ele>
</trkpt>
<trkpt lat="32.92168111111111" lon="130.96607805555556">
<ele>769</ele>
</trkpt>
<trkpt lat="32.92172305555555" lon="130.96617805555556">
<ele>771</ele>
</trkpt>
<trkpt lat="32.921765" lon="130.96622805555555">
<ele>773</ele>
</trkpt>
<trkpt lat="32.92187305555556" lon="130.96630305555556">
<ele>775</ele>
</trkpt>
<trkpt lat="32.922015" lon="130.9663161111111">
<ele>778</ele>
</trkpt>
<trkpt lat="32.92230611111111" lon="130.96637805555557">
<ele>782</ele>
</trkpt>
<trkpt lat="32.92243111111111" lon="130.96642805555555">
<ele>785</ele>
</trkpt>
<trkpt lat="32.922615" lon="130.9666161111111">
<ele>785</ele>
</trkpt>
<trkpt lat="32.922823055555554" lon="130.96689111111112">
<ele>786</ele>
</trkpt>
<trkpt lat="32.922873055555556" lon="130.9669661111111">
<ele>786</ele>
</trkpt>
<trkpt lat="32.92290611111111" lon="130.96707805555556">
<ele>788</ele>
</trkpt>
<trkpt lat="32.92293111111111" lon="130.9671911111111">
<ele>788</ele>
</trkpt>
<trkpt lat="32.92293111111111" lon="130.96746611111112">
<ele>796</ele>
</trkpt>
<trkpt lat="32.92293111111111" lon="130.9675411111111">
<ele>796</ele>
</trkpt>
<trkpt lat="32.92294" lon="130.9675661111111">
<ele>794</ele>
</trkpt>
<trkpt lat="32.92299" lon="130.9676161111111">
<ele>794</ele>
</trkpt>
<trkpt lat="32.92305611111111" lon="130.96765305555556">
<ele>795</ele>
</trkpt>
<trkpt lat="32.923165" lon="130.9676661111111">
<ele>796</ele>
</trkpt>
<trkpt lat="32.92333305555555" lon="130.96767194444445">
<ele>798</ele>
</trkpt>
<trkpt lat="32.92333305555555" lon="130.96767194444445">
<ele>798</ele>
</trkpt>
<trkpt lat="32.92348111111111" lon="130.96767805555555">
<ele>801</ele>
</trkpt>
<trkpt lat="32.92361388888889" lon="130.96771611111112">
<ele>801</ele>
</trkpt>
<trkpt lat="32.92377305555556" lon="130.96777805555556">
<ele>802</ele>
</trkpt>
<trkpt lat="32.92390611111111" lon="130.9678661111111">
<ele>802</ele>
</trkpt>
<trkpt lat="32.924098055555554" lon="130.96802805555555">
<ele>802</ele>
</trkpt>
<trkpt lat="32.92458888888889" lon="130.9684411111111">
<ele>803</ele>
</trkpt>
<trkpt lat="32.92466388888889" lon="130.96849111111112">
<ele>806</ele>
</trkpt>
<trkpt lat="32.92483111111111" lon="130.9685411111111">
<ele>809</ele>
</trkpt>
<trkpt lat="32.924948055555554" lon="130.96855305555556">
<ele>810</ele>
</trkpt>
<trkpt lat="32.92505611111111" lon="130.96852805555557">
<ele>811</ele>
</trkpt>
<trkpt lat="32.92526388888889" lon="130.9684411111111">
<ele>811</ele>
</trkpt>
<trkpt lat="32.92598888888889" lon="130.96816611111112">
<ele>816</ele>
</trkpt>
<trkpt lat="32.92648111111111" lon="130.96795305555557">
<ele>824</ele>
</trkpt>
<trkpt lat="32.92673111111111" lon="130.96785305555557">
<ele>829</ele>
</trkpt>
<trkpt lat="32.92684805555555" lon="130.96781611111112">
<ele>830</ele>
</trkpt>
<trkpt lat="32.92703888888889" lon="130.96780305555555">
<ele>832</ele>
</trkpt>
<trkpt lat="32.92775611111111" lon="130.9678661111111">
<ele>840</ele>
</trkpt>
<trkpt lat="32.92784805555556" lon="130.9678911111111">
<ele>841</ele>
</trkpt>
<trkpt lat="32.927931111111114" lon="130.96795305555557">
<ele>842</ele>
</trkpt>
<trkpt lat="32.92803111111111" lon="130.9680661111111">
<ele>844</ele>
</trkpt>
<trkpt lat="32.92883111111111" lon="130.9691411111111">
<ele>851</ele>
</trkpt>
<trkpt lat="32.929338888888886" lon="130.9697911111111">
<ele>853</ele>
</trkpt>
<trkpt lat="32.92941388888889" lon="130.96986611111112">
<ele>853</ele>
</trkpt>
<trkpt lat="32.92953111111111" lon="130.96997805555554">
<ele>853</ele>
</trkpt>
<trkpt lat="32.92967194444444" lon="130.970065">
<ele>855</ele>
</trkpt>
<trkpt lat="32.93113888888889" lon="130.97084">
<ele>867</ele>
</trkpt>
<trkpt lat="32.931246944444446" lon="130.97087805555554">
<ele>869</ele>
</trkpt>
<trkpt lat="32.931455" lon="130.97089">
<ele>871</ele>
</trkpt>
<trkpt lat="32.93169694444445" lon="130.97085305555555">
<ele>873</ele>
</trkpt>
<trkpt lat="32.93212194444445" lon="130.97077805555554">
<ele>875</ele>
</trkpt>
<trkpt lat="32.93223888888889" lon="130.97075305555555">
<ele>878</ele>
</trkpt>
<trkpt lat="32.93233" lon="130.97075305555555">
<ele>878</ele>
</trkpt>
<trkpt lat="32.932455" lon="130.97074">
<ele>880</ele>
</trkpt>
<trkpt lat="32.93279694444445" lon="130.97079">
<ele>881</ele>
</trkpt>
<trkpt lat="32.93364694444445" lon="130.97094">
<ele>885</ele>
</trkpt>
<trkpt lat="32.933805" lon="130.97097805555555">
<ele>887</ele>
</trkpt>
<trkpt lat="32.93398805555555" lon="130.97105305555556">
<ele>886</ele>
</trkpt>
<trkpt lat="32.93407194444445" lon="130.97114">
<ele>886</ele>
</trkpt>
<trkpt lat="32.93423" lon="130.97129">
<ele>887</ele>
</trkpt>
<trkpt lat="32.93452194444444" lon="130.971515">
<ele>892</ele>
</trkpt>
<trkpt lat="32.934605" lon="130.97155305555555">
<ele>894</ele>
</trkpt>
<trkpt lat="32.93468" lon="130.97155305555555">
<ele>895</ele>
</trkpt>
<trkpt lat="32.93476305555556" lon="130.97154">
<ele>895</ele>
</trkpt>
<trkpt lat="32.93522194444444" lon="130.97142805555555">
<ele>899</ele>
</trkpt>
<trkpt lat="32.93534694444445" lon="130.97139">
<ele>901</ele>
</trkpt>
<trkpt lat="32.93543" lon="130.97139">
<ele>901</ele>
</trkpt>
<trkpt lat="32.93557194444445" lon="130.97140305555556">
<ele>902</ele>
</trkpt>
<trkpt lat="32.93568" lon="130.97145305555554">
<ele>903</ele>
</trkpt>
<trkpt lat="32.93602194444444" lon="130.97162805555556">
<ele>905</ele>
</trkpt>
<trkpt lat="32.93629611111111" lon="130.97172805555556">
<ele>909</ele>
</trkpt>
<trkpt lat="32.93682111111111" lon="130.971915">
<ele>915</ele>
</trkpt>
<trkpt lat="32.93738805555556" lon="130.972115">
<ele>923</ele>
</trkpt>
<trkpt lat="32.937888055555554" lon="130.97229">
<ele>925</ele>
</trkpt>
<trkpt lat="32.938155" lon="130.97242805555555">
<ele>925</ele>
</trkpt>
<trkpt lat="32.938305" lon="130.97259">
<ele>925</ele>
</trkpt>
<trkpt lat="32.93841305555556" lon="130.972865">
<ele>925</ele>
</trkpt>
<trkpt lat="32.93843805555556" lon="130.97300305555555">
<ele>926</ele>
</trkpt>
<trkpt lat="32.93847111111111" lon="130.97310194444444">
<ele>925</ele>
</trkpt>
<trkpt lat="32.938563055555555" lon="130.97329">
<ele>927</ele>
</trkpt>
<trkpt lat="32.93862111111111" lon="130.973365">
<ele>928</ele>
</trkpt>
<trkpt lat="32.93883" lon="130.97354">
<ele>929</ele>
</trkpt>
<trkpt lat="32.93917111111111" lon="130.97380305555555">
<ele>930</ele>
</trkpt>
<trkpt lat="32.93957888888889" lon="130.97412805555555">
<ele>930</ele>
</trkpt>
<trkpt lat="32.93975388888889" lon="130.974315">
<ele>931</ele>
</trkpt>
<trkpt lat="32.93982111111111" lon="130.97440194444445">
<ele>931</ele>
</trkpt>
<trkpt lat="32.940063055555555" lon="130.97484">
<ele>934</ele>
</trkpt>
<trkpt lat="32.94016305555556" lon="130.97502694444444">
<ele>935</ele>
</trkpt>
<trkpt lat="32.94027111111111" lon="130.97532694444445">
<ele>937</ele>
</trkpt>
<trkpt lat="32.94050388888889" lon="130.97594">
<ele>939</ele>
</trkpt>
<trkpt lat="32.94059611111111" lon="130.976165">
<ele>939</ele>
</trkpt>
<trkpt lat="32.94076305555556" lon="130.97649">
<ele>938</ele>
</trkpt>
<trkpt lat="32.94087888888889" lon="130.97669">
<ele>938</ele>
</trkpt>
<trkpt lat="32.94099611111111" lon="130.97684">
<ele>938</ele>
</trkpt>
<trkpt lat="32.94106305555555" lon="130.97690194444445">
<ele>937</ele>
</trkpt>
<trkpt lat="32.94112111111111" lon="130.97694">
<ele>936</ele>
</trkpt>
<trkpt lat="32.94204611111111" lon="130.977515">
<ele>932</ele>
</trkpt>
<trkpt lat="32.942886944444446" lon="130.97801388888888">
<ele>932</ele>
</trkpt>
<trkpt lat="32.943646111111114" lon="130.97842694444444">
<ele>940</ele>
</trkpt>
<trkpt lat="32.94377111111111" lon="130.97848888888888">
<ele>934</ele>
</trkpt>
<trkpt lat="32.944071111111114" lon="130.97865194444444">
<ele>930</ele>
</trkpt>
<trkpt lat="32.94423694444444" lon="130.97870194444445">
<ele>930</ele>
</trkpt>
<trkpt lat="32.94477888888889" lon="130.97881388888888">
<ele>930</ele>
</trkpt>
<trkpt lat="32.94502888888889" lon="130.9788888888889">
<ele>931</ele>
</trkpt>
<trkpt lat="32.94522111111111" lon="130.97895194444445">
<ele>932</ele>
</trkpt>
<trkpt lat="32.94551194444445" lon="130.9790638888889">
<ele>932</ele>
</trkpt>
<trkpt lat="32.94602111111111" lon="130.97926388888888">
<ele>932</ele>
</trkpt>
<trkpt lat="32.946261944444444" lon="130.97930194444444">
<ele>933</ele>
</trkpt>
<trkpt lat="32.94642888888889" lon="130.97930194444444">
<ele>934</ele>
</trkpt>
<trkpt lat="32.946621111111114" lon="130.97927694444445">
<ele>935</ele>
</trkpt>
<trkpt lat="32.94710388888889" lon="130.97917694444445">
<ele>937</ele>
</trkpt>
<trkpt lat="32.94759611111111" lon="130.9790888888889">
<ele>938</ele>
</trkpt>
<trkpt lat="32.94772" lon="130.97907694444444">
<ele>938</ele>
</trkpt>
<trkpt lat="32.94788694444444" lon="130.97903888888888">
<ele>938</ele>
</trkpt>
<trkpt lat="32.947961944444444" lon="130.9790138888889">
<ele>939</ele>
</trkpt>
<trkpt lat="32.94820388888889" lon="130.97892694444445">
<ele>944</ele>
</trkpt>
<trkpt lat="32.948611944444444" lon="130.97877694444443">
<ele>944</ele>
</trkpt>
<trkpt lat="32.94910388888889" lon="130.97860194444445">
<ele>944</ele>
</trkpt>
<trkpt lat="32.94920388888889" lon="130.97856388888889">
<ele>944</ele>
</trkpt>
<trkpt lat="32.94938694444444" lon="130.9785388888889">
<ele>947</ele>
</trkpt>
<trkpt lat="32.949511944444446" lon="130.97858888888888">
<ele>948</ele>
</trkpt>
<trkpt lat="32.94960388888889" lon="130.9786388888889">
<ele>948</ele>
</trkpt>
<trkpt lat="32.949936944444445" lon="130.9788388888889">
<ele>948</ele>
</trkpt>
<trkpt lat="32.950185" lon="130.97899">
<ele>949</ele>
</trkpt>
<trkpt lat="32.950185" lon="130.97899">
<ele>949</ele>
</trkpt>
<trkpt lat="32.95028694444444" lon="130.97905194444445">
<ele>950</ele>
</trkpt>
<trkpt lat="32.950795" lon="130.97947694444446">
<ele>950</ele>
</trkpt>
<trkpt lat="32.950986944444445" lon="130.9796638888889">
<ele>950</ele>
</trkpt>
<trkpt lat="32.95131194444444" lon="130.98005194444445">
<ele>951</ele>
</trkpt>
<trkpt lat="32.95142" lon="130.98022694444444">
<ele>951</ele>
</trkpt>
<trkpt lat="32.951453055555554" lon="130.98032694444444">
<ele>951</ele>
</trkpt>
<trkpt lat="32.95147" lon="130.98041388888888">
<ele>951</ele>
</trkpt>
<trkpt lat="32.951495" lon="130.98062694444445">
<ele>951</ele>
</trkpt>
<trkpt lat="32.951478055555555" lon="130.9811138888889">
<ele>954</ele>
</trkpt>
<trkpt lat="32.95142805555555" lon="130.98167694444444">
<ele>956</ele>
</trkpt>
<trkpt lat="32.951395" lon="130.9819388888889">
<ele>957</ele>
</trkpt>
<trkpt lat="32.951345" lon="130.98218888888889">
<ele>958</ele>
</trkpt>
<trkpt lat="32.95127" lon="130.9824888888889">
<ele>961</ele>
</trkpt>
<trkpt lat="32.951186944444444" lon="130.98276388888888">
<ele>963</ele>
</trkpt>
<trkpt lat="32.95111194444444" lon="130.98302611111112">
<ele>961</ele>
</trkpt>
<trkpt lat="32.951053055555555" lon="130.9832888888889">
<ele>961</ele>
</trkpt>
<trkpt lat="32.950986944444445" lon="130.9835261111111">
<ele>963</ele>
</trkpt>
<trkpt lat="32.95097805555555" lon="130.9836261111111">
<ele>964</ele>
</trkpt>
<trkpt lat="32.950961944444444" lon="130.98380111111112">
<ele>965</ele>
</trkpt>
<trkpt lat="32.95097" lon="130.98390111111112">
<ele>966</ele>
</trkpt>
<trkpt lat="32.951011944444446" lon="130.98401388888888">
<ele>966</ele>
</trkpt>
<trkpt lat="32.951045" lon="130.9840888888889">
<ele>966</ele>
</trkpt>
<trkpt lat="32.95112" lon="130.9842011111111">
<ele>963</ele>
</trkpt>
<trkpt lat="32.95136194444444" lon="130.98448888888888">
<ele>962</ele>
</trkpt>
<trkpt lat="32.951436944444445" lon="130.9845511111111">
<ele>962</ele>
</trkpt>
<trkpt lat="32.951611944444444" lon="130.98460111111112">
<ele>961</ele>
</trkpt>
<trkpt lat="32.95266194444444" lon="130.9846261111111">
<ele>961</ele>
</trkpt>
<trkpt lat="32.95276194444445" lon="130.9846261111111">
<ele>961</ele>
</trkpt>
<trkpt lat="32.952895" lon="130.9846761111111">
<ele>960</ele>
</trkpt>
<trkpt lat="32.95312805555555" lon="130.98480111111112">
<ele>961</ele>
</trkpt>
<trkpt lat="32.95357805555555" lon="130.9850888888889">
<ele>961</ele>
</trkpt>
<trkpt lat="32.95371111111111" lon="130.9851888888889">
<ele>960</ele>
</trkpt>
<trkpt lat="32.953803055555554" lon="130.9852388888889">
<ele>960</ele>
</trkpt>
<trkpt lat="32.95386111111111" lon="130.9852888888889">
<ele>960</ele>
</trkpt>
<trkpt lat="32.95388611111111" lon="130.9853388888889">
<ele>960</ele>
</trkpt>
<trkpt lat="32.95400305555555" lon="130.98550111111112">
<ele>958</ele>
</trkpt>
<trkpt lat="32.95431111111111" lon="130.9859261111111">
<ele>955</ele>
</trkpt>
<trkpt lat="32.95457805555556" lon="130.9862511111111">
<ele>952</ele>
</trkpt>
<trkpt lat="32.95503611111111" lon="130.9868261111111">
<ele>946</ele>
</trkpt>
<trkpt lat="32.95511111111111" lon="130.9869261111111">
<ele>946</ele>
</trkpt>
<trkpt lat="32.955195" lon="130.98708888888888">
<ele>946</ele>
</trkpt>
<trkpt lat="32.95525305555555" lon="130.9872638888889">
<ele>945</ele>
</trkpt>
<trkpt lat="32.955353055555555" lon="130.9876888888889">
<ele>942</ele>
</trkpt>
<trkpt lat="32.955803055555556" lon="130.98935111111112">
<ele>951</ele>
</trkpt>
<trkpt lat="32.95612" lon="130.9905511111111">
<ele>957</ele>
</trkpt>
<trkpt lat="32.95632" lon="130.99116305555555">
<ele>957</ele>
</trkpt>
<trkpt lat="32.956403055555555" lon="130.99137611111112">
<ele>959</ele>
</trkpt>
<trkpt lat="32.95647" lon="130.99151305555554">
<ele>961</ele>
</trkpt>
<trkpt lat="32.95655305555555" lon="130.99166305555556">
<ele>961</ele>
</trkpt>
<trkpt lat="32.956645" lon="130.99178805555556">
<ele>961</ele>
</trkpt>
<trkpt lat="32.95676111111111" lon="130.99191305555556">
<ele>961</ele>
</trkpt>
<trkpt lat="32.956945" lon="130.99208805555554">
<ele>959</ele>
</trkpt>
<trkpt lat="32.957303055555556" lon="130.9923761111111">
<ele>958</ele>
</trkpt>
<trkpt lat="32.957453055555554" lon="130.99252611111112">
<ele>956</ele>
</trkpt>
<trkpt lat="32.957745" lon="130.99286305555555">
<ele>951</ele>
</trkpt>
<trkpt lat="32.95791111111111" lon="130.99313805555556">
<ele>952</ele>
</trkpt>
<trkpt lat="32.957993888888886" lon="130.99326305555556">
<ele>951</ele>
</trkpt>
<trkpt lat="32.95805305555555" lon="130.99331305555555">
<ele>951</ele>
</trkpt>
<trkpt lat="32.95811111111111" lon="130.99336305555556">
<ele>950</ele>
</trkpt>
<trkpt lat="32.95825305555555" lon="130.99343805555554">
<ele>950</ele>
</trkpt>
<trkpt lat="32.95849388888889" lon="130.9935761111111">
<ele>949</ele>
</trkpt>
<trkpt lat="32.95862805555556" lon="130.99366305555554">
<ele>948</ele>
</trkpt>
<trkpt lat="32.95870305555555" lon="130.9937261111111">
<ele>947</ele>
</trkpt>
<trkpt lat="32.95883611111111" lon="130.99387611111112">
<ele>946</ele>
</trkpt>
<trkpt lat="32.95914388888889" lon="130.99433805555554">
<ele>941</ele>
</trkpt>
<trkpt lat="32.959178055555554" lon="130.9943761111111">
<ele>941</ele>
</trkpt>
<trkpt lat="32.959203055555555" lon="130.9944011111111">
<ele>941</ele>
</trkpt>
<trkpt lat="32.95932805555555" lon="130.99446305555554">
<ele>941</ele>
</trkpt>
<trkpt lat="32.95972805555556" lon="130.99453805555555">
<ele>946</ele>
</trkpt>
<trkpt lat="32.95990305555556" lon="130.99458805555557">
<ele>950</ele>
</trkpt>
<trkpt lat="32.96001888888889" lon="130.99463805555555">
<ele>950</ele>
</trkpt>
<trkpt lat="32.96008611111111" lon="130.99465111111112">
<ele>950</ele>
</trkpt>
<trkpt lat="32.96024388888889" lon="130.99477611111112">
<ele>951</ele>
</trkpt>
<trkpt lat="32.960453055555554" lon="130.99500111111112">
<ele>952</ele>
</trkpt>
<trkpt lat="32.96078611111111" lon="130.9953011111111">
<ele>951</ele>
</trkpt>
<trkpt lat="32.96114388888889" lon="130.99561305555557">
<ele>945</ele>
</trkpt>
<trkpt lat="32.96139388888889" lon="130.99578805555555">
<ele>946</ele>
</trkpt>
<trkpt lat="32.961618888888886" lon="130.9959511111111">
<ele>946</ele>
</trkpt>
<trkpt lat="32.96185194444445" lon="130.99613805555555">
<ele>945</ele>
</trkpt>
<trkpt lat="32.96223611111111" lon="130.99647611111112">
<ele>947</ele>
</trkpt>
<trkpt lat="32.96252694444444" lon="130.99681305555555">
<ele>947</ele>
</trkpt>
<trkpt lat="32.96271888888889" lon="130.997075">
<ele>946</ele>
</trkpt>
<trkpt lat="32.962826944444444" lon="130.99723805555556">
<ele>946</ele>
</trkpt>
<trkpt lat="32.96293611111111" lon="130.99745">
<ele>945</ele>
</trkpt>
<trkpt lat="32.96301111111111" lon="130.99763805555557">
<ele>947</ele>
</trkpt>
<trkpt lat="32.96326111111111" lon="130.999375">
<ele>939</ele>
</trkpt>
<trkpt lat="32.963301944444446" lon="130.999575">
<ele>939</ele>
</trkpt>
<trkpt lat="32.96333611111111" lon="130.9996">
<ele>938</ele>
</trkpt>
<trkpt lat="32.96423611111111" lon="131.00008805555555">
<ele>941</ele>
</trkpt>
<trkpt lat="32.96434388888889" lon="131.00016305555556">
<ele>940</ele>
</trkpt>
<trkpt lat="32.96444388888889" lon="131.00026305555556">
<ele>941</ele>
</trkpt>
<trkpt lat="32.96498611111111" lon="131.00098805555555">
<ele>942</ele>
</trkpt>
<trkpt lat="32.96561111111111" lon="131.001775">
<ele>943</ele>
</trkpt>
<trkpt lat="32.965693888888886" lon="131.00183694444445">
<ele>942</ele>
</trkpt>
<trkpt lat="32.96575194444444" lon="131.00186305555556">
<ele>942</ele>
</trkpt>
<trkpt lat="32.96592694444445" lon="131.00185">
<ele>942</ele>
</trkpt>
<trkpt lat="32.96656111111111" lon="131.00171194444445">
<ele>946</ele>
</trkpt>
<trkpt lat="32.96671888888889" lon="131.0017">
<ele>946</ele>
</trkpt>
<trkpt lat="32.96741" lon="131.00173694444445">
<ele>946</ele>
</trkpt>
<trkpt lat="32.967601944444446" lon="131.001775">
<ele>947</ele>
</trkpt>
<trkpt lat="32.96769388888889" lon="131.00181194444446">
<ele>946</ele>
</trkpt>
<trkpt lat="32.967885" lon="131.00191305555555">
<ele>945</ele>
</trkpt>
<trkpt lat="32.968201944444445" lon="131.00218694444445">
<ele>946</ele>
</trkpt>
<trkpt lat="32.96829388888889" lon="131.00231194444444">
<ele>946</ele>
</trkpt>
<trkpt lat="32.96866888888889" lon="131.002925">
<ele>948</ele>
</trkpt>
<trkpt lat="32.96874388888889" lon="131.00301305555556">
<ele>949</ele>
</trkpt>
<trkpt lat="32.968835" lon="131.003075">
<ele>948</ele>
</trkpt>
<trkpt lat="32.96937694444444" lon="131.00336305555555">
<ele>948</ele>
</trkpt>
<trkpt lat="32.97005194444444" lon="131.00358694444444">
<ele>948</ele>
</trkpt>
<trkpt lat="32.97026805555556" lon="131.00366305555556">
<ele>949</ele>
</trkpt>
<trkpt lat="32.97036" lon="131.00371305555555">
<ele>948</ele>
</trkpt>
<trkpt lat="32.97045194444444" lon="131.0038">
<ele>947</ele>
</trkpt>
<trkpt lat="32.970535" lon="131.003925">
<ele>947</ele>
</trkpt>
<trkpt lat="32.97056" lon="131.00396305555554">
<ele>948</ele>
</trkpt>
<trkpt lat="32.970593055555554" lon="131.004025">
<ele>948</ele>
</trkpt>
<trkpt lat="32.97062694444445" lon="131.004275">
<ele>948</ele>
</trkpt>
<trkpt lat="32.970593055555554" lon="131.00448694444444">
<ele>948</ele>
</trkpt>
<trkpt lat="32.97050194444444" lon="131.00491194444444">
<ele>947</ele>
</trkpt>
<trkpt lat="32.97051805555556" lon="131.00508694444446">
<ele>947</ele>
</trkpt>
<trkpt lat="32.970818055555554" lon="131.00596194444444">
<ele>944</ele>
</trkpt>
<trkpt lat="32.97114305555556" lon="131.006375">
<ele>943</ele>
</trkpt>
<trkpt lat="32.97119305555555" lon="131.006475">
<ele>944</ele>
</trkpt>
<trkpt lat="32.97151" lon="131.0071">
<ele>943</ele>
</trkpt>
<trkpt lat="32.97154305555556" lon="131.007225">
<ele>943</ele>
</trkpt>
<trkpt lat="32.97157694444444" lon="131.007875">
<ele>943</ele>
</trkpt>
<trkpt lat="32.97159305555556" lon="131.00795">
<ele>943</ele>
</trkpt>
<trkpt lat="32.971835" lon="131.00866194444444">
<ele>945</ele>
</trkpt>
<trkpt lat="32.97184388888889" lon="131.00871805555556">
<ele>946</ele>
</trkpt>
<trkpt lat="32.97184388888889" lon="131.00871805555556">
<ele>946</ele>
</trkpt>
<trkpt lat="32.971851944444445" lon="131.00876194444444">
<ele>946</ele>
</trkpt>
<trkpt lat="32.97184305555555" lon="131.00941194444445">
<ele>948</ele>
</trkpt>
<trkpt lat="32.97184305555555" lon="131.00948694444443">
<ele>947</ele>
</trkpt>
<trkpt lat="32.971868055555554" lon="131.00956194444444">
<ele>946</ele>
</trkpt>
<trkpt lat="32.97220111111111" lon="131.00996194444446">
<ele>952</ele>
</trkpt>
<trkpt lat="32.97242611111111" lon="131.0102738888889">
<ele>956</ele>
</trkpt>
<trkpt lat="32.97269305555555" lon="131.0106988888889">
<ele>958</ele>
</trkpt>
<trkpt lat="32.97277611111111" lon="131.01074888888888">
<ele>958</ele>
</trkpt>
<trkpt lat="32.97337611111111" lon="131.01087388888888">
<ele>954</ele>
</trkpt>
<trkpt lat="32.974493055555556" lon="131.01106194444444">
<ele>949</ele>
</trkpt>
<trkpt lat="32.97606805555556" lon="131.01133694444445">
<ele>950</ele>
</trkpt>
<trkpt lat="32.976126111111114" lon="131.01136194444445">
<ele>949</ele>
</trkpt>
<trkpt lat="32.977333888888886" lon="131.01203694444445">
<ele>951</ele>
</trkpt>
<trkpt lat="32.97756805555556" lon="131.01213694444445">
<ele>952</ele>
</trkpt>
<trkpt lat="32.97770888888889" lon="131.01216194444444">
<ele>953</ele>
</trkpt>
<trkpt lat="32.978318055555555" lon="131.01224888888888">
<ele>949</ele>
</trkpt>
<trkpt lat="32.97838388888889" lon="131.01228694444444">
<ele>948</ele>
</trkpt>
<trkpt lat="32.97840111111111" lon="131.0123238888889">
<ele>948</ele>
</trkpt>
<trkpt lat="32.97875111111111" lon="131.01292388888888">
<ele>946</ele>
</trkpt>
<trkpt lat="32.97884305555556" lon="131.01302388888888">
<ele>945</ele>
</trkpt>
<trkpt lat="32.97913388888889" lon="131.01323694444446">
<ele>942</ele>
</trkpt>
<trkpt lat="32.97920111111111" lon="131.0132988888889">
<ele>942</ele>
</trkpt>
<trkpt lat="32.97952611111111" lon="131.0138738888889">
<ele>942</ele>
</trkpt>
<trkpt lat="32.979683888888886" lon="131.0140238888889">
<ele>940</ele>
</trkpt>
<trkpt lat="32.979793055555554" lon="131.01418611111112">
<ele>939</ele>
</trkpt>
<trkpt lat="32.97991805555556" lon="131.0143611111111">
<ele>938</ele>
</trkpt>
<trkpt lat="32.98000888888889" lon="131.0144488888889">
<ele>937</ele>
</trkpt>
<trkpt lat="32.98007611111111" lon="131.0144611111111">
<ele>937</ele>
</trkpt>
<trkpt lat="32.980218055555554" lon="131.0144488888889">
<ele>936</ele>
</trkpt>
<trkpt lat="32.98073388888889" lon="131.01418611111112">
<ele>935</ele>
</trkpt>
<trkpt lat="32.98079194444445" lon="131.01417388888888">
<ele>934</ele>
</trkpt>
<trkpt lat="32.982058888888886" lon="131.0140988888889">
<ele>930</ele>
</trkpt>
<trkpt lat="32.982126111111114" lon="131.0141111111111">
<ele>930</ele>
</trkpt>
<trkpt lat="32.98251805555556" lon="131.0143361111111">
<ele>930</ele>
</trkpt>
<trkpt lat="32.98292611111111" lon="131.0145361111111">
<ele>931</ele>
</trkpt>
<trkpt lat="32.98307611111111" lon="131.0145861111111">
<ele>931</ele>
</trkpt>
<trkpt lat="32.98316694444444" lon="131.01459888888888">
<ele>931</ele>
</trkpt>
<trkpt lat="32.98325888888889" lon="131.0145861111111">
<ele>931</ele>
</trkpt>
<trkpt lat="32.98360111111111" lon="131.0144861111111">
<ele>933</ele>
</trkpt>
<trkpt lat="32.98465888888889" lon="131.0144238888889">
<ele>941</ele>
</trkpt>
<trkpt lat="32.98475888888889" lon="131.01441111111112">
<ele>942</ele>
</trkpt>
<trkpt lat="32.984941944444444" lon="131.0143361111111">
<ele>944</ele>
</trkpt>
<trkpt lat="32.98595" lon="131.0136738888889">
<ele>942</ele>
</trkpt>
<trkpt lat="32.986666944444444" lon="131.0132361111111">
<ele>944</ele>
</trkpt>
<trkpt lat="32.98726694444444" lon="131.01292388888888">
<ele>933</ele>
</trkpt>
<trkpt lat="32.987808888888885" lon="131.01268611111112">
<ele>933</ele>
</trkpt>
<trkpt lat="32.98786805555556" lon="131.01264694444444">
<ele>933</ele>
</trkpt>
<trkpt lat="32.98786805555556" lon="131.01264694444444">
<ele>933</ele>
</trkpt>
<trkpt lat="32.98795888888889" lon="131.01258611111112">
<ele>934</ele>
</trkpt>
<trkpt lat="32.98858305555556" lon="131.0120611111111">
<ele>940</ele>
</trkpt>
<trkpt lat="32.988775" lon="131.01191111111112">
<ele>940</ele>
</trkpt>
<trkpt lat="32.988866944444446" lon="131.0118611111111">
<ele>940</ele>
</trkpt>
<trkpt lat="32.9889" lon="131.0118488888889">
<ele>940</ele>
</trkpt>
<trkpt lat="32.989025" lon="131.0118488888889">
<ele>940</ele>
</trkpt>
<trkpt lat="32.9897" lon="131.0120488888889">
<ele>942</ele>
</trkpt>
<trkpt lat="32.989783055555556" lon="131.0120738888889">
<ele>944</ele>
</trkpt>
<trkpt lat="32.990541944444445" lon="131.0120611111111">
<ele>943</ele>
</trkpt>
<trkpt lat="32.9907" lon="131.01201111111112">
<ele>943</ele>
</trkpt>
<trkpt lat="32.991166944444444" lon="131.0118238888889">
<ele>943</ele>
</trkpt>
<trkpt lat="32.99124194444445" lon="131.01181111111111">
<ele>943</ele>
</trkpt>
<trkpt lat="32.99131694444444" lon="131.0118238888889">
<ele>943</ele>
</trkpt>
<trkpt lat="32.99241611111111" lon="131.0120488888889">
<ele>941</ele>
</trkpt>
<trkpt lat="32.99255" lon="131.0120611111111">
<ele>941</ele>
</trkpt>
<trkpt lat="32.992733055555554" lon="131.0120488888889">
<ele>942</ele>
</trkpt>
<trkpt lat="32.99289111111111" lon="131.01203611111112">
<ele>943</ele>
</trkpt>
<trkpt lat="32.993725" lon="131.0118488888889">
<ele>942</ele>
</trkpt>
<trkpt lat="32.99389111111111" lon="131.0118488888889">
<ele>942</ele>
</trkpt>
<trkpt lat="32.99405" lon="131.01187388888889">
<ele>942</ele>
</trkpt>
<trkpt lat="32.995466111111114" lon="131.01213611111112">
<ele>940</ele>
</trkpt>
<trkpt lat="32.99570805555555" lon="131.0121988888889">
<ele>939</ele>
</trkpt>
<trkpt lat="32.995758055555555" lon="131.01222388888888">
<ele>938</ele>
</trkpt>
<trkpt lat="32.99581611111111" lon="131.0122861111111">
<ele>938</ele>
</trkpt>
<trkpt lat="32.99608305555556" lon="131.0126611111111">
<ele>936</ele>
</trkpt>
<trkpt lat="32.99639111111111" lon="131.0129861111111">
<ele>935</ele>
</trkpt>
<trkpt lat="32.996473888888886" lon="131.0130738888889">
<ele>934</ele>
</trkpt>
<trkpt lat="32.996566111111115" lon="131.01312388888888">
<ele>933</ele>
</trkpt>
<trkpt lat="32.99664111111111" lon="131.01316111111112">
<ele>933</ele>
</trkpt>
<trkpt lat="32.99682388888889" lon="131.0132111111111">
<ele>932</ele>
</trkpt>
<trkpt lat="32.99736611111111" lon="131.0132238888889">
<ele>933</ele>
</trkpt>
<trkpt lat="32.99690805555556" lon="131.0106361111111">
<ele>935</ele>
</trkpt>
<trkpt lat="32.99689111111111" lon="131.01053611111112">
<ele>933</ele>
</trkpt>
<trkpt lat="32.99689111111111" lon="131.01032388888888">
<ele>930</ele>
</trkpt>
<trkpt lat="32.996898888888886" lon="131.0101738888889">
<ele>930</ele>
</trkpt>
<trkpt lat="32.99693305555556" lon="131.0099988888889">
<ele>932</ele>
</trkpt>
<trkpt lat="32.99695805555555" lon="131.00987388888888">
<ele>932</ele>
</trkpt>
<trkpt lat="32.997008055555554" lon="131.0096861111111">
<ele>932</ele>
</trkpt>
<trkpt lat="32.99707388888889" lon="131.00949888888888">
<ele>932</ele>
</trkpt>
<trkpt lat="32.99715805555556" lon="131.0093361111111">
<ele>931</ele>
</trkpt>
<trkpt lat="32.99727388888889" lon="131.0091361111111">
<ele>933</ele>
</trkpt>
<trkpt lat="32.99752388888889" lon="131.0087988888889">
<ele>936</ele>
</trkpt>
<trkpt lat="32.998156944444446" lon="131.00791194444446">
<ele>931</ele>
</trkpt>
<trkpt lat="32.998891111111114" lon="131.00696194444444">
<ele>931</ele>
</trkpt>
<trkpt lat="32.99896611111111" lon="131.0068738888889">
<ele>931</ele>
</trkpt>
<trkpt lat="32.99907388888889" lon="131.00678694444446">
<ele>931</ele>
</trkpt>
<trkpt lat="32.99919111111111" lon="131.0067238888889">
<ele>932</ele>
</trkpt>
<trkpt lat="32.99933194444444" lon="131.00669888888888">
<ele>932</ele>
</trkpt>
<trkpt lat="33.00029888888889" lon="131.00666194444443">
<ele>932</ele>
</trkpt>
<trkpt lat="33.00109888888889" lon="131.0066488888889">
<ele>932</ele>
</trkpt>
<trkpt lat="33.00134888888889" lon="131.00661194444444">
<ele>931</ele>
</trkpt>
<trkpt lat="33.00151611111111" lon="131.00657388888888">
<ele>932</ele>
</trkpt>
<trkpt lat="33.001781944444446" lon="131.00647388888888">
<ele>931</ele>
</trkpt>
<trkpt lat="33.00209" lon="131.0063238888889">
<ele>932</ele>
</trkpt>
<trkpt lat="33.002265" lon="131.00623694444445">
<ele>931</ele>
</trkpt>
<trkpt lat="33.002656944444446" lon="131.00596194444444">
<ele>928</ele>
</trkpt>
<trkpt lat="33.00330694444445" lon="131.0052738888889">
<ele>928</ele>
</trkpt>
<trkpt lat="33.00335694444444" lon="131.00523694444445">
<ele>929</ele>
</trkpt>
<trkpt lat="33.00354" lon="131.00503694444444">
<ele>927</ele>
</trkpt>
<trkpt lat="33.003665" lon="131.00486194444446">
<ele>924</ele>
</trkpt>
<trkpt lat="33.003815" lon="131.0045738888889">
<ele>922</ele>
</trkpt>
<trkpt lat="33.003915" lon="131.0043488888889">
<ele>922</ele>
</trkpt>
<trkpt lat="33.00400694444444" lon="131.0040488888889">
<ele>922</ele>
</trkpt>
<trkpt lat="33.00407305555556" lon="131.00376194444445">
<ele>923</ele>
</trkpt>
<trkpt lat="33.00409805555555" lon="131.00329888888888">
<ele>923</ele>
</trkpt>
<trkpt lat="33.00409805555555" lon="131.0029988888889">
<ele>923</ele>
</trkpt>
<trkpt lat="33.00399" lon="131.0022988888889">
<ele>924</ele>
</trkpt>
<trkpt lat="33.003925" lon="131.002">
<ele>925</ele>
</trkpt>
<trkpt lat="33.00392388888889" lon="131.002">
<ele>925</ele>
</trkpt>
<trkpt lat="33.00383194444444" lon="131.00157388888888">
<ele>927</ele>
</trkpt>
<trkpt lat="33.003681944444445" lon="131.00102388888888">
<ele>926</ele>
</trkpt>
<trkpt lat="33.00335694444444" lon="131.000025">
<ele>925</ele>
</trkpt>
<trkpt lat="33.00304" lon="130.99923694444445">
<ele>919</ele>
</trkpt>
<trkpt lat="33.002915" lon="130.998925">
<ele>918</ele>
</trkpt>
<trkpt lat="33.002865" lon="130.998775">
<ele>917</ele>
</trkpt>
<trkpt lat="33.002831944444445" lon="130.9986">
<ele>918</ele>
</trkpt>
<trkpt lat="33.00279" lon="130.99841194444446">
<ele>918</ele>
</trkpt>
<trkpt lat="33.00278194444444" lon="130.99795">
<ele>918</ele>
</trkpt>
<trkpt lat="33.002856944444446" lon="130.99763694444445">
<ele>912</ele>
</trkpt>
<trkpt lat="33.002898055555555" lon="130.99738694444446">
<ele>913</ele>
</trkpt>
<trkpt lat="33.00294805555556" lon="130.997275">
<ele>912</ele>
</trkpt>
<trkpt lat="33.00304805555555" lon="130.997075">
<ele>912</ele>
</trkpt>
<trkpt lat="33.00322305555556" lon="130.99683694444445">
<ele>913</ele>
</trkpt>
<trkpt lat="33.00325388888889" lon="130.99681388888888">
<ele>913</ele>
</trkpt>
<trkpt lat="33.00325388888889" lon="130.99681388888888">
<ele>913</ele>
</trkpt>
<trkpt lat="33.00335694444444" lon="130.99673694444445">
<ele>913</ele>
</trkpt>
<trkpt lat="33.00564" lon="130.99571194444445">
<ele>910</ele>
</trkpt>
<trkpt lat="33.00575611111111" lon="130.99561194444445">
<ele>910</ele>
</trkpt>
<trkpt lat="33.005831111111114" lon="130.99551194444444">
<ele>910</ele>
</trkpt>
<trkpt lat="33.005898055555555" lon="130.99531305555556">
<ele>907</ele>
</trkpt>
<trkpt lat="33.005923055555556" lon="130.9951">
<ele>903</ele>
</trkpt>
<trkpt lat="33.00574" lon="130.993775">
<ele>897</ele>
</trkpt>
<trkpt lat="33.00573111111111" lon="130.99341305555555">
<ele>895</ele>
</trkpt>
<trkpt lat="33.00599" lon="130.99245">
<ele>890</ele>
</trkpt>
<trkpt lat="33.00629888888889" lon="130.99133111111112">
<ele>875</ele>
</trkpt>
<trkpt lat="33.00629888888889" lon="130.99133111111112">
<ele>875</ele>
</trkpt>
<trkpt lat="33.00637305555556" lon="130.99106194444445">
<ele>872</ele>
</trkpt>
<trkpt lat="33.00637305555556" lon="130.99083805555554">
<ele>875</ele>
</trkpt>
<trkpt lat="33.005923055555556" lon="130.990025">
<ele>872</ele>
</trkpt>
<trkpt lat="33.005515" lon="130.988725">
<ele>872</ele>
</trkpt>
<trkpt lat="33.00543111111111" lon="130.988475">
<ele>868</ele>
</trkpt>
<trkpt lat="33.00499805555555" lon="130.98786305555555">
<ele>865</ele>
</trkpt>
<trkpt lat="33.004648055555556" lon="130.98733805555557">
<ele>861</ele>
</trkpt>
<trkpt lat="33.00454805555555" lon="130.98708805555555">
<ele>861</ele>
</trkpt>
<trkpt lat="33.00453111111111" lon="130.98676305555554">
<ele>867</ele>
</trkpt>
<trkpt lat="33.00474" lon="130.98558805555555">
<ele>862</ele>
</trkpt>
<trkpt lat="33.00475111111111" lon="130.98533194444445">
<ele>861</ele>
</trkpt>
<trkpt lat="33.00475111111111" lon="130.98533194444445">
<ele>861</ele>
</trkpt>
<trkpt lat="33.004756111111114" lon="130.9852011111111">
<ele>861</ele>
</trkpt>
<trkpt lat="33.00469805555556" lon="130.98491305555555">
<ele>860</ele>
</trkpt>
<trkpt lat="33.00425611111111" lon="130.98371305555557">
<ele>851</ele>
</trkpt>
<trkpt lat="33.00415611111111" lon="130.98286305555555">
<ele>844</ele>
</trkpt>
<trkpt lat="33.00394" lon="130.9820511111111">
<ele>836</ele>
</trkpt>
<trkpt lat="33.003931111111115" lon="130.98183805555556">
<ele>834</ele>
</trkpt>
<trkpt lat="33.00398111111111" lon="130.98168805555557">
<ele>834</ele>
</trkpt>
<trkpt lat="33.00409" lon="130.9816011111111">
<ele>840</ele>
</trkpt>
<trkpt lat="33.004331111111114" lon="130.9816011111111">
<ele>841</ele>
</trkpt>
<trkpt lat="33.004423055555556" lon="130.9816761111111">
<ele>837</ele>
</trkpt>
<trkpt lat="33.00454805555555" lon="130.98198805555555">
<ele>828</ele>
</trkpt>
<trkpt lat="33.004615" lon="130.9822761111111">
<ele>826</ele>
</trkpt>
<trkpt lat="33.004665" lon="130.9824011111111">
<ele>827</ele>
</trkpt>
<trkpt lat="33.00505611111111" lon="130.98300111111112">
<ele>827</ele>
</trkpt>
<trkpt lat="33.005273055555556" lon="130.98316305555556">
<ele>817</ele>
</trkpt>
<trkpt lat="33.00542305555555" lon="130.98318805555556">
<ele>816</ele>
</trkpt>
<trkpt lat="33.00555611111111" lon="130.98313805555554">
<ele>813</ele>
</trkpt>
<trkpt lat="33.00577305555556" lon="130.98293805555556">
<ele>814</ele>
</trkpt>
<trkpt lat="33.00577888888889" lon="130.9829261111111">
<ele>814</ele>
</trkpt>
<trkpt lat="33.00577805555555" lon="130.9829261111111">
<ele>814</ele>
</trkpt>
<trkpt lat="33.00584805555555" lon="130.98277611111112">
<ele>819</ele>
</trkpt>
<trkpt lat="33.00586388888889" lon="130.98265111111112">
<ele>820</ele>
</trkpt>
<trkpt lat="33.00584805555555" lon="130.9825011111111">
<ele>822</ele>
</trkpt>
<trkpt lat="33.00556388888889" lon="130.98148805555556">
<ele>825</ele>
</trkpt>
<trkpt lat="33.00556388888889" lon="130.9813511111111">
<ele>825</ele>
</trkpt>
<trkpt lat="33.00571388888889" lon="130.9805511111111">
<ele>813</ele>
</trkpt>
<trkpt lat="33.00584805555555" lon="130.97986305555557">
<ele>818</ele>
</trkpt>
<trkpt lat="33.00593888888889" lon="130.97968805555556">
<ele>821</ele>
</trkpt>
<trkpt lat="33.00608888888889" lon="130.97951305555554">
<ele>825</ele>
</trkpt>
<trkpt lat="33.00623111111111" lon="130.9794761111111">
<ele>824</ele>
</trkpt>
<trkpt lat="33.00688888888889" lon="130.9794261111111">
<ele>827</ele>
</trkpt>
<trkpt lat="33.00703111111111" lon="130.97936305555555">
<ele>827</ele>
</trkpt>
<trkpt lat="33.00711388888889" lon="130.97925111111113">
<ele>827</ele>
</trkpt>
<trkpt lat="33.00715611111111" lon="130.9789761111111">
<ele>827</ele>
</trkpt>
<trkpt lat="33.00728888888889" lon="130.97815111111112">
<ele>822</ele>
</trkpt>
<trkpt lat="33.00789694444445" lon="130.9764761111111">
<ele>802</ele>
</trkpt>
<trkpt lat="33.008046944444445" lon="130.97575111111112">
<ele>797</ele>
</trkpt>
<trkpt lat="33.00805611111111" lon="130.9753888888889">
<ele>797</ele>
</trkpt>
<trkpt lat="33.00801805555555" lon="130.9751588888889">
<ele>795</ele>
</trkpt>
<trkpt lat="33.00801805555555" lon="130.9751588888889">
<ele>795</ele>
</trkpt>
<trkpt lat="33.00789694444445" lon="130.97442611111111">
<ele>788</ele>
</trkpt>
<trkpt lat="33.00790611111111" lon="130.97405111111112">
<ele>787</ele>
</trkpt>
<trkpt lat="33.00798888888889" lon="130.97361388888888">
<ele>783</ele>
</trkpt>
<trkpt lat="33.008046944444445" lon="130.9734511111111">
<ele>783</ele>
</trkpt>
<trkpt lat="33.00839694444444" lon="130.97313888888888">
<ele>778</ele>
</trkpt>
<trkpt lat="33.008496944444445" lon="130.9730011111111">
<ele>777</ele>
</trkpt>
<trkpt lat="33.00881388888889" lon="130.97250111111111">
<ele>774</ele>
</trkpt>
<trkpt lat="33.00903888888889" lon="130.9720511111111">
<ele>772</ele>
</trkpt>
<trkpt lat="33.00908888888889" lon="130.97191388888888">
<ele>772</ele>
</trkpt>
<trkpt lat="33.00915611111111" lon="130.97063888888889">
<ele>759</ele>
</trkpt>
<trkpt lat="33.009096944444444" lon="130.97042611111112">
<ele>757</ele>
</trkpt>
<trkpt lat="33.00898888888889" lon="130.9702388888889">
<ele>757</ele>
</trkpt>
<trkpt lat="33.008496944444445" lon="130.9696638888889">
<ele>756</ele>
</trkpt>
<trkpt lat="33.00841388888889" lon="130.9694761111111">
<ele>758</ele>
</trkpt>
<trkpt lat="33.00838888888889" lon="130.9693388888889">
<ele>757</ele>
</trkpt>
<trkpt lat="33.00821388888889" lon="130.9677638888889">
<ele>755</ele>
</trkpt>
<trkpt lat="33.00819694444444" lon="130.96760194444445">
<ele>750</ele>
</trkpt>
<trkpt lat="33.00800888888889" lon="130.96690694444445">
<ele>744</ele>
</trkpt>
<trkpt lat="33.00800888888889" lon="130.96690694444445">
<ele>744</ele>
</trkpt>
<trkpt lat="33.007871944444446" lon="130.96640194444444">
<ele>739</ele>
</trkpt>
<trkpt lat="33.007871944444446" lon="130.96627694444445">
<ele>739</ele>
</trkpt>
<trkpt lat="33.00794694444444" lon="130.96610194444443">
<ele>738</ele>
</trkpt>
<trkpt lat="33.00803888888889" lon="130.96588888888888">
<ele>736</ele>
</trkpt>
<trkpt lat="33.008071944444445" lon="130.9657388888889">
<ele>736</ele>
</trkpt>
<trkpt lat="33.00803888888889" lon="130.96552694444443">
<ele>734</ele>
</trkpt>
<trkpt lat="33.00795611111111" lon="130.96533888888888">
<ele>733</ele>
</trkpt>
<trkpt lat="33.00776388888889" lon="130.96502694444445">
<ele>731</ele>
</trkpt>
<trkpt lat="33.00725611111111" lon="130.96422694444445">
<ele>728</ele>
</trkpt>
<trkpt lat="33.00720611111111" lon="130.9640388888889">
<ele>726</ele>
</trkpt>
<trkpt lat="33.00718111111111" lon="130.96382694444443">
<ele>724</ele>
</trkpt>
<trkpt lat="33.007131111111114" lon="130.9635888888889">
<ele>722</ele>
</trkpt>
<trkpt lat="33.00703111111111" lon="130.96340194444446">
<ele>721</ele>
</trkpt>
<trkpt lat="33.00678111111111" lon="130.96306388888888">
<ele>720</ele>
</trkpt>
<trkpt lat="33.00658888888889" lon="130.9626888888889">
<ele>718</ele>
</trkpt>
<trkpt lat="33.00643111111111" lon="130.9624388888889">
<ele>711</ele>
</trkpt>
<trkpt lat="33.00597305555556" lon="130.96177694444444">
<ele>711</ele>
</trkpt>
<trkpt lat="33.00582305555555" lon="130.96142694444444">
<ele>712</ele>
</trkpt>
<trkpt lat="33.00578111111111" lon="130.9611138888889">
<ele>714</ele>
</trkpt>
<trkpt lat="33.00579694444444" lon="130.9606138888889">
<ele>709</ele>
</trkpt>
<trkpt lat="33.00584805555555" lon="130.96040194444444">
<ele>704</ele>
</trkpt>
<trkpt lat="33.00593888888889" lon="130.96020194444444">
<ele>704</ele>
</trkpt>
<trkpt lat="33.00631388888889" lon="130.95957694444445">
<ele>703</ele>
</trkpt>
<trkpt lat="33.00640611111111" lon="130.95934">
<ele>703</ele>
</trkpt>
<trkpt lat="33.00644805555556" lon="130.959065">
<ele>703</ele>
</trkpt>
<trkpt lat="33.00645611111111" lon="130.95862694444443">
<ele>702</ele>
</trkpt>
<trkpt lat="33.006481111111114" lon="130.95837694444444">
<ele>700</ele>
</trkpt>
<trkpt lat="33.00663111111111" lon="130.95765194444445">
<ele>696</ele>
</trkpt>
<trkpt lat="33.00666388888889" lon="130.95730194444445">
<ele>695</ele>
</trkpt>
<trkpt lat="33.006706111111114" lon="130.95664">
<ele>688</ele>
</trkpt>
<trkpt lat="33.00675611111111" lon="130.956365">
<ele>685</ele>
</trkpt>
<trkpt lat="33.006996944444445" lon="130.95582694444445">
<ele>684</ele>
</trkpt>
<trkpt lat="33.00709805555555" lon="130.955515">
<ele>684</ele>
</trkpt>
<trkpt lat="33.00725611111111" lon="130.954615">
<ele>682</ele>
</trkpt>
<trkpt lat="33.00735611111111" lon="130.95429">
<ele>683</ele>
</trkpt>
<trkpt lat="33.00752111111111" lon="130.95401305555555">
<ele>684</ele>
</trkpt>
<trkpt lat="33.00752111111111" lon="130.95401305555555">
<ele>684</ele>
</trkpt>
<trkpt lat="33.00757194444444" lon="130.95392694444445">
<ele>685</ele>
</trkpt>
<trkpt lat="33.00799694444444" lon="130.95340305555555">
<ele>674</ele>
</trkpt>
<trkpt lat="33.00810611111111" lon="130.95320305555555">
<ele>675</ele>
</trkpt>
<trkpt lat="33.00819694444444" lon="130.95277694444445">
<ele>672</ele>
</trkpt>
<trkpt lat="33.00822194444444" lon="130.95257694444444">
<ele>672</ele>
</trkpt>
<trkpt lat="33.00822194444444" lon="130.95229">
<ele>662</ele>
</trkpt>
<trkpt lat="33.00821388888889" lon="130.952015">
<ele>660</ele>
</trkpt>
<trkpt lat="33.00822194444444" lon="130.951465">
<ele>661</ele>
</trkpt>
<trkpt lat="33.00828888888889" lon="130.95109">
<ele>659</ele>
</trkpt>
<trkpt lat="33.00841388888889" lon="130.95075305555557">
<ele>660</ele>
</trkpt>
<trkpt lat="33.00868111111111" lon="130.950315">
<ele>655</ele>
</trkpt>
<trkpt lat="33.00956388888889" lon="130.94922805555555">
<ele>635</ele>
</trkpt>
<trkpt lat="33.009746944444444" lon="130.94899">
<ele>637</ele>
</trkpt>
<trkpt lat="33.00983" lon="130.948765">
<ele>637</ele>
</trkpt>
<trkpt lat="33.00984694444445" lon="130.94855305555555">
<ele>636</ele>
</trkpt>
<trkpt lat="33.00978888888889" lon="130.948215">
<ele>633</ele>
</trkpt>
<trkpt lat="33.00953111111111" lon="130.94737805555556">
<ele>627</ele>
</trkpt>
<trkpt lat="33.00947194444444" lon="130.94705305555556">
<ele>625</ele>
</trkpt>
<trkpt lat="33.00945888888889" lon="130.946705">
<ele>625</ele>
</trkpt>
<trkpt lat="33.00945888888889" lon="130.946705">
<ele>625</ele>
</trkpt>
<trkpt lat="33.00945611111111" lon="130.9466161111111">
<ele>625</ele>
</trkpt>
<trkpt lat="33.00943888888889" lon="130.94632805555557">
<ele>634</ele>
</trkpt>
<trkpt lat="33.009346944444445" lon="130.94610305555557">
<ele>632</ele>
</trkpt>
<trkpt lat="33.00880611111111" lon="130.94532805555556">
<ele>627</ele>
</trkpt>
<trkpt lat="33.008671944444444" lon="130.94494111111112">
<ele>626</ele>
</trkpt>
<trkpt lat="33.00861388888889" lon="130.94460305555555">
<ele>628</ele>
</trkpt>
<trkpt lat="33.008631111111114" lon="130.9444161111111">
<ele>625</ele>
</trkpt>
<trkpt lat="33.00893111111111" lon="130.94372805555557">
<ele>613</ele>
</trkpt>
<trkpt lat="33.008963888888886" lon="130.94342805555556">
<ele>611</ele>
</trkpt>
<trkpt lat="33.00893111111111" lon="130.9431911111111">
<ele>606</ele>
</trkpt>
<trkpt lat="33.00879694444444" lon="130.94277805555555">
<ele>608</ele>
</trkpt>
<trkpt lat="33.008763888888886" lon="130.94255305555555">
<ele>620</ele>
</trkpt>
<trkpt lat="33.00877194444445" lon="130.94235305555554">
<ele>619</ele>
</trkpt>
<trkpt lat="33.00898111111111" lon="130.94177805555555">
<ele>600</ele>
</trkpt>
<trkpt lat="33.00902194444444" lon="130.94155305555554">
<ele>599</ele>
</trkpt>
<trkpt lat="33.00899694444445" lon="130.94131611111112">
<ele>621</ele>
</trkpt>
<trkpt lat="33.00891388888889" lon="130.9411161111111">
<ele>613</ele>
</trkpt>
<trkpt lat="33.008313888888885" lon="130.9404538888889">
<ele>604</ele>
</trkpt>
<trkpt lat="33.00822194444444" lon="130.94031611111112">
<ele>601</ele>
</trkpt>
<trkpt lat="33.00821" lon="130.94027888888888">
<ele>600</ele>
</trkpt>
<trkpt lat="33.00821" lon="130.94027888888888">
<ele>600</ele>
</trkpt>
<trkpt lat="33.00816388888889" lon="130.9401411111111">
<ele>599</ele>
</trkpt>
<trkpt lat="33.00815611111111" lon="130.93995388888888">
<ele>598</ele>
</trkpt>
<trkpt lat="33.00842194444444" lon="130.9385411111111">
<ele>588</ele>
</trkpt>
<trkpt lat="33.00843111111111" lon="130.9381788888889">
<ele>579</ele>
</trkpt>
<trkpt lat="33.008406111111114" lon="130.9378411111111">
<ele>575</ele>
</trkpt>
<trkpt lat="33.00828111111111" lon="130.93736611111112">
<ele>574</ele>
</trkpt>
<trkpt lat="33.008206111111114" lon="130.9369788888889">
<ele>574</ele>
</trkpt>
<trkpt lat="33.00817194444444" lon="130.9366038888889">
<ele>570</ele>
</trkpt>
<trkpt lat="33.00815611111111" lon="130.9359411111111">
<ele>561</ele>
</trkpt>
<trkpt lat="33.008096944444446" lon="130.93556611111111">
<ele>563</ele>
</trkpt>
<trkpt lat="33.00793888888889" lon="130.93495388888888">
<ele>559</ele>
</trkpt>
<trkpt lat="33.00783888888889" lon="130.9347788888889">
<ele>563</ele>
</trkpt>
<trkpt lat="33.00766388888889" lon="130.93459194444443">
<ele>569</ele>
</trkpt>
<trkpt lat="33.00678111111111" lon="130.9339788888889">
<ele>554</ele>
</trkpt>
<trkpt lat="33.00662194444445" lon="130.9339038888889">
<ele>561</ele>
</trkpt>
<trkpt lat="33.00648888888889" lon="130.93391694444443">
<ele>560</ele>
</trkpt>
<trkpt lat="33.006388888888885" lon="130.9340038888889">
<ele>557</ele>
</trkpt>
<trkpt lat="33.00635611111111" lon="130.93414194444443">
<ele>557</ele>
</trkpt>
<trkpt lat="33.006371944444446" lon="130.93446694444444">
<ele>554</ele>
</trkpt>
<trkpt lat="33.00643111111111" lon="130.93497888888888">
<ele>548</ele>
</trkpt>
<trkpt lat="33.00658888888889" lon="130.9359038888889">
<ele>542</ele>
</trkpt>
<trkpt lat="33.006596944444446" lon="130.93620388888888">
<ele>538</ele>
</trkpt>
<trkpt lat="33.00655611111111" lon="130.93642888888888">
<ele>536</ele>
</trkpt>
<trkpt lat="33.00651388888889" lon="130.9367411111111">
<ele>524</ele>
</trkpt>
<trkpt lat="33.00645611111111" lon="130.9379538888889">
<ele>524</ele>
</trkpt>
<trkpt lat="33.00653888888889" lon="130.9384411111111">
<ele>517</ele>
</trkpt>
<trkpt lat="33.00655611111111" lon="130.9386788888889">
<ele>521</ele>
</trkpt>
<trkpt lat="33.006535" lon="130.93872611111112">
<ele>519</ele>
</trkpt>
<trkpt lat="33.006535" lon="130.93872611111112">
<ele>519</ele>
</trkpt>
<trkpt lat="33.00650611111111" lon="130.9387911111111">
<ele>516</ele>
</trkpt>
<trkpt lat="33.00618111111111" lon="130.9391161111111">
<ele>510</ele>
</trkpt>
<trkpt lat="33.00600611111111" lon="130.93941611111111">
<ele>508</ele>
</trkpt>
<trkpt lat="33.00542305555555" lon="130.9411161111111">
<ele>502</ele>
</trkpt>
<trkpt lat="33.005296944444446" lon="130.94144111111112">
<ele>506</ele>
</trkpt>
<trkpt lat="33.00519805555555" lon="130.9415161111111">
<ele>507</ele>
</trkpt>
<trkpt lat="33.00506388888889" lon="130.94156611111111">
<ele>507</ele>
</trkpt>
<trkpt lat="33.00494805555556" lon="130.94155388888888">
<ele>500</ele>
</trkpt>
<trkpt lat="33.00483888888889" lon="130.9414788888889">
<ele>500</ele>
</trkpt>
<trkpt lat="33.004756111111114" lon="130.9413538888889">
<ele>502</ele>
</trkpt>
<trkpt lat="33.00473111111111" lon="130.9411411111111">
<ele>503</ele>
</trkpt>
<trkpt lat="33.00480611111111" lon="130.94075388888888">
<ele>495</ele>
</trkpt>
<trkpt lat="33.005023055555554" lon="130.93970388888889">
<ele>476</ele>
</trkpt>
<trkpt lat="33.005406111111114" lon="130.9385038888889">
<ele>474</ele>
</trkpt>
<trkpt lat="33.005496944444445" lon="130.93816611111112">
<ele>471</ele>
</trkpt>
<trkpt lat="33.00548888888889" lon="130.9379661111111">
<ele>466</ele>
</trkpt>
<trkpt lat="33.00543111111111" lon="130.93779111111112">
<ele>467</ele>
</trkpt>
<trkpt lat="33.00521694444444" lon="130.93751194444445">
<ele>466</ele>
</trkpt>
<trkpt lat="33.00521694444444" lon="130.93751111111112">
<ele>466</ele>
</trkpt>
<trkpt lat="33.00503888888889" lon="130.9372788888889">
<ele>464</ele>
</trkpt>
<trkpt lat="33.004981111111114" lon="130.9371538888889">
<ele>466</ele>
</trkpt>
<trkpt lat="33.00495611111111" lon="130.9365411111111">
<ele>465</ele>
</trkpt>
<trkpt lat="33.00499694444444" lon="130.9358411111111">
<ele>459</ele>
</trkpt>
<trkpt lat="33.00498888888889" lon="130.9356788888889">
<ele>457</ele>
</trkpt>
<trkpt lat="33.00493111111111" lon="130.93552888888888">
<ele>455</ele>
</trkpt>
<trkpt lat="33.00418888888889" lon="130.93456694444444">
<ele>448</ele>
</trkpt>
<trkpt lat="33.00412305555555" lon="130.9344288888889">
<ele>445</ele>
</trkpt>
<trkpt lat="33.00413888888889" lon="130.93430388888888">
<ele>446</ele>
</trkpt>
<trkpt lat="33.00495611111111" lon="130.9322788888889">
<ele>434</ele>
</trkpt>
<trkpt lat="33.004981111111114" lon="130.93209194444444">
<ele>435</ele>
</trkpt>
<trkpt lat="33.00495611111111" lon="130.93194194444445">
<ele>434</ele>
</trkpt>
<trkpt lat="33.00489888888889" lon="130.93178305555554">
<ele>433</ele>
</trkpt>
<trkpt lat="33.00489888888889" lon="130.93178194444445">
<ele>433</ele>
</trkpt>
<trkpt lat="33.004598055555554" lon="130.93094194444444">
<ele>426</ele>
</trkpt>
<trkpt lat="33.00458888888889" lon="130.93071694444444">
<ele>425</ele>
</trkpt>
<trkpt lat="33.00469805555556" lon="130.92975388888888">
<ele>424</ele>
</trkpt>
<trkpt lat="33.00469805555556" lon="130.92949194444444">
<ele>422</ele>
</trkpt>
<trkpt lat="33.00415611111111" lon="130.927905">
<ele>415</ele>
</trkpt>
<trkpt lat="33.00409805555555" lon="130.92763">
<ele>409</ele>
</trkpt>
<trkpt lat="33.00407305555556" lon="130.92726694444445">
<ele>408</ele>
</trkpt>
<trkpt lat="33.00410611111111" lon="130.92691694444446">
<ele>408</ele>
</trkpt>
<trkpt lat="33.00418111111111" lon="130.92661694444445">
<ele>407</ele>
</trkpt>
<trkpt lat="33.00465611111111" lon="130.92544305555555">
<ele>398</ele>
</trkpt>
<trkpt lat="33.00466388888889" lon="130.92519305555555">
<ele>398</ele>
</trkpt>
<trkpt lat="33.004488888888886" lon="130.92408">
<ele>389</ele>
</trkpt>
<trkpt lat="33.00453111111111" lon="130.92351805555555">
<ele>387</ele>
</trkpt>
<trkpt lat="33.00445611111111" lon="130.92333">
<ele>384</ele>
</trkpt>
<trkpt lat="33.00409805555555" lon="130.92283">
<ele>385</ele>
</trkpt>
<trkpt lat="33.00405611111111" lon="130.922705">
<ele>379</ele>
</trkpt>
<trkpt lat="33.00404805555556" lon="130.92253">
<ele>375</ele>
</trkpt>
<trkpt lat="33.00400611111111" lon="130.92243">
<ele>374</ele>
</trkpt>
<trkpt lat="33.00373888888889" lon="130.922055">
<ele>377</ele>
</trkpt>
<trkpt lat="33.00369" lon="130.92188">
<ele>375</ele>
</trkpt>
<trkpt lat="33.003565" lon="130.92083">
<ele>373</ele>
</trkpt>
<trkpt lat="33.00355611111111" lon="130.92074805555555">
<ele>374</ele>
</trkpt>
<trkpt lat="33.00355611111111" lon="130.92074805555555">
<ele>374</ele>
</trkpt>
<trkpt lat="33.003548055555555" lon="130.92066805555555">
<ele>374</ele>
</trkpt>
<trkpt lat="33.003481111111114" lon="130.91990611111112">
<ele>358</ele>
</trkpt>
<trkpt lat="33.003465" lon="130.9197561111111">
<ele>358</ele>
</trkpt>
<trkpt lat="33.00344" lon="130.91923111111112">
<ele>357</ele>
</trkpt>
<trkpt lat="33.00345611111111" lon="130.91889305555554">
<ele>359</ele>
</trkpt>
<trkpt lat="33.00350611111111" lon="130.91855611111112">
<ele>358</ele>
</trkpt>
<trkpt lat="33.00359" lon="130.9182811111111">
<ele>358</ele>
</trkpt>
<trkpt lat="33.00382305555556" lon="130.9176811111111">
<ele>357</ele>
</trkpt>
<trkpt lat="33.004331111111114" lon="130.91669305555556">
<ele>350</ele>
</trkpt>
<trkpt lat="33.00494805555556" lon="130.91574305555557">
<ele>343</ele>
</trkpt>
<trkpt lat="33.00514" lon="130.9155561111111">
<ele>345</ele>
</trkpt>
<trkpt lat="33.005473055555555" lon="130.9153061111111">
<ele>346</ele>
</trkpt>
<trkpt lat="33.00593111111111" lon="130.91468111111112">
<ele>345</ele>
</trkpt>
<trkpt lat="33.00603111111111" lon="130.91459305555554">
<ele>345</ele>
</trkpt>
<trkpt lat="33.00682305555556" lon="130.91384305555556">
<ele>345</ele>
</trkpt>
<trkpt lat="33.00701388888889" lon="130.9136061111111">
<ele>348</ele>
</trkpt>
<trkpt lat="33.00706388888889" lon="130.9134061111111">
<ele>346</ele>
</trkpt>
<trkpt lat="33.007058055555554" lon="130.9122888888889">
<ele>345</ele>
</trkpt>
<trkpt lat="33.007058055555554" lon="130.9122888888889">
<ele>345</ele>
</trkpt>
<trkpt lat="33.00705611111111" lon="130.91186888888888">
<ele>345</ele>
</trkpt>
<trkpt lat="33.00708888888889" lon="130.9115811111111">
<ele>343</ele>
</trkpt>
<trkpt lat="33.00718111111111" lon="130.9113688888889">
<ele>343</ele>
</trkpt>
<trkpt lat="33.00732305555555" lon="130.9111561111111">
<ele>342</ele>
</trkpt>
<trkpt lat="33.00799694444444" lon="130.9104188888889">
<ele>344</ele>
</trkpt>
<trkpt lat="33.00813111111111" lon="130.9101938888889">
<ele>344</ele>
</trkpt>
<trkpt lat="33.00836388888889" lon="130.9099061111111">
<ele>337</ele>
</trkpt>
<trkpt lat="33.00851388888889" lon="130.90980611111112">
<ele>336</ele>
</trkpt>
<trkpt lat="33.00866388888889" lon="130.9097561111111">
<ele>334</ele>
</trkpt>
<trkpt lat="33.00930611111111" lon="130.9095561111111">
<ele>329</ele>
</trkpt>
<trkpt lat="33.00936388888889" lon="130.9094561111111">
<ele>330</ele>
</trkpt>
<trkpt lat="33.00935611111111" lon="130.9093061111111">
<ele>341</ele>
</trkpt>
<trkpt lat="33.00933888888889" lon="130.9087561111111">
<ele>346</ele>
</trkpt>
<trkpt lat="33.009346944444445" lon="130.90858111111112">
<ele>347</ele>
</trkpt>
<trkpt lat="33.00940611111111" lon="130.90845611111112">
<ele>348</ele>
</trkpt>
<trkpt lat="33.00993888888889" lon="130.9076938888889">
<ele>346</ele>
</trkpt>
<trkpt lat="33.01012194444444" lon="130.90744388888888">
<ele>343</ele>
</trkpt>
<trkpt lat="33.01069694444445" lon="130.9063688888889">
<ele>336</ele>
</trkpt>
<trkpt lat="33.01094694444444" lon="130.9060311111111">
<ele>336</ele>
</trkpt>
<trkpt lat="33.011363055555556" lon="130.90563111111112">
<ele>327</ele>
</trkpt>
<trkpt lat="33.01203805555556" lon="130.9050061111111">
<ele>327</ele>
</trkpt>
<trkpt lat="33.01219611111111" lon="130.90483111111112">
<ele>326</ele>
</trkpt>
<trkpt lat="33.012405" lon="130.90448111111112">
<ele>319</ele>
</trkpt>
<trkpt lat="33.01260388888889" lon="130.9038438888889">
<ele>314</ele>
</trkpt>
<trkpt lat="33.012636111111114" lon="130.9036311111111">
<ele>311</ele>
</trkpt>
<trkpt lat="33.012636111111114" lon="130.9036311111111">
<ele>311</ele>
</trkpt>
<trkpt lat="33.01267111111111" lon="130.9033938888889">
<ele>308</ele>
</trkpt>
<trkpt lat="33.01268805555556" lon="130.90255694444446">
<ele>307</ele>
</trkpt>
<trkpt lat="33.01275388888889" lon="130.9021688888889">
<ele>304</ele>
</trkpt>
<trkpt lat="33.01324611111111" lon="130.90121888888888">
<ele>306</ele>
</trkpt>
<trkpt lat="33.01334611111111" lon="130.90099388888888">
<ele>306</ele>
</trkpt>
<trkpt lat="33.013753888888886" lon="130.8998938888889">
<ele>295</ele>
</trkpt>
<trkpt lat="33.01405388888889" lon="130.8989688888889">
<ele>295</ele>
</trkpt>
<trkpt lat="33.014113055555555" lon="130.89871888888888">
<ele>297</ele>
</trkpt>
<trkpt lat="33.01417111111111" lon="130.89798194444444">
<ele>294</ele>
</trkpt>
<trkpt lat="33.01423694444444" lon="130.89763194444444">
<ele>297</ele>
</trkpt>
<trkpt lat="33.014311944444444" lon="130.8973938888889">
<ele>295</ele>
</trkpt>
<trkpt lat="33.01408694444444" lon="130.89738194444445">
<ele>289</ele>
</trkpt>
<trkpt lat="33.01373805555556" lon="130.89736888888888">
<ele>289</ele>
</trkpt>
<trkpt lat="33.013511944444446" lon="130.89735694444445">
<ele>292</ele>
</trkpt>
<trkpt lat="33.01337888888889" lon="130.89725694444445">
<ele>294</ele>
</trkpt>
<trkpt lat="33.013328888888886" lon="130.89705694444444">
<ele>295</ele>
</trkpt>
<trkpt lat="33.01337111111111" lon="130.89665694444443">
<ele>297</ele>
</trkpt>
<trkpt lat="33.01345388888889" lon="130.89620694444446">
<ele>297</ele>
</trkpt>
<trkpt lat="33.013621111111114" lon="130.89587">
<ele>294</ele>
</trkpt>
<trkpt lat="33.014046111111114" lon="130.89532">
<ele>289</ele>
</trkpt>
<trkpt lat="33.01424611111111" lon="130.895145">
<ele>287</ele>
</trkpt>
<trkpt lat="33.01448694444444" lon="130.89507">
<ele>288</ele>
</trkpt>
<trkpt lat="33.01472888888889" lon="130.895045">
<ele>286</ele>
</trkpt>
<trkpt lat="33.01494611111111" lon="130.894995">
<ele>287</ele>
</trkpt>
<trkpt lat="33.01510388888889" lon="130.89485694444446">
<ele>287</ele>
</trkpt>
<trkpt lat="33.015211944444445" lon="130.89467">
<ele>287</ele>
</trkpt>
<trkpt lat="33.01527" lon="130.89443194444445">
<ele>288</ele>
</trkpt>
<trkpt lat="33.01527611111111" lon="130.8942638888889">
<ele>288</ele>
</trkpt>
<trkpt lat="33.01527611111111" lon="130.8942638888889">
<ele>288</ele>
</trkpt>
<trkpt lat="33.015278888888886" lon="130.89418194444445">
<ele>288</ele>
</trkpt>
<trkpt lat="33.01515388888889" lon="130.893245">
<ele>286</ele>
</trkpt>
<trkpt lat="33.015095" lon="130.89303305555555">
<ele>286</ele>
</trkpt>
<trkpt lat="33.015011944444446" lon="130.89282">
<ele>279</ele>
</trkpt>
<trkpt lat="33.01487" lon="130.89263305555556">
<ele>281</ele>
</trkpt>
<trkpt lat="33.01406194444444" lon="130.89182">
<ele>284</ele>
</trkpt>
<trkpt lat="33.01392111111111" lon="130.89155805555555">
<ele>279</ele>
</trkpt>
<trkpt lat="33.01383694444444" lon="130.89130694444444">
<ele>278</ele>
</trkpt>
<trkpt lat="33.01382111111111" lon="130.89107">
<ele>276</ele>
</trkpt>
<trkpt lat="33.01389611111111" lon="130.89082">
<ele>277</ele>
</trkpt>
<trkpt lat="33.01403694444444" lon="130.89067">
<ele>274</ele>
</trkpt>
<trkpt lat="33.01448694444444" lon="130.890445">
<ele>270</ele>
</trkpt>
<trkpt lat="33.01461194444445" lon="130.890295">
<ele>270</ele>
</trkpt>
<trkpt lat="33.01468694444444" lon="130.89012">
<ele>270</ele>
</trkpt>
<trkpt lat="33.01477" lon="130.88945805555556">
<ele>270</ele>
</trkpt>
<trkpt lat="33.014736944444444" lon="130.88923305555556">
<ele>270</ele>
</trkpt>
<trkpt lat="33.01467" lon="130.88903305555556">
<ele>270</ele>
</trkpt>
<trkpt lat="33.01452888888889" lon="130.88888305555557">
<ele>270</ele>
</trkpt>
<trkpt lat="33.014361944444445" lon="130.88870805555555">
<ele>270</ele>
</trkpt>
<trkpt lat="33.01427888888889" lon="130.88852">
<ele>270</ele>
</trkpt>
<trkpt lat="33.014245" lon="130.88833305555556">
<ele>270</ele>
</trkpt>
<trkpt lat="33.014248888888886" lon="130.888315">
<ele>270</ele>
</trkpt>
<trkpt lat="33.014248888888886" lon="130.888315">
<ele>270</ele>
</trkpt>
<trkpt lat="33.01432" lon="130.88800805555556">
<ele>270</ele>
</trkpt>
<trkpt lat="33.01443694444445" lon="130.887495">
<ele>269</ele>
</trkpt>
<trkpt lat="33.01446194444444" lon="130.88738305555555">
<ele>272</ele>
</trkpt>
<trkpt lat="33.01378694444445" lon="130.88675805555556">
<ele>265</ele>
</trkpt>
<trkpt lat="33.013536944444446" lon="130.88633305555555">
<ele>265</ele>
</trkpt>
<trkpt lat="33.01347888888889" lon="130.88585805555556">
<ele>266</ele>
</trkpt>
<trkpt lat="33.01345388888889" lon="130.8849461111111">
<ele>273</ele>
</trkpt>
<trkpt lat="33.013495" lon="130.88465805555555">
<ele>276</ele>
</trkpt>
<trkpt lat="33.01357" lon="130.88444611111112">
<ele>276</ele>
</trkpt>
<trkpt lat="33.01383694444444" lon="130.88398305555555">
<ele>277</ele>
</trkpt>
<trkpt lat="33.01405388888889" lon="130.8834961111111">
<ele>277</ele>
</trkpt>
<trkpt lat="33.01408694444444" lon="130.88285805555554">
<ele>278</ele>
</trkpt>
<trkpt lat="33.014145" lon="130.88270805555555">
<ele>277</ele>
</trkpt>
<trkpt lat="33.01445388888889" lon="130.88233305555556">
<ele>273</ele>
</trkpt>
<trkpt lat="33.014695" lon="130.88180805555555">
<ele>276</ele>
</trkpt>
<trkpt lat="33.014745" lon="130.88158305555555">
<ele>276</ele>
</trkpt>
<trkpt lat="33.014828888888886" lon="130.8805461111111">
<ele>272</ele>
</trkpt>
<trkpt lat="33.01490388888889" lon="130.8803961111111">
<ele>273</ele>
</trkpt>
<trkpt lat="33.015095" lon="130.88018305555556">
<ele>271</ele>
</trkpt>
<trkpt lat="33.01537805555556" lon="130.88005805555557">
<ele>266</ele>
</trkpt>
<trkpt lat="33.01551194444444" lon="130.87995805555556">
<ele>265</ele>
</trkpt>
<trkpt lat="33.01578694444444" lon="130.87960805555556">
<ele>256</ele>
</trkpt>
<trkpt lat="33.016328055555554" lon="130.87848305555556">
<ele>257</ele>
</trkpt>
<trkpt lat="33.016395" lon="130.87820805555555">
<ele>255</ele>
</trkpt>
<trkpt lat="33.01642" lon="130.8778961111111">
<ele>254</ele>
</trkpt>
<trkpt lat="33.01636694444444" lon="130.87731194444444">
<ele>252</ele>
</trkpt>
<trkpt lat="33.01636694444444" lon="130.87731194444444">
<ele>252</ele>
</trkpt>
<trkpt lat="33.01622805555556" lon="130.87578305555556">
<ele>246</ele>
</trkpt>
<trkpt lat="33.01613694444445" lon="130.87559611111112">
<ele>246</ele>
</trkpt>
<trkpt lat="33.015861944444445" lon="130.8751961111111">
<ele>245</ele>
</trkpt>
<trkpt lat="33.015661944444446" lon="130.87485805555556">
<ele>246</ele>
</trkpt>
<trkpt lat="33.015595" lon="130.87458305555555">
<ele>246</ele>
</trkpt>
<trkpt lat="33.01556194444444" lon="130.87414611111112">
<ele>247</ele>
</trkpt>
<trkpt lat="33.01560388888889" lon="130.8735211111111">
<ele>248</ele>
</trkpt>
<trkpt lat="33.015478888888886" lon="130.87264611111112">
<ele>255</ele>
</trkpt>
<trkpt lat="33.01537888888889" lon="130.87180805555556">
<ele>254</ele>
</trkpt>
<trkpt lat="33.01522888888889" lon="130.87065805555557">
<ele>258</ele>
</trkpt>
<trkpt lat="33.01519611111111" lon="130.87050805555555">
<ele>260</ele>
</trkpt>
<trkpt lat="33.015186944444444" lon="130.87025805555555">
<ele>263</ele>
</trkpt>
<trkpt lat="33.01522888888889" lon="130.87008305555557">
<ele>267</ele>
</trkpt>
<trkpt lat="33.01528694444445" lon="130.86993305555555">
<ele>266</ele>
</trkpt>
<trkpt lat="33.01533694444444" lon="130.8698711111111">
<ele>268</ele>
</trkpt>
<trkpt lat="33.01562888888889" lon="130.86960805555555">
<ele>275</ele>
</trkpt>
<trkpt lat="33.01592" lon="130.86940805555557">
<ele>275</ele>
</trkpt>
<trkpt lat="33.016061944444445" lon="130.86913305555555">
<ele>275</ele>
</trkpt>
<trkpt lat="33.016103888888885" lon="130.86902111111112">
<ele>274</ele>
</trkpt>
<trkpt lat="33.01653694444445" lon="130.8675211111111">
<ele>274</ele>
</trkpt>
<trkpt lat="33.01657888888889" lon="130.86734611111112">
<ele>276</ele>
</trkpt>
<trkpt lat="33.01660388888889" lon="130.8670461111111">
<ele>275</ele>
</trkpt>
<trkpt lat="33.016595" lon="130.8669711111111">
<ele>274</ele>
</trkpt>
<trkpt lat="33.01657888888889" lon="130.8668211111111">
<ele>273</ele>
</trkpt>
<trkpt lat="33.01649611111111" lon="130.8664961111111">
<ele>274</ele>
</trkpt>
<trkpt lat="33.01604611111111" lon="130.86539611111112">
<ele>273</ele>
</trkpt>
<trkpt lat="33.01600194444445" lon="130.86527305555555">
<ele>274</ele>
</trkpt>
<trkpt lat="33.01600194444445" lon="130.86527305555555">
<ele>274</ele>
</trkpt>
<trkpt lat="33.01591194444445" lon="130.8650211111111">
<ele>275</ele>
</trkpt>
<trkpt lat="33.015771111111114" lon="130.86463305555554">
<ele>275</ele>
</trkpt>
<trkpt lat="33.01555388888889" lon="130.86404611111112">
<ele>270</ele>
</trkpt>
<trkpt lat="33.01550388888889" lon="130.8638961111111">
<ele>270</ele>
</trkpt>
<trkpt lat="33.015346111111114" lon="130.8635211111111">
<ele>277</ele>
</trkpt>
<trkpt lat="33.01523805555556" lon="130.8630588888889">
<ele>278</ele>
</trkpt>
<trkpt lat="33.015188055555555" lon="130.86268388888888">
<ele>274</ele>
</trkpt>
<trkpt lat="33.01517111111111" lon="130.8621838888889">
<ele>276</ele>
</trkpt>
<trkpt lat="33.01524611111111" lon="130.86155888888888">
<ele>269</ele>
</trkpt>
<trkpt lat="33.01532888888889" lon="130.8611961111111">
<ele>266</ele>
</trkpt>
<trkpt lat="33.015346111111114" lon="130.8610588888889">
<ele>263</ele>
</trkpt>
<trkpt lat="33.01533805555555" lon="130.8609461111111">
<ele>263</ele>
</trkpt>
<trkpt lat="33.01532888888889" lon="130.8608088888889">
<ele>266</ele>
</trkpt>
<trkpt lat="33.01529611111111" lon="130.8607211111111">
<ele>265</ele>
</trkpt>
<trkpt lat="33.015121111111114" lon="130.8603711111111">
<ele>262</ele>
</trkpt>
<trkpt lat="33.01495388888889" lon="130.8601588888889">
<ele>265</ele>
</trkpt>
<trkpt lat="33.01445388888889" lon="130.85964611111112">
<ele>257</ele>
</trkpt>
<trkpt lat="33.014138055555556" lon="130.8592211111111">
<ele>253</ele>
</trkpt>
<trkpt lat="33.01383" lon="130.8587588888889">
<ele>254</ele>
</trkpt>
<trkpt lat="33.01343" lon="130.8583588888889">
<ele>252</ele>
</trkpt>
<trkpt lat="33.01312111111111" lon="130.8580838888889">
<ele>253</ele>
</trkpt>
<trkpt lat="33.01282194444445" lon="130.8577838888889">
<ele>253</ele>
</trkpt>
<trkpt lat="33.01271305555556" lon="130.85760888888888">
<ele>253</ele>
</trkpt>
<trkpt lat="33.012555" lon="130.85725888888888">
<ele>251</ele>
</trkpt>
<trkpt lat="33.01251694444444" lon="130.8571411111111">
<ele>251</ele>
</trkpt>
<trkpt lat="33.01251694444444" lon="130.8571411111111">
<ele>251</ele>
</trkpt>
<trkpt lat="33.01242194444445" lon="130.8568461111111">
<ele>252</ele>
</trkpt>
<trkpt lat="33.01233805555555" lon="130.8565338888889">
<ele>251</ele>
</trkpt>
<trkpt lat="33.01233" lon="130.8562838888889">
<ele>248</ele>
</trkpt>
<trkpt lat="33.012413055555555" lon="130.8560961111111">
<ele>246</ele>
</trkpt>
<trkpt lat="33.012555" lon="130.8558338888889">
<ele>244</ele>
</trkpt>
<trkpt lat="33.012855" lon="130.8553838888889">
<ele>243</ele>
</trkpt>
<trkpt lat="33.012971944444445" lon="130.8551961111111">
<ele>243</ele>
</trkpt>
<trkpt lat="33.012996944444446" lon="130.85508388888888">
<ele>243</ele>
</trkpt>
<trkpt lat="33.01298" lon="130.8548461111111">
<ele>242</ele>
</trkpt>
<trkpt lat="33.01292194444444" lon="130.8546961111111">
<ele>242</ele>
</trkpt>
<trkpt lat="33.012805" lon="130.8545588888889">
<ele>242</ele>
</trkpt>
<trkpt lat="33.01263888888889" lon="130.8543961111111">
<ele>241</ele>
</trkpt>
<trkpt lat="33.01224694444444" lon="130.8541588888889">
<ele>244</ele>
</trkpt>
<trkpt lat="33.01193" lon="130.85397111111112">
<ele>246</ele>
</trkpt>
<trkpt lat="33.01177194444445" lon="130.8538338888889">
<ele>246</ele>
</trkpt>
<trkpt lat="33.01166388888889" lon="130.8536961111111">
<ele>245</ele>
</trkpt>
<trkpt lat="33.01157194444445" lon="130.85350888888888">
<ele>245</ele>
</trkpt>
<trkpt lat="33.011496944444445" lon="130.85317111111112">
<ele>243</ele>
</trkpt>
<trkpt lat="33.01148888888889" lon="130.8531088888889">
<ele>243</ele>
</trkpt>
<trkpt lat="33.011471944444445" lon="130.85262111111112">
<ele>244</ele>
</trkpt>
<trkpt lat="33.01143888888889" lon="130.8521211111111">
<ele>241</ele>
</trkpt>
<trkpt lat="33.01141388888889" lon="130.8517961111111">
<ele>241</ele>
</trkpt>
<trkpt lat="33.01136388888889" lon="130.85149694444445">
<ele>242</ele>
</trkpt>
<trkpt lat="33.01112194444445" lon="130.8508338888889">
<ele>242</ele>
</trkpt>
<trkpt lat="33.01089694444445" lon="130.85023388888888">
<ele>242</ele>
</trkpt>
<trkpt lat="33.010756111111114" lon="130.84982194444444">
<ele>243</ele>
</trkpt>
<trkpt lat="33.01063111111111" lon="130.8494088888889">
<ele>243</ele>
</trkpt>
<trkpt lat="33.01054805555555" lon="130.84920888888888">
<ele>243</ele>
</trkpt>
<trkpt lat="33.01044805555556" lon="130.84900888888887">
<ele>242</ele>
</trkpt>
<trkpt lat="33.01034805555555" lon="130.84884694444443">
<ele>243</ele>
</trkpt>
<trkpt lat="33.01028111111111" lon="130.84875888888888">
<ele>243</ele>
</trkpt>
<trkpt lat="33.00985611111111" lon="130.84830888888888">
<ele>243</ele>
</trkpt>
<trkpt lat="33.00969805555555" lon="130.84809694444445">
<ele>240</ele>
</trkpt>
<trkpt lat="33.009498055555554" lon="130.84769694444444">
<ele>239</ele>
</trkpt>
<trkpt lat="33.00938111111111" lon="130.84732194444445">
<ele>241</ele>
</trkpt>
<trkpt lat="33.00935611111111" lon="130.84715888888888">
<ele>241</ele>
</trkpt>
<trkpt lat="33.009348055555556" lon="130.8469838888889">
<ele>244</ele>
</trkpt>
<trkpt lat="33.009348055555556" lon="130.8468588888889">
<ele>245</ele>
</trkpt>
<trkpt lat="33.00935611111111" lon="130.84647194444443">
<ele>250</ele>
</trkpt>
<trkpt lat="33.00934" lon="130.84593388888888">
<ele>254</ele>
</trkpt>
<trkpt lat="33.009265" lon="130.84394694444444">
<ele>252</ele>
</trkpt>
<trkpt lat="33.00922305555556" lon="130.843585">
<ele>252</ele>
</trkpt>
<trkpt lat="33.009036944444446" lon="130.8430161111111">
<ele>248</ele>
</trkpt>
<trkpt lat="33.009036944444446" lon="130.8430161111111">
<ele>248</ele>
</trkpt>
<trkpt lat="33.00899805555556" lon="130.84289694444445">
<ele>247</ele>
</trkpt>
<trkpt lat="33.00898194444444" lon="130.84272194444443">
<ele>246</ele>
</trkpt>
<trkpt lat="33.00897305555556" lon="130.84244694444445">
<ele>245</ele>
</trkpt>
<trkpt lat="33.00899805555556" lon="130.841835">
<ele>240</ele>
</trkpt>
<trkpt lat="33.00899805555556" lon="130.841585">
<ele>240</ele>
</trkpt>
<trkpt lat="33.00894" lon="130.84134694444444">
<ele>241</ele>
</trkpt>
<trkpt lat="33.00884805555555" lon="130.84112194444444">
<ele>241</ele>
</trkpt>
<trkpt lat="33.00695694444445" lon="130.837835">
<ele>227</ele>
</trkpt>
<trkpt lat="33.006058055555556" lon="130.836335">
<ele>221</ele>
</trkpt>
<trkpt lat="33.00591611111111" lon="130.83614805555555">
<ele>221</ele>
</trkpt>
<trkpt lat="33.005766111111114" lon="130.83597305555554">
<ele>218</ele>
</trkpt>
<trkpt lat="33.00554888888889" lon="130.83586">
<ele>219</ele>
</trkpt>
<trkpt lat="33.005383055555555" lon="130.83577305555556">
<ele>217</ele>
</trkpt>
<trkpt lat="33.00454111111111" lon="130.835385">
<ele>212</ele>
</trkpt>
<trkpt lat="33.00434111111111" lon="130.83527305555555">
<ele>213</ele>
</trkpt>
<trkpt lat="33.00414111111111" lon="130.83512305555556">
<ele>214</ele>
</trkpt>
<trkpt lat="33.00399111111111" lon="130.83494805555554">
<ele>217</ele>
</trkpt>
<trkpt lat="33.00394111111111" lon="130.834885">
<ele>218</ele>
</trkpt>
<trkpt lat="33.003375" lon="130.8340861111111">
<ele>216</ele>
</trkpt>
<trkpt lat="33.00335805555556" lon="130.8340611111111">
<ele>216</ele>
</trkpt>
<trkpt lat="33.003275" lon="130.83397305555556">
<ele>215</ele>
</trkpt>
<trkpt lat="33.00308305555556" lon="130.83378611111112">
<ele>211</ele>
</trkpt>
<trkpt lat="33.002875" lon="130.83364805555556">
<ele>208</ele>
</trkpt>
<trkpt lat="33.002675" lon="130.83356111111112">
<ele>207</ele>
</trkpt>
<trkpt lat="33.00090388888889" lon="130.83303388888888">
<ele>193</ele>
</trkpt>
<trkpt lat="33.00090388888889" lon="130.83303388888888">
<ele>193</ele>
</trkpt>
<trkpt lat="33.000658055555554" lon="130.8329611111111">
<ele>191</ele>
</trkpt>
<trkpt lat="33.0005" lon="130.83288611111112">
<ele>191</ele>
</trkpt>
<trkpt lat="33.00035" lon="130.83279805555554">
<ele>191</ele>
</trkpt>
<trkpt lat="33.000208055555554" lon="130.83267305555555">
<ele>187</ele>
</trkpt>
<trkpt lat="32.999575" lon="130.8319611111111">
<ele>182</ele>
</trkpt>
<trkpt lat="32.99941611111111" lon="130.83178611111111">
<ele>185</ele>
</trkpt>
<trkpt lat="32.99909111111111" lon="130.83141111111112">
<ele>188</ele>
</trkpt>
<trkpt lat="32.99861611111111" lon="130.83084888888888">
<ele>180</ele>
</trkpt>
<trkpt lat="32.99851611111111" lon="130.83074888888888">
<ele>182</ele>
</trkpt>
<trkpt lat="32.998398888888886" lon="130.8306611111111">
<ele>180</ele>
</trkpt>
<trkpt lat="32.99824888888889" lon="130.8305738888889">
<ele>176</ele>
</trkpt>
<trkpt lat="32.99800805555556" lon="130.8304488888889">
<ele>174</ele>
</trkpt>
<trkpt lat="32.99784888888889" lon="130.8303738888889">
<ele>175</ele>
</trkpt>
<trkpt lat="32.997433055555554" lon="130.83014888888889">
<ele>178</ele>
</trkpt>
<trkpt lat="32.99724111111111" lon="130.83007388888888">
<ele>177</ele>
</trkpt>
<trkpt lat="32.997191111111114" lon="130.83004888888888">
<ele>177</ele>
</trkpt>
<trkpt lat="32.99704111111111" lon="130.82998694444444">
<ele>175</ele>
</trkpt>
<trkpt lat="32.996048888888886" lon="130.82948694444445">
<ele>166</ele>
</trkpt>
<trkpt lat="32.99570805555555" lon="130.82921194444444">
<ele>169</ele>
</trkpt>
<trkpt lat="32.99566611111111" lon="130.82918694444444">
<ele>168</ele>
</trkpt>
<trkpt lat="32.99560805555556" lon="130.82916194444445">
<ele>168</ele>
</trkpt>
<trkpt lat="32.995533055555555" lon="130.82913694444446">
<ele>166</ele>
</trkpt>
<trkpt lat="32.99524888888889" lon="130.82904888888888">
<ele>164</ele>
</trkpt>
<trkpt lat="32.995198888888886" lon="130.82903694444445">
<ele>162</ele>
</trkpt>
<trkpt lat="32.99504888888889" lon="130.8289738888889">
<ele>160</ele>
</trkpt>
<trkpt lat="32.99494888888889" lon="130.8288988888889">
<ele>156</ele>
</trkpt>
<trkpt lat="32.99478305555556" lon="130.8287488888889">
<ele>154</ele>
</trkpt>
<trkpt lat="32.99469888888889" lon="130.82866194444443">
<ele>154</ele>
</trkpt>
<trkpt lat="32.99464888888889" lon="130.82863694444444">
<ele>156</ele>
</trkpt>
<trkpt lat="32.99449888888889" lon="130.82853694444444">
<ele>154</ele>
</trkpt>
<trkpt lat="32.99351611111111" lon="130.82811194444446">
<ele>146</ele>
</trkpt>
<trkpt lat="32.993408055555555" lon="130.82806194444444">
<ele>147</ele>
</trkpt>
<trkpt lat="32.99256611111111" lon="130.82766194444446">
<ele>140</ele>
</trkpt>
<trkpt lat="32.992108055555555" lon="130.82748694444444">
<ele>145</ele>
</trkpt>
<trkpt lat="32.99194111111111" lon="130.82735">
<ele>145</ele>
</trkpt>
<trkpt lat="32.99164888888889" lon="130.82696194444443">
<ele>145</ele>
</trkpt>
<trkpt lat="32.991548888888886" lon="130.82681194444444">
<ele>145</ele>
</trkpt>
<trkpt lat="32.99144888888889" lon="130.82656194444445">
<ele>146</ele>
</trkpt>
<trkpt lat="32.991216111111115" lon="130.82548805555555">
<ele>145</ele>
</trkpt>
<trkpt lat="32.991123888888886" lon="130.825075">
<ele>143</ele>
</trkpt>
<trkpt lat="32.99109111111111" lon="130.824975">
<ele>143</ele>
</trkpt>
<trkpt lat="32.990808055555554" lon="130.8243">
<ele>140</ele>
</trkpt>
<trkpt lat="32.990766111111114" lon="130.824175">
<ele>138</ele>
</trkpt>
<trkpt lat="32.99074888888889" lon="130.824025">
<ele>137</ele>
</trkpt>
<trkpt lat="32.99074111111111" lon="130.8239">
<ele>135</ele>
</trkpt>
<trkpt lat="32.99079888888889" lon="130.8237">
<ele>134</ele>
</trkpt>
<trkpt lat="32.99095694444444" lon="130.82336305555555">
<ele>136</ele>
</trkpt>
<trkpt lat="32.99096611111111" lon="130.82328805555557">
<ele>136</ele>
</trkpt>
<trkpt lat="32.99096611111111" lon="130.823225">
<ele>136</ele>
</trkpt>
<trkpt lat="32.99094888888889" lon="130.82316305555557">
<ele>136</ele>
</trkpt>
<trkpt lat="32.99071611111111" lon="130.822625">
<ele>134</ele>
</trkpt>
<trkpt lat="32.99067388888889" lon="130.82253805555555">
<ele>133</ele>
</trkpt>
<trkpt lat="32.99059888888889" lon="130.82243805555555">
<ele>134</ele>
</trkpt>
<trkpt lat="32.99026611111111" lon="130.8219511111111">
<ele>131</ele>
</trkpt>
<trkpt lat="32.990206944444445" lon="130.8218511111111">
<ele>131</ele>
</trkpt>
<trkpt lat="32.99019611111111" lon="130.8218161111111">
<ele>132</ele>
</trkpt>
<trkpt lat="32.99019611111111" lon="130.8218161111111">
<ele>132</ele>
</trkpt>
<trkpt lat="32.990141111111114" lon="130.82165111111112">
<ele>133</ele>
</trkpt>
<trkpt lat="32.99010805555555" lon="130.82145111111112">
<ele>136</ele>
</trkpt>
<trkpt lat="32.99009888888889" lon="130.82097611111112">
<ele>135</ele>
</trkpt>
<trkpt lat="32.99004111111111" lon="130.82076305555555">
<ele>138</ele>
</trkpt>
<trkpt lat="32.98999888888889" lon="130.8206761111111">
<ele>134</ele>
</trkpt>
<trkpt lat="32.989581944444446" lon="130.82028805555555">
<ele>135</ele>
</trkpt>
<trkpt lat="32.98932388888889" lon="130.82006305555555">
<ele>133</ele>
</trkpt>
<trkpt lat="32.98889888888889" lon="130.81976305555557">
<ele>130</ele>
</trkpt>
<trkpt lat="32.98872388888889" lon="130.81966305555557">
<ele>127</ele>
</trkpt>
<trkpt lat="32.98817388888889" lon="130.81948805555555">
<ele>125</ele>
</trkpt>
<trkpt lat="32.98790694444445" lon="130.81940111111112">
<ele>124</ele>
</trkpt>
<trkpt lat="32.987658055555556" lon="130.81926305555555">
<ele>121</ele>
</trkpt>
<trkpt lat="32.98750694444445" lon="130.81913805555556">
<ele>120</ele>
</trkpt>
<trkpt lat="32.98742388888889" lon="130.81903805555555">
<ele>118</ele>
</trkpt>
<trkpt lat="32.98735805555555" lon="130.81893888888888">
<ele>118</ele>
</trkpt>
<trkpt lat="32.987183055555555" lon="130.81885111111112">
<ele>116</ele>
</trkpt>
<trkpt lat="32.98712388888889" lon="130.8188011111111">
<ele>116</ele>
</trkpt>
<trkpt lat="32.98687388888889" lon="130.81850111111112">
<ele>112</ele>
</trkpt>
<trkpt lat="32.986848888888886" lon="130.8184511111111">
<ele>112</ele>
</trkpt>
<trkpt lat="32.98659111111111" lon="130.81803888888888">
<ele>119</ele>
</trkpt>
<trkpt lat="32.986508055555554" lon="130.8178638888889">
<ele>116</ele>
</trkpt>
<trkpt lat="32.98641611111111" lon="130.8176761111111">
<ele>114</ele>
</trkpt>
<trkpt lat="32.986356944444445" lon="130.81771388888887">
<ele>114</ele>
</trkpt>
<trkpt lat="32.986158055555556" lon="130.81782611111112">
<ele>114</ele>
</trkpt>
<trkpt lat="32.98620694444445" lon="130.8177388888889">
<ele>111</ele>
</trkpt>
<trkpt lat="32.98624888888889" lon="130.81768888888888">
<ele>113</ele>
</trkpt>
<trkpt lat="32.98636611111111" lon="130.81760111111112">
<ele>112</ele>
</trkpt>
<trkpt lat="32.98646611111111" lon="130.81747611111112">
<ele>110</ele>
</trkpt>
<trkpt lat="32.98646611111111" lon="130.8174011111111">
<ele>107</ele>
</trkpt>
<trkpt lat="32.98643194444445" lon="130.81733888888888">
<ele>105</ele>
</trkpt>
<trkpt lat="32.98641611111111" lon="130.8173138888889">
<ele>101</ele>
</trkpt>
<trkpt lat="32.985998888888886" lon="130.8172011111111">
<ele>93</ele>
</trkpt>
<trkpt lat="32.98600694444445" lon="130.8171011111111">
<ele>92</ele>
</trkpt>
<trkpt lat="32.98596611111111" lon="130.8170888888889">
<ele>91</ele>
</trkpt>
<trkpt lat="32.98589888888889" lon="130.8170388888889">
<ele>91</ele>
</trkpt>
<trkpt lat="32.985841111111114" lon="130.8169511111111">
<ele>92</ele>
</trkpt>
<trkpt lat="32.98578194444445" lon="130.81680111111112">
<ele>90</ele>
</trkpt>
<trkpt lat="32.985683055555555" lon="130.8166261111111">
<ele>90</ele>
</trkpt>
<trkpt lat="32.985265" lon="130.81598805555555">
<ele>83</ele>
</trkpt>
<trkpt lat="32.985265" lon="130.81598805555555">
<ele>83</ele>
</trkpt>
<trkpt lat="32.985216111111114" lon="130.8159138888889">
<ele>82</ele>
</trkpt>
<trkpt lat="32.98514888888889" lon="130.8158138888889">
<ele>80</ele>
</trkpt>
<trkpt lat="32.98513194444445" lon="130.81577611111112">
<ele>79</ele>
</trkpt>
<trkpt lat="32.98509888888889" lon="130.8156888888889">
<ele>79</ele>
</trkpt>
<trkpt lat="32.984898888888885" lon="130.81515194444444">
<ele>76</ele>
</trkpt>
<trkpt lat="32.98481611111111" lon="130.8149138888889">
<ele>75</ele>
</trkpt>
<trkpt lat="32.98473194444444" lon="130.8146888888889">
<ele>74</ele>
</trkpt>
<trkpt lat="32.98471611111111" lon="130.81465194444445">
<ele>74</ele>
</trkpt>
<trkpt lat="32.98458194444444" lon="130.8143388888889">
<ele>74</ele>
</trkpt>
<trkpt lat="32.98450694444445" lon="130.81416388888888">
<ele>74</ele>
</trkpt>
<trkpt lat="32.98498" lon="130.81382194444444">
<ele>75</ele>
</trkpt>
    </trkseg>
  </trk>
</gpx>