<?xml version="1.0" encoding="UTF-8"?>
<gpx version="1.1"
     creator="KMLtoGPX"
     xmlns="http://www.topografix.com/GPX/1/1">
  <metadata>
    <name>The main route of the Japan Heritage Saba-kaido Road, Wakasa Kaido - connecting the sea and the city The way food and culture travel ~</name>
    <desc>日本遺産 鯖街道のメインルート若狭街道～海と都を結ふ食と文化の往来の道</desc>
    <bounds minlat="35.03026" minlon="135.74009" maxlat="35.49531" maxlon="135.94314"/>
  </metadata>
  <trk>
    <name>The main route of the Japan Heritage Saba-kaido Road, Wakasa Kaido - connecting the sea and the city The way food and culture travel ~</name>
    <trkseg>
<trkpt lat="35.03026" lon="135.77059">
<ele>54.9</ele>
</trkpt>
<trkpt lat="35.03043" lon="135.77112">
<ele>52.1</ele>
</trkpt>
<trkpt lat="35.03061" lon="135.77164">
<ele>50.3</ele>
</trkpt>
<trkpt lat="35.03055" lon="135.77192">
<ele>50.7</ele>
</trkpt>
<trkpt lat="35.03109" lon="135.77209">
<ele>53.9</ele>
</trkpt>
<trkpt lat="35.03152" lon="135.77221">
<ele>57.0</ele>
</trkpt>
<trkpt lat="35.03224" lon="135.77266">
<ele>57.5</ele>
</trkpt>
<trkpt lat="35.03296" lon="135.77311">
<ele>56.6</ele>
</trkpt>
<trkpt lat="35.0336799" lon="135.77356">
<ele>57.0</ele>
</trkpt>
<trkpt lat="35.03429" lon="135.77388">
<ele>56.8</ele>
</trkpt>
<trkpt lat="35.03435" lon="135.77391">
<ele>56.6</ele>
</trkpt>
<trkpt lat="35.03442" lon="135.77407">
<ele>56.4</ele>
</trkpt>
<trkpt lat="35.03441" lon="135.7743">
<ele>56.6</ele>
</trkpt>
<trkpt lat="35.0342" lon="135.77488">
<ele>57.8</ele>
</trkpt>
<trkpt lat="35.03381" lon="135.77586">
<ele>58.6</ele>
</trkpt>
<trkpt lat="35.03391" lon="135.77588">
<ele>58.7</ele>
</trkpt>
<trkpt lat="35.03443" lon="135.77599">
<ele>59.1</ele>
</trkpt>
<trkpt lat="35.03491" lon="135.77616">
<ele>59.0</ele>
</trkpt>
<trkpt lat="35.0349" lon="135.77622">
<ele>59.1</ele>
</trkpt>
<trkpt lat="35.03502" lon="135.77636">
<ele>59.0</ele>
</trkpt>
<trkpt lat="35.03548" lon="135.77675">
<ele>59.0</ele>
</trkpt>
<trkpt lat="35.0359399" lon="135.77713">
<ele>59.1</ele>
</trkpt>
<trkpt lat="35.03625" lon="135.77735">
<ele>59.5</ele>
</trkpt>
<trkpt lat="35.03691" lon="135.77775">
<ele>60.6</ele>
</trkpt>
<trkpt lat="35.03728" lon="135.77798">
<ele>61.3</ele>
</trkpt>
<trkpt lat="35.03774" lon="135.77833">
<ele>62.0</ele>
</trkpt>
<trkpt lat="35.03841" lon="135.77882">
<ele>62.7</ele>
</trkpt>
<trkpt lat="35.0386" lon="135.77893">
<ele>62.9</ele>
</trkpt>
<trkpt lat="35.03921" lon="135.77931">
<ele>63.9</ele>
</trkpt>
<trkpt lat="35.03981" lon="135.7796899">
<ele>65.8</ele>
</trkpt>
<trkpt lat="35.04045" lon="135.78006">
<ele>65.8</ele>
</trkpt>
<trkpt lat="35.04081" lon="135.7803">
<ele>68.0</ele>
</trkpt>
<trkpt lat="35.04146" lon="135.7808">
<ele>69.2</ele>
</trkpt>
<trkpt lat="35.0421" lon="135.78129">
<ele>67.4</ele>
</trkpt>
<trkpt lat="35.0423199" lon="135.78149">
<ele>67.1</ele>
</trkpt>
<trkpt lat="35.04273" lon="135.78197">
<ele>67.5</ele>
</trkpt>
<trkpt lat="35.04316" lon="135.7823699">
<ele>68.0</ele>
</trkpt>
<trkpt lat="35.04358" lon="135.78276">
<ele>68.4</ele>
</trkpt>
<trkpt lat="35.04399" lon="135.78308">
<ele>69.2</ele>
</trkpt>
<trkpt lat="35.04451" lon="135.78347">
<ele>70.2</ele>
</trkpt>
<trkpt lat="35.04481" lon="135.78374">
<ele>70.5</ele>
</trkpt>
<trkpt lat="35.04542" lon="135.78433">
<ele>71.2</ele>
</trkpt>
<trkpt lat="35.04606" lon="135.78502">
<ele>71.5</ele>
</trkpt>
<trkpt lat="35.04648" lon="135.78545">
<ele>71.8</ele>
</trkpt>
<trkpt lat="35.04719" lon="135.78606">
<ele>73.0</ele>
</trkpt>
<trkpt lat="35.0473799" lon="135.78627">
<ele>73.0</ele>
</trkpt>
<trkpt lat="35.04795" lon="135.78692">
<ele>73.1</ele>
</trkpt>
<trkpt lat="35.04838" lon="135.78743">
<ele>73.8</ele>
</trkpt>
<trkpt lat="35.04898" lon="135.788">
<ele>73.5</ele>
</trkpt>
<trkpt lat="35.04949" lon="135.7885499">
<ele>73.4</ele>
</trkpt>
<trkpt lat="35.04999" lon="135.7890899">
<ele>74.0</ele>
</trkpt>
<trkpt lat="35.05014" lon="135.78926">
<ele>74.5</ele>
</trkpt>
<trkpt lat="35.05023" lon="135.7894">
<ele>75.0</ele>
</trkpt>
<trkpt lat="35.05083" lon="135.78997">
<ele>76.9</ele>
</trkpt>
<trkpt lat="35.05108" lon="135.79021">
<ele>77.4</ele>
</trkpt>
<trkpt lat="35.05121" lon="135.79096">
<ele>79.2</ele>
</trkpt>
<trkpt lat="35.05134" lon="135.7917">
<ele>79.9</ele>
</trkpt>
<trkpt lat="35.05137" lon="135.79181">
<ele>80.4</ele>
</trkpt>
<trkpt lat="35.05157" lon="135.79226">
<ele>82.5</ele>
</trkpt>
<trkpt lat="35.0516" lon="135.79242">
<ele>83.5</ele>
</trkpt>
<trkpt lat="35.0517899" lon="135.79246">
<ele>83.6</ele>
</trkpt>
<trkpt lat="35.05201" lon="135.79251">
<ele>83.6</ele>
</trkpt>
<trkpt lat="35.05234" lon="135.79257">
<ele>83.3</ele>
</trkpt>
<trkpt lat="35.0528" lon="135.7926">
<ele>83.6</ele>
</trkpt>
<trkpt lat="35.05338" lon="135.79254">
<ele>84.0</ele>
</trkpt>
<trkpt lat="35.05397" lon="135.79248">
<ele>83.2</ele>
</trkpt>
<trkpt lat="35.05404" lon="135.79242">
<ele>82.9</ele>
</trkpt>
<trkpt lat="35.0545199" lon="135.79237">
<ele>82.0</ele>
</trkpt>
<trkpt lat="35.0552" lon="135.79228">
<ele>81.2</ele>
</trkpt>
<trkpt lat="35.0555" lon="135.79217">
<ele>81.0</ele>
</trkpt>
<trkpt lat="35.05556" lon="135.79234">
<ele>81.9</ele>
</trkpt>
<trkpt lat="35.05561" lon="135.7923099">
<ele>81.8</ele>
</trkpt>
<trkpt lat="35.05565" lon="135.7923">
<ele>81.8</ele>
</trkpt>
<trkpt lat="35.05572" lon="135.7923">
<ele>81.9</ele>
</trkpt>
<trkpt lat="35.05591" lon="135.7922">
<ele>81.5</ele>
</trkpt>
<trkpt lat="35.05651" lon="135.7923099">
<ele>81.5</ele>
</trkpt>
<trkpt lat="35.05712" lon="135.79243">
<ele>82.4</ele>
</trkpt>
<trkpt lat="35.05732" lon="135.79242">
<ele>82.6</ele>
</trkpt>
<trkpt lat="35.05794" lon="135.79252">
<ele>84.2</ele>
</trkpt>
<trkpt lat="35.0583699" lon="135.79259">
<ele>86.6</ele>
</trkpt>
<trkpt lat="35.0588399" lon="135.79265">
<ele>89.7</ele>
</trkpt>
<trkpt lat="35.05931" lon="135.7927">
<ele>91.9</ele>
</trkpt>
<trkpt lat="35.05944" lon="135.79273">
<ele>92.3</ele>
</trkpt>
<trkpt lat="35.0595799" lon="135.79281">
<ele>93.2</ele>
</trkpt>
<trkpt lat="35.05982" lon="135.79296">
<ele>94.2</ele>
</trkpt>
<trkpt lat="35.06007" lon="135.79292">
<ele>93.3</ele>
</trkpt>
<trkpt lat="35.06017" lon="135.79292">
<ele>92.9</ele>
</trkpt>
<trkpt lat="35.06025" lon="135.79296">
<ele>92.8</ele>
</trkpt>
<trkpt lat="35.06036" lon="135.79306">
<ele>92.9</ele>
</trkpt>
<trkpt lat="35.06048" lon="135.79309">
<ele>92.6</ele>
</trkpt>
<trkpt lat="35.06064" lon="135.79315">
<ele>92.2</ele>
</trkpt>
<trkpt lat="35.06066" lon="135.79319">
<ele>92.2</ele>
</trkpt>
<trkpt lat="35.06071" lon="135.7935">
<ele>93.7</ele>
</trkpt>
<trkpt lat="35.06087" lon="135.79392">
<ele>93.3</ele>
</trkpt>
<trkpt lat="35.06097" lon="135.79405">
<ele>93.4</ele>
</trkpt>
<trkpt lat="35.061" lon="135.79404">
<ele>93.3</ele>
</trkpt>
<trkpt lat="35.06139" lon="135.79429">
<ele>93.3</ele>
</trkpt>
<trkpt lat="35.06162" lon="135.7943699">
<ele>92.9</ele>
</trkpt>
<trkpt lat="35.062" lon="135.79447">
<ele>92.1</ele>
</trkpt>
<trkpt lat="35.06217" lon="135.7945499">
<ele>91.9</ele>
</trkpt>
<trkpt lat="35.06236" lon="135.79467">
<ele>91.6</ele>
</trkpt>
<trkpt lat="35.0627" lon="135.79502">
<ele>92.0</ele>
</trkpt>
<trkpt lat="35.06285" lon="135.79535">
<ele>92.5</ele>
</trkpt>
<trkpt lat="35.06306" lon="135.79609">
<ele>92.8</ele>
</trkpt>
<trkpt lat="35.06321" lon="135.79604">
<ele>92.3</ele>
</trkpt>
<trkpt lat="35.06332" lon="135.79614">
<ele>92.0</ele>
</trkpt>
<trkpt lat="35.0635199" lon="135.79629">
<ele>93.1</ele>
</trkpt>
<trkpt lat="35.06349" lon="135.7966099">
<ele>93.1</ele>
</trkpt>
<trkpt lat="35.06354" lon="135.79662">
<ele>93.5</ele>
</trkpt>
<trkpt lat="35.06351" lon="135.79693">
<ele>94.4</ele>
</trkpt>
<trkpt lat="35.06347" lon="135.79734">
<ele>96.0</ele>
</trkpt>
<trkpt lat="35.06347" lon="135.79773">
<ele>98.1</ele>
</trkpt>
<trkpt lat="35.06347" lon="135.79825">
<ele>101.3</ele>
</trkpt>
<trkpt lat="35.06356" lon="135.79916">
<ele>103.7</ele>
</trkpt>
<trkpt lat="35.06359" lon="135.79946">
<ele>103.8</ele>
</trkpt>
<trkpt lat="35.06367" lon="135.79994">
<ele>103.9</ele>
</trkpt>
<trkpt lat="35.0637" lon="135.80016">
<ele>103.7</ele>
</trkpt>
<trkpt lat="35.06375" lon="135.80053">
<ele>102.9</ele>
</trkpt>
<trkpt lat="35.06383" lon="135.80094">
<ele>102.2</ele>
</trkpt>
<trkpt lat="35.06403" lon="135.80185">
<ele>103.1</ele>
</trkpt>
<trkpt lat="35.06412" lon="135.80221">
<ele>105.7</ele>
</trkpt>
<trkpt lat="35.06439" lon="135.80309">
<ele>119.8</ele>
</trkpt>
<trkpt lat="35.06463" lon="135.80392">
<ele>125.9</ele>
</trkpt>
<trkpt lat="35.06474" lon="135.8041299">
<ele>126.5</ele>
</trkpt>
<trkpt lat="35.06517" lon="135.8047">
<ele>129.0</ele>
</trkpt>
<trkpt lat="35.06529" lon="135.80488">
<ele>129.1</ele>
</trkpt>
<trkpt lat="35.06563" lon="135.80561">
<ele>125.6</ele>
</trkpt>
<trkpt lat="35.0659599" lon="135.80634">
<ele>129.2</ele>
</trkpt>
<trkpt lat="35.06603" lon="135.80641">
<ele>132.7</ele>
</trkpt>
<trkpt lat="35.0661" lon="135.80657">
<ele>135.6</ele>
</trkpt>
<trkpt lat="35.06612" lon="135.80679">
<ele>135.1</ele>
</trkpt>
<trkpt lat="35.06621" lon="135.8071">
<ele>136.4</ele>
</trkpt>
<trkpt lat="35.0664" lon="135.80754">
<ele>137.6</ele>
</trkpt>
<trkpt lat="35.06647" lon="135.80761">
<ele>138.5</ele>
</trkpt>
<trkpt lat="35.06665" lon="135.80773">
<ele>141.0</ele>
</trkpt>
<trkpt lat="35.06708" lon="135.80785">
<ele>151.9</ele>
</trkpt>
<trkpt lat="35.06726" lon="135.8079799">
<ele>151.4</ele>
</trkpt>
<trkpt lat="35.06747" lon="135.80827">
<ele>140.3</ele>
</trkpt>
<trkpt lat="35.06757" lon="135.80841">
<ele>137.6</ele>
</trkpt>
<trkpt lat="35.06783" lon="135.80878">
<ele>137.2</ele>
</trkpt>
<trkpt lat="35.06826" lon="135.8097">
<ele>134.0</ele>
</trkpt>
<trkpt lat="35.06849" lon="135.81005">
<ele>135.4</ele>
</trkpt>
<trkpt lat="35.06854" lon="135.8101299">
<ele>137.5</ele>
</trkpt>
<trkpt lat="35.06876" lon="135.81028">
<ele>140.5</ele>
</trkpt>
<trkpt lat="35.06924" lon="135.8104899">
<ele>141.6</ele>
</trkpt>
<trkpt lat="35.06973" lon="135.8107">
<ele>143.4</ele>
</trkpt>
<trkpt lat="35.0698" lon="135.81079">
<ele>141.4</ele>
</trkpt>
<trkpt lat="35.0702" lon="135.81078">
<ele>141.4</ele>
</trkpt>
<trkpt lat="35.07033" lon="135.8107599">
<ele>141.8</ele>
</trkpt>
<trkpt lat="35.0706599" lon="135.81069">
<ele>142.7</ele>
</trkpt>
<trkpt lat="35.07088" lon="135.8106">
<ele>143.5</ele>
</trkpt>
<trkpt lat="35.07104" lon="135.8105">
<ele>143.3</ele>
</trkpt>
<trkpt lat="35.07129" lon="135.81017">
<ele>145.0</ele>
</trkpt>
<trkpt lat="35.07148" lon="135.81006">
<ele>143.0</ele>
</trkpt>
<trkpt lat="35.07159" lon="135.81001">
<ele>141.4</ele>
</trkpt>
<trkpt lat="35.07172" lon="135.81002">
<ele>139.8</ele>
</trkpt>
<trkpt lat="35.07191" lon="135.8101">
<ele>139.2</ele>
</trkpt>
<trkpt lat="35.07256" lon="135.81044">
<ele>136.7</ele>
</trkpt>
<trkpt lat="35.0728" lon="135.81056">
<ele>137.1</ele>
</trkpt>
<trkpt lat="35.07299" lon="135.8107">
<ele>136.7</ele>
</trkpt>
<trkpt lat="35.0733" lon="135.81114">
<ele>136.1</ele>
</trkpt>
<trkpt lat="35.07348" lon="135.81144">
<ele>137.5</ele>
</trkpt>
<trkpt lat="35.07369" lon="135.81189">
<ele>138.3</ele>
</trkpt>
<trkpt lat="35.07387" lon="135.8124">
<ele>137.4</ele>
</trkpt>
<trkpt lat="35.07405" lon="135.8129">
<ele>137.1</ele>
</trkpt>
<trkpt lat="35.07415" lon="135.81312">
<ele>136.7</ele>
</trkpt>
<trkpt lat="35.0742199" lon="135.8132">
<ele>137.2</ele>
</trkpt>
<trkpt lat="35.07473" lon="135.81364">
<ele>140.9</ele>
</trkpt>
<trkpt lat="35.07534" lon="135.81412">
<ele>151.1</ele>
</trkpt>
<trkpt lat="35.07594" lon="135.8146">
<ele>161.6</ele>
</trkpt>
<trkpt lat="35.07622" lon="135.81487">
<ele>165.1</ele>
</trkpt>
<trkpt lat="35.0764799" lon="135.81532">
<ele>161.0</ele>
</trkpt>
<trkpt lat="35.07691" lon="135.81587">
<ele>150.1</ele>
</trkpt>
<trkpt lat="35.07705" lon="135.81609">
<ele>151.0</ele>
</trkpt>
<trkpt lat="35.07715" lon="135.81624">
<ele>150.7</ele>
</trkpt>
<trkpt lat="35.07733" lon="135.81641">
<ele>150.2</ele>
</trkpt>
<trkpt lat="35.07761" lon="135.81652">
<ele>151.8</ele>
</trkpt>
<trkpt lat="35.07803" lon="135.81666">
<ele>155.2</ele>
</trkpt>
<trkpt lat="35.07828" lon="135.81681">
<ele>156.2</ele>
</trkpt>
<trkpt lat="35.07853" lon="135.81703">
<ele>154.9</ele>
</trkpt>
<trkpt lat="35.07861" lon="135.81715">
<ele>152.9</ele>
</trkpt>
<trkpt lat="35.07893" lon="135.81741">
<ele>149.0</ele>
</trkpt>
<trkpt lat="35.0790999" lon="135.81751">
<ele>147.5</ele>
</trkpt>
<trkpt lat="35.07936" lon="135.8176">
<ele>149.7</ele>
</trkpt>
<trkpt lat="35.07971" lon="135.81772">
<ele>152.0</ele>
</trkpt>
<trkpt lat="35.07978" lon="135.81777">
<ele>152.0</ele>
</trkpt>
<trkpt lat="35.07999" lon="135.81791">
<ele>151.5</ele>
</trkpt>
<trkpt lat="35.0802" lon="135.81818">
<ele>147.7</ele>
</trkpt>
<trkpt lat="35.08029" lon="135.81824">
<ele>146.7</ele>
</trkpt>
<trkpt lat="35.08044" lon="135.81831">
<ele>145.5</ele>
</trkpt>
<trkpt lat="35.08086" lon="135.8184">
<ele>145.1</ele>
</trkpt>
<trkpt lat="35.08101" lon="135.81823">
<ele>147.2</ele>
</trkpt>
<trkpt lat="35.08133" lon="135.81805">
<ele>150.4</ele>
</trkpt>
<trkpt lat="35.08133" lon="135.81805">
<ele>150.4</ele>
</trkpt>
<trkpt lat="35.0814499" lon="135.818">
<ele>151.1</ele>
</trkpt>
<trkpt lat="35.0817" lon="135.81825">
<ele>145.8</ele>
</trkpt>
<trkpt lat="35.08188" lon="135.81841">
<ele>145.7</ele>
</trkpt>
<trkpt lat="35.08198" lon="135.81842">
<ele>146.4</ele>
</trkpt>
<trkpt lat="35.08238" lon="135.81831">
<ele>148.5</ele>
</trkpt>
<trkpt lat="35.08291" lon="135.81826">
<ele>150.3</ele>
</trkpt>
<trkpt lat="35.08311" lon="135.81827">
<ele>150.6</ele>
</trkpt>
<trkpt lat="35.08355" lon="135.8183">
<ele>151.8</ele>
</trkpt>
<trkpt lat="35.08378" lon="135.81822">
<ele>152.5</ele>
</trkpt>
<trkpt lat="35.08403" lon="135.81816">
<ele>153.0</ele>
</trkpt>
<trkpt lat="35.08415" lon="135.81813">
<ele>153.2</ele>
</trkpt>
<trkpt lat="35.08422" lon="135.81808">
<ele>153.2</ele>
</trkpt>
<trkpt lat="35.0850099" lon="135.81848">
<ele>156.9</ele>
</trkpt>
<trkpt lat="35.08581" lon="135.81888">
<ele>160.9</ele>
</trkpt>
<trkpt lat="35.08614" lon="135.81913">
<ele>160.1</ele>
</trkpt>
<trkpt lat="35.08649" lon="135.81943">
<ele>160.4</ele>
</trkpt>
<trkpt lat="35.08661" lon="135.81963">
<ele>160.5</ele>
</trkpt>
<trkpt lat="35.08674" lon="135.82008">
<ele>162.8</ele>
</trkpt>
<trkpt lat="35.0869" lon="135.82033">
<ele>162.7</ele>
</trkpt>
<trkpt lat="35.08702" lon="135.82047">
<ele>162.4</ele>
</trkpt>
<trkpt lat="35.08755" lon="135.82109">
<ele>164.0</ele>
</trkpt>
<trkpt lat="35.08809" lon="135.82171">
<ele>168.2</ele>
</trkpt>
<trkpt lat="35.08809" lon="135.82171">
<ele>168.2</ele>
</trkpt>
<trkpt lat="35.0884" lon="135.8221299">
<ele>177.4</ele>
</trkpt>
<trkpt lat="35.08851" lon="135.82224">
<ele>179.5</ele>
</trkpt>
<trkpt lat="35.08862" lon="135.82234">
<ele>181.1</ele>
</trkpt>
<trkpt lat="35.08878" lon="135.82243">
<ele>181.5</ele>
</trkpt>
<trkpt lat="35.08899" lon="135.8225">
<ele>180.3</ele>
</trkpt>
<trkpt lat="35.08943" lon="135.82256">
<ele>179.8</ele>
</trkpt>
<trkpt lat="35.08976" lon="135.82268">
<ele>183.2</ele>
</trkpt>
<trkpt lat="35.0902699" lon="135.82298">
<ele>189.4</ele>
</trkpt>
<trkpt lat="35.09045" lon="135.82305">
<ele>189.4</ele>
</trkpt>
<trkpt lat="35.0907399" lon="135.82306">
<ele>185.7</ele>
</trkpt>
<trkpt lat="35.09097" lon="135.82302">
<ele>183.8</ele>
</trkpt>
<trkpt lat="35.09128" lon="135.82287">
<ele>180.9</ele>
</trkpt>
<trkpt lat="35.09151" lon="135.8227">
<ele>177.4</ele>
</trkpt>
<trkpt lat="35.09199" lon="135.8222">
<ele>181.2</ele>
</trkpt>
<trkpt lat="35.09227" lon="135.82187">
<ele>183.3</ele>
</trkpt>
<trkpt lat="35.0924" lon="135.8217699">
<ele>183.1</ele>
</trkpt>
<trkpt lat="35.09275" lon="135.82155">
<ele>185.8</ele>
</trkpt>
<trkpt lat="35.09286" lon="135.82151">
<ele>187.1</ele>
</trkpt>
<trkpt lat="35.093" lon="135.82148">
<ele>188.4</ele>
</trkpt>
<trkpt lat="35.09357" lon="135.82146">
<ele>195.1</ele>
</trkpt>
<trkpt lat="35.09413" lon="135.82144">
<ele>204.1</ele>
</trkpt>
<trkpt lat="35.09433" lon="135.8214099">
<ele>206.7</ele>
</trkpt>
<trkpt lat="35.09449" lon="135.8213199">
<ele>206.8</ele>
</trkpt>
<trkpt lat="35.09462" lon="135.8212">
<ele>205.4</ele>
</trkpt>
<trkpt lat="35.09473" lon="135.821">
<ele>201.1</ele>
</trkpt>
<trkpt lat="35.095" lon="135.8206999">
<ele>202.1</ele>
</trkpt>
<trkpt lat="35.09512" lon="135.82062">
<ele>204.1</ele>
</trkpt>
<trkpt lat="35.0957" lon="135.82037">
<ele>204.7</ele>
</trkpt>
<trkpt lat="35.09588" lon="135.8203399">
<ele>203.6</ele>
</trkpt>
<trkpt lat="35.09658" lon="135.8203399">
<ele>201.4</ele>
</trkpt>
<trkpt lat="35.09681" lon="135.82038">
<ele>202.3</ele>
</trkpt>
<trkpt lat="35.09691" lon="135.82046">
<ele>202.9</ele>
</trkpt>
<trkpt lat="35.097" lon="135.82058">
<ele>202.5</ele>
</trkpt>
<trkpt lat="35.0974" lon="135.82133">
<ele>204.0</ele>
</trkpt>
<trkpt lat="35.0976799" lon="135.82165">
<ele>205.4</ele>
</trkpt>
<trkpt lat="35.09785" lon="135.82182">
<ele>208.2</ele>
</trkpt>
<trkpt lat="35.09822" lon="135.82205">
<ele>206.2</ele>
</trkpt>
<trkpt lat="35.09856" lon="135.82229">
<ele>203.6</ele>
</trkpt>
<trkpt lat="35.09874" lon="135.82252">
<ele>200.0</ele>
</trkpt>
<trkpt lat="35.09892" lon="135.82287">
<ele>198.9</ele>
</trkpt>
<trkpt lat="35.09906" lon="135.82328">
<ele>195.2</ele>
</trkpt>
<trkpt lat="35.09913" lon="135.82343">
<ele>192.3</ele>
</trkpt>
<trkpt lat="35.09932" lon="135.82369">
<ele>191.4</ele>
</trkpt>
<trkpt lat="35.09944" lon="135.82381">
<ele>191.5</ele>
</trkpt>
<trkpt lat="35.0996" lon="135.8239">
<ele>191.3</ele>
</trkpt>
<trkpt lat="35.10004" lon="135.82406">
<ele>190.3</ele>
</trkpt>
<trkpt lat="35.10033" lon="135.82414">
<ele>192.2</ele>
</trkpt>
<trkpt lat="35.10107" lon="135.82418">
<ele>196.9</ele>
</trkpt>
<trkpt lat="35.10181" lon="135.82422">
<ele>201.4</ele>
</trkpt>
<trkpt lat="35.10211" lon="135.82423">
<ele>201.3</ele>
</trkpt>
<trkpt lat="35.10215" lon="135.82411">
<ele>203.6</ele>
</trkpt>
<trkpt lat="35.1024" lon="135.82381">
<ele>213.0</ele>
</trkpt>
<trkpt lat="35.10259" lon="135.82375">
<ele>212.2</ele>
</trkpt>
<trkpt lat="35.1029" lon="135.82354">
<ele>209.2</ele>
</trkpt>
<trkpt lat="35.10316" lon="135.8234699">
<ele>202.4</ele>
</trkpt>
<trkpt lat="35.10333" lon="135.82345">
<ele>197.1</ele>
</trkpt>
<trkpt lat="35.10402" lon="135.8232">
<ele>197.2</ele>
</trkpt>
<trkpt lat="35.10471" lon="135.82295">
<ele>196.9</ele>
</trkpt>
<trkpt lat="35.10541" lon="135.82271">
<ele>197.6</ele>
</trkpt>
<trkpt lat="35.1061" lon="135.82246">
<ele>198.0</ele>
</trkpt>
<trkpt lat="35.1068" lon="135.8222199">
<ele>200.3</ele>
</trkpt>
<trkpt lat="35.1069" lon="135.82218">
<ele>200.6</ele>
</trkpt>
<trkpt lat="35.10694" lon="135.82214">
<ele>200.7</ele>
</trkpt>
<trkpt lat="35.10704" lon="135.82199">
<ele>200.9</ele>
</trkpt>
<trkpt lat="35.1073499" lon="135.82137">
<ele>201.7</ele>
</trkpt>
<trkpt lat="35.10743" lon="135.82129">
<ele>201.9</ele>
</trkpt>
<trkpt lat="35.10767" lon="135.82118">
<ele>202.6</ele>
</trkpt>
<trkpt lat="35.10779" lon="135.82107">
<ele>203.1</ele>
</trkpt>
<trkpt lat="35.10794" lon="135.82101">
<ele>203.8</ele>
</trkpt>
<trkpt lat="35.10814" lon="135.821">
<ele>204.6</ele>
</trkpt>
<trkpt lat="35.10842" lon="135.82098">
<ele>205.4</ele>
</trkpt>
<trkpt lat="35.10871" lon="135.82103">
<ele>204.9</ele>
</trkpt>
<trkpt lat="35.10881" lon="135.82102">
<ele>204.9</ele>
</trkpt>
<trkpt lat="35.10892" lon="135.82102">
<ele>204.8</ele>
</trkpt>
<trkpt lat="35.1091399" lon="135.82098">
<ele>204.7</ele>
</trkpt>
<trkpt lat="35.10935" lon="135.82102">
<ele>205.2</ele>
</trkpt>
<trkpt lat="35.10955" lon="135.821">
<ele>206.0</ele>
</trkpt>
<trkpt lat="35.10982" lon="135.82103">
<ele>206.9</ele>
</trkpt>
<trkpt lat="35.11008" lon="135.82102">
<ele>207.7</ele>
</trkpt>
<trkpt lat="35.11038" lon="135.82096">
<ele>208.3</ele>
</trkpt>
<trkpt lat="35.11108" lon="135.82095">
<ele>209.6</ele>
</trkpt>
<trkpt lat="35.11136" lon="135.82093">
<ele>210.3</ele>
</trkpt>
<trkpt lat="35.11186" lon="135.82097">
<ele>211.6</ele>
</trkpt>
<trkpt lat="35.11203" lon="135.82102">
<ele>212.1</ele>
</trkpt>
<trkpt lat="35.11226" lon="135.82115">
<ele>212.6</ele>
</trkpt>
<trkpt lat="35.11263" lon="135.82157">
<ele>212.9</ele>
</trkpt>
<trkpt lat="35.11268" lon="135.82166">
<ele>212.9</ele>
</trkpt>
<trkpt lat="35.11287" lon="135.8218">
<ele>213.5</ele>
</trkpt>
<trkpt lat="35.11333" lon="135.82199">
<ele>215.2</ele>
</trkpt>
<trkpt lat="35.11378" lon="135.82219">
<ele>215.5</ele>
</trkpt>
<trkpt lat="35.11398" lon="135.82232">
<ele>215.4</ele>
</trkpt>
<trkpt lat="35.11434" lon="135.82255">
<ele>215.4</ele>
</trkpt>
<trkpt lat="35.11443" lon="135.82263">
<ele>215.5</ele>
</trkpt>
<trkpt lat="35.11465" lon="135.823">
<ele>214.9</ele>
</trkpt>
<trkpt lat="35.11473" lon="135.82311">
<ele>214.8</ele>
</trkpt>
<trkpt lat="35.11486" lon="135.82319">
<ele>215.0</ele>
</trkpt>
<trkpt lat="35.11559" lon="135.82343">
<ele>215.6</ele>
</trkpt>
<trkpt lat="35.11631" lon="135.82366">
<ele>220.0</ele>
</trkpt>
<trkpt lat="35.11699" lon="135.82388">
<ele>225.8</ele>
</trkpt>
<trkpt lat="35.11713" lon="135.82397">
<ele>226.0</ele>
</trkpt>
<trkpt lat="35.11743" lon="135.82423">
<ele>223.9</ele>
</trkpt>
<trkpt lat="35.11772" lon="135.8245499">
<ele>227.4</ele>
</trkpt>
<trkpt lat="35.11816" lon="135.82511">
<ele>227.4</ele>
</trkpt>
<trkpt lat="35.11821" lon="135.82527">
<ele>226.4</ele>
</trkpt>
<trkpt lat="35.11835" lon="135.82581">
<ele>221.3</ele>
</trkpt>
<trkpt lat="35.11839" lon="135.8259799">
<ele>220.9</ele>
</trkpt>
<trkpt lat="35.1185199" lon="135.82627">
<ele>220.7</ele>
</trkpt>
<trkpt lat="35.11879" lon="135.82647">
<ele>221.5</ele>
</trkpt>
<trkpt lat="35.1192" lon="135.8267">
<ele>223.4</ele>
</trkpt>
<trkpt lat="35.11943" lon="135.8269">
<ele>225.3</ele>
</trkpt>
<trkpt lat="35.11947" lon="135.82693">
<ele>225.6</ele>
</trkpt>
<trkpt lat="35.12005" lon="135.82717">
<ele>230.3</ele>
</trkpt>
<trkpt lat="35.1204899" lon="135.8274999">
<ele>238.3</ele>
</trkpt>
<trkpt lat="35.12092" lon="135.82783">
<ele>242.3</ele>
</trkpt>
<trkpt lat="35.12113" lon="135.82821">
<ele>240.5</ele>
</trkpt>
<trkpt lat="35.12144" lon="135.82868">
<ele>241.5</ele>
</trkpt>
<trkpt lat="35.1215" lon="135.82886">
<ele>238.7</ele>
</trkpt>
<trkpt lat="35.12158" lon="135.82927">
<ele>231.4</ele>
</trkpt>
<trkpt lat="35.12198" lon="135.82937">
<ele>245.4</ele>
</trkpt>
<trkpt lat="35.12224" lon="135.82953">
<ele>252.0</ele>
</trkpt>
<trkpt lat="35.1227" lon="135.83006">
<ele>248.3</ele>
</trkpt>
<trkpt lat="35.12318" lon="135.83044">
<ele>249.3</ele>
</trkpt>
<trkpt lat="35.12342" lon="135.83058">
<ele>248.3</ele>
</trkpt>
<trkpt lat="35.12369" lon="135.83078">
<ele>246.9</ele>
</trkpt>
<trkpt lat="35.12421" lon="135.83102">
<ele>255.0</ele>
</trkpt>
<trkpt lat="35.1244299" lon="135.8311699">
<ele>257.2</ele>
</trkpt>
<trkpt lat="35.1246099" lon="135.83134">
<ele>255.3</ele>
</trkpt>
<trkpt lat="35.12479" lon="135.83148">
<ele>253.0</ele>
</trkpt>
<trkpt lat="35.1249899" lon="135.83155">
<ele>253.4</ele>
</trkpt>
<trkpt lat="35.12559" lon="135.83194">
<ele>252.2</ele>
</trkpt>
<trkpt lat="35.12597" lon="135.8321">
<ele>252.2</ele>
</trkpt>
<trkpt lat="35.12639" lon="135.83223">
<ele>252.0</ele>
</trkpt>
<trkpt lat="35.1267799" lon="135.8323">
<ele>253.4</ele>
</trkpt>
<trkpt lat="35.12712" lon="135.83233">
<ele>256.2</ele>
</trkpt>
<trkpt lat="35.12735" lon="135.8322499">
<ele>260.8</ele>
</trkpt>
<trkpt lat="35.1278099" lon="135.83195">
<ele>267.8</ele>
</trkpt>
<trkpt lat="35.12827" lon="135.83165">
<ele>266.1</ele>
</trkpt>
<trkpt lat="35.12851" lon="135.83155">
<ele>270.6</ele>
</trkpt>
<trkpt lat="35.12877" lon="135.8315">
<ele>271.3</ele>
</trkpt>
<trkpt lat="35.12908" lon="135.83152">
<ele>267.6</ele>
</trkpt>
<trkpt lat="35.12971" lon="135.83148">
<ele>268.8</ele>
</trkpt>
<trkpt lat="35.12997" lon="135.83138">
<ele>273.3</ele>
</trkpt>
<trkpt lat="35.13013" lon="135.83138">
<ele>273.3</ele>
</trkpt>
<trkpt lat="35.13037" lon="135.83148">
<ele>268.5</ele>
</trkpt>
<trkpt lat="35.1311" lon="135.8317099">
<ele>260.5</ele>
</trkpt>
<trkpt lat="35.13182" lon="135.83193">
<ele>265.1</ele>
</trkpt>
<trkpt lat="35.1321299" lon="135.83213">
<ele>265.4</ele>
</trkpt>
<trkpt lat="35.13268" lon="135.83224">
<ele>271.7</ele>
</trkpt>
<trkpt lat="35.13312" lon="135.83248">
<ele>271.4</ele>
</trkpt>
<trkpt lat="35.13348" lon="135.83259">
<ele>276.2</ele>
</trkpt>
<trkpt lat="35.13357" lon="135.83266">
<ele>276.4</ele>
</trkpt>
<trkpt lat="35.13379" lon="135.83288">
<ele>274.2</ele>
</trkpt>
<trkpt lat="35.13409" lon="135.83309">
<ele>271.2</ele>
</trkpt>
<trkpt lat="35.13452" lon="135.83329">
<ele>265.2</ele>
</trkpt>
<trkpt lat="35.13476" lon="135.8333199">
<ele>264.3</ele>
</trkpt>
<trkpt lat="35.1349" lon="135.83331">
<ele>264.9</ele>
</trkpt>
<trkpt lat="35.13554" lon="135.83356">
<ele>264.6</ele>
</trkpt>
<trkpt lat="35.13568" lon="135.83356">
<ele>265.2</ele>
</trkpt>
<trkpt lat="35.13596" lon="135.83351">
<ele>267.3</ele>
</trkpt>
<trkpt lat="35.13618" lon="135.83358">
<ele>267.8</ele>
</trkpt>
<trkpt lat="35.13641" lon="135.83379">
<ele>266.2</ele>
</trkpt>
<trkpt lat="35.13675" lon="135.83419">
<ele>263.3</ele>
</trkpt>
<trkpt lat="35.13685" lon="135.83428">
<ele>264.6</ele>
</trkpt>
<trkpt lat="35.13711" lon="135.83438">
<ele>267.8</ele>
</trkpt>
<trkpt lat="35.13727" lon="135.83448">
<ele>269.2</ele>
</trkpt>
<trkpt lat="35.13755" lon="135.83477">
<ele>269.7</ele>
</trkpt>
<trkpt lat="35.13765" lon="135.83485">
<ele>270.3</ele>
</trkpt>
<trkpt lat="35.13765" lon="135.83485">
<ele>270.3</ele>
</trkpt>
<trkpt lat="35.1379" lon="135.835">
<ele>271.8</ele>
</trkpt>
<trkpt lat="35.13829" lon="135.8351">
<ele>276.7</ele>
</trkpt>
<trkpt lat="35.13856" lon="135.83514">
<ele>281.6</ele>
</trkpt>
<trkpt lat="35.1389" lon="135.8351">
<ele>290.0</ele>
</trkpt>
<trkpt lat="35.13919" lon="135.83524">
<ele>290.8</ele>
</trkpt>
<trkpt lat="35.13976" lon="135.83541">
<ele>289.9</ele>
</trkpt>
<trkpt lat="35.13984" lon="135.83549">
<ele>286.8</ele>
</trkpt>
<trkpt lat="35.1400999" lon="135.83584">
<ele>272.6</ele>
</trkpt>
<trkpt lat="35.1400999" lon="135.83584">
<ele>272.6</ele>
</trkpt>
<trkpt lat="35.14015" lon="135.83593">
<ele>273.5</ele>
</trkpt>
<trkpt lat="35.14089" lon="135.8360999">
<ele>280.0</ele>
</trkpt>
<trkpt lat="35.14098" lon="135.83614">
<ele>279.2</ele>
</trkpt>
<trkpt lat="35.14121" lon="135.83629">
<ele>276.6</ele>
</trkpt>
<trkpt lat="35.1415099" lon="135.83653">
<ele>272.9</ele>
</trkpt>
<trkpt lat="35.14206" lon="135.83714">
<ele>274.6</ele>
</trkpt>
<trkpt lat="35.14223" lon="135.83733">
<ele>274.4</ele>
</trkpt>
<trkpt lat="35.14238" lon="135.83755">
<ele>273.2</ele>
</trkpt>
<trkpt lat="35.1426299" lon="135.83802">
<ele>273.8</ele>
</trkpt>
<trkpt lat="35.14288" lon="135.83849">
<ele>274.7</ele>
</trkpt>
<trkpt lat="35.14299" lon="135.83864">
<ele>275.7</ele>
</trkpt>
<trkpt lat="35.14315" lon="135.83884">
<ele>276.4</ele>
</trkpt>
<trkpt lat="35.14352" lon="135.83918">
<ele>276.6</ele>
</trkpt>
<trkpt lat="35.14388" lon="135.83953">
<ele>279.2</ele>
</trkpt>
<trkpt lat="35.1443" lon="135.83938">
<ele>281.1</ele>
</trkpt>
<trkpt lat="35.14444" lon="135.83938">
<ele>281.2</ele>
</trkpt>
<trkpt lat="35.1449799" lon="135.83948">
<ele>280.6</ele>
</trkpt>
<trkpt lat="35.14518" lon="135.83956">
<ele>280.1</ele>
</trkpt>
<trkpt lat="35.14518" lon="135.83956">
<ele>280.1</ele>
</trkpt>
<trkpt lat="35.1454" lon="135.83972">
<ele>279.0</ele>
</trkpt>
<trkpt lat="35.14551" lon="135.8397699">
<ele>278.8</ele>
</trkpt>
<trkpt lat="35.14565" lon="135.8397699">
<ele>279.2</ele>
</trkpt>
<trkpt lat="35.14585" lon="135.83975">
<ele>279.9</ele>
</trkpt>
<trkpt lat="35.14591" lon="135.8397699">
<ele>279.9</ele>
</trkpt>
<trkpt lat="35.14615" lon="135.83998">
<ele>279.6</ele>
</trkpt>
<trkpt lat="35.14636" lon="135.8401299">
<ele>280.5</ele>
</trkpt>
<trkpt lat="35.14659" lon="135.8404">
<ele>281.2</ele>
</trkpt>
<trkpt lat="35.14697" lon="135.84073">
<ele>284.4</ele>
</trkpt>
<trkpt lat="35.14735" lon="135.84107">
<ele>286.2</ele>
</trkpt>
<trkpt lat="35.14753" lon="135.84126">
<ele>286.1</ele>
</trkpt>
<trkpt lat="35.14787" lon="135.8418">
<ele>286.2</ele>
</trkpt>
<trkpt lat="35.14812" lon="135.84216">
<ele>286.9</ele>
</trkpt>
<trkpt lat="35.14821" lon="135.84225">
<ele>286.5</ele>
</trkpt>
<trkpt lat="35.14853" lon="135.84269">
<ele>287.3</ele>
</trkpt>
<trkpt lat="35.1488" lon="135.84304">
<ele>290.3</ele>
</trkpt>
<trkpt lat="35.14888" lon="135.84319">
<ele>290.7</ele>
</trkpt>
<trkpt lat="35.14891" lon="135.84328">
<ele>290.8</ele>
</trkpt>
<trkpt lat="35.14896" lon="135.84364">
<ele>297.3</ele>
</trkpt>
<trkpt lat="35.1490099" lon="135.84377">
<ele>299.6</ele>
</trkpt>
<trkpt lat="35.14967" lon="135.84406">
<ele>299.0</ele>
</trkpt>
<trkpt lat="35.14989" lon="135.84415">
<ele>297.2</ele>
</trkpt>
<trkpt lat="35.15027" lon="135.8444">
<ele>301.4</ele>
</trkpt>
<trkpt lat="35.15062" lon="135.84476">
<ele>302.9</ele>
</trkpt>
<trkpt lat="35.1509799" lon="135.84512">
<ele>303.1</ele>
</trkpt>
<trkpt lat="35.15108" lon="135.84519">
<ele>304.5</ele>
</trkpt>
<trkpt lat="35.1513" lon="135.84522">
<ele>304.9</ele>
</trkpt>
<trkpt lat="35.15154" lon="135.8452299">
<ele>304.8</ele>
</trkpt>
<trkpt lat="35.15179" lon="135.84525">
<ele>305.6</ele>
</trkpt>
<trkpt lat="35.15201" lon="135.84529">
<ele>307.2</ele>
</trkpt>
<trkpt lat="35.15231" lon="135.84542">
<ele>308.7</ele>
</trkpt>
<trkpt lat="35.15248" lon="135.84554">
<ele>308.7</ele>
</trkpt>
<trkpt lat="35.15263" lon="135.8457">
<ele>308.9</ele>
</trkpt>
<trkpt lat="35.15279" lon="135.84596">
<ele>311.9</ele>
</trkpt>
<trkpt lat="35.15311" lon="135.84669">
<ele>323.0</ele>
</trkpt>
<trkpt lat="35.15316" lon="135.84678">
<ele>323.3</ele>
</trkpt>
<trkpt lat="35.15323" lon="135.8469">
<ele>323.5</ele>
</trkpt>
<trkpt lat="35.15346" lon="135.84715">
<ele>325.9</ele>
</trkpt>
<trkpt lat="35.1537999" lon="135.84734">
<ele>331.6</ele>
</trkpt>
<trkpt lat="35.1539" lon="135.84743">
<ele>332.3</ele>
</trkpt>
<trkpt lat="35.15422" lon="135.84786">
<ele>336.1</ele>
</trkpt>
<trkpt lat="35.15453" lon="135.84821">
<ele>336.8</ele>
</trkpt>
<trkpt lat="35.15482" lon="135.84839">
<ele>335.8</ele>
</trkpt>
<trkpt lat="35.1551" lon="135.84853">
<ele>338.3</ele>
</trkpt>
<trkpt lat="35.15543" lon="135.84867">
<ele>343.1</ele>
</trkpt>
<trkpt lat="35.15562" lon="135.8488">
<ele>344.8</ele>
</trkpt>
<trkpt lat="35.15626" lon="135.8494399">
<ele>352.6</ele>
</trkpt>
<trkpt lat="35.1567" lon="135.84975">
<ele>355.6</ele>
</trkpt>
<trkpt lat="35.15701" lon="135.85005">
<ele>357.5</ele>
</trkpt>
<trkpt lat="35.15734" lon="135.8503">
<ele>361.3</ele>
</trkpt>
<trkpt lat="35.15751" lon="135.85047">
<ele>362.3</ele>
</trkpt>
<trkpt lat="35.1577399" lon="135.85074">
<ele>364.9</ele>
</trkpt>
<trkpt lat="35.15808" lon="135.85118">
<ele>370.3</ele>
</trkpt>
<trkpt lat="35.15835" lon="135.85147">
<ele>370.9</ele>
</trkpt>
<trkpt lat="35.15873" lon="135.85184">
<ele>381.2</ele>
</trkpt>
<trkpt lat="35.15911" lon="135.8521">
<ele>387.1</ele>
</trkpt>
<trkpt lat="35.1598" lon="135.85246">
<ele>390.9</ele>
</trkpt>
<trkpt lat="35.15995" lon="135.85253">
<ele>391.5</ele>
</trkpt>
<trkpt lat="35.16043" lon="135.85269">
<ele>393.9</ele>
</trkpt>
<trkpt lat="35.16075" lon="135.8527499">
<ele>392.8</ele>
</trkpt>
<trkpt lat="35.16087" lon="135.8527499">
<ele>391.6</ele>
</trkpt>
<trkpt lat="35.16157" lon="135.8526">
<ele>375.5</ele>
</trkpt>
<trkpt lat="35.16175" lon="135.85262">
<ele>372.8</ele>
</trkpt>
<trkpt lat="35.16194" lon="135.85249">
<ele>370.5</ele>
</trkpt>
<trkpt lat="35.16199" lon="135.85248">
<ele>370.4</ele>
</trkpt>
<trkpt lat="35.16208" lon="135.85252">
<ele>369.6</ele>
</trkpt>
<trkpt lat="35.16226" lon="135.85269">
<ele>368.8</ele>
</trkpt>
<trkpt lat="35.1624" lon="135.85276">
<ele>367.4</ele>
</trkpt>
<trkpt lat="35.1627" lon="135.85281">
<ele>366.1</ele>
</trkpt>
<trkpt lat="35.16284" lon="135.85285">
<ele>365.5</ele>
</trkpt>
<trkpt lat="35.1631" lon="135.8530199">
<ele>362.0</ele>
</trkpt>
<trkpt lat="35.16339" lon="135.85325">
<ele>355.0</ele>
</trkpt>
<trkpt lat="35.16364" lon="135.85336">
<ele>352.4</ele>
</trkpt>
<trkpt lat="35.16372" lon="135.85345">
<ele>351.3</ele>
</trkpt>
<trkpt lat="35.16393" lon="135.85385">
<ele>343.3</ele>
</trkpt>
<trkpt lat="35.16405" lon="135.85401">
<ele>337.7</ele>
</trkpt>
<trkpt lat="35.16431" lon="135.8542">
<ele>332.1</ele>
</trkpt>
<trkpt lat="35.16439" lon="135.8543">
<ele>332.8</ele>
</trkpt>
<trkpt lat="35.16457" lon="135.85449">
<ele>334.3</ele>
</trkpt>
<trkpt lat="35.16468" lon="135.85456">
<ele>335.1</ele>
</trkpt>
<trkpt lat="35.16478" lon="135.85461">
<ele>335.7</ele>
</trkpt>
<trkpt lat="35.16496" lon="135.85462">
<ele>336.8</ele>
</trkpt>
<trkpt lat="35.16559" lon="135.85479">
<ele>334.0</ele>
</trkpt>
<trkpt lat="35.16621" lon="135.85495">
<ele>327.5</ele>
</trkpt>
<trkpt lat="35.1663799" lon="135.85506">
<ele>325.5</ele>
</trkpt>
<trkpt lat="35.16666" lon="135.85539">
<ele>319.9</ele>
</trkpt>
<trkpt lat="35.16692" lon="135.85576">
<ele>318.4</ele>
</trkpt>
<trkpt lat="35.16716" lon="135.85619">
<ele>318.0</ele>
</trkpt>
<trkpt lat="35.1673" lon="135.85638">
<ele>314.7</ele>
</trkpt>
<trkpt lat="35.16733" lon="135.85647">
<ele>313.0</ele>
</trkpt>
<trkpt lat="35.16724" lon="135.85689">
<ele>313.6</ele>
</trkpt>
<trkpt lat="35.16729" lon="135.85722">
<ele>311.1</ele>
</trkpt>
<trkpt lat="35.16738" lon="135.85758">
<ele>305.9</ele>
</trkpt>
<trkpt lat="35.16761" lon="135.85823">
<ele>301.5</ele>
</trkpt>
<trkpt lat="35.16765" lon="135.85836">
<ele>302.2</ele>
</trkpt>
<trkpt lat="35.16765" lon="135.85856">
<ele>300.1</ele>
</trkpt>
<trkpt lat="35.16753" lon="135.85897">
<ele>293.2</ele>
</trkpt>
<trkpt lat="35.16749" lon="135.85905">
<ele>292.2</ele>
</trkpt>
<trkpt lat="35.16753" lon="135.8591099">
<ele>292.0</ele>
</trkpt>
<trkpt lat="35.16768" lon="135.85933">
<ele>294.1</ele>
</trkpt>
<trkpt lat="35.1678" lon="135.85944">
<ele>295.6</ele>
</trkpt>
<trkpt lat="35.1684" lon="135.85986">
<ele>297.9</ele>
</trkpt>
<trkpt lat="35.16852" lon="135.85986">
<ele>298.6</ele>
</trkpt>
<trkpt lat="35.16861" lon="135.8598">
<ele>300.0</ele>
</trkpt>
<trkpt lat="35.16887" lon="135.85954">
<ele>306.8</ele>
</trkpt>
<trkpt lat="35.16893" lon="135.8595">
<ele>308.3</ele>
</trkpt>
<trkpt lat="35.16897" lon="135.85951">
<ele>308.5</ele>
</trkpt>
<trkpt lat="35.16905" lon="135.85959">
<ele>307.7</ele>
</trkpt>
<trkpt lat="35.16924" lon="135.85991">
<ele>301.7</ele>
</trkpt>
<trkpt lat="35.1694" lon="135.86001">
<ele>301.2</ele>
</trkpt>
<trkpt lat="35.16954" lon="135.86006">
<ele>303.8</ele>
</trkpt>
<trkpt lat="35.16966" lon="135.86006">
<ele>304.9</ele>
</trkpt>
<trkpt lat="35.16983" lon="135.85995">
<ele>305.5</ele>
</trkpt>
<trkpt lat="35.17016" lon="135.85952">
<ele>317.1</ele>
</trkpt>
<trkpt lat="35.17024" lon="135.85945">
<ele>319.9</ele>
</trkpt>
<trkpt lat="35.17038" lon="135.8594">
<ele>323.5</ele>
</trkpt>
<trkpt lat="35.17053" lon="135.85941">
<ele>325.8</ele>
</trkpt>
<trkpt lat="35.17099" lon="135.85949">
<ele>328.3</ele>
</trkpt>
<trkpt lat="35.17107" lon="135.85953">
<ele>327.0</ele>
</trkpt>
<trkpt lat="35.17123" lon="135.85971">
<ele>322.1</ele>
</trkpt>
<trkpt lat="35.1713" lon="135.85975">
<ele>321.2</ele>
</trkpt>
<trkpt lat="35.17142" lon="135.85973">
<ele>322.0</ele>
</trkpt>
<trkpt lat="35.1715" lon="135.85971">
<ele>322.6</ele>
</trkpt>
<trkpt lat="35.1716399" lon="135.85959">
<ele>325.4</ele>
</trkpt>
<trkpt lat="35.172" lon="135.85924">
<ele>336.6</ele>
</trkpt>
<trkpt lat="35.17219" lon="135.8589">
<ele>344.0</ele>
</trkpt>
<trkpt lat="35.17225" lon="135.8588399">
<ele>344.4</ele>
</trkpt>
<trkpt lat="35.17236" lon="135.8588">
<ele>343.3</ele>
</trkpt>
<trkpt lat="35.17246" lon="135.85879">
<ele>341.7</ele>
</trkpt>
<trkpt lat="35.17286" lon="135.85812">
<ele>345.9</ele>
</trkpt>
<trkpt lat="35.17327" lon="135.85745">
<ele>342.3</ele>
</trkpt>
<trkpt lat="35.17344" lon="135.8572299">
<ele>347.4</ele>
</trkpt>
<trkpt lat="35.17365" lon="135.85708">
<ele>353.1</ele>
</trkpt>
<trkpt lat="35.17381" lon="135.85702">
<ele>355.6</ele>
</trkpt>
<trkpt lat="35.17409" lon="135.85697">
<ele>358.1</ele>
</trkpt>
<trkpt lat="35.17462" lon="135.85691">
<ele>361.0</ele>
</trkpt>
<trkpt lat="35.17514" lon="135.8569">
<ele>364.0</ele>
</trkpt>
<trkpt lat="35.17563" lon="135.85692">
<ele>369.9</ele>
</trkpt>
<trkpt lat="35.17584" lon="135.857">
<ele>371.0</ele>
</trkpt>
<trkpt lat="35.17591" lon="135.85706">
<ele>371.3</ele>
</trkpt>
<trkpt lat="35.17601" lon="135.85718">
<ele>370.7</ele>
</trkpt>
<trkpt lat="35.17604" lon="135.85729">
<ele>368.8</ele>
</trkpt>
<trkpt lat="35.17604" lon="135.85745">
<ele>364.9</ele>
</trkpt>
<trkpt lat="35.17601" lon="135.85755">
<ele>363.7</ele>
</trkpt>
<trkpt lat="35.17594" lon="135.85765">
<ele>363.5</ele>
</trkpt>
<trkpt lat="35.17588" lon="135.8577">
<ele>363.0</ele>
</trkpt>
<trkpt lat="35.17572" lon="135.85775">
<ele>361.5</ele>
</trkpt>
<trkpt lat="35.17554" lon="135.85773">
<ele>359.4</ele>
</trkpt>
<trkpt lat="35.17533" lon="135.85765">
<ele>356.0</ele>
</trkpt>
<trkpt lat="35.17512" lon="135.85757">
<ele>352.5</ele>
</trkpt>
<trkpt lat="35.17495" lon="135.85753">
<ele>350.2</ele>
</trkpt>
<trkpt lat="35.17481" lon="135.85754">
<ele>349.5</ele>
</trkpt>
<trkpt lat="35.1747299" lon="135.85758">
<ele>349.7</ele>
</trkpt>
<trkpt lat="35.17466" lon="135.85764">
<ele>350.4</ele>
</trkpt>
<trkpt lat="35.1746" lon="135.85774">
<ele>351.8</ele>
</trkpt>
<trkpt lat="35.17458" lon="135.85782">
<ele>353.1</ele>
</trkpt>
<trkpt lat="35.17457" lon="135.85794">
<ele>355.1</ele>
</trkpt>
<trkpt lat="35.17462" lon="135.85812">
<ele>358.4</ele>
</trkpt>
<trkpt lat="35.17469" lon="135.85822">
<ele>360.3</ele>
</trkpt>
<trkpt lat="35.17479" lon="135.85829">
<ele>361.8</ele>
</trkpt>
<trkpt lat="35.17496" lon="135.85834">
<ele>363.2</ele>
</trkpt>
<trkpt lat="35.17543" lon="135.85832">
<ele>365.9</ele>
</trkpt>
<trkpt lat="35.17587" lon="135.85828">
<ele>369.1</ele>
</trkpt>
<trkpt lat="35.1763199" lon="135.8582">
<ele>376.3</ele>
</trkpt>
<trkpt lat="35.17655" lon="135.85811">
<ele>379.5</ele>
</trkpt>
<trkpt lat="35.17731" lon="135.85769">
<ele>385.4</ele>
</trkpt>
<trkpt lat="35.17806" lon="135.85728">
<ele>396.0</ele>
</trkpt>
<trkpt lat="35.17823" lon="135.85722">
<ele>398.4</ele>
</trkpt>
<trkpt lat="35.17852" lon="135.85719">
<ele>401.3</ele>
</trkpt>
<trkpt lat="35.17887" lon="135.85722">
<ele>404.7</ele>
</trkpt>
<trkpt lat="35.1792299" lon="135.85731">
<ele>408.6</ele>
</trkpt>
<trkpt lat="35.1794" lon="135.85742">
<ele>411.0</ele>
</trkpt>
<trkpt lat="35.17946" lon="135.8574999">
<ele>411.9</ele>
</trkpt>
<trkpt lat="35.1795199" lon="135.85767">
<ele>417.2</ele>
</trkpt>
<trkpt lat="35.17953" lon="135.85778">
<ele>420.3</ele>
</trkpt>
<trkpt lat="35.17949" lon="135.85792">
<ele>423.4</ele>
</trkpt>
<trkpt lat="35.17942" lon="135.85802">
<ele>425.0</ele>
</trkpt>
<trkpt lat="35.17937" lon="135.85807">
<ele>425.5</ele>
</trkpt>
<trkpt lat="35.1791399" lon="135.85814">
<ele>423.8</ele>
</trkpt>
<trkpt lat="35.17848" lon="135.85813">
<ele>415.6</ele>
</trkpt>
<trkpt lat="35.17814" lon="135.85818">
<ele>411.1</ele>
</trkpt>
<trkpt lat="35.17786" lon="135.85828">
<ele>407.6</ele>
</trkpt>
<trkpt lat="35.17757" lon="135.85843">
<ele>405.9</ele>
</trkpt>
<trkpt lat="35.17742" lon="135.85855">
<ele>407.0</ele>
</trkpt>
<trkpt lat="35.1773499" lon="135.85867">
<ele>409.9</ele>
</trkpt>
<trkpt lat="35.17734" lon="135.85874">
<ele>412.3</ele>
</trkpt>
<trkpt lat="35.17734" lon="135.8589">
<ele>418.0</ele>
</trkpt>
<trkpt lat="35.17737" lon="135.85898">
<ele>421.3</ele>
</trkpt>
<trkpt lat="35.17747" lon="135.85912">
<ele>427.9</ele>
</trkpt>
<trkpt lat="35.1776" lon="135.8591999">
<ele>433.8</ele>
</trkpt>
<trkpt lat="35.17776" lon="135.85921">
<ele>437.6</ele>
</trkpt>
<trkpt lat="35.1783" lon="135.85895">
<ele>439.0</ele>
</trkpt>
<trkpt lat="35.17863" lon="135.85885">
<ele>440.1</ele>
</trkpt>
<trkpt lat="35.17931" lon="135.8587">
<ele>443.8</ele>
</trkpt>
<trkpt lat="35.17998" lon="135.85855">
<ele>448.9</ele>
</trkpt>
<trkpt lat="35.18032" lon="135.85849">
<ele>449.4</ele>
</trkpt>
<trkpt lat="35.18069" lon="135.85845">
<ele>450.5</ele>
</trkpt>
<trkpt lat="35.18095" lon="135.85849">
<ele>452.0</ele>
</trkpt>
<trkpt lat="35.1811999" lon="135.8585699">
<ele>453.0</ele>
</trkpt>
<trkpt lat="35.18179" lon="135.85898">
<ele>462.1</ele>
</trkpt>
<trkpt lat="35.18193" lon="135.85906">
<ele>465.4</ele>
</trkpt>
<trkpt lat="35.18231" lon="135.85918">
<ele>471.6</ele>
</trkpt>
<trkpt lat="35.18258" lon="135.85917">
<ele>474.7</ele>
</trkpt>
<trkpt lat="35.18285" lon="135.8591">
<ele>479.5</ele>
</trkpt>
<trkpt lat="35.18305" lon="135.859">
<ele>482.8</ele>
</trkpt>
<trkpt lat="35.18334" lon="135.85876">
<ele>487.2</ele>
</trkpt>
<trkpt lat="35.1838" lon="135.8583">
<ele>494.7</ele>
</trkpt>
<trkpt lat="35.18432" lon="135.85769">
<ele>525.1</ele>
</trkpt>
<trkpt lat="35.18484" lon="135.85708">
<ele>557.7</ele>
</trkpt>
<trkpt lat="35.1852" lon="135.85679">
<ele>576.3</ele>
</trkpt>
<trkpt lat="35.18546" lon="135.85665">
<ele>585.1</ele>
</trkpt>
<trkpt lat="35.1858099" lon="135.85654">
<ele>590.6</ele>
</trkpt>
<trkpt lat="35.18629" lon="135.85646">
<ele>601.1</ele>
</trkpt>
<trkpt lat="35.18675" lon="135.85642">
<ele>608.8</ele>
</trkpt>
<trkpt lat="35.18721" lon="135.85639">
<ele>605.3</ele>
</trkpt>
<trkpt lat="35.18769" lon="135.85639">
<ele>598.0</ele>
</trkpt>
<trkpt lat="35.18817" lon="135.85639">
<ele>585.3</ele>
</trkpt>
<trkpt lat="35.1886" lon="135.85639">
<ele>568.2</ele>
</trkpt>
<trkpt lat="35.18909" lon="135.85642">
<ele>545.6</ele>
</trkpt>
<trkpt lat="35.18958" lon="135.85644">
<ele>521.4</ele>
</trkpt>
<trkpt lat="35.19017" lon="135.85653">
<ele>497.0</ele>
</trkpt>
<trkpt lat="35.19047" lon="135.85659">
<ele>487.8</ele>
</trkpt>
<trkpt lat="35.19055" lon="135.85664">
<ele>485.6</ele>
</trkpt>
<trkpt lat="35.19064" lon="135.85672">
<ele>483.4</ele>
</trkpt>
<trkpt lat="35.19072" lon="135.85686">
<ele>483.1</ele>
</trkpt>
<trkpt lat="35.19103" lon="135.85763">
<ele>487.9</ele>
</trkpt>
<trkpt lat="35.19135" lon="135.8584">
<ele>492.6</ele>
</trkpt>
<trkpt lat="35.19142" lon="135.85853">
<ele>494.6</ele>
</trkpt>
<trkpt lat="35.19163" lon="135.85876">
<ele>495.6</ele>
</trkpt>
<trkpt lat="35.19176" lon="135.8588399">
<ele>494.6</ele>
</trkpt>
<trkpt lat="35.19203" lon="135.85896">
<ele>490.4</ele>
</trkpt>
<trkpt lat="35.19226" lon="135.85907">
<ele>486.0</ele>
</trkpt>
<trkpt lat="35.19247" lon="135.85921">
<ele>482.6</ele>
</trkpt>
<trkpt lat="35.19259" lon="135.85932">
<ele>483.4</ele>
</trkpt>
<trkpt lat="35.19301" lon="135.85981">
<ele>487.1</ele>
</trkpt>
<trkpt lat="35.19344" lon="135.86031">
<ele>489.4</ele>
</trkpt>
<trkpt lat="35.19357" lon="135.86044">
<ele>491.1</ele>
</trkpt>
<trkpt lat="35.1937" lon="135.86053">
<ele>491.4</ele>
</trkpt>
<trkpt lat="35.19393" lon="135.86061">
<ele>489.1</ele>
</trkpt>
<trkpt lat="35.19439" lon="135.86066">
<ele>483.4</ele>
</trkpt>
<trkpt lat="35.19474" lon="135.86074">
<ele>481.8</ele>
</trkpt>
<trkpt lat="35.1948999" lon="135.86083">
<ele>482.2</ele>
</trkpt>
<trkpt lat="35.19525" lon="135.8610799">
<ele>486.6</ele>
</trkpt>
<trkpt lat="35.19541" lon="135.86118">
<ele>488.6</ele>
</trkpt>
<trkpt lat="35.19589" lon="135.86134">
<ele>490.8</ele>
</trkpt>
<trkpt lat="35.19621" lon="135.86141">
<ele>493.5</ele>
</trkpt>
<trkpt lat="35.19637" lon="135.86142">
<ele>493.6</ele>
</trkpt>
<trkpt lat="35.19656" lon="135.86141">
<ele>492.6</ele>
</trkpt>
<trkpt lat="35.19738" lon="135.86121">
<ele>481.0</ele>
</trkpt>
<trkpt lat="35.19792" lon="135.86103">
<ele>475.2</ele>
</trkpt>
<trkpt lat="35.1982799" lon="135.86085">
<ele>467.6</ele>
</trkpt>
<trkpt lat="35.19852" lon="135.86067">
<ele>468.1</ele>
</trkpt>
<trkpt lat="35.19915" lon="135.86014">
<ele>460.2</ele>
</trkpt>
<trkpt lat="35.1994" lon="135.86">
<ele>457.7</ele>
</trkpt>
<trkpt lat="35.19956" lon="135.85993">
<ele>460.0</ele>
</trkpt>
<trkpt lat="35.1997" lon="135.85987">
<ele>461.6</ele>
</trkpt>
<trkpt lat="35.2003" lon="135.8598">
<ele>462.9</ele>
</trkpt>
<trkpt lat="35.20089" lon="135.85972">
<ele>460.7</ele>
</trkpt>
<trkpt lat="35.20161" lon="135.85951">
<ele>457.3</ele>
</trkpt>
<trkpt lat="35.20194" lon="135.8594">
<ele>456.8</ele>
</trkpt>
<trkpt lat="35.20226" lon="135.85924">
<ele>454.0</ele>
</trkpt>
<trkpt lat="35.2029799" lon="135.85877">
<ele>453.0</ele>
</trkpt>
<trkpt lat="35.2037" lon="135.85831">
<ele>467.8</ele>
</trkpt>
<trkpt lat="35.20442" lon="135.85785">
<ele>511.1</ele>
</trkpt>
<trkpt lat="35.20501" lon="135.85746">
<ele>526.5</ele>
</trkpt>
<trkpt lat="35.20536" lon="135.8573">
<ele>503.9</ele>
</trkpt>
<trkpt lat="35.20578" lon="135.85717">
<ele>477.8</ele>
</trkpt>
<trkpt lat="35.20626" lon="135.85708">
<ele>459.9</ele>
</trkpt>
<trkpt lat="35.20679" lon="135.85708">
<ele>446.4</ele>
</trkpt>
<trkpt lat="35.20731" lon="135.85712">
<ele>453.3</ele>
</trkpt>
<trkpt lat="35.20783" lon="135.85716">
<ele>451.7</ele>
</trkpt>
<trkpt lat="35.20802" lon="135.8571399">
<ele>447.9</ele>
</trkpt>
<trkpt lat="35.20835" lon="135.85703">
<ele>438.4</ele>
</trkpt>
<trkpt lat="35.20873" lon="135.85681">
<ele>431.3</ele>
</trkpt>
<trkpt lat="35.2089799" lon="135.85671">
<ele>428.7</ele>
</trkpt>
<trkpt lat="35.20959" lon="135.8565999">
<ele>434.2</ele>
</trkpt>
<trkpt lat="35.2102099" lon="135.85647">
<ele>444.3</ele>
</trkpt>
<trkpt lat="35.2104799" lon="135.85641">
<ele>452.2</ele>
</trkpt>
<trkpt lat="35.21096" lon="135.85632">
<ele>458.2</ele>
</trkpt>
<trkpt lat="35.21144" lon="135.85623">
<ele>443.2</ele>
</trkpt>
<trkpt lat="35.21187" lon="135.85618">
<ele>429.3</ele>
</trkpt>
<trkpt lat="35.2122" lon="135.85617">
<ele>416.6</ele>
</trkpt>
<trkpt lat="35.213" lon="135.85626">
<ele>425.6</ele>
</trkpt>
<trkpt lat="35.21302" lon="135.85585">
<ele>431.0</ele>
</trkpt>
<trkpt lat="35.21298" lon="135.85577">
<ele>430.4</ele>
</trkpt>
<trkpt lat="35.21293" lon="135.85574">
<ele>428.5</ele>
</trkpt>
<trkpt lat="35.21286" lon="135.85574">
<ele>424.9</ele>
</trkpt>
<trkpt lat="35.21287" lon="135.85579">
<ele>424.5</ele>
</trkpt>
<trkpt lat="35.21285" lon="135.85608">
<ele>420.8</ele>
</trkpt>
<trkpt lat="35.2128" lon="135.8565099">
<ele>415.7</ele>
</trkpt>
<trkpt lat="35.21275" lon="135.85668">
<ele>413.1</ele>
</trkpt>
<trkpt lat="35.2127" lon="135.85681">
<ele>411.6</ele>
</trkpt>
<trkpt lat="35.21267" lon="135.85686">
<ele>410.9</ele>
</trkpt>
<trkpt lat="35.21254" lon="135.857">
<ele>408.3</ele>
</trkpt>
<trkpt lat="35.21244" lon="135.85717">
<ele>409.9</ele>
</trkpt>
<trkpt lat="35.21235" lon="135.85726">
<ele>412.1</ele>
</trkpt>
<trkpt lat="35.21209" lon="135.85746">
<ele>416.5</ele>
</trkpt>
<trkpt lat="35.21201" lon="135.85756">
<ele>416.7</ele>
</trkpt>
<trkpt lat="35.21192" lon="135.8578">
<ele>415.2</ele>
</trkpt>
<trkpt lat="35.21191" lon="135.85788">
<ele>414.4</ele>
</trkpt>
<trkpt lat="35.21192" lon="135.85809">
<ele>411.8</ele>
</trkpt>
<trkpt lat="35.212" lon="135.85835">
<ele>407.1</ele>
</trkpt>
<trkpt lat="35.21208" lon="135.85842">
<ele>405.8</ele>
</trkpt>
<trkpt lat="35.21217" lon="135.85847">
<ele>404.0</ele>
</trkpt>
<trkpt lat="35.2123" lon="135.85851">
<ele>401.2</ele>
</trkpt>
<trkpt lat="35.21243" lon="135.8585">
<ele>398.1</ele>
</trkpt>
<trkpt lat="35.21282" lon="135.85835">
<ele>394.3</ele>
</trkpt>
<trkpt lat="35.21291" lon="135.85833">
<ele>394.1</ele>
</trkpt>
<trkpt lat="35.213" lon="135.85836">
<ele>393.8</ele>
</trkpt>
<trkpt lat="35.21311" lon="135.85845">
<ele>393.4</ele>
</trkpt>
<trkpt lat="35.2137" lon="135.85908">
<ele>401.4</ele>
</trkpt>
<trkpt lat="35.21383" lon="135.85926">
<ele>403.4</ele>
</trkpt>
<trkpt lat="35.21399" lon="135.85957">
<ele>402.9</ele>
</trkpt>
<trkpt lat="35.21418" lon="135.86007">
<ele>397.1</ele>
</trkpt>
<trkpt lat="35.21431" lon="135.86049">
<ele>398.2</ele>
</trkpt>
<trkpt lat="35.21437" lon="135.86085">
<ele>394.9</ele>
</trkpt>
<trkpt lat="35.21443" lon="135.86106">
<ele>396.6</ele>
</trkpt>
<trkpt lat="35.21447" lon="135.86119">
<ele>396.9</ele>
</trkpt>
<trkpt lat="35.21456" lon="135.86139">
<ele>395.8</ele>
</trkpt>
<trkpt lat="35.21464" lon="135.86151">
<ele>393.7</ele>
</trkpt>
<trkpt lat="35.21475" lon="135.8616">
<ele>390.3</ele>
</trkpt>
<trkpt lat="35.2151799" lon="135.86168">
<ele>385.7</ele>
</trkpt>
<trkpt lat="35.21579" lon="135.86173">
<ele>393.7</ele>
</trkpt>
<trkpt lat="35.21591" lon="135.8617">
<ele>393.2</ele>
</trkpt>
<trkpt lat="35.21622" lon="135.86157">
<ele>393.5</ele>
</trkpt>
<trkpt lat="35.21658" lon="135.8614399">
<ele>395.0</ele>
</trkpt>
<trkpt lat="35.21711" lon="135.8614">
<ele>393.9</ele>
</trkpt>
<trkpt lat="35.21729" lon="135.86143">
<ele>391.8</ele>
</trkpt>
<trkpt lat="35.21757" lon="135.86151">
<ele>388.2</ele>
</trkpt>
<trkpt lat="35.21833" lon="135.8616199">
<ele>391.6</ele>
</trkpt>
<trkpt lat="35.21848" lon="135.86167">
<ele>392.0</ele>
</trkpt>
<trkpt lat="35.21855" lon="135.86174">
<ele>391.6</ele>
</trkpt>
<trkpt lat="35.2185599" lon="135.86189">
<ele>388.6</ele>
</trkpt>
<trkpt lat="35.21855" lon="135.86197">
<ele>386.9</ele>
</trkpt>
<trkpt lat="35.2191" lon="135.86232">
<ele>381.4</ele>
</trkpt>
<trkpt lat="35.2194" lon="135.8623299">
<ele>380.2</ele>
</trkpt>
<trkpt lat="35.21989" lon="135.86222">
<ele>381.6</ele>
</trkpt>
<trkpt lat="35.22004" lon="135.86221">
<ele>381.0</ele>
</trkpt>
<trkpt lat="35.2202399" lon="135.8622">
<ele>379.4</ele>
</trkpt>
<trkpt lat="35.22069" lon="135.86223">
<ele>374.2</ele>
</trkpt>
<trkpt lat="35.22106" lon="135.86219">
<ele>372.7</ele>
</trkpt>
<trkpt lat="35.22143" lon="135.86209">
<ele>372.8</ele>
</trkpt>
<trkpt lat="35.22205" lon="135.86182">
<ele>371.8</ele>
</trkpt>
<trkpt lat="35.22267" lon="135.86154">
<ele>369.5</ele>
</trkpt>
<trkpt lat="35.2231" lon="135.86136">
<ele>372.0</ele>
</trkpt>
<trkpt lat="35.2235299" lon="135.8611699">
<ele>372.8</ele>
</trkpt>
<trkpt lat="35.22358" lon="135.86102">
<ele>374.9</ele>
</trkpt>
<trkpt lat="35.22376" lon="135.8608099">
<ele>373.0</ele>
</trkpt>
<trkpt lat="35.22407" lon="135.86023">
<ele>377.6</ele>
</trkpt>
<trkpt lat="35.2244699" lon="135.85976">
<ele>376.5</ele>
</trkpt>
<trkpt lat="35.22455" lon="135.85969">
<ele>376.7</ele>
</trkpt>
<trkpt lat="35.22467" lon="135.8596">
<ele>376.7</ele>
</trkpt>
<trkpt lat="35.22476" lon="135.85958">
<ele>374.9</ele>
</trkpt>
<trkpt lat="35.2249399" lon="135.85959">
<ele>369.4</ele>
</trkpt>
<trkpt lat="35.22521" lon="135.85963">
<ele>369.8</ele>
</trkpt>
<trkpt lat="35.2254999" lon="135.85973">
<ele>370.4</ele>
</trkpt>
<trkpt lat="35.2256" lon="135.85979">
<ele>369.3</ele>
</trkpt>
<trkpt lat="35.22598" lon="135.8602">
<ele>361.7</ele>
</trkpt>
<trkpt lat="35.22614" lon="135.86044">
<ele>358.7</ele>
</trkpt>
<trkpt lat="35.22629" lon="135.86077">
<ele>351.8</ele>
</trkpt>
<trkpt lat="35.2266199" lon="135.86165">
<ele>344.5</ele>
</trkpt>
<trkpt lat="35.22667" lon="135.86175">
<ele>344.2</ele>
</trkpt>
<trkpt lat="35.22678" lon="135.86184">
<ele>344.4</ele>
</trkpt>
<trkpt lat="35.22684" lon="135.86186">
<ele>344.4</ele>
</trkpt>
<trkpt lat="35.22692" lon="135.86187">
<ele>344.3</ele>
</trkpt>
<trkpt lat="35.22724" lon="135.86183">
<ele>344.3</ele>
</trkpt>
<trkpt lat="35.2273799" lon="135.86183">
<ele>344.2</ele>
</trkpt>
<trkpt lat="35.228" lon="135.862">
<ele>345.6</ele>
</trkpt>
<trkpt lat="35.22887" lon="135.86194">
<ele>354.1</ele>
</trkpt>
<trkpt lat="35.2291" lon="135.86201">
<ele>354.2</ele>
</trkpt>
<trkpt lat="35.22923" lon="135.86208">
<ele>353.0</ele>
</trkpt>
<trkpt lat="35.22948" lon="135.86215">
<ele>353.3</ele>
</trkpt>
<trkpt lat="35.23028" lon="135.86218">
<ele>358.6</ele>
</trkpt>
<trkpt lat="35.23052" lon="135.86227">
<ele>354.2</ele>
</trkpt>
<trkpt lat="35.23092" lon="135.86253">
<ele>344.5</ele>
</trkpt>
<trkpt lat="35.23118" lon="135.86262">
<ele>345.6</ele>
</trkpt>
<trkpt lat="35.23164" lon="135.86285">
<ele>344.7</ele>
</trkpt>
<trkpt lat="35.23187" lon="135.86299">
<ele>342.4</ele>
</trkpt>
<trkpt lat="35.23234" lon="135.86317">
<ele>339.3</ele>
</trkpt>
<trkpt lat="35.23274" lon="135.86321">
<ele>337.3</ele>
</trkpt>
<trkpt lat="35.23306" lon="135.8632">
<ele>335.6</ele>
</trkpt>
<trkpt lat="35.2331999" lon="135.86316">
<ele>334.9</ele>
</trkpt>
<trkpt lat="35.2333799" lon="135.86307">
<ele>334.2</ele>
</trkpt>
<trkpt lat="35.23359" lon="135.86301">
<ele>333.9</ele>
</trkpt>
<trkpt lat="35.2336699" lon="135.86299">
<ele>333.8</ele>
</trkpt>
<trkpt lat="35.23392" lon="135.86281">
<ele>333.7</ele>
</trkpt>
<trkpt lat="35.234" lon="135.86277">
<ele>333.6</ele>
</trkpt>
<trkpt lat="35.23405" lon="135.8627799">
<ele>333.5</ele>
</trkpt>
<trkpt lat="35.2341" lon="135.8628">
<ele>333.4</ele>
</trkpt>
<trkpt lat="35.23412" lon="135.86284">
<ele>333.3</ele>
</trkpt>
<trkpt lat="35.23429" lon="135.86327">
<ele>331.4</ele>
</trkpt>
<trkpt lat="35.23442" lon="135.86322">
<ele>330.9</ele>
</trkpt>
<trkpt lat="35.23458" lon="135.8632">
<ele>330.3</ele>
</trkpt>
<trkpt lat="35.2346999" lon="135.8632">
<ele>329.7</ele>
</trkpt>
<trkpt lat="35.23494" lon="135.86326">
<ele>327.6</ele>
</trkpt>
<trkpt lat="35.23504" lon="135.86329">
<ele>327.2</ele>
</trkpt>
<trkpt lat="35.23527" lon="135.86342">
<ele>328.9</ele>
</trkpt>
<trkpt lat="35.23561" lon="135.86364">
<ele>330.2</ele>
</trkpt>
<trkpt lat="35.23589" lon="135.86384">
<ele>329.3</ele>
</trkpt>
<trkpt lat="35.23642" lon="135.86435">
<ele>329.8</ele>
</trkpt>
<trkpt lat="35.23669" lon="135.86455">
<ele>331.6</ele>
</trkpt>
<trkpt lat="35.23688" lon="135.86469">
<ele>332.5</ele>
</trkpt>
<trkpt lat="35.23735" lon="135.86495">
<ele>328.4</ele>
</trkpt>
<trkpt lat="35.23747" lon="135.86501">
<ele>327.0</ele>
</trkpt>
<trkpt lat="35.23766" lon="135.86506">
<ele>329.7</ele>
</trkpt>
<trkpt lat="35.2378" lon="135.86506">
<ele>329.8</ele>
</trkpt>
<trkpt lat="35.23799" lon="135.86504">
<ele>328.9</ele>
</trkpt>
<trkpt lat="35.2387" lon="135.8648">
<ele>327.1</ele>
</trkpt>
<trkpt lat="35.2391099" lon="135.86473">
<ele>325.9</ele>
</trkpt>
<trkpt lat="35.23956" lon="135.8647499">
<ele>324.3</ele>
</trkpt>
<trkpt lat="35.2398499" lon="135.86482">
<ele>322.7</ele>
</trkpt>
<trkpt lat="35.24008" lon="135.86489">
<ele>321.2</ele>
</trkpt>
<trkpt lat="35.24038" lon="135.86504">
<ele>321.0</ele>
</trkpt>
<trkpt lat="35.24097" lon="135.86537">
<ele>329.5</ele>
</trkpt>
<trkpt lat="35.2415499" lon="135.8657">
<ele>324.3</ele>
</trkpt>
<trkpt lat="35.24205" lon="135.86598">
<ele>324.3</ele>
</trkpt>
<trkpt lat="35.24255" lon="135.86626">
<ele>325.1</ele>
</trkpt>
<trkpt lat="35.24295" lon="135.86646">
<ele>322.7</ele>
</trkpt>
<trkpt lat="35.24338" lon="135.86665">
<ele>316.6</ele>
</trkpt>
<trkpt lat="35.24401" lon="135.86688">
<ele>321.1</ele>
</trkpt>
<trkpt lat="35.24447" lon="135.86701">
<ele>319.5</ele>
</trkpt>
<trkpt lat="35.2451" lon="135.86714">
<ele>312.1</ele>
</trkpt>
<trkpt lat="35.24552" lon="135.8672">
<ele>308.6</ele>
</trkpt>
<trkpt lat="35.24552" lon="135.86729">
<ele>309.6</ele>
</trkpt>
<trkpt lat="35.24555" lon="135.86739">
<ele>310.3</ele>
</trkpt>
<trkpt lat="35.24626" lon="135.86765">
<ele>307.4</ele>
</trkpt>
<trkpt lat="35.24669" lon="135.86776">
<ele>304.8</ele>
</trkpt>
<trkpt lat="35.24694" lon="135.86864">
<ele>315.4</ele>
</trkpt>
<trkpt lat="35.24695" lon="135.86867">
<ele>316.0</ele>
</trkpt>
<trkpt lat="35.24723" lon="135.86865">
<ele>314.5</ele>
</trkpt>
<trkpt lat="35.24723" lon="135.86868">
<ele>315.1</ele>
</trkpt>
<trkpt lat="35.24723" lon="135.86865">
<ele>314.5</ele>
</trkpt>
<trkpt lat="35.24695" lon="135.86867">
<ele>316.0</ele>
</trkpt>
<trkpt lat="35.24669" lon="135.86776">
<ele>304.8</ele>
</trkpt>
<trkpt lat="35.24754" lon="135.86806">
<ele>305.7</ele>
</trkpt>
<trkpt lat="35.24778" lon="135.86808">
<ele>305.8</ele>
</trkpt>
<trkpt lat="35.2478" lon="135.86807">
<ele>305.6</ele>
</trkpt>
<trkpt lat="35.24785" lon="135.86804">
<ele>305.2</ele>
</trkpt>
<trkpt lat="35.24789" lon="135.86796">
<ele>304.1</ele>
</trkpt>
<trkpt lat="35.24852" lon="135.8682399">
<ele>306.1</ele>
</trkpt>
<trkpt lat="35.24892" lon="135.86848">
<ele>308.0</ele>
</trkpt>
<trkpt lat="35.24942" lon="135.8688699">
<ele>313.0</ele>
</trkpt>
<trkpt lat="35.25004" lon="135.8692299">
<ele>309.3</ele>
</trkpt>
<trkpt lat="35.25057" lon="135.86946">
<ele>316.5</ele>
</trkpt>
<trkpt lat="35.2511" lon="135.86969">
<ele>318.6</ele>
</trkpt>
<trkpt lat="35.25126" lon="135.86976">
<ele>318.6</ele>
</trkpt>
<trkpt lat="35.25175" lon="135.86985">
<ele>314.0</ele>
</trkpt>
<trkpt lat="35.2525199" lon="135.86988">
<ele>306.1</ele>
</trkpt>
<trkpt lat="35.2532799" lon="135.86991">
<ele>295.4</ele>
</trkpt>
<trkpt lat="35.25388" lon="135.86998">
<ele>292.4</ele>
</trkpt>
<trkpt lat="35.25464" lon="135.87014">
<ele>293.3</ele>
</trkpt>
<trkpt lat="35.25541" lon="135.8702999">
<ele>293.4</ele>
</trkpt>
<trkpt lat="35.25591" lon="135.87042">
<ele>293.5</ele>
</trkpt>
<trkpt lat="35.25647" lon="135.87056">
<ele>295.2</ele>
</trkpt>
<trkpt lat="35.25692" lon="135.8707499">
<ele>297.0</ele>
</trkpt>
<trkpt lat="35.25717" lon="135.87088">
<ele>297.6</ele>
</trkpt>
<trkpt lat="35.25765" lon="135.87124">
<ele>300.9</ele>
</trkpt>
<trkpt lat="35.25827" lon="135.87185">
<ele>295.2</ele>
</trkpt>
<trkpt lat="35.25893" lon="135.87238">
<ele>294.2</ele>
</trkpt>
<trkpt lat="35.25925" lon="135.87258">
<ele>291.8</ele>
</trkpt>
<trkpt lat="35.2597" lon="135.87283">
<ele>294.7</ele>
</trkpt>
<trkpt lat="35.26029" lon="135.87307">
<ele>294.6</ele>
</trkpt>
<trkpt lat="35.261" lon="135.87325">
<ele>288.5</ele>
</trkpt>
<trkpt lat="35.2617" lon="135.87343">
<ele>283.6</ele>
</trkpt>
<trkpt lat="35.2620099" lon="135.87347">
<ele>282.1</ele>
</trkpt>
<trkpt lat="35.26244" lon="135.87352">
<ele>279.1</ele>
</trkpt>
<trkpt lat="35.26303" lon="135.87364">
<ele>276.8</ele>
</trkpt>
<trkpt lat="35.26331" lon="135.87374">
<ele>276.1</ele>
</trkpt>
<trkpt lat="35.26399" lon="135.87404">
<ele>274.5</ele>
</trkpt>
<trkpt lat="35.26467" lon="135.87434">
<ele>273.2</ele>
</trkpt>
<trkpt lat="35.26491" lon="135.87453">
<ele>273.7</ele>
</trkpt>
<trkpt lat="35.26559" lon="135.87519">
<ele>276.1</ele>
</trkpt>
<trkpt lat="35.26606" lon="135.87555">
<ele>278.8</ele>
</trkpt>
<trkpt lat="35.26677" lon="135.876">
<ele>278.9</ele>
</trkpt>
<trkpt lat="35.2672" lon="135.87622">
<ele>280.2</ele>
</trkpt>
<trkpt lat="35.26757" lon="135.87633">
<ele>277.5</ele>
</trkpt>
<trkpt lat="35.26843" lon="135.8764">
<ele>270.5</ele>
</trkpt>
<trkpt lat="35.2688599" lon="135.87653">
<ele>266.7</ele>
</trkpt>
<trkpt lat="35.2692" lon="135.8767">
<ele>263.5</ele>
</trkpt>
<trkpt lat="35.26948" lon="135.87687">
<ele>265.4</ele>
</trkpt>
<trkpt lat="35.26995" lon="135.87714">
<ele>265.2</ele>
</trkpt>
<trkpt lat="35.27042" lon="135.87742">
<ele>263.2</ele>
</trkpt>
<trkpt lat="35.27109" lon="135.87783">
<ele>266.1</ele>
</trkpt>
<trkpt lat="35.27161" lon="135.87802">
<ele>270.8</ele>
</trkpt>
<trkpt lat="35.27211" lon="135.87806">
<ele>278.2</ele>
</trkpt>
<trkpt lat="35.27256" lon="135.87799">
<ele>281.8</ele>
</trkpt>
<trkpt lat="35.273" lon="135.87789">
<ele>281.8</ele>
</trkpt>
<trkpt lat="35.27351" lon="135.87771">
<ele>276.4</ele>
</trkpt>
<trkpt lat="35.2740099" lon="135.87753">
<ele>269.0</ele>
</trkpt>
<trkpt lat="35.2742999" lon="135.8775">
<ele>267.0</ele>
</trkpt>
<trkpt lat="35.2745" lon="135.87753">
<ele>266.9</ele>
</trkpt>
<trkpt lat="35.27481" lon="135.87767">
<ele>269.9</ele>
</trkpt>
<trkpt lat="35.27527" lon="135.87802">
<ele>277.5</ele>
</trkpt>
<trkpt lat="35.27553" lon="135.87813">
<ele>277.7</ele>
</trkpt>
<trkpt lat="35.27579" lon="135.87817">
<ele>275.3</ele>
</trkpt>
<trkpt lat="35.2763599" lon="135.87816">
<ele>267.2</ele>
</trkpt>
<trkpt lat="35.27658" lon="135.87824">
<ele>264.8</ele>
</trkpt>
<trkpt lat="35.27679" lon="135.87838">
<ele>264.1</ele>
</trkpt>
<trkpt lat="35.27715" lon="135.87891">
<ele>271.8</ele>
</trkpt>
<trkpt lat="35.27737" lon="135.87907">
<ele>270.4</ele>
</trkpt>
<trkpt lat="35.27802" lon="135.87936">
<ele>266.5</ele>
</trkpt>
<trkpt lat="35.27867" lon="135.87964">
<ele>267.9</ele>
</trkpt>
<trkpt lat="35.27867" lon="135.87964">
<ele>267.9</ele>
</trkpt>
<trkpt lat="35.27898" lon="135.87978">
<ele>269.6</ele>
</trkpt>
<trkpt lat="35.27913" lon="135.87982">
<ele>269.4</ele>
</trkpt>
<trkpt lat="35.2794" lon="135.87985">
<ele>269.8</ele>
</trkpt>
<trkpt lat="35.27973" lon="135.87981">
<ele>268.6</ele>
</trkpt>
<trkpt lat="35.27998" lon="135.87972">
<ele>265.9</ele>
</trkpt>
<trkpt lat="35.28055" lon="135.87943">
<ele>258.1</ele>
</trkpt>
<trkpt lat="35.2806799" lon="135.8794">
<ele>257.4</ele>
</trkpt>
<trkpt lat="35.28082" lon="135.87941">
<ele>257.8</ele>
</trkpt>
<trkpt lat="35.28093" lon="135.87944">
<ele>258.3</ele>
</trkpt>
<trkpt lat="35.28142" lon="135.87971">
<ele>260.5</ele>
</trkpt>
<trkpt lat="35.28201" lon="135.8800599">
<ele>259.4</ele>
</trkpt>
<trkpt lat="35.2825" lon="135.88016">
<ele>256.7</ele>
</trkpt>
<trkpt lat="35.28264" lon="135.88022">
<ele>255.3</ele>
</trkpt>
<trkpt lat="35.28277" lon="135.88032">
<ele>254.1</ele>
</trkpt>
<trkpt lat="35.28287" lon="135.88046">
<ele>253.3</ele>
</trkpt>
<trkpt lat="35.28295" lon="135.88065">
<ele>252.8</ele>
</trkpt>
<trkpt lat="35.28308" lon="135.88132">
<ele>253.1</ele>
</trkpt>
<trkpt lat="35.2832099" lon="135.88199">
<ele>250.6</ele>
</trkpt>
<trkpt lat="35.2832099" lon="135.88199">
<ele>250.6</ele>
</trkpt>
<trkpt lat="35.28333" lon="135.88258">
<ele>247.8</ele>
</trkpt>
<trkpt lat="35.2834" lon="135.88278">
<ele>249.1</ele>
</trkpt>
<trkpt lat="35.28353" lon="135.88297">
<ele>250.0</ele>
</trkpt>
<trkpt lat="35.28371" lon="135.88314">
<ele>250.3</ele>
</trkpt>
<trkpt lat="35.28388" lon="135.88324">
<ele>250.1</ele>
</trkpt>
<trkpt lat="35.28436" lon="135.88337">
<ele>247.8</ele>
</trkpt>
<trkpt lat="35.28466" lon="135.88348">
<ele>246.2</ele>
</trkpt>
<trkpt lat="35.28497" lon="135.88367">
<ele>244.7</ele>
</trkpt>
<trkpt lat="35.28548" lon="135.88411">
<ele>241.4</ele>
</trkpt>
<trkpt lat="35.28572" lon="135.88431">
<ele>241.5</ele>
</trkpt>
<trkpt lat="35.28595" lon="135.88446">
<ele>242.5</ele>
</trkpt>
<trkpt lat="35.28622" lon="135.8846">
<ele>243.9</ele>
</trkpt>
<trkpt lat="35.28686" lon="135.88487">
<ele>245.5</ele>
</trkpt>
<trkpt lat="35.28705" lon="135.88492">
<ele>245.9</ele>
</trkpt>
<trkpt lat="35.28733" lon="135.88494">
<ele>245.5</ele>
</trkpt>
<trkpt lat="35.28733" lon="135.88494">
<ele>245.5</ele>
</trkpt>
<trkpt lat="35.28757" lon="135.88492">
<ele>245.6</ele>
</trkpt>
<trkpt lat="35.28777" lon="135.88488">
<ele>247.0</ele>
</trkpt>
<trkpt lat="35.28808" lon="135.88475">
<ele>247.3</ele>
</trkpt>
<trkpt lat="35.28828" lon="135.88462">
<ele>245.6</ele>
</trkpt>
<trkpt lat="35.28851" lon="135.88442">
<ele>243.5</ele>
</trkpt>
<trkpt lat="35.28874" lon="135.88416">
<ele>241.3</ele>
</trkpt>
<trkpt lat="35.28915" lon="135.88341">
<ele>237.1</ele>
</trkpt>
<trkpt lat="35.2893199" lon="135.88324">
<ele>235.8</ele>
</trkpt>
<trkpt lat="35.28948" lon="135.8831099">
<ele>235.5</ele>
</trkpt>
<trkpt lat="35.2895899" lon="135.88306">
<ele>235.4</ele>
</trkpt>
<trkpt lat="35.28969" lon="135.8830199">
<ele>235.3</ele>
</trkpt>
<trkpt lat="35.28984" lon="135.88298">
<ele>235.2</ele>
</trkpt>
<trkpt lat="35.29004" lon="135.88298">
<ele>235.5</ele>
</trkpt>
<trkpt lat="35.29014" lon="135.883">
<ele>236.1</ele>
</trkpt>
<trkpt lat="35.29022" lon="135.88301">
<ele>236.5</ele>
</trkpt>
<trkpt lat="35.29063" lon="135.88317">
<ele>240.0</ele>
</trkpt>
<trkpt lat="35.2912899" lon="135.88344">
<ele>242.6</ele>
</trkpt>
<trkpt lat="35.2914699" lon="135.88356">
<ele>243.2</ele>
</trkpt>
<trkpt lat="35.29166" lon="135.88375">
<ele>244.1</ele>
</trkpt>
<trkpt lat="35.29208" lon="135.88428">
<ele>241.5</ele>
</trkpt>
<trkpt lat="35.29249" lon="135.88482">
<ele>236.9</ele>
</trkpt>
<trkpt lat="35.2929" lon="135.88535">
<ele>240.3</ele>
</trkpt>
<trkpt lat="35.29311" lon="135.88556">
<ele>239.2</ele>
</trkpt>
<trkpt lat="35.29366" lon="135.88595">
<ele>235.8</ele>
</trkpt>
<trkpt lat="35.29422" lon="135.88634">
<ele>233.0</ele>
</trkpt>
<trkpt lat="35.29458" lon="135.8865999">
<ele>231.7</ele>
</trkpt>
<trkpt lat="35.29474" lon="135.8866899">
<ele>231.5</ele>
</trkpt>
<trkpt lat="35.29496" lon="135.88676">
<ele>231.2</ele>
</trkpt>
<trkpt lat="35.29525" lon="135.88679">
<ele>230.0</ele>
</trkpt>
<trkpt lat="35.29595" lon="135.88676">
<ele>225.9</ele>
</trkpt>
<trkpt lat="35.29666" lon="135.88673">
<ele>222.9</ele>
</trkpt>
<trkpt lat="35.29743" lon="135.8866899">
<ele>220.4</ele>
</trkpt>
<trkpt lat="35.29821" lon="135.88666">
<ele>222.5</ele>
</trkpt>
<trkpt lat="35.29839" lon="135.88661">
<ele>223.2</ele>
</trkpt>
<trkpt lat="35.29858" lon="135.88652">
<ele>224.3</ele>
</trkpt>
<trkpt lat="35.29898" lon="135.88627">
<ele>225.3</ele>
</trkpt>
<trkpt lat="35.29913" lon="135.88621">
<ele>225.7</ele>
</trkpt>
<trkpt lat="35.29938" lon="135.88614">
<ele>225.8</ele>
</trkpt>
<trkpt lat="35.29963" lon="135.8861499">
<ele>226.9</ele>
</trkpt>
<trkpt lat="35.29975" lon="135.88617">
<ele>227.7</ele>
</trkpt>
<trkpt lat="35.30007" lon="135.88629">
<ele>230.9</ele>
</trkpt>
<trkpt lat="35.30032" lon="135.88645">
<ele>231.1</ele>
</trkpt>
<trkpt lat="35.30094" lon="135.88701">
<ele>232.3</ele>
</trkpt>
<trkpt lat="35.30156" lon="135.88757">
<ele>231.4</ele>
</trkpt>
<trkpt lat="35.30218" lon="135.88813">
<ele>231.0</ele>
</trkpt>
<trkpt lat="35.30251" lon="135.88834">
<ele>225.2</ele>
</trkpt>
<trkpt lat="35.30268" lon="135.8884">
<ele>226.9</ele>
</trkpt>
<trkpt lat="35.30339" lon="135.8884799">
<ele>227.8</ele>
</trkpt>
<trkpt lat="35.3035799" lon="135.88856">
<ele>228.5</ele>
</trkpt>
<trkpt lat="35.30411" lon="135.88883">
<ele>231.0</ele>
</trkpt>
<trkpt lat="35.30465" lon="135.8891099">
<ele>231.0</ele>
</trkpt>
<trkpt lat="35.30513" lon="135.88934">
<ele>230.2</ele>
</trkpt>
<trkpt lat="35.30549" lon="135.88946">
<ele>230.3</ele>
</trkpt>
<trkpt lat="35.30594" lon="135.88959">
<ele>230.8</ele>
</trkpt>
<trkpt lat="35.30639" lon="135.88972">
<ele>233.6</ele>
</trkpt>
<trkpt lat="35.30657" lon="135.88977">
<ele>234.5</ele>
</trkpt>
<trkpt lat="35.30681" lon="135.88987">
<ele>233.6</ele>
</trkpt>
<trkpt lat="35.30693" lon="135.88997">
<ele>232.4</ele>
</trkpt>
<trkpt lat="35.3070499" lon="135.8901">
<ele>231.7</ele>
</trkpt>
<trkpt lat="35.30717" lon="135.89028">
<ele>231.8</ele>
</trkpt>
<trkpt lat="35.30729" lon="135.89057">
<ele>233.3</ele>
</trkpt>
<trkpt lat="35.30747" lon="135.89107">
<ele>236.7</ele>
</trkpt>
<trkpt lat="35.30764" lon="135.89132">
<ele>236.4</ele>
</trkpt>
<trkpt lat="35.30784" lon="135.89148">
<ele>232.4</ele>
</trkpt>
<trkpt lat="35.30807" lon="135.89156">
<ele>225.7</ele>
</trkpt>
<trkpt lat="35.30838" lon="135.89165">
<ele>216.6</ele>
</trkpt>
<trkpt lat="35.30858" lon="135.89177">
<ele>215.5</ele>
</trkpt>
<trkpt lat="35.30897" lon="135.89211">
<ele>214.2</ele>
</trkpt>
<trkpt lat="35.30913" lon="135.89227">
<ele>213.9</ele>
</trkpt>
<trkpt lat="35.30937" lon="135.8924199">
<ele>214.4</ele>
</trkpt>
<trkpt lat="35.30978" lon="135.89261">
<ele>215.4</ele>
</trkpt>
<trkpt lat="35.31007" lon="135.8927799">
<ele>216.4</ele>
</trkpt>
<trkpt lat="35.31059" lon="135.89315">
<ele>214.3</ele>
</trkpt>
<trkpt lat="35.31109" lon="135.89352">
<ele>213.1</ele>
</trkpt>
<trkpt lat="35.31145" lon="135.89397">
<ele>214.1</ele>
</trkpt>
<trkpt lat="35.31181" lon="135.89443">
<ele>220.0</ele>
</trkpt>
<trkpt lat="35.31227" lon="135.89482">
<ele>225.8</ele>
</trkpt>
<trkpt lat="35.31251" lon="135.895">
<ele>225.8</ele>
</trkpt>
<trkpt lat="35.31289" lon="135.89519">
<ele>227.6</ele>
</trkpt>
<trkpt lat="35.31349" lon="135.8955">
<ele>227.2</ele>
</trkpt>
<trkpt lat="35.3141" lon="135.89581">
<ele>219.6</ele>
</trkpt>
<trkpt lat="35.31426" lon="135.89588">
<ele>220.3</ele>
</trkpt>
<trkpt lat="35.3150199" lon="135.8961">
<ele>227.0</ele>
</trkpt>
<trkpt lat="35.31564" lon="135.89623">
<ele>223.4</ele>
</trkpt>
<trkpt lat="35.31591" lon="135.8962699">
<ele>220.8</ele>
</trkpt>
<trkpt lat="35.31658" lon="135.89631">
<ele>218.7</ele>
</trkpt>
<trkpt lat="35.31726" lon="135.89635">
<ele>214.3</ele>
</trkpt>
<trkpt lat="35.31755" lon="135.89635">
<ele>211.9</ele>
</trkpt>
<trkpt lat="35.3183999" lon="135.8962699">
<ele>206.1</ele>
</trkpt>
<trkpt lat="35.31873" lon="135.89628">
<ele>205.3</ele>
</trkpt>
<trkpt lat="35.31908" lon="135.89634">
<ele>205.2</ele>
</trkpt>
<trkpt lat="35.31976" lon="135.8965">
<ele>205.0</ele>
</trkpt>
<trkpt lat="35.32043" lon="135.89666">
<ele>201.8</ele>
</trkpt>
<trkpt lat="35.32124" lon="135.89684">
<ele>198.8</ele>
</trkpt>
<trkpt lat="35.32171" lon="135.89697">
<ele>198.9</ele>
</trkpt>
<trkpt lat="35.32197" lon="135.89707">
<ele>199.6</ele>
</trkpt>
<trkpt lat="35.32274" lon="135.89738">
<ele>200.2</ele>
</trkpt>
<trkpt lat="35.32352" lon="135.89768">
<ele>200.7</ele>
</trkpt>
<trkpt lat="35.32364" lon="135.89774">
<ele>200.7</ele>
</trkpt>
<trkpt lat="35.32379" lon="135.89786">
<ele>200.8</ele>
</trkpt>
<trkpt lat="35.3242199" lon="135.89828">
<ele>199.4</ele>
</trkpt>
<trkpt lat="35.32464" lon="135.8987">
<ele>200.8</ele>
</trkpt>
<trkpt lat="35.32494" lon="135.89893">
<ele>199.1</ele>
</trkpt>
<trkpt lat="35.32524" lon="135.89912">
<ele>199.1</ele>
</trkpt>
<trkpt lat="35.3255" lon="135.89925">
<ele>200.0</ele>
</trkpt>
<trkpt lat="35.32595" lon="135.8994">
<ele>199.3</ele>
</trkpt>
<trkpt lat="35.3264" lon="135.89956">
<ele>198.8</ele>
</trkpt>
<trkpt lat="35.32676" lon="135.89969">
<ele>198.4</ele>
</trkpt>
<trkpt lat="35.32697" lon="135.89971">
<ele>198.1</ele>
</trkpt>
<trkpt lat="35.32706" lon="135.89968">
<ele>197.8</ele>
</trkpt>
<trkpt lat="35.32735" lon="135.89939">
<ele>195.7</ele>
</trkpt>
<trkpt lat="35.32763" lon="135.89896">
<ele>195.3</ele>
</trkpt>
<trkpt lat="35.32791" lon="135.89852">
<ele>200.2</ele>
</trkpt>
<trkpt lat="35.32802" lon="135.89839">
<ele>202.4</ele>
</trkpt>
<trkpt lat="35.32809" lon="135.89837">
<ele>203.2</ele>
</trkpt>
<trkpt lat="35.32818" lon="135.89838">
<ele>203.9</ele>
</trkpt>
<trkpt lat="35.32825" lon="135.8984199">
<ele>204.0</ele>
</trkpt>
<trkpt lat="35.32903" lon="135.89894">
<ele>208.5</ele>
</trkpt>
<trkpt lat="35.32973" lon="135.89944">
<ele>206.1</ele>
</trkpt>
<trkpt lat="35.33044" lon="135.8999399">
<ele>202.4</ele>
</trkpt>
<trkpt lat="35.33104" lon="135.9002999">
<ele>202.9</ele>
</trkpt>
<trkpt lat="35.3315" lon="135.90055">
<ele>204.4</ele>
</trkpt>
<trkpt lat="35.33197" lon="135.9008">
<ele>207.0</ele>
</trkpt>
<trkpt lat="35.33197" lon="135.9008">
<ele>207.0</ele>
</trkpt>
<trkpt lat="35.33264" lon="135.90114">
<ele>206.6</ele>
</trkpt>
<trkpt lat="35.3333" lon="135.90148">
<ele>201.5</ele>
</trkpt>
<trkpt lat="35.33397" lon="135.9018199">
<ele>197.1</ele>
</trkpt>
<trkpt lat="35.33425" lon="135.90205">
<ele>196.8</ele>
</trkpt>
<trkpt lat="35.3346" lon="135.90238">
<ele>196.7</ele>
</trkpt>
<trkpt lat="35.33495" lon="135.90276">
<ele>196.1</ele>
</trkpt>
<trkpt lat="35.33507" lon="135.90287">
<ele>195.7</ele>
</trkpt>
<trkpt lat="35.3359" lon="135.90315">
<ele>192.1</ele>
</trkpt>
<trkpt lat="35.33605" lon="135.90324">
<ele>191.0</ele>
</trkpt>
<trkpt lat="35.3365099" lon="135.90362">
<ele>187.7</ele>
</trkpt>
<trkpt lat="35.3365099" lon="135.90362">
<ele>187.7</ele>
</trkpt>
<trkpt lat="35.33717" lon="135.90416">
<ele>184.8</ele>
</trkpt>
<trkpt lat="35.33782" lon="135.9047">
<ele>184.1</ele>
</trkpt>
<trkpt lat="35.33853" lon="135.90523">
<ele>183.0</ele>
</trkpt>
<trkpt lat="35.33916" lon="135.90564">
<ele>184.7</ele>
</trkpt>
<trkpt lat="35.3397999" lon="135.90606">
<ele>185.7</ele>
</trkpt>
<trkpt lat="35.3397999" lon="135.90605">
<ele>185.8</ele>
</trkpt>
<trkpt lat="35.3397999" lon="135.90606">
<ele>185.7</ele>
</trkpt>
<trkpt lat="35.34054" lon="135.90654">
<ele>184.3</ele>
</trkpt>
<trkpt lat="35.3408" lon="135.90675">
<ele>183.6</ele>
</trkpt>
<trkpt lat="35.34093" lon="135.90693">
<ele>183.4</ele>
</trkpt>
<trkpt lat="35.34109" lon="135.90723">
<ele>182.7</ele>
</trkpt>
<trkpt lat="35.34123" lon="135.90745">
<ele>182.2</ele>
</trkpt>
<trkpt lat="35.34138" lon="135.90762">
<ele>181.9</ele>
</trkpt>
<trkpt lat="35.34152" lon="135.90774">
<ele>181.8</ele>
</trkpt>
<trkpt lat="35.34208" lon="135.90807">
<ele>182.1</ele>
</trkpt>
<trkpt lat="35.34263" lon="135.90841">
<ele>182.7</ele>
</trkpt>
<trkpt lat="35.34316" lon="135.90869">
<ele>180.6</ele>
</trkpt>
<trkpt lat="35.3436" lon="135.90887">
<ele>179.4</ele>
</trkpt>
<trkpt lat="35.3436" lon="135.90887">
<ele>179.4</ele>
</trkpt>
<trkpt lat="35.34414" lon="135.90913">
<ele>177.4</ele>
</trkpt>
<trkpt lat="35.3446799" lon="135.90938">
<ele>178.3</ele>
</trkpt>
<trkpt lat="35.34499" lon="135.90956">
<ele>178.6</ele>
</trkpt>
<trkpt lat="35.3451" lon="135.90964">
<ele>179.1</ele>
</trkpt>
<trkpt lat="35.3452" lon="135.90962">
<ele>180.1</ele>
</trkpt>
<trkpt lat="35.34557" lon="135.90986">
<ele>181.0</ele>
</trkpt>
<trkpt lat="35.34581" lon="135.91008">
<ele>180.7</ele>
</trkpt>
<trkpt lat="35.34602" lon="135.91032">
<ele>181.9</ele>
</trkpt>
<trkpt lat="35.34652" lon="135.9111">
<ele>180.3</ele>
</trkpt>
<trkpt lat="35.3466499" lon="135.91135">
<ele>179.5</ele>
</trkpt>
<trkpt lat="35.34685" lon="135.91159">
<ele>179.2</ele>
</trkpt>
<trkpt lat="35.34728" lon="135.91182">
<ele>179.5</ele>
</trkpt>
<trkpt lat="35.34752" lon="135.912">
<ele>179.5</ele>
</trkpt>
<trkpt lat="35.34769" lon="135.91219">
<ele>179.1</ele>
</trkpt>
<trkpt lat="35.34803" lon="135.91251">
<ele>176.3</ele>
</trkpt>
<trkpt lat="35.34812" lon="135.91263">
<ele>175.9</ele>
</trkpt>
<trkpt lat="35.3487" lon="135.91308">
<ele>175.0</ele>
</trkpt>
<trkpt lat="35.34928" lon="135.91353">
<ele>174.0</ele>
</trkpt>
<trkpt lat="35.34986" lon="135.91399">
<ele>174.7</ele>
</trkpt>
<trkpt lat="35.3504099" lon="135.91442">
<ele>173.6</ele>
</trkpt>
<trkpt lat="35.35096" lon="135.91485">
<ele>172.7</ele>
</trkpt>
<trkpt lat="35.35143" lon="135.91531">
<ele>171.4</ele>
</trkpt>
<trkpt lat="35.35164" lon="135.91551">
<ele>171.3</ele>
</trkpt>
<trkpt lat="35.35193" lon="135.91574">
<ele>171.5</ele>
</trkpt>
<trkpt lat="35.3522" lon="135.91592">
<ele>171.4</ele>
</trkpt>
<trkpt lat="35.35227" lon="135.91594">
<ele>171.3</ele>
</trkpt>
<trkpt lat="35.3524" lon="135.91596">
<ele>171.1</ele>
</trkpt>
<trkpt lat="35.35261" lon="135.91594">
<ele>170.9</ele>
</trkpt>
<trkpt lat="35.35278" lon="135.91587">
<ele>170.7</ele>
</trkpt>
<trkpt lat="35.3529399" lon="135.91584">
<ele>170.5</ele>
</trkpt>
<trkpt lat="35.35351" lon="135.91622">
<ele>170.5</ele>
</trkpt>
<trkpt lat="35.35371" lon="135.91637">
<ele>170.6</ele>
</trkpt>
<trkpt lat="35.35384" lon="135.91647">
<ele>170.8</ele>
</trkpt>
<trkpt lat="35.35395" lon="135.91637">
<ele>170.6</ele>
</trkpt>
<trkpt lat="35.35409" lon="135.91618">
<ele>170.4</ele>
</trkpt>
<trkpt lat="35.35447" lon="135.91654">
<ele>170.3</ele>
</trkpt>
<trkpt lat="35.35484" lon="135.91689">
<ele>169.3</ele>
</trkpt>
<trkpt lat="35.35523" lon="135.91733">
<ele>168.8</ele>
</trkpt>
<trkpt lat="35.35517" lon="135.9175">
<ele>168.8</ele>
</trkpt>
<trkpt lat="35.35563" lon="135.9182">
<ele>167.4</ele>
</trkpt>
<trkpt lat="35.35572" lon="135.91835">
<ele>167.2</ele>
</trkpt>
<trkpt lat="35.35577" lon="135.9185">
<ele>167.3</ele>
</trkpt>
<trkpt lat="35.35596" lon="135.91834">
<ele>167.2</ele>
</trkpt>
<trkpt lat="35.3563" lon="135.91836">
<ele>167.6</ele>
</trkpt>
<trkpt lat="35.35634" lon="135.91833">
<ele>167.6</ele>
</trkpt>
<trkpt lat="35.3564999" lon="135.91769">
<ele>169.2</ele>
</trkpt>
<trkpt lat="35.3573499" lon="135.91798">
<ele>170.8</ele>
</trkpt>
<trkpt lat="35.35781" lon="135.91814">
<ele>172.2</ele>
</trkpt>
<trkpt lat="35.35826" lon="135.91831">
<ele>172.9</ele>
</trkpt>
<trkpt lat="35.35905" lon="135.91863">
<ele>181.3</ele>
</trkpt>
<trkpt lat="35.35911" lon="135.91869">
<ele>181.4</ele>
</trkpt>
<trkpt lat="35.35967" lon="135.91873">
<ele>185.3</ele>
</trkpt>
<trkpt lat="35.35992" lon="135.9187">
<ele>187.5</ele>
</trkpt>
<trkpt lat="35.36053" lon="135.91852">
<ele>192.2</ele>
</trkpt>
<trkpt lat="35.36115" lon="135.91835">
<ele>192.8</ele>
</trkpt>
<trkpt lat="35.36153" lon="135.91827">
<ele>191.6</ele>
</trkpt>
<trkpt lat="35.36166" lon="135.91828">
<ele>190.0</ele>
</trkpt>
<trkpt lat="35.36225" lon="135.91852">
<ele>191.7</ele>
</trkpt>
<trkpt lat="35.36237" lon="135.91861">
<ele>191.4</ele>
</trkpt>
<trkpt lat="35.3625" lon="135.91872">
<ele>190.5</ele>
</trkpt>
<trkpt lat="35.3628" lon="135.91905">
<ele>188.0</ele>
</trkpt>
<trkpt lat="35.36321" lon="135.91952">
<ele>186.4</ele>
</trkpt>
<trkpt lat="35.36361" lon="135.91999">
<ele>184.8</ele>
</trkpt>
<trkpt lat="35.36383" lon="135.92016">
<ele>187.7</ele>
</trkpt>
<trkpt lat="35.36408" lon="135.92025">
<ele>189.1</ele>
</trkpt>
<trkpt lat="35.3641999" lon="135.92026">
<ele>189.2</ele>
</trkpt>
<trkpt lat="35.36435" lon="135.92025">
<ele>189.0</ele>
</trkpt>
<trkpt lat="35.3648" lon="135.92012">
<ele>185.4</ele>
</trkpt>
<trkpt lat="35.36558" lon="135.91986">
<ele>187.2</ele>
</trkpt>
<trkpt lat="35.36589" lon="135.91979">
<ele>188.8</ele>
</trkpt>
<trkpt lat="35.36662" lon="135.91967">
<ele>193.7</ele>
</trkpt>
<trkpt lat="35.36735" lon="135.9195499">
<ele>191.8</ele>
</trkpt>
<trkpt lat="35.36764" lon="135.91956">
<ele>196.0</ele>
</trkpt>
<trkpt lat="35.36778" lon="135.91959">
<ele>200.1</ele>
</trkpt>
<trkpt lat="35.36815" lon="135.91979">
<ele>208.3</ele>
</trkpt>
<trkpt lat="35.3686" lon="135.92012">
<ele>212.5</ele>
</trkpt>
<trkpt lat="35.36906" lon="135.92044">
<ele>211.4</ele>
</trkpt>
<trkpt lat="35.36916" lon="135.92053">
<ele>209.0</ele>
</trkpt>
<trkpt lat="35.36956" lon="135.9209">
<ele>210.2</ele>
</trkpt>
<trkpt lat="35.36995" lon="135.92128">
<ele>215.1</ele>
</trkpt>
<trkpt lat="35.37013" lon="135.92138">
<ele>215.5</ele>
</trkpt>
<trkpt lat="35.37077" lon="135.92168">
<ele>214.3</ele>
</trkpt>
<trkpt lat="35.37142" lon="135.9219699">
<ele>224.1</ele>
</trkpt>
<trkpt lat="35.37184" lon="135.92209">
<ele>225.9</ele>
</trkpt>
<trkpt lat="35.37239" lon="135.92219">
<ele>224.7</ele>
</trkpt>
<trkpt lat="35.37295" lon="135.92228">
<ele>227.5</ele>
</trkpt>
<trkpt lat="35.37337" lon="135.92232">
<ele>230.7</ele>
</trkpt>
<trkpt lat="35.37412" lon="135.92236">
<ele>240.4</ele>
</trkpt>
<trkpt lat="35.3744" lon="135.9224">
<ele>241.6</ele>
</trkpt>
<trkpt lat="35.37489" lon="135.92259">
<ele>241.6</ele>
</trkpt>
<trkpt lat="35.37538" lon="135.92278">
<ele>245.9</ele>
</trkpt>
<trkpt lat="35.37596" lon="135.92293">
<ele>248.0</ele>
</trkpt>
<trkpt lat="35.37612" lon="135.92294">
<ele>248.2</ele>
</trkpt>
<trkpt lat="35.37642" lon="135.9229">
<ele>250.3</ele>
</trkpt>
<trkpt lat="35.37694" lon="135.92273">
<ele>259.6</ele>
</trkpt>
<trkpt lat="35.37704" lon="135.92272">
<ele>261.1</ele>
</trkpt>
<trkpt lat="35.37724" lon="135.92275">
<ele>262.2</ele>
</trkpt>
<trkpt lat="35.37782" lon="135.9229499">
<ele>260.1</ele>
</trkpt>
<trkpt lat="35.37839" lon="135.92314">
<ele>258.2</ele>
</trkpt>
<trkpt lat="35.37891" lon="135.92324">
<ele>261.2</ele>
</trkpt>
<trkpt lat="35.37943" lon="135.92334">
<ele>264.4</ele>
</trkpt>
<trkpt lat="35.37955" lon="135.92339">
<ele>265.6</ele>
</trkpt>
<trkpt lat="35.37966" lon="135.92347">
<ele>266.3</ele>
</trkpt>
<trkpt lat="35.3797799" lon="135.92365">
<ele>265.8</ele>
</trkpt>
<trkpt lat="35.38021" lon="135.92459">
<ele>265.1</ele>
</trkpt>
<trkpt lat="35.38038" lon="135.92485">
<ele>266.2</ele>
</trkpt>
<trkpt lat="35.38045" lon="135.9249199">
<ele>266.5</ele>
</trkpt>
<trkpt lat="35.38061" lon="135.925">
<ele>267.1</ele>
</trkpt>
<trkpt lat="35.38108" lon="135.92517">
<ele>277.5</ele>
</trkpt>
<trkpt lat="35.38125" lon="135.92521">
<ele>280.0</ele>
</trkpt>
<trkpt lat="35.38181" lon="135.92529">
<ele>285.4</ele>
</trkpt>
<trkpt lat="35.38237" lon="135.9253699">
<ele>290.6</ele>
</trkpt>
<trkpt lat="35.38311" lon="135.92545">
<ele>293.7</ele>
</trkpt>
<trkpt lat="35.38362" lon="135.92561">
<ele>297.5</ele>
</trkpt>
<trkpt lat="35.38413" lon="135.92577">
<ele>302.2</ele>
</trkpt>
<trkpt lat="35.38444" lon="135.92584">
<ele>304.9</ele>
</trkpt>
<trkpt lat="35.38465" lon="135.92587">
<ele>307.1</ele>
</trkpt>
<trkpt lat="35.38528" lon="135.9259099">
<ele>315.9</ele>
</trkpt>
<trkpt lat="35.3859" lon="135.92595">
<ele>327.4</ele>
</trkpt>
<trkpt lat="35.38615" lon="135.92598">
<ele>329.6</ele>
</trkpt>
<trkpt lat="35.38642" lon="135.92604">
<ele>331.9</ele>
</trkpt>
<trkpt lat="35.38673" lon="135.92617">
<ele>333.6</ele>
</trkpt>
<trkpt lat="35.3869" lon="135.92621">
<ele>333.5</ele>
</trkpt>
<trkpt lat="35.38706" lon="135.92625">
<ele>333.3</ele>
</trkpt>
<trkpt lat="35.3876599" lon="135.92631">
<ele>332.7</ele>
</trkpt>
<trkpt lat="35.38823" lon="135.92656">
<ele>332.1</ele>
</trkpt>
<trkpt lat="35.38881" lon="135.92681">
<ele>330.4</ele>
</trkpt>
<trkpt lat="35.38909" lon="135.92688">
<ele>328.8</ele>
</trkpt>
<trkpt lat="35.38974" lon="135.92704">
<ele>325.6</ele>
</trkpt>
<trkpt lat="35.3903899" lon="135.9272">
<ele>319.4</ele>
</trkpt>
<trkpt lat="35.3910399" lon="135.92736">
<ele>314.4</ele>
</trkpt>
<trkpt lat="35.39146" lon="135.92751">
<ele>312.5</ele>
</trkpt>
<trkpt lat="35.3921" lon="135.92784">
<ele>321.2</ele>
</trkpt>
<trkpt lat="35.39273" lon="135.92816">
<ele>323.9</ele>
</trkpt>
<trkpt lat="35.39337" lon="135.92849">
<ele>327.3</ele>
</trkpt>
<trkpt lat="35.39401" lon="135.92882">
<ele>333.2</ele>
</trkpt>
<trkpt lat="35.3944" lon="135.92902">
<ele>336.4</ele>
</trkpt>
<trkpt lat="35.39478" lon="135.92924">
<ele>338.2</ele>
</trkpt>
<trkpt lat="35.39506" lon="135.92945">
<ele>337.8</ele>
</trkpt>
<trkpt lat="35.39551" lon="135.92989">
<ele>334.8</ele>
</trkpt>
<trkpt lat="35.39597" lon="135.93034">
<ele>334.1</ele>
</trkpt>
<trkpt lat="35.3962999" lon="135.93064">
<ele>330.7</ele>
</trkpt>
<trkpt lat="35.39681" lon="135.93099">
<ele>320.3</ele>
</trkpt>
<trkpt lat="35.39681" lon="135.93099">
<ele>320.3</ele>
</trkpt>
<trkpt lat="35.39735" lon="135.93133">
<ele>313.1</ele>
</trkpt>
<trkpt lat="35.39788" lon="135.93167">
<ele>309.6</ele>
</trkpt>
<trkpt lat="35.39842" lon="135.93201">
<ele>309.6</ele>
</trkpt>
<trkpt lat="35.39884" lon="135.93228">
<ele>308.2</ele>
</trkpt>
<trkpt lat="35.39925" lon="135.93255">
<ele>307.2</ele>
</trkpt>
<trkpt lat="35.39963" lon="135.93277">
<ele>306.1</ele>
</trkpt>
<trkpt lat="35.40013" lon="135.93301">
<ele>301.7</ele>
</trkpt>
<trkpt lat="35.4005" lon="135.93314">
<ele>298.4</ele>
</trkpt>
<trkpt lat="35.40137" lon="135.9333399">
<ele>291.9</ele>
</trkpt>
<trkpt lat="35.40193" lon="135.93345">
<ele>297.1</ele>
</trkpt>
<trkpt lat="35.40249" lon="135.93356">
<ele>304.6</ele>
</trkpt>
<trkpt lat="35.4033299" lon="135.93365">
<ele>298.5</ele>
</trkpt>
<trkpt lat="35.40396" lon="135.9336999">
<ele>302.5</ele>
</trkpt>
<trkpt lat="35.40449" lon="135.93378">
<ele>302.1</ele>
</trkpt>
<trkpt lat="35.40502" lon="135.93383">
<ele>300.3</ele>
</trkpt>
<trkpt lat="35.40527" lon="135.9338">
<ele>301.2</ele>
</trkpt>
<trkpt lat="35.40573" lon="135.93369">
<ele>303.3</ele>
</trkpt>
<trkpt lat="35.40591" lon="135.93367">
<ele>303.2</ele>
</trkpt>
<trkpt lat="35.40608" lon="135.9336999">
<ele>302.1</ele>
</trkpt>
<trkpt lat="35.40652" lon="135.9339">
<ele>296.3</ele>
</trkpt>
<trkpt lat="35.40667" lon="135.93395">
<ele>294.4</ele>
</trkpt>
<trkpt lat="35.40684" lon="135.93399">
<ele>293.4</ele>
</trkpt>
<trkpt lat="35.4076" lon="135.93409">
<ele>289.1</ele>
</trkpt>
<trkpt lat="35.40781" lon="135.93415">
<ele>287.1</ele>
</trkpt>
<trkpt lat="35.408" lon="135.93426">
<ele>286.9</ele>
</trkpt>
<trkpt lat="35.40863" lon="135.93469">
<ele>279.2</ele>
</trkpt>
<trkpt lat="35.40926" lon="135.9351299">
<ele>269.7</ele>
</trkpt>
<trkpt lat="35.40938" lon="135.93518">
<ele>270.8</ele>
</trkpt>
<trkpt lat="35.41022" lon="135.93535">
<ele>274.1</ele>
</trkpt>
<trkpt lat="35.41032" lon="135.9353999">
<ele>274.1</ele>
</trkpt>
<trkpt lat="35.41041" lon="135.93546">
<ele>273.6</ele>
</trkpt>
<trkpt lat="35.41049" lon="135.93555">
<ele>272.2</ele>
</trkpt>
<trkpt lat="35.41083" lon="135.93627">
<ele>266.7</ele>
</trkpt>
<trkpt lat="35.4109" lon="135.93636">
<ele>267.0</ele>
</trkpt>
<trkpt lat="35.41101" lon="135.93643">
<ele>266.5</ele>
</trkpt>
<trkpt lat="35.41143" lon="135.93659">
<ele>261.0</ele>
</trkpt>
<trkpt lat="35.41152" lon="135.93664">
<ele>258.9</ele>
</trkpt>
<trkpt lat="35.41189" lon="135.93704">
<ele>260.5</ele>
</trkpt>
<trkpt lat="35.41226" lon="135.93744">
<ele>255.5</ele>
</trkpt>
<trkpt lat="35.41237" lon="135.93758">
<ele>254.3</ele>
</trkpt>
<trkpt lat="35.41259" lon="135.938">
<ele>259.5</ele>
</trkpt>
<trkpt lat="35.41266" lon="135.93807">
<ele>260.3</ele>
</trkpt>
<trkpt lat="35.41266" lon="135.93807">
<ele>260.3</ele>
</trkpt>
<trkpt lat="35.4129" lon="135.93821">
<ele>259.6</ele>
</trkpt>
<trkpt lat="35.41303" lon="135.93831">
<ele>258.1</ele>
</trkpt>
<trkpt lat="35.41312" lon="135.93841">
<ele>257.0</ele>
</trkpt>
<trkpt lat="35.41341" lon="135.93887">
<ele>254.4</ele>
</trkpt>
<trkpt lat="35.41345" lon="135.93897">
<ele>255.5</ele>
</trkpt>
<trkpt lat="35.41346" lon="135.93918">
<ele>255.2</ele>
</trkpt>
<trkpt lat="35.41342" lon="135.9394">
<ele>253.4</ele>
</trkpt>
<trkpt lat="35.41328" lon="135.93971">
<ele>252.8</ele>
</trkpt>
<trkpt lat="35.41324" lon="135.93984">
<ele>254.5</ele>
</trkpt>
<trkpt lat="35.41324" lon="135.93995">
<ele>254.3</ele>
</trkpt>
<trkpt lat="35.41329" lon="135.94008">
<ele>251.8</ele>
</trkpt>
<trkpt lat="35.41357" lon="135.94062">
<ele>249.0</ele>
</trkpt>
<trkpt lat="35.4136499" lon="135.94085">
<ele>245.9</ele>
</trkpt>
<trkpt lat="35.41378" lon="135.94136">
<ele>236.6</ele>
</trkpt>
<trkpt lat="35.41381" lon="135.94159">
<ele>232.0</ele>
</trkpt>
<trkpt lat="35.41382" lon="135.94199">
<ele>226.8</ele>
</trkpt>
<trkpt lat="35.41406" lon="135.94197">
<ele>221.4</ele>
</trkpt>
<trkpt lat="35.4146" lon="135.94204">
<ele>222.7</ele>
</trkpt>
<trkpt lat="35.4146" lon="135.94204">
<ele>222.7</ele>
</trkpt>
<trkpt lat="35.41467" lon="135.9421">
<ele>223.3</ele>
</trkpt>
<trkpt lat="35.41461" lon="135.94229">
<ele>222.8</ele>
</trkpt>
<trkpt lat="35.4141" lon="135.94281">
<ele>223.8</ele>
</trkpt>
<trkpt lat="35.41395" lon="135.9429">
<ele>225.2</ele>
</trkpt>
<trkpt lat="35.41375" lon="135.94312">
<ele>226.5</ele>
</trkpt>
<trkpt lat="35.41396" lon="135.94314">
<ele>228.7</ele>
</trkpt>
<trkpt lat="35.41472" lon="135.94284">
<ele>230.6</ele>
</trkpt>
<trkpt lat="35.41486" lon="135.94277">
<ele>230.9</ele>
</trkpt>
<trkpt lat="35.4149699" lon="135.94267">
<ele>230.5</ele>
</trkpt>
<trkpt lat="35.41507" lon="135.9425599">
<ele>232.3</ele>
</trkpt>
<trkpt lat="35.41515" lon="135.94242">
<ele>234.6</ele>
</trkpt>
<trkpt lat="35.41524" lon="135.94218">
<ele>236.6</ele>
</trkpt>
<trkpt lat="35.41524" lon="135.94218">
<ele>236.6</ele>
</trkpt>
<trkpt lat="35.41538" lon="135.94178">
<ele>237.3</ele>
</trkpt>
<trkpt lat="35.41546" lon="135.94165">
<ele>238.5</ele>
</trkpt>
<trkpt lat="35.41554" lon="135.94156">
<ele>241.6</ele>
</trkpt>
<trkpt lat="35.41622" lon="135.9413099">
<ele>249.2</ele>
</trkpt>
<trkpt lat="35.4169" lon="135.94106">
<ele>247.3</ele>
</trkpt>
<trkpt lat="35.41758" lon="135.94081">
<ele>247.2</ele>
</trkpt>
<trkpt lat="35.41771" lon="135.94079">
<ele>248.8</ele>
</trkpt>
<trkpt lat="35.41799" lon="135.94089">
<ele>252.7</ele>
</trkpt>
<trkpt lat="35.41814" lon="135.94089">
<ele>254.2</ele>
</trkpt>
<trkpt lat="35.41823" lon="135.94083">
<ele>253.9</ele>
</trkpt>
<trkpt lat="35.41868" lon="135.94039">
<ele>262.7</ele>
</trkpt>
<trkpt lat="35.41913" lon="135.93994">
<ele>264.0</ele>
</trkpt>
<trkpt lat="35.4191999" lon="135.93991">
<ele>264.4</ele>
</trkpt>
<trkpt lat="35.41949" lon="135.9399">
<ele>267.1</ele>
</trkpt>
<trkpt lat="35.41969" lon="135.93977">
<ele>268.8</ele>
</trkpt>
<trkpt lat="35.41996" lon="135.93962">
<ele>270.8</ele>
</trkpt>
<trkpt lat="35.42014" lon="135.93959">
<ele>272.7</ele>
</trkpt>
<trkpt lat="35.42066" lon="135.93956">
<ele>278.7</ele>
</trkpt>
<trkpt lat="35.4209699" lon="135.9394299">
<ele>281.2</ele>
</trkpt>
<trkpt lat="35.42157" lon="135.93912">
<ele>283.7</ele>
</trkpt>
<trkpt lat="35.42218" lon="135.93882">
<ele>289.4</ele>
</trkpt>
<trkpt lat="35.42254" lon="135.93859">
<ele>291.5</ele>
</trkpt>
<trkpt lat="35.4229399" lon="135.93828">
<ele>295.2</ele>
</trkpt>
<trkpt lat="35.42334" lon="135.93798">
<ele>297.6</ele>
</trkpt>
<trkpt lat="35.4236" lon="135.93768">
<ele>295.9</ele>
</trkpt>
<trkpt lat="35.42387" lon="135.93744">
<ele>292.8</ele>
</trkpt>
<trkpt lat="35.42415" lon="135.93729">
<ele>290.0</ele>
</trkpt>
<trkpt lat="35.42454" lon="135.9370099">
<ele>285.2</ele>
</trkpt>
<trkpt lat="35.42471" lon="135.9369">
<ele>281.8</ele>
</trkpt>
<trkpt lat="35.42485" lon="135.93688">
<ele>279.5</ele>
</trkpt>
<trkpt lat="35.42551" lon="135.93691">
<ele>266.0</ele>
</trkpt>
<trkpt lat="35.42565" lon="135.93695">
<ele>263.4</ele>
</trkpt>
<trkpt lat="35.42594" lon="135.93723">
<ele>261.2</ele>
</trkpt>
<trkpt lat="35.42597" lon="135.9373">
<ele>261.3</ele>
</trkpt>
<trkpt lat="35.42594" lon="135.93754">
<ele>265.0</ele>
</trkpt>
<trkpt lat="35.42607" lon="135.93801">
<ele>259.5</ele>
</trkpt>
<trkpt lat="35.42606" lon="135.93815">
<ele>259.6</ele>
</trkpt>
<trkpt lat="35.42599" lon="135.93838">
<ele>261.2</ele>
</trkpt>
<trkpt lat="35.4258499" lon="135.93852">
<ele>263.4</ele>
</trkpt>
<trkpt lat="35.4256699" lon="135.93868">
<ele>266.1</ele>
</trkpt>
<trkpt lat="35.42564" lon="135.93875">
<ele>265.7</ele>
</trkpt>
<trkpt lat="35.42563" lon="135.93886">
<ele>264.0</ele>
</trkpt>
<trkpt lat="35.4256699" lon="135.939">
<ele>260.3</ele>
</trkpt>
<trkpt lat="35.42584" lon="135.93929">
<ele>253.7</ele>
</trkpt>
<trkpt lat="35.42599" lon="135.9394299">
<ele>253.6</ele>
</trkpt>
<trkpt lat="35.42618" lon="135.93946">
<ele>252.8</ele>
</trkpt>
<trkpt lat="35.42645" lon="135.93946">
<ele>251.2</ele>
</trkpt>
<trkpt lat="35.42683" lon="135.9396">
<ele>254.0</ele>
</trkpt>
<trkpt lat="35.42701" lon="135.9396099">
<ele>255.5</ele>
</trkpt>
<trkpt lat="35.42711" lon="135.93947">
<ele>253.4</ele>
</trkpt>
<trkpt lat="35.42712" lon="135.93923">
<ele>248.6</ele>
</trkpt>
<trkpt lat="35.42711" lon="135.93903">
<ele>245.8</ele>
</trkpt>
<trkpt lat="35.427" lon="135.93865">
<ele>241.6</ele>
</trkpt>
<trkpt lat="35.42701" lon="135.93845">
<ele>239.7</ele>
</trkpt>
<trkpt lat="35.42709" lon="135.93828">
<ele>238.2</ele>
</trkpt>
<trkpt lat="35.42736" lon="135.93801">
<ele>235.5</ele>
</trkpt>
<trkpt lat="35.42747" lon="135.93798">
<ele>234.8</ele>
</trkpt>
<trkpt lat="35.42753" lon="135.93805">
<ele>235.6</ele>
</trkpt>
<trkpt lat="35.4276" lon="135.93827">
<ele>238.6</ele>
</trkpt>
<trkpt lat="35.42768" lon="135.93836">
<ele>240.7</ele>
</trkpt>
<trkpt lat="35.4278199" lon="135.93835">
<ele>242.4</ele>
</trkpt>
<trkpt lat="35.42789" lon="135.93826">
<ele>242.1</ele>
</trkpt>
<trkpt lat="35.42794" lon="135.93815">
<ele>241.0</ele>
</trkpt>
<trkpt lat="35.42794" lon="135.93803">
<ele>239.2</ele>
</trkpt>
<trkpt lat="35.42781" lon="135.93757">
<ele>231.7</ele>
</trkpt>
<trkpt lat="35.42851" lon="135.93718">
<ele>231.4</ele>
</trkpt>
<trkpt lat="35.42891" lon="135.93699">
<ele>229.2</ele>
</trkpt>
<trkpt lat="35.42912" lon="135.93695">
<ele>227.9</ele>
</trkpt>
<trkpt lat="35.42939" lon="135.93693">
<ele>224.1</ele>
</trkpt>
<trkpt lat="35.42996" lon="135.93697">
<ele>217.3</ele>
</trkpt>
<trkpt lat="35.4302599" lon="135.93696">
<ele>216.4</ele>
</trkpt>
<trkpt lat="35.43056" lon="135.93691">
<ele>215.3</ele>
</trkpt>
<trkpt lat="35.43087" lon="135.93677">
<ele>213.6</ele>
</trkpt>
<trkpt lat="35.43117" lon="135.93642">
<ele>214.4</ele>
</trkpt>
<trkpt lat="35.43155" lon="135.9357">
<ele>208.9</ele>
</trkpt>
<trkpt lat="35.43198" lon="135.93487">
<ele>203.8</ele>
</trkpt>
<trkpt lat="35.43242" lon="135.93403">
<ele>199.2</ele>
</trkpt>
<trkpt lat="35.43285" lon="135.9332">
<ele>193.6</ele>
</trkpt>
<trkpt lat="35.43298" lon="135.9329">
<ele>190.5</ele>
</trkpt>
<trkpt lat="35.43304" lon="135.93266">
<ele>186.9</ele>
</trkpt>
<trkpt lat="35.43313" lon="135.93194">
<ele>184.2</ele>
</trkpt>
<trkpt lat="35.43321" lon="135.9316">
<ele>183.6</ele>
</trkpt>
<trkpt lat="35.4333" lon="135.9313699">
<ele>181.7</ele>
</trkpt>
<trkpt lat="35.43339" lon="135.9311899">
<ele>181.2</ele>
</trkpt>
<trkpt lat="35.43361" lon="135.9309">
<ele>182.4</ele>
</trkpt>
<trkpt lat="35.43391" lon="135.93058">
<ele>184.5</ele>
</trkpt>
<trkpt lat="35.4341099" lon="135.93031">
<ele>180.7</ele>
</trkpt>
<trkpt lat="35.43426" lon="135.93001">
<ele>177.7</ele>
</trkpt>
<trkpt lat="35.43435" lon="135.9297599">
<ele>180.3</ele>
</trkpt>
<trkpt lat="35.4345" lon="135.92907">
<ele>182.0</ele>
</trkpt>
<trkpt lat="35.4347" lon="135.92819">
<ele>179.2</ele>
</trkpt>
<trkpt lat="35.43489" lon="135.92732">
<ele>166.9</ele>
</trkpt>
<trkpt lat="35.43509" lon="135.92644">
<ele>161.1</ele>
</trkpt>
<trkpt lat="35.43511" lon="135.92624">
<ele>159.7</ele>
</trkpt>
<trkpt lat="35.4351" lon="135.92602">
<ele>156.9</ele>
</trkpt>
<trkpt lat="35.43507" lon="135.92579">
<ele>154.1</ele>
</trkpt>
<trkpt lat="35.43498" lon="135.92522">
<ele>152.7</ele>
</trkpt>
<trkpt lat="35.43497" lon="135.92491">
<ele>152.6</ele>
</trkpt>
<trkpt lat="35.43498" lon="135.92467">
<ele>151.8</ele>
</trkpt>
<trkpt lat="35.43512" lon="135.92375">
<ele>153.8</ele>
</trkpt>
<trkpt lat="35.43512" lon="135.92351">
<ele>153.3</ele>
</trkpt>
<trkpt lat="35.43509" lon="135.92328">
<ele>151.8</ele>
</trkpt>
<trkpt lat="35.43486" lon="135.92238">
<ele>150.9</ele>
</trkpt>
<trkpt lat="35.43483" lon="135.92216">
<ele>151.1</ele>
</trkpt>
<trkpt lat="35.43482" lon="135.92193">
<ele>151.1</ele>
</trkpt>
<trkpt lat="35.43483" lon="135.9218">
<ele>151.1</ele>
</trkpt>
<trkpt lat="35.43491" lon="135.92148">
<ele>154.7</ele>
</trkpt>
<trkpt lat="35.4351399" lon="135.9207">
<ele>170.9</ele>
</trkpt>
<trkpt lat="35.43537" lon="135.91993">
<ele>166.1</ele>
</trkpt>
<trkpt lat="35.4356099" lon="135.91915">
<ele>146.9</ele>
</trkpt>
<trkpt lat="35.43569" lon="135.91881">
<ele>141.4</ele>
</trkpt>
<trkpt lat="35.43582" lon="135.91824">
<ele>129.4</ele>
</trkpt>
<trkpt lat="35.43597" lon="135.91739">
<ele>139.1</ele>
</trkpt>
<trkpt lat="35.43611" lon="135.91654">
<ele>143.6</ele>
</trkpt>
<trkpt lat="35.43625" lon="135.9156999">
<ele>133.1</ele>
</trkpt>
<trkpt lat="35.4363699" lon="135.91519">
<ele>127.6</ele>
</trkpt>
<trkpt lat="35.43662" lon="135.9144">
<ele>119.2</ele>
</trkpt>
<trkpt lat="35.43691" lon="135.91348">
<ele>119.3</ele>
</trkpt>
<trkpt lat="35.4372" lon="135.91257">
<ele>117.8</ele>
</trkpt>
<trkpt lat="35.4374899" lon="135.91165">
<ele>106.7</ele>
</trkpt>
<trkpt lat="35.43756" lon="135.9114899">
<ele>107.9</ele>
</trkpt>
<trkpt lat="35.43765" lon="135.91127">
<ele>109.2</ele>
</trkpt>
<trkpt lat="35.43798" lon="135.91058">
<ele>109.8</ele>
</trkpt>
<trkpt lat="35.43832" lon="135.9098799">
<ele>110.9</ele>
</trkpt>
<trkpt lat="35.43858" lon="135.9093399">
<ele>119.5</ele>
</trkpt>
<trkpt lat="35.43885" lon="135.90879">
<ele>117.7</ele>
</trkpt>
<trkpt lat="35.43906" lon="135.9084499">
<ele>113.5</ele>
</trkpt>
<trkpt lat="35.43917" lon="135.90832">
<ele>110.4</ele>
</trkpt>
<trkpt lat="35.43938" lon="135.9081">
<ele>112.4</ele>
</trkpt>
<trkpt lat="35.44003" lon="135.90747">
<ele>99.4</ele>
</trkpt>
<trkpt lat="35.44068" lon="135.90684">
<ele>94.8</ele>
</trkpt>
<trkpt lat="35.44056" lon="135.90659">
<ele>99.9</ele>
</trkpt>
<trkpt lat="35.44057" lon="135.90654">
<ele>100.0</ele>
</trkpt>
<trkpt lat="35.44072" lon="135.9064">
<ele>95.6</ele>
</trkpt>
<trkpt lat="35.44072" lon="135.9063899">
<ele>95.6</ele>
</trkpt>
<trkpt lat="35.44085" lon="135.90627">
<ele>91.9</ele>
</trkpt>
<trkpt lat="35.44092" lon="135.90628">
<ele>91.7</ele>
</trkpt>
<trkpt lat="35.44106" lon="135.90598">
<ele>92.2</ele>
</trkpt>
<trkpt lat="35.44088" lon="135.90584">
<ele>93.7</ele>
</trkpt>
<trkpt lat="35.44095" lon="135.9057">
<ele>94.1</ele>
</trkpt>
<trkpt lat="35.44086" lon="135.90564">
<ele>95.2</ele>
</trkpt>
<trkpt lat="35.44086" lon="135.90564">
<ele>95.2</ele>
</trkpt>
<trkpt lat="35.4407799" lon="135.9055799">
<ele>98.5</ele>
</trkpt>
<trkpt lat="35.44098" lon="135.90507">
<ele>97.5</ele>
</trkpt>
<trkpt lat="35.44108" lon="135.90484">
<ele>98.5</ele>
</trkpt>
<trkpt lat="35.44113" lon="135.90478">
<ele>98.4</ele>
</trkpt>
<trkpt lat="35.44139" lon="135.90455">
<ele>95.6</ele>
</trkpt>
<trkpt lat="35.44175" lon="135.90425">
<ele>90.3</ele>
</trkpt>
<trkpt lat="35.44185" lon="135.90408">
<ele>90.5</ele>
</trkpt>
<trkpt lat="35.44215" lon="135.90346">
<ele>90.5</ele>
</trkpt>
<trkpt lat="35.44227" lon="135.9033">
<ele>89.6</ele>
</trkpt>
<trkpt lat="35.44255" lon="135.90283">
<ele>87.9</ele>
</trkpt>
<trkpt lat="35.44261" lon="135.90269">
<ele>87.8</ele>
</trkpt>
<trkpt lat="35.44271" lon="135.90229">
<ele>87.6</ele>
</trkpt>
<trkpt lat="35.44271" lon="135.90229">
<ele>87.6</ele>
</trkpt>
<trkpt lat="35.44279" lon="135.90205">
<ele>87.1</ele>
</trkpt>
<trkpt lat="35.44287" lon="135.90188">
<ele>86.7</ele>
</trkpt>
<trkpt lat="35.44335" lon="135.90112">
<ele>85.9</ele>
</trkpt>
<trkpt lat="35.44384" lon="135.90036">
<ele>88.2</ele>
</trkpt>
<trkpt lat="35.44405" lon="135.90007">
<ele>86.7</ele>
</trkpt>
<trkpt lat="35.44413" lon="135.89998">
<ele>85.9</ele>
</trkpt>
<trkpt lat="35.44427" lon="135.89988">
<ele>86.2</ele>
</trkpt>
<trkpt lat="35.44459" lon="135.89968">
<ele>86.2</ele>
</trkpt>
<trkpt lat="35.44521" lon="135.89942">
<ele>82.9</ele>
</trkpt>
<trkpt lat="35.44523" lon="135.8993">
<ele>83.2</ele>
</trkpt>
<trkpt lat="35.44521" lon="135.89915">
<ele>84.1</ele>
</trkpt>
<trkpt lat="35.44526" lon="135.89909">
<ele>85.2</ele>
</trkpt>
<trkpt lat="35.44581" lon="135.8985099">
<ele>85.3</ele>
</trkpt>
<trkpt lat="35.44637" lon="135.89794">
<ele>90.5</ele>
</trkpt>
<trkpt lat="35.44696" lon="135.89737">
<ele>92.7</ele>
</trkpt>
<trkpt lat="35.4472499" lon="135.89715">
<ele>94.0</ele>
</trkpt>
<trkpt lat="35.44764" lon="135.89696">
<ele>89.3</ele>
</trkpt>
<trkpt lat="35.44776" lon="135.89692">
<ele>87.4</ele>
</trkpt>
<trkpt lat="35.44785" lon="135.89691">
<ele>85.6</ele>
</trkpt>
<trkpt lat="35.44794" lon="135.89679">
<ele>84.9</ele>
</trkpt>
<trkpt lat="35.44805" lon="135.89664">
<ele>83.7</ele>
</trkpt>
<trkpt lat="35.44814" lon="135.89643">
<ele>84.9</ele>
</trkpt>
<trkpt lat="35.44832" lon="135.8959099">
<ele>85.6</ele>
</trkpt>
<trkpt lat="35.44849" lon="135.89539">
<ele>89.2</ele>
</trkpt>
<trkpt lat="35.44856" lon="135.89504">
<ele>91.5</ele>
</trkpt>
<trkpt lat="35.44859" lon="135.89473">
<ele>91.3</ele>
</trkpt>
<trkpt lat="35.44855" lon="135.89396">
<ele>92.7</ele>
</trkpt>
<trkpt lat="35.44854" lon="135.89346">
<ele>91.6</ele>
</trkpt>
<trkpt lat="35.44855" lon="135.89325">
<ele>91.8</ele>
</trkpt>
<trkpt lat="35.4485699" lon="135.89306">
<ele>93.0</ele>
</trkpt>
<trkpt lat="35.44864" lon="135.89272">
<ele>93.8</ele>
</trkpt>
<trkpt lat="35.44888" lon="135.89198">
<ele>92.1</ele>
</trkpt>
<trkpt lat="35.44912" lon="135.89125">
<ele>87.3</ele>
</trkpt>
<trkpt lat="35.44939" lon="135.89042">
<ele>84.9</ele>
</trkpt>
<trkpt lat="35.44944" lon="135.89015">
<ele>83.7</ele>
</trkpt>
<trkpt lat="35.44948" lon="135.88978">
<ele>82.7</ele>
</trkpt>
<trkpt lat="35.4495099" lon="135.8892">
<ele>81.8</ele>
</trkpt>
<trkpt lat="35.44954" lon="135.88861">
<ele>79.3</ele>
</trkpt>
<trkpt lat="35.4495099" lon="135.88834">
<ele>79.2</ele>
</trkpt>
<trkpt lat="35.44948" lon="135.88819">
<ele>79.6</ele>
</trkpt>
<trkpt lat="35.44934" lon="135.88749">
<ele>81.3</ele>
</trkpt>
<trkpt lat="35.44933" lon="135.88721">
<ele>83.4</ele>
</trkpt>
<trkpt lat="35.44936" lon="135.88688">
<ele>84.7</ele>
</trkpt>
<trkpt lat="35.44943" lon="135.88661">
<ele>83.8</ele>
</trkpt>
<trkpt lat="35.44958" lon="135.88619">
<ele>79.1</ele>
</trkpt>
<trkpt lat="35.44976" lon="135.8858">
<ele>73.5</ele>
</trkpt>
<trkpt lat="35.44986" lon="135.88546">
<ele>70.7</ele>
</trkpt>
<trkpt lat="35.4499" lon="135.8851699">
<ele>69.7</ele>
</trkpt>
<trkpt lat="35.44994" lon="135.88407">
<ele>69.1</ele>
</trkpt>
<trkpt lat="35.44996" lon="135.88362">
<ele>68.0</ele>
</trkpt>
<trkpt lat="35.44966" lon="135.88324">
<ele>72.1</ele>
</trkpt>
<trkpt lat="35.44957" lon="135.88313">
<ele>73.5</ele>
</trkpt>
<trkpt lat="35.44945" lon="135.88271">
<ele>75.7</ele>
</trkpt>
<trkpt lat="35.44945" lon="135.8826">
<ele>75.8</ele>
</trkpt>
<trkpt lat="35.44962" lon="135.8821">
<ele>76.5</ele>
</trkpt>
<trkpt lat="35.44966" lon="135.88173">
<ele>78.1</ele>
</trkpt>
<trkpt lat="35.44982" lon="135.8809">
<ele>82.4</ele>
</trkpt>
<trkpt lat="35.44981" lon="135.88077">
<ele>83.6</ele>
</trkpt>
<trkpt lat="35.44974" lon="135.8804199">
<ele>87.8</ele>
</trkpt>
<trkpt lat="35.44971" lon="135.88018">
<ele>90.6</ele>
</trkpt>
<trkpt lat="35.44972" lon="135.87996">
<ele>91.6</ele>
</trkpt>
<trkpt lat="35.44982" lon="135.87928">
<ele>89.8</ele>
</trkpt>
<trkpt lat="35.44982" lon="135.87928">
<ele>89.8</ele>
</trkpt>
<trkpt lat="35.44989" lon="135.87874">
<ele>88.3</ele>
</trkpt>
<trkpt lat="35.45003" lon="135.87833">
<ele>85.6</ele>
</trkpt>
<trkpt lat="35.45008" lon="135.8781">
<ele>88.7</ele>
</trkpt>
<trkpt lat="35.45017" lon="135.87794">
<ele>89.2</ele>
</trkpt>
<trkpt lat="35.45027" lon="135.87782">
<ele>88.1</ele>
</trkpt>
<trkpt lat="35.45035" lon="135.87776">
<ele>86.5</ele>
</trkpt>
<trkpt lat="35.45077" lon="135.8776">
<ele>74.1</ele>
</trkpt>
<trkpt lat="35.45087" lon="135.87753">
<ele>71.9</ele>
</trkpt>
<trkpt lat="35.4510099" lon="135.87734">
<ele>72.1</ele>
</trkpt>
<trkpt lat="35.45123" lon="135.8769">
<ele>72.8</ele>
</trkpt>
<trkpt lat="35.45142" lon="135.87659">
<ele>72.5</ele>
</trkpt>
<trkpt lat="35.45168" lon="135.8763899">
<ele>71.3</ele>
</trkpt>
<trkpt lat="35.45179" lon="135.87625">
<ele>71.0</ele>
</trkpt>
<trkpt lat="35.45205" lon="135.87579">
<ele>70.3</ele>
</trkpt>
<trkpt lat="35.4523" lon="135.87533">
<ele>70.3</ele>
</trkpt>
<trkpt lat="35.45248" lon="135.87498">
<ele>70.1</ele>
</trkpt>
<trkpt lat="35.45259" lon="135.87471">
<ele>68.9</ele>
</trkpt>
<trkpt lat="35.45259" lon="135.87471">
<ele>68.9</ele>
</trkpt>
<trkpt lat="35.45264" lon="135.87461">
<ele>68.5</ele>
</trkpt>
<trkpt lat="35.45272" lon="135.87449">
<ele>68.0</ele>
</trkpt>
<trkpt lat="35.45288" lon="135.8743299">
<ele>67.3</ele>
</trkpt>
<trkpt lat="35.45306" lon="135.87419">
<ele>66.7</ele>
</trkpt>
<trkpt lat="35.45312" lon="135.87412">
<ele>66.6</ele>
</trkpt>
<trkpt lat="35.45333" lon="135.87376">
<ele>66.0</ele>
</trkpt>
<trkpt lat="35.45348" lon="135.87345">
<ele>65.3</ele>
</trkpt>
<trkpt lat="35.45359" lon="135.87294">
<ele>65.6</ele>
</trkpt>
<trkpt lat="35.45365" lon="135.87279">
<ele>65.5</ele>
</trkpt>
<trkpt lat="35.4545" lon="135.87249">
<ele>61.8</ele>
</trkpt>
<trkpt lat="35.4546" lon="135.87244">
<ele>61.6</ele>
</trkpt>
<trkpt lat="35.45464" lon="135.8724">
<ele>61.5</ele>
</trkpt>
<trkpt lat="35.45468" lon="135.87233">
<ele>61.5</ele>
</trkpt>
<trkpt lat="35.4548599" lon="135.87192">
<ele>62.2</ele>
</trkpt>
<trkpt lat="35.45496" lon="135.8711099">
<ele>64.5</ele>
</trkpt>
<trkpt lat="35.45499" lon="135.87095">
<ele>64.8</ele>
</trkpt>
<trkpt lat="35.45506" lon="135.8707499">
<ele>64.7</ele>
</trkpt>
<trkpt lat="35.4552" lon="135.87056">
<ele>64.1</ele>
</trkpt>
<trkpt lat="35.4553299" lon="135.87045">
<ele>63.5</ele>
</trkpt>
<trkpt lat="35.45563" lon="135.87024">
<ele>62.2</ele>
</trkpt>
<trkpt lat="35.45563" lon="135.87024">
<ele>62.2</ele>
</trkpt>
<trkpt lat="35.45591" lon="135.87003">
<ele>61.1</ele>
</trkpt>
<trkpt lat="35.4562" lon="135.86976">
<ele>59.7</ele>
</trkpt>
<trkpt lat="35.4567" lon="135.86922">
<ele>59.3</ele>
</trkpt>
<trkpt lat="35.45719" lon="135.86868">
<ele>55.2</ele>
</trkpt>
<trkpt lat="35.45731" lon="135.8685099">
<ele>54.7</ele>
</trkpt>
<trkpt lat="35.4575699" lon="135.86803">
<ele>54.7</ele>
</trkpt>
<trkpt lat="35.4580399" lon="135.86763">
<ele>52.8</ele>
</trkpt>
<trkpt lat="35.45818" lon="135.86748">
<ele>52.2</ele>
</trkpt>
<trkpt lat="35.4583" lon="135.86727">
<ele>52.0</ele>
</trkpt>
<trkpt lat="35.4584199" lon="135.8669899">
<ele>52.7</ele>
</trkpt>
<trkpt lat="35.45848" lon="135.86676">
<ele>53.3</ele>
</trkpt>
<trkpt lat="35.45853" lon="135.86582">
<ele>54.5</ele>
</trkpt>
<trkpt lat="35.45859" lon="135.86525">
<ele>53.7</ele>
</trkpt>
<trkpt lat="35.45856" lon="135.86524">
<ele>53.9</ele>
</trkpt>
<trkpt lat="35.45869" lon="135.86418">
<ele>51.5</ele>
</trkpt>
<trkpt lat="35.45886" lon="135.86365">
<ele>51.2</ele>
</trkpt>
<trkpt lat="35.45911" lon="135.86297">
<ele>51.7</ele>
</trkpt>
<trkpt lat="35.4592" lon="135.8628699">
<ele>51.3</ele>
</trkpt>
<trkpt lat="35.45935" lon="135.86274">
<ele>50.4</ele>
</trkpt>
<trkpt lat="35.45942" lon="135.86265">
<ele>50.0</ele>
</trkpt>
<trkpt lat="35.45953" lon="135.86245">
<ele>49.4</ele>
</trkpt>
<trkpt lat="35.45984" lon="135.86166">
<ele>48.8</ele>
</trkpt>
<trkpt lat="35.46006" lon="135.86127">
<ele>47.2</ele>
</trkpt>
<trkpt lat="35.46015" lon="135.86106">
<ele>46.6</ele>
</trkpt>
<trkpt lat="35.4602" lon="135.86086">
<ele>46.3</ele>
</trkpt>
<trkpt lat="35.4602" lon="135.8606">
<ele>46.8</ele>
</trkpt>
<trkpt lat="35.46016" lon="135.85991">
<ele>48.3</ele>
</trkpt>
<trkpt lat="35.46023" lon="135.85964">
<ele>48.3</ele>
</trkpt>
<trkpt lat="35.4605" lon="135.8590199">
<ele>47.8</ele>
</trkpt>
<trkpt lat="35.46061" lon="135.8587499">
<ele>47.7</ele>
</trkpt>
<trkpt lat="35.46081" lon="135.85814">
<ele>47.8</ele>
</trkpt>
<trkpt lat="35.46089" lon="135.85795">
<ele>48.2</ele>
</trkpt>
<trkpt lat="35.4614" lon="135.8570499">
<ele>49.7</ele>
</trkpt>
<trkpt lat="35.46166" lon="135.85661">
<ele>49.2</ele>
</trkpt>
<trkpt lat="35.46197" lon="135.85605">
<ele>49.6</ele>
</trkpt>
<trkpt lat="35.46207" lon="135.8557999">
<ele>49.6</ele>
</trkpt>
<trkpt lat="35.46211" lon="135.8556">
<ele>49.8</ele>
</trkpt>
<trkpt lat="35.46214" lon="135.85524">
<ele>50.2</ele>
</trkpt>
<trkpt lat="35.4621" lon="135.85483">
<ele>51.2</ele>
</trkpt>
<trkpt lat="35.46208" lon="135.85436">
<ele>52.2</ele>
</trkpt>
<trkpt lat="35.46203" lon="135.85369">
<ele>51.7</ele>
</trkpt>
<trkpt lat="35.4619799" lon="135.8530199">
<ele>51.0</ele>
</trkpt>
<trkpt lat="35.46202" lon="135.85237">
<ele>50.5</ele>
</trkpt>
<trkpt lat="35.46211" lon="135.85184">
<ele>49.8</ele>
</trkpt>
<trkpt lat="35.4621" lon="135.85139">
<ele>51.2</ele>
</trkpt>
<trkpt lat="35.46215" lon="135.85125">
<ele>51.4</ele>
</trkpt>
<trkpt lat="35.46226" lon="135.85103">
<ele>51.1</ele>
</trkpt>
<trkpt lat="35.46255" lon="135.85025">
<ele>49.9</ele>
</trkpt>
<trkpt lat="35.46267" lon="135.84999">
<ele>49.4</ele>
</trkpt>
<trkpt lat="35.46319" lon="135.84922">
<ele>43.6</ele>
</trkpt>
<trkpt lat="35.46327" lon="135.84903">
<ele>42.4</ele>
</trkpt>
<trkpt lat="35.4633899" lon="135.84834">
<ele>39.7</ele>
</trkpt>
<trkpt lat="35.46352" lon="135.8476499">
<ele>37.6</ele>
</trkpt>
<trkpt lat="35.4636" lon="135.84742">
<ele>37.1</ele>
</trkpt>
<trkpt lat="35.4638599" lon="135.84681">
<ele>36.9</ele>
</trkpt>
<trkpt lat="35.46396" lon="135.8466">
<ele>36.8</ele>
</trkpt>
<trkpt lat="35.46402" lon="135.84639">
<ele>36.6</ele>
</trkpt>
<trkpt lat="35.46403" lon="135.84623">
<ele>36.6</ele>
</trkpt>
<trkpt lat="35.46399" lon="135.84606">
<ele>36.8</ele>
</trkpt>
<trkpt lat="35.46393" lon="135.84594">
<ele>37.1</ele>
</trkpt>
<trkpt lat="35.4638599" lon="135.8459499">
<ele>37.4</ele>
</trkpt>
<trkpt lat="35.46382" lon="135.84594">
<ele>37.6</ele>
</trkpt>
<trkpt lat="35.4632099" lon="135.84567">
<ele>41.7</ele>
</trkpt>
<trkpt lat="35.46313" lon="135.84563">
<ele>42.6</ele>
</trkpt>
<trkpt lat="35.4628" lon="135.8454099">
<ele>46.3</ele>
</trkpt>
<trkpt lat="35.46259" lon="135.84521">
<ele>48.7</ele>
</trkpt>
<trkpt lat="35.46252" lon="135.84512">
<ele>49.5</ele>
</trkpt>
<trkpt lat="35.4622699" lon="135.84468">
<ele>56.6</ele>
</trkpt>
<trkpt lat="35.4617999" lon="135.844">
<ele>61.4</ele>
</trkpt>
<trkpt lat="35.46168" lon="135.8437999">
<ele>62.5</ele>
</trkpt>
<trkpt lat="35.46161" lon="135.84358">
<ele>63.0</ele>
</trkpt>
<trkpt lat="35.4616" lon="135.84349">
<ele>62.7</ele>
</trkpt>
<trkpt lat="35.46163" lon="135.84327">
<ele>61.8</ele>
</trkpt>
<trkpt lat="35.46177" lon="135.84255">
<ele>63.1</ele>
</trkpt>
<trkpt lat="35.46178" lon="135.8425">
<ele>63.2</ele>
</trkpt>
<trkpt lat="35.46215" lon="135.84255">
<ele>60.3</ele>
</trkpt>
<trkpt lat="35.46249" lon="135.84265">
<ele>57.2</ele>
</trkpt>
<trkpt lat="35.46295" lon="135.84284">
<ele>53.6</ele>
</trkpt>
<trkpt lat="35.46311" lon="135.84287">
<ele>52.5</ele>
</trkpt>
<trkpt lat="35.46329" lon="135.84283">
<ele>51.9</ele>
</trkpt>
<trkpt lat="35.46353" lon="135.84274">
<ele>50.3</ele>
</trkpt>
<trkpt lat="35.46372" lon="135.84269">
<ele>48.5</ele>
</trkpt>
<trkpt lat="35.4638" lon="135.8427">
<ele>47.6</ele>
</trkpt>
<trkpt lat="35.46427" lon="135.8428099">
<ele>43.0</ele>
</trkpt>
<trkpt lat="35.46465" lon="135.84292">
<ele>40.6</ele>
</trkpt>
<trkpt lat="35.46516" lon="135.84314">
<ele>37.5</ele>
</trkpt>
<trkpt lat="35.46517" lon="135.84312">
<ele>37.4</ele>
</trkpt>
<trkpt lat="35.46532" lon="135.84274">
<ele>36.1</ele>
</trkpt>
<trkpt lat="35.46566" lon="135.84217">
<ele>33.9</ele>
</trkpt>
<trkpt lat="35.46576" lon="135.84193">
<ele>33.3</ele>
</trkpt>
<trkpt lat="35.46578" lon="135.84168">
<ele>33.2</ele>
</trkpt>
<trkpt lat="35.46575" lon="135.84144">
<ele>33.4</ele>
</trkpt>
<trkpt lat="35.46567" lon="135.8411099">
<ele>33.8</ele>
</trkpt>
<trkpt lat="35.46571" lon="135.84107">
<ele>33.7</ele>
</trkpt>
<trkpt lat="35.46576" lon="135.84107">
<ele>33.4</ele>
</trkpt>
<trkpt lat="35.46587" lon="135.84026">
<ele>30.8</ele>
</trkpt>
<trkpt lat="35.46598" lon="135.83945">
<ele>29.2</ele>
</trkpt>
<trkpt lat="35.4661199" lon="135.83837">
<ele>27.0</ele>
</trkpt>
<trkpt lat="35.46627" lon="135.83729">
<ele>26.2</ele>
</trkpt>
<trkpt lat="35.46641" lon="135.83621">
<ele>25.2</ele>
</trkpt>
<trkpt lat="35.46645" lon="135.8360999">
<ele>25.1</ele>
</trkpt>
<trkpt lat="35.4667" lon="135.83537">
<ele>24.5</ele>
</trkpt>
<trkpt lat="35.4668" lon="135.83428">
<ele>24.7</ele>
</trkpt>
<trkpt lat="35.46679" lon="135.83408">
<ele>24.7</ele>
</trkpt>
<trkpt lat="35.46675" lon="135.8337699">
<ele>24.8</ele>
</trkpt>
<trkpt lat="35.46675" lon="135.8336799">
<ele>24.7</ele>
</trkpt>
<trkpt lat="35.46676" lon="135.8336">
<ele>24.7</ele>
</trkpt>
<trkpt lat="35.46693" lon="135.83329">
<ele>24.1</ele>
</trkpt>
<trkpt lat="35.46701" lon="135.83313">
<ele>23.8</ele>
</trkpt>
<trkpt lat="35.46714" lon="135.83279">
<ele>23.2</ele>
</trkpt>
<trkpt lat="35.46725" lon="135.8324">
<ele>22.6</ele>
</trkpt>
<trkpt lat="35.46725" lon="135.83229">
<ele>22.7</ele>
</trkpt>
<trkpt lat="35.46744" lon="135.83138">
<ele>22.6</ele>
</trkpt>
<trkpt lat="35.4676199" lon="135.8304599">
<ele>23.5</ele>
</trkpt>
<trkpt lat="35.46784" lon="135.82962">
<ele>29.5</ele>
</trkpt>
<trkpt lat="35.4679" lon="135.82944">
<ele>31.4</ele>
</trkpt>
<trkpt lat="35.46804" lon="135.82912">
<ele>33.1</ele>
</trkpt>
<trkpt lat="35.46838" lon="135.82854">
<ele>34.7</ele>
</trkpt>
<trkpt lat="35.46869" lon="135.82807">
<ele>36.2</ele>
</trkpt>
<trkpt lat="35.46875" lon="135.82808">
<ele>34.2</ele>
</trkpt>
<trkpt lat="35.46892" lon="135.82817">
<ele>27.9</ele>
</trkpt>
<trkpt lat="35.46897" lon="135.82817">
<ele>26.5</ele>
</trkpt>
<trkpt lat="35.469" lon="135.82814">
<ele>26.1</ele>
</trkpt>
<trkpt lat="35.46909" lon="135.828">
<ele>24.8</ele>
</trkpt>
<trkpt lat="35.46918" lon="135.82779">
<ele>23.8</ele>
</trkpt>
<trkpt lat="35.46948" lon="135.82697">
<ele>25.7</ele>
</trkpt>
<trkpt lat="35.46945" lon="135.82681">
<ele>26.9</ele>
</trkpt>
<trkpt lat="35.46951" lon="135.82674">
<ele>26.3</ele>
</trkpt>
<trkpt lat="35.46963" lon="135.82639">
<ele>25.2</ele>
</trkpt>
<trkpt lat="35.4696" lon="135.8263399">
<ele>25.8</ele>
</trkpt>
<trkpt lat="35.46954" lon="135.82626">
<ele>27.0</ele>
</trkpt>
<trkpt lat="35.46943" lon="135.82615">
<ele>29.2</ele>
</trkpt>
<trkpt lat="35.4694999" lon="135.82573">
<ele>28.7</ele>
</trkpt>
<trkpt lat="35.46956" lon="135.82516">
<ele>28.3</ele>
</trkpt>
<trkpt lat="35.46957" lon="135.82512">
<ele>28.1</ele>
</trkpt>
<trkpt lat="35.46984" lon="135.82481">
<ele>23.2</ele>
</trkpt>
<trkpt lat="35.46995" lon="135.82461">
<ele>21.0</ele>
</trkpt>
<trkpt lat="35.46991" lon="135.8245499">
<ele>21.8</ele>
</trkpt>
<trkpt lat="35.47019" lon="135.8239">
<ele>19.6</ele>
</trkpt>
<trkpt lat="35.47028" lon="135.82349">
<ele>19.8</ele>
</trkpt>
<trkpt lat="35.47034" lon="135.82331">
<ele>19.8</ele>
</trkpt>
<trkpt lat="35.47047" lon="135.8231">
<ele>19.9</ele>
</trkpt>
<trkpt lat="35.47059" lon="135.82291">
<ele>20.1</ele>
</trkpt>
<trkpt lat="35.4707" lon="135.82235">
<ele>21.0</ele>
</trkpt>
<trkpt lat="35.47072" lon="135.82185">
<ele>20.4</ele>
</trkpt>
<trkpt lat="35.47069" lon="135.82094">
<ele>19.4</ele>
</trkpt>
<trkpt lat="35.47056" lon="135.82059">
<ele>19.4</ele>
</trkpt>
<trkpt lat="35.47042" lon="135.81978">
<ele>19.1</ele>
</trkpt>
<trkpt lat="35.47039" lon="135.81961">
<ele>19.3</ele>
</trkpt>
<trkpt lat="35.47038" lon="135.81945">
<ele>19.4</ele>
</trkpt>
<trkpt lat="35.47042" lon="135.8187">
<ele>19.2</ele>
</trkpt>
<trkpt lat="35.47049" lon="135.81781">
<ele>19.0</ele>
</trkpt>
<trkpt lat="35.47056" lon="135.81691">
<ele>18.9</ele>
</trkpt>
<trkpt lat="35.47064" lon="135.81632">
<ele>19.1</ele>
</trkpt>
<trkpt lat="35.47072" lon="135.81574">
<ele>19.4</ele>
</trkpt>
<trkpt lat="35.47076" lon="135.8153">
<ele>21.2</ele>
</trkpt>
<trkpt lat="35.47079" lon="135.81483">
<ele>23.5</ele>
</trkpt>
<trkpt lat="35.47077" lon="135.81402">
<ele>28.0</ele>
</trkpt>
<trkpt lat="35.47078" lon="135.81388">
<ele>28.1</ele>
</trkpt>
<trkpt lat="35.47078" lon="135.81378">
<ele>28.3</ele>
</trkpt>
<trkpt lat="35.47107" lon="135.81313">
<ele>24.7</ele>
</trkpt>
<trkpt lat="35.47117" lon="135.81275">
<ele>23.0</ele>
</trkpt>
<trkpt lat="35.4712" lon="135.81252">
<ele>22.3</ele>
</trkpt>
<trkpt lat="35.47117" lon="135.81181">
<ele>19.5</ele>
</trkpt>
<trkpt lat="35.47129" lon="135.81095">
<ele>18.9</ele>
</trkpt>
<trkpt lat="35.4713" lon="135.8108499">
<ele>19.0</ele>
</trkpt>
<trkpt lat="35.47137" lon="135.81057">
<ele>19.8</ele>
</trkpt>
<trkpt lat="35.47152" lon="135.81023">
<ele>19.8</ele>
</trkpt>
<trkpt lat="35.4716" lon="135.81002">
<ele>19.7</ele>
</trkpt>
<trkpt lat="35.47169" lon="135.80958">
<ele>19.4</ele>
</trkpt>
<trkpt lat="35.47186" lon="135.80904">
<ele>19.7</ele>
</trkpt>
<trkpt lat="35.4720299" lon="135.8085">
<ele>20.0</ele>
</trkpt>
<trkpt lat="35.47206" lon="135.80796">
<ele>20.7</ele>
</trkpt>
<trkpt lat="35.47215" lon="135.80736">
<ele>20.3</ele>
</trkpt>
<trkpt lat="35.4722099" lon="135.80704">
<ele>19.7</ele>
</trkpt>
<trkpt lat="35.47232" lon="135.8062799">
<ele>20.1</ele>
</trkpt>
<trkpt lat="35.47239" lon="135.80588">
<ele>20.3</ele>
</trkpt>
<trkpt lat="35.47247" lon="135.80568">
<ele>19.8</ele>
</trkpt>
<trkpt lat="35.47265" lon="135.80532">
<ele>20.2</ele>
</trkpt>
<trkpt lat="35.47285" lon="135.80498">
<ele>20.4</ele>
</trkpt>
<trkpt lat="35.47292" lon="135.80484">
<ele>20.9</ele>
</trkpt>
<trkpt lat="35.47301" lon="135.80438">
<ele>23.3</ele>
</trkpt>
<trkpt lat="35.47272" lon="135.8042">
<ele>30.9</ele>
</trkpt>
<trkpt lat="35.47269" lon="135.80417">
<ele>31.9</ele>
</trkpt>
<trkpt lat="35.47312" lon="135.80334">
<ele>26.1</ele>
</trkpt>
<trkpt lat="35.47355" lon="135.8025">
<ele>26.6</ele>
</trkpt>
<trkpt lat="35.47381" lon="135.8019799">
<ele>27.8</ele>
</trkpt>
<trkpt lat="35.47407" lon="135.80147">
<ele>25.8</ele>
</trkpt>
<trkpt lat="35.4744" lon="135.80084">
<ele>28.7</ele>
</trkpt>
<trkpt lat="35.47473" lon="135.8002">
<ele>29.1</ele>
</trkpt>
<trkpt lat="35.47506" lon="135.79957">
<ele>25.3</ele>
</trkpt>
<trkpt lat="35.4752" lon="135.79931">
<ele>26.3</ele>
</trkpt>
<trkpt lat="35.47554" lon="135.79879">
<ele>21.0</ele>
</trkpt>
<trkpt lat="35.47555" lon="135.79864">
<ele>20.8</ele>
</trkpt>
<trkpt lat="35.47562" lon="135.7980399">
<ele>18.9</ele>
</trkpt>
<trkpt lat="35.47566" lon="135.79783">
<ele>18.1</ele>
</trkpt>
<trkpt lat="35.47583" lon="135.79739">
<ele>16.9</ele>
</trkpt>
<trkpt lat="35.47596" lon="135.79691">
<ele>16.0</ele>
</trkpt>
<trkpt lat="35.47602" lon="135.79674">
<ele>15.8</ele>
</trkpt>
<trkpt lat="35.47628" lon="135.79655">
<ele>15.5</ele>
</trkpt>
<trkpt lat="35.4764" lon="135.79642">
<ele>15.5</ele>
</trkpt>
<trkpt lat="35.47647" lon="135.7962499">
<ele>15.6</ele>
</trkpt>
<trkpt lat="35.47657" lon="135.79589">
<ele>15.9</ele>
</trkpt>
<trkpt lat="35.47666" lon="135.79569">
<ele>16.0</ele>
</trkpt>
<trkpt lat="35.4768199" lon="135.79547">
<ele>15.5</ele>
</trkpt>
<trkpt lat="35.47723" lon="135.79504">
<ele>14.6</ele>
</trkpt>
<trkpt lat="35.47749" lon="135.7946">
<ele>14.0</ele>
</trkpt>
<trkpt lat="35.47755" lon="135.7944599">
<ele>14.0</ele>
</trkpt>
<trkpt lat="35.47767" lon="135.79395">
<ele>14.2</ele>
</trkpt>
<trkpt lat="35.47772" lon="135.7935">
<ele>14.6</ele>
</trkpt>
<trkpt lat="35.47776" lon="135.79265">
<ele>16.6</ele>
</trkpt>
<trkpt lat="35.47773" lon="135.79176">
<ele>20.4</ele>
</trkpt>
<trkpt lat="35.47776" lon="135.79138">
<ele>23.0</ele>
</trkpt>
<trkpt lat="35.47786" lon="135.79085">
<ele>25.5</ele>
</trkpt>
<trkpt lat="35.47787" lon="135.7900699">
<ele>31.1</ele>
</trkpt>
<trkpt lat="35.47789" lon="135.78994">
<ele>31.9</ele>
</trkpt>
<trkpt lat="35.47793" lon="135.7898">
<ele>32.9</ele>
</trkpt>
<trkpt lat="35.47804" lon="135.78959">
<ele>32.0</ele>
</trkpt>
<trkpt lat="35.47824" lon="135.78917">
<ele>29.2</ele>
</trkpt>
<trkpt lat="35.47844" lon="135.78885">
<ele>25.6</ele>
</trkpt>
<trkpt lat="35.47854" lon="135.78852">
<ele>26.0</ele>
</trkpt>
<trkpt lat="35.47862" lon="135.78814">
<ele>26.4</ele>
</trkpt>
<trkpt lat="35.47865" lon="135.78791">
<ele>26.8</ele>
</trkpt>
<trkpt lat="35.47866" lon="135.78744">
<ele>27.9</ele>
</trkpt>
<trkpt lat="35.47887" lon="135.78654">
<ele>18.8</ele>
</trkpt>
<trkpt lat="35.47908" lon="135.78564">
<ele>14.3</ele>
</trkpt>
<trkpt lat="35.47922" lon="135.7847899">
<ele>14.9</ele>
</trkpt>
<trkpt lat="35.4793499" lon="135.78407">
<ele>14.7</ele>
</trkpt>
<trkpt lat="35.47933" lon="135.78343">
<ele>15.8</ele>
</trkpt>
<trkpt lat="35.4793499" lon="135.78296">
<ele>16.4</ele>
</trkpt>
<trkpt lat="35.47941" lon="135.78267">
<ele>16.8</ele>
</trkpt>
<trkpt lat="35.47949" lon="135.7825">
<ele>17.0</ele>
</trkpt>
<trkpt lat="35.47968" lon="135.7823">
<ele>16.9</ele>
</trkpt>
<trkpt lat="35.48002" lon="135.78177">
<ele>16.1</ele>
</trkpt>
<trkpt lat="35.48036" lon="135.78125">
<ele>15.1</ele>
</trkpt>
<trkpt lat="35.48043" lon="135.78114">
<ele>15.0</ele>
</trkpt>
<trkpt lat="35.48044" lon="135.78108">
<ele>14.9</ele>
</trkpt>
<trkpt lat="35.48035" lon="135.78072">
<ele>15.4</ele>
</trkpt>
<trkpt lat="35.48028" lon="135.7803">
<ele>16.6</ele>
</trkpt>
<trkpt lat="35.4802899" lon="135.77998">
<ele>17.3</ele>
</trkpt>
<trkpt lat="35.48034" lon="135.77975">
<ele>17.3</ele>
</trkpt>
<trkpt lat="35.4805599" lon="135.77917">
<ele>16.3</ele>
</trkpt>
<trkpt lat="35.48065" lon="135.77886">
<ele>15.1</ele>
</trkpt>
<trkpt lat="35.4808" lon="135.77825">
<ele>14.2</ele>
</trkpt>
<trkpt lat="35.4810299" lon="135.77798">
<ele>14.2</ele>
</trkpt>
<trkpt lat="35.48138" lon="135.77768">
<ele>14.1</ele>
</trkpt>
<trkpt lat="35.48145" lon="135.7776">
<ele>14.1</ele>
</trkpt>
<trkpt lat="35.4816" lon="135.77732">
<ele>14.8</ele>
</trkpt>
<trkpt lat="35.48176" lon="135.77684">
<ele>15.8</ele>
</trkpt>
<trkpt lat="35.48178" lon="135.77609">
<ele>18.7</ele>
</trkpt>
<trkpt lat="35.4818" lon="135.77534">
<ele>21.6</ele>
</trkpt>
<trkpt lat="35.4818799" lon="135.77516">
<ele>21.3</ele>
</trkpt>
<trkpt lat="35.48194" lon="135.77507">
<ele>20.8</ele>
</trkpt>
<trkpt lat="35.48233" lon="135.7747599">
<ele>17.1</ele>
</trkpt>
<trkpt lat="35.48239" lon="135.77469">
<ele>16.5</ele>
</trkpt>
<trkpt lat="35.4824399" lon="135.77463">
<ele>15.9</ele>
</trkpt>
<trkpt lat="35.48252" lon="135.77446">
<ele>15.5</ele>
</trkpt>
<trkpt lat="35.48261" lon="135.77415">
<ele>16.5</ele>
</trkpt>
<trkpt lat="35.48275" lon="135.77389">
<ele>19.9</ele>
</trkpt>
<trkpt lat="35.48307" lon="135.7735999">
<ele>19.1</ele>
</trkpt>
<trkpt lat="35.48333" lon="135.77344">
<ele>15.4</ele>
</trkpt>
<trkpt lat="35.48339" lon="135.77338">
<ele>15.3</ele>
</trkpt>
<trkpt lat="35.48344" lon="135.77327">
<ele>15.8</ele>
</trkpt>
<trkpt lat="35.4834699" lon="135.77317">
<ele>16.5</ele>
</trkpt>
<trkpt lat="35.48348" lon="135.77305">
<ele>17.5</ele>
</trkpt>
<trkpt lat="35.4835" lon="135.77242">
<ele>23.0</ele>
</trkpt>
<trkpt lat="35.48353" lon="135.77227">
<ele>24.2</ele>
</trkpt>
<trkpt lat="35.48369" lon="135.77184">
<ele>24.5</ele>
</trkpt>
<trkpt lat="35.4838" lon="135.77157">
<ele>22.5</ele>
</trkpt>
<trkpt lat="35.48383" lon="135.77142">
<ele>21.7</ele>
</trkpt>
<trkpt lat="35.48388" lon="135.7709999">
<ele>20.5</ele>
</trkpt>
<trkpt lat="35.48391" lon="135.77089">
<ele>19.5</ele>
</trkpt>
<trkpt lat="35.48396" lon="135.77079">
<ele>17.4</ele>
</trkpt>
<trkpt lat="35.4841399" lon="135.77057">
<ele>10.2</ele>
</trkpt>
<trkpt lat="35.48404" lon="135.77041">
<ele>12.3</ele>
</trkpt>
<trkpt lat="35.48402" lon="135.77031">
<ele>12.2</ele>
</trkpt>
<trkpt lat="35.48407" lon="135.77025">
<ele>10.7</ele>
</trkpt>
<trkpt lat="35.48409" lon="135.77021">
<ele>10.1</ele>
</trkpt>
<trkpt lat="35.48413" lon="135.76999">
<ele>8.5</ele>
</trkpt>
<trkpt lat="35.4843199" lon="135.76898">
<ele>5.8</ele>
</trkpt>
<trkpt lat="35.48452" lon="135.76797">
<ele>6.1</ele>
</trkpt>
<trkpt lat="35.48471" lon="135.76696">
<ele>5.7</ele>
</trkpt>
<trkpt lat="35.48491" lon="135.76595">
<ele>4.1</ele>
</trkpt>
<trkpt lat="35.4851" lon="135.76494">
<ele>4.4</ele>
</trkpt>
<trkpt lat="35.4853" lon="135.7639299">
<ele>13.4</ele>
</trkpt>
<trkpt lat="35.48536" lon="135.7640199">
<ele>12.0</ele>
</trkpt>
<trkpt lat="35.48562" lon="135.76428">
<ele>8.7</ele>
</trkpt>
<trkpt lat="35.48586" lon="135.76444">
<ele>6.9</ele>
</trkpt>
<trkpt lat="35.48603" lon="135.76453">
<ele>5.6</ele>
</trkpt>
<trkpt lat="35.48621" lon="135.7640199">
<ele>6.9</ele>
</trkpt>
<trkpt lat="35.48639" lon="135.76352">
<ele>7.1</ele>
</trkpt>
<trkpt lat="35.48657" lon="135.76301">
<ele>4.9</ele>
</trkpt>
<trkpt lat="35.48654" lon="135.7629399">
<ele>5.0</ele>
</trkpt>
<trkpt lat="35.48651" lon="135.76286">
<ele>5.1</ele>
</trkpt>
<trkpt lat="35.48639" lon="135.76268">
<ele>5.3</ele>
</trkpt>
<trkpt lat="35.4863" lon="135.76257">
<ele>5.2</ele>
</trkpt>
<trkpt lat="35.48624" lon="135.76253">
<ele>5.2</ele>
</trkpt>
<trkpt lat="35.48604" lon="135.76249">
<ele>5.5</ele>
</trkpt>
<trkpt lat="35.4859099" lon="135.7624">
<ele>5.6</ele>
</trkpt>
<trkpt lat="35.4854" lon="135.76183">
<ele>6.8</ele>
</trkpt>
<trkpt lat="35.48491" lon="135.76125">
<ele>6.1</ele>
</trkpt>
<trkpt lat="35.48545" lon="135.76057">
<ele>3.3</ele>
</trkpt>
<trkpt lat="35.48599" lon="135.75989">
<ele>4.2</ele>
</trkpt>
<trkpt lat="35.48652" lon="135.75921">
<ele>4.8</ele>
</trkpt>
<trkpt lat="35.48706" lon="135.75852">
<ele>5.8</ele>
</trkpt>
<trkpt lat="35.4875" lon="135.75795">
<ele>6.0</ele>
</trkpt>
<trkpt lat="35.48748" lon="135.7578">
<ele>6.0</ele>
</trkpt>
<trkpt lat="35.48745" lon="135.75768">
<ele>6.0</ele>
</trkpt>
<trkpt lat="35.4874" lon="135.75759">
<ele>6.0</ele>
</trkpt>
<trkpt lat="35.48738" lon="135.75742">
<ele>5.9</ele>
</trkpt>
<trkpt lat="35.4874" lon="135.75732">
<ele>5.8</ele>
</trkpt>
<trkpt lat="35.48752" lon="135.75735">
<ele>5.7</ele>
</trkpt>
<trkpt lat="35.48773" lon="135.75753">
<ele>4.9</ele>
</trkpt>
<trkpt lat="35.48781" lon="135.75755">
<ele>4.6</ele>
</trkpt>
<trkpt lat="35.48804" lon="135.75776">
<ele>4.0</ele>
</trkpt>
<trkpt lat="35.48848" lon="135.75798">
<ele>3.2</ele>
</trkpt>
<trkpt lat="35.48856" lon="135.75767">
<ele>1.8</ele>
</trkpt>
<trkpt lat="35.48856" lon="135.75767">
<ele>1.8</ele>
</trkpt>
<trkpt lat="35.48869" lon="135.75709">
<ele>1.8</ele>
</trkpt>
<trkpt lat="35.48883" lon="135.75652">
<ele>3.2</ele>
</trkpt>
<trkpt lat="35.4885499" lon="135.75643">
<ele>3.3</ele>
</trkpt>
<trkpt lat="35.48844" lon="135.75637">
<ele>3.4</ele>
</trkpt>
<trkpt lat="35.48838" lon="135.75631">
<ele>3.4</ele>
</trkpt>
<trkpt lat="35.48804" lon="135.75577">
<ele>3.4</ele>
</trkpt>
<trkpt lat="35.48795" lon="135.75557">
<ele>3.6</ele>
</trkpt>
<trkpt lat="35.4881" lon="135.7551">
<ele>5.0</ele>
</trkpt>
<trkpt lat="35.4881" lon="135.7551">
<ele>5.0</ele>
</trkpt>
<trkpt lat="35.48827" lon="135.75457">
<ele>8.0</ele>
</trkpt>
<trkpt lat="35.4884" lon="135.75404">
<ele>12.1</ele>
</trkpt>
<trkpt lat="35.48869" lon="135.75343">
<ele>17.3</ele>
</trkpt>
<trkpt lat="35.48897" lon="135.75294">
<ele>13.6</ele>
</trkpt>
<trkpt lat="35.48914" lon="135.75257">
<ele>8.9</ele>
</trkpt>
<trkpt lat="35.4891999" lon="135.75222">
<ele>8.1</ele>
</trkpt>
<trkpt lat="35.48919" lon="135.75201">
<ele>8.4</ele>
</trkpt>
<trkpt lat="35.4891999" lon="135.7517">
<ele>8.7</ele>
</trkpt>
<trkpt lat="35.4892899" lon="135.75109">
<ele>12.1</ele>
</trkpt>
<trkpt lat="35.48933" lon="135.75085">
<ele>13.1</ele>
</trkpt>
<trkpt lat="35.48944" lon="135.75046">
<ele>17.3</ele>
</trkpt>
<trkpt lat="35.48947" lon="135.75011">
<ele>21.7</ele>
</trkpt>
<trkpt lat="35.48956" lon="135.74976">
<ele>21.4</ele>
</trkpt>
<trkpt lat="35.48963" lon="135.74957">
<ele>19.6</ele>
</trkpt>
<trkpt lat="35.48963" lon="135.74957">
<ele>19.6</ele>
</trkpt>
<trkpt lat="35.48977" lon="135.74921">
<ele>14.9</ele>
</trkpt>
<trkpt lat="35.4899" lon="135.74825">
<ele>9.1</ele>
</trkpt>
<trkpt lat="35.4901" lon="135.74755">
<ele>3.0</ele>
</trkpt>
<trkpt lat="35.4903" lon="135.74686">
<ele>2.9</ele>
</trkpt>
<trkpt lat="35.49044" lon="135.74639">
<ele>2.4</ele>
</trkpt>
<trkpt lat="35.4902299" lon="135.74616">
<ele>2.9</ele>
</trkpt>
<trkpt lat="35.4901399" lon="135.74598">
<ele>2.9</ele>
</trkpt>
<trkpt lat="35.48991" lon="135.7454799">
<ele>3.2</ele>
</trkpt>
<trkpt lat="35.48969" lon="135.74498">
<ele>3.8</ele>
</trkpt>
<trkpt lat="35.48957" lon="135.74467">
<ele>4.0</ele>
</trkpt>
<trkpt lat="35.48953" lon="135.74457">
<ele>4.1</ele>
</trkpt>
<trkpt lat="35.48954" lon="135.7444999">
<ele>4.0</ele>
</trkpt>
<trkpt lat="35.48991" lon="135.74407">
<ele>4.0</ele>
</trkpt>
<trkpt lat="35.49029" lon="135.74364">
<ele>3.3</ele>
</trkpt>
<trkpt lat="35.49088" lon="135.74294">
<ele>7.0</ele>
</trkpt>
<trkpt lat="35.49147" lon="135.74224">
<ele>9.7</ele>
</trkpt>
<trkpt lat="35.49147" lon="135.74224">
<ele>9.7</ele>
</trkpt>
<trkpt lat="35.49195" lon="135.74166">
<ele>7.1</ele>
</trkpt>
<trkpt lat="35.49243" lon="135.74109">
<ele>6.4</ele>
</trkpt>
<trkpt lat="35.49291" lon="135.74051">
<ele>5.2</ele>
</trkpt>
<trkpt lat="35.49291" lon="135.74051">
<ele>5.2</ele>
</trkpt>
<trkpt lat="35.49298" lon="135.74044">
<ele>5.0</ele>
</trkpt>
<trkpt lat="35.49318" lon="135.74076">
<ele>4.4</ele>
</trkpt>
<trkpt lat="35.49334" lon="135.74061">
<ele>4.0</ele>
</trkpt>
<trkpt lat="35.49334" lon="135.74061">
<ele>4.0</ele>
</trkpt>
<trkpt lat="35.49388" lon="135.74009">
<ele>4.1</ele>
</trkpt>
<trkpt lat="35.49439" lon="135.74099">
<ele>5.2</ele>
</trkpt>
<trkpt lat="35.4947299" lon="135.7416299">
<ele>6.6</ele>
</trkpt>
<trkpt lat="35.49507" lon="135.74227">
<ele>5.6</ele>
</trkpt>
<trkpt lat="35.49531" lon="135.74293">
<ele>4.3</ele>
</trkpt>
    </trkseg>
  </trk>
</gpx>