<?xml version="1.0" encoding="UTF-8"?>
<gpx version="1.1"
     creator="KMLtoGPX"
     xmlns="http://www.topografix.com/GPX/1/1">
  <metadata>
    <name>Higashikagawa City Course (medium distance)</name>
    <desc>東かがわ市シティコース（中距離）</desc>
    <bounds minlat="34.19231388888889" minlon="134.28403694444444" maxlat="34.274475" maxlon="134.40334"/>
  </metadata>
  <trk>
    <name>Higashikagawa City Course (medium distance)</name>
    <trkseg>
<trkpt lat="34.27446888888889" lon="134.2978811111111">
<ele>22</ele>
</trkpt>
<trkpt lat="34.274475" lon="134.2979611111111">
<ele>22</ele>
</trkpt>
<trkpt lat="34.274458055555556" lon="134.2984361111111">
<ele>22</ele>
</trkpt>
<trkpt lat="34.27441611111111" lon="134.2985611111111">
<ele>23</ele>
</trkpt>
<trkpt lat="34.27434111111111" lon="134.29867388888889">
<ele>24</ele>
</trkpt>
<trkpt lat="34.27419111111111" lon="134.2987861111111">
<ele>25</ele>
</trkpt>
<trkpt lat="34.27408305555556" lon="134.2988488888889">
<ele>25</ele>
</trkpt>
<trkpt lat="34.273741111111114" lon="134.2989488888889">
<ele>27</ele>
</trkpt>
<trkpt lat="34.273583055555555" lon="134.2989611111111">
<ele>28</ele>
</trkpt>
<trkpt lat="34.27345805555556" lon="134.29893611111112">
<ele>27</ele>
</trkpt>
<trkpt lat="34.273375" lon="134.29891111111112">
<ele>27</ele>
</trkpt>
<trkpt lat="34.27300805555556" lon="134.2986611111111">
<ele>23</ele>
</trkpt>
<trkpt lat="34.272875" lon="134.2986238888889">
<ele>23</ele>
</trkpt>
<trkpt lat="34.27275" lon="134.2986238888889">
<ele>22</ele>
</trkpt>
<trkpt lat="34.27215805555556" lon="134.2987361111111">
<ele>22</ele>
</trkpt>
<trkpt lat="34.272075" lon="134.2987611111111">
<ele>21</ele>
</trkpt>
<trkpt lat="34.271991944444444" lon="134.29879888888888">
<ele>22</ele>
</trkpt>
<trkpt lat="34.2719" lon="134.2988738888889">
<ele>22</ele>
</trkpt>
<trkpt lat="34.27180805555555" lon="134.2989861111111">
<ele>23</ele>
</trkpt>
<trkpt lat="34.27174194444444" lon="134.2991238888889">
<ele>25</ele>
</trkpt>
<trkpt lat="34.271625" lon="134.2996488888889">
<ele>27</ele>
</trkpt>
<trkpt lat="34.271566944444444" lon="134.2997738888889">
<ele>29</ele>
</trkpt>
<trkpt lat="34.2715" lon="134.2998861111111">
<ele>30</ele>
</trkpt>
<trkpt lat="34.271425" lon="134.29996111111112">
<ele>31</ele>
</trkpt>
<trkpt lat="34.271033055555556" lon="134.30018611111112">
<ele>33</ele>
</trkpt>
<trkpt lat="34.27102611111111" lon="134.30013194444444">
<ele>33</ele>
</trkpt>
<trkpt lat="34.27102611111111" lon="134.30013194444444">
<ele>33</ele>
</trkpt>
<trkpt lat="34.271033055555556" lon="134.30018611111112">
<ele>33</ele>
</trkpt>
<trkpt lat="34.2711" lon="134.3003238888889">
<ele>34</ele>
</trkpt>
<trkpt lat="34.27144194444445" lon="134.3008861111111">
<ele>39</ele>
</trkpt>
<trkpt lat="34.271608055555554" lon="134.30121111111112">
<ele>37</ele>
</trkpt>
<trkpt lat="34.2717" lon="134.3014488888889">
<ele>35</ele>
</trkpt>
<trkpt lat="34.27205" lon="134.30243611111112">
<ele>34</ele>
</trkpt>
<trkpt lat="34.27206694444445" lon="134.30254888888888">
<ele>34</ele>
</trkpt>
<trkpt lat="34.2721" lon="134.30287388888888">
<ele>36</ele>
</trkpt>
<trkpt lat="34.27211694444444" lon="134.3031611111111">
<ele>31</ele>
</trkpt>
<trkpt lat="34.272241944444445" lon="134.30354888888888">
<ele>32</ele>
</trkpt>
<trkpt lat="34.27240805555556" lon="134.30392305555554">
<ele>36</ele>
</trkpt>
<trkpt lat="34.2726" lon="134.3041861111111">
<ele>33</ele>
</trkpt>
<trkpt lat="34.27280805555556" lon="134.3043861111111">
<ele>33</ele>
</trkpt>
<trkpt lat="34.27299194444444" lon="134.30454805555556">
<ele>35</ele>
</trkpt>
<trkpt lat="34.27308305555555" lon="134.30461111111111">
<ele>36</ele>
</trkpt>
<trkpt lat="34.273175" lon="134.3046361111111">
<ele>33</ele>
</trkpt>
<trkpt lat="34.273525" lon="134.30469805555555">
<ele>33</ele>
</trkpt>
<trkpt lat="34.27364194444444" lon="134.3047361111111">
<ele>32</ele>
</trkpt>
<trkpt lat="34.27375" lon="134.30481111111112">
<ele>32</ele>
</trkpt>
<trkpt lat="34.27385" lon="134.30494805555554">
<ele>31</ele>
</trkpt>
<trkpt lat="34.2739" lon="134.30509805555556">
<ele>30</ele>
</trkpt>
<trkpt lat="34.2739" lon="134.30528611111112">
<ele>31</ele>
</trkpt>
<trkpt lat="34.27388305555556" lon="134.30539805555554">
<ele>33</ele>
</trkpt>
<trkpt lat="34.27384194444444" lon="134.3055361111111">
<ele>33</ele>
</trkpt>
<trkpt lat="34.273675" lon="134.3059111111111">
<ele>32</ele>
</trkpt>
<trkpt lat="34.27363305555556" lon="134.3060361111111">
<ele>33</ele>
</trkpt>
<trkpt lat="34.27361694444444" lon="134.30618611111112">
<ele>32</ele>
</trkpt>
<trkpt lat="34.27361694444444" lon="134.3064861111111">
<ele>33</ele>
</trkpt>
<trkpt lat="34.27365" lon="134.3067111111111">
<ele>33</ele>
</trkpt>
<trkpt lat="34.273808055555556" lon="134.3074861111111">
<ele>27</ele>
</trkpt>
<trkpt lat="34.27386694444444" lon="134.3078111111111">
<ele>28</ele>
</trkpt>
<trkpt lat="34.27390805555556" lon="134.3080111111111">
<ele>27</ele>
</trkpt>
<trkpt lat="34.273941944444445" lon="134.3082861111111">
<ele>28</ele>
</trkpt>
<trkpt lat="34.273983055555554" lon="134.3088111111111">
<ele>23</ele>
</trkpt>
<trkpt lat="34.273983055555554" lon="134.30921">
<ele>25</ele>
</trkpt>
<trkpt lat="34.273975" lon="134.30929805555556">
<ele>25</ele>
</trkpt>
<trkpt lat="34.27395" lon="134.309385">
<ele>25</ele>
</trkpt>
<trkpt lat="34.273833055555556" lon="134.30977305555555">
<ele>24</ele>
</trkpt>
<trkpt lat="34.27381694444444" lon="134.30992305555554">
<ele>23</ele>
</trkpt>
<trkpt lat="34.273825" lon="134.31017305555557">
<ele>26</ele>
</trkpt>
<trkpt lat="34.27386694444444" lon="134.31057305555555">
<ele>34</ele>
</trkpt>
<trkpt lat="34.27384194444444" lon="134.31079805555555">
<ele>32</ele>
</trkpt>
<trkpt lat="34.27375" lon="134.31107305555557">
<ele>33</ele>
</trkpt>
<trkpt lat="34.27315888888889" lon="134.31189805555556">
<ele>31</ele>
</trkpt>
<trkpt lat="34.273075" lon="134.311985">
<ele>33</ele>
</trkpt>
<trkpt lat="34.272866944444445" lon="134.31211">
<ele>34</ele>
</trkpt>
<trkpt lat="34.272691944444446" lon="134.312135">
<ele>32</ele>
</trkpt>
<trkpt lat="34.27249194444445" lon="134.31211">
<ele>35</ele>
</trkpt>
<trkpt lat="34.272425" lon="134.31212305555556">
<ele>33</ele>
</trkpt>
<trkpt lat="34.27235888888889" lon="134.31217305555555">
<ele>33</ele>
</trkpt>
<trkpt lat="34.272325" lon="134.31226">
<ele>34</ele>
</trkpt>
<trkpt lat="34.27231694444445" lon="134.31256">
<ele>34</ele>
</trkpt>
<trkpt lat="34.27229194444445" lon="134.31264694444445">
<ele>34</ele>
</trkpt>
<trkpt lat="34.27225" lon="134.31272305555555">
<ele>35</ele>
</trkpt>
<trkpt lat="34.271725" lon="134.31351">
<ele>36</ele>
</trkpt>
<trkpt lat="34.2717" lon="134.31469805555557">
<ele>45</ele>
</trkpt>
<trkpt lat="34.27164194444445" lon="134.31482305555556">
<ele>44</ele>
</trkpt>
<trkpt lat="34.27155888888889" lon="134.31492194444445">
<ele>41</ele>
</trkpt>
<trkpt lat="34.27125111111111" lon="134.31511">
<ele>35</ele>
</trkpt>
<trkpt lat="34.271141944444445" lon="134.31524694444445">
<ele>32</ele>
</trkpt>
<trkpt lat="34.270988055555556" lon="134.315555">
<ele>32</ele>
</trkpt>
<trkpt lat="34.270988055555556" lon="134.315555">
<ele>32</ele>
</trkpt>
<trkpt lat="34.27036694444445" lon="134.31679694444443">
<ele>34</ele>
</trkpt>
<trkpt lat="34.27025888888889" lon="134.31704694444446">
<ele>35</ele>
</trkpt>
<trkpt lat="34.27020111111111" lon="134.31727194444446">
<ele>35</ele>
</trkpt>
<trkpt lat="34.27018388888889" lon="134.317485">
<ele>34</ele>
</trkpt>
<trkpt lat="34.27021694444444" lon="134.31784694444445">
<ele>37</ele>
</trkpt>
<trkpt lat="34.270226111111114" lon="134.31796">
<ele>36</ele>
</trkpt>
<trkpt lat="34.27019194444444" lon="134.318035">
<ele>32</ele>
</trkpt>
<trkpt lat="34.27012611111111" lon="134.31809694444445">
<ele>32</ele>
</trkpt>
<trkpt lat="34.269841944444444" lon="134.31824694444444">
<ele>30</ele>
</trkpt>
<trkpt lat="34.26973388888889" lon="134.31832194444445">
<ele>31</ele>
</trkpt>
<trkpt lat="34.26934305555555" lon="134.31871">
<ele>21</ele>
</trkpt>
<trkpt lat="34.26891805555555" lon="134.31894694444443">
<ele>22</ele>
</trkpt>
<trkpt lat="34.26883388888889" lon="134.319035">
<ele>22</ele>
</trkpt>
<trkpt lat="34.268633888888886" lon="134.3194088888889">
<ele>22</ele>
</trkpt>
<trkpt lat="34.26848388888889" lon="134.3195838888889">
<ele>14</ele>
</trkpt>
<trkpt lat="34.268393055555556" lon="134.3196338888889">
<ele>13</ele>
</trkpt>
<trkpt lat="34.26829305555555" lon="134.3196338888889">
<ele>12</ele>
</trkpt>
<trkpt lat="34.268208888888886" lon="134.31955888888888">
<ele>11</ele>
</trkpt>
<trkpt lat="34.26813388888889" lon="134.31943388888888">
<ele>16</ele>
</trkpt>
<trkpt lat="34.26797611111111" lon="134.31861">
<ele>14</ele>
</trkpt>
<trkpt lat="34.26790111111111" lon="134.31844694444445">
<ele>15</ele>
</trkpt>
<trkpt lat="34.267783888888886" lon="134.31824694444444">
<ele>14</ele>
</trkpt>
<trkpt lat="34.26760888888889" lon="134.31804694444443">
<ele>12</ele>
</trkpt>
<trkpt lat="34.267468055555554" lon="134.317935">
<ele>13</ele>
</trkpt>
<trkpt lat="34.26730888888889" lon="134.31784694444445">
<ele>11</ele>
</trkpt>
<trkpt lat="34.26710888888889" lon="134.31781">
<ele>9</ele>
</trkpt>
<trkpt lat="34.26694305555556" lon="134.317835">
<ele>8</ele>
</trkpt>
<trkpt lat="34.26672611111111" lon="134.31789694444444">
<ele>8</ele>
</trkpt>
<trkpt lat="34.266283888888886" lon="134.31809694444445">
<ele>6</ele>
</trkpt>
<trkpt lat="34.26442611111111" lon="134.31886">
<ele>6</ele>
</trkpt>
<trkpt lat="34.26412611111111" lon="134.31899694444445">
<ele>5</ele>
</trkpt>
<trkpt lat="34.26390111111111" lon="134.319185">
<ele>5</ele>
</trkpt>
<trkpt lat="34.26371805555556" lon="134.319335">
<ele>4</ele>
</trkpt>
<trkpt lat="34.262885" lon="134.320285">
<ele>3</ele>
</trkpt>
<trkpt lat="34.26286" lon="134.32031">
<ele>3</ele>
</trkpt>
<trkpt lat="34.26256" lon="134.32066">
<ele>3</ele>
</trkpt>
<trkpt lat="34.26251805555555" lon="134.32069694444445">
<ele>3</ele>
</trkpt>
<trkpt lat="34.26161888888889" lon="134.32174694444444">
<ele>2</ele>
</trkpt>
<trkpt lat="34.26111888888889" lon="134.3223088888889">
<ele>2</ele>
</trkpt>
<trkpt lat="34.26086" lon="134.32260888888888">
<ele>2</ele>
</trkpt>
<trkpt lat="34.260735" lon="134.3227588888889">
<ele>2</ele>
</trkpt>
<trkpt lat="34.26061888888889" lon="134.3228838888889">
<ele>2</ele>
</trkpt>
<trkpt lat="34.26020194444445" lon="134.3233588888889">
<ele>2</ele>
</trkpt>
<trkpt lat="34.26001111111111" lon="134.32360888888888">
<ele>2</ele>
</trkpt>
<trkpt lat="34.259861111111114" lon="134.32384694444445">
<ele>2</ele>
</trkpt>
<trkpt lat="34.25965194444444" lon="134.32427194444443">
<ele>2</ele>
</trkpt>
<trkpt lat="34.25926111111111" lon="134.32510888888888">
<ele>2</ele>
</trkpt>
<trkpt lat="34.259101944444446" lon="134.32543388888888">
<ele>2</ele>
</trkpt>
<trkpt lat="34.259051944444444" lon="134.32552194444443">
<ele>2</ele>
</trkpt>
<trkpt lat="34.25844388888889" lon="134.32624694444445">
<ele>2</ele>
</trkpt>
<trkpt lat="34.25818611111111" lon="134.3266088888889">
<ele>1</ele>
</trkpt>
<trkpt lat="34.25787694444445" lon="134.3269838888889">
<ele>2</ele>
</trkpt>
<trkpt lat="34.257776944444444" lon="134.3272088888889">
<ele>2</ele>
</trkpt>
<trkpt lat="34.257776944444444" lon="134.32729694444444">
<ele>2</ele>
</trkpt>
<trkpt lat="34.25776111111111" lon="134.3274338888889">
<ele>2</ele>
</trkpt>
<trkpt lat="34.257843888888885" lon="134.3278961111111">
<ele>1</ele>
</trkpt>
<trkpt lat="34.25786111111111" lon="134.32817111111112">
<ele>1</ele>
</trkpt>
<trkpt lat="34.257843888888885" lon="134.3283211111111">
<ele>1</ele>
</trkpt>
<trkpt lat="34.25779388888889" lon="134.32852111111112">
<ele>1</ele>
</trkpt>
<trkpt lat="34.25746111111111" lon="134.3294338888889">
<ele>1</ele>
</trkpt>
<trkpt lat="34.25743611111111" lon="134.32950888888888">
<ele>1</ele>
</trkpt>
<trkpt lat="34.25724388888889" lon="134.3300211111111">
<ele>1</ele>
</trkpt>
<trkpt lat="34.25697805555556" lon="134.3307088888889">
<ele>1</ele>
</trkpt>
<trkpt lat="34.25685305555555" lon="134.3310461111111">
<ele>1</ele>
</trkpt>
<trkpt lat="34.25662805555555" lon="134.3316461111111">
<ele>1</ele>
</trkpt>
<trkpt lat="34.25661111111111" lon="134.33167111111112">
<ele>1</ele>
</trkpt>
<trkpt lat="34.25640305555556" lon="134.3322711111111">
<ele>1</ele>
</trkpt>
<trkpt lat="34.25638611111111" lon="134.3323088888889">
<ele>1</ele>
</trkpt>
<trkpt lat="34.25635305555556" lon="134.3324088888889">
<ele>1</ele>
</trkpt>
<trkpt lat="34.25691111111111" lon="134.33268388888888">
<ele>1</ele>
</trkpt>
<trkpt lat="34.25704388888889" lon="134.3327338888889">
<ele>1</ele>
</trkpt>
<trkpt lat="34.257218888888886" lon="134.33280888888888">
<ele>1</ele>
</trkpt>
<trkpt lat="34.25818611111111" lon="134.3333211111111">
<ele>0</ele>
</trkpt>
<trkpt lat="34.258305" lon="134.33342805555554">
<ele>0</ele>
</trkpt>
<trkpt lat="34.258305" lon="134.33342805555554">
<ele>0</ele>
</trkpt>
<trkpt lat="34.25835305555555" lon="134.33347111111112">
<ele>0</ele>
</trkpt>
<trkpt lat="34.258426944444444" lon="134.33358305555555">
<ele>0</ele>
</trkpt>
<trkpt lat="34.258451944444445" lon="134.3336711111111">
<ele>0</ele>
</trkpt>
<trkpt lat="34.25848611111111" lon="134.3337961111111">
<ele>0</ele>
</trkpt>
<trkpt lat="34.258493888888886" lon="134.33393305555555">
<ele>0</ele>
</trkpt>
<trkpt lat="34.258476944444446" lon="134.33408305555557">
<ele>0</ele>
</trkpt>
<trkpt lat="34.258476944444446" lon="134.3340961111111">
<ele>0</ele>
</trkpt>
<trkpt lat="34.258476944444446" lon="134.3341211111111">
<ele>0</ele>
</trkpt>
<trkpt lat="34.25843611111111" lon="134.3342461111111">
<ele>0</ele>
</trkpt>
<trkpt lat="34.257978055555554" lon="134.3349961111111">
<ele>0</ele>
</trkpt>
<trkpt lat="34.25761111111111" lon="134.33562111111112">
<ele>0</ele>
</trkpt>
<trkpt lat="34.256953055555556" lon="134.33664611111112">
<ele>0</ele>
</trkpt>
<trkpt lat="34.25671111111111" lon="134.33703305555557">
<ele>0</ele>
</trkpt>
<trkpt lat="34.256211111111114" lon="134.33767111111112">
<ele>0</ele>
</trkpt>
<trkpt lat="34.25590305555556" lon="134.3380461111111">
<ele>0</ele>
</trkpt>
<trkpt lat="34.255495" lon="134.33865805555556">
<ele>0</ele>
</trkpt>
<trkpt lat="34.255345" lon="134.33892111111112">
<ele>0</ele>
</trkpt>
<trkpt lat="34.25517" lon="134.33925805555555">
<ele>0</ele>
</trkpt>
<trkpt lat="34.25492805555555" lon="134.33975805555556">
<ele>0</ele>
</trkpt>
<trkpt lat="34.25486194444444" lon="134.33993305555555">
<ele>0</ele>
</trkpt>
<trkpt lat="34.25462" lon="134.34048305555555">
<ele>0</ele>
</trkpt>
<trkpt lat="34.254495" lon="134.34077">
<ele>0</ele>
</trkpt>
<trkpt lat="34.25438694444444" lon="134.34103305555556">
<ele>0</ele>
</trkpt>
<trkpt lat="34.25430305555555" lon="134.34122">
<ele>0</ele>
</trkpt>
<trkpt lat="34.25417" lon="134.341545">
<ele>0</ele>
</trkpt>
<trkpt lat="34.254128055555555" lon="134.34165805555557">
<ele>0</ele>
</trkpt>
<trkpt lat="34.25402805555556" lon="134.34218305555555">
<ele>0</ele>
</trkpt>
<trkpt lat="34.25398694444444" lon="134.342295">
<ele>0</ele>
</trkpt>
<trkpt lat="34.25387805555555" lon="134.34230805555555">
<ele>0</ele>
</trkpt>
<trkpt lat="34.25360305555556" lon="134.34227">
<ele>0</ele>
</trkpt>
<trkpt lat="34.25342888888889" lon="134.342245">
<ele>0</ele>
</trkpt>
<trkpt lat="34.25328694444445" lon="134.34223305555557">
<ele>0</ele>
</trkpt>
<trkpt lat="34.25291194444444" lon="134.34218305555555">
<ele>0</ele>
</trkpt>
<trkpt lat="34.25283694444445" lon="134.34218305555555">
<ele>0</ele>
</trkpt>
<trkpt lat="34.25277888888889" lon="134.34223305555557">
<ele>0</ele>
</trkpt>
<trkpt lat="34.252386944444446" lon="134.34288305555555">
<ele>0</ele>
</trkpt>
<trkpt lat="34.25226194444444" lon="134.34315694444444">
<ele>0</ele>
</trkpt>
<trkpt lat="34.252145" lon="134.34332">
<ele>0</ele>
</trkpt>
<trkpt lat="34.252045" lon="134.34348305555557">
<ele>0</ele>
</trkpt>
<trkpt lat="34.25178694444445" lon="134.34425694444445">
<ele>1</ele>
</trkpt>
<trkpt lat="34.25165388888889" lon="134.34465805555556">
<ele>1</ele>
</trkpt>
<trkpt lat="34.251553888888886" lon="134.34498305555556">
<ele>1</ele>
</trkpt>
<trkpt lat="34.25147111111111" lon="134.34525805555555">
<ele>1</ele>
</trkpt>
<trkpt lat="34.251421111111114" lon="134.345445">
<ele>1</ele>
</trkpt>
<trkpt lat="34.25138694444444" lon="134.34560694444446">
<ele>1</ele>
</trkpt>
<trkpt lat="34.25123694444444" lon="134.34635694444444">
<ele>1</ele>
</trkpt>
<trkpt lat="34.25120388888889" lon="134.346545">
<ele>1</ele>
</trkpt>
<trkpt lat="34.25117111111111" lon="134.346745">
<ele>1</ele>
</trkpt>
<trkpt lat="34.25112111111111" lon="134.34680694444444">
<ele>1</ele>
</trkpt>
<trkpt lat="34.25102111111111" lon="134.34685694444445">
<ele>1</ele>
</trkpt>
<trkpt lat="34.25098694444444" lon="134.34720694444445">
<ele>1</ele>
</trkpt>
<trkpt lat="34.25095388888889" lon="134.34735694444444">
<ele>1</ele>
</trkpt>
<trkpt lat="34.25092111111111" lon="134.34748194444444">
<ele>1</ele>
</trkpt>
<trkpt lat="34.25077888888889" lon="134.34780694444444">
<ele>1</ele>
</trkpt>
<trkpt lat="34.25032888888889" lon="134.34888194444446">
<ele>1</ele>
</trkpt>
<trkpt lat="34.249988055555555" lon="134.34969388888888">
<ele>1</ele>
</trkpt>
<trkpt lat="34.249563055555555" lon="134.35071888888888">
<ele>1</ele>
</trkpt>
<trkpt lat="34.24922888888889" lon="134.3515438888889">
<ele>1</ele>
</trkpt>
<trkpt lat="34.24906305555555" lon="134.35193194444443">
<ele>2</ele>
</trkpt>
<trkpt lat="34.24879611111111" lon="134.35255694444444">
<ele>2</ele>
</trkpt>
<trkpt lat="34.248688055555554" lon="134.3528188888889">
<ele>2</ele>
</trkpt>
<trkpt lat="34.24861305555556" lon="134.3530188888889">
<ele>2</ele>
</trkpt>
<trkpt lat="34.24852888888889" lon="134.35320694444445">
<ele>2</ele>
</trkpt>
<trkpt lat="34.24850388888889" lon="134.35325694444444">
<ele>2</ele>
</trkpt>
<trkpt lat="34.24814611111111" lon="134.35411888888888">
<ele>3</ele>
</trkpt>
<trkpt lat="34.248021111111115" lon="134.3544688888889">
<ele>3</ele>
</trkpt>
<trkpt lat="34.24800388888889" lon="134.3545188888889">
<ele>3</ele>
</trkpt>
<trkpt lat="34.24797888888889" lon="134.3546188888889">
<ele>3</ele>
</trkpt>
<trkpt lat="34.24795388888889" lon="134.35478111111112">
<ele>3</ele>
</trkpt>
<trkpt lat="34.24794611111111" lon="134.3549688888889">
<ele>3</ele>
</trkpt>
<trkpt lat="34.24795388888889" lon="134.3552061111111">
<ele>3</ele>
</trkpt>
<trkpt lat="34.24797111111111" lon="134.3553938888889">
<ele>3</ele>
</trkpt>
<trkpt lat="34.24824611111111" lon="134.3565561111111">
<ele>2</ele>
</trkpt>
<trkpt lat="34.24827888888889" lon="134.3566811111111">
<ele>2</ele>
</trkpt>
<trkpt lat="34.24875388888889" lon="134.35861888888888">
<ele>1</ele>
</trkpt>
<trkpt lat="34.24881305555556" lon="134.35888111111112">
<ele>1</ele>
</trkpt>
<trkpt lat="34.24883805555555" lon="134.3590438888889">
<ele>1</ele>
</trkpt>
<trkpt lat="34.24885388888889" lon="134.35929388888889">
<ele>1</ele>
</trkpt>
<trkpt lat="34.248871111111114" lon="134.3594938888889">
<ele>1</ele>
</trkpt>
<trkpt lat="34.24887888888889" lon="134.35974305555555">
<ele>1</ele>
</trkpt>
<trkpt lat="34.248871111111114" lon="134.36016805555556">
<ele>1</ele>
</trkpt>
<trkpt lat="34.24883805555555" lon="134.36046805555554">
<ele>1</ele>
</trkpt>
<trkpt lat="34.248805" lon="134.36071805555557">
<ele>1</ele>
</trkpt>
<trkpt lat="34.24878" lon="134.3608561111111">
<ele>1</ele>
</trkpt>
<trkpt lat="34.24873" lon="134.36114305555554">
<ele>1</ele>
</trkpt>
<trkpt lat="34.248655" lon="134.3616311111111">
<ele>1</ele>
</trkpt>
<trkpt lat="34.24859611111111" lon="134.36191805555555">
<ele>1</ele>
</trkpt>
<trkpt lat="34.24837111111111" lon="134.36316805555555">
<ele>2</ele>
</trkpt>
<trkpt lat="34.24828" lon="134.3636811111111">
<ele>1</ele>
</trkpt>
<trkpt lat="34.24816305555556" lon="134.3642311111111">
<ele>1</ele>
</trkpt>
<trkpt lat="34.24801305555555" lon="134.36493">
<ele>1</ele>
</trkpt>
<trkpt lat="34.247996111111114" lon="134.365105">
<ele>1</ele>
</trkpt>
<trkpt lat="34.247996111111114" lon="134.36519305555555">
<ele>1</ele>
</trkpt>
<trkpt lat="34.248038055555554" lon="134.36541805555555">
<ele>1</ele>
</trkpt>
<trkpt lat="34.248105" lon="134.36559305555556">
<ele>1</ele>
</trkpt>
<trkpt lat="34.24838805555556" lon="134.36606805555556">
<ele>1</ele>
</trkpt>
<trkpt lat="34.24852111111111" lon="134.366255">
<ele>0</ele>
</trkpt>
<trkpt lat="34.24862111111111" lon="134.36646805555554">
<ele>0</ele>
</trkpt>
<trkpt lat="34.248646111111114" lon="134.36658">
<ele>0</ele>
</trkpt>
<trkpt lat="34.248705" lon="134.366905">
<ele>0</ele>
</trkpt>
<trkpt lat="34.24878" lon="134.36729305555556">
<ele>0</ele>
</trkpt>
<trkpt lat="34.248871111111114" lon="134.367755">
<ele>0</ele>
</trkpt>
<trkpt lat="34.24899611111111" lon="134.36829305555557">
<ele>0</ele>
</trkpt>
<trkpt lat="34.249071111111114" lon="134.36863">
<ele>0</ele>
</trkpt>
<trkpt lat="34.24917111111111" lon="134.36906694444446">
<ele>0</ele>
</trkpt>
<trkpt lat="34.24922111111111" lon="134.36936694444444">
<ele>0</ele>
</trkpt>
<trkpt lat="34.249296111111114" lon="134.36966805555556">
<ele>0</ele>
</trkpt>
<trkpt lat="34.249355" lon="134.36988">
<ele>0</ele>
</trkpt>
<trkpt lat="34.24947111111111" lon="134.370155">
<ele>0</ele>
</trkpt>
<trkpt lat="34.248738055555556" lon="134.37046694444444">
<ele>1</ele>
</trkpt>
<trkpt lat="34.24823" lon="134.37069194444445">
<ele>1</ele>
</trkpt>
<trkpt lat="34.248155" lon="134.37074194444443">
<ele>1</ele>
</trkpt>
<trkpt lat="34.24821305555555" lon="134.370805">
<ele>1</ele>
</trkpt>
<trkpt lat="34.248246944444446" lon="134.37088">
<ele>1</ele>
</trkpt>
<trkpt lat="34.24848" lon="134.37159194444445">
<ele>2</ele>
</trkpt>
<trkpt lat="34.248705" lon="134.37221694444443">
<ele>2</ele>
</trkpt>
<trkpt lat="34.24873" lon="134.372305">
<ele>2</ele>
</trkpt>
<trkpt lat="34.24878805555556" lon="134.37248">
<ele>2</ele>
</trkpt>
<trkpt lat="34.249071111111114" lon="134.37321694444444">
<ele>2</ele>
</trkpt>
<trkpt lat="34.249138055555555" lon="134.3733038888889">
<ele>2</ele>
</trkpt>
<trkpt lat="34.24917111111111" lon="134.3733538888889">
<ele>2</ele>
</trkpt>
<trkpt lat="34.24933" lon="134.37384194444445">
<ele>2</ele>
</trkpt>
<trkpt lat="34.249338055555555" lon="134.37395388888888">
<ele>2</ele>
</trkpt>
<trkpt lat="34.249313055555554" lon="134.37421694444444">
<ele>3</ele>
</trkpt>
<trkpt lat="34.249305" lon="134.37436694444443">
<ele>3</ele>
</trkpt>
<trkpt lat="34.249305" lon="134.37439194444445">
<ele>3</ele>
</trkpt>
<trkpt lat="34.24933" lon="134.37464194444445">
<ele>3</ele>
</trkpt>
<trkpt lat="34.249388055555556" lon="134.3751038888889">
<ele>4</ele>
</trkpt>
<trkpt lat="34.24944611111111" lon="134.37562888888888">
<ele>5</ele>
</trkpt>
<trkpt lat="34.249505" lon="134.3759038888889">
<ele>6</ele>
</trkpt>
<trkpt lat="34.24957111111111" lon="134.3761288888889">
<ele>6</ele>
</trkpt>
<trkpt lat="34.249721111111114" lon="134.37645388888888">
<ele>7</ele>
</trkpt>
<trkpt lat="34.249755" lon="134.37651694444443">
<ele>7</ele>
</trkpt>
<trkpt lat="34.24983" lon="134.3766288888889">
<ele>7</ele>
</trkpt>
<trkpt lat="34.250005" lon="134.3768538888889">
<ele>7</ele>
</trkpt>
<trkpt lat="34.25044611111111" lon="134.3772538888889">
<ele>7</ele>
</trkpt>
<trkpt lat="34.25107111111111" lon="134.37779111111112">
<ele>8</ele>
</trkpt>
<trkpt lat="34.251288055555555" lon="134.3779911111111">
<ele>8</ele>
</trkpt>
<trkpt lat="34.25194611111111" lon="134.3785538888889">
<ele>7</ele>
</trkpt>
<trkpt lat="34.252363055555556" lon="134.3788911111111">
<ele>7</ele>
</trkpt>
<trkpt lat="34.25312111111111" lon="134.37939111111112">
<ele>6</ele>
</trkpt>
<trkpt lat="34.253278888888886" lon="134.37905388888888">
<ele>5</ele>
</trkpt>
<trkpt lat="34.25328805555556" lon="134.37905388888888">
<ele>5</ele>
</trkpt>
<trkpt lat="34.25340388888889" lon="134.37914111111112">
<ele>5</ele>
</trkpt>
<trkpt lat="34.25349611111111" lon="134.3791911111111">
<ele>5</ele>
</trkpt>
<trkpt lat="34.25376305555555" lon="134.37929111111112">
<ele>6</ele>
</trkpt>
<trkpt lat="34.25390194444444" lon="134.37935611111112">
<ele>5</ele>
</trkpt>
<trkpt lat="34.25390194444444" lon="134.37935611111112">
<ele>5</ele>
</trkpt>
<trkpt lat="34.25413694444445" lon="134.3794661111111">
<ele>4</ele>
</trkpt>
<trkpt lat="34.25430388888889" lon="134.3795288888889">
<ele>4</ele>
</trkpt>
<trkpt lat="34.25461305555555" lon="134.37961611111112">
<ele>4</ele>
</trkpt>
<trkpt lat="34.254936944444445" lon="134.37974111111112">
<ele>4</ele>
</trkpt>
<trkpt lat="34.25505388888889" lon="134.37949111111112">
<ele>4</ele>
</trkpt>
<trkpt lat="34.25507888888889" lon="134.3794288888889">
<ele>3</ele>
</trkpt>
<trkpt lat="34.25522111111111" lon="134.3791161111111">
<ele>3</ele>
</trkpt>
<trkpt lat="34.25532111111111" lon="134.3789538888889">
<ele>2</ele>
</trkpt>
<trkpt lat="34.25541194444445" lon="134.3788788888889">
<ele>2</ele>
</trkpt>
<trkpt lat="34.255563055555555" lon="134.3787538888889">
<ele>2</ele>
</trkpt>
<trkpt lat="34.25570388888889" lon="134.37869111111112">
<ele>2</ele>
</trkpt>
<trkpt lat="34.256236944444446" lon="134.3784161111111">
<ele>0</ele>
</trkpt>
<trkpt lat="34.25648694444445" lon="134.3784411111111">
<ele>0</ele>
</trkpt>
<trkpt lat="34.25656194444444" lon="134.37846611111112">
<ele>2</ele>
</trkpt>
<trkpt lat="34.256611944444444" lon="134.3785661111111">
<ele>3</ele>
</trkpt>
<trkpt lat="34.256796111111115" lon="134.37912888888889">
<ele>6</ele>
</trkpt>
<trkpt lat="34.25687111111111" lon="134.3794288888889">
<ele>6</ele>
</trkpt>
<trkpt lat="34.25687888888889" lon="134.3795288888889">
<ele>6</ele>
</trkpt>
<trkpt lat="34.256886944444446" lon="134.3797538888889">
<ele>7</ele>
</trkpt>
<trkpt lat="34.256903888888885" lon="134.3798161111111">
<ele>8</ele>
</trkpt>
<trkpt lat="34.25697111111111" lon="134.37994111111112">
<ele>8</ele>
</trkpt>
<trkpt lat="34.25709611111111" lon="134.38006611111112">
<ele>8</ele>
</trkpt>
<trkpt lat="34.25729611111111" lon="134.3803538888889">
<ele>8</ele>
</trkpt>
<trkpt lat="34.257353888888886" lon="134.38040388888888">
<ele>7</ele>
</trkpt>
<trkpt lat="34.25741194444444" lon="134.3804538888889">
<ele>7</ele>
</trkpt>
<trkpt lat="34.25757888888889" lon="134.38051611111112">
<ele>9</ele>
</trkpt>
<trkpt lat="34.25763694444444" lon="134.3805661111111">
<ele>8</ele>
</trkpt>
<trkpt lat="34.257911944444444" lon="134.38105388888889">
<ele>8</ele>
</trkpt>
<trkpt lat="34.25792111111111" lon="134.3811411111111">
<ele>7</ele>
</trkpt>
<trkpt lat="34.257911944444444" lon="134.38121611111112">
<ele>7</ele>
</trkpt>
<trkpt lat="34.257128888888886" lon="134.3826411111111">
<ele>4</ele>
</trkpt>
<trkpt lat="34.25707888888889" lon="134.38266611111112">
<ele>5</ele>
</trkpt>
<trkpt lat="34.256611944444444" lon="134.3827161111111">
<ele>9</ele>
</trkpt>
<trkpt lat="34.25632888888889" lon="134.38270305555557">
<ele>9</ele>
</trkpt>
<trkpt lat="34.25620388888889" lon="134.38270305555557">
<ele>10</ele>
</trkpt>
<trkpt lat="34.256163055555554" lon="134.38270305555557">
<ele>10</ele>
</trkpt>
<trkpt lat="34.25595388888889" lon="134.38262805555556">
<ele>8</ele>
</trkpt>
<trkpt lat="34.25577888888889" lon="134.38256611111112">
<ele>8</ele>
</trkpt>
<trkpt lat="34.255738055555554" lon="134.38252805555555">
<ele>9</ele>
</trkpt>
<trkpt lat="34.25570388888889" lon="134.38237805555556">
<ele>9</ele>
</trkpt>
<trkpt lat="34.255786944444445" lon="134.38212805555557">
<ele>9</ele>
</trkpt>
<trkpt lat="34.255786944444445" lon="134.38207805555555">
<ele>9</ele>
</trkpt>
<trkpt lat="34.255761944444444" lon="134.38205305555556">
<ele>11</ele>
</trkpt>
<trkpt lat="34.25571305555555" lon="134.3820411111111">
<ele>11</ele>
</trkpt>
<trkpt lat="34.25555388888889" lon="134.38220305555555">
<ele>15</ele>
</trkpt>
<trkpt lat="34.25550388888889" lon="134.38234111111112">
<ele>17</ele>
</trkpt>
<trkpt lat="34.25548805555555" lon="134.38242805555555">
<ele>17</ele>
</trkpt>
<trkpt lat="34.25554611111111" lon="134.38307805555556">
<ele>30</ele>
</trkpt>
<trkpt lat="34.255563055555555" lon="134.38315305555557">
<ele>25</ele>
</trkpt>
<trkpt lat="34.255588055555556" lon="134.3831911111111">
<ele>25</ele>
</trkpt>
<trkpt lat="34.255696111111114" lon="134.38320305555555">
<ele>23</ele>
</trkpt>
<trkpt lat="34.25583694444445" lon="134.38305305555556">
<ele>22</ele>
</trkpt>
<trkpt lat="34.25588805555556" lon="134.38302805555554">
<ele>22</ele>
</trkpt>
<trkpt lat="34.25595388888889" lon="134.38302805555554">
<ele>24</ele>
</trkpt>
<trkpt lat="34.25608694444445" lon="134.3830911111111">
<ele>25</ele>
</trkpt>
<trkpt lat="34.25613694444444" lon="134.38310305555555">
<ele>24</ele>
</trkpt>
<trkpt lat="34.25620388888889" lon="134.3830911111111">
<ele>24</ele>
</trkpt>
<trkpt lat="34.25638694444444" lon="134.38300305555555">
<ele>23</ele>
</trkpt>
<trkpt lat="34.256436944444445" lon="134.38297805555555">
<ele>20</ele>
</trkpt>
<trkpt lat="34.25649611111111" lon="134.38299111111112">
<ele>20</ele>
</trkpt>
<trkpt lat="34.25657888888889" lon="134.38302805555554">
<ele>24</ele>
</trkpt>
<trkpt lat="34.256636944444445" lon="134.38307805555556">
<ele>24</ele>
</trkpt>
<trkpt lat="34.25665388888889" lon="134.38312805555555">
<ele>26</ele>
</trkpt>
<trkpt lat="34.25664611111111" lon="134.38317805555556">
<ele>26</ele>
</trkpt>
<trkpt lat="34.25659611111111" lon="134.38322805555555">
<ele>24</ele>
</trkpt>
<trkpt lat="34.25635388888889" lon="134.38330305555556">
<ele>27</ele>
</trkpt>
<trkpt lat="34.25624611111111" lon="134.38336611111112">
<ele>28</ele>
</trkpt>
<trkpt lat="34.25587111111111" lon="134.3837411111111">
<ele>35</ele>
</trkpt>
<trkpt lat="34.25570388888889" lon="134.3839661111111">
<ele>36</ele>
</trkpt>
<trkpt lat="34.25541194444445" lon="134.38445305555555">
<ele>36</ele>
</trkpt>
<trkpt lat="34.255363055555556" lon="134.38452805555556">
<ele>36</ele>
</trkpt>
<trkpt lat="34.25503805555555" lon="134.3849661111111">
<ele>47</ele>
</trkpt>
<trkpt lat="34.25499611111111" lon="134.38505305555555">
<ele>50</ele>
</trkpt>
<trkpt lat="34.25494611111111" lon="134.38529111111112">
<ele>48</ele>
</trkpt>
<trkpt lat="34.25495388888889" lon="134.38539111111112">
<ele>48</ele>
</trkpt>
<trkpt lat="34.25498805555556" lon="134.3854661111111">
<ele>52</ele>
</trkpt>
<trkpt lat="34.25506305555555" lon="134.38549111111112">
<ele>53</ele>
</trkpt>
<trkpt lat="34.25524611111111" lon="134.38545305555556">
<ele>56</ele>
</trkpt>
<trkpt lat="34.25554611111111" lon="134.38529111111112">
<ele>51</ele>
</trkpt>
<trkpt lat="34.25560388888889" lon="134.38527805555555">
<ele>53</ele>
</trkpt>
<trkpt lat="34.255963055555554" lon="134.38525305555555">
<ele>54</ele>
</trkpt>
<trkpt lat="34.25604611111111" lon="134.38532805555556">
<ele>53</ele>
</trkpt>
<trkpt lat="34.256163055555554" lon="134.3856661111111">
<ele>56</ele>
</trkpt>
<trkpt lat="34.25617111111111" lon="134.38570305555555">
<ele>57</ele>
</trkpt>
<trkpt lat="34.25617111111111" lon="134.38597805555557">
<ele>55</ele>
</trkpt>
<trkpt lat="34.25615388888889" lon="134.38602805555556">
<ele>53</ele>
</trkpt>
<trkpt lat="34.25590388888889" lon="134.38622805555556">
<ele>54</ele>
</trkpt>
<trkpt lat="34.255853888888886" lon="134.38625305555556">
<ele>55</ele>
</trkpt>
<trkpt lat="34.25552111111111" lon="134.38627805555555">
<ele>60</ele>
</trkpt>
<trkpt lat="34.255386944444446" lon="134.38627805555555">
<ele>62</ele>
</trkpt>
<trkpt lat="34.25526305555555" lon="134.3862161111111">
<ele>66</ele>
</trkpt>
<trkpt lat="34.25514611111111" lon="134.3862411111111">
<ele>65</ele>
</trkpt>
<trkpt lat="34.25495388888889" lon="134.38640305555555">
<ele>66</ele>
</trkpt>
<trkpt lat="34.25489611111111" lon="134.38645305555556">
<ele>64</ele>
</trkpt>
<trkpt lat="34.25486305555555" lon="134.38652805555554">
<ele>67</ele>
</trkpt>
<trkpt lat="34.25485388888889" lon="134.3866661111111">
<ele>66</ele>
</trkpt>
<trkpt lat="34.25492888888889" lon="134.38686611111112">
<ele>62</ele>
</trkpt>
<trkpt lat="34.254936944444445" lon="134.3869161111111">
<ele>63</ele>
</trkpt>
<trkpt lat="34.25492111111111" lon="134.38697805555555">
<ele>63</ele>
</trkpt>
<trkpt lat="34.25486305555555" lon="134.3870161111111">
<ele>62</ele>
</trkpt>
<trkpt lat="34.25479611111111" lon="134.38702805555556">
<ele>62</ele>
</trkpt>
<trkpt lat="34.25457888888889" lon="134.38696611111112">
<ele>68</ele>
</trkpt>
<trkpt lat="34.25439611111111" lon="134.38700305555557">
<ele>65</ele>
</trkpt>
<trkpt lat="34.25393805555556" lon="134.38720305555555">
<ele>72</ele>
</trkpt>
<trkpt lat="34.25387888888889" lon="134.38722805555557">
<ele>73</ele>
</trkpt>
<trkpt lat="34.253703888888886" lon="134.3872411111111">
<ele>75</ele>
</trkpt>
<trkpt lat="34.25364611111111" lon="134.3872661111111">
<ele>77</ele>
</trkpt>
<trkpt lat="34.253371111111115" lon="134.3875661111111">
<ele>75</ele>
</trkpt>
<trkpt lat="34.253346111111114" lon="134.38762805555555">
<ele>75</ele>
</trkpt>
<trkpt lat="34.25333805555555" lon="134.3876911111111">
<ele>73</ele>
</trkpt>
<trkpt lat="34.253346111111114" lon="134.38776611111112">
<ele>73</ele>
</trkpt>
<trkpt lat="34.25337888888889" lon="134.3878411111111">
<ele>74</ele>
</trkpt>
<trkpt lat="34.253438055555556" lon="134.38787805555555">
<ele>74</ele>
</trkpt>
<trkpt lat="34.25351305555556" lon="134.38790305555557">
<ele>77</ele>
</trkpt>
<trkpt lat="34.25396305555556" lon="134.387915">
<ele>77</ele>
</trkpt>
<trkpt lat="34.25405388888889" lon="134.38792805555556">
<ele>76</ele>
</trkpt>
<trkpt lat="34.25413805555556" lon="134.387965">
<ele>74</ele>
</trkpt>
<trkpt lat="34.25421305555555" lon="134.388015">
<ele>76</ele>
</trkpt>
<trkpt lat="34.25425388888889" lon="134.38809">
<ele>73</ele>
</trkpt>
<trkpt lat="34.254288055555556" lon="134.388165">
<ele>74</ele>
</trkpt>
<trkpt lat="34.254288055555556" lon="134.38847805555557">
<ele>77</ele>
</trkpt>
<trkpt lat="34.254313055555556" lon="134.38857805555554">
<ele>78</ele>
</trkpt>
<trkpt lat="34.25441305555555" lon="134.38867805555554">
<ele>77</ele>
</trkpt>
<trkpt lat="34.25457111111111" lon="134.38872805555556">
<ele>72</ele>
</trkpt>
<trkpt lat="34.25462888888889" lon="134.38875305555555">
<ele>72</ele>
</trkpt>
<trkpt lat="34.25467111111111" lon="134.388815">
<ele>72</ele>
</trkpt>
<trkpt lat="34.25469611111111" lon="134.38890305555555">
<ele>73</ele>
</trkpt>
<trkpt lat="34.254688055555555" lon="134.38899">
<ele>73</ele>
</trkpt>
<trkpt lat="34.254646111111114" lon="134.389065">
<ele>74</ele>
</trkpt>
<trkpt lat="34.25391305555556" lon="134.38974">
<ele>73</ele>
</trkpt>
<trkpt lat="34.25387111111111" lon="134.38975305555556">
<ele>74</ele>
</trkpt>
<trkpt lat="34.253638055555555" lon="134.38957805555555">
<ele>76</ele>
</trkpt>
<trkpt lat="34.25357888888889" lon="134.38955305555555">
<ele>79</ele>
</trkpt>
<trkpt lat="34.25348805555556" lon="134.38957805555555">
<ele>78</ele>
</trkpt>
<trkpt lat="34.25337888888889" lon="134.38967805555555">
<ele>76</ele>
</trkpt>
<trkpt lat="34.25333805555555" lon="134.38972805555557">
<ele>76</ele>
</trkpt>
<trkpt lat="34.25329611111111" lon="134.389865">
<ele>77</ele>
</trkpt>
<trkpt lat="34.25337888888889" lon="134.390165">
<ele>75</ele>
</trkpt>
<trkpt lat="34.25337888888889" lon="134.390215">
<ele>75</ele>
</trkpt>
<trkpt lat="34.25335388888889" lon="134.39030305555556">
<ele>74</ele>
</trkpt>
<trkpt lat="34.25328805555556" lon="134.39037805555554">
<ele>77</ele>
</trkpt>
<trkpt lat="34.253205" lon="134.39044">
<ele>81</ele>
</trkpt>
<trkpt lat="34.253055" lon="134.39067805555555">
<ele>77</ele>
</trkpt>
<trkpt lat="34.25303" lon="134.39074">
<ele>77</ele>
</trkpt>
<trkpt lat="34.25303805555556" lon="134.39082805555555">
<ele>76</ele>
</trkpt>
<trkpt lat="34.253105" lon="134.39110305555556">
<ele>74</ele>
</trkpt>
<trkpt lat="34.25309611111111" lon="134.391165">
<ele>73</ele>
</trkpt>
<trkpt lat="34.25302111111111" lon="134.39129">
<ele>71</ele>
</trkpt>
<trkpt lat="34.252963055555554" lon="134.39134">
<ele>67</ele>
</trkpt>
<trkpt lat="34.252855" lon="134.39137805555555">
<ele>69</ele>
</trkpt>
<trkpt lat="34.252555" lon="134.39142694444445">
<ele>75</ele>
</trkpt>
<trkpt lat="34.25219611111111" lon="134.391715">
<ele>76</ele>
</trkpt>
<trkpt lat="34.25173" lon="134.391965">
<ele>72</ele>
</trkpt>
<trkpt lat="34.25158805555556" lon="134.39195305555555">
<ele>72</ele>
</trkpt>
<trkpt lat="34.25148" lon="134.39190194444444">
<ele>70</ele>
</trkpt>
<trkpt lat="34.251396944444444" lon="134.39180194444444">
<ele>71</ele>
</trkpt>
<trkpt lat="34.251305" lon="134.39155305555556">
<ele>77</ele>
</trkpt>
<trkpt lat="34.251221944444445" lon="134.39149">
<ele>75</ele>
</trkpt>
<trkpt lat="34.25093805555556" lon="134.39144">
<ele>75</ele>
</trkpt>
<trkpt lat="34.250613055555554" lon="134.39119">
<ele>77</ele>
</trkpt>
<trkpt lat="34.25053805555556" lon="134.39115305555555">
<ele>77</ele>
</trkpt>
<trkpt lat="34.25048805555556" lon="134.39117805555554">
<ele>77</ele>
</trkpt>
<trkpt lat="34.25046305555556" lon="134.39124">
<ele>78</ele>
</trkpt>
<trkpt lat="34.25046305555556" lon="134.391365">
<ele>80</ele>
</trkpt>
<trkpt lat="34.25053" lon="134.39169">
<ele>86</ele>
</trkpt>
<trkpt lat="34.250505" lon="134.39182805555555">
<ele>86</ele>
</trkpt>
<trkpt lat="34.250413055555555" lon="134.39209">
<ele>88</ele>
</trkpt>
<trkpt lat="34.25039694444445" lon="134.392215">
<ele>88</ele>
</trkpt>
<trkpt lat="34.250438055555556" lon="134.39232805555557">
<ele>89</ele>
</trkpt>
<trkpt lat="34.25051305555556" lon="134.39239">
<ele>89</ele>
</trkpt>
<trkpt lat="34.250605" lon="134.39242694444445">
<ele>86</ele>
</trkpt>
<trkpt lat="34.25064694444445" lon="134.39245305555556">
<ele>90</ele>
</trkpt>
<trkpt lat="34.25068" lon="134.392515">
<ele>85</ele>
</trkpt>
<trkpt lat="34.25073" lon="134.39270305555556">
<ele>90</ele>
</trkpt>
<trkpt lat="34.250796944444446" lon="134.392915">
<ele>82</ele>
</trkpt>
<trkpt lat="34.250796944444446" lon="134.39300194444445">
<ele>80</ele>
</trkpt>
<trkpt lat="34.250755" lon="134.393065">
<ele>82</ele>
</trkpt>
<trkpt lat="34.25068" lon="134.39307805555555">
<ele>82</ele>
</trkpt>
<trkpt lat="34.250613055555554" lon="134.39305194444444">
<ele>80</ele>
</trkpt>
<trkpt lat="34.250546944444444" lon="134.39299">
<ele>79</ele>
</trkpt>
<trkpt lat="34.25049694444444" lon="134.392865">
<ele>82</ele>
</trkpt>
<trkpt lat="34.25033805555555" lon="134.39265194444445">
<ele>85</ele>
</trkpt>
<trkpt lat="34.250238055555556" lon="134.39259">
<ele>83</ele>
</trkpt>
<trkpt lat="34.250155" lon="134.39259">
<ele>84</ele>
</trkpt>
<trkpt lat="34.250055" lon="134.39262805555555">
<ele>86</ele>
</trkpt>
<trkpt lat="34.249946944444446" lon="134.392715">
<ele>85</ele>
</trkpt>
<trkpt lat="34.24988" lon="134.39280194444444">
<ele>84</ele>
</trkpt>
<trkpt lat="34.249755" lon="134.393015">
<ele>83</ele>
</trkpt>
<trkpt lat="34.249696944444445" lon="134.393065">
<ele>83</ele>
</trkpt>
<trkpt lat="34.249655" lon="134.39315194444444">
<ele>86</ele>
</trkpt>
<trkpt lat="34.24963805555556" lon="134.39334">
<ele>86</ele>
</trkpt>
<trkpt lat="34.24963" lon="134.393565">
<ele>82</ele>
</trkpt>
<trkpt lat="34.249605" lon="134.393665">
<ele>82</ele>
</trkpt>
<trkpt lat="34.24954694444445" lon="134.393715">
<ele>78</ele>
</trkpt>
<trkpt lat="34.24946388888889" lon="134.39370305555556">
<ele>78</ele>
</trkpt>
<trkpt lat="34.24938" lon="134.39359">
<ele>82</ele>
</trkpt>
<trkpt lat="34.24931388888889" lon="134.39354">
<ele>85</ele>
</trkpt>
<trkpt lat="34.24922194444444" lon="134.393515">
<ele>84</ele>
</trkpt>
<trkpt lat="34.24913" lon="134.39355194444445">
<ele>84</ele>
</trkpt>
<trkpt lat="34.24896388888889" lon="134.39364">
<ele>82</ele>
</trkpt>
<trkpt lat="34.248755" lon="134.39385305555555">
<ele>76</ele>
</trkpt>
<trkpt lat="34.248705" lon="134.39389">
<ele>72</ele>
</trkpt>
<trkpt lat="34.248646944444445" lon="134.39389">
<ele>72</ele>
</trkpt>
<trkpt lat="34.24858" lon="134.393815">
<ele>74</ele>
</trkpt>
<trkpt lat="34.24854694444444" lon="134.393715">
<ele>74</ele>
</trkpt>
<trkpt lat="34.24848" lon="134.393515">
<ele>76</ele>
</trkpt>
<trkpt lat="34.248421944444445" lon="134.39340305555555">
<ele>73</ele>
</trkpt>
<trkpt lat="34.24838888888889" lon="134.393315">
<ele>74</ele>
</trkpt>
<trkpt lat="34.24838888888889" lon="134.39320305555555">
<ele>74</ele>
</trkpt>
<trkpt lat="34.248396944444444" lon="134.392965">
<ele>74</ele>
</trkpt>
<trkpt lat="34.248405" lon="134.39282805555555">
<ele>73</ele>
</trkpt>
<trkpt lat="34.24843888888889" lon="134.39270305555556">
<ele>72</ele>
</trkpt>
<trkpt lat="34.24851388888889" lon="134.392565">
<ele>76</ele>
</trkpt>
<trkpt lat="34.24854694444444" lon="134.392465">
<ele>75</ele>
</trkpt>
<trkpt lat="34.24853" lon="134.39227805555555">
<ele>73</ele>
</trkpt>
<trkpt lat="34.24846388888889" lon="134.39222805555556">
<ele>73</ele>
</trkpt>
<trkpt lat="34.24836388888889" lon="134.392215">
<ele>72</ele>
</trkpt>
<trkpt lat="34.248205" lon="134.39229">
<ele>64</ele>
</trkpt>
<trkpt lat="34.248038888888885" lon="134.39240305555555">
<ele>61</ele>
</trkpt>
<trkpt lat="34.24768888888889" lon="134.39274">
<ele>54</ele>
</trkpt>
<trkpt lat="34.247571944444445" lon="134.39280305555556">
<ele>52</ele>
</trkpt>
<trkpt lat="34.24738888888889" lon="134.39285305555555">
<ele>53</ele>
</trkpt>
<trkpt lat="34.24728888888889" lon="134.39287805555554">
<ele>52</ele>
</trkpt>
<trkpt lat="34.24722194444445" lon="134.39294">
<ele>50</ele>
</trkpt>
<trkpt lat="34.247213888888886" lon="134.393015">
<ele>50</ele>
</trkpt>
<trkpt lat="34.24723888888889" lon="134.39309">
<ele>50</ele>
</trkpt>
<trkpt lat="34.24728888888889" lon="134.39312694444445">
<ele>48</ele>
</trkpt>
<trkpt lat="34.24743888888889" lon="134.39310194444445">
<ele>50</ele>
</trkpt>
<trkpt lat="34.24758" lon="134.39300194444445">
<ele>48</ele>
</trkpt>
<trkpt lat="34.24772194444444" lon="134.39292694444444">
<ele>49</ele>
</trkpt>
<trkpt lat="34.24778888888889" lon="134.392915">
<ele>48</ele>
</trkpt>
<trkpt lat="34.24786388888889" lon="134.39292694444444">
<ele>48</ele>
</trkpt>
<trkpt lat="34.24794694444444" lon="134.39312694444445">
<ele>48</ele>
</trkpt>
<trkpt lat="34.24793888888889" lon="134.39324">
<ele>48</ele>
</trkpt>
<trkpt lat="34.247905" lon="134.393315">
<ele>48</ele>
</trkpt>
<trkpt lat="34.247821944444446" lon="134.39335305555556">
<ele>45</ele>
</trkpt>
<trkpt lat="34.24773" lon="134.39334">
<ele>41</ele>
</trkpt>
<trkpt lat="34.247605" lon="134.39330305555555">
<ele>43</ele>
</trkpt>
<trkpt lat="34.24753888888889" lon="134.39330305555555">
<ele>44</ele>
</trkpt>
<trkpt lat="34.247321944444444" lon="134.39339">
<ele>43</ele>
</trkpt>
<trkpt lat="34.24693111111111" lon="134.39370305555556">
<ele>37</ele>
</trkpt>
<trkpt lat="34.24653888888889" lon="134.39394">
<ele>32</ele>
</trkpt>
<trkpt lat="34.24641388888889" lon="134.39400194444445">
<ele>31</ele>
</trkpt>
<trkpt lat="34.246338888888886" lon="134.39405194444444">
<ele>31</ele>
</trkpt>
<trkpt lat="34.24628888888889" lon="134.394115">
<ele>31</ele>
</trkpt>
<trkpt lat="34.24626388888889" lon="134.394215">
<ele>31</ele>
</trkpt>
<trkpt lat="34.24626388888889" lon="134.39435194444445">
<ele>30</ele>
</trkpt>
<trkpt lat="34.24630611111111" lon="134.394465">
<ele>28</ele>
</trkpt>
<trkpt lat="34.24637194444445" lon="134.39455305555555">
<ele>30</ele>
</trkpt>
<trkpt lat="34.24644694444444" lon="134.394615">
<ele>29</ele>
</trkpt>
<trkpt lat="34.24649111111111" lon="134.39462694444444">
<ele>29</ele>
</trkpt>
<trkpt lat="34.24649111111111" lon="134.39462694444444">
<ele>29</ele>
</trkpt>
<trkpt lat="34.24653888888889" lon="134.39464">
<ele>29</ele>
</trkpt>
<trkpt lat="34.246631111111114" lon="134.39460305555556">
<ele>28</ele>
</trkpt>
<trkpt lat="34.24682194444444" lon="134.39437694444445">
<ele>28</ele>
</trkpt>
<trkpt lat="34.24690611111111" lon="134.39430194444444">
<ele>26</ele>
</trkpt>
<trkpt lat="34.24699694444445" lon="134.394265">
<ele>26</ele>
</trkpt>
<trkpt lat="34.24709694444444" lon="134.39427694444444">
<ele>25</ele>
</trkpt>
<trkpt lat="34.24722194444445" lon="134.39434">
<ele>23</ele>
</trkpt>
<trkpt lat="34.24730611111111" lon="134.39442694444443">
<ele>22</ele>
</trkpt>
<trkpt lat="34.247346944444445" lon="134.394515">
<ele>21</ele>
</trkpt>
<trkpt lat="34.247346944444445" lon="134.394615">
<ele>19</ele>
</trkpt>
<trkpt lat="34.247321944444444" lon="134.394665">
<ele>18</ele>
</trkpt>
<trkpt lat="34.24711388888889" lon="134.39485305555556">
<ele>15</ele>
</trkpt>
<trkpt lat="34.246896944444444" lon="134.39505194444445">
<ele>11</ele>
</trkpt>
<trkpt lat="34.246721944444445" lon="134.395065">
<ele>10</ele>
</trkpt>
<trkpt lat="34.24653888888889" lon="134.39500305555555">
<ele>9</ele>
</trkpt>
<trkpt lat="34.246471944444444" lon="134.39500305555555">
<ele>9</ele>
</trkpt>
<trkpt lat="34.24638111111111" lon="134.395015">
<ele>9</ele>
</trkpt>
<trkpt lat="34.246296944444445" lon="134.39500305555555">
<ele>9</ele>
</trkpt>
<trkpt lat="34.246006111111114" lon="134.39489">
<ele>9</ele>
</trkpt>
<trkpt lat="34.24593888888889" lon="134.39484">
<ele>9</ele>
</trkpt>
<trkpt lat="34.245846944444445" lon="134.39474">
<ele>9</ele>
</trkpt>
<trkpt lat="34.245781111111114" lon="134.39464">
<ele>9</ele>
</trkpt>
<trkpt lat="34.24568111111111" lon="134.394465">
<ele>9</ele>
</trkpt>
<trkpt lat="34.24552194444444" lon="134.394215">
<ele>9</ele>
</trkpt>
<trkpt lat="34.24518111111111" lon="134.39377694444445">
<ele>8</ele>
</trkpt>
<trkpt lat="34.24508888888889" lon="134.39367805555557">
<ele>8</ele>
</trkpt>
<trkpt lat="34.24496388888889" lon="134.39360305555556">
<ele>8</ele>
</trkpt>
<trkpt lat="34.24485611111111" lon="134.39360305555556">
<ele>8</ele>
</trkpt>
<trkpt lat="34.24472305555555" lon="134.393665">
<ele>8</ele>
</trkpt>
<trkpt lat="34.24401388888889" lon="134.394165">
<ele>8</ele>
</trkpt>
<trkpt lat="34.243856111111114" lon="134.39425194444445">
<ele>8</ele>
</trkpt>
<trkpt lat="34.243698055555555" lon="134.39429">
<ele>9</ele>
</trkpt>
<trkpt lat="34.24355611111111" lon="134.39430194444444">
<ele>9</ele>
</trkpt>
<trkpt lat="34.24337194444445" lon="134.394265">
<ele>9</ele>
</trkpt>
<trkpt lat="34.24323888888889" lon="134.394215">
<ele>9</ele>
</trkpt>
<trkpt lat="34.242913888888886" lon="134.39399">
<ele>9</ele>
</trkpt>
<trkpt lat="34.24272305555556" lon="134.39390305555557">
<ele>9</ele>
</trkpt>
<trkpt lat="34.24156388888889" lon="134.39350305555556">
<ele>9</ele>
</trkpt>
<trkpt lat="34.24136388888889" lon="134.39347805555556">
<ele>9</ele>
</trkpt>
<trkpt lat="34.24088111111111" lon="134.39355305555554">
<ele>9</ele>
</trkpt>
<trkpt lat="34.240715" lon="134.39355305555554">
<ele>9</ele>
</trkpt>
<trkpt lat="34.240615" lon="134.39354">
<ele>9</ele>
</trkpt>
<trkpt lat="34.24050611111111" lon="134.39349">
<ele>9</ele>
</trkpt>
<trkpt lat="34.240448055555554" lon="134.39345305555557">
<ele>9</ele>
</trkpt>
<trkpt lat="34.24038111111111" lon="134.39337805555556">
<ele>9</ele>
</trkpt>
<trkpt lat="34.240273055555555" lon="134.39319">
<ele>9</ele>
</trkpt>
<trkpt lat="34.24017305555556" lon="134.39294">
<ele>9</ele>
</trkpt>
<trkpt lat="34.240048055555555" lon="134.392765">
<ele>9</ele>
</trkpt>
<trkpt lat="34.23997305555555" lon="134.39270305555556">
<ele>8</ele>
</trkpt>
<trkpt lat="34.23979805555555" lon="134.39264">
<ele>8</ele>
</trkpt>
<trkpt lat="34.23939" lon="134.39260305555555">
<ele>8</ele>
</trkpt>
<trkpt lat="34.23914" lon="134.39257805555556">
<ele>8</ele>
</trkpt>
<trkpt lat="34.23903111111111" lon="134.3925911111111">
<ele>8</ele>
</trkpt>
<trkpt lat="34.23892305555555" lon="134.39260305555555">
<ele>8</ele>
</trkpt>
<trkpt lat="34.23835694444445" lon="134.39275305555554">
<ele>9</ele>
</trkpt>
<trkpt lat="34.238281944444445" lon="134.3928161111111">
<ele>8</ele>
</trkpt>
<trkpt lat="34.23822305555556" lon="134.39287805555554">
<ele>8</ele>
</trkpt>
<trkpt lat="34.23798194444444" lon="134.39329">
<ele>9</ele>
</trkpt>
<trkpt lat="34.23794" lon="134.39339">
<ele>8</ele>
</trkpt>
<trkpt lat="34.237915" lon="134.393515">
<ele>8</ele>
</trkpt>
<trkpt lat="34.237898055555554" lon="134.393665">
<ele>8</ele>
</trkpt>
<trkpt lat="34.237898055555554" lon="134.39392805555556">
<ele>8</ele>
</trkpt>
<trkpt lat="34.23789" lon="134.394015">
<ele>8</ele>
</trkpt>
<trkpt lat="34.23784805555555" lon="134.39414">
<ele>8</ele>
</trkpt>
<trkpt lat="34.237723055555556" lon="134.39434">
<ele>7</ele>
</trkpt>
<trkpt lat="34.237406944444444" lon="134.394765">
<ele>8</ele>
</trkpt>
<trkpt lat="34.23737305555556" lon="134.39480305555554">
<ele>8</ele>
</trkpt>
<trkpt lat="34.237315" lon="134.39482805555556">
<ele>8</ele>
</trkpt>
<trkpt lat="34.23725694444445" lon="134.39484">
<ele>8</ele>
</trkpt>
<trkpt lat="34.23714" lon="134.39482805555556">
<ele>9</ele>
</trkpt>
<trkpt lat="34.23668194444444" lon="134.394715">
<ele>8</ele>
</trkpt>
<trkpt lat="34.23654888888889" lon="134.394715">
<ele>7</ele>
</trkpt>
<trkpt lat="34.23637388888889" lon="134.39477805555555">
<ele>7</ele>
</trkpt>
<trkpt lat="34.235998888888886" lon="134.39502805555554">
<ele>9</ele>
</trkpt>
<trkpt lat="34.23544888888889" lon="134.39544">
<ele>8</ele>
</trkpt>
<trkpt lat="34.23529888888889" lon="134.395565">
<ele>8</ele>
</trkpt>
<trkpt lat="34.23517388888889" lon="134.39569">
<ele>8</ele>
</trkpt>
<trkpt lat="34.235015" lon="134.39584">
<ele>8</ele>
</trkpt>
<trkpt lat="34.23474" lon="134.39592805555554">
<ele>7</ele>
</trkpt>
<trkpt lat="34.23422388888889" lon="134.39604">
<ele>6</ele>
</trkpt>
<trkpt lat="34.23369111111111" lon="134.39609">
<ele>6</ele>
</trkpt>
<trkpt lat="34.233623888888886" lon="134.39609">
<ele>6</ele>
</trkpt>
<trkpt lat="34.233556944444445" lon="134.39610305555556">
<ele>6</ele>
</trkpt>
<trkpt lat="34.23294888888889" lon="134.39634">
<ele>7</ele>
</trkpt>
<trkpt lat="34.23285694444444" lon="134.39640305555557">
<ele>7</ele>
</trkpt>
<trkpt lat="34.232481944444444" lon="134.39675305555556">
<ele>8</ele>
</trkpt>
<trkpt lat="34.232416111111114" lon="134.39684">
<ele>7</ele>
</trkpt>
<trkpt lat="34.23238194444444" lon="134.39689">
<ele>7</ele>
</trkpt>
<trkpt lat="34.23233194444445" lon="134.39709">
<ele>6</ele>
</trkpt>
<trkpt lat="34.232308055555556" lon="134.39712805555556">
<ele>6</ele>
</trkpt>
<trkpt lat="34.23227388888889" lon="134.397165">
<ele>6</ele>
</trkpt>
<trkpt lat="34.23198305555555" lon="134.39725305555555">
<ele>5</ele>
</trkpt>
<trkpt lat="34.23149111111111" lon="134.397415">
<ele>7</ele>
</trkpt>
<trkpt lat="34.231256944444446" lon="134.397515">
<ele>8</ele>
</trkpt>
<trkpt lat="34.23081611111111" lon="134.39779">
<ele>9</ele>
</trkpt>
<trkpt lat="34.230758055555555" lon="134.39782805555555">
<ele>8</ele>
</trkpt>
<trkpt lat="34.23044888888889" lon="134.39804">
<ele>8</ele>
</trkpt>
<trkpt lat="34.23036611111111" lon="134.39809">
<ele>8</ele>
</trkpt>
<trkpt lat="34.22994111111111" lon="134.39837805555555">
<ele>9</ele>
</trkpt>
<trkpt lat="34.22982388888889" lon="134.39847805555556">
<ele>9</ele>
</trkpt>
<trkpt lat="34.22974888888889" lon="134.39855305555557">
<ele>9</ele>
</trkpt>
<trkpt lat="34.229708055555555" lon="134.39865305555554">
<ele>9</ele>
</trkpt>
<trkpt lat="34.229683055555554" lon="134.39877805555557">
<ele>9</ele>
</trkpt>
<trkpt lat="34.229641111111114" lon="134.39969">
<ele>8</ele>
</trkpt>
<trkpt lat="34.22961611111111" lon="134.399815">
<ele>8</ele>
</trkpt>
<trkpt lat="34.22959111111111" lon="134.39989">
<ele>8</ele>
</trkpt>
<trkpt lat="34.229441111111115" lon="134.40009">
<ele>8</ele>
</trkpt>
<trkpt lat="34.22894111111111" lon="134.400465">
<ele>9</ele>
</trkpt>
<trkpt lat="34.22884888888889" lon="134.40054">
<ele>9</ele>
</trkpt>
<trkpt lat="34.22874111111111" lon="134.40065305555555">
<ele>9</ele>
</trkpt>
<trkpt lat="34.2284" lon="134.40112805555555">
<ele>9</ele>
</trkpt>
<trkpt lat="34.22831611111111" lon="134.401265">
<ele>9</ele>
</trkpt>
<trkpt lat="34.228208055555555" lon="134.401365">
<ele>9</ele>
</trkpt>
<trkpt lat="34.228165" lon="134.401325">
<ele>9</ele>
</trkpt>
<trkpt lat="34.228165" lon="134.401325">
<ele>9</ele>
</trkpt>
<trkpt lat="34.228208055555555" lon="134.401365">
<ele>9</ele>
</trkpt>
<trkpt lat="34.22871611111111" lon="134.40175305555556">
<ele>8</ele>
</trkpt>
<trkpt lat="34.22911611111111" lon="134.40192694444445">
<ele>7</ele>
</trkpt>
<trkpt lat="34.22917388888889" lon="134.40197805555556">
<ele>7</ele>
</trkpt>
<trkpt lat="34.22927388888889" lon="134.40209">
<ele>7</ele>
</trkpt>
<trkpt lat="34.229458055555554" lon="134.40232694444444">
<ele>7</ele>
</trkpt>
<trkpt lat="34.22949111111111" lon="134.40239">
<ele>7</ele>
</trkpt>
<trkpt lat="34.22951611111111" lon="134.40244">
<ele>7</ele>
</trkpt>
<trkpt lat="34.22954111111111" lon="134.402615">
<ele>6</ele>
</trkpt>
<trkpt lat="34.229548888888885" lon="134.40269">
<ele>6</ele>
</trkpt>
<trkpt lat="34.22954111111111" lon="134.40274">
<ele>6</ele>
</trkpt>
<trkpt lat="34.22942388888889" lon="134.40322694444444">
<ele>5</ele>
</trkpt>
<trkpt lat="34.22942" lon="134.40329">
<ele>4</ele>
</trkpt>
<trkpt lat="34.22942" lon="134.40329">
<ele>4</ele>
</trkpt>
<trkpt lat="34.229416111111114" lon="134.40334">
<ele>4</ele>
</trkpt>
<trkpt lat="34.229348888888886" lon="134.40332694444444">
<ele>5</ele>
</trkpt>
<trkpt lat="34.22909111111111" lon="134.403265">
<ele>5</ele>
</trkpt>
<trkpt lat="34.22904694444444" lon="134.4032511111111">
<ele>5</ele>
</trkpt>
<trkpt lat="34.22904611111111" lon="134.4032511111111">
<ele>5</ele>
</trkpt>
<trkpt lat="34.22909111111111" lon="134.403265">
<ele>5</ele>
</trkpt>
<trkpt lat="34.22910805555556" lon="134.402915">
<ele>5</ele>
</trkpt>
<trkpt lat="34.22910805555556" lon="134.40272694444445">
<ele>6</ele>
</trkpt>
<trkpt lat="34.229083055555556" lon="134.40250194444445">
<ele>6</ele>
</trkpt>
<trkpt lat="34.229058055555555" lon="134.40242694444444">
<ele>6</ele>
</trkpt>
<trkpt lat="34.22904111111111" lon="134.40239">
<ele>6</ele>
</trkpt>
<trkpt lat="34.22887388888889" lon="134.40225305555555">
<ele>7</ele>
</trkpt>
<trkpt lat="34.22825" lon="134.40180305555555">
<ele>8</ele>
</trkpt>
<trkpt lat="34.2282" lon="134.40175305555556">
<ele>8</ele>
</trkpt>
<trkpt lat="34.22794694444445" lon="134.40147305555556">
<ele>9</ele>
</trkpt>
<trkpt lat="34.22794694444445" lon="134.40147305555556">
<ele>9</ele>
</trkpt>
<trkpt lat="34.227916111111114" lon="134.40144">
<ele>9</ele>
</trkpt>
<trkpt lat="34.22769111111111" lon="134.401165">
<ele>9</ele>
</trkpt>
<trkpt lat="34.22759111111111" lon="134.401015">
<ele>9</ele>
</trkpt>
<trkpt lat="34.22734111111111" lon="134.40057805555554">
<ele>9</ele>
</trkpt>
<trkpt lat="34.22725805555555" lon="134.40049">
<ele>9</ele>
</trkpt>
<trkpt lat="34.22716611111111" lon="134.40045305555554">
<ele>9</ele>
</trkpt>
<trkpt lat="34.22645" lon="134.40017805555556">
<ele>8</ele>
</trkpt>
<trkpt lat="34.2257" lon="134.399915">
<ele>8</ele>
</trkpt>
<trkpt lat="34.22564194444445" lon="134.39989694444444">
<ele>8</ele>
</trkpt>
<trkpt lat="34.22564194444445" lon="134.39989694444444">
<ele>8</ele>
</trkpt>
<trkpt lat="34.2257" lon="134.399915">
<ele>8</ele>
</trkpt>
<trkpt lat="34.22564194444445" lon="134.39920305555555">
<ele>8</ele>
</trkpt>
<trkpt lat="34.22558305555555" lon="134.3979911111111">
<ele>8</ele>
</trkpt>
<trkpt lat="34.225541944444444" lon="134.39750305555555">
<ele>7</ele>
</trkpt>
<trkpt lat="34.2255" lon="134.39670305555555">
<ele>7</ele>
</trkpt>
<trkpt lat="34.22548611111111" lon="134.3962788888889">
<ele>8</ele>
</trkpt>
<trkpt lat="34.22548611111111" lon="134.3962788888889">
<ele>8</ele>
</trkpt>
<trkpt lat="34.22548305555556" lon="134.39620305555556">
<ele>8</ele>
</trkpt>
<trkpt lat="34.22544194444445" lon="134.3960661111111">
<ele>8</ele>
</trkpt>
<trkpt lat="34.22535805555555" lon="134.39587805555556">
<ele>8</ele>
</trkpt>
<trkpt lat="34.224691944444444" lon="134.3945911111111">
<ele>8</ele>
</trkpt>
<trkpt lat="34.224525" lon="134.3942661111111">
<ele>7</ele>
</trkpt>
<trkpt lat="34.22435" lon="134.39397805555555">
<ele>7</ele>
</trkpt>
<trkpt lat="34.22416694444444" lon="134.39366611111112">
<ele>8</ele>
</trkpt>
<trkpt lat="34.22412305555556" lon="134.3935338888889">
<ele>9</ele>
</trkpt>
<trkpt lat="34.22412305555556" lon="134.3935338888889">
<ele>9</ele>
</trkpt>
<trkpt lat="34.224108055555554" lon="134.3934911111111">
<ele>9</ele>
</trkpt>
<trkpt lat="34.224075" lon="134.39337805555556">
<ele>9</ele>
</trkpt>
<trkpt lat="34.224066944444445" lon="134.39330305555555">
<ele>9</ele>
</trkpt>
<trkpt lat="34.224075" lon="134.39321611111112">
<ele>9</ele>
</trkpt>
<trkpt lat="34.224241944444444" lon="134.3924661111111">
<ele>9</ele>
</trkpt>
<trkpt lat="34.22425805555555" lon="134.39227805555555">
<ele>9</ele>
</trkpt>
<trkpt lat="34.22425805555555" lon="134.39219111111112">
<ele>9</ele>
</trkpt>
<trkpt lat="34.224248055555556" lon="134.3921061111111">
<ele>9</ele>
</trkpt>
<trkpt lat="34.224248055555556" lon="134.3921061111111">
<ele>9</ele>
</trkpt>
<trkpt lat="34.22423305555556" lon="134.3919911111111">
<ele>9</ele>
</trkpt>
<trkpt lat="34.22420805555556" lon="134.3919038888889">
<ele>9</ele>
</trkpt>
<trkpt lat="34.22395" lon="134.39126611111112">
<ele>8</ele>
</trkpt>
<trkpt lat="34.22392388888889" lon="134.39126305555556">
<ele>8</ele>
</trkpt>
<trkpt lat="34.22392388888889" lon="134.39126305555556">
<ele>8</ele>
</trkpt>
<trkpt lat="34.22385805555555" lon="134.39125388888888">
<ele>8</ele>
</trkpt>
<trkpt lat="34.22383305555555" lon="134.3912288888889">
<ele>8</ele>
</trkpt>
<trkpt lat="34.22375" lon="134.39102888888888">
<ele>8</ele>
</trkpt>
<trkpt lat="34.223625" lon="134.3907788888889">
<ele>8</ele>
</trkpt>
<trkpt lat="34.22356694444444" lon="134.3906411111111">
<ele>8</ele>
</trkpt>
<trkpt lat="34.22356388888889" lon="134.39063611111112">
<ele>8</ele>
</trkpt>
<trkpt lat="34.22356388888889" lon="134.39063611111112">
<ele>8</ele>
</trkpt>
<trkpt lat="34.22355" lon="134.39060388888888">
<ele>8</ele>
</trkpt>
<trkpt lat="34.223391944444444" lon="134.39024111111112">
<ele>8</ele>
</trkpt>
<trkpt lat="34.223325" lon="134.3901161111111">
<ele>8</ele>
</trkpt>
<trkpt lat="34.223241944444446" lon="134.38992888888887">
<ele>8</ele>
</trkpt>
<trkpt lat="34.2232" lon="134.38980388888888">
<ele>8</ele>
</trkpt>
<trkpt lat="34.22319805555556" lon="134.389795">
<ele>7</ele>
</trkpt>
<trkpt lat="34.22319805555556" lon="134.389795">
<ele>7</ele>
</trkpt>
<trkpt lat="34.22310805555556" lon="134.3893788888889">
<ele>6</ele>
</trkpt>
<trkpt lat="34.22311694444444" lon="134.38924111111112">
<ele>6</ele>
</trkpt>
<trkpt lat="34.223105" lon="134.3891911111111">
<ele>6</ele>
</trkpt>
<trkpt lat="34.223105" lon="134.3891911111111">
<ele>6</ele>
</trkpt>
<trkpt lat="34.223033055555554" lon="134.38887888888888">
<ele>7</ele>
</trkpt>
<trkpt lat="34.22286694444445" lon="134.38807888888888">
<ele>8</ele>
</trkpt>
<trkpt lat="34.22285" lon="134.38800388888887">
<ele>8</ele>
</trkpt>
<trkpt lat="34.22275805555556" lon="134.38764111111112">
<ele>8</ele>
</trkpt>
<trkpt lat="34.222658055555556" lon="134.3873911111111">
<ele>8</ele>
</trkpt>
<trkpt lat="34.22255805555555" lon="134.3870411111111">
<ele>9</ele>
</trkpt>
<trkpt lat="34.222525" lon="134.3868911111111">
<ele>9</ele>
</trkpt>
<trkpt lat="34.2225" lon="134.38674111111112">
<ele>9</ele>
</trkpt>
<trkpt lat="34.22244194444445" lon="134.3863411111111">
<ele>9</ele>
</trkpt>
<trkpt lat="34.222375" lon="134.3860038888889">
<ele>9</ele>
</trkpt>
<trkpt lat="34.222275" lon="134.3856661111111">
<ele>9</ele>
</trkpt>
<trkpt lat="34.22221694444445" lon="134.38559194444446">
<ele>9</ele>
</trkpt>
<trkpt lat="34.222183888888885" lon="134.38555805555555">
<ele>9</ele>
</trkpt>
<trkpt lat="34.222183888888885" lon="134.38555694444443">
<ele>9</ele>
</trkpt>
<trkpt lat="34.22213305555555" lon="134.38550388888888">
<ele>9</ele>
</trkpt>
<trkpt lat="34.222033055555556" lon="134.38544194444444">
<ele>10</ele>
</trkpt>
<trkpt lat="34.22155" lon="134.3851788888889">
<ele>10</ele>
</trkpt>
<trkpt lat="34.22114194444445" lon="134.38502888888888">
<ele>10</ele>
</trkpt>
<trkpt lat="34.220996944444444" lon="134.38496388888888">
<ele>10</ele>
</trkpt>
<trkpt lat="34.220996944444444" lon="134.38496388888888">
<ele>10</ele>
</trkpt>
<trkpt lat="34.220975" lon="134.3849538888889">
<ele>10</ele>
</trkpt>
<trkpt lat="34.22110888888889" lon="134.38464194444444">
<ele>10</ele>
</trkpt>
<trkpt lat="34.22107111111111" lon="134.3846088888889">
<ele>10</ele>
</trkpt>
<trkpt lat="34.22107111111111" lon="134.38460805555556">
<ele>10</ele>
</trkpt>
<trkpt lat="34.220925" lon="134.38447888888888">
<ele>10</ele>
</trkpt>
<trkpt lat="34.2207" lon="134.38421694444443">
<ele>10</ele>
</trkpt>
<trkpt lat="34.220483888888886" lon="134.3838288888889">
<ele>10</ele>
</trkpt>
<trkpt lat="34.220283888888886" lon="134.38334194444445">
<ele>10</ele>
</trkpt>
<trkpt lat="34.220125" lon="134.38297888888889">
<ele>11</ele>
</trkpt>
<trkpt lat="34.22005" lon="134.38275388888889">
<ele>11</ele>
</trkpt>
<trkpt lat="34.219975" lon="134.38256694444445">
<ele>12</ele>
</trkpt>
<trkpt lat="34.219625" lon="134.38169194444444">
<ele>13</ele>
</trkpt>
<trkpt lat="34.219541944444444" lon="134.38142888888888">
<ele>14</ele>
</trkpt>
<trkpt lat="34.219525" lon="134.38129194444446">
<ele>13</ele>
</trkpt>
<trkpt lat="34.21951694444444" lon="134.38106694444446">
<ele>13</ele>
</trkpt>
<trkpt lat="34.21958388888889" lon="134.3802538888889">
<ele>13</ele>
</trkpt>
<trkpt lat="34.21958388888889" lon="134.38014194444443">
<ele>13</ele>
</trkpt>
<trkpt lat="34.21955888888889" lon="134.3800038888889">
<ele>13</ele>
</trkpt>
<trkpt lat="34.21941694444445" lon="134.37974194444445">
<ele>13</ele>
</trkpt>
<trkpt lat="34.219225" lon="134.37951694444445">
<ele>13</ele>
</trkpt>
<trkpt lat="34.21900888888889" lon="134.37931694444444">
<ele>13</ele>
</trkpt>
<trkpt lat="34.218783888888886" lon="134.379105">
<ele>13</ele>
</trkpt>
<trkpt lat="34.21867611111111" lon="134.37894194444445">
<ele>13</ele>
</trkpt>
<trkpt lat="34.21860111111111" lon="134.37881694444445">
<ele>14</ele>
</trkpt>
<trkpt lat="34.218426111111114" lon="134.37834194444446">
<ele>14</ele>
</trkpt>
<trkpt lat="34.21817611111111" lon="134.37781694444445">
<ele>14</ele>
</trkpt>
<trkpt lat="34.21810888888889" lon="134.377705">
<ele>14</ele>
</trkpt>
<trkpt lat="34.21800888888889" lon="134.377605">
<ele>14</ele>
</trkpt>
<trkpt lat="34.21792611111111" lon="134.377555">
<ele>14</ele>
</trkpt>
<trkpt lat="34.21770111111111" lon="134.37751694444444">
<ele>14</ele>
</trkpt>
<trkpt lat="34.217616944444444" lon="134.37748">
<ele>15</ele>
</trkpt>
<trkpt lat="34.21756694444444" lon="134.37741694444443">
<ele>14</ele>
</trkpt>
<trkpt lat="34.21747611111111" lon="134.37719194444443">
<ele>15</ele>
</trkpt>
<trkpt lat="34.21738388888889" lon="134.37698">
<ele>16</ele>
</trkpt>
<trkpt lat="34.21733388888889" lon="134.37688">
<ele>16</ele>
</trkpt>
<trkpt lat="34.216991944444445" lon="134.37651694444443">
<ele>16</ele>
</trkpt>
<trkpt lat="34.21635888888889" lon="134.375905">
<ele>17</ele>
</trkpt>
<trkpt lat="34.21620111111111" lon="134.37578">
<ele>17</ele>
</trkpt>
<trkpt lat="34.21603388888889" lon="134.37569305555556">
<ele>17</ele>
</trkpt>
<trkpt lat="34.21460111111111" lon="134.37486694444445">
<ele>18</ele>
</trkpt>
<trkpt lat="34.21434305555555" lon="134.374705">
<ele>18</ele>
</trkpt>
<trkpt lat="34.21420888888889" lon="134.37464194444445">
<ele>19</ele>
</trkpt>
<trkpt lat="34.21405111111111" lon="134.37451694444445">
<ele>19</ele>
</trkpt>
<trkpt lat="34.21394194444444" lon="134.37441805555557">
<ele>19</ele>
</trkpt>
<trkpt lat="34.213816944444446" lon="134.37426694444446">
<ele>20</ele>
</trkpt>
<trkpt lat="34.21375888888889" lon="134.374105">
<ele>24</ele>
</trkpt>
<trkpt lat="34.21373388888889" lon="134.37393">
<ele>26</ele>
</trkpt>
<trkpt lat="34.21371805555555" lon="134.37376694444444">
<ele>26</ele>
</trkpt>
<trkpt lat="34.21367611111111" lon="134.37289305555555">
<ele>26</ele>
</trkpt>
<trkpt lat="34.21365111111111" lon="134.37238">
<ele>26</ele>
</trkpt>
<trkpt lat="34.21364194444445" lon="134.372305">
<ele>26</ele>
</trkpt>
<trkpt lat="34.213633888888886" lon="134.37216805555556">
<ele>25</ele>
</trkpt>
<trkpt lat="34.21357611111111" lon="134.37181805555556">
<ele>24</ele>
</trkpt>
<trkpt lat="34.21342611111111" lon="134.37098">
<ele>23</ele>
</trkpt>
<trkpt lat="34.21299194444445" lon="134.3688811111111">
<ele>26</ele>
</trkpt>
<trkpt lat="34.21277611111111" lon="134.36776805555556">
<ele>29</ele>
</trkpt>
<trkpt lat="34.212766944444446" lon="134.36769305555555">
<ele>29</ele>
</trkpt>
<trkpt lat="34.21258388888889" lon="134.36679305555555">
<ele>28</ele>
</trkpt>
<trkpt lat="34.21250111111111" lon="134.3663061111111">
<ele>28</ele>
</trkpt>
<trkpt lat="34.21248388888889" lon="134.36584305555556">
<ele>28</ele>
</trkpt>
<trkpt lat="34.21283388888889" lon="134.3640561111111">
<ele>32</ele>
</trkpt>
<trkpt lat="34.21288388888889" lon="134.36385611111112">
<ele>32</ele>
</trkpt>
<trkpt lat="34.212941944444445" lon="134.36369305555556">
<ele>31</ele>
</trkpt>
<trkpt lat="34.21301694444445" lon="134.3635561111111">
<ele>30</ele>
</trkpt>
<trkpt lat="34.213118055555555" lon="134.36339305555555">
<ele>34</ele>
</trkpt>
<trkpt lat="34.21313388888889" lon="134.3633561111111">
<ele>34</ele>
</trkpt>
<trkpt lat="34.213143055555555" lon="134.36324305555556">
<ele>34</ele>
</trkpt>
<trkpt lat="34.21303388888889" lon="134.36254305555556">
<ele>34</ele>
</trkpt>
<trkpt lat="34.21290888888889" lon="134.3619938888889">
<ele>35</ele>
</trkpt>
<trkpt lat="34.212893055555554" lon="134.3618938888889">
<ele>35</ele>
</trkpt>
<trkpt lat="34.21275111111111" lon="134.3614311111111">
<ele>34</ele>
</trkpt>
<trkpt lat="34.212716944444445" lon="134.3612811111111">
<ele>34</ele>
</trkpt>
<trkpt lat="34.21272611111111" lon="134.3611061111111">
<ele>34</ele>
</trkpt>
<trkpt lat="34.21280111111111" lon="134.3604938888889">
<ele>36</ele>
</trkpt>
<trkpt lat="34.212783888888886" lon="134.3602438888889">
<ele>36</ele>
</trkpt>
<trkpt lat="34.21245888888889" lon="134.35943111111112">
<ele>37</ele>
</trkpt>
<trkpt lat="34.21220888888889" lon="134.3589438888889">
<ele>38</ele>
</trkpt>
<trkpt lat="34.211908888888885" lon="134.3583811111111">
<ele>39</ele>
</trkpt>
<trkpt lat="34.21180888888889" lon="134.3581438888889">
<ele>39</ele>
</trkpt>
<trkpt lat="34.21175888888889" lon="134.3578938888889">
<ele>40</ele>
</trkpt>
<trkpt lat="34.21172611111111" lon="134.3576938888889">
<ele>43</ele>
</trkpt>
<trkpt lat="34.21167611111111" lon="134.3567688888889">
<ele>46</ele>
</trkpt>
<trkpt lat="34.21163388888889" lon="134.35625611111112">
<ele>48</ele>
</trkpt>
<trkpt lat="34.21154305555556" lon="134.3559938888889">
<ele>49</ele>
</trkpt>
<trkpt lat="34.21127611111111" lon="134.3553938888889">
<ele>49</ele>
</trkpt>
<trkpt lat="34.21106694444445" lon="134.35476888888888">
<ele>49</ele>
</trkpt>
<trkpt lat="34.21046805555556" lon="134.3526938888889">
<ele>58</ele>
</trkpt>
<trkpt lat="34.210368055555556" lon="134.35229388888888">
<ele>59</ele>
</trkpt>
<trkpt lat="34.21033388888889" lon="134.3520938888889">
<ele>59</ele>
</trkpt>
<trkpt lat="34.21031694444444" lon="134.35190694444444">
<ele>59</ele>
</trkpt>
<trkpt lat="34.21030888888889" lon="134.35129388888888">
<ele>63</ele>
</trkpt>
<trkpt lat="34.21028388888889" lon="134.35108194444445">
<ele>65</ele>
</trkpt>
<trkpt lat="34.210168055555556" lon="134.3506188888889">
<ele>69</ele>
</trkpt>
<trkpt lat="34.20968388888889" lon="134.34915694444445">
<ele>67</ele>
</trkpt>
<trkpt lat="34.20923388888889" lon="134.34807">
<ele>57</ele>
</trkpt>
<trkpt lat="34.20915888888889" lon="134.347895">
<ele>54</ele>
</trkpt>
<trkpt lat="34.209133888888886" lon="134.34770694444444">
<ele>52</ele>
</trkpt>
<trkpt lat="34.209133888888886" lon="134.34707">
<ele>47</ele>
</trkpt>
<trkpt lat="34.209133888888886" lon="134.34690694444444">
<ele>46</ele>
</trkpt>
<trkpt lat="34.20910111111111" lon="134.346745">
<ele>45</ele>
</trkpt>
<trkpt lat="34.20905111111111" lon="134.34662">
<ele>45</ele>
</trkpt>
<trkpt lat="34.20897611111111" lon="134.34645694444444">
<ele>44</ele>
</trkpt>
<trkpt lat="34.20877611111111" lon="134.346145">
<ele>47</ele>
</trkpt>
<trkpt lat="34.20870111111111" lon="134.34597">
<ele>47</ele>
</trkpt>
<trkpt lat="34.208668055555556" lon="134.34583305555554">
<ele>48</ele>
</trkpt>
<trkpt lat="34.208661944444444" lon="134.34574305555554">
<ele>48</ele>
</trkpt>
<trkpt lat="34.208661944444444" lon="134.34574305555554">
<ele>48</ele>
</trkpt>
<trkpt lat="34.20865888888889" lon="134.34570805555555">
<ele>49</ele>
</trkpt>
<trkpt lat="34.20871805555556" lon="134.344795">
<ele>49</ele>
</trkpt>
<trkpt lat="34.208801111111114" lon="134.34368194444446">
<ele>49</ele>
</trkpt>
<trkpt lat="34.20890111111111" lon="134.34230805555555">
<ele>52</ele>
</trkpt>
<trkpt lat="34.20890888888889" lon="134.340945">
<ele>50</ele>
</trkpt>
<trkpt lat="34.20890111111111" lon="134.34083305555555">
<ele>50</ele>
</trkpt>
<trkpt lat="34.20887611111111" lon="134.34068305555556">
<ele>50</ele>
</trkpt>
<trkpt lat="34.20874194444445" lon="134.34033305555556">
<ele>51</ele>
</trkpt>
<trkpt lat="34.20872611111111" lon="134.34027111111112">
<ele>51</ele>
</trkpt>
<trkpt lat="34.208691944444446" lon="134.34013305555555">
<ele>51</ele>
</trkpt>
<trkpt lat="34.20868388888889" lon="134.3399961111111">
<ele>52</ele>
</trkpt>
<trkpt lat="34.20867611111111" lon="134.3399711111111">
<ele>52</ele>
</trkpt>
<trkpt lat="34.20873388888889" lon="134.33972111111112">
<ele>53</ele>
</trkpt>
<trkpt lat="34.208841944444444" lon="134.33927111111112">
<ele>53</ele>
</trkpt>
<trkpt lat="34.20890888888889" lon="134.33905805555557">
<ele>52</ele>
</trkpt>
<trkpt lat="34.209001111111114" lon="134.33885805555556">
<ele>50</ele>
</trkpt>
<trkpt lat="34.20937611111111" lon="134.3381961111111">
<ele>47</ele>
</trkpt>
<trkpt lat="34.20955111111111" lon="134.33790805555554">
<ele>47</ele>
</trkpt>
<trkpt lat="34.20959194444445" lon="134.3377461111111">
<ele>47</ele>
</trkpt>
<trkpt lat="34.209583888888886" lon="134.33735805555557">
<ele>49</ele>
</trkpt>
<trkpt lat="34.209451111111115" lon="134.33642111111112">
<ele>49</ele>
</trkpt>
<trkpt lat="34.20940111111111" lon="134.33613305555556">
<ele>49</ele>
</trkpt>
<trkpt lat="34.209268055555555" lon="134.33573305555555">
<ele>45</ele>
</trkpt>
<trkpt lat="34.20910888888889" lon="134.33515805555555">
<ele>40</ele>
</trkpt>
<trkpt lat="34.209066944444444" lon="134.33495805555555">
<ele>39</ele>
</trkpt>
<trkpt lat="34.20905111111111" lon="134.3345461111111">
<ele>38</ele>
</trkpt>
<trkpt lat="34.20910888888889" lon="134.33425888888888">
<ele>38</ele>
</trkpt>
<trkpt lat="34.20912611111111" lon="134.33415888888888">
<ele>37</ele>
</trkpt>
<trkpt lat="34.20953388888889" lon="134.3331211111111">
<ele>35</ele>
</trkpt>
<trkpt lat="34.20970888888889" lon="134.33267111111113">
<ele>35</ele>
</trkpt>
<trkpt lat="34.20975888888889" lon="134.3324338888889">
<ele>36</ele>
</trkpt>
<trkpt lat="34.20990111111111" lon="134.33108388888888">
<ele>36</ele>
</trkpt>
<trkpt lat="34.209941944444445" lon="134.3308461111111">
<ele>35</ele>
</trkpt>
<trkpt lat="34.20990111111111" lon="134.3305711111111">
<ele>35</ele>
</trkpt>
<trkpt lat="34.209851111111114" lon="134.3303838888889">
<ele>35</ele>
</trkpt>
<trkpt lat="34.20972611111111" lon="134.3301588888889">
<ele>36</ele>
</trkpt>
<trkpt lat="34.20953" lon="134.32995888888888">
<ele>37</ele>
</trkpt>
<trkpt lat="34.20953" lon="134.32995888888888">
<ele>37</ele>
</trkpt>
<trkpt lat="34.20938388888889" lon="134.3298088888889">
<ele>38</ele>
</trkpt>
<trkpt lat="34.20915111111111" lon="134.3295588888889">
<ele>38</ele>
</trkpt>
<trkpt lat="34.20885111111111" lon="134.32924694444444">
<ele>37</ele>
</trkpt>
<trkpt lat="34.20853388888889" lon="134.32894694444445">
<ele>38</ele>
</trkpt>
<trkpt lat="34.20818388888889" lon="134.3286338888889">
<ele>38</ele>
</trkpt>
<trkpt lat="34.20791805555555" lon="134.32838388888888">
<ele>39</ele>
</trkpt>
<trkpt lat="34.20755888888889" lon="134.32799694444444">
<ele>45</ele>
</trkpt>
<trkpt lat="34.20747611111111" lon="134.32790888888889">
<ele>48</ele>
</trkpt>
<trkpt lat="34.20729305555555" lon="134.32772194444445">
<ele>48</ele>
</trkpt>
<trkpt lat="34.206716944444445" lon="134.3268588888889">
<ele>47</ele>
</trkpt>
<trkpt lat="34.206583888888886" lon="134.32672194444444">
<ele>47</ele>
</trkpt>
<trkpt lat="34.206451111111114" lon="134.32662194444444">
<ele>48</ele>
</trkpt>
<trkpt lat="34.20627611111111" lon="134.32652194444444">
<ele>47</ele>
</trkpt>
<trkpt lat="34.20611805555556" lon="134.32644694444446">
<ele>48</ele>
</trkpt>
<trkpt lat="34.205868055555555" lon="134.32632194444443">
<ele>46</ele>
</trkpt>
<trkpt lat="34.20579305555555" lon="134.3262838888889">
<ele>46</ele>
</trkpt>
<trkpt lat="34.20568388888889" lon="134.32623388888888">
<ele>47</ele>
</trkpt>
<trkpt lat="34.205576111111114" lon="134.32610888888888">
<ele>44</ele>
</trkpt>
<trkpt lat="34.205508888888886" lon="134.32599694444446">
<ele>44</ele>
</trkpt>
<trkpt lat="34.205418055555555" lon="134.32579694444445">
<ele>43</ele>
</trkpt>
<trkpt lat="34.204951111111114" lon="134.3247838888889">
<ele>41</ele>
</trkpt>
<trkpt lat="34.204768055555554" lon="134.32441">
<ele>44</ele>
</trkpt>
<trkpt lat="34.20451805555555" lon="134.32389694444444">
<ele>45</ele>
</trkpt>
<trkpt lat="34.20445111111111" lon="134.32371">
<ele>44</ele>
</trkpt>
<trkpt lat="34.20444305555556" lon="134.32354694444444">
<ele>46</ele>
</trkpt>
<trkpt lat="34.20447611111111" lon="134.32299694444444">
<ele>45</ele>
</trkpt>
<trkpt lat="34.20450888888889" lon="134.322435">
<ele>44</ele>
</trkpt>
<trkpt lat="34.204543055555554" lon="134.32224694444446">
<ele>44</ele>
</trkpt>
<trkpt lat="34.20462611111111" lon="134.32189805555555">
<ele>44</ele>
</trkpt>
<trkpt lat="34.204858888888886" lon="134.32117194444444">
<ele>44</ele>
</trkpt>
<trkpt lat="34.20494305555555" lon="134.32084805555556">
<ele>43</ele>
</trkpt>
<trkpt lat="34.205151111111114" lon="134.32012194444445">
<ele>45</ele>
</trkpt>
<trkpt lat="34.20522611111111" lon="134.31971">
<ele>46</ele>
</trkpt>
<trkpt lat="34.20525888888889" lon="134.31936">
<ele>47</ele>
</trkpt>
<trkpt lat="34.205283888888886" lon="134.31909805555554">
<ele>47</ele>
</trkpt>
<trkpt lat="34.20530888888889" lon="134.31881">
<ele>48</ele>
</trkpt>
<trkpt lat="34.20535111111111" lon="134.31796">
<ele>47</ele>
</trkpt>
<trkpt lat="34.205393055555554" lon="134.31692305555555">
<ele>47</ele>
</trkpt>
<trkpt lat="34.205376111111114" lon="134.31681111111112">
<ele>47</ele>
</trkpt>
<trkpt lat="34.20486694444445" lon="134.31494805555556">
<ele>50</ele>
</trkpt>
<trkpt lat="34.20483388888889" lon="134.31484805555556">
<ele>50</ele>
</trkpt>
<trkpt lat="34.204768055555554" lon="134.31477305555555">
<ele>50</ele>
</trkpt>
<trkpt lat="34.204726111111114" lon="134.31469805555557">
<ele>50</ele>
</trkpt>
<trkpt lat="34.203783888888886" lon="134.31362305555555">
<ele>55</ele>
</trkpt>
<trkpt lat="34.203718055555555" lon="134.31353611111112">
<ele>56</ele>
</trkpt>
<trkpt lat="34.20352611111111" lon="134.31296111111112">
<ele>55</ele>
</trkpt>
<trkpt lat="34.20338388888889" lon="134.31253611111111">
<ele>54</ele>
</trkpt>
<trkpt lat="34.20335111111111" lon="134.31247305555556">
<ele>54</ele>
</trkpt>
<trkpt lat="34.203293055555555" lon="134.31241111111112">
<ele>54</ele>
</trkpt>
<trkpt lat="34.20308388888889" lon="134.31219805555557">
<ele>55</ele>
</trkpt>
<trkpt lat="34.20287611111111" lon="134.31192305555555">
<ele>55</ele>
</trkpt>
<trkpt lat="34.20265888888889" lon="134.3115611111111">
<ele>54</ele>
</trkpt>
<trkpt lat="34.202376111111114" lon="134.31079888888888">
<ele>56</ele>
</trkpt>
<trkpt lat="34.20229305555556" lon="134.31057388888888">
<ele>57</ele>
</trkpt>
<trkpt lat="34.20220888888889" lon="134.31026111111112">
<ele>59</ele>
</trkpt>
<trkpt lat="34.20220111111111" lon="134.31013611111112">
<ele>59</ele>
</trkpt>
<trkpt lat="34.20222611111111" lon="134.30999888888888">
<ele>58</ele>
</trkpt>
<trkpt lat="34.20233388888889" lon="134.30967388888888">
<ele>58</ele>
</trkpt>
<trkpt lat="34.20245888888889" lon="134.3093738888889">
<ele>58</ele>
</trkpt>
<trkpt lat="34.202508888888886" lon="134.3091988888889">
<ele>59</ele>
</trkpt>
<trkpt lat="34.202508888888886" lon="134.30891111111112">
<ele>60</ele>
</trkpt>
<trkpt lat="34.202443055555555" lon="134.3086111111111">
<ele>61</ele>
</trkpt>
<trkpt lat="34.20242611111111" lon="134.30853611111112">
<ele>61</ele>
</trkpt>
<trkpt lat="34.20233388888889" lon="134.3079488888889">
<ele>62</ele>
</trkpt>
<trkpt lat="34.20234305555555" lon="134.3075988888889">
<ele>62</ele>
</trkpt>
<trkpt lat="34.20236805555555" lon="134.3074738888889">
<ele>62</ele>
</trkpt>
<trkpt lat="34.202601111111115" lon="134.30671194444446">
<ele>61</ele>
</trkpt>
<trkpt lat="34.20279305555555" lon="134.30601194444444">
<ele>61</ele>
</trkpt>
<trkpt lat="34.20279305555555" lon="134.30591194444443">
<ele>61</ele>
</trkpt>
<trkpt lat="34.20277" lon="134.30566694444445">
<ele>61</ele>
</trkpt>
<trkpt lat="34.20277" lon="134.30566694444445">
<ele>61</ele>
</trkpt>
<trkpt lat="34.202708888888885" lon="134.30501194444443">
<ele>62</ele>
</trkpt>
<trkpt lat="34.20265888888889" lon="134.3045238888889">
<ele>62</ele>
</trkpt>
<trkpt lat="34.20265888888889" lon="134.30441194444444">
<ele>62</ele>
</trkpt>
<trkpt lat="34.202708888888885" lon="134.3041988888889">
<ele>62</ele>
</trkpt>
<trkpt lat="34.20277611111111" lon="134.30408694444444">
<ele>62</ele>
</trkpt>
<trkpt lat="34.202868055555555" lon="134.30393694444444">
<ele>61</ele>
</trkpt>
<trkpt lat="34.20245111111111" lon="134.30356194444445">
<ele>63</ele>
</trkpt>
<trkpt lat="34.20235888888889" lon="134.3034738888889">
<ele>64</ele>
</trkpt>
<trkpt lat="34.20218388888889" lon="134.3032738888889">
<ele>65</ele>
</trkpt>
<trkpt lat="34.20206694444445" lon="134.30318694444443">
<ele>66</ele>
</trkpt>
<trkpt lat="34.20190888888889" lon="134.30276194444446">
<ele>66</ele>
</trkpt>
<trkpt lat="34.20186694444445" lon="134.30256194444445">
<ele>66</ele>
</trkpt>
<trkpt lat="34.201841944444446" lon="134.30229888888888">
<ele>63</ele>
</trkpt>
<trkpt lat="34.20183388888889" lon="134.30209888888888">
<ele>63</ele>
</trkpt>
<trkpt lat="34.20180111111111" lon="134.301825">
<ele>63</ele>
</trkpt>
<trkpt lat="34.20153388888889" lon="134.30128694444446">
<ele>64</ele>
</trkpt>
<trkpt lat="34.20137611111111" lon="134.301025">
<ele>64</ele>
</trkpt>
<trkpt lat="34.201191944444446" lon="134.300775">
<ele>66</ele>
</trkpt>
<trkpt lat="34.20108388888889" lon="134.30063694444445">
<ele>68</ele>
</trkpt>
<trkpt lat="34.20095888888889" lon="134.30053694444445">
<ele>69</ele>
</trkpt>
<trkpt lat="34.20083388888889" lon="134.300475">
<ele>70</ele>
</trkpt>
<trkpt lat="34.200716944444444" lon="134.30038694444445">
<ele>71</ele>
</trkpt>
<trkpt lat="34.20063388888889" lon="134.300275">
<ele>71</ele>
</trkpt>
<trkpt lat="34.20060888888889" lon="134.30013694444443">
<ele>72</ele>
</trkpt>
<trkpt lat="34.20056694444445" lon="134.29998694444444">
<ele>75</ele>
</trkpt>
<trkpt lat="34.20021805555555" lon="134.29923694444443">
<ele>76</ele>
</trkpt>
<trkpt lat="34.20010888888889" lon="134.299025">
<ele>78</ele>
</trkpt>
<trkpt lat="34.19995111111111" lon="134.29871194444445">
<ele>80</ele>
</trkpt>
<trkpt lat="34.19980888888889" lon="134.29845">
<ele>82</ele>
</trkpt>
<trkpt lat="34.19968388888889" lon="134.29835">
<ele>83</ele>
</trkpt>
<trkpt lat="34.199618055555554" lon="134.29831305555555">
<ele>84</ele>
</trkpt>
<trkpt lat="34.19945111111111" lon="134.29826305555557">
<ele>83</ele>
</trkpt>
<trkpt lat="34.19929305555556" lon="134.298175">
<ele>81</ele>
</trkpt>
<trkpt lat="34.19925111111111" lon="134.298075">
<ele>82</ele>
</trkpt>
<trkpt lat="34.19916805555555" lon="134.29748694444444">
<ele>85</ele>
</trkpt>
<trkpt lat="34.19900111111111" lon="134.29703805555556">
<ele>94</ele>
</trkpt>
<trkpt lat="34.19894305555555" lon="134.2966">
<ele>95</ele>
</trkpt>
<trkpt lat="34.19892611111111" lon="134.29641305555555">
<ele>96</ele>
</trkpt>
<trkpt lat="34.19890111111111" lon="134.296125">
<ele>96</ele>
</trkpt>
<trkpt lat="34.19894305555555" lon="134.295625">
<ele>93</ele>
</trkpt>
<trkpt lat="34.19897611111111" lon="134.2952">
<ele>94</ele>
</trkpt>
<trkpt lat="34.19893388888889" lon="134.29495">
<ele>96</ele>
</trkpt>
<trkpt lat="34.19884305555556" lon="134.29471305555555">
<ele>95</ele>
</trkpt>
<trkpt lat="34.19875888888889" lon="134.294525">
<ele>95</ele>
</trkpt>
<trkpt lat="34.19866805555556" lon="134.29433805555556">
<ele>96</ele>
</trkpt>
<trkpt lat="34.19847611111111" lon="134.29405111111112">
<ele>96</ele>
</trkpt>
<trkpt lat="34.19824305555556" lon="134.29368805555555">
<ele>96</ele>
</trkpt>
<trkpt lat="34.198101111111114" lon="134.29345111111112">
<ele>95</ele>
</trkpt>
<trkpt lat="34.19784305555556" lon="134.2929511111111">
<ele>97</ele>
</trkpt>
<trkpt lat="34.19770111111111" lon="134.2927011111111">
<ele>96</ele>
</trkpt>
<trkpt lat="34.197493055555555" lon="134.29236305555557">
<ele>96</ele>
</trkpt>
<trkpt lat="34.19737611111111" lon="134.29218805555556">
<ele>97</ele>
</trkpt>
<trkpt lat="34.19713388888889" lon="134.29191305555557">
<ele>95</ele>
</trkpt>
<trkpt lat="34.19655111111111" lon="134.29141305555555">
<ele>95</ele>
</trkpt>
<trkpt lat="34.196508888888886" lon="134.29136305555556">
<ele>95</ele>
</trkpt>
<trkpt lat="34.19642611111111" lon="134.2910261111111">
<ele>94</ele>
</trkpt>
<trkpt lat="34.19631805555556" lon="134.29068805555556">
<ele>94</ele>
</trkpt>
<trkpt lat="34.19626805555556" lon="134.2905761111111">
<ele>95</ele>
</trkpt>
<trkpt lat="34.196176111111114" lon="134.29043805555557">
<ele>97</ele>
</trkpt>
<trkpt lat="34.19607611111111" lon="134.2903261111111">
<ele>96</ele>
</trkpt>
<trkpt lat="34.19584305555556" lon="134.2901261111111">
<ele>95</ele>
</trkpt>
<trkpt lat="34.195585" lon="134.28996305555555">
<ele>98</ele>
</trkpt>
<trkpt lat="34.19551805555555" lon="134.2899011111111">
<ele>97</ele>
</trkpt>
<trkpt lat="34.19540111111111" lon="134.28972611111112">
<ele>96</ele>
</trkpt>
<trkpt lat="34.19541805555556" lon="134.2890261111111">
<ele>97</ele>
</trkpt>
<trkpt lat="34.19538388888889" lon="134.2888888888889">
<ele>98</ele>
</trkpt>
<trkpt lat="34.195235" lon="134.28860111111112">
<ele>98</ele>
</trkpt>
<trkpt lat="34.19439305555556" lon="134.2876388888889">
<ele>102</ele>
</trkpt>
<trkpt lat="34.194318055555556" lon="134.2874888888889">
<ele>101</ele>
</trkpt>
<trkpt lat="34.19426" lon="134.2873261111111">
<ele>102</ele>
</trkpt>
<trkpt lat="34.19421805555555" lon="134.28712611111112">
<ele>101</ele>
</trkpt>
<trkpt lat="34.19421" lon="134.28668888888888">
<ele>102</ele>
</trkpt>
<trkpt lat="34.194226111111114" lon="134.28653888888888">
<ele>104</ele>
</trkpt>
<trkpt lat="34.194226111111114" lon="134.28622611111112">
<ele>105</ele>
</trkpt>
<trkpt lat="34.194185" lon="134.2860511111111">
<ele>105</ele>
</trkpt>
<trkpt lat="34.19416" lon="134.2859261111111">
<ele>105</ele>
</trkpt>
<trkpt lat="34.19416" lon="134.2857388888889">
<ele>105</ele>
</trkpt>
<trkpt lat="34.19419305555556" lon="134.2856011111111">
<ele>104</ele>
</trkpt>
<trkpt lat="34.194226111111114" lon="134.2855138888889">
<ele>105</ele>
</trkpt>
<trkpt lat="34.194268055555554" lon="134.28543888888888">
<ele>105</ele>
</trkpt>
<trkpt lat="34.19426" lon="134.28528888888889">
<ele>106</ele>
</trkpt>
<trkpt lat="34.194235" lon="134.28518888888888">
<ele>107</ele>
</trkpt>
<trkpt lat="34.193893055555556" lon="134.2849138888889">
<ele>108</ele>
</trkpt>
<trkpt lat="34.19375111111111" lon="134.2848138888889">
<ele>109</ele>
</trkpt>
<trkpt lat="34.193385" lon="134.2848138888889">
<ele>112</ele>
</trkpt>
<trkpt lat="34.192551944444446" lon="134.28452611111112">
<ele>112</ele>
</trkpt>
<trkpt lat="34.192476944444444" lon="134.2844511111111">
<ele>112</ele>
</trkpt>
<trkpt lat="34.19244305555556" lon="134.2843638888889">
<ele>111</ele>
</trkpt>
<trkpt lat="34.19231388888889" lon="134.28403694444444">
<ele>112</ele>
</trkpt>
<trkpt lat="34.19231388888889" lon="134.28403694444444">
<ele>112</ele>
</trkpt>
<trkpt lat="34.19244305555556" lon="134.2843638888889">
<ele>111</ele>
</trkpt>
<trkpt lat="34.192476944444444" lon="134.2844511111111">
<ele>112</ele>
</trkpt>
<trkpt lat="34.192551944444446" lon="134.28452611111112">
<ele>112</ele>
</trkpt>
<trkpt lat="34.193385" lon="134.2848138888889">
<ele>112</ele>
</trkpt>
<trkpt lat="34.19375111111111" lon="134.2848138888889">
<ele>109</ele>
</trkpt>
<trkpt lat="34.193893055555556" lon="134.2849138888889">
<ele>108</ele>
</trkpt>
<trkpt lat="34.194235" lon="134.28518888888888">
<ele>107</ele>
</trkpt>
<trkpt lat="34.19426" lon="134.28528888888889">
<ele>106</ele>
</trkpt>
<trkpt lat="34.194268055555554" lon="134.28543888888888">
<ele>105</ele>
</trkpt>
<trkpt lat="34.194226111111114" lon="134.2855138888889">
<ele>105</ele>
</trkpt>
<trkpt lat="34.19419305555556" lon="134.2856011111111">
<ele>104</ele>
</trkpt>
<trkpt lat="34.19416" lon="134.2857388888889">
<ele>105</ele>
</trkpt>
<trkpt lat="34.19416" lon="134.2859261111111">
<ele>105</ele>
</trkpt>
<trkpt lat="34.194185" lon="134.2860511111111">
<ele>105</ele>
</trkpt>
<trkpt lat="34.194226111111114" lon="134.28622611111112">
<ele>105</ele>
</trkpt>
<trkpt lat="34.194226111111114" lon="134.28653888888888">
<ele>104</ele>
</trkpt>
<trkpt lat="34.19421" lon="134.28668888888888">
<ele>102</ele>
</trkpt>
<trkpt lat="34.19421805555555" lon="134.28712611111112">
<ele>101</ele>
</trkpt>
<trkpt lat="34.19426" lon="134.2873261111111">
<ele>102</ele>
</trkpt>
<trkpt lat="34.194318055555556" lon="134.2874888888889">
<ele>101</ele>
</trkpt>
<trkpt lat="34.19439305555556" lon="134.2876388888889">
<ele>102</ele>
</trkpt>
<trkpt lat="34.195235" lon="134.28860111111112">
<ele>98</ele>
</trkpt>
<trkpt lat="34.19538388888889" lon="134.2888888888889">
<ele>98</ele>
</trkpt>
<trkpt lat="34.19541805555556" lon="134.2890261111111">
<ele>97</ele>
</trkpt>
<trkpt lat="34.19540111111111" lon="134.28972611111112">
<ele>96</ele>
</trkpt>
<trkpt lat="34.19551805555555" lon="134.2899011111111">
<ele>97</ele>
</trkpt>
<trkpt lat="34.195585" lon="134.28996305555555">
<ele>98</ele>
</trkpt>
<trkpt lat="34.19584305555556" lon="134.2901261111111">
<ele>95</ele>
</trkpt>
<trkpt lat="34.19607611111111" lon="134.2903261111111">
<ele>96</ele>
</trkpt>
<trkpt lat="34.196176111111114" lon="134.29043805555557">
<ele>97</ele>
</trkpt>
<trkpt lat="34.19626805555556" lon="134.2905761111111">
<ele>95</ele>
</trkpt>
<trkpt lat="34.19631805555556" lon="134.29068805555556">
<ele>94</ele>
</trkpt>
<trkpt lat="34.19642611111111" lon="134.2910261111111">
<ele>94</ele>
</trkpt>
<trkpt lat="34.196508888888886" lon="134.29136305555556">
<ele>95</ele>
</trkpt>
<trkpt lat="34.19655111111111" lon="134.29141305555555">
<ele>95</ele>
</trkpt>
<trkpt lat="34.19713388888889" lon="134.29191305555557">
<ele>95</ele>
</trkpt>
<trkpt lat="34.19737611111111" lon="134.29218805555556">
<ele>97</ele>
</trkpt>
<trkpt lat="34.197493055555555" lon="134.29236305555557">
<ele>96</ele>
</trkpt>
<trkpt lat="34.19770111111111" lon="134.2927011111111">
<ele>96</ele>
</trkpt>
<trkpt lat="34.19784305555556" lon="134.2929511111111">
<ele>97</ele>
</trkpt>
<trkpt lat="34.198101111111114" lon="134.29345111111112">
<ele>95</ele>
</trkpt>
<trkpt lat="34.19824305555556" lon="134.29368805555555">
<ele>96</ele>
</trkpt>
<trkpt lat="34.19847611111111" lon="134.29405111111112">
<ele>96</ele>
</trkpt>
<trkpt lat="34.19866805555556" lon="134.29433805555556">
<ele>96</ele>
</trkpt>
<trkpt lat="34.19875888888889" lon="134.294525">
<ele>95</ele>
</trkpt>
<trkpt lat="34.19884305555556" lon="134.29471305555555">
<ele>95</ele>
</trkpt>
<trkpt lat="34.19893388888889" lon="134.29495">
<ele>96</ele>
</trkpt>
<trkpt lat="34.19897611111111" lon="134.2952">
<ele>94</ele>
</trkpt>
<trkpt lat="34.19894305555555" lon="134.295625">
<ele>93</ele>
</trkpt>
<trkpt lat="34.19890111111111" lon="134.296125">
<ele>96</ele>
</trkpt>
<trkpt lat="34.19892611111111" lon="134.29641305555555">
<ele>96</ele>
</trkpt>
<trkpt lat="34.19894305555555" lon="134.2966">
<ele>95</ele>
</trkpt>
<trkpt lat="34.19900111111111" lon="134.29703805555556">
<ele>94</ele>
</trkpt>
<trkpt lat="34.19916805555555" lon="134.29748694444444">
<ele>85</ele>
</trkpt>
<trkpt lat="34.19925111111111" lon="134.298075">
<ele>82</ele>
</trkpt>
<trkpt lat="34.19929305555556" lon="134.298175">
<ele>81</ele>
</trkpt>
<trkpt lat="34.19945111111111" lon="134.29826305555557">
<ele>83</ele>
</trkpt>
<trkpt lat="34.199618055555554" lon="134.29831305555555">
<ele>84</ele>
</trkpt>
<trkpt lat="34.19968388888889" lon="134.29835">
<ele>83</ele>
</trkpt>
<trkpt lat="34.19980888888889" lon="134.29845">
<ele>82</ele>
</trkpt>
<trkpt lat="34.19995111111111" lon="134.29871194444445">
<ele>80</ele>
</trkpt>
<trkpt lat="34.20010888888889" lon="134.299025">
<ele>78</ele>
</trkpt>
<trkpt lat="34.20021805555555" lon="134.29923694444443">
<ele>76</ele>
</trkpt>
<trkpt lat="34.20056694444445" lon="134.29998694444444">
<ele>75</ele>
</trkpt>
<trkpt lat="34.20060888888889" lon="134.30013694444443">
<ele>72</ele>
</trkpt>
<trkpt lat="34.20063388888889" lon="134.300275">
<ele>71</ele>
</trkpt>
<trkpt lat="34.200716944444444" lon="134.30038694444445">
<ele>71</ele>
</trkpt>
<trkpt lat="34.20083388888889" lon="134.300475">
<ele>70</ele>
</trkpt>
<trkpt lat="34.20095888888889" lon="134.30053694444445">
<ele>69</ele>
</trkpt>
<trkpt lat="34.20108388888889" lon="134.30063694444445">
<ele>68</ele>
</trkpt>
<trkpt lat="34.201191944444446" lon="134.300775">
<ele>66</ele>
</trkpt>
<trkpt lat="34.20137611111111" lon="134.301025">
<ele>64</ele>
</trkpt>
<trkpt lat="34.20153388888889" lon="134.30128694444446">
<ele>64</ele>
</trkpt>
<trkpt lat="34.20180111111111" lon="134.301825">
<ele>63</ele>
</trkpt>
<trkpt lat="34.20183388888889" lon="134.30209888888888">
<ele>63</ele>
</trkpt>
<trkpt lat="34.201841944444446" lon="134.30229888888888">
<ele>63</ele>
</trkpt>
<trkpt lat="34.20186694444445" lon="134.30256194444445">
<ele>66</ele>
</trkpt>
<trkpt lat="34.20190888888889" lon="134.30276194444446">
<ele>66</ele>
</trkpt>
<trkpt lat="34.20206694444445" lon="134.30318694444443">
<ele>66</ele>
</trkpt>
<trkpt lat="34.20218388888889" lon="134.3032738888889">
<ele>65</ele>
</trkpt>
<trkpt lat="34.20235888888889" lon="134.3034738888889">
<ele>64</ele>
</trkpt>
<trkpt lat="34.20245111111111" lon="134.30356194444445">
<ele>63</ele>
</trkpt>
<trkpt lat="34.202868055555555" lon="134.30393694444444">
<ele>61</ele>
</trkpt>
<trkpt lat="34.202846111111114" lon="134.30397305555556">
<ele>61</ele>
</trkpt>
<trkpt lat="34.202846111111114" lon="134.30397305555556">
<ele>61</ele>
</trkpt>
<trkpt lat="34.202868055555555" lon="134.30393694444444">
<ele>61</ele>
</trkpt>
<trkpt lat="34.20298388888889" lon="134.30378694444445">
<ele>61</ele>
</trkpt>
<trkpt lat="34.20320888888889" lon="134.30348694444444">
<ele>63</ele>
</trkpt>
<trkpt lat="34.20328388888889" lon="134.30322388888888">
<ele>66</ele>
</trkpt>
<trkpt lat="34.203266944444444" lon="134.30311194444445">
<ele>67</ele>
</trkpt>
<trkpt lat="34.20317611111111" lon="134.30267388888888">
<ele>67</ele>
</trkpt>
<trkpt lat="34.20303388888889" lon="134.30218694444446">
<ele>67</ele>
</trkpt>
<trkpt lat="34.20271694444445" lon="134.30145">
<ele>67</ele>
</trkpt>
<trkpt lat="34.202441944444445" lon="134.30071194444446">
<ele>68</ele>
</trkpt>
<trkpt lat="34.20240111111111" lon="134.30041194444445">
<ele>69</ele>
</trkpt>
<trkpt lat="34.20240111111111" lon="134.30008694444444">
<ele>68</ele>
</trkpt>
<trkpt lat="34.20243388888889" lon="134.29975">
<ele>68</ele>
</trkpt>
<trkpt lat="34.202491944444446" lon="134.2991">
<ele>69</ele>
</trkpt>
<trkpt lat="34.20250111111111" lon="134.29868694444446">
<ele>69</ele>
</trkpt>
<trkpt lat="34.20252611111111" lon="134.29793694444444">
<ele>72</ele>
</trkpt>
<trkpt lat="34.20252611111111" lon="134.29598805555557">
<ele>76</ele>
</trkpt>
<trkpt lat="34.202491944444446" lon="134.295675">
<ele>76</ele>
</trkpt>
<trkpt lat="34.20283388888889" lon="134.29586305555554">
<ele>78</ele>
</trkpt>
<trkpt lat="34.203175" lon="134.2961">
<ele>82</ele>
</trkpt>
<trkpt lat="34.20339194444445" lon="134.2963">
<ele>85</ele>
</trkpt>
<trkpt lat="34.20365" lon="134.29663805555555">
<ele>85</ele>
</trkpt>
<trkpt lat="34.203675" lon="134.296675">
<ele>88</ele>
</trkpt>
<trkpt lat="34.20383388888889" lon="134.29705">
<ele>94</ele>
</trkpt>
<trkpt lat="34.203941944444445" lon="134.29735">
<ele>94</ele>
</trkpt>
<trkpt lat="34.20404194444444" lon="134.29745">
<ele>94</ele>
</trkpt>
<trkpt lat="34.204166944444445" lon="134.297525">
<ele>95</ele>
</trkpt>
<trkpt lat="34.20435888888889" lon="134.29758694444445">
<ele>94</ele>
</trkpt>
<trkpt lat="34.20460888888889" lon="134.297625">
<ele>95</ele>
</trkpt>
<trkpt lat="34.204841944444446" lon="134.297625">
<ele>95</ele>
</trkpt>
<trkpt lat="34.20666694444444" lon="134.2974">
<ele>104</ele>
</trkpt>
<trkpt lat="34.206825" lon="134.2974">
<ele>105</ele>
</trkpt>
<trkpt lat="34.206941944444445" lon="134.29745">
<ele>104</ele>
</trkpt>
<trkpt lat="34.20704111111111" lon="134.29756194444445">
<ele>105</ele>
</trkpt>
<trkpt lat="34.20726611111111" lon="134.29786194444443">
<ele>106</ele>
</trkpt>
<trkpt lat="34.207391111111114" lon="134.29795">
<ele>105</ele>
</trkpt>
<trkpt lat="34.207525" lon="134.29798694444443">
<ele>106</ele>
</trkpt>
<trkpt lat="34.20771611111111" lon="134.297975">
<ele>107</ele>
</trkpt>
<trkpt lat="34.207925" lon="134.29788805555555">
<ele>108</ele>
</trkpt>
<trkpt lat="34.20840805555556" lon="134.297525">
<ele>108</ele>
</trkpt>
<trkpt lat="34.208575" lon="134.29746194444445">
<ele>108</ele>
</trkpt>
<trkpt lat="34.208733055555555" lon="134.29748694444444">
<ele>110</ele>
</trkpt>
<trkpt lat="34.209223888888886" lon="134.29765">
<ele>117</ele>
</trkpt>
<trkpt lat="34.20971611111111" lon="134.29786194444443">
<ele>117</ele>
</trkpt>
<trkpt lat="34.20993305555555" lon="134.29795">
<ele>117</ele>
</trkpt>
<trkpt lat="34.21022388888889" lon="134.29801194444445">
<ele>117</ele>
</trkpt>
<trkpt lat="34.21027888888889" lon="134.29801194444445">
<ele>117</ele>
</trkpt>
<trkpt lat="34.21027888888889" lon="134.29801194444445">
<ele>117</ele>
</trkpt>
<trkpt lat="34.21037388888889" lon="134.29801194444445">
<ele>117</ele>
</trkpt>
<trkpt lat="34.211058055555554" lon="134.29803694444445">
<ele>109</ele>
</trkpt>
<trkpt lat="34.211148888888886" lon="134.298025">
<ele>109</ele>
</trkpt>
<trkpt lat="34.21124888888889" lon="134.29798694444443">
<ele>109</ele>
</trkpt>
<trkpt lat="34.21135694444445" lon="134.29795">
<ele>109</ele>
</trkpt>
<trkpt lat="34.21179111111111" lon="134.297625">
<ele>106</ele>
</trkpt>
<trkpt lat="34.21210694444444" lon="134.29748694444444">
<ele>107</ele>
</trkpt>
<trkpt lat="34.212516111111114" lon="134.29736305555556">
<ele>104</ele>
</trkpt>
<trkpt lat="34.21286611111111" lon="134.29718805555555">
<ele>101</ele>
</trkpt>
<trkpt lat="34.21362388888889" lon="134.2967">
<ele>93</ele>
</trkpt>
<trkpt lat="34.21394111111111" lon="134.29646305555556">
<ele>93</ele>
</trkpt>
<trkpt lat="34.21464" lon="134.295975">
<ele>86</ele>
</trkpt>
<trkpt lat="34.21474" lon="134.29591305555556">
<ele>83</ele>
</trkpt>
<trkpt lat="34.214906944444444" lon="134.29585">
<ele>86</ele>
</trkpt>
<trkpt lat="34.214965" lon="134.29585">
<ele>86</ele>
</trkpt>
<trkpt lat="34.21503194444445" lon="134.295875">
<ele>87</ele>
</trkpt>
<trkpt lat="34.21547388888889" lon="134.29613805555556">
<ele>85</ele>
</trkpt>
<trkpt lat="34.21569888888889" lon="134.29623805555556">
<ele>83</ele>
</trkpt>
<trkpt lat="34.215765" lon="134.29625">
<ele>83</ele>
</trkpt>
<trkpt lat="34.21592388888889" lon="134.296275">
<ele>83</ele>
</trkpt>
<trkpt lat="34.21612388888889" lon="134.29626305555556">
<ele>84</ele>
</trkpt>
<trkpt lat="34.21624" lon="134.296225">
<ele>84</ele>
</trkpt>
<trkpt lat="34.21633194444444" lon="134.296175">
<ele>87</ele>
</trkpt>
<trkpt lat="34.216523055555555" lon="134.29606305555555">
<ele>81</ele>
</trkpt>
<trkpt lat="34.216665" lon="134.295975">
<ele>78</ele>
</trkpt>
<trkpt lat="34.216815" lon="134.295875">
<ele>76</ele>
</trkpt>
<trkpt lat="34.217306944444445" lon="134.2955">
<ele>78</ele>
</trkpt>
<trkpt lat="34.21749805555555" lon="134.2954">
<ele>77</ele>
</trkpt>
<trkpt lat="34.217715" lon="134.29536305555555">
<ele>74</ele>
</trkpt>
<trkpt lat="34.21792305555555" lon="134.29531305555557">
<ele>77</ele>
</trkpt>
<trkpt lat="34.218015" lon="134.29526305555555">
<ele>77</ele>
</trkpt>
<trkpt lat="34.21809805555556" lon="134.295225">
<ele>77</ele>
</trkpt>
<trkpt lat="34.21830611111111" lon="134.29508805555557">
<ele>83</ele>
</trkpt>
<trkpt lat="34.21859" lon="134.29493805555555">
<ele>78</ele>
</trkpt>
<trkpt lat="34.21884" lon="134.29485">
<ele>82</ele>
</trkpt>
<trkpt lat="34.21910611111111" lon="134.294775">
<ele>85</ele>
</trkpt>
<trkpt lat="34.21939805555556" lon="134.29475">
<ele>78</ele>
</trkpt>
<trkpt lat="34.21985611111111" lon="134.29473805555557">
<ele>76</ele>
</trkpt>
<trkpt lat="34.22007305555555" lon="134.294725">
<ele>76</ele>
</trkpt>
<trkpt lat="34.22064805555556" lon="134.29478805555556">
<ele>74</ele>
</trkpt>
<trkpt lat="34.22076388888889" lon="134.294775">
<ele>76</ele>
</trkpt>
<trkpt lat="34.22087305555556" lon="134.29471305555555">
<ele>74</ele>
</trkpt>
<trkpt lat="34.22098888888889" lon="134.29461305555554">
<ele>74</ele>
</trkpt>
<trkpt lat="34.221873055555555" lon="134.29357611111112">
<ele>73</ele>
</trkpt>
<trkpt lat="34.222073055555555" lon="134.2934011111111">
<ele>76</ele>
</trkpt>
<trkpt lat="34.22218888888889" lon="134.2933011111111">
<ele>77</ele>
</trkpt>
<trkpt lat="34.22234805555556" lon="134.29326305555554">
<ele>76</ele>
</trkpt>
<trkpt lat="34.222546944444446" lon="134.29331305555556">
<ele>76</ele>
</trkpt>
<trkpt lat="34.22285611111111" lon="134.2935511111111">
<ele>68</ele>
</trkpt>
<trkpt lat="34.22313111111111" lon="134.29381305555555">
<ele>63</ele>
</trkpt>
<trkpt lat="34.224471944444446" lon="134.2945738888889">
<ele>47</ele>
</trkpt>
<trkpt lat="34.224471944444446" lon="134.2945738888889">
<ele>47</ele>
</trkpt>
<trkpt lat="34.224606111111115" lon="134.29465">
<ele>46</ele>
</trkpt>
<trkpt lat="34.22448888888889" lon="134.294975">
<ele>43</ele>
</trkpt>
<trkpt lat="34.224398055555554" lon="134.295325">
<ele>43</ele>
</trkpt>
<trkpt lat="34.22430611111111" lon="134.29571305555555">
<ele>42</ele>
</trkpt>
<trkpt lat="34.22423888888889" lon="134.2962">
<ele>41</ele>
</trkpt>
<trkpt lat="34.224223055555555" lon="134.29643805555557">
<ele>40</ele>
</trkpt>
<trkpt lat="34.224198055555554" lon="134.29683805555555">
<ele>44</ele>
</trkpt>
<trkpt lat="34.22418888888889" lon="134.29696305555555">
<ele>43</ele>
</trkpt>
<trkpt lat="34.22417305555555" lon="134.29741305555555">
<ele>40</ele>
</trkpt>
<trkpt lat="34.224223055555555" lon="134.29793694444444">
<ele>47</ele>
</trkpt>
<trkpt lat="34.22436388888889" lon="134.298925">
<ele>42</ele>
</trkpt>
<trkpt lat="34.22440611111111" lon="134.29915">
<ele>44</ele>
</trkpt>
<trkpt lat="34.224473055555556" lon="134.299475">
<ele>45</ele>
</trkpt>
<trkpt lat="34.22453111111111" lon="134.299775">
<ele>47</ele>
</trkpt>
<trkpt lat="34.224581111111114" lon="134.30003694444446">
<ele>45</ele>
</trkpt>
<trkpt lat="34.22478111111111" lon="134.30075">
<ele>43</ele>
</trkpt>
<trkpt lat="34.22495611111111" lon="134.30113694444444">
<ele>43</ele>
</trkpt>
<trkpt lat="34.225006111111114" lon="134.30125">
<ele>42</ele>
</trkpt>
<trkpt lat="34.22522305555555" lon="134.30171194444443">
<ele>41</ele>
</trkpt>
<trkpt lat="34.22530611111111" lon="134.3019">
<ele>42</ele>
</trkpt>
<trkpt lat="34.22561388888889" lon="134.30256194444445">
<ele>43</ele>
</trkpt>
<trkpt lat="34.225746944444445" lon="134.30286194444443">
<ele>42</ele>
</trkpt>
<trkpt lat="34.22576388888889" lon="134.30288694444445">
<ele>42</ele>
</trkpt>
<trkpt lat="34.22585611111111" lon="134.30308694444443">
<ele>40</ele>
</trkpt>
<trkpt lat="34.22598888888889" lon="134.30334888888888">
<ele>39</ele>
</trkpt>
<trkpt lat="34.22628111111111" lon="134.3037238888889">
<ele>37</ele>
</trkpt>
<trkpt lat="34.226346944444444" lon="134.30378694444445">
<ele>36</ele>
</trkpt>
<trkpt lat="34.22648111111111" lon="134.30389888888888">
<ele>36</ele>
</trkpt>
<trkpt lat="34.22680611111111" lon="134.3040988888889">
<ele>34</ele>
</trkpt>
<trkpt lat="34.22688888888889" lon="134.30414888888888">
<ele>33</ele>
</trkpt>
<trkpt lat="34.227021944444445" lon="134.30421194444443">
<ele>33</ele>
</trkpt>
<trkpt lat="34.22709694444445" lon="134.30423694444445">
<ele>33</ele>
</trkpt>
<trkpt lat="34.22723111111111" lon="134.30426194444445">
<ele>32</ele>
</trkpt>
<trkpt lat="34.22760611111111" lon="134.30426194444445">
<ele>30</ele>
</trkpt>
<trkpt lat="34.22770611111111" lon="134.30426194444445">
<ele>30</ele>
</trkpt>
<trkpt lat="34.22786388888889" lon="134.30426194444445">
<ele>29</ele>
</trkpt>
<trkpt lat="34.22795611111111" lon="134.30428694444444">
<ele>29</ele>
</trkpt>
<trkpt lat="34.22806388888889" lon="134.3043238888889">
<ele>30</ele>
</trkpt>
<trkpt lat="34.22821388888889" lon="134.30443694444443">
<ele>30</ele>
</trkpt>
<trkpt lat="34.228321944444446" lon="134.30453694444444">
<ele>30</ele>
</trkpt>
<trkpt lat="34.22875611111111" lon="134.30506194444445">
<ele>31</ele>
</trkpt>
<trkpt lat="34.22906388888889" lon="134.30548694444445">
<ele>30</ele>
</trkpt>
<trkpt lat="34.229405" lon="134.30583694444445">
<ele>29</ele>
</trkpt>
<trkpt lat="34.22948" lon="134.30591194444443">
<ele>28</ele>
</trkpt>
<trkpt lat="34.229805" lon="134.30627388888888">
<ele>26</ele>
</trkpt>
<trkpt lat="34.23003888888889" lon="134.30649888888888">
<ele>26</ele>
</trkpt>
<trkpt lat="34.23041388888889" lon="134.30681194444443">
<ele>24</ele>
</trkpt>
<trkpt lat="34.23083" lon="134.3070988888889">
<ele>24</ele>
</trkpt>
<trkpt lat="34.231105" lon="134.30733694444444">
<ele>24</ele>
</trkpt>
<trkpt lat="34.231305" lon="134.3075988888889">
<ele>24</ele>
</trkpt>
<trkpt lat="34.23159694444445" lon="134.3080111111111">
<ele>23</ele>
</trkpt>
<trkpt lat="34.231805" lon="134.30831111111112">
<ele>23</ele>
</trkpt>
<trkpt lat="34.23213805555555" lon="134.3088611111111">
<ele>23</ele>
</trkpt>
<trkpt lat="34.232605" lon="134.3097238888889">
<ele>23</ele>
</trkpt>
<trkpt lat="34.23293" lon="134.3103361111111">
<ele>23</ele>
</trkpt>
<trkpt lat="34.233055" lon="134.3105361111111">
<ele>23</ele>
</trkpt>
<trkpt lat="34.233246944444446" lon="134.31079888888888">
<ele>24</ele>
</trkpt>
<trkpt lat="34.23356305555556" lon="134.3111238888889">
<ele>24</ele>
</trkpt>
<trkpt lat="34.23379694444444" lon="134.3114361111111">
<ele>25</ele>
</trkpt>
<trkpt lat="34.23392194444445" lon="134.31169888888888">
<ele>26</ele>
</trkpt>
<trkpt lat="34.23421305555556" lon="134.31239888888888">
<ele>24</ele>
</trkpt>
<trkpt lat="34.234588055555555" lon="134.31331111111112">
<ele>22</ele>
</trkpt>
<trkpt lat="34.23463805555556" lon="134.3134611111111">
<ele>22</ele>
</trkpt>
<trkpt lat="34.234746944444446" lon="134.3138361111111">
<ele>21</ele>
</trkpt>
<trkpt lat="34.23479694444445" lon="134.31433611111112">
<ele>21</ele>
</trkpt>
<trkpt lat="34.23482194444444" lon="134.31453611111112">
<ele>21</ele>
</trkpt>
<trkpt lat="34.23486305555556" lon="134.3150361111111">
<ele>20</ele>
</trkpt>
<trkpt lat="34.23488" lon="134.3152611111111">
<ele>20</ele>
</trkpt>
<trkpt lat="34.23488" lon="134.31582305555557">
<ele>20</ele>
</trkpt>
<trkpt lat="34.23486305555556" lon="134.3162861111111">
<ele>20</ele>
</trkpt>
<trkpt lat="34.234705" lon="134.31792305555555">
<ele>17</ele>
</trkpt>
<trkpt lat="34.234701111111114" lon="134.3181261111111">
<ele>17</ele>
</trkpt>
<trkpt lat="34.234701111111114" lon="134.3181261111111">
<ele>17</ele>
</trkpt>
<trkpt lat="34.234705" lon="134.31792305555555">
<ele>17</ele>
</trkpt>
<trkpt lat="34.234988055555554" lon="134.31812305555556">
<ele>17</ele>
</trkpt>
<trkpt lat="34.235188055555554" lon="134.31826">
<ele>18</ele>
</trkpt>
<trkpt lat="34.23593805555556" lon="134.31881">
<ele>18</ele>
</trkpt>
<trkpt lat="34.23623805555555" lon="134.31894805555555">
<ele>19</ele>
</trkpt>
<trkpt lat="34.23653" lon="134.31906">
<ele>19</ele>
</trkpt>
<trkpt lat="34.23686305555555" lon="134.31912305555556">
<ele>18</ele>
</trkpt>
<trkpt lat="34.23724611111111" lon="134.31917305555555">
<ele>18</ele>
</trkpt>
<trkpt lat="34.237355" lon="134.31919805555555">
<ele>18</ele>
</trkpt>
<trkpt lat="34.237538055555554" lon="134.31921">
<ele>18</ele>
</trkpt>
<trkpt lat="34.237755" lon="134.31924805555556">
<ele>18</ele>
</trkpt>
<trkpt lat="34.23831305555556" lon="134.31931">
<ele>19</ele>
</trkpt>
<trkpt lat="34.23878805555555" lon="134.319385">
<ele>18</ele>
</trkpt>
<trkpt lat="34.23892111111111" lon="134.31942305555555">
<ele>18</ele>
</trkpt>
<trkpt lat="34.23903" lon="134.31947305555556">
<ele>18</ele>
</trkpt>
<trkpt lat="34.23919611111111" lon="134.31956">
<ele>18</ele>
</trkpt>
<trkpt lat="34.23947888888889" lon="134.319785">
<ele>19</ele>
</trkpt>
<trkpt lat="34.23978805555556" lon="134.32002305555557">
<ele>18</ele>
</trkpt>
<trkpt lat="34.23987888888889" lon="134.32007305555555">
<ele>18</ele>
</trkpt>
<trkpt lat="34.23998805555556" lon="134.32012305555557">
<ele>18</ele>
</trkpt>
<trkpt lat="34.240096111111114" lon="134.32014805555556">
<ele>18</ele>
</trkpt>
<trkpt lat="34.24023805555556" lon="134.32014805555556">
<ele>18</ele>
</trkpt>
<trkpt lat="34.240363055555555" lon="134.32011">
<ele>18</ele>
</trkpt>
<trkpt lat="34.24047111111111" lon="134.32006">
<ele>18</ele>
</trkpt>
<trkpt lat="34.24148805555556" lon="134.319335">
<ele>19</ele>
</trkpt>
<trkpt lat="34.241596111111114" lon="134.319285">
<ele>18</ele>
</trkpt>
<trkpt lat="34.24172111111111" lon="134.31927305555556">
<ele>18</ele>
</trkpt>
<trkpt lat="34.24187888888889" lon="134.31929805555555">
<ele>19</ele>
</trkpt>
<trkpt lat="34.24247888888889" lon="134.31952305555555">
<ele>18</ele>
</trkpt>
<trkpt lat="34.242646111111114" lon="134.31961">
<ele>19</ele>
</trkpt>
<trkpt lat="34.24298805555556" lon="134.31982305555556">
<ele>18</ele>
</trkpt>
<trkpt lat="34.24302888888889" lon="134.31986">
<ele>18</ele>
</trkpt>
<trkpt lat="34.24359611111111" lon="134.320285">
<ele>16</ele>
</trkpt>
<trkpt lat="34.24367888888889" lon="134.320335">
<ele>15</ele>
</trkpt>
<trkpt lat="34.24379611111111" lon="134.32039694444444">
<ele>15</ele>
</trkpt>
<trkpt lat="34.24387888888889" lon="134.32042194444443">
<ele>15</ele>
</trkpt>
<trkpt lat="34.244011944444445" lon="134.320435">
<ele>13</ele>
</trkpt>
<trkpt lat="34.24422111111111" lon="134.32044805555554">
<ele>12</ele>
</trkpt>
<trkpt lat="34.24432111111111" lon="134.320435">
<ele>13</ele>
</trkpt>
<trkpt lat="34.24447111111111" lon="134.32042194444443">
<ele>12</ele>
</trkpt>
<trkpt lat="34.245061944444444" lon="134.320385">
<ele>9</ele>
</trkpt>
<trkpt lat="34.24538694444445" lon="134.320385">
<ele>9</ele>
</trkpt>
<trkpt lat="34.24575388888889" lon="134.32042194444443">
<ele>9</ele>
</trkpt>
<trkpt lat="34.24640111111111" lon="134.32051305555555">
<ele>9</ele>
</trkpt>
<trkpt lat="34.24640111111111" lon="134.32051305555555">
<ele>9</ele>
</trkpt>
<trkpt lat="34.24673694444444" lon="134.32056">
<ele>9</ele>
</trkpt>
<trkpt lat="34.246811944444445" lon="134.32057194444445">
<ele>8</ele>
</trkpt>
<trkpt lat="34.24787" lon="134.32071">
<ele>7</ele>
</trkpt>
<trkpt lat="34.24827" lon="134.32077305555555">
<ele>6</ele>
</trkpt>
<trkpt lat="34.24867805555556" lon="134.32082305555556">
<ele>5</ele>
</trkpt>
<trkpt lat="34.248761944444446" lon="134.320835">
<ele>5</ele>
</trkpt>
<trkpt lat="34.25040305555556" lon="134.32106">
<ele>5</ele>
</trkpt>
<trkpt lat="34.25087" lon="134.321135">
<ele>5</ele>
</trkpt>
<trkpt lat="34.251328055555554" lon="134.32119805555556">
<ele>5</ele>
</trkpt>
<trkpt lat="34.25142805555556" lon="134.32121">
<ele>5</ele>
</trkpt>
<trkpt lat="34.251828055555556" lon="134.32127194444445">
<ele>5</ele>
</trkpt>
<trkpt lat="34.25328611111111" lon="134.32147194444445">
<ele>4</ele>
</trkpt>
<trkpt lat="34.25481888888889" lon="134.32167194444443">
<ele>4</ele>
</trkpt>
<trkpt lat="34.255828055555554" lon="134.32186">
<ele>4</ele>
</trkpt>
<trkpt lat="34.256793888888886" lon="134.32206">
<ele>3</ele>
</trkpt>
<trkpt lat="34.25776111111111" lon="134.32224694444446">
<ele>3</ele>
</trkpt>
<trkpt lat="34.25872694444445" lon="134.32244694444444">
<ele>3</ele>
</trkpt>
<trkpt lat="34.25967694444444" lon="134.32262194444445">
<ele>3</ele>
</trkpt>
<trkpt lat="34.25996" lon="134.3226838888889">
<ele>3</ele>
</trkpt>
<trkpt lat="34.260511944444445" lon="134.3227938888889">
<ele>2</ele>
</trkpt>
<trkpt lat="34.260511944444445" lon="134.3227938888889">
<ele>2</ele>
</trkpt>
<trkpt lat="34.26052694444444" lon="134.32279694444443">
<ele>2</ele>
</trkpt>
<trkpt lat="34.26061888888889" lon="134.3228838888889">
<ele>2</ele>
</trkpt>
<trkpt lat="34.260735" lon="134.3227588888889">
<ele>2</ele>
</trkpt>
<trkpt lat="34.26086" lon="134.32260888888888">
<ele>2</ele>
</trkpt>
<trkpt lat="34.26111888888889" lon="134.3223088888889">
<ele>2</ele>
</trkpt>
<trkpt lat="34.26161888888889" lon="134.32174694444444">
<ele>2</ele>
</trkpt>
<trkpt lat="34.26251805555555" lon="134.32069694444445">
<ele>3</ele>
</trkpt>
<trkpt lat="34.26256" lon="134.32066">
<ele>3</ele>
</trkpt>
<trkpt lat="34.26286" lon="134.32031">
<ele>3</ele>
</trkpt>
<trkpt lat="34.262885" lon="134.320285">
<ele>3</ele>
</trkpt>
<trkpt lat="34.26371805555556" lon="134.319335">
<ele>4</ele>
</trkpt>
<trkpt lat="34.26390111111111" lon="134.319185">
<ele>5</ele>
</trkpt>
<trkpt lat="34.26412611111111" lon="134.31899694444445">
<ele>5</ele>
</trkpt>
<trkpt lat="34.26442611111111" lon="134.31886">
<ele>6</ele>
</trkpt>
<trkpt lat="34.266283888888886" lon="134.31809694444445">
<ele>6</ele>
</trkpt>
<trkpt lat="34.26672611111111" lon="134.31789694444444">
<ele>8</ele>
</trkpt>
<trkpt lat="34.26694305555556" lon="134.317835">
<ele>8</ele>
</trkpt>
<trkpt lat="34.26710888888889" lon="134.31781">
<ele>9</ele>
</trkpt>
<trkpt lat="34.26730888888889" lon="134.31784694444445">
<ele>11</ele>
</trkpt>
<trkpt lat="34.267468055555554" lon="134.317935">
<ele>13</ele>
</trkpt>
<trkpt lat="34.26760888888889" lon="134.31804694444443">
<ele>12</ele>
</trkpt>
<trkpt lat="34.267783888888886" lon="134.31824694444444">
<ele>14</ele>
</trkpt>
<trkpt lat="34.26790111111111" lon="134.31844694444445">
<ele>15</ele>
</trkpt>
<trkpt lat="34.26797611111111" lon="134.31861">
<ele>14</ele>
</trkpt>
<trkpt lat="34.26813388888889" lon="134.31943388888888">
<ele>16</ele>
</trkpt>
<trkpt lat="34.268208888888886" lon="134.31955888888888">
<ele>11</ele>
</trkpt>
<trkpt lat="34.26829305555555" lon="134.3196338888889">
<ele>12</ele>
</trkpt>
<trkpt lat="34.268393055555556" lon="134.3196338888889">
<ele>13</ele>
</trkpt>
<trkpt lat="34.26848388888889" lon="134.3195838888889">
<ele>14</ele>
</trkpt>
<trkpt lat="34.268633888888886" lon="134.3194088888889">
<ele>22</ele>
</trkpt>
<trkpt lat="34.26883388888889" lon="134.319035">
<ele>22</ele>
</trkpt>
<trkpt lat="34.26891805555555" lon="134.31894694444443">
<ele>22</ele>
</trkpt>
<trkpt lat="34.26934305555555" lon="134.31871">
<ele>21</ele>
</trkpt>
<trkpt lat="34.26973388888889" lon="134.31832194444445">
<ele>31</ele>
</trkpt>
<trkpt lat="34.269841944444444" lon="134.31824694444444">
<ele>30</ele>
</trkpt>
<trkpt lat="34.27012611111111" lon="134.31809694444445">
<ele>32</ele>
</trkpt>
<trkpt lat="34.27019194444444" lon="134.318035">
<ele>32</ele>
</trkpt>
<trkpt lat="34.270226111111114" lon="134.31796">
<ele>36</ele>
</trkpt>
<trkpt lat="34.27021694444444" lon="134.31784694444445">
<ele>37</ele>
</trkpt>
<trkpt lat="34.27018388888889" lon="134.317485">
<ele>34</ele>
</trkpt>
<trkpt lat="34.27020111111111" lon="134.31727194444446">
<ele>35</ele>
</trkpt>
<trkpt lat="34.27025888888889" lon="134.31704694444446">
<ele>35</ele>
</trkpt>
<trkpt lat="34.27036694444445" lon="134.31679694444443">
<ele>34</ele>
</trkpt>
<trkpt lat="34.271141944444445" lon="134.31524694444445">
<ele>32</ele>
</trkpt>
<trkpt lat="34.27125111111111" lon="134.31511">
<ele>35</ele>
</trkpt>
<trkpt lat="34.27155888888889" lon="134.31492194444445">
<ele>41</ele>
</trkpt>
<trkpt lat="34.27164194444445" lon="134.31482305555556">
<ele>44</ele>
</trkpt>
<trkpt lat="34.2717" lon="134.31469805555557">
<ele>45</ele>
</trkpt>
<trkpt lat="34.271725" lon="134.31351">
<ele>36</ele>
</trkpt>
<trkpt lat="34.27225" lon="134.31272305555555">
<ele>35</ele>
</trkpt>
<trkpt lat="34.27229194444445" lon="134.31264694444445">
<ele>34</ele>
</trkpt>
<trkpt lat="34.27231694444445" lon="134.31256">
<ele>34</ele>
</trkpt>
<trkpt lat="34.272325" lon="134.31226">
<ele>34</ele>
</trkpt>
<trkpt lat="34.27235888888889" lon="134.31217305555555">
<ele>33</ele>
</trkpt>
<trkpt lat="34.272425" lon="134.31212305555556">
<ele>33</ele>
</trkpt>
<trkpt lat="34.27249194444445" lon="134.31211">
<ele>35</ele>
</trkpt>
<trkpt lat="34.272691944444446" lon="134.312135">
<ele>32</ele>
</trkpt>
<trkpt lat="34.272866944444445" lon="134.31211">
<ele>34</ele>
</trkpt>
<trkpt lat="34.273075" lon="134.311985">
<ele>33</ele>
</trkpt>
<trkpt lat="34.27315888888889" lon="134.31189805555556">
<ele>31</ele>
</trkpt>
<trkpt lat="34.27375" lon="134.31107305555557">
<ele>33</ele>
</trkpt>
<trkpt lat="34.27384194444444" lon="134.31079805555555">
<ele>32</ele>
</trkpt>
<trkpt lat="34.27386694444444" lon="134.31057305555555">
<ele>34</ele>
</trkpt>
<trkpt lat="34.273825" lon="134.31017305555557">
<ele>26</ele>
</trkpt>
<trkpt lat="34.27381694444444" lon="134.30992305555554">
<ele>23</ele>
</trkpt>
<trkpt lat="34.273833055555556" lon="134.30977305555555">
<ele>24</ele>
</trkpt>
<trkpt lat="34.27395" lon="134.309385">
<ele>25</ele>
</trkpt>
<trkpt lat="34.273975" lon="134.30929805555556">
<ele>25</ele>
</trkpt>
<trkpt lat="34.273983055555554" lon="134.30921">
<ele>25</ele>
</trkpt>
<trkpt lat="34.273983055555554" lon="134.3088111111111">
<ele>23</ele>
</trkpt>
<trkpt lat="34.273941944444445" lon="134.3082861111111">
<ele>28</ele>
</trkpt>
<trkpt lat="34.27390805555556" lon="134.3080111111111">
<ele>27</ele>
</trkpt>
<trkpt lat="34.27386694444444" lon="134.3078111111111">
<ele>28</ele>
</trkpt>
<trkpt lat="34.273808055555556" lon="134.3074861111111">
<ele>27</ele>
</trkpt>
<trkpt lat="34.27365" lon="134.3067111111111">
<ele>33</ele>
</trkpt>
<trkpt lat="34.27361694444444" lon="134.3064861111111">
<ele>33</ele>
</trkpt>
<trkpt lat="34.27361694444444" lon="134.30618611111112">
<ele>32</ele>
</trkpt>
<trkpt lat="34.27363305555556" lon="134.3060361111111">
<ele>33</ele>
</trkpt>
<trkpt lat="34.273675" lon="134.3059111111111">
<ele>32</ele>
</trkpt>
<trkpt lat="34.27384194444444" lon="134.3055361111111">
<ele>33</ele>
</trkpt>
<trkpt lat="34.27388305555556" lon="134.30539805555554">
<ele>33</ele>
</trkpt>
<trkpt lat="34.2739" lon="134.30528611111112">
<ele>31</ele>
</trkpt>
<trkpt lat="34.2739" lon="134.30509805555556">
<ele>30</ele>
</trkpt>
<trkpt lat="34.27385" lon="134.30494805555554">
<ele>31</ele>
</trkpt>
<trkpt lat="34.27375" lon="134.30481111111112">
<ele>32</ele>
</trkpt>
<trkpt lat="34.27364194444444" lon="134.3047361111111">
<ele>32</ele>
</trkpt>
<trkpt lat="34.273525" lon="134.30469805555555">
<ele>33</ele>
</trkpt>
<trkpt lat="34.273175" lon="134.3046361111111">
<ele>33</ele>
</trkpt>
<trkpt lat="34.27308305555555" lon="134.30461111111111">
<ele>36</ele>
</trkpt>
<trkpt lat="34.27299194444444" lon="134.30454805555556">
<ele>35</ele>
</trkpt>
<trkpt lat="34.27280805555556" lon="134.3043861111111">
<ele>33</ele>
</trkpt>
<trkpt lat="34.2726" lon="134.3041861111111">
<ele>33</ele>
</trkpt>
<trkpt lat="34.27240805555556" lon="134.30392305555554">
<ele>36</ele>
</trkpt>
<trkpt lat="34.272241944444445" lon="134.30354888888888">
<ele>32</ele>
</trkpt>
<trkpt lat="34.27211694444444" lon="134.3031611111111">
<ele>31</ele>
</trkpt>
<trkpt lat="34.2721" lon="134.30287388888888">
<ele>36</ele>
</trkpt>
<trkpt lat="34.27206694444445" lon="134.30254888888888">
<ele>34</ele>
</trkpt>
<trkpt lat="34.27205" lon="134.30243611111112">
<ele>34</ele>
</trkpt>
<trkpt lat="34.2717" lon="134.3014488888889">
<ele>35</ele>
</trkpt>
<trkpt lat="34.271608055555554" lon="134.30121111111112">
<ele>37</ele>
</trkpt>
<trkpt lat="34.27144194444445" lon="134.3008861111111">
<ele>39</ele>
</trkpt>
<trkpt lat="34.2711" lon="134.3003238888889">
<ele>34</ele>
</trkpt>
<trkpt lat="34.271033055555556" lon="134.30018611111112">
<ele>33</ele>
</trkpt>
<trkpt lat="34.271425" lon="134.29996111111112">
<ele>31</ele>
</trkpt>
<trkpt lat="34.2715" lon="134.2998861111111">
<ele>30</ele>
</trkpt>
<trkpt lat="34.271566944444444" lon="134.2997738888889">
<ele>29</ele>
</trkpt>
<trkpt lat="34.271625" lon="134.2996488888889">
<ele>27</ele>
</trkpt>
<trkpt lat="34.27174194444444" lon="134.2991238888889">
<ele>25</ele>
</trkpt>
<trkpt lat="34.27180805555555" lon="134.2989861111111">
<ele>23</ele>
</trkpt>
<trkpt lat="34.2719" lon="134.2988738888889">
<ele>22</ele>
</trkpt>
<trkpt lat="34.271991944444444" lon="134.29879888888888">
<ele>22</ele>
</trkpt>
<trkpt lat="34.272075" lon="134.2987611111111">
<ele>21</ele>
</trkpt>
<trkpt lat="34.27215805555556" lon="134.2987361111111">
<ele>22</ele>
</trkpt>
<trkpt lat="34.27275" lon="134.2986238888889">
<ele>22</ele>
</trkpt>
<trkpt lat="34.272875" lon="134.2986238888889">
<ele>23</ele>
</trkpt>
<trkpt lat="34.27300805555556" lon="134.2986611111111">
<ele>23</ele>
</trkpt>
<trkpt lat="34.273375" lon="134.29891111111112">
<ele>27</ele>
</trkpt>
<trkpt lat="34.27345805555556" lon="134.29893611111112">
<ele>27</ele>
</trkpt>
<trkpt lat="34.273583055555555" lon="134.2989611111111">
<ele>28</ele>
</trkpt>
<trkpt lat="34.273741111111114" lon="134.2989488888889">
<ele>27</ele>
</trkpt>
<trkpt lat="34.27408305555556" lon="134.2988488888889">
<ele>25</ele>
</trkpt>
<trkpt lat="34.27419111111111" lon="134.2987861111111">
<ele>25</ele>
</trkpt>
<trkpt lat="34.27434111111111" lon="134.29867388888889">
<ele>24</ele>
</trkpt>
<trkpt lat="34.27441611111111" lon="134.2985611111111">
<ele>23</ele>
</trkpt>
<trkpt lat="34.274458055555556" lon="134.2984361111111">
<ele>22</ele>
</trkpt>
<trkpt lat="34.274475" lon="134.2979611111111">
<ele>22</ele>
</trkpt>
<trkpt lat="34.27447388888889" lon="134.29795611111112">
<ele>22</ele>
</trkpt>
    </trkseg>
  </trk>
</gpx>