<?xml version="1.0" encoding="UTF-8"?>
<gpx version="1.1"
     creator="KMLtoGPX"
     xmlns="http://www.topografix.com/GPX/1/1">
  <metadata>
    <name>Imabari-Saijo Yuyu Cycling Road</name>
    <desc>今治・西条ゆうゆう輪道</desc>
    <bounds minlat="33.862163055555556" minlon="132.93754388888888" maxlat="34.05001111111111" maxlon="133.11269277777777"/>
  </metadata>
  <trk>
    <name>Imabari-Saijo Yuyu Cycling Road</name>
    <trkseg>
<trkpt lat="33.992823888888886" lon="133.04940194444444">
<ele>9</ele>
</trkpt>
<trkpt lat="33.992603055555556" lon="133.04986">
<ele>9</ele>
</trkpt>
<trkpt lat="33.992511944444445" lon="133.05000694444445">
<ele>10</ele>
</trkpt>
<trkpt lat="33.992511944444445" lon="133.05000694444445">
<ele>10</ele>
</trkpt>
<trkpt lat="33.992403055555556" lon="133.050185">
<ele>10</ele>
</trkpt>
<trkpt lat="33.99222" lon="133.05047194444444">
<ele>11</ele>
</trkpt>
<trkpt lat="33.99212" lon="133.05053388888888">
<ele>11</ele>
</trkpt>
<trkpt lat="33.99207805555555" lon="133.0505961111111">
<ele>11</ele>
</trkpt>
<trkpt lat="33.99207805555555" lon="133.0505961111111">
<ele>11</ele>
</trkpt>
<trkpt lat="33.99207" lon="133.0506088888889">
<ele>12</ele>
</trkpt>
<trkpt lat="33.991753055555556" lon="133.05099694444445">
<ele>14</ele>
</trkpt>
<trkpt lat="33.99161111111111" lon="133.05110888888888">
<ele>14</ele>
</trkpt>
<trkpt lat="33.99159111111111" lon="133.05112888888888">
<ele>14</ele>
</trkpt>
<trkpt lat="33.99159111111111" lon="133.05112805555555">
<ele>14</ele>
</trkpt>
<trkpt lat="33.99127" lon="133.05142194444446">
<ele>14</ele>
</trkpt>
<trkpt lat="33.99102" lon="133.05165888888888">
<ele>13</ele>
</trkpt>
<trkpt lat="33.990795" lon="133.0518338888889">
<ele>13</ele>
</trkpt>
<trkpt lat="33.99052" lon="133.05199694444445">
<ele>13</ele>
</trkpt>
<trkpt lat="33.99043611111111" lon="133.0520338888889">
<ele>13</ele>
</trkpt>
<trkpt lat="33.99031194444444" lon="133.05208694444445">
<ele>14</ele>
</trkpt>
<trkpt lat="33.99031111111111" lon="133.05208694444445">
<ele>14</ele>
</trkpt>
<trkpt lat="33.99007805555556" lon="133.0521838888889">
<ele>15</ele>
</trkpt>
<trkpt lat="33.98985305555556" lon="133.0522588888889">
<ele>15</ele>
</trkpt>
<trkpt lat="33.989745" lon="133.0522838888889">
<ele>16</ele>
</trkpt>
<trkpt lat="33.98958694444445" lon="133.05232194444446">
<ele>16</ele>
</trkpt>
<trkpt lat="33.989378055555555" lon="133.05234694444445">
<ele>16</ele>
</trkpt>
<trkpt lat="33.98927" lon="133.05235888888888">
<ele>16</ele>
</trkpt>
<trkpt lat="33.988895" lon="133.05237194444445">
<ele>17</ele>
</trkpt>
<trkpt lat="33.988661944444445" lon="133.0524088888889">
<ele>18</ele>
</trkpt>
<trkpt lat="33.98837805555556" lon="133.05242194444443">
<ele>18</ele>
</trkpt>
<trkpt lat="33.987628055555554" lon="133.05245888888888">
<ele>18</ele>
</trkpt>
<trkpt lat="33.987451944444445" lon="133.052465">
<ele>18</ele>
</trkpt>
<trkpt lat="33.987451944444445" lon="133.052465">
<ele>18</ele>
</trkpt>
<trkpt lat="33.98688694444444" lon="133.0524838888889">
<ele>19</ele>
</trkpt>
<trkpt lat="33.98667888888889" lon="133.0524838888889">
<ele>19</ele>
</trkpt>
<trkpt lat="33.986595" lon="133.0524838888889">
<ele>19</ele>
</trkpt>
<trkpt lat="33.98617" lon="133.05252194444444">
<ele>19</ele>
</trkpt>
<trkpt lat="33.98582" lon="133.05252194444444">
<ele>19</ele>
</trkpt>
<trkpt lat="33.98516194444444" lon="133.05257194444445">
<ele>23</ele>
</trkpt>
<trkpt lat="33.98500388888889" lon="133.052585">
<ele>23</ele>
</trkpt>
<trkpt lat="33.98487" lon="133.05261">
<ele>24</ele>
</trkpt>
<trkpt lat="33.98477611111111" lon="133.0526361111111">
<ele>24</ele>
</trkpt>
<trkpt lat="33.98477611111111" lon="133.0526361111111">
<ele>24</ele>
</trkpt>
<trkpt lat="33.98455388888889" lon="133.05269694444445">
<ele>24</ele>
</trkpt>
<trkpt lat="33.98422111111111" lon="133.05282194444445">
<ele>24</ele>
</trkpt>
<trkpt lat="33.98370388888889" lon="133.05307194444444">
<ele>25</ele>
</trkpt>
<trkpt lat="33.98320388888889" lon="133.05332194444443">
<ele>27</ele>
</trkpt>
<trkpt lat="33.982711944444446" lon="133.05357194444446">
<ele>27</ele>
</trkpt>
<trkpt lat="33.982461944444445" lon="133.0537338888889">
<ele>26</ele>
</trkpt>
<trkpt lat="33.98224611111111" lon="133.0538838888889">
<ele>26</ele>
</trkpt>
<trkpt lat="33.982171111111114" lon="133.0539588888889">
<ele>28</ele>
</trkpt>
<trkpt lat="33.98213694444444" lon="133.0539838888889">
<ele>28</ele>
</trkpt>
<trkpt lat="33.98207111111111" lon="133.05404694444445">
<ele>29</ele>
</trkpt>
<trkpt lat="33.98193305555556" lon="133.05419">
<ele>31</ele>
</trkpt>
<trkpt lat="33.98193305555556" lon="133.05419">
<ele>31</ele>
</trkpt>
<trkpt lat="33.98171194444444" lon="133.05442194444444">
<ele>34</ele>
</trkpt>
<trkpt lat="33.98144611111111" lon="133.0547838888889">
<ele>33</ele>
</trkpt>
<trkpt lat="33.98115388888889" lon="133.05529694444445">
<ele>33</ele>
</trkpt>
<trkpt lat="33.98111194444444" lon="133.05539694444445">
<ele>32</ele>
</trkpt>
<trkpt lat="33.98097888888889" lon="133.05573388888888">
<ele>37</ele>
</trkpt>
<trkpt lat="33.980713055555555" lon="133.0563838888889">
<ele>36</ele>
</trkpt>
<trkpt lat="33.98035388888889" lon="133.0572838888889">
<ele>38</ele>
</trkpt>
<trkpt lat="33.98023805555555" lon="133.05757194444445">
<ele>37</ele>
</trkpt>
<trkpt lat="33.98008" lon="133.0579438888889">
<ele>34</ele>
</trkpt>
<trkpt lat="33.98008111111111" lon="133.0579438888889">
<ele>34</ele>
</trkpt>
<trkpt lat="33.97962111111111" lon="133.05903388888888">
<ele>26</ele>
</trkpt>
<trkpt lat="33.979463055555556" lon="133.05934694444446">
<ele>26</ele>
</trkpt>
<trkpt lat="33.97937888888889" lon="133.05949694444445">
<ele>25</ele>
</trkpt>
<trkpt lat="33.979078888888886" lon="133.05992194444445">
<ele>16</ele>
</trkpt>
<trkpt lat="33.97887111111111" lon="133.0601838888889">
<ele>14</ele>
</trkpt>
<trkpt lat="33.97867111111111" lon="133.06035888888889">
<ele>12</ele>
</trkpt>
<trkpt lat="33.97847111111111" lon="133.06049611111112">
<ele>13</ele>
</trkpt>
<trkpt lat="33.978136944444444" lon="133.0606588888889">
<ele>13</ele>
</trkpt>
<trkpt lat="33.97784611111111" lon="133.0607588888889">
<ele>9</ele>
</trkpt>
<trkpt lat="33.97787" lon="133.06076805555554">
<ele>9</ele>
</trkpt>
<trkpt lat="33.97787" lon="133.06076805555554">
<ele>9</ele>
</trkpt>
<trkpt lat="33.97784611111111" lon="133.0607588888889">
<ele>9</ele>
</trkpt>
<trkpt lat="33.97770388888889" lon="133.0607961111111">
<ele>8</ele>
</trkpt>
<trkpt lat="33.97730388888889" lon="133.0608588888889">
<ele>5</ele>
</trkpt>
<trkpt lat="33.97645388888889" lon="133.06099694444444">
<ele>3</ele>
</trkpt>
<trkpt lat="33.97535111111111" lon="133.06117305555554">
<ele>2</ele>
</trkpt>
<trkpt lat="33.97535111111111" lon="133.06117305555554">
<ele>2</ele>
</trkpt>
<trkpt lat="33.97481305555556" lon="133.0612588888889">
<ele>2</ele>
</trkpt>
<trkpt lat="33.97464611111111" lon="133.06128388888888">
<ele>2</ele>
</trkpt>
<trkpt lat="33.97438805555556" lon="133.06132194444444">
<ele>2</ele>
</trkpt>
<trkpt lat="33.97352111111111" lon="133.06147194444443">
<ele>3</ele>
</trkpt>
<trkpt lat="33.97308805555556" lon="133.06157194444444">
<ele>4</ele>
</trkpt>
<trkpt lat="33.972971111111114" lon="133.06160888888888">
<ele>4</ele>
</trkpt>
<trkpt lat="33.972861944444446" lon="133.06164694444445">
<ele>4</ele>
</trkpt>
<trkpt lat="33.972861944444446" lon="133.06164694444445">
<ele>4</ele>
</trkpt>
<trkpt lat="33.972755" lon="133.0616838888889">
<ele>4</ele>
</trkpt>
<trkpt lat="33.972255" lon="133.06187194444445">
<ele>4</ele>
</trkpt>
<trkpt lat="33.97161305555556" lon="133.06214694444444">
<ele>4</ele>
</trkpt>
<trkpt lat="33.971513055555555" lon="133.06219694444445">
<ele>4</ele>
</trkpt>
<trkpt lat="33.971338055555556" lon="133.0622588888889">
<ele>4</ele>
</trkpt>
<trkpt lat="33.971305" lon="133.06227194444443">
<ele>4</ele>
</trkpt>
<trkpt lat="33.97109611111111" lon="133.06234694444444">
<ele>3</ele>
</trkpt>
<trkpt lat="33.971063055555554" lon="133.0623588888889">
<ele>3</ele>
</trkpt>
<trkpt lat="33.971021111111114" lon="133.0623838888889">
<ele>3</ele>
</trkpt>
<trkpt lat="33.97098805555556" lon="133.06239694444446">
<ele>4</ele>
</trkpt>
<trkpt lat="33.97053805555556" lon="133.0625838888889">
<ele>3</ele>
</trkpt>
<trkpt lat="33.97040305555556" lon="133.06264305555555">
<ele>3</ele>
</trkpt>
<trkpt lat="33.97040305555556" lon="133.06264305555555">
<ele>3</ele>
</trkpt>
<trkpt lat="33.970055" lon="133.06279694444444">
<ele>3</ele>
</trkpt>
<trkpt lat="33.96953805555555" lon="133.06304694444444">
<ele>3</ele>
</trkpt>
<trkpt lat="33.96948" lon="133.06308388888888">
<ele>3</ele>
</trkpt>
<trkpt lat="33.96926305555556" lon="133.06322111111112">
<ele>3</ele>
</trkpt>
<trkpt lat="33.968938055555554" lon="133.06344611111112">
<ele>3</ele>
</trkpt>
<trkpt lat="33.968605" lon="133.0637088888889">
<ele>3</ele>
</trkpt>
<trkpt lat="33.96836305555556" lon="133.0639211111111">
<ele>3</ele>
</trkpt>
<trkpt lat="33.96826305555555" lon="133.06400888888888">
<ele>3</ele>
</trkpt>
<trkpt lat="33.96774805555555" lon="133.064565">
<ele>3</ele>
</trkpt>
<trkpt lat="33.96774805555555" lon="133.064565">
<ele>3</ele>
</trkpt>
<trkpt lat="33.967638055555554" lon="133.06468388888888">
<ele>3</ele>
</trkpt>
<trkpt lat="33.96666305555556" lon="133.06568388888888">
<ele>4</ele>
</trkpt>
<trkpt lat="33.966213055555556" lon="133.06614611111112">
<ele>4</ele>
</trkpt>
<trkpt lat="33.96562194444444" lon="133.0667588888889">
<ele>4</ele>
</trkpt>
<trkpt lat="33.96491388888889" lon="133.0674838888889">
<ele>3</ele>
</trkpt>
<trkpt lat="33.96433888888889" lon="133.06808388888888">
<ele>3</ele>
</trkpt>
<trkpt lat="33.964171944444445" lon="133.0682461111111">
<ele>3</ele>
</trkpt>
<trkpt lat="33.96385611111111" lon="133.0685738888889">
<ele>3</ele>
</trkpt>
<trkpt lat="33.96385611111111" lon="133.0685738888889">
<ele>3</ele>
</trkpt>
<trkpt lat="33.96238" lon="133.07010805555555">
<ele>3</ele>
</trkpt>
<trkpt lat="33.96198888888889" lon="133.07050805555556">
<ele>3</ele>
</trkpt>
<trkpt lat="33.961238888888886" lon="133.07128305555557">
<ele>3</ele>
</trkpt>
<trkpt lat="33.96055611111111" lon="133.07198305555556">
<ele>3</ele>
</trkpt>
<trkpt lat="33.960163888888886" lon="133.07238305555555">
<ele>3</ele>
</trkpt>
<trkpt lat="33.95934694444444" lon="133.0732211111111">
<ele>3</ele>
</trkpt>
<trkpt lat="33.95865611111111" lon="133.0739211111111">
<ele>3</ele>
</trkpt>
<trkpt lat="33.95813111111111" lon="133.0744711111111">
<ele>3</ele>
</trkpt>
<trkpt lat="33.95743888888889" lon="133.07518305555556">
<ele>3</ele>
</trkpt>
<trkpt lat="33.957005" lon="133.0756338888889">
<ele>3</ele>
</trkpt>
<trkpt lat="33.957005" lon="133.0756338888889">
<ele>3</ele>
</trkpt>
<trkpt lat="33.956921944444446" lon="133.07572">
<ele>3</ele>
</trkpt>
<trkpt lat="33.956473055555556" lon="133.07618305555556">
<ele>3</ele>
</trkpt>
<trkpt lat="33.95615611111111" lon="133.07652">
<ele>3</ele>
</trkpt>
<trkpt lat="33.955773055555554" lon="133.07688305555556">
<ele>3</ele>
</trkpt>
<trkpt lat="33.955148055555554" lon="133.077395">
<ele>3</ele>
</trkpt>
<trkpt lat="33.954748055555555" lon="133.07767">
<ele>3</ele>
</trkpt>
<trkpt lat="33.95438111111111" lon="133.07790805555555">
<ele>3</ele>
</trkpt>
<trkpt lat="33.95404805555555" lon="133.07810805555556">
<ele>3</ele>
</trkpt>
<trkpt lat="33.95372305555556" lon="133.07828305555554">
<ele>3</ele>
</trkpt>
<trkpt lat="33.95366388888889" lon="133.07833194444444">
<ele>3</ele>
</trkpt>
<trkpt lat="33.953313888888886" lon="133.078545">
<ele>3</ele>
</trkpt>
<trkpt lat="33.953273055555556" lon="133.07858194444444">
<ele>3</ele>
</trkpt>
<trkpt lat="33.95315388888889" lon="133.07866388888888">
<ele>3</ele>
</trkpt>
<trkpt lat="33.95315388888889" lon="133.07866388888888">
<ele>3</ele>
</trkpt>
<trkpt lat="33.953073055555556" lon="133.07872">
<ele>3</ele>
</trkpt>
<trkpt lat="33.952823055555555" lon="133.07887">
<ele>3</ele>
</trkpt>
<trkpt lat="33.95212305555555" lon="133.07923194444444">
<ele>3</ele>
</trkpt>
<trkpt lat="33.95154" lon="133.07948194444444">
<ele>3</ele>
</trkpt>
<trkpt lat="33.95084" lon="133.07975694444445">
<ele>3</ele>
</trkpt>
<trkpt lat="33.94949" lon="133.08032">
<ele>3</ele>
</trkpt>
<trkpt lat="33.94879" lon="133.0805938888889">
<ele>3</ele>
</trkpt>
<trkpt lat="33.948748055555555" lon="133.08060694444444">
<ele>3</ele>
</trkpt>
<trkpt lat="33.94807388888889" lon="133.08088194444446">
<ele>3</ele>
</trkpt>
<trkpt lat="33.94714" lon="133.0812688888889">
<ele>3</ele>
</trkpt>
<trkpt lat="33.94699888888889" lon="133.08133194444446">
<ele>3</ele>
</trkpt>
<trkpt lat="33.946731944444444" lon="133.08143694444445">
<ele>3</ele>
</trkpt>
<trkpt lat="33.946731944444444" lon="133.08143694444445">
<ele>3</ele>
</trkpt>
<trkpt lat="33.945856944444444" lon="133.08178194444446">
<ele>3</ele>
</trkpt>
<trkpt lat="33.94519888888889" lon="133.08201888888888">
<ele>3</ele>
</trkpt>
<trkpt lat="33.94391611111111" lon="133.08240694444444">
<ele>3</ele>
</trkpt>
<trkpt lat="33.94274111111111" lon="133.08278194444443">
<ele>3</ele>
</trkpt>
<trkpt lat="33.94235694444444" lon="133.0828938888889">
<ele>3</ele>
</trkpt>
<trkpt lat="33.941966111111114" lon="133.0830188888889">
<ele>3</ele>
</trkpt>
<trkpt lat="33.94169111111111" lon="133.0831061111111">
<ele>3</ele>
</trkpt>
<trkpt lat="33.94154888888889" lon="133.08314388888888">
<ele>3</ele>
</trkpt>
<trkpt lat="33.94072388888889" lon="133.08338111111112">
<ele>2</ele>
</trkpt>
<trkpt lat="33.94063305555556" lon="133.08340611111112">
<ele>2</ele>
</trkpt>
<trkpt lat="33.939948888888885" lon="133.08360611111112">
<ele>2</ele>
</trkpt>
<trkpt lat="33.93979111111111" lon="133.0836811111111">
<ele>2</ele>
</trkpt>
<trkpt lat="33.93949888888889" lon="133.08383111111112">
<ele>2</ele>
</trkpt>
<trkpt lat="33.93929888888889" lon="133.08395611111112">
<ele>2</ele>
</trkpt>
<trkpt lat="33.93918" lon="133.08407">
<ele>2</ele>
</trkpt>
<trkpt lat="33.93918" lon="133.08407">
<ele>2</ele>
</trkpt>
<trkpt lat="33.93911611111111" lon="133.0841311111111">
<ele>2</ele>
</trkpt>
<trkpt lat="33.93885" lon="133.08440611111112">
<ele>2</ele>
</trkpt>
<trkpt lat="33.93873305555555" lon="133.0845438888889">
<ele>2</ele>
</trkpt>
<trkpt lat="33.93844111111111" lon="133.0849061111111">
<ele>2</ele>
</trkpt>
<trkpt lat="33.938133055555554" lon="133.0852688888889">
<ele>2</ele>
</trkpt>
<trkpt lat="33.93801611111111" lon="133.08541888888888">
<ele>2</ele>
</trkpt>
<trkpt lat="33.937925" lon="133.08553111111112">
<ele>2</ele>
</trkpt>
<trkpt lat="33.93785805555556" lon="133.0856061111111">
<ele>2</ele>
</trkpt>
<trkpt lat="33.93768305555555" lon="133.0858061111111">
<ele>2</ele>
</trkpt>
<trkpt lat="33.93765" lon="133.0858561111111">
<ele>2</ele>
</trkpt>
<trkpt lat="33.93751611111111" lon="133.08600611111112">
<ele>2</ele>
</trkpt>
<trkpt lat="33.93736611111111" lon="133.0861561111111">
<ele>2</ele>
</trkpt>
<trkpt lat="33.93723305555555" lon="133.0863061111111">
<ele>2</ele>
</trkpt>
<trkpt lat="33.936525" lon="133.0871061111111">
<ele>2</ele>
</trkpt>
<trkpt lat="33.93644194444445" lon="133.0872061111111">
<ele>2</ele>
</trkpt>
<trkpt lat="33.93611694444444" lon="133.08758111111112">
<ele>2</ele>
</trkpt>
<trkpt lat="33.93544194444444" lon="133.08836805555555">
<ele>2</ele>
</trkpt>
<trkpt lat="33.934975" lon="133.0889061111111">
<ele>2</ele>
</trkpt>
<trkpt lat="33.93480888888889" lon="133.0891061111111">
<ele>2</ele>
</trkpt>
<trkpt lat="33.93423388888889" lon="133.0897811111111">
<ele>2</ele>
</trkpt>
<trkpt lat="33.93405888888889" lon="133.08999305555557">
<ele>2</ele>
</trkpt>
<trkpt lat="33.93366694444445" lon="133.09046805555556">
<ele>2</ele>
</trkpt>
<trkpt lat="33.93297611111111" lon="133.09128">
<ele>2</ele>
</trkpt>
<trkpt lat="33.93221694444444" lon="133.09218">
<ele>2</ele>
</trkpt>
<trkpt lat="33.93177611111111" lon="133.092705">
<ele>2</ele>
</trkpt>
<trkpt lat="33.93132611111111" lon="133.09324305555555">
<ele>2</ele>
</trkpt>
<trkpt lat="33.931" lon="133.0936288888889">
<ele>2</ele>
</trkpt>
<trkpt lat="33.931" lon="133.0936288888889">
<ele>2</ele>
</trkpt>
<trkpt lat="33.93096805555555" lon="133.09366805555555">
<ele>2</ele>
</trkpt>
<trkpt lat="33.93093388888889" lon="133.093705">
<ele>2</ele>
</trkpt>
<trkpt lat="33.93077611111111" lon="133.09389194444444">
<ele>2</ele>
</trkpt>
<trkpt lat="33.93073388888889" lon="133.09393">
<ele>2</ele>
</trkpt>
<trkpt lat="33.93058388888889" lon="133.09411694444444">
<ele>2</ele>
</trkpt>
<trkpt lat="33.93015888888889" lon="133.094605">
<ele>2</ele>
</trkpt>
<trkpt lat="33.92963388888889" lon="133.09523">
<ele>2</ele>
</trkpt>
<trkpt lat="33.92900888888889" lon="133.095955">
<ele>2</ele>
</trkpt>
<trkpt lat="33.92851805555556" lon="133.09654194444445">
<ele>2</ele>
</trkpt>
<trkpt lat="33.92834305555556" lon="133.09674194444443">
<ele>2</ele>
</trkpt>
<trkpt lat="33.928176111111114" lon="133.09690388888887">
<ele>2</ele>
</trkpt>
<trkpt lat="33.928068055555556" lon="133.09699194444445">
<ele>2</ele>
</trkpt>
<trkpt lat="33.92802611111111" lon="133.09701694444445">
<ele>2</ele>
</trkpt>
<trkpt lat="33.927751111111114" lon="133.09716694444444">
<ele>2</ele>
</trkpt>
<trkpt lat="33.92757611111111" lon="133.09722888888888">
<ele>2</ele>
</trkpt>
<trkpt lat="33.92677611111111" lon="133.09744194444445">
<ele>2</ele>
</trkpt>
<trkpt lat="33.92621" lon="133.09759194444445">
<ele>2</ele>
</trkpt>
<trkpt lat="33.925651944444446" lon="133.0977538888889">
<ele>2</ele>
</trkpt>
<trkpt lat="33.92534305555556" lon="133.0978288888889">
<ele>2</ele>
</trkpt>
<trkpt lat="33.92514305555556" lon="133.09789194444446">
<ele>2</ele>
</trkpt>
<trkpt lat="33.92456" lon="133.0980788888889">
<ele>2</ele>
</trkpt>
<trkpt lat="33.92431805555555" lon="133.09826694444445">
<ele>2</ele>
</trkpt>
<trkpt lat="33.92402694444444" lon="133.0985538888889">
<ele>2</ele>
</trkpt>
<trkpt lat="33.92306" lon="133.09951694444445">
<ele>3</ele>
</trkpt>
<trkpt lat="33.92247694444445" lon="133.1001038888889">
<ele>3</ele>
</trkpt>
<trkpt lat="33.92239388888889" lon="133.10017888888888">
<ele>3</ele>
</trkpt>
<trkpt lat="33.92231" lon="133.10026694444446">
<ele>3</ele>
</trkpt>
<trkpt lat="33.92104388888889" lon="133.10154194444445">
<ele>3</ele>
</trkpt>
<trkpt lat="33.920611111111114" lon="133.10197888888888">
<ele>3</ele>
</trkpt>
<trkpt lat="33.92006111111111" lon="133.10252888888888">
<ele>3</ele>
</trkpt>
<trkpt lat="33.91997805555555" lon="133.1026038888889">
<ele>3</ele>
</trkpt>
<trkpt lat="33.91993611111111" lon="133.1026411111111">
<ele>3</ele>
</trkpt>
<trkpt lat="33.91984111111111" lon="133.10272805555556">
<ele>3</ele>
</trkpt>
<trkpt lat="33.91984111111111" lon="133.10272805555556">
<ele>3</ele>
</trkpt>
<trkpt lat="33.91974388888889" lon="133.1028161111111">
<ele>3</ele>
</trkpt>
<trkpt lat="33.91966111111111" lon="133.10287888888888">
<ele>3</ele>
</trkpt>
<trkpt lat="33.91954388888889" lon="133.1029661111111">
<ele>3</ele>
</trkpt>
<trkpt lat="33.91943611111111" lon="133.1030411111111">
<ele>3</ele>
</trkpt>
<trkpt lat="33.91910305555555" lon="133.1032661111111">
<ele>3</ele>
</trkpt>
<trkpt lat="33.918301944444444" lon="133.10379111111112">
<ele>3</ele>
</trkpt>
<trkpt lat="33.91760305555555" lon="133.10424111111112">
<ele>3</ele>
</trkpt>
<trkpt lat="33.917428055555554" lon="133.10435388888888">
<ele>3</ele>
</trkpt>
<trkpt lat="33.91651888888889" lon="133.1049661111111">
<ele>3</ele>
</trkpt>
<trkpt lat="33.91613611111111" lon="133.10525388888888">
<ele>3</ele>
</trkpt>
<trkpt lat="33.91576888888889" lon="133.1055661111111">
<ele>3</ele>
</trkpt>
<trkpt lat="33.915528055555555" lon="133.1057911111111">
<ele>3</ele>
</trkpt>
<trkpt lat="33.914203055555554" lon="133.1071661111111">
<ele>3</ele>
</trkpt>
<trkpt lat="33.913428055555556" lon="133.10796611111112">
<ele>2</ele>
</trkpt>
<trkpt lat="33.91287805555555" lon="133.1085161111111">
<ele>2</ele>
</trkpt>
<trkpt lat="33.91196194444444" lon="133.1095161111111">
<ele>2</ele>
</trkpt>
<trkpt lat="33.91182" lon="133.10969111111112">
<ele>2</ele>
</trkpt>
<trkpt lat="33.910361944444446" lon="133.11127805555554">
<ele>2</ele>
</trkpt>
<trkpt lat="33.909645" lon="133.11200305555556">
<ele>3</ele>
</trkpt>
<trkpt lat="33.90957" lon="133.11207805555554">
<ele>3</ele>
</trkpt>
<trkpt lat="33.90929388888889" lon="133.11223305555555">
<ele>3</ele>
</trkpt>
<trkpt lat="33.90929388888889" lon="133.11223305555555">
<ele>3</ele>
</trkpt>
<trkpt lat="33.90904666666667" lon="133.11240583333333">
<ele>3</ele>
</trkpt>
<trkpt lat="33.90904666666667" lon="133.11240583333333">
<ele>3</ele>
</trkpt>
<trkpt lat="33.908788333333334" lon="133.11252916666666">
<ele>3</ele>
</trkpt>
<trkpt lat="33.908788333333334" lon="133.11252916666666">
<ele>3</ele>
</trkpt>
<trkpt lat="33.908699444444444" lon="133.1126525">
<ele>4</ele>
</trkpt>
<trkpt lat="33.908699444444444" lon="133.1126525">
<ele>4</ele>
</trkpt>
<trkpt lat="33.90857694444444" lon="133.11269277777777">
<ele>4</ele>
</trkpt>
<trkpt lat="33.90857694444444" lon="133.11269277777777">
<ele>4</ele>
</trkpt>
<trkpt lat="33.908525833333336" lon="133.11246222222223">
<ele>4</ele>
</trkpt>
<trkpt lat="33.908525833333336" lon="133.11246222222223">
<ele>4</ele>
</trkpt>
<trkpt lat="33.90857916666667" lon="133.11231194444446">
<ele>4</ele>
</trkpt>
<trkpt lat="33.90857916666667" lon="133.11231194444446">
<ele>4</ele>
</trkpt>
<trkpt lat="33.908474444444444" lon="133.1120625">
<ele>4</ele>
</trkpt>
<trkpt lat="33.908474444444444" lon="133.1120625">
<ele>4</ele>
</trkpt>
<trkpt lat="33.908163055555555" lon="133.11157444444444">
<ele>4</ele>
</trkpt>
<trkpt lat="33.908163055555555" lon="133.1115738888889">
<ele>4</ele>
</trkpt>
<trkpt lat="33.90813694444444" lon="133.11151611111111">
<ele>4</ele>
</trkpt>
<trkpt lat="33.90797111111111" lon="133.11094111111112">
<ele>4</ele>
</trkpt>
<trkpt lat="33.907828888888886" lon="133.1105411111111">
<ele>4</ele>
</trkpt>
<trkpt lat="33.90741388888889" lon="133.10988">
<ele>4</ele>
</trkpt>
<trkpt lat="33.90741388888889" lon="133.10988">
<ele>4</ele>
</trkpt>
<trkpt lat="33.907286944444444" lon="133.10967888888888">
<ele>4</ele>
</trkpt>
<trkpt lat="33.907275" lon="133.10965694444445">
<ele>4</ele>
</trkpt>
<trkpt lat="33.907275" lon="133.10965694444445">
<ele>4</ele>
</trkpt>
<trkpt lat="33.90705666666667" lon="133.10957888888888">
<ele>5</ele>
</trkpt>
<trkpt lat="33.90705666666667" lon="133.10957888888888">
<ele>5</ele>
</trkpt>
<trkpt lat="33.90712333333333" lon="133.1092622222222">
<ele>4</ele>
</trkpt>
<trkpt lat="33.90712333333333" lon="133.1092622222222">
<ele>4</ele>
</trkpt>
<trkpt lat="33.907826666666665" lon="133.1075402777778">
<ele>4</ele>
</trkpt>
<trkpt lat="33.90781305555556" lon="133.10753194444445">
<ele>4</ele>
</trkpt>
<trkpt lat="33.90785388888889" lon="133.10742888888888">
<ele>4</ele>
</trkpt>
<trkpt lat="33.90795388888889" lon="133.10707888888888">
<ele>4</ele>
</trkpt>
<trkpt lat="33.908028888888886" lon="133.1067038888889">
<ele>4</ele>
</trkpt>
<trkpt lat="33.90811194444444" lon="133.1063538888889">
<ele>4</ele>
</trkpt>
<trkpt lat="33.90817" lon="133.10604111111113">
<ele>4</ele>
</trkpt>
<trkpt lat="33.90830388888889" lon="133.1049788888889">
<ele>5</ele>
</trkpt>
<trkpt lat="33.90840388888889" lon="133.10369194444445">
<ele>5</ele>
</trkpt>
<trkpt lat="33.90842" lon="133.10341694444443">
<ele>5</ele>
</trkpt>
<trkpt lat="33.90842888888889" lon="133.10316694444444">
<ele>5</ele>
</trkpt>
<trkpt lat="33.908386944444445" lon="133.10251694444443">
<ele>5</ele>
</trkpt>
<trkpt lat="33.908386944444445" lon="133.1022288888889">
<ele>5</ele>
</trkpt>
<trkpt lat="33.908395" lon="133.10176694444445">
<ele>5</ele>
</trkpt>
<trkpt lat="33.908411944444445" lon="133.1016038888889">
<ele>5</ele>
</trkpt>
<trkpt lat="33.908453888888886" lon="133.10064194444445">
<ele>5</ele>
</trkpt>
<trkpt lat="33.90846194444445" lon="133.10037888888888">
<ele>5</ele>
</trkpt>
<trkpt lat="33.90848694444445" lon="133.09994194444445">
<ele>5</ele>
</trkpt>
<trkpt lat="33.908495" lon="133.09960388888888">
<ele>5</ele>
</trkpt>
<trkpt lat="33.90850388888889" lon="133.09931694444444">
<ele>5</ele>
</trkpt>
<trkpt lat="33.908495" lon="133.099105">
<ele>5</ele>
</trkpt>
<trkpt lat="33.908453888888886" lon="133.098505">
<ele>5</ele>
</trkpt>
<trkpt lat="33.90840388888889" lon="133.09814194444445">
<ele>5</ele>
</trkpt>
<trkpt lat="33.908395" lon="133.09793">
<ele>5</ele>
</trkpt>
<trkpt lat="33.90838" lon="133.09763388888888">
<ele>5</ele>
</trkpt>
<trkpt lat="33.90838" lon="133.09763305555555">
<ele>5</ele>
</trkpt>
<trkpt lat="33.908361944444444" lon="133.09726694444444">
<ele>5</ele>
</trkpt>
<trkpt lat="33.90835388888889" lon="133.09689194444445">
<ele>5</ele>
</trkpt>
<trkpt lat="33.908228888888885" lon="133.09618">
<ele>6</ele>
</trkpt>
<trkpt lat="33.907845" lon="133.094855">
<ele>6</ele>
</trkpt>
<trkpt lat="33.90767" lon="133.094305">
<ele>6</ele>
</trkpt>
<trkpt lat="33.90752" lon="133.09386805555556">
<ele>6</ele>
</trkpt>
<trkpt lat="33.90742" lon="133.093555">
<ele>6</ele>
</trkpt>
<trkpt lat="33.90702" lon="133.092555">
<ele>8</ele>
</trkpt>
<trkpt lat="33.90692" lon="133.09233">
<ele>8</ele>
</trkpt>
<trkpt lat="33.90681194444444" lon="133.09214305555557">
<ele>8</ele>
</trkpt>
<trkpt lat="33.90660388888889" lon="133.09178111111112">
<ele>8</ele>
</trkpt>
<trkpt lat="33.90645388888889" lon="133.0915061111111">
<ele>9</ele>
</trkpt>
<trkpt lat="33.90631194444445" lon="133.09114305555556">
<ele>9</ele>
</trkpt>
<trkpt lat="33.90627888888889" lon="133.09104305555556">
<ele>10</ele>
</trkpt>
<trkpt lat="33.90612" lon="133.09054305555554">
<ele>10</ele>
</trkpt>
<trkpt lat="33.906061944444446" lon="133.09016805555555">
<ele>10</ele>
</trkpt>
<trkpt lat="33.90602111111111" lon="133.09005611111112">
<ele>10</ele>
</trkpt>
<trkpt lat="33.90602111111111" lon="133.09005611111112">
<ele>10</ele>
</trkpt>
<trkpt lat="33.90591194444445" lon="133.08975611111111">
<ele>10</ele>
</trkpt>
<trkpt lat="33.90578694444444" lon="133.08941805555557">
<ele>10</ele>
</trkpt>
<trkpt lat="33.90570388888889" lon="133.08919305555557">
<ele>10</ele>
</trkpt>
<trkpt lat="33.90560388888889" lon="133.0889811111111">
<ele>10</ele>
</trkpt>
<trkpt lat="33.905395" lon="133.08858111111113">
<ele>10</ele>
</trkpt>
<trkpt lat="33.905011944444446" lon="133.08786805555556">
<ele>10</ele>
</trkpt>
<trkpt lat="33.904786944444446" lon="133.0875061111111">
<ele>10</ele>
</trkpt>
<trkpt lat="33.90442111111111" lon="133.08699388888888">
<ele>10</ele>
</trkpt>
<trkpt lat="33.904086944444444" lon="133.0865938888889">
<ele>10</ele>
</trkpt>
<trkpt lat="33.90341194444444" lon="133.08586888888888">
<ele>10</ele>
</trkpt>
<trkpt lat="33.902346111111115" lon="133.08475611111112">
<ele>10</ele>
</trkpt>
<trkpt lat="33.90044611111111" lon="133.0827438888889">
<ele>10</ele>
</trkpt>
<trkpt lat="33.89927888888889" lon="133.0815438888889">
<ele>10</ele>
</trkpt>
<trkpt lat="33.89843805555556" lon="133.08063194444443">
<ele>12</ele>
</trkpt>
<trkpt lat="33.89830388888889" lon="133.08050694444444">
<ele>12</ele>
</trkpt>
<trkpt lat="33.897621111111114" lon="133.07973194444443">
<ele>14</ele>
</trkpt>
<trkpt lat="33.89729611111111" lon="133.07943194444445">
<ele>14</ele>
</trkpt>
<trkpt lat="33.89707111111111" lon="133.07919388888888">
<ele>14</ele>
</trkpt>
<trkpt lat="33.89668805555556" lon="133.07884388888888">
<ele>14</ele>
</trkpt>
<trkpt lat="33.89614611111111" lon="133.07825694444443">
<ele>14</ele>
</trkpt>
<trkpt lat="33.895155" lon="133.0772188888889">
<ele>15</ele>
</trkpt>
<trkpt lat="33.893438055555556" lon="133.075395">
<ele>16</ele>
</trkpt>
<trkpt lat="33.89282111111111" lon="133.074745">
<ele>16</ele>
</trkpt>
<trkpt lat="33.89264611111111" lon="133.07457">
<ele>16</ele>
</trkpt>
<trkpt lat="33.89196305555556" lon="133.073845">
<ele>16</ele>
</trkpt>
<trkpt lat="33.89157194444444" lon="133.07343194444445">
<ele>17</ele>
</trkpt>
<trkpt lat="33.89045888888889" lon="133.07224">
<ele>17</ele>
</trkpt>
<trkpt lat="33.89045888888889" lon="133.07224">
<ele>17</ele>
</trkpt>
<trkpt lat="33.890405" lon="133.07218194444445">
<ele>17</ele>
</trkpt>
<trkpt lat="33.890355" lon="133.07212">
<ele>17</ele>
</trkpt>
<trkpt lat="33.88977194444445" lon="133.07138305555554">
<ele>19</ele>
</trkpt>
<trkpt lat="33.889305" lon="133.07080805555555">
<ele>19</ele>
</trkpt>
<trkpt lat="33.88863805555555" lon="133.06997">
<ele>19</ele>
</trkpt>
<trkpt lat="33.888421944444445" lon="133.06972">
<ele>19</ele>
</trkpt>
<trkpt lat="33.88776388888889" lon="133.06898305555555">
<ele>20</ele>
</trkpt>
<trkpt lat="33.88739694444445" lon="133.06855805555554">
<ele>19</ele>
</trkpt>
<trkpt lat="33.88668888888889" lon="133.06745805555556">
<ele>22</ele>
</trkpt>
<trkpt lat="33.88637194444444" lon="133.0669211111111">
<ele>22</ele>
</trkpt>
<trkpt lat="33.885688888888886" lon="133.06585805555557">
<ele>23</ele>
</trkpt>
<trkpt lat="33.88521388888889" lon="133.0648711111111">
<ele>22</ele>
</trkpt>
<trkpt lat="33.884946944444444" lon="133.06433305555555">
<ele>22</ele>
</trkpt>
<trkpt lat="33.88449694444444" lon="133.06343305555555">
<ele>23</ele>
</trkpt>
<trkpt lat="33.88436388888889" lon="133.06323305555554">
<ele>23</ele>
</trkpt>
<trkpt lat="33.88399694444445" lon="133.06278305555554">
<ele>23</ele>
</trkpt>
<trkpt lat="33.88384694444444" lon="133.06263388888888">
<ele>23</ele>
</trkpt>
<trkpt lat="33.88286388888889" lon="133.0615711111111">
<ele>26</ele>
</trkpt>
<trkpt lat="33.881838888888886" lon="133.06048388888888">
<ele>29</ele>
</trkpt>
<trkpt lat="33.88079694444444" lon="133.0593838888889">
<ele>30</ele>
</trkpt>
<trkpt lat="33.87990611111111" lon="133.05844611111112">
<ele>29</ele>
</trkpt>
<trkpt lat="33.87863111111111" lon="133.05722111111112">
<ele>33</ele>
</trkpt>
<trkpt lat="33.87795611111111" lon="133.05654694444445">
<ele>32</ele>
</trkpt>
<trkpt lat="33.87730611111111" lon="133.05583388888888">
<ele>32</ele>
</trkpt>
<trkpt lat="33.87699694444444" lon="133.0554838888889">
<ele>32</ele>
</trkpt>
<trkpt lat="33.87628888888889" lon="133.0546838888889">
<ele>32</ele>
</trkpt>
<trkpt lat="33.87531388888889" lon="133.05344694444443">
<ele>34</ele>
</trkpt>
<trkpt lat="33.874521944444446" lon="133.05243388888888">
<ele>34</ele>
</trkpt>
<trkpt lat="33.87363888888889" lon="133.05130888888888">
<ele>34</ele>
</trkpt>
<trkpt lat="33.87231388888889" lon="133.049635">
<ele>36</ele>
</trkpt>
<trkpt lat="33.87188888888889" lon="133.049085">
<ele>37</ele>
</trkpt>
<trkpt lat="33.87110611111111" lon="133.04806">
<ele>38</ele>
</trkpt>
<trkpt lat="33.87060611111111" lon="133.04739694444444">
<ele>39</ele>
</trkpt>
<trkpt lat="33.87043888888889" lon="133.04714694444445">
<ele>39</ele>
</trkpt>
<trkpt lat="33.87014805555555" lon="133.046635">
<ele>40</ele>
</trkpt>
<trkpt lat="33.86980611111111" lon="133.04604694444444">
<ele>40</ele>
</trkpt>
<trkpt lat="33.869638888888886" lon="133.045685">
<ele>40</ele>
</trkpt>
<trkpt lat="33.86944805555556" lon="133.04529694444443">
<ele>41</ele>
</trkpt>
<trkpt lat="33.86933111111111" lon="133.04539694444443">
<ele>41</ele>
</trkpt>
<trkpt lat="33.86929" lon="133.04542694444444">
<ele>40</ele>
</trkpt>
<trkpt lat="33.86929" lon="133.04542694444444">
<ele>40</ele>
</trkpt>
<trkpt lat="33.86910611111111" lon="133.04556">
<ele>40</ele>
</trkpt>
<trkpt lat="33.86822305555555" lon="133.04621">
<ele>40</ele>
</trkpt>
<trkpt lat="33.86812305555556" lon="133.04629694444444">
<ele>40</ele>
</trkpt>
<trkpt lat="33.86789" lon="133.046485">
<ele>40</ele>
</trkpt>
<trkpt lat="33.86729805555556" lon="133.046835">
<ele>46</ele>
</trkpt>
<trkpt lat="33.86695611111111" lon="133.047035">
<ele>47</ele>
</trkpt>
<trkpt lat="33.86673111111111" lon="133.04721">
<ele>47</ele>
</trkpt>
<trkpt lat="33.86633111111111" lon="133.047485">
<ele>48</ele>
</trkpt>
<trkpt lat="33.866165" lon="133.04759694444445">
<ele>48</ele>
</trkpt>
<trkpt lat="33.86615305555556" lon="133.047605">
<ele>48</ele>
</trkpt>
<trkpt lat="33.86615305555556" lon="133.047605">
<ele>48</ele>
</trkpt>
<trkpt lat="33.866031944444444" lon="133.047685">
<ele>48</ele>
</trkpt>
<trkpt lat="33.86488194444444" lon="133.045335">
<ele>51</ele>
</trkpt>
<trkpt lat="33.86382305555556" lon="133.04324805555555">
<ele>53</ele>
</trkpt>
<trkpt lat="33.863315" lon="133.04226111111112">
<ele>53</ele>
</trkpt>
<trkpt lat="33.86228194444445" lon="133.04024805555557">
<ele>54</ele>
</trkpt>
<trkpt lat="33.86222388888889" lon="133.0401361111111">
<ele>54</ele>
</trkpt>
<trkpt lat="33.862163055555556" lon="133.0400111111111">
<ele>54</ele>
</trkpt>
<trkpt lat="33.862163055555556" lon="133.0400111111111">
<ele>54</ele>
</trkpt>
<trkpt lat="33.86222388888889" lon="133.0401361111111">
<ele>54</ele>
</trkpt>
<trkpt lat="33.86282305555556" lon="133.03959805555556">
<ele>52</ele>
</trkpt>
<trkpt lat="33.862865" lon="133.0395611111111">
<ele>52</ele>
</trkpt>
<trkpt lat="33.86299" lon="133.03939805555555">
<ele>52</ele>
</trkpt>
<trkpt lat="33.863056944444445" lon="133.03931111111112">
<ele>51</ele>
</trkpt>
<trkpt lat="33.86343194444444" lon="133.0384361111111">
<ele>50</ele>
</trkpt>
<trkpt lat="33.86349" lon="133.03828611111112">
<ele>50</ele>
</trkpt>
<trkpt lat="33.863948055555554" lon="133.0372111111111">
<ele>50</ele>
</trkpt>
<trkpt lat="33.86398194444445" lon="133.03714888888888">
<ele>50</ele>
</trkpt>
<trkpt lat="33.86407305555556" lon="133.03693611111112">
<ele>50</ele>
</trkpt>
<trkpt lat="33.86429" lon="133.0364111111111">
<ele>52</ele>
</trkpt>
<trkpt lat="33.86443194444445" lon="133.0359861111111">
<ele>53</ele>
</trkpt>
<trkpt lat="33.86455611111111" lon="133.03558611111112">
<ele>55</ele>
</trkpt>
<trkpt lat="33.86463111111111" lon="133.0354111111111">
<ele>56</ele>
</trkpt>
<trkpt lat="33.86473111111111" lon="133.0352611111111">
<ele>56</ele>
</trkpt>
<trkpt lat="33.864848055555555" lon="133.03512388888888">
<ele>57</ele>
</trkpt>
<trkpt lat="33.86488111111111" lon="133.0350861111111">
<ele>57</ele>
</trkpt>
<trkpt lat="33.86518111111111" lon="133.0347988888889">
<ele>59</ele>
</trkpt>
<trkpt lat="33.86603111111111" lon="133.03408611111112">
<ele>63</ele>
</trkpt>
<trkpt lat="33.86625611111111" lon="133.0338111111111">
<ele>64</ele>
</trkpt>
<trkpt lat="33.866565" lon="133.03336194444444">
<ele>66</ele>
</trkpt>
<trkpt lat="33.86689805555555" lon="133.03284888888888">
<ele>68</ele>
</trkpt>
<trkpt lat="33.866998055555555" lon="133.03274888888888">
<ele>68</ele>
</trkpt>
<trkpt lat="33.86721388888889" lon="133.0325488888889">
<ele>69</ele>
</trkpt>
<trkpt lat="33.86732305555556" lon="133.03237388888888">
<ele>70</ele>
</trkpt>
<trkpt lat="33.86748111111111" lon="133.0320738888889">
<ele>71</ele>
</trkpt>
<trkpt lat="33.867598055555554" lon="133.0317988888889">
<ele>72</ele>
</trkpt>
<trkpt lat="33.86786388888889" lon="133.03134888888889">
<ele>73</ele>
</trkpt>
<trkpt lat="33.86819805555555" lon="133.03093694444445">
<ele>75</ele>
</trkpt>
<trkpt lat="33.868338888888886" lon="133.03069888888888">
<ele>77</ele>
</trkpt>
<trkpt lat="33.868498055555555" lon="133.03038694444444">
<ele>78</ele>
</trkpt>
<trkpt lat="33.868723055555556" lon="133.02979888888888">
<ele>81</ele>
</trkpt>
<trkpt lat="33.868898055555555" lon="133.0292488888889">
<ele>81</ele>
</trkpt>
<trkpt lat="33.86895611111111" lon="133.02896194444443">
<ele>83</ele>
</trkpt>
<trkpt lat="33.869081111111115" lon="133.02809888888888">
<ele>86</ele>
</trkpt>
<trkpt lat="33.86918111111111" lon="133.02745">
<ele>87</ele>
</trkpt>
<trkpt lat="33.86918111111111" lon="133.026925">
<ele>89</ele>
</trkpt>
<trkpt lat="33.86923888888889" lon="133.026775">
<ele>89</ele>
</trkpt>
<trkpt lat="33.86931388888889" lon="133.02666194444444">
<ele>90</ele>
</trkpt>
<trkpt lat="33.86946388888889" lon="133.02646194444443">
<ele>91</ele>
</trkpt>
<trkpt lat="33.86964694444445" lon="133.026225">
<ele>92</ele>
</trkpt>
<trkpt lat="33.869838888888886" lon="133.025925">
<ele>94</ele>
</trkpt>
<trkpt lat="33.86998888888889" lon="133.02568694444443">
<ele>95</ele>
</trkpt>
<trkpt lat="33.86999388888889" lon="133.02567805555555">
<ele>95</ele>
</trkpt>
<trkpt lat="33.86999388888889" lon="133.02567805555555">
<ele>95</ele>
</trkpt>
<trkpt lat="33.86998888888889" lon="133.02568694444443">
<ele>95</ele>
</trkpt>
<trkpt lat="33.87126388888889" lon="133.02726194444443">
<ele>92</ele>
</trkpt>
<trkpt lat="33.87168888888889" lon="133.0277738888889">
<ele>91</ele>
</trkpt>
<trkpt lat="33.87183111111111" lon="133.0279488888889">
<ele>91</ele>
</trkpt>
<trkpt lat="33.875821944444446" lon="133.0327988888889">
<ele>79</ele>
</trkpt>
<trkpt lat="33.876355" lon="133.0334488888889">
<ele>76</ele>
</trkpt>
<trkpt lat="33.878171944444446" lon="133.03566111111112">
<ele>67</ele>
</trkpt>
<trkpt lat="33.880055" lon="133.03796111111112">
<ele>62</ele>
</trkpt>
<trkpt lat="33.880155" lon="133.0380861111111">
<ele>62</ele>
</trkpt>
<trkpt lat="33.88054694444445" lon="133.03864805555557">
<ele>60</ele>
</trkpt>
<trkpt lat="33.88098" lon="133.03943611111112">
<ele>58</ele>
</trkpt>
<trkpt lat="33.881096944444444" lon="133.03969805555556">
<ele>57</ele>
</trkpt>
<trkpt lat="33.881163055555554" lon="133.0398361111111">
<ele>57</ele>
</trkpt>
<trkpt lat="33.88128805555556" lon="133.04019805555555">
<ele>56</ele>
</trkpt>
<trkpt lat="33.881413055555555" lon="133.0405861111111">
<ele>54</ele>
</trkpt>
<trkpt lat="33.881996944444445" lon="133.04239805555557">
<ele>49</ele>
</trkpt>
<trkpt lat="33.88234611111111" lon="133.04352305555557">
<ele>45</ele>
</trkpt>
<trkpt lat="33.882488055555555" lon="133.04399805555556">
<ele>43</ele>
</trkpt>
<trkpt lat="33.88286305555555" lon="133.045135">
<ele>40</ele>
</trkpt>
<trkpt lat="33.88333" lon="133.04661">
<ele>38</ele>
</trkpt>
<trkpt lat="33.88342111111111" lon="133.04686">
<ele>38</ele>
</trkpt>
<trkpt lat="33.88352111111111" lon="133.04711">
<ele>37</ele>
</trkpt>
<trkpt lat="33.88371305555555" lon="133.047535">
<ele>37</ele>
</trkpt>
<trkpt lat="33.88388" lon="133.04787305555556">
<ele>37</ele>
</trkpt>
<trkpt lat="33.88413" lon="133.04827194444445">
<ele>36</ele>
</trkpt>
<trkpt lat="33.88413805555555" lon="133.04829694444444">
<ele>36</ele>
</trkpt>
<trkpt lat="33.88433" lon="133.04854694444444">
<ele>36</ele>
</trkpt>
<trkpt lat="33.884571111111114" lon="133.04887194444444">
<ele>36</ele>
</trkpt>
<trkpt lat="33.884863055555556" lon="133.049185">
<ele>35</ele>
</trkpt>
<trkpt lat="33.88507111111111" lon="133.04939694444445">
<ele>35</ele>
</trkpt>
<trkpt lat="33.885355" lon="133.049635">
<ele>35</ele>
</trkpt>
<trkpt lat="33.88563805555555" lon="133.04984694444445">
<ele>35</ele>
</trkpt>
<trkpt lat="33.88598" lon="133.05007194444445">
<ele>34</ele>
</trkpt>
<trkpt lat="33.88639611111111" lon="133.050285">
<ele>33</ele>
</trkpt>
<trkpt lat="33.88679611111111" lon="133.05046">
<ele>32</ele>
</trkpt>
<trkpt lat="33.88751305555556" lon="133.05069694444444">
<ele>31</ele>
</trkpt>
<trkpt lat="33.88856305555556" lon="133.05099694444445">
<ele>31</ele>
</trkpt>
<trkpt lat="33.88917111111111" lon="133.05119694444446">
<ele>30</ele>
</trkpt>
<trkpt lat="33.88925388888889" lon="133.05122194444445">
<ele>30</ele>
</trkpt>
<trkpt lat="33.89000388888889" lon="133.05144694444445">
<ele>29</ele>
</trkpt>
<trkpt lat="33.89149611111111" lon="133.05189694444445">
<ele>29</ele>
</trkpt>
<trkpt lat="33.891511944444446" lon="133.0517688888889">
<ele>29</ele>
</trkpt>
<trkpt lat="33.891511944444446" lon="133.0517688888889">
<ele>29</ele>
</trkpt>
<trkpt lat="33.89149611111111" lon="133.05189694444445">
<ele>29</ele>
</trkpt>
<trkpt lat="33.89248805555555" lon="133.05220888888888">
<ele>29</ele>
</trkpt>
<trkpt lat="33.89315388888889" lon="133.0524088888889">
<ele>29</ele>
</trkpt>
<trkpt lat="33.89470388888889" lon="133.05288388888889">
<ele>26</ele>
</trkpt>
<trkpt lat="33.89486194444444" lon="133.05292194444445">
<ele>26</ele>
</trkpt>
<trkpt lat="33.89498694444445" lon="133.0529588888889">
<ele>26</ele>
</trkpt>
<trkpt lat="33.89597888888889" lon="133.05327194444445">
<ele>26</ele>
</trkpt>
<trkpt lat="33.89645388888889" lon="133.0534088888889">
<ele>25</ele>
</trkpt>
<trkpt lat="33.89697" lon="133.05357194444446">
<ele>24</ele>
</trkpt>
<trkpt lat="33.89702" lon="133.05358388888888">
<ele>24</ele>
</trkpt>
<trkpt lat="33.897528888888885" lon="133.05379694444446">
<ele>24</ele>
</trkpt>
<trkpt lat="33.89782" lon="133.05394694444445">
<ele>24</ele>
</trkpt>
<trkpt lat="33.89801194444444" lon="133.05403388888888">
<ele>23</ele>
</trkpt>
<trkpt lat="33.89812" lon="133.05409694444444">
<ele>23</ele>
</trkpt>
<trkpt lat="33.899503055555556" lon="133.05492194444443">
<ele>22</ele>
</trkpt>
<trkpt lat="33.90101194444444" lon="133.0558088888889">
<ele>20</ele>
</trkpt>
<trkpt lat="33.90112" lon="133.05587194444445">
<ele>20</ele>
</trkpt>
<trkpt lat="33.901228055555556" lon="133.0559338888889">
<ele>20</ele>
</trkpt>
<trkpt lat="33.90132" lon="133.05599694444444">
<ele>20</ele>
</trkpt>
<trkpt lat="33.901403055555555" lon="133.05604694444443">
<ele>20</ele>
</trkpt>
<trkpt lat="33.902003055555554" lon="133.05640888888888">
<ele>19</ele>
</trkpt>
<trkpt lat="33.902411111111114" lon="133.05665888888888">
<ele>19</ele>
</trkpt>
<trkpt lat="33.902636111111114" lon="133.0567838888889">
<ele>19</ele>
</trkpt>
<trkpt lat="33.90302805555555" lon="133.0570211111111">
<ele>19</ele>
</trkpt>
<trkpt lat="33.903195" lon="133.0571461111111">
<ele>19</ele>
</trkpt>
<trkpt lat="33.90347" lon="133.05734611111112">
<ele>19</ele>
</trkpt>
<trkpt lat="33.90382805555556" lon="133.05765888888888">
<ele>19</ele>
</trkpt>
<trkpt lat="33.90435305555555" lon="133.05823388888888">
<ele>19</ele>
</trkpt>
<trkpt lat="33.90483611111111" lon="133.05890888888888">
<ele>19</ele>
</trkpt>
<trkpt lat="33.90486888888889" lon="133.0589588888889">
<ele>19</ele>
</trkpt>
<trkpt lat="33.90528611111111" lon="133.0595338888889">
<ele>19</ele>
</trkpt>
<trkpt lat="33.90601111111111" lon="133.0605711111111">
<ele>18</ele>
</trkpt>
<trkpt lat="33.90691888888889" lon="133.06184611111112">
<ele>17</ele>
</trkpt>
<trkpt lat="33.90747805555556" lon="133.06263305555555">
<ele>16</ele>
</trkpt>
<trkpt lat="33.90842694444444" lon="133.06395805555556">
<ele>15</ele>
</trkpt>
<trkpt lat="33.908566944444445" lon="133.06416">
<ele>15</ele>
</trkpt>
<trkpt lat="33.908566944444445" lon="133.0641588888889">
<ele>15</ele>
</trkpt>
<trkpt lat="33.90842694444444" lon="133.06395805555556">
<ele>15</ele>
</trkpt>
<trkpt lat="33.91056888888889" lon="133.06295805555555">
<ele>15</ele>
</trkpt>
<trkpt lat="33.91081888888889" lon="133.06283305555556">
<ele>15</ele>
</trkpt>
<trkpt lat="33.911451944444444" lon="133.06253305555555">
<ele>15</ele>
</trkpt>
<trkpt lat="33.91186888888889" lon="133.0623461111111">
<ele>15</ele>
</trkpt>
<trkpt lat="33.912101944444444" lon="133.06220805555554">
<ele>15</ele>
</trkpt>
<trkpt lat="33.91229388888889" lon="133.06208305555555">
<ele>15</ele>
</trkpt>
<trkpt lat="33.91254388888889" lon="133.0619211111111">
<ele>15</ele>
</trkpt>
<trkpt lat="33.91266" lon="133.06185888888888">
<ele>15</ele>
</trkpt>
<trkpt lat="33.91271888888889" lon="133.0618088888889">
<ele>15</ele>
</trkpt>
<trkpt lat="33.91346" lon="133.0612338888889">
<ele>14</ele>
</trkpt>
<trkpt lat="33.913835" lon="133.0608711111111">
<ele>14</ele>
</trkpt>
<trkpt lat="33.91436" lon="133.06035888888889">
<ele>13</ele>
</trkpt>
<trkpt lat="33.91455194444445" lon="133.06017111111112">
<ele>13</ele>
</trkpt>
<trkpt lat="33.91505194444444" lon="133.05969611111112">
<ele>13</ele>
</trkpt>
<trkpt lat="33.915951944444444" lon="133.05912111111112">
<ele>13</ele>
</trkpt>
<trkpt lat="33.91684305555555" lon="133.05857111111112">
<ele>12</ele>
</trkpt>
<trkpt lat="33.91771" lon="133.05800888888888">
<ele>12</ele>
</trkpt>
<trkpt lat="33.91791" lon="133.05790888888887">
<ele>12</ele>
</trkpt>
<trkpt lat="33.91827611111111" lon="133.0577461111111">
<ele>12</ele>
</trkpt>
<trkpt lat="33.91841" lon="133.0576838888889">
<ele>12</ele>
</trkpt>
<trkpt lat="33.918868055555556" lon="133.0574711111111">
<ele>12</ele>
</trkpt>
<trkpt lat="33.91951805555556" lon="133.0571711111111">
<ele>12</ele>
</trkpt>
<trkpt lat="33.91967611111111" lon="133.05708388888888">
<ele>12</ele>
</trkpt>
<trkpt lat="33.91980888888889" lon="133.05698388888888">
<ele>12</ele>
</trkpt>
<trkpt lat="33.91997611111111" lon="133.0567961111111">
<ele>12</ele>
</trkpt>
<trkpt lat="33.92050111111111" lon="133.05622194444445">
<ele>12</ele>
</trkpt>
<trkpt lat="33.921776111111114" lon="133.05479694444443">
<ele>14</ele>
</trkpt>
<trkpt lat="33.92198388888889" lon="133.05458388888889">
<ele>14</ele>
</trkpt>
<trkpt lat="33.92261805555555" lon="133.0539588888889">
<ele>15</ele>
</trkpt>
<trkpt lat="33.92280111111111" lon="133.0537588888889">
<ele>15</ele>
</trkpt>
<trkpt lat="33.92440111111111" lon="133.05204694444444">
<ele>16</ele>
</trkpt>
<trkpt lat="33.92499194444444" lon="133.05141">
<ele>17</ele>
</trkpt>
<trkpt lat="33.92573388888889" lon="133.05061">
<ele>19</ele>
</trkpt>
<trkpt lat="33.925866944444444" lon="133.05047194444444">
<ele>19</ele>
</trkpt>
<trkpt lat="33.92593388888889" lon="133.05039694444446">
<ele>19</ele>
</trkpt>
<trkpt lat="33.926025" lon="133.05017194444446">
<ele>20</ele>
</trkpt>
<trkpt lat="33.926275" lon="133.05001">
<ele>20</ele>
</trkpt>
<trkpt lat="33.9265" lon="133.04986">
<ele>20</ele>
</trkpt>
<trkpt lat="33.92662194444444" lon="133.04977694444443">
<ele>20</ele>
</trkpt>
<trkpt lat="33.92662194444444" lon="133.04977694444443">
<ele>20</ele>
</trkpt>
<trkpt lat="33.92819194444444" lon="133.04871">
<ele>24</ele>
</trkpt>
<trkpt lat="33.929125" lon="133.04807305555556">
<ele>26</ele>
</trkpt>
<trkpt lat="33.93" lon="133.047485">
<ele>27</ele>
</trkpt>
<trkpt lat="33.93005" lon="133.04744805555555">
<ele>27</ele>
</trkpt>
<trkpt lat="33.9313" lon="133.04659805555556">
<ele>31</ele>
</trkpt>
<trkpt lat="33.93135" lon="133.04656">
<ele>31</ele>
</trkpt>
<trkpt lat="33.93194111111111" lon="133.046135">
<ele>32</ele>
</trkpt>
<trkpt lat="33.93222388888889" lon="133.045935">
<ele>33</ele>
</trkpt>
<trkpt lat="33.93262388888889" lon="133.04566">
<ele>34</ele>
</trkpt>
<trkpt lat="33.93372388888889" lon="133.04492305555556">
<ele>36</ele>
</trkpt>
<trkpt lat="33.934623888888886" lon="133.04429805555554">
<ele>38</ele>
</trkpt>
<trkpt lat="33.93529111111111" lon="133.04389805555556">
<ele>41</ele>
</trkpt>
<trkpt lat="33.93558194444444" lon="133.04369805555555">
<ele>43</ele>
</trkpt>
<trkpt lat="33.93586611111111" lon="133.04351111111112">
<ele>44</ele>
</trkpt>
<trkpt lat="33.93601611111111" lon="133.04337305555555">
<ele>45</ele>
</trkpt>
<trkpt lat="33.93613194444445" lon="133.04327305555555">
<ele>45</ele>
</trkpt>
<trkpt lat="33.93644111111111" lon="133.04292305555555">
<ele>46</ele>
</trkpt>
<trkpt lat="33.93651611111111" lon="133.0428611111111">
<ele>46</ele>
</trkpt>
<trkpt lat="33.93659111111111" lon="133.04277305555556">
<ele>46</ele>
</trkpt>
<trkpt lat="33.93669111111111" lon="133.04269805555555">
<ele>46</ele>
</trkpt>
<trkpt lat="33.93704888888889" lon="133.04254805555556">
<ele>47</ele>
</trkpt>
<trkpt lat="33.93734888888889" lon="133.04242305555556">
<ele>47</ele>
</trkpt>
<trkpt lat="33.93764888888889" lon="133.04223611111112">
<ele>47</ele>
</trkpt>
<trkpt lat="33.937731944444444" lon="133.0421861111111">
<ele>47</ele>
</trkpt>
<trkpt lat="33.937891111111114" lon="133.04209805555556">
<ele>47</ele>
</trkpt>
<trkpt lat="33.93797388888889" lon="133.04204805555557">
<ele>47</ele>
</trkpt>
<trkpt lat="33.938581944444444" lon="133.04162305555556">
<ele>48</ele>
</trkpt>
<trkpt lat="33.938766111111114" lon="133.0414861111111">
<ele>49</ele>
</trkpt>
<trkpt lat="33.93902388888889" lon="133.04132305555555">
<ele>52</ele>
</trkpt>
<trkpt lat="33.939515" lon="133.0410611111111">
<ele>55</ele>
</trkpt>
<trkpt lat="33.939706944444445" lon="133.0409361111111">
<ele>57</ele>
</trkpt>
<trkpt lat="33.940315" lon="133.0405861111111">
<ele>59</ele>
</trkpt>
<trkpt lat="33.94067388888889" lon="133.0404111111111">
<ele>58</ele>
</trkpt>
<trkpt lat="33.941181944444445" lon="133.0401861111111">
<ele>57</ele>
</trkpt>
<trkpt lat="33.941365" lon="133.04009888888888">
<ele>56</ele>
</trkpt>
<trkpt lat="33.941615" lon="133.03998611111112">
<ele>55</ele>
</trkpt>
<trkpt lat="33.94173194444444" lon="133.0399361111111">
<ele>55</ele>
</trkpt>
<trkpt lat="33.942681944444445" lon="133.03951111111112">
<ele>61</ele>
</trkpt>
<trkpt lat="33.94294" lon="133.0393861111111">
<ele>62</ele>
</trkpt>
<trkpt lat="33.94329" lon="133.0392238888889">
<ele>62</ele>
</trkpt>
<trkpt lat="33.943365" lon="133.03919888888888">
<ele>62</ele>
</trkpt>
<trkpt lat="33.94345694444444" lon="133.03917388888888">
<ele>62</ele>
</trkpt>
<trkpt lat="33.94365694444444" lon="133.0391361111111">
<ele>62</ele>
</trkpt>
<trkpt lat="33.943798055555554" lon="133.0391111111111">
<ele>62</ele>
</trkpt>
<trkpt lat="33.94390694444444" lon="133.0390111111111">
<ele>62</ele>
</trkpt>
<trkpt lat="33.94442305555555" lon="133.0385488888889">
<ele>63</ele>
</trkpt>
<trkpt lat="33.944856944444446" lon="133.03817388888888">
<ele>64</ele>
</trkpt>
<trkpt lat="33.945231944444444" lon="133.03783611111112">
<ele>65</ele>
</trkpt>
<trkpt lat="33.94540611111111" lon="133.0376738888889">
<ele>65</ele>
</trkpt>
<trkpt lat="33.94545611111111" lon="133.0376238888889">
<ele>65</ele>
</trkpt>
<trkpt lat="33.94553111111111" lon="133.0375488888889">
<ele>66</ele>
</trkpt>
<trkpt lat="33.945748055555555" lon="133.0373111111111">
<ele>64</ele>
</trkpt>
<trkpt lat="33.945948055555554" lon="133.0370861111111">
<ele>60</ele>
</trkpt>
<trkpt lat="33.94603111111111" lon="133.03702388888888">
<ele>58</ele>
</trkpt>
<trkpt lat="33.946223055555556" lon="133.0369611111111">
<ele>58</ele>
</trkpt>
<trkpt lat="33.94650611111111" lon="133.0369611111111">
<ele>58</ele>
</trkpt>
<trkpt lat="33.94663111111111" lon="133.0369738888889">
<ele>58</ele>
</trkpt>
<trkpt lat="33.94669805555556" lon="133.0369861111111">
<ele>58</ele>
</trkpt>
<trkpt lat="33.946815" lon="133.0369861111111">
<ele>58</ele>
</trkpt>
<trkpt lat="33.946965" lon="133.0369488888889">
<ele>58</ele>
</trkpt>
<trkpt lat="33.94739" lon="133.0367238888889">
<ele>58</ele>
</trkpt>
<trkpt lat="33.947465" lon="133.03671111111112">
<ele>58</ele>
</trkpt>
<trkpt lat="33.94758111111111" lon="133.03668611111112">
<ele>58</ele>
</trkpt>
<trkpt lat="33.947831111111114" lon="133.03657388888888">
<ele>58</ele>
</trkpt>
<trkpt lat="33.94799" lon="133.0364988888889">
<ele>58</ele>
</trkpt>
<trkpt lat="33.94827305555555" lon="133.0363238888889">
<ele>61</ele>
</trkpt>
<trkpt lat="33.94837305555556" lon="133.03624888888888">
<ele>61</ele>
</trkpt>
<trkpt lat="33.94869805555555" lon="133.03601111111112">
<ele>61</ele>
</trkpt>
<trkpt lat="33.94873111111111" lon="133.0359861111111">
<ele>62</ele>
</trkpt>
<trkpt lat="33.94884" lon="133.03589888888888">
<ele>61</ele>
</trkpt>
<trkpt lat="33.949038888888886" lon="133.0357361111111">
<ele>61</ele>
</trkpt>
<trkpt lat="33.94936388888889" lon="133.0353988888889">
<ele>62</ele>
</trkpt>
<trkpt lat="33.94965611111111" lon="133.03512388888888">
<ele>62</ele>
</trkpt>
<trkpt lat="33.94995611111111" lon="133.0348361111111">
<ele>63</ele>
</trkpt>
<trkpt lat="33.949998055555554" lon="133.03477388888888">
<ele>63</ele>
</trkpt>
<trkpt lat="33.95001388888889" lon="133.0347361111111">
<ele>61</ele>
</trkpt>
<trkpt lat="33.95007611111111" lon="133.03449305555554">
<ele>62</ele>
</trkpt>
<trkpt lat="33.95007611111111" lon="133.03449305555554">
<ele>62</ele>
</trkpt>
<trkpt lat="33.95013111111111" lon="133.0342738888889">
<ele>63</ele>
</trkpt>
<trkpt lat="33.95018888888889" lon="133.03407388888888">
<ele>65</ele>
</trkpt>
<trkpt lat="33.95043111111111" lon="133.0335988888889">
<ele>63</ele>
</trkpt>
<trkpt lat="33.95083888888889" lon="133.0327738888889">
<ele>63</ele>
</trkpt>
<trkpt lat="33.95095611111111" lon="133.03251194444445">
<ele>64</ele>
</trkpt>
<trkpt lat="33.951056111111114" lon="133.0323488888889">
<ele>64</ele>
</trkpt>
<trkpt lat="33.95123111111111" lon="133.0322238888889">
<ele>63</ele>
</trkpt>
<trkpt lat="33.95158111111111" lon="133.0320238888889">
<ele>60</ele>
</trkpt>
<trkpt lat="33.95171388888889" lon="133.03198694444444">
<ele>65</ele>
</trkpt>
<trkpt lat="33.95182194444445" lon="133.0320238888889">
<ele>64</ele>
</trkpt>
<trkpt lat="33.95189805555555" lon="133.0321238888889">
<ele>66</ele>
</trkpt>
<trkpt lat="33.951948055555555" lon="133.03226194444446">
<ele>66</ele>
</trkpt>
<trkpt lat="33.95195611111111" lon="133.03233694444444">
<ele>70</ele>
</trkpt>
<trkpt lat="33.95196388888889" lon="133.03241194444445">
<ele>70</ele>
</trkpt>
<trkpt lat="33.95198888888889" lon="133.03263694444445">
<ele>72</ele>
</trkpt>
<trkpt lat="33.95202305555556" lon="133.03283694444445">
<ele>73</ele>
</trkpt>
<trkpt lat="33.95208111111111" lon="133.03296194444445">
<ele>72</ele>
</trkpt>
<trkpt lat="33.95215611111111" lon="133.03303694444443">
<ele>72</ele>
</trkpt>
<trkpt lat="33.95225611111111" lon="133.03306194444446">
<ele>72</ele>
</trkpt>
<trkpt lat="33.952348055555554" lon="133.03304888888889">
<ele>71</ele>
</trkpt>
<trkpt lat="33.95243888888889" lon="133.03296194444445">
<ele>73</ele>
</trkpt>
<trkpt lat="33.95248888888889" lon="133.03286194444445">
<ele>74</ele>
</trkpt>
<trkpt lat="33.95249694444445" lon="133.03272388888888">
<ele>76</ele>
</trkpt>
<trkpt lat="33.952263888888886" lon="133.03102388888888">
<ele>82</ele>
</trkpt>
<trkpt lat="33.95225611111111" lon="133.03089888888888">
<ele>84</ele>
</trkpt>
<trkpt lat="33.95228888888889" lon="133.03079888888888">
<ele>85</ele>
</trkpt>
<trkpt lat="33.95236388888889" lon="133.03069888888888">
<ele>91</ele>
</trkpt>
<trkpt lat="33.952463888888886" lon="133.03066194444443">
<ele>94</ele>
</trkpt>
<trkpt lat="33.952573055555554" lon="133.03067388888888">
<ele>93</ele>
</trkpt>
<trkpt lat="33.95271388888889" lon="133.03076194444444">
<ele>95</ele>
</trkpt>
<trkpt lat="33.95280611111111" lon="133.0308488888889">
<ele>94</ele>
</trkpt>
<trkpt lat="33.95286388888889" lon="133.0309488888889">
<ele>92</ele>
</trkpt>
<trkpt lat="33.95289694444445" lon="133.0310738888889">
<ele>94</ele>
</trkpt>
<trkpt lat="33.95303111111111" lon="133.03182388888888">
<ele>95</ele>
</trkpt>
<trkpt lat="33.953113888888886" lon="133.0319738888889">
<ele>96</ele>
</trkpt>
<trkpt lat="33.953223055555554" lon="133.03206194444445">
<ele>95</ele>
</trkpt>
<trkpt lat="33.95334805555556" lon="133.0320988888889">
<ele>95</ele>
</trkpt>
<trkpt lat="33.953473055555556" lon="133.0320988888889">
<ele>95</ele>
</trkpt>
<trkpt lat="33.95363888888889" lon="133.0320738888889">
<ele>94</ele>
</trkpt>
<trkpt lat="33.95375611111111" lon="133.0320238888889">
<ele>93</ele>
</trkpt>
<trkpt lat="33.95394805555556" lon="133.0318738888889">
<ele>94</ele>
</trkpt>
<trkpt lat="33.95506388888889" lon="133.0310988888889">
<ele>105</ele>
</trkpt>
<trkpt lat="33.95541388888889" lon="133.0307738888889">
<ele>113</ele>
</trkpt>
<trkpt lat="33.955556111111115" lon="133.03071194444445">
<ele>111</ele>
</trkpt>
<trkpt lat="33.955688888888886" lon="133.03068694444445">
<ele>111</ele>
</trkpt>
<trkpt lat="33.95580611111111" lon="133.03071194444445">
<ele>111</ele>
</trkpt>
<trkpt lat="33.95591388888889" lon="133.03079888888888">
<ele>112</ele>
</trkpt>
<trkpt lat="33.95597194444444" lon="133.03088694444443">
<ele>112</ele>
</trkpt>
<trkpt lat="33.95599694444444" lon="133.03092388888888">
<ele>112</ele>
</trkpt>
<trkpt lat="33.956181111111114" lon="133.03128694444445">
<ele>115</ele>
</trkpt>
<trkpt lat="33.95621388888889" lon="133.03137388888888">
<ele>116</ele>
</trkpt>
<trkpt lat="33.95623111111111" lon="133.03146194444443">
<ele>119</ele>
</trkpt>
<trkpt lat="33.956221944444444" lon="133.0315238888889">
<ele>119</ele>
</trkpt>
<trkpt lat="33.95617194444444" lon="133.0316738888889">
<ele>116</ele>
</trkpt>
<trkpt lat="33.95609694444445" lon="133.03181194444446">
<ele>120</ele>
</trkpt>
<trkpt lat="33.955981111111115" lon="133.03191194444443">
<ele>125</ele>
</trkpt>
<trkpt lat="33.95550611111111" lon="133.03208694444444">
<ele>125</ele>
</trkpt>
<trkpt lat="33.955421944444446" lon="133.03217388888888">
<ele>124</ele>
</trkpt>
<trkpt lat="33.955348055555554" lon="133.03231194444444">
<ele>126</ele>
</trkpt>
<trkpt lat="33.95532305555555" lon="133.0324738888889">
<ele>125</ele>
</trkpt>
<trkpt lat="33.955331111111114" lon="133.03261194444445">
<ele>123</ele>
</trkpt>
<trkpt lat="33.955556111111115" lon="133.03308694444445">
<ele>125</ele>
</trkpt>
<trkpt lat="33.95563111111111" lon="133.03327388888889">
<ele>127</ele>
</trkpt>
<trkpt lat="33.95573111111111" lon="133.03351194444446">
<ele>125</ele>
</trkpt>
<trkpt lat="33.95583111111111" lon="133.0336988888889">
<ele>123</ele>
</trkpt>
<trkpt lat="33.95625611111111" lon="133.03418694444446">
<ele>129</ele>
</trkpt>
<trkpt lat="33.95641388888889" lon="133.0343488888889">
<ele>136</ele>
</trkpt>
<trkpt lat="33.956538888888886" lon="133.03438694444444">
<ele>137</ele>
</trkpt>
<trkpt lat="33.956696944444445" lon="133.0343738888889">
<ele>138</ele>
</trkpt>
<trkpt lat="33.95685611111111" lon="133.0342738888889">
<ele>137</ele>
</trkpt>
<trkpt lat="33.95695611111111" lon="133.03413694444444">
<ele>137</ele>
</trkpt>
<trkpt lat="33.95698888888889" lon="133.03397388888888">
<ele>137</ele>
</trkpt>
<trkpt lat="33.95697194444445" lon="133.0337988888889">
<ele>138</ele>
</trkpt>
<trkpt lat="33.95691388888889" lon="133.03364888888888">
<ele>139</ele>
</trkpt>
<trkpt lat="33.95677194444445" lon="133.03352388888888">
<ele>143</ele>
</trkpt>
<trkpt lat="33.95648111111111" lon="133.0333738888889">
<ele>142</ele>
</trkpt>
<trkpt lat="33.956381111111114" lon="133.03326194444443">
<ele>142</ele>
</trkpt>
<trkpt lat="33.95632194444445" lon="133.0331488888889">
<ele>142</ele>
</trkpt>
<trkpt lat="33.956313888888886" lon="133.03301194444444">
<ele>143</ele>
</trkpt>
<trkpt lat="33.95633888888889" lon="133.03291194444444">
<ele>146</ele>
</trkpt>
<trkpt lat="33.95641388888889" lon="133.03278694444444">
<ele>146</ele>
</trkpt>
<trkpt lat="33.95662194444444" lon="133.03262388888888">
<ele>144</ele>
</trkpt>
<trkpt lat="33.95702194444444" lon="133.03236194444443">
<ele>147</ele>
</trkpt>
<trkpt lat="33.95713111111111" lon="133.03226194444446">
<ele>146</ele>
</trkpt>
<trkpt lat="33.95718111111111" lon="133.03214888888888">
<ele>144</ele>
</trkpt>
<trkpt lat="33.95720611111111" lon="133.03188694444444">
<ele>146</ele>
</trkpt>
<trkpt lat="33.95728111111111" lon="133.03173694444445">
<ele>151</ele>
</trkpt>
<trkpt lat="33.95738111111111" lon="133.03166194444444">
<ele>156</ele>
</trkpt>
<trkpt lat="33.95756388888889" lon="133.03159888888888">
<ele>158</ele>
</trkpt>
<trkpt lat="33.95768888888889" lon="133.0315238888889">
<ele>157</ele>
</trkpt>
<trkpt lat="33.95776388888889" lon="133.03141194444444">
<ele>155</ele>
</trkpt>
<trkpt lat="33.957813888888886" lon="133.03127388888888">
<ele>157</ele>
</trkpt>
<trkpt lat="33.957813888888886" lon="133.0309988888889">
<ele>157</ele>
</trkpt>
<trkpt lat="33.95784694444445" lon="133.0308738888889">
<ele>155</ele>
</trkpt>
<trkpt lat="33.95791388888889" lon="133.0307488888889">
<ele>156</ele>
</trkpt>
<trkpt lat="33.95836388888889" lon="133.03036194444445">
<ele>168</ele>
</trkpt>
<trkpt lat="33.95849694444444" lon="133.03022388888888">
<ele>167</ele>
</trkpt>
<trkpt lat="33.95858111111111" lon="133.03011194444446">
<ele>165</ele>
</trkpt>
<trkpt lat="33.95874694444444" lon="133.02967388888888">
<ele>165</ele>
</trkpt>
<trkpt lat="33.958821944444445" lon="133.02954888888888">
<ele>165</ele>
</trkpt>
<trkpt lat="33.95892194444444" lon="133.0294738888889">
<ele>165</ele>
</trkpt>
<trkpt lat="33.95909694444445" lon="133.02942388888889">
<ele>163</ele>
</trkpt>
<trkpt lat="33.959246944444445" lon="133.0293738888889">
<ele>166</ele>
</trkpt>
<trkpt lat="33.95938888888889" lon="133.0292738888889">
<ele>167</ele>
</trkpt>
<trkpt lat="33.95958" lon="133.02908694444446">
<ele>176</ele>
</trkpt>
<trkpt lat="33.960705" lon="133.027825">
<ele>179</ele>
</trkpt>
<trkpt lat="33.960796944444446" lon="133.027675">
<ele>187</ele>
</trkpt>
<trkpt lat="33.96092194444444" lon="133.027375">
<ele>188</ele>
</trkpt>
<trkpt lat="33.96103" lon="133.0273">
<ele>189</ele>
</trkpt>
<trkpt lat="33.96112194444444" lon="133.02726194444443">
<ele>189</ele>
</trkpt>
<trkpt lat="33.96123" lon="133.02726194444443">
<ele>188</ele>
</trkpt>
<trkpt lat="33.96141388888889" lon="133.027325">
<ele>188</ele>
</trkpt>
<trkpt lat="33.96158" lon="133.02738694444446">
<ele>188</ele>
</trkpt>
<trkpt lat="33.96198888888889" lon="133.02746194444444">
<ele>182</ele>
</trkpt>
<trkpt lat="33.962205" lon="133.027525">
<ele>178</ele>
</trkpt>
<trkpt lat="33.962338055555556" lon="133.027575">
<ele>177</ele>
</trkpt>
<trkpt lat="33.96242194444444" lon="133.02766194444445">
<ele>177</ele>
</trkpt>
<trkpt lat="33.962455" lon="133.02778694444444">
<ele>176</ele>
</trkpt>
<trkpt lat="33.962471944444445" lon="133.02813694444444">
<ele>174</ele>
</trkpt>
<trkpt lat="33.96252194444445" lon="133.02831194444445">
<ele>174</ele>
</trkpt>
<trkpt lat="33.962655" lon="133.02843694444445">
<ele>175</ele>
</trkpt>
<trkpt lat="33.96343" lon="133.02896194444443">
<ele>162</ele>
</trkpt>
<trkpt lat="33.964438055555554" lon="133.02996194444444">
<ele>154</ele>
</trkpt>
<trkpt lat="33.96453805555556" lon="133.03013694444445">
<ele>155</ele>
</trkpt>
<trkpt lat="33.964888055555555" lon="133.03111194444443">
<ele>147</ele>
</trkpt>
<trkpt lat="33.96489694444445" lon="133.03141194444444">
<ele>144</ele>
</trkpt>
<trkpt lat="33.96483805555555" lon="133.03171194444445">
<ele>144</ele>
</trkpt>
<trkpt lat="33.964688055555555" lon="133.03211194444444">
<ele>138</ele>
</trkpt>
<trkpt lat="33.96467194444445" lon="133.03231194444444">
<ele>135</ele>
</trkpt>
<trkpt lat="33.96472305555555" lon="133.03238805555554">
<ele>134</ele>
</trkpt>
<trkpt lat="33.96472305555555" lon="133.03238805555554">
<ele>134</ele>
</trkpt>
<trkpt lat="33.96478805555556" lon="133.03248694444446">
<ele>131</ele>
</trkpt>
<trkpt lat="33.964955" lon="133.0324738888889">
<ele>131</ele>
</trkpt>
<trkpt lat="33.96509694444445" lon="133.03239888888888">
<ele>132</ele>
</trkpt>
<trkpt lat="33.96533" lon="133.0320738888889">
<ele>133</ele>
</trkpt>
<trkpt lat="33.965555" lon="133.03183694444445">
<ele>127</ele>
</trkpt>
<trkpt lat="33.96574694444445" lon="133.03173694444445">
<ele>123</ele>
</trkpt>
<trkpt lat="33.96597194444445" lon="133.03171194444445">
<ele>123</ele>
</trkpt>
<trkpt lat="33.966613055555555" lon="133.03178694444443">
<ele>121</ele>
</trkpt>
<trkpt lat="33.967146944444444" lon="133.0317488888889">
<ele>118</ele>
</trkpt>
<trkpt lat="33.968046944444446" lon="133.0316238888889">
<ele>111</ele>
</trkpt>
<trkpt lat="33.968905" lon="133.03143694444444">
<ele>112</ele>
</trkpt>
<trkpt lat="33.96926305555556" lon="133.0313238888889">
<ele>113</ele>
</trkpt>
<trkpt lat="33.969705" lon="133.0309988888889">
<ele>101</ele>
</trkpt>
<trkpt lat="33.970171111111114" lon="133.03068694444445">
<ele>96</ele>
</trkpt>
<trkpt lat="33.97033805555556" lon="133.03047388888888">
<ele>94</ele>
</trkpt>
<trkpt lat="33.97057111111111" lon="133.03016194444444">
<ele>91</ele>
</trkpt>
<trkpt lat="33.97093" lon="133.0296488888889">
<ele>92</ele>
</trkpt>
<trkpt lat="33.971255" lon="133.0290738888889">
<ele>86</ele>
</trkpt>
<trkpt lat="33.971605" lon="133.0284488888889">
<ele>88</ele>
</trkpt>
<trkpt lat="33.97224611111111" lon="133.02742388888888">
<ele>87</ele>
</trkpt>
<trkpt lat="33.97251305555555" lon="133.02694888888888">
<ele>84</ele>
</trkpt>
<trkpt lat="33.97279611111111" lon="133.02653694444444">
<ele>85</ele>
</trkpt>
<trkpt lat="33.97292111111111" lon="133.026375">
<ele>83</ele>
</trkpt>
<trkpt lat="33.97311305555556" lon="133.02618694444445">
<ele>80</ele>
</trkpt>
<trkpt lat="33.97393805555556" lon="133.02551194444445">
<ele>77</ele>
</trkpt>
<trkpt lat="33.97441305555556" lon="133.02518694444444">
<ele>77</ele>
</trkpt>
<trkpt lat="33.97488694444444" lon="133.024875">
<ele>78</ele>
</trkpt>
<trkpt lat="33.97526194444445" lon="133.02466194444443">
<ele>78</ele>
</trkpt>
<trkpt lat="33.97577888888889" lon="133.024375">
<ele>73</ele>
</trkpt>
<trkpt lat="33.97670388888889" lon="133.023925">
<ele>62</ele>
</trkpt>
<trkpt lat="33.97701194444444" lon="133.023775">
<ele>63</ele>
</trkpt>
<trkpt lat="33.97764611111111" lon="133.023375">
<ele>61</ele>
</trkpt>
<trkpt lat="33.978458055555556" lon="133.02286194444446">
<ele>58</ele>
</trkpt>
<trkpt lat="33.978458055555556" lon="133.02286194444446">
<ele>58</ele>
</trkpt>
<trkpt lat="33.97853694444444" lon="133.02281194444444">
<ele>57</ele>
</trkpt>
<trkpt lat="33.97853694444444" lon="133.0224">
<ele>57</ele>
</trkpt>
<trkpt lat="33.97852888888889" lon="133.02116305555555">
<ele>62</ele>
</trkpt>
<trkpt lat="33.978561944444444" lon="133.01991305555555">
<ele>65</ele>
</trkpt>
<trkpt lat="33.97857111111111" lon="133.01936194444446">
<ele>71</ele>
</trkpt>
<trkpt lat="33.97857888888889" lon="133.01901305555555">
<ele>76</ele>
</trkpt>
<trkpt lat="33.97857" lon="133.01873694444444">
<ele>78</ele>
</trkpt>
<trkpt lat="33.978561944444444" lon="133.01861194444444">
<ele>78</ele>
</trkpt>
<trkpt lat="33.97850388888889" lon="133.01831305555555">
<ele>77</ele>
</trkpt>
<trkpt lat="33.97842" lon="133.01786194444443">
<ele>78</ele>
</trkpt>
<trkpt lat="33.97837" lon="133.01753805555555">
<ele>77</ele>
</trkpt>
<trkpt lat="33.978361944444444" lon="133.01706305555555">
<ele>76</ele>
</trkpt>
<trkpt lat="33.97840388888889" lon="133.0169">
<ele>75</ele>
</trkpt>
<trkpt lat="33.97847888888889" lon="133.016725">
<ele>74</ele>
</trkpt>
<trkpt lat="33.97857888888889" lon="133.0166">
<ele>74</ele>
</trkpt>
<trkpt lat="33.97872888888889" lon="133.01646305555556">
<ele>74</ele>
</trkpt>
<trkpt lat="33.97962" lon="133.01593805555555">
<ele>74</ele>
</trkpt>
<trkpt lat="33.979745" lon="133.01585">
<ele>73</ele>
</trkpt>
<trkpt lat="33.97983694444444" lon="133.015675">
<ele>73</ele>
</trkpt>
<trkpt lat="33.97987" lon="133.01543805555556">
<ele>73</ele>
</trkpt>
<trkpt lat="33.979895" lon="133.0152">
<ele>72</ele>
</trkpt>
<trkpt lat="33.97987805555555" lon="133.01321305555555">
<ele>71</ele>
</trkpt>
<trkpt lat="33.979895" lon="133.0125011111111">
<ele>75</ele>
</trkpt>
<trkpt lat="33.97987" lon="133.01190111111111">
<ele>77</ele>
</trkpt>
<trkpt lat="33.97980305555556" lon="133.0115761111111">
<ele>78</ele>
</trkpt>
<trkpt lat="33.979745" lon="133.01141305555555">
<ele>78</ele>
</trkpt>
<trkpt lat="33.97965305555555" lon="133.01120111111112">
<ele>81</ele>
</trkpt>
<trkpt lat="33.979353055555556" lon="133.01063805555555">
<ele>82</ele>
</trkpt>
<trkpt lat="33.978211944444446" lon="133.00860111111112">
<ele>83</ele>
</trkpt>
<trkpt lat="33.977511944444444" lon="133.00735111111112">
<ele>89</ele>
</trkpt>
<trkpt lat="33.977245" lon="133.00688888888888">
<ele>93</ele>
</trkpt>
<trkpt lat="33.97712805555555" lon="133.0066888888889">
<ele>94</ele>
</trkpt>
<trkpt lat="33.97702805555556" lon="133.0065261111111">
<ele>95</ele>
</trkpt>
<trkpt lat="33.97697" lon="133.00645111111112">
<ele>95</ele>
</trkpt>
<trkpt lat="33.976928055555554" lon="133.0064011111111">
<ele>95</ele>
</trkpt>
<trkpt lat="33.97682" lon="133.00635111111112">
<ele>95</ele>
</trkpt>
<trkpt lat="33.976495" lon="133.00621388888888">
<ele>96</ele>
</trkpt>
<trkpt lat="33.975595" lon="133.00573888888889">
<ele>97</ele>
</trkpt>
<trkpt lat="33.975186944444445" lon="133.0054011111111">
<ele>97</ele>
</trkpt>
<trkpt lat="33.97495305555555" lon="133.0051761111111">
<ele>95</ele>
</trkpt>
<trkpt lat="33.974736944444444" lon="133.0049138888889">
<ele>94</ele>
</trkpt>
<trkpt lat="33.97457" lon="133.0045761111111">
<ele>95</ele>
</trkpt>
<trkpt lat="33.974445" lon="133.0043761111111">
<ele>95</ele>
</trkpt>
<trkpt lat="33.97435388888889" lon="133.0043138888889">
<ele>98</ele>
</trkpt>
<trkpt lat="33.974286944444444" lon="133.00430111111112">
<ele>102</ele>
</trkpt>
<trkpt lat="33.97402" lon="133.0043511111111">
<ele>102</ele>
</trkpt>
<trkpt lat="33.97390388888889" lon="133.0043511111111">
<ele>102</ele>
</trkpt>
<trkpt lat="33.973745" lon="133.00430111111112">
<ele>105</ele>
</trkpt>
<trkpt lat="33.97358694444444" lon="133.0042138888889">
<ele>105</ele>
</trkpt>
<trkpt lat="33.97338694444444" lon="133.00407611111112">
<ele>104</ele>
</trkpt>
<trkpt lat="33.973286944444446" lon="133.0040011111111">
<ele>102</ele>
</trkpt>
<trkpt lat="33.97315388888889" lon="133.0038638888889">
<ele>103</ele>
</trkpt>
<trkpt lat="33.973036944444445" lon="133.0037011111111">
<ele>102</ele>
</trkpt>
<trkpt lat="33.97302805555555" lon="133.0036861111111">
<ele>103</ele>
</trkpt>
<trkpt lat="33.97302694444444" lon="133.0036861111111">
<ele>103</ele>
</trkpt>
<trkpt lat="33.972945" lon="133.0035511111111">
<ele>104</ele>
</trkpt>
<trkpt lat="33.97277" lon="133.0030888888889">
<ele>111</ele>
</trkpt>
<trkpt lat="33.97275388888889" lon="133.00292611111112">
<ele>112</ele>
</trkpt>
<trkpt lat="33.972745" lon="133.0027388888889">
<ele>112</ele>
</trkpt>
<trkpt lat="33.97277" lon="133.0026138888889">
<ele>111</ele>
</trkpt>
<trkpt lat="33.97285388888889" lon="133.0023138888889">
<ele>112</ele>
</trkpt>
<trkpt lat="33.973036944444445" lon="133.00168888888888">
<ele>115</ele>
</trkpt>
<trkpt lat="33.97327" lon="133.00075194444443">
<ele>117</ele>
</trkpt>
<trkpt lat="33.973503055555554" lon="132.99937694444444">
<ele>125</ele>
</trkpt>
<trkpt lat="33.97353694444445" lon="132.99875194444445">
<ele>125</ele>
</trkpt>
<trkpt lat="33.973528055555555" lon="132.9985638888889">
<ele>125</ele>
</trkpt>
<trkpt lat="33.973495" lon="132.99825194444443">
<ele>127</ele>
</trkpt>
<trkpt lat="33.973395" lon="132.9976638888889">
<ele>132</ele>
</trkpt>
<trkpt lat="33.973345" lon="132.9974388888889">
<ele>133</ele>
</trkpt>
<trkpt lat="33.97332" lon="132.99693888888888">
<ele>131</ele>
</trkpt>
<trkpt lat="33.97333694444445" lon="132.99682694444445">
<ele>133</ele>
</trkpt>
<trkpt lat="33.97341194444444" lon="132.9964388888889">
<ele>134</ele>
</trkpt>
<trkpt lat="33.97356194444444" lon="132.99607694444444">
<ele>137</ele>
</trkpt>
<trkpt lat="33.97367805555555" lon="132.99588888888889">
<ele>138</ele>
</trkpt>
<trkpt lat="33.973728055555554" lon="132.99562694444444">
<ele>135</ele>
</trkpt>
<trkpt lat="33.97371111111111" lon="132.9955138888889">
<ele>138</ele>
</trkpt>
<trkpt lat="33.97360305555556" lon="132.9951638888889">
<ele>147</ele>
</trkpt>
<trkpt lat="33.973295" lon="132.994465">
<ele>144</ele>
</trkpt>
<trkpt lat="33.973245" lon="132.99425194444444">
<ele>145</ele>
</trkpt>
<trkpt lat="33.97333611111111" lon="132.99350194444443">
<ele>147</ele>
</trkpt>
<trkpt lat="33.97332" lon="132.993265">
<ele>144</ele>
</trkpt>
<trkpt lat="33.97322805555556" lon="132.99295194444446">
<ele>146</ele>
</trkpt>
<trkpt lat="33.97322" lon="132.99285194444445">
<ele>144</ele>
</trkpt>
<trkpt lat="33.97322805555556" lon="132.991365">
<ele>157</ele>
</trkpt>
<trkpt lat="33.973278055555554" lon="132.990815">
<ele>155</ele>
</trkpt>
<trkpt lat="33.97336111111111" lon="132.990465">
<ele>166</ele>
</trkpt>
<trkpt lat="33.97341111111111" lon="132.990265">
<ele>165</ele>
</trkpt>
<trkpt lat="33.97347" lon="132.98992694444445">
<ele>167</ele>
</trkpt>
<trkpt lat="33.973545" lon="132.98959">
<ele>165</ele>
</trkpt>
<trkpt lat="33.97366111111111" lon="132.98894">
<ele>171</ele>
</trkpt>
<trkpt lat="33.97370305555555" lon="132.98882805555556">
<ele>172</ele>
</trkpt>
<trkpt lat="33.97379388888889" lon="132.988615">
<ele>172</ele>
</trkpt>
<trkpt lat="33.97396888888889" lon="132.98835305555556">
<ele>174</ele>
</trkpt>
<trkpt lat="33.97407805555556" lon="132.988165">
<ele>175</ele>
</trkpt>
<trkpt lat="33.974136111111115" lon="132.98800305555557">
<ele>176</ele>
</trkpt>
<trkpt lat="33.97423611111111" lon="132.98767805555556">
<ele>175</ele>
</trkpt>
<trkpt lat="33.97431888888889" lon="132.987565">
<ele>174</ele>
</trkpt>
<trkpt lat="33.974761111111114" lon="132.987065">
<ele>173</ele>
</trkpt>
<trkpt lat="33.97521888888889" lon="132.98667805555556">
<ele>173</ele>
</trkpt>
<trkpt lat="33.97535305555556" lon="132.98660305555555">
<ele>175</ele>
</trkpt>
<trkpt lat="33.97556888888889" lon="132.98635305555555">
<ele>182</ele>
</trkpt>
<trkpt lat="33.97569388888889" lon="132.9860661111111">
<ele>185</ele>
</trkpt>
<trkpt lat="33.97578611111111" lon="132.98560305555554">
<ele>186</ele>
</trkpt>
<trkpt lat="33.97580305555555" lon="132.9855161111111">
<ele>185</ele>
</trkpt>
<trkpt lat="33.97591111111111" lon="132.9851911111111">
<ele>185</ele>
</trkpt>
<trkpt lat="33.97596111111111" lon="132.98485305555556">
<ele>184</ele>
</trkpt>
<trkpt lat="33.975901944444445" lon="132.98467805555555">
<ele>184</ele>
</trkpt>
<trkpt lat="33.97556111111111" lon="132.9844161111111">
<ele>187</ele>
</trkpt>
<trkpt lat="33.975411111111114" lon="132.9839161111111">
<ele>185</ele>
</trkpt>
<trkpt lat="33.975411111111114" lon="132.9837411111111">
<ele>187</ele>
</trkpt>
<trkpt lat="33.97542694444444" lon="132.98337805555556">
<ele>190</ele>
</trkpt>
<trkpt lat="33.97539388888889" lon="132.98321611111112">
<ele>195</ele>
</trkpt>
<trkpt lat="33.97523611111111" lon="132.98297805555555">
<ele>196</ele>
</trkpt>
<trkpt lat="33.97516888888889" lon="132.98285305555555">
<ele>194</ele>
</trkpt>
<trkpt lat="33.97515194444444" lon="132.9827911111111">
<ele>194</ele>
</trkpt>
<trkpt lat="33.97517805555555" lon="132.98255305555554">
<ele>200</ele>
</trkpt>
<trkpt lat="33.97517805555555" lon="132.98221611111111">
<ele>201</ele>
</trkpt>
<trkpt lat="33.97521111111111" lon="132.98206611111112">
<ele>201</ele>
</trkpt>
<trkpt lat="33.97539388888889" lon="132.98162805555555">
<ele>206</ele>
</trkpt>
<trkpt lat="33.97537805555555" lon="132.98147805555556">
<ele>206</ele>
</trkpt>
<trkpt lat="33.97534388888889" lon="132.98141611111112">
<ele>207</ele>
</trkpt>
<trkpt lat="33.975276944444445" lon="132.9813661111111">
<ele>207</ele>
</trkpt>
<trkpt lat="33.97519388888889" lon="132.98140305555555">
<ele>209</ele>
</trkpt>
<trkpt lat="33.97506111111111" lon="132.98161611111112">
<ele>207</ele>
</trkpt>
<trkpt lat="33.97492694444445" lon="132.98162805555555">
<ele>208</ele>
</trkpt>
<trkpt lat="33.974693888888886" lon="132.98139111111112">
<ele>212</ele>
</trkpt>
<trkpt lat="33.974176944444444" lon="132.9811161111111">
<ele>212</ele>
</trkpt>
<trkpt lat="33.97401888888889" lon="132.9810161111111">
<ele>215</ele>
</trkpt>
<trkpt lat="33.97378611111111" lon="132.98074111111112">
<ele>226</ele>
</trkpt>
<trkpt lat="33.97362694444445" lon="132.98061611111112">
<ele>227</ele>
</trkpt>
<trkpt lat="33.97346888888889" lon="132.9806288888889">
<ele>225</ele>
</trkpt>
<trkpt lat="33.97327694444444" lon="132.98074111111112">
<ele>225</ele>
</trkpt>
<trkpt lat="33.97308611111111" lon="132.98090305555556">
<ele>225</ele>
</trkpt>
<trkpt lat="33.97291111111111" lon="132.98116611111112">
<ele>224</ele>
</trkpt>
<trkpt lat="33.97281888888889" lon="132.9812661111111">
<ele>224</ele>
</trkpt>
<trkpt lat="33.97269388888889" lon="132.98129111111112">
<ele>226</ele>
</trkpt>
<trkpt lat="33.972503055555556" lon="132.9813411111111">
<ele>227</ele>
</trkpt>
<trkpt lat="33.972428055555554" lon="132.98129111111112">
<ele>230</ele>
</trkpt>
<trkpt lat="33.97241888888889" lon="132.98120305555557">
<ele>233</ele>
</trkpt>
<trkpt lat="33.97249388888889" lon="132.9811161111111">
<ele>232</ele>
</trkpt>
<trkpt lat="33.97275305555556" lon="132.98097805555557">
<ele>237</ele>
</trkpt>
<trkpt lat="33.972901944444445" lon="132.98084111111112">
<ele>231</ele>
</trkpt>
<trkpt lat="33.973128055555556" lon="132.98051611111111">
<ele>240</ele>
</trkpt>
<trkpt lat="33.973301944444444" lon="132.98014111111112">
<ele>245</ele>
</trkpt>
<trkpt lat="33.97337805555556" lon="132.9800911111111">
<ele>247</ele>
</trkpt>
<trkpt lat="33.97345305555555" lon="132.98012888888888">
<ele>246</ele>
</trkpt>
<trkpt lat="33.97387805555555" lon="132.9804411111111">
<ele>245</ele>
</trkpt>
<trkpt lat="33.974003055555556" lon="132.98049111111112">
<ele>244</ele>
</trkpt>
<trkpt lat="33.97411888888889" lon="132.98050388888888">
<ele>245</ele>
</trkpt>
<trkpt lat="33.974268888888886" lon="132.98047888888888">
<ele>243</ele>
</trkpt>
<trkpt lat="33.97439388888889" lon="132.98039111111112">
<ele>245</ele>
</trkpt>
<trkpt lat="33.97452694444444" lon="132.9801038888889">
<ele>247</ele>
</trkpt>
<trkpt lat="33.97454388888889" lon="132.97971611111112">
<ele>246</ele>
</trkpt>
<trkpt lat="33.974561111111115" lon="132.9795038888889">
<ele>249</ele>
</trkpt>
<trkpt lat="33.97461111111111" lon="132.9794411111111">
<ele>256</ele>
</trkpt>
<trkpt lat="33.97468611111111" lon="132.9794411111111">
<ele>260</ele>
</trkpt>
<trkpt lat="33.97484388888889" lon="132.97957888888888">
<ele>253</ele>
</trkpt>
<trkpt lat="33.975076944444446" lon="132.9796661111111">
<ele>257</ele>
</trkpt>
<trkpt lat="33.97519388888889" lon="132.9796288888889">
<ele>256</ele>
</trkpt>
<trkpt lat="33.97531111111111" lon="132.9795038888889">
<ele>257</ele>
</trkpt>
<trkpt lat="33.97559388888889" lon="132.9792038888889">
<ele>256</ele>
</trkpt>
<trkpt lat="33.97571111111111" lon="132.9790788888889">
<ele>255</ele>
</trkpt>
<trkpt lat="33.97580194444444" lon="132.97891611111112">
<ele>254</ele>
</trkpt>
<trkpt lat="33.97588611111111" lon="132.9786038888889">
<ele>265</ele>
</trkpt>
<trkpt lat="33.976101944444444" lon="132.97834111111112">
<ele>264</ele>
</trkpt>
<trkpt lat="33.97634388888889" lon="132.9781411111111">
<ele>266</ele>
</trkpt>
<trkpt lat="33.97654388888889" lon="132.97812888888888">
<ele>265</ele>
</trkpt>
<trkpt lat="33.97666888888889" lon="132.9780661111111">
<ele>269</ele>
</trkpt>
<trkpt lat="33.97674388888889" lon="132.97790388888887">
<ele>271</ele>
</trkpt>
<trkpt lat="33.97670194444444" lon="132.9775911111111">
<ele>269</ele>
</trkpt>
<trkpt lat="33.97662694444445" lon="132.97734111111112">
<ele>268</ele>
</trkpt>
<trkpt lat="33.97650194444444" lon="132.9769161111111">
<ele>267</ele>
</trkpt>
<trkpt lat="33.976326944444445" lon="132.9764788888889">
<ele>261</ele>
</trkpt>
<trkpt lat="33.97613611111111" lon="132.9761538888889">
<ele>259</ele>
</trkpt>
<trkpt lat="33.97601888888889" lon="132.9758788888889">
<ele>259</ele>
</trkpt>
<trkpt lat="33.97598611111111" lon="132.9756911111111">
<ele>259</ele>
</trkpt>
<trkpt lat="33.97651888888889" lon="132.97469194444446">
<ele>256</ele>
</trkpt>
<trkpt lat="33.97671888888889" lon="132.97406694444444">
<ele>255</ele>
</trkpt>
<trkpt lat="33.97684388888889" lon="132.97391694444445">
<ele>253</ele>
</trkpt>
<trkpt lat="33.97690194444444" lon="132.9738538888889">
<ele>252</ele>
</trkpt>
<trkpt lat="33.97730194444444" lon="132.97344194444443">
<ele>255</ele>
</trkpt>
<trkpt lat="33.97766" lon="132.9731538888889">
<ele>250</ele>
</trkpt>
<trkpt lat="33.97786888888889" lon="132.97304194444445">
<ele>248</ele>
</trkpt>
<trkpt lat="33.97821" lon="132.9727288888889">
<ele>246</ele>
</trkpt>
<trkpt lat="33.97841888888889" lon="132.9725288888889">
<ele>244</ele>
</trkpt>
<trkpt lat="33.97866" lon="132.9722538888889">
<ele>243</ele>
</trkpt>
<trkpt lat="33.97886" lon="132.97189194444445">
<ele>243</ele>
</trkpt>
<trkpt lat="33.97891" lon="132.97174194444443">
<ele>242</ele>
</trkpt>
<trkpt lat="33.979135" lon="132.97124194444444">
<ele>240</ele>
</trkpt>
<trkpt lat="33.979418055555556" lon="132.97066694444445">
<ele>239</ele>
</trkpt>
<trkpt lat="33.979551944444445" lon="132.97040388888888">
<ele>239</ele>
</trkpt>
<trkpt lat="33.979776944444446" lon="132.96996694444445">
<ele>239</ele>
</trkpt>
<trkpt lat="33.97990194444444" lon="132.96981694444443">
<ele>238</ele>
</trkpt>
<trkpt lat="33.979985" lon="132.9697538888889">
<ele>239</ele>
</trkpt>
<trkpt lat="33.980135" lon="132.96969194444443">
<ele>238</ele>
</trkpt>
<trkpt lat="33.980235" lon="132.96964194444445">
<ele>238</ele>
</trkpt>
<trkpt lat="33.98027611111111" lon="132.96960388888888">
<ele>238</ele>
</trkpt>
<trkpt lat="33.98034305555556" lon="132.9694788888889">
<ele>238</ele>
</trkpt>
<trkpt lat="33.980385" lon="132.9693538888889">
<ele>238</ele>
</trkpt>
<trkpt lat="33.980401111111114" lon="132.96924194444443">
<ele>238</ele>
</trkpt>
<trkpt lat="33.980443055555554" lon="132.968055">
<ele>236</ele>
</trkpt>
<trkpt lat="33.98045111111111" lon="132.96783">
<ele>232</ele>
</trkpt>
<trkpt lat="33.980435" lon="132.96731694444443">
<ele>229</ele>
</trkpt>
<trkpt lat="33.98041" lon="132.96704194444445">
<ele>227</ele>
</trkpt>
<trkpt lat="33.980268055555555" lon="132.966355">
<ele>226</ele>
</trkpt>
<trkpt lat="33.980001111111115" lon="132.96609194444446">
<ele>221</ele>
</trkpt>
<trkpt lat="33.979935" lon="132.96589194444445">
<ele>223</ele>
</trkpt>
<trkpt lat="33.979976111111114" lon="132.965705">
<ele>222</ele>
</trkpt>
<trkpt lat="33.98017611111111" lon="132.96539194444443">
<ele>220</ele>
</trkpt>
<trkpt lat="33.980485" lon="132.96504305555555">
<ele>217</ele>
</trkpt>
<trkpt lat="33.98059305555556" lon="132.964955">
<ele>217</ele>
</trkpt>
<trkpt lat="33.980851111111114" lon="132.964855">
<ele>217</ele>
</trkpt>
<trkpt lat="33.98107611111111" lon="132.96469305555556">
<ele>218</ele>
</trkpt>
<trkpt lat="33.98130888888889" lon="132.964405">
<ele>216</ele>
</trkpt>
<trkpt lat="33.98145111111111" lon="132.96416805555555">
<ele>218</ele>
</trkpt>
<trkpt lat="33.98149305555555" lon="132.964005">
<ele>216</ele>
</trkpt>
<trkpt lat="33.98153388888889" lon="132.963855">
<ele>214</ele>
</trkpt>
<trkpt lat="33.98149305555555" lon="132.96355805555555">
<ele>212</ele>
</trkpt>
<trkpt lat="33.98149194444444" lon="132.96355805555555">
<ele>212</ele>
</trkpt>
<trkpt lat="33.98145111111111" lon="132.96326805555555">
<ele>211</ele>
</trkpt>
<trkpt lat="33.981343055555556" lon="132.96304305555554">
<ele>211</ele>
</trkpt>
<trkpt lat="33.98103388888889" lon="132.96268">
<ele>213</ele>
</trkpt>
<trkpt lat="33.98094305555556" lon="132.96236805555554">
<ele>213</ele>
</trkpt>
<trkpt lat="33.98093388888889" lon="132.96209305555556">
<ele>213</ele>
</trkpt>
<trkpt lat="33.980983888888886" lon="132.96179305555555">
<ele>214</ele>
</trkpt>
<trkpt lat="33.98106805555555" lon="132.961555">
<ele>214</ele>
</trkpt>
<trkpt lat="33.98113388888889" lon="132.96143">
<ele>213</ele>
</trkpt>
<trkpt lat="33.98208388888889" lon="132.960655">
<ele>203</ele>
</trkpt>
<trkpt lat="33.98245111111111" lon="132.96024305555557">
<ele>204</ele>
</trkpt>
<trkpt lat="33.98278388888889" lon="132.96014305555556">
<ele>198</ele>
</trkpt>
<trkpt lat="33.983018055555554" lon="132.9600561111111">
<ele>195</ele>
</trkpt>
<trkpt lat="33.98330888888889" lon="132.960055">
<ele>194</ele>
</trkpt>
<trkpt lat="33.98365888888889" lon="132.96016805555556">
<ele>191</ele>
</trkpt>
<trkpt lat="33.98377611111111" lon="132.96018">
<ele>191</ele>
</trkpt>
<trkpt lat="33.98393388888889" lon="132.960155">
<ele>191</ele>
</trkpt>
<trkpt lat="33.984091944444444" lon="132.96003">
<ele>193</ele>
</trkpt>
<trkpt lat="33.98424194444444" lon="132.95989305555557">
<ele>192</ele>
</trkpt>
<trkpt lat="33.98440111111111" lon="132.9597061111111">
<ele>193</ele>
</trkpt>
<trkpt lat="33.984476111111114" lon="132.9595561111111">
<ele>193</ele>
</trkpt>
<trkpt lat="33.984566944444445" lon="132.95921805555557">
<ele>194</ele>
</trkpt>
<trkpt lat="33.98467611111111" lon="132.95909305555554">
<ele>194</ele>
</trkpt>
<trkpt lat="33.98484194444445" lon="132.9590311111111">
<ele>192</ele>
</trkpt>
<trkpt lat="33.98585111111111" lon="132.9586811111111">
<ele>183</ele>
</trkpt>
<trkpt lat="33.98596694444444" lon="132.95859305555555">
<ele>184</ele>
</trkpt>
<trkpt lat="33.98605111111111" lon="132.95854305555557">
<ele>183</ele>
</trkpt>
<trkpt lat="33.986091944444446" lon="132.95819305555557">
<ele>182</ele>
</trkpt>
<trkpt lat="33.98602611111111" lon="132.95806805555554">
<ele>180</ele>
</trkpt>
<trkpt lat="33.985866944444446" lon="132.95789305555556">
<ele>184</ele>
</trkpt>
<trkpt lat="33.98573388888889" lon="132.95773111111112">
<ele>182</ele>
</trkpt>
<trkpt lat="33.985641944444446" lon="132.95758111111112">
<ele>183</ele>
</trkpt>
<trkpt lat="33.985591944444444" lon="132.95748111111112">
<ele>181</ele>
</trkpt>
<trkpt lat="33.98551694444444" lon="132.95728111111112">
<ele>177</ele>
</trkpt>
<trkpt lat="33.98543388888889" lon="132.95704305555554">
<ele>176</ele>
</trkpt>
<trkpt lat="33.985351111111115" lon="132.95669305555555">
<ele>173</ele>
</trkpt>
<trkpt lat="33.98528388888889" lon="132.9565311111111">
<ele>172</ele>
</trkpt>
<trkpt lat="33.985166944444444" lon="132.9563311111111">
<ele>172</ele>
</trkpt>
<trkpt lat="33.984941944444444" lon="132.95603111111112">
<ele>172</ele>
</trkpt>
<trkpt lat="33.98471694444444" lon="132.9557561111111">
<ele>171</ele>
</trkpt>
<trkpt lat="33.98446694444444" lon="132.9555311111111">
<ele>171</ele>
</trkpt>
<trkpt lat="33.984141944444445" lon="132.9552561111111">
<ele>172</ele>
</trkpt>
<trkpt lat="33.983941944444446" lon="132.95504305555556">
<ele>174</ele>
</trkpt>
<trkpt lat="33.98376694444445" lon="132.9548061111111">
<ele>176</ele>
</trkpt>
<trkpt lat="33.98360111111111" lon="132.9544811111111">
<ele>173</ele>
</trkpt>
<trkpt lat="33.983558888888886" lon="132.95429305555555">
<ele>169</ele>
</trkpt>
<trkpt lat="33.983533888888886" lon="132.9539061111111">
<ele>164</ele>
</trkpt>
<trkpt lat="33.98348388888889" lon="132.9537061111111">
<ele>163</ele>
</trkpt>
<trkpt lat="33.98331694444445" lon="132.9533188888889">
<ele>164</ele>
</trkpt>
<trkpt lat="33.98325111111111" lon="132.95308111111112">
<ele>162</ele>
</trkpt>
<trkpt lat="33.98323388888889" lon="132.9528938888889">
<ele>161</ele>
</trkpt>
<trkpt lat="33.98325888888889" lon="132.95183111111112">
<ele>156</ele>
</trkpt>
<trkpt lat="33.98328388888889" lon="132.95149388888888">
<ele>155</ele>
</trkpt>
<trkpt lat="33.98335888888889" lon="132.9513188888889">
<ele>154</ele>
</trkpt>
<trkpt lat="33.98339194444444" lon="132.9512311111111">
<ele>154</ele>
</trkpt>
<trkpt lat="33.98344194444444" lon="132.9511061111111">
<ele>154</ele>
</trkpt>
<trkpt lat="33.983675" lon="132.9506561111111">
<ele>152</ele>
</trkpt>
<trkpt lat="33.98384194444444" lon="132.9503188888889">
<ele>152</ele>
</trkpt>
<trkpt lat="33.983958888888885" lon="132.95001888888888">
<ele>152</ele>
</trkpt>
<trkpt lat="33.984025" lon="132.9497311111111">
<ele>152</ele>
</trkpt>
<trkpt lat="33.98405" lon="132.9495188888889">
<ele>152</ele>
</trkpt>
<trkpt lat="33.984075" lon="132.94933111111112">
<ele>152</ele>
</trkpt>
<trkpt lat="33.984166944444446" lon="132.9489311111111">
<ele>151</ele>
</trkpt>
<trkpt lat="33.98420888888889" lon="132.94878111111112">
<ele>152</ele>
</trkpt>
<trkpt lat="33.984341944444445" lon="132.9485061111111">
<ele>151</ele>
</trkpt>
<trkpt lat="33.984383888888885" lon="132.9484061111111">
<ele>151</ele>
</trkpt>
<trkpt lat="33.98443388888889" lon="132.94833111111112">
<ele>151</ele>
</trkpt>
<trkpt lat="33.98468388888889" lon="132.9481561111111">
<ele>144</ele>
</trkpt>
<trkpt lat="33.98495" lon="132.9479188888889">
<ele>143</ele>
</trkpt>
<trkpt lat="33.985058055555555" lon="132.9476938888889">
<ele>141</ele>
</trkpt>
<trkpt lat="33.9852" lon="132.94739388888888">
<ele>141</ele>
</trkpt>
<trkpt lat="33.98530805555556" lon="132.9469188888889">
<ele>143</ele>
</trkpt>
<trkpt lat="33.985441944444446" lon="132.94615694444445">
<ele>143</ele>
</trkpt>
<trkpt lat="33.98556694444444" lon="132.94545694444443">
<ele>143</ele>
</trkpt>
<trkpt lat="33.985625" lon="132.94526888888888">
<ele>142</ele>
</trkpt>
<trkpt lat="33.98579194444444" lon="132.9449438888889">
<ele>143</ele>
</trkpt>
<trkpt lat="33.986125" lon="132.94443194444443">
<ele>141</ele>
</trkpt>
<trkpt lat="33.98623305555556" lon="132.94420694444443">
<ele>134</ele>
</trkpt>
<trkpt lat="33.98660805555556" lon="132.9433688888889">
<ele>128</ele>
</trkpt>
<trkpt lat="33.986725" lon="132.94318194444443">
<ele>128</ele>
</trkpt>
<trkpt lat="33.9868" lon="132.9430188888889">
<ele>127</ele>
</trkpt>
<trkpt lat="33.98695" lon="132.9426938888889">
<ele>128</ele>
</trkpt>
<trkpt lat="33.988008055555554" lon="132.93993194444445">
<ele>113</ele>
</trkpt>
<trkpt lat="33.988283055555556" lon="132.93948194444445">
<ele>113</ele>
</trkpt>
<trkpt lat="33.98869111111111" lon="132.93900694444446">
<ele>111</ele>
</trkpt>
<trkpt lat="33.989" lon="132.93872">
<ele>115</ele>
</trkpt>
<trkpt lat="33.98959111111111" lon="132.938145">
<ele>114</ele>
</trkpt>
<trkpt lat="33.98984111111111" lon="132.93792">
<ele>114</ele>
</trkpt>
<trkpt lat="33.990141111111114" lon="132.93772">
<ele>111</ele>
</trkpt>
<trkpt lat="33.99039888888889" lon="132.937645">
<ele>111</ele>
</trkpt>
<trkpt lat="33.991166944444444" lon="132.93772305555555">
<ele>109</ele>
</trkpt>
<trkpt lat="33.991166944444444" lon="132.93772305555555">
<ele>109</ele>
</trkpt>
<trkpt lat="33.991508055555556" lon="132.93775694444443">
<ele>109</ele>
</trkpt>
<trkpt lat="33.99192388888889" lon="132.93792">
<ele>103</ele>
</trkpt>
<trkpt lat="33.99395694444444" lon="132.9388438888889">
<ele>102</ele>
</trkpt>
<trkpt lat="33.99434888888889" lon="132.9388688888889">
<ele>103</ele>
</trkpt>
<trkpt lat="33.99476611111111" lon="132.93890694444445">
<ele>102</ele>
</trkpt>
<trkpt lat="33.99566611111111" lon="132.93898194444444">
<ele>100</ele>
</trkpt>
<trkpt lat="33.99572388888889" lon="132.93898194444444">
<ele>103</ele>
</trkpt>
<trkpt lat="33.997548888888886" lon="132.9392938888889">
<ele>104</ele>
</trkpt>
<trkpt lat="33.99824" lon="132.9393938888889">
<ele>100</ele>
</trkpt>
<trkpt lat="33.99844" lon="132.93933194444443">
<ele>101</ele>
</trkpt>
<trkpt lat="33.998823888888886" lon="132.93889388888888">
<ele>101</ele>
</trkpt>
<trkpt lat="33.99899888888889" lon="132.9387188888889">
<ele>102</ele>
</trkpt>
<trkpt lat="33.99932388888889" lon="132.9386188888889">
<ele>102</ele>
</trkpt>
<trkpt lat="33.99999805555556" lon="132.93856888888888">
<ele>93</ele>
</trkpt>
<trkpt lat="34.001065" lon="132.9382938888889">
<ele>95</ele>
</trkpt>
<trkpt lat="34.001173055555554" lon="132.93825694444445">
<ele>95</ele>
</trkpt>
<trkpt lat="34.00138194444445" lon="132.93818194444444">
<ele>96</ele>
</trkpt>
<trkpt lat="34.00164" lon="132.93800694444445">
<ele>96</ele>
</trkpt>
<trkpt lat="34.001756944444445" lon="132.93790694444445">
<ele>94</ele>
</trkpt>
<trkpt lat="34.00190694444444" lon="132.93775694444443">
<ele>97</ele>
</trkpt>
<trkpt lat="34.00202888888889" lon="132.9378288888889">
<ele>97</ele>
</trkpt>
<trkpt lat="34.00202888888889" lon="132.9378288888889">
<ele>97</ele>
</trkpt>
<trkpt lat="34.002223055555554" lon="132.9379438888889">
<ele>96</ele>
</trkpt>
<trkpt lat="34.002406111111114" lon="132.93800694444445">
<ele>96</ele>
</trkpt>
<trkpt lat="34.00258111111111" lon="132.93803194444445">
<ele>96</ele>
</trkpt>
<trkpt lat="34.00284805555555" lon="132.93800694444445">
<ele>96</ele>
</trkpt>
<trkpt lat="34.00302305555556" lon="132.93799388888888">
<ele>96</ele>
</trkpt>
<trkpt lat="34.00319805555556" lon="132.93800694444445">
<ele>96</ele>
</trkpt>
<trkpt lat="34.003298055555554" lon="132.93801888888888">
<ele>95</ele>
</trkpt>
<trkpt lat="34.00344" lon="132.93808194444443">
<ele>94</ele>
</trkpt>
<trkpt lat="34.00367305555555" lon="132.9381938888889">
<ele>92</ele>
</trkpt>
<trkpt lat="34.00434805555555" lon="132.9386188888889">
<ele>92</ele>
</trkpt>
<trkpt lat="34.004615" lon="132.9387438888889">
<ele>92</ele>
</trkpt>
<trkpt lat="34.00490611111111" lon="132.93879388888888">
<ele>91</ele>
</trkpt>
<trkpt lat="34.00519805555555" lon="132.93873194444444">
<ele>92</ele>
</trkpt>
<trkpt lat="34.005473055555555" lon="132.93863194444444">
<ele>92</ele>
</trkpt>
<trkpt lat="34.00593888888889" lon="132.93846888888888">
<ele>91</ele>
</trkpt>
<trkpt lat="34.00624805555555" lon="132.93843194444443">
<ele>88</ele>
</trkpt>
<trkpt lat="34.00713888888889" lon="132.93835694444445">
<ele>85</ele>
</trkpt>
<trkpt lat="34.00810611111111" lon="132.93810694444446">
<ele>90</ele>
</trkpt>
<trkpt lat="34.00971388888889" lon="132.93760694444444">
<ele>85</ele>
</trkpt>
<trkpt lat="34.01021388888889" lon="132.93754388888888">
<ele>86</ele>
</trkpt>
<trkpt lat="34.01103111111111" lon="132.9375938888889">
<ele>81</ele>
</trkpt>
<trkpt lat="34.01146388888889" lon="132.93766888888888">
<ele>81</ele>
</trkpt>
<trkpt lat="34.01195611111111" lon="132.93775694444443">
<ele>81</ele>
</trkpt>
<trkpt lat="34.01224694444444" lon="132.9378188888889">
<ele>81</ele>
</trkpt>
<trkpt lat="34.01253888888889" lon="132.9378688888889">
<ele>80</ele>
</trkpt>
<trkpt lat="34.01283111111111" lon="132.93800611111112">
<ele>77</ele>
</trkpt>
<trkpt lat="34.013663888888885" lon="132.93858111111112">
<ele>76</ele>
</trkpt>
<trkpt lat="34.01409694444445" lon="132.9388311111111">
<ele>76</ele>
</trkpt>
<trkpt lat="34.01419694444444" lon="132.93889388888888">
<ele>76</ele>
</trkpt>
<trkpt lat="34.01437194444444" lon="132.9389811111111">
<ele>77</ele>
</trkpt>
<trkpt lat="34.01473" lon="132.9392061111111">
<ele>76</ele>
</trkpt>
<trkpt lat="34.01507194444444" lon="132.9393938888889">
<ele>75</ele>
</trkpt>
<trkpt lat="34.01528888888889" lon="132.93950611111111">
<ele>74</ele>
</trkpt>
<trkpt lat="34.015805" lon="132.9397561111111">
<ele>73</ele>
</trkpt>
<trkpt lat="34.016205" lon="132.93993111111112">
<ele>73</ele>
</trkpt>
<trkpt lat="34.01643888888889" lon="132.94003111111113">
<ele>71</ele>
</trkpt>
<trkpt lat="34.016888055555555" lon="132.9402311111111">
<ele>68</ele>
</trkpt>
<trkpt lat="34.01693" lon="132.9402561111111">
<ele>68</ele>
</trkpt>
<trkpt lat="34.01741305555556" lon="132.9404438888889">
<ele>70</ele>
</trkpt>
<trkpt lat="34.017555" lon="132.94049388888888">
<ele>69</ele>
</trkpt>
<trkpt lat="34.017646944444444" lon="132.94050611111112">
<ele>68</ele>
</trkpt>
<trkpt lat="34.01773" lon="132.9405311111111">
<ele>68</ele>
</trkpt>
<trkpt lat="34.018105" lon="132.9406438888889">
<ele>68</ele>
</trkpt>
<trkpt lat="34.018613055555555" lon="132.9407938888889">
<ele>68</ele>
</trkpt>
<trkpt lat="34.01889694444444" lon="132.9408938888889">
<ele>67</ele>
</trkpt>
<trkpt lat="34.01932194444444" lon="132.94105611111112">
<ele>68</ele>
</trkpt>
<trkpt lat="34.019705" lon="132.9412311111111">
<ele>67</ele>
</trkpt>
<trkpt lat="34.02008" lon="132.94149388888889">
<ele>67</ele>
</trkpt>
<trkpt lat="34.02016305555556" lon="132.9415561111111">
<ele>66</ele>
</trkpt>
<trkpt lat="34.02042111111111" lon="132.9416938888889">
<ele>66</ele>
</trkpt>
<trkpt lat="34.020513055555554" lon="132.94175611111112">
<ele>65</ele>
</trkpt>
<trkpt lat="34.020788055555556" lon="132.94195611111112">
<ele>65</ele>
</trkpt>
<trkpt lat="34.02107111111111" lon="132.9421561111111">
<ele>64</ele>
</trkpt>
<trkpt lat="34.021505" lon="132.94251888888888">
<ele>62</ele>
</trkpt>
<trkpt lat="34.02176305555555" lon="132.94275611111112">
<ele>62</ele>
</trkpt>
<trkpt lat="34.02188805555556" lon="132.94286888888888">
<ele>61</ele>
</trkpt>
<trkpt lat="34.021971111111114" lon="132.9429561111111">
<ele>61</ele>
</trkpt>
<trkpt lat="34.02236305555556" lon="132.94344305555555">
<ele>60</ele>
</trkpt>
<trkpt lat="34.02292111111111" lon="132.9442061111111">
<ele>60</ele>
</trkpt>
<trkpt lat="34.02319611111111" lon="132.9446311111111">
<ele>58</ele>
</trkpt>
<trkpt lat="34.02367888888889" lon="132.94525611111112">
<ele>62</ele>
</trkpt>
<trkpt lat="34.023921111111115" lon="132.9455311111111">
<ele>65</ele>
</trkpt>
<trkpt lat="34.02412888888889" lon="132.94571805555555">
<ele>65</ele>
</trkpt>
<trkpt lat="34.02455388888889" lon="132.9460811111111">
<ele>65</ele>
</trkpt>
<trkpt lat="34.024678888888886" lon="132.94618111111112">
<ele>65</ele>
</trkpt>
<trkpt lat="34.024971111111114" lon="132.94639305555555">
<ele>65</ele>
</trkpt>
<trkpt lat="34.02534611111111" lon="132.9466811111111">
<ele>65</ele>
</trkpt>
<trkpt lat="34.02545388888889" lon="132.94679305555556">
<ele>63</ele>
</trkpt>
<trkpt lat="34.02577111111111" lon="132.94718111111112">
<ele>59</ele>
</trkpt>
<trkpt lat="34.02593805555556" lon="132.9473811111111">
<ele>58</ele>
</trkpt>
<trkpt lat="34.02609611111111" lon="132.94759305555556">
<ele>57</ele>
</trkpt>
<trkpt lat="34.02639611111111" lon="132.94799305555554">
<ele>56</ele>
</trkpt>
<trkpt lat="34.02645388888889" lon="132.94809305555555">
<ele>55</ele>
</trkpt>
<trkpt lat="34.02649611111111" lon="132.94820611111112">
<ele>55</ele>
</trkpt>
<trkpt lat="34.026538055555555" lon="132.9483561111111">
<ele>54</ele>
</trkpt>
<trkpt lat="34.02655388888889" lon="132.94846805555557">
<ele>53</ele>
</trkpt>
<trkpt lat="34.026563055555556" lon="132.94865611111112">
<ele>56</ele>
</trkpt>
<trkpt lat="34.02654611111111" lon="132.9488061111111">
<ele>56</ele>
</trkpt>
<trkpt lat="34.026471111111114" lon="132.94934305555554">
<ele>56</ele>
</trkpt>
<trkpt lat="34.026471111111114" lon="132.94945611111112">
<ele>56</ele>
</trkpt>
<trkpt lat="34.02647888888889" lon="132.94956805555555">
<ele>56</ele>
</trkpt>
<trkpt lat="34.026513055555554" lon="132.94969305555554">
<ele>56</ele>
</trkpt>
<trkpt lat="34.02659611111111" lon="132.94989305555555">
<ele>58</ele>
</trkpt>
<trkpt lat="34.02664611111111" lon="132.94999305555555">
<ele>58</ele>
</trkpt>
<trkpt lat="34.02697111111111" lon="132.95056805555555">
<ele>59</ele>
</trkpt>
<trkpt lat="34.02707888888889" lon="132.950755">
<ele>60</ele>
</trkpt>
<trkpt lat="34.02742111111111" lon="132.951505">
<ele>59</ele>
</trkpt>
<trkpt lat="34.027546111111114" lon="132.951855">
<ele>57</ele>
</trkpt>
<trkpt lat="34.02755388888889" lon="132.95189305555556">
<ele>57</ele>
</trkpt>
<trkpt lat="34.027563055555554" lon="132.95194305555555">
<ele>57</ele>
</trkpt>
<trkpt lat="34.02757111111111" lon="132.95258">
<ele>54</ele>
</trkpt>
<trkpt lat="34.027563055555554" lon="132.95293">
<ele>54</ele>
</trkpt>
<trkpt lat="34.027563055555554" lon="132.95301805555556">
<ele>54</ele>
</trkpt>
<trkpt lat="34.02757111111111" lon="132.95329305555555">
<ele>53</ele>
</trkpt>
<trkpt lat="34.02757888888889" lon="132.953405">
<ele>53</ele>
</trkpt>
<trkpt lat="34.02760388888889" lon="132.95364305555555">
<ele>53</ele>
</trkpt>
<trkpt lat="34.02767111111111" lon="132.95409305555555">
<ele>52</ele>
</trkpt>
<trkpt lat="34.027678888888886" lon="132.954405">
<ele>49</ele>
</trkpt>
<trkpt lat="34.02767111111111" lon="132.95454305555555">
<ele>49</ele>
</trkpt>
<trkpt lat="34.02765388888889" lon="132.954755">
<ele>47</ele>
</trkpt>
<trkpt lat="34.02762888888889" lon="132.95539194444444">
<ele>44</ele>
</trkpt>
<trkpt lat="34.02762888888889" lon="132.95544305555555">
<ele>44</ele>
</trkpt>
<trkpt lat="34.02762111111111" lon="132.95553">
<ele>44</ele>
</trkpt>
<trkpt lat="34.027613055555555" lon="132.95563">
<ele>43</ele>
</trkpt>
<trkpt lat="34.027546111111114" lon="132.956055">
<ele>44</ele>
</trkpt>
<trkpt lat="34.02750388888889" lon="132.95621805555555">
<ele>44</ele>
</trkpt>
<trkpt lat="34.02742111111111" lon="132.95656805555555">
<ele>42</ele>
</trkpt>
<trkpt lat="34.027346111111115" lon="132.95689194444444">
<ele>43</ele>
</trkpt>
<trkpt lat="34.027321111111114" lon="132.95713">
<ele>40</ele>
</trkpt>
<trkpt lat="34.02732888888889" lon="132.95733">
<ele>40</ele>
</trkpt>
<trkpt lat="34.02735388888889" lon="132.95758">
<ele>42</ele>
</trkpt>
<trkpt lat="34.027453888888886" lon="132.95801694444444">
<ele>41</ele>
</trkpt>
<trkpt lat="34.02749611111111" lon="132.95826694444443">
<ele>39</ele>
</trkpt>
<trkpt lat="34.02749611111111" lon="132.958455">
<ele>37</ele>
</trkpt>
<trkpt lat="34.02749611111111" lon="132.95851694444445">
<ele>37</ele>
</trkpt>
<trkpt lat="34.02749611111111" lon="132.95864194444445">
<ele>37</ele>
</trkpt>
<trkpt lat="34.02742888888889" lon="132.95944194444445">
<ele>32</ele>
</trkpt>
<trkpt lat="34.027413055555556" lon="132.95971694444444">
<ele>30</ele>
</trkpt>
<trkpt lat="34.02742888888889" lon="132.95989194444445">
<ele>29</ele>
</trkpt>
<trkpt lat="34.027453888888886" lon="132.95999194444445">
<ele>29</ele>
</trkpt>
<trkpt lat="34.02750388888889" lon="132.960155">
<ele>29</ele>
</trkpt>
<trkpt lat="34.027613055555555" lon="132.96044194444445">
<ele>29</ele>
</trkpt>
<trkpt lat="34.02762888888889" lon="132.96048">
<ele>29</ele>
</trkpt>
<trkpt lat="34.02779611111111" lon="132.960855">
<ele>29</ele>
</trkpt>
<trkpt lat="34.02792888888889" lon="132.96111694444446">
<ele>29</ele>
</trkpt>
<trkpt lat="34.02833805555556" lon="132.96192888888888">
<ele>29</ele>
</trkpt>
<trkpt lat="34.02859611111111" lon="132.96239194444445">
<ele>29</ele>
</trkpt>
<trkpt lat="34.02896305555556" lon="132.96301694444443">
<ele>29</ele>
</trkpt>
<trkpt lat="34.029671111111114" lon="132.96416694444446">
<ele>31</ele>
</trkpt>
<trkpt lat="34.02997111111111" lon="132.96469194444444">
<ele>29</ele>
</trkpt>
<trkpt lat="34.03052111111111" lon="132.9656038888889">
<ele>29</ele>
</trkpt>
<trkpt lat="34.03079611111111" lon="132.9660288888889">
<ele>29</ele>
</trkpt>
<trkpt lat="34.03144611111111" lon="132.9670788888889">
<ele>27</ele>
</trkpt>
<trkpt lat="34.03184611111111" lon="132.96771694444445">
<ele>25</ele>
</trkpt>
<trkpt lat="34.032378888888886" lon="132.96850388888888">
<ele>24</ele>
</trkpt>
<trkpt lat="34.032536944444445" lon="132.96871611111112">
<ele>24</ele>
</trkpt>
<trkpt lat="34.033096111111114" lon="132.96949111111113">
<ele>23</ele>
</trkpt>
<trkpt lat="34.03359611111111" lon="132.9701661111111">
<ele>23</ele>
</trkpt>
<trkpt lat="34.033746111111114" lon="132.9703538888889">
<ele>22</ele>
</trkpt>
<trkpt lat="34.03388694444445" lon="132.97051611111112">
<ele>22</ele>
</trkpt>
<trkpt lat="34.03415388888889" lon="132.9707911111111">
<ele>23</ele>
</trkpt>
<trkpt lat="34.034436944444444" lon="132.9710538888889">
<ele>23</ele>
</trkpt>
<trkpt lat="34.03456194444444" lon="132.9711788888889">
<ele>23</ele>
</trkpt>
<trkpt lat="34.03479611111111" lon="132.9713788888889">
<ele>23</ele>
</trkpt>
<trkpt lat="34.034753888888886" lon="132.9712288888889">
<ele>23</ele>
</trkpt>
<trkpt lat="34.03465" lon="132.97109">
<ele>23</ele>
</trkpt>
<trkpt lat="34.03465" lon="132.97109">
<ele>23</ele>
</trkpt>
<trkpt lat="34.034753888888886" lon="132.9712288888889">
<ele>23</ele>
</trkpt>
<trkpt lat="34.03479611111111" lon="132.9713788888889">
<ele>23</ele>
</trkpt>
<trkpt lat="34.034861944444444" lon="132.97142888888888">
<ele>23</ele>
</trkpt>
<trkpt lat="34.03492111111111" lon="132.9714661111111">
<ele>24</ele>
</trkpt>
<trkpt lat="34.03507888888889" lon="132.97156611111112">
<ele>24</ele>
</trkpt>
<trkpt lat="34.035536944444445" lon="132.9718538888889">
<ele>24</ele>
</trkpt>
<trkpt lat="34.03673694444444" lon="132.97255388888888">
<ele>22</ele>
</trkpt>
<trkpt lat="34.03702" lon="132.9727161111111">
<ele>21</ele>
</trkpt>
<trkpt lat="34.03825305555556" lon="132.9734288888889">
<ele>18</ele>
</trkpt>
<trkpt lat="34.03866194444444" lon="132.9736661111111">
<ele>18</ele>
</trkpt>
<trkpt lat="34.03883694444445" lon="132.9737911111111">
<ele>18</ele>
</trkpt>
<trkpt lat="34.039503055555556" lon="132.97425388888888">
<ele>18</ele>
</trkpt>
<trkpt lat="34.03977805555556" lon="132.97447888888888">
<ele>18</ele>
</trkpt>
<trkpt lat="34.040036111111114" lon="132.9746788888889">
<ele>18</ele>
</trkpt>
<trkpt lat="34.04008611111111" lon="132.97471611111112">
<ele>18</ele>
</trkpt>
<trkpt lat="34.040545" lon="132.9751411111111">
<ele>18</ele>
</trkpt>
<trkpt lat="34.04116888888889" lon="132.9757538888889">
<ele>18</ele>
</trkpt>
<trkpt lat="34.04166111111111" lon="132.97620388888888">
<ele>18</ele>
</trkpt>
<trkpt lat="34.04192805555556" lon="132.9764788888889">
<ele>18</ele>
</trkpt>
<trkpt lat="34.04216888888889" lon="132.9767038888889">
<ele>18</ele>
</trkpt>
<trkpt lat="34.042726944444446" lon="132.97721694444445">
<ele>17</ele>
</trkpt>
<trkpt lat="34.04334388888889" lon="132.97779194444445">
<ele>16</ele>
</trkpt>
<trkpt lat="34.04376111111111" lon="132.9781788888889">
<ele>15</ele>
</trkpt>
<trkpt lat="34.043801944444446" lon="132.97821694444445">
<ele>15</ele>
</trkpt>
<trkpt lat="34.04428611111111" lon="132.97859194444445">
<ele>14</ele>
</trkpt>
<trkpt lat="34.04438611111111" lon="132.97867888888888">
<ele>14</ele>
</trkpt>
<trkpt lat="34.04452694444444" lon="132.97876694444443">
<ele>14</ele>
</trkpt>
<trkpt lat="34.04495194444444" lon="132.97904194444445">
<ele>13</ele>
</trkpt>
<trkpt lat="34.04531" lon="132.97924194444445">
<ele>13</ele>
</trkpt>
<trkpt lat="34.046301944444444" lon="132.97976694444444">
<ele>13</ele>
</trkpt>
<trkpt lat="34.04680194444445" lon="132.98002888888888">
<ele>12</ele>
</trkpt>
<trkpt lat="34.047035" lon="132.98015388888888">
<ele>12</ele>
</trkpt>
<trkpt lat="34.04732694444444" lon="132.98031694444444">
<ele>12</ele>
</trkpt>
<trkpt lat="34.048235" lon="132.9808038888889">
<ele>12</ele>
</trkpt>
<trkpt lat="34.04844305555556" lon="132.98091694444443">
<ele>12</ele>
</trkpt>
<trkpt lat="34.04886" lon="132.981155">
<ele>12</ele>
</trkpt>
<trkpt lat="34.04902611111111" lon="132.98126694444446">
<ele>12</ele>
</trkpt>
<trkpt lat="34.049015" lon="132.98115388888888">
<ele>12</ele>
</trkpt>
<trkpt lat="34.049015" lon="132.98115388888888">
<ele>12</ele>
</trkpt>
<trkpt lat="34.04971111111111" lon="132.9817688888889">
<ele>11</ele>
</trkpt>
<trkpt lat="34.04971111111111" lon="132.9817688888889">
<ele>11</ele>
</trkpt>
<trkpt lat="34.04986666666667" lon="132.9817688888889">
<ele>11</ele>
</trkpt>
<trkpt lat="34.04986666666667" lon="132.9817688888889">
<ele>11</ele>
</trkpt>
<trkpt lat="34.05001111111111" lon="132.98194583333333">
<ele>11</ele>
</trkpt>
<trkpt lat="34.05001111111111" lon="132.98194583333333">
<ele>11</ele>
</trkpt>
<trkpt lat="34.04977777777778" lon="132.98212555555557">
<ele>11</ele>
</trkpt>
<trkpt lat="34.04977777777778" lon="132.98212555555557">
<ele>11</ele>
</trkpt>
<trkpt lat="34.04883777777778" lon="132.98312333333334">
<ele>11</ele>
</trkpt>
<trkpt lat="34.04883777777778" lon="132.98312333333334">
<ele>11</ele>
</trkpt>
<trkpt lat="34.04818222222222" lon="132.98385555555555">
<ele>10</ele>
</trkpt>
<trkpt lat="34.04818222222222" lon="132.98385555555555">
<ele>10</ele>
</trkpt>
<trkpt lat="34.04562638888889" lon="132.9867363888889">
<ele>10</ele>
</trkpt>
<trkpt lat="34.04562638888889" lon="132.9867363888889">
<ele>10</ele>
</trkpt>
<trkpt lat="34.044035" lon="132.9886138888889">
<ele>10</ele>
</trkpt>
<trkpt lat="34.044035" lon="132.9886138888889">
<ele>10</ele>
</trkpt>
<trkpt lat="34.04130138888889" lon="132.9919397222222">
<ele>11</ele>
</trkpt>
<trkpt lat="34.04130138888889" lon="132.9919397222222">
<ele>11</ele>
</trkpt>
<trkpt lat="34.038220833333334" lon="132.99561444444444">
<ele>8</ele>
</trkpt>
<trkpt lat="34.038220833333334" lon="132.99561444444444">
<ele>8</ele>
</trkpt>
<trkpt lat="34.03485555555555" lon="132.99967527777778">
<ele>7</ele>
</trkpt>
<trkpt lat="34.03485555555555" lon="132.99967527777778">
<ele>7</ele>
</trkpt>
<trkpt lat="34.03284194444444" lon="133.0020786111111">
<ele>7</ele>
</trkpt>
<trkpt lat="34.03284194444444" lon="133.0020786111111">
<ele>7</ele>
</trkpt>
<trkpt lat="34.0313125" lon="133.0036075">
<ele>8</ele>
</trkpt>
<trkpt lat="34.0313125" lon="133.0036075">
<ele>8</ele>
</trkpt>
<trkpt lat="34.02981" lon="133.00495916666668">
<ele>10</ele>
</trkpt>
<trkpt lat="34.02981" lon="133.00495916666668">
<ele>10</ele>
</trkpt>
<trkpt lat="34.02863166666667" lon="133.00589805555555">
<ele>10</ele>
</trkpt>
<trkpt lat="34.02863166666667" lon="133.00589805555555">
<ele>10</ele>
</trkpt>
<trkpt lat="34.02583972222222" lon="133.00814027777778">
<ele>11</ele>
</trkpt>
<trkpt lat="34.02583972222222" lon="133.00814027777778">
<ele>11</ele>
</trkpt>
<trkpt lat="34.023585555555556" lon="133.0100072222222">
<ele>12</ele>
</trkpt>
<trkpt lat="34.023585555555556" lon="133.0100072222222">
<ele>12</ele>
</trkpt>
<trkpt lat="34.0223275" lon="133.01121944444444">
<ele>13</ele>
</trkpt>
<trkpt lat="34.0223275" lon="133.01121944444444">
<ele>13</ele>
</trkpt>
<trkpt lat="34.021455833333334" lon="133.01232444444443">
<ele>13</ele>
</trkpt>
<trkpt lat="34.021455833333334" lon="133.01232444444443">
<ele>13</ele>
</trkpt>
<trkpt lat="34.02127361111111" lon="133.01266777777778">
<ele>12</ele>
</trkpt>
<trkpt lat="34.02127361111111" lon="133.01266777777778">
<ele>12</ele>
</trkpt>
<trkpt lat="34.02081111111111" lon="133.0134725">
<ele>11</ele>
</trkpt>
<trkpt lat="34.02081111111111" lon="133.0134725">
<ele>11</ele>
</trkpt>
<trkpt lat="34.02041555555556" lon="133.0143361111111">
<ele>10</ele>
</trkpt>
<trkpt lat="34.02041555555556" lon="133.0143361111111">
<ele>10</ele>
</trkpt>
<trkpt lat="34.02004194444444" lon="133.01530194444445">
<ele>10</ele>
</trkpt>
<trkpt lat="34.02004194444444" lon="133.01530194444445">
<ele>10</ele>
</trkpt>
<trkpt lat="34.01972194444444" lon="133.0165838888889">
<ele>9</ele>
</trkpt>
<trkpt lat="34.01972194444444" lon="133.0165838888889">
<ele>9</ele>
</trkpt>
<trkpt lat="34.01952194444444" lon="133.0178713888889">
<ele>9</ele>
</trkpt>
<trkpt lat="34.01952194444444" lon="133.0178713888889">
<ele>9</ele>
</trkpt>
<trkpt lat="34.019455" lon="133.01938944444444">
<ele>9</ele>
</trkpt>
<trkpt lat="34.019455" lon="133.01938944444444">
<ele>9</ele>
</trkpt>
<trkpt lat="34.01938833333333" lon="133.02318222222223">
<ele>8</ele>
</trkpt>
<trkpt lat="34.01938833333333" lon="133.02318222222223">
<ele>8</ele>
</trkpt>
<trkpt lat="34.01935722222222" lon="133.02575694444445">
<ele>6</ele>
</trkpt>
<trkpt lat="34.01935722222222" lon="133.02575694444445">
<ele>6</ele>
</trkpt>
<trkpt lat="34.01927722222222" lon="133.02709805555557">
<ele>6</ele>
</trkpt>
<trkpt lat="34.01927722222222" lon="133.02709805555557">
<ele>6</ele>
</trkpt>
<trkpt lat="34.019130555555556" lon="133.0279725">
<ele>6</ele>
</trkpt>
<trkpt lat="34.019130555555556" lon="133.0279725">
<ele>6</ele>
</trkpt>
<trkpt lat="34.01888611111111" lon="133.02888444444446">
<ele>5</ele>
</trkpt>
<trkpt lat="34.01888611111111" lon="133.02888444444446">
<ele>5</ele>
</trkpt>
<trkpt lat="34.0185125" lon="133.0296622222222">
<ele>5</ele>
</trkpt>
<trkpt lat="34.0185125" lon="133.0296622222222">
<ele>5</ele>
</trkpt>
<trkpt lat="34.01795666666667" lon="133.03059027777778">
<ele>5</ele>
</trkpt>
<trkpt lat="34.01795666666667" lon="133.03059027777778">
<ele>5</ele>
</trkpt>
<trkpt lat="34.01757888888889" lon="133.0310411111111">
<ele>5</ele>
</trkpt>
<trkpt lat="34.01757888888889" lon="133.0310411111111">
<ele>5</ele>
</trkpt>
<trkpt lat="34.01716527777778" lon="133.03147027777777">
<ele>5</ele>
</trkpt>
<trkpt lat="34.01716527777778" lon="133.03147027777777">
<ele>5</ele>
</trkpt>
<trkpt lat="34.016685" lon="133.03186166666666">
<ele>11</ele>
</trkpt>
<trkpt lat="34.016685" lon="133.03186166666666">
<ele>11</ele>
</trkpt>
<trkpt lat="34.01629388888889" lon="133.03213">
<ele>20</ele>
</trkpt>
<trkpt lat="34.01629388888889" lon="133.03213">
<ele>20</ele>
</trkpt>
<trkpt lat="34.01556" lon="133.03257">
<ele>28</ele>
</trkpt>
<trkpt lat="34.01556" lon="133.03257">
<ele>28</ele>
</trkpt>
<trkpt lat="34.014741944444445" lon="133.03298833333332">
<ele>41</ele>
</trkpt>
<trkpt lat="34.014741944444445" lon="133.03298833333332">
<ele>41</ele>
</trkpt>
<trkpt lat="34.01372361111111" lon="133.03336388888889">
<ele>28</ele>
</trkpt>
<trkpt lat="34.01372361111111" lon="133.03336388888889">
<ele>28</ele>
</trkpt>
<trkpt lat="34.01265638888889" lon="133.0336213888889">
<ele>25</ele>
</trkpt>
<trkpt lat="34.01265638888889" lon="133.0336213888889">
<ele>25</ele>
</trkpt>
<trkpt lat="34.010757777777776" lon="133.03384666666668">
<ele>25</ele>
</trkpt>
<trkpt lat="34.010757777777776" lon="133.03384666666668">
<ele>25</ele>
</trkpt>
<trkpt lat="34.010304166666664" lon="133.03383583333334">
<ele>23</ele>
</trkpt>
<trkpt lat="34.010304166666664" lon="133.03383583333334">
<ele>23</ele>
</trkpt>
<trkpt lat="34.00981055555555" lon="133.03384111111112">
<ele>27</ele>
</trkpt>
<trkpt lat="34.00981055555555" lon="133.03384111111112">
<ele>27</ele>
</trkpt>
<trkpt lat="34.007351388888885" lon="133.03405055555555">
<ele>12</ele>
</trkpt>
<trkpt lat="34.007351388888885" lon="133.03405055555555">
<ele>12</ele>
</trkpt>
<trkpt lat="34.00637305555556" lon="133.0341738888889">
<ele>13</ele>
</trkpt>
<trkpt lat="34.00637305555556" lon="133.0341738888889">
<ele>13</ele>
</trkpt>
<trkpt lat="34.005474722222225" lon="133.0344313888889">
<ele>13</ele>
</trkpt>
<trkpt lat="34.005474722222225" lon="133.0344313888889">
<ele>13</ele>
</trkpt>
<trkpt lat="34.004665555555555" lon="133.03473722222222">
<ele>6</ele>
</trkpt>
<trkpt lat="34.004665555555555" lon="133.03473722222222">
<ele>6</ele>
</trkpt>
<trkpt lat="34.003811666666664" lon="133.03528972222222">
<ele>5</ele>
</trkpt>
<trkpt lat="34.003811666666664" lon="133.03528972222222">
<ele>5</ele>
</trkpt>
<trkpt lat="34.00325138888889" lon="133.03576694444445">
<ele>5</ele>
</trkpt>
<trkpt lat="34.00325138888889" lon="133.03576694444445">
<ele>5</ele>
</trkpt>
<trkpt lat="34.002717777777775" lon="133.0363463888889">
<ele>4</ele>
</trkpt>
<trkpt lat="34.002717777777775" lon="133.0363463888889">
<ele>4</ele>
</trkpt>
<trkpt lat="34.00225527777778" lon="133.03703305555555">
<ele>4</ele>
</trkpt>
<trkpt lat="34.00225527777778" lon="133.03703305555555">
<ele>4</ele>
</trkpt>
<trkpt lat="34.00152583333333" lon="133.03842777777777">
<ele>4</ele>
</trkpt>
<trkpt lat="34.00152583333333" lon="133.03842777777777">
<ele>4</ele>
</trkpt>
<trkpt lat="34.001236666666664" lon="133.0389213888889">
<ele>4</ele>
</trkpt>
<trkpt lat="34.001236666666664" lon="133.0389213888889">
<ele>4</ele>
</trkpt>
<trkpt lat="34.001174444444445" lon="133.0391627777778">
<ele>4</ele>
</trkpt>
<trkpt lat="34.001174444444445" lon="133.0391627777778">
<ele>4</ele>
</trkpt>
<trkpt lat="34.000445" lon="133.04043416666667">
<ele>4</ele>
</trkpt>
<trkpt lat="34.000445" lon="133.04043416666667">
<ele>4</ele>
</trkpt>
<trkpt lat="33.9999025" lon="133.0410777777778">
<ele>4</ele>
</trkpt>
<trkpt lat="33.9999025" lon="133.0410777777778">
<ele>4</ele>
</trkpt>
<trkpt lat="33.99868388888889" lon="133.04203805555557">
<ele>4</ele>
</trkpt>
<trkpt lat="33.99868388888889" lon="133.04203805555557">
<ele>4</ele>
</trkpt>
<trkpt lat="33.997460833333335" lon="133.04311083333334">
<ele>4</ele>
</trkpt>
<trkpt lat="33.997460833333335" lon="133.04311083333334">
<ele>4</ele>
</trkpt>
<trkpt lat="33.99646027777778" lon="133.04391555555554">
<ele>4</ele>
</trkpt>
<trkpt lat="33.99646027777778" lon="133.04391555555554">
<ele>4</ele>
</trkpt>
<trkpt lat="33.99490361111111" lon="133.04571277777777">
<ele>6</ele>
</trkpt>
<trkpt lat="33.99490361111111" lon="133.04571277777777">
<ele>6</ele>
</trkpt>
<trkpt lat="33.99436111111111" lon="133.04641">
<ele>7</ele>
</trkpt>
<trkpt lat="33.99436111111111" lon="133.04641">
<ele>7</ele>
</trkpt>
<trkpt lat="33.99409861111111" lon="133.04697333333334">
<ele>6</ele>
</trkpt>
<trkpt lat="33.99409861111111" lon="133.04697333333334">
<ele>6</ele>
</trkpt>
<trkpt lat="33.992866666666664" lon="133.04923166666666">
<ele>9</ele>
</trkpt>
<trkpt lat="33.992866666666664" lon="133.04923166666666">
<ele>9</ele>
</trkpt>
<trkpt lat="33.99283555555556" lon="133.04933916666667">
<ele>9</ele>
</trkpt>
    </trkseg>
  </trk>
</gpx>