<?xml version="1.0" encoding="UTF-8"?>
<gpx version="1.1"
     creator="KMLtoGPX"
     xmlns="http://www.topografix.com/GPX/1/1">
  <metadata>
    <name>Okuiyo-Hijikawa Seiryu Kaidō</name>
    <desc>奥伊予・肱川清流街道</desc>
    <bounds minlat="33.33052888888889" minlon="132.48034333333334" maxlat="33.616875" maxlon="132.79911694444445"/>
  </metadata>
  <trk>
    <name>Okuiyo-Hijikawa Seiryu Kaidō</name>
    <trkseg>
<trkpt lat="33.616526944444445" lon="132.48034333333334">
<ele>2</ele>
</trkpt>
<trkpt lat="33.61674138888889" lon="132.48094416666666">
<ele>2</ele>
</trkpt>
<trkpt lat="33.61674138888889" lon="132.48094416666666">
<ele>2</ele>
</trkpt>
<trkpt lat="33.616875" lon="132.48159194444443">
<ele>2</ele>
</trkpt>
<trkpt lat="33.616875" lon="132.48159194444443">
<ele>2</ele>
</trkpt>
<trkpt lat="33.61678194444445" lon="132.48159194444443">
<ele>2</ele>
</trkpt>
<trkpt lat="33.616641111111115" lon="132.4815538888889">
<ele>2</ele>
</trkpt>
<trkpt lat="33.61638194444444" lon="132.48137888888888">
<ele>1</ele>
</trkpt>
<trkpt lat="33.616008055555554" lon="132.4811288888889">
<ele>1</ele>
</trkpt>
<trkpt lat="33.61594111111111" lon="132.48111694444444">
<ele>1</ele>
</trkpt>
<trkpt lat="33.61594111111111" lon="132.48114194444443">
<ele>1</ele>
</trkpt>
<trkpt lat="33.61592388888889" lon="132.48119194444445">
<ele>1</ele>
</trkpt>
<trkpt lat="33.615766111111114" lon="132.48151694444445">
<ele>0</ele>
</trkpt>
<trkpt lat="33.61569111111111" lon="132.4816538888889">
<ele>0</ele>
</trkpt>
<trkpt lat="33.61551611111111" lon="132.48209194444445">
<ele>1</ele>
</trkpt>
<trkpt lat="33.615341111111114" lon="132.4825788888889">
<ele>1</ele>
</trkpt>
<trkpt lat="33.615158055555554" lon="132.48310388888888">
<ele>2</ele>
</trkpt>
<trkpt lat="33.61502388888889" lon="132.4834788888889">
<ele>1</ele>
</trkpt>
<trkpt lat="33.61499888888889" lon="132.48346694444444">
<ele>2</ele>
</trkpt>
<trkpt lat="33.61488611111111" lon="132.48342305555556">
<ele>3</ele>
</trkpt>
<trkpt lat="33.61490472222222" lon="132.48335416666666">
<ele>3</ele>
</trkpt>
<trkpt lat="33.614531666666664" lon="132.4832172222222">
<ele>5</ele>
</trkpt>
<trkpt lat="33.614531666666664" lon="132.4832172222222">
<ele>5</ele>
</trkpt>
<trkpt lat="33.614332777777776" lon="132.48315277777778">
<ele>6</ele>
</trkpt>
<trkpt lat="33.614332777777776" lon="132.48315277777778">
<ele>6</ele>
</trkpt>
<trkpt lat="33.61405805555555" lon="132.4831127777778">
<ele>6</ele>
</trkpt>
<trkpt lat="33.61405805555555" lon="132.4831127777778">
<ele>6</ele>
</trkpt>
<trkpt lat="33.61330972222222" lon="132.4831313888889">
<ele>9</ele>
</trkpt>
<trkpt lat="33.61330972222222" lon="132.4831313888889">
<ele>9</ele>
</trkpt>
<trkpt lat="33.612896666666664" lon="132.48316888888888">
<ele>9</ele>
</trkpt>
<trkpt lat="33.612896666666664" lon="132.48316888888888">
<ele>9</ele>
</trkpt>
<trkpt lat="33.612228611111114" lon="132.4833461111111">
<ele>9</ele>
</trkpt>
<trkpt lat="33.612228611111114" lon="132.4833461111111">
<ele>9</ele>
</trkpt>
<trkpt lat="33.611938333333335" lon="132.4834936111111">
<ele>9</ele>
</trkpt>
<trkpt lat="33.611938333333335" lon="132.4834936111111">
<ele>9</ele>
</trkpt>
<trkpt lat="33.611424444444445" lon="132.4837188888889">
<ele>9</ele>
</trkpt>
<trkpt lat="33.611424444444445" lon="132.4837188888889">
<ele>9</ele>
</trkpt>
<trkpt lat="33.610906388888885" lon="132.48394416666667">
<ele>9</ele>
</trkpt>
<trkpt lat="33.610906388888885" lon="132.48394416666667">
<ele>9</ele>
</trkpt>
<trkpt lat="33.61070083333333" lon="132.48403805555554">
<ele>9</ele>
</trkpt>
<trkpt lat="33.61070083333333" lon="132.48403805555554">
<ele>9</ele>
</trkpt>
<trkpt lat="33.610437222222224" lon="132.48408361111112">
<ele>8</ele>
</trkpt>
<trkpt lat="33.610437222222224" lon="132.48408361111112">
<ele>8</ele>
</trkpt>
<trkpt lat="33.61014472222222" lon="132.48413444444444">
<ele>9</ele>
</trkpt>
<trkpt lat="33.61014472222222" lon="132.48413444444444">
<ele>9</ele>
</trkpt>
<trkpt lat="33.609968055555555" lon="132.484105">
<ele>9</ele>
</trkpt>
<trkpt lat="33.609968055555555" lon="132.484105">
<ele>9</ele>
</trkpt>
<trkpt lat="33.609789444444445" lon="132.48416138888888">
<ele>9</ele>
</trkpt>
<trkpt lat="33.609789444444445" lon="132.48416138888888">
<ele>9</ele>
</trkpt>
<trkpt lat="33.60962194444444" lon="132.48424444444444">
<ele>9</ele>
</trkpt>
<trkpt lat="33.60962194444444" lon="132.48424444444444">
<ele>9</ele>
</trkpt>
<trkpt lat="33.6091975" lon="132.48431694444446">
<ele>9</ele>
</trkpt>
<trkpt lat="33.6091975" lon="132.48431694444446">
<ele>9</ele>
</trkpt>
<trkpt lat="33.609009722222225" lon="132.48437333333334">
<ele>9</ele>
</trkpt>
<trkpt lat="33.609009722222225" lon="132.48437333333334">
<ele>9</ele>
</trkpt>
<trkpt lat="33.60855194444444" lon="132.48443777777777">
<ele>9</ele>
</trkpt>
<trkpt lat="33.60855194444444" lon="132.48443777777777">
<ele>9</ele>
</trkpt>
<trkpt lat="33.60839333333333" lon="132.48452361111111">
<ele>9</ele>
</trkpt>
<trkpt lat="33.60839333333333" lon="132.48452361111111">
<ele>9</ele>
</trkpt>
<trkpt lat="33.608069444444446" lon="132.48485083333333">
<ele>9</ele>
</trkpt>
<trkpt lat="33.608069444444446" lon="132.48485083333333">
<ele>9</ele>
</trkpt>
<trkpt lat="33.60789277777778" lon="132.48501694444445">
<ele>9</ele>
</trkpt>
<trkpt lat="33.60789277777778" lon="132.48501694444445">
<ele>9</ele>
</trkpt>
<trkpt lat="33.607705277777775" lon="132.48515111111112">
<ele>9</ele>
</trkpt>
<trkpt lat="33.607705277777775" lon="132.48515111111112">
<ele>9</ele>
</trkpt>
<trkpt lat="33.60754444444444" lon="132.48525833333332">
<ele>9</ele>
</trkpt>
<trkpt lat="33.60754111111111" lon="132.48525">
<ele>9</ele>
</trkpt>
<trkpt lat="33.60700805555555" lon="132.4855161111111">
<ele>9</ele>
</trkpt>
<trkpt lat="33.60655" lon="132.4856538888889">
<ele>9</ele>
</trkpt>
<trkpt lat="33.6059" lon="132.4858538888889">
<ele>9</ele>
</trkpt>
<trkpt lat="33.60565" lon="132.4859911111111">
<ele>9</ele>
</trkpt>
<trkpt lat="33.60545888888889" lon="132.48612888888889">
<ele>9</ele>
</trkpt>
<trkpt lat="33.60450888888889" lon="132.4871288888889">
<ele>9</ele>
</trkpt>
<trkpt lat="33.604326111111114" lon="132.4873661111111">
<ele>9</ele>
</trkpt>
<trkpt lat="33.60385888888889" lon="132.4883288888889">
<ele>9</ele>
</trkpt>
<trkpt lat="33.603501111111115" lon="132.48887888888888">
<ele>9</ele>
</trkpt>
<trkpt lat="33.60238388888889" lon="132.49091611111112">
<ele>9</ele>
</trkpt>
<trkpt lat="33.60208388888889" lon="132.4914161111111">
<ele>9</ele>
</trkpt>
<trkpt lat="33.601908888888886" lon="132.49169111111112">
<ele>9</ele>
</trkpt>
<trkpt lat="33.60143388888889" lon="132.49237805555555">
<ele>9</ele>
</trkpt>
<trkpt lat="33.60127611111111" lon="132.49259111111112">
<ele>9</ele>
</trkpt>
<trkpt lat="33.60106694444445" lon="132.49282805555555">
<ele>9</ele>
</trkpt>
<trkpt lat="33.600926111111114" lon="132.49297805555557">
<ele>9</ele>
</trkpt>
<trkpt lat="33.600518055555554" lon="132.49345305555556">
<ele>9</ele>
</trkpt>
<trkpt lat="33.60021694444445" lon="132.49374111111112">
<ele>9</ele>
</trkpt>
<trkpt lat="33.599966944444446" lon="132.49396611111112">
<ele>9</ele>
</trkpt>
<trkpt lat="33.59961805555555" lon="132.4942661111111">
<ele>9</ele>
</trkpt>
<trkpt lat="33.599426111111114" lon="132.49444111111112">
<ele>9</ele>
</trkpt>
<trkpt lat="33.599405" lon="132.4944661111111">
<ele>9</ele>
</trkpt>
<trkpt lat="33.599405" lon="132.4944661111111">
<ele>9</ele>
</trkpt>
<trkpt lat="33.59922611111111" lon="132.49467805555557">
<ele>9</ele>
</trkpt>
<trkpt lat="33.59862611111111" lon="132.4954161111111">
<ele>9</ele>
</trkpt>
<trkpt lat="33.59752611111111" lon="132.49690305555555">
<ele>9</ele>
</trkpt>
<trkpt lat="33.59706805555555" lon="132.49749111111112">
<ele>8</ele>
</trkpt>
<trkpt lat="33.59601" lon="132.49867805555556">
<ele>7</ele>
</trkpt>
<trkpt lat="33.59556" lon="132.49925305555556">
<ele>6</ele>
</trkpt>
<trkpt lat="33.59527694444444" lon="132.49967805555556">
<ele>7</ele>
</trkpt>
<trkpt lat="33.595168055555554" lon="132.4998911111111">
<ele>8</ele>
</trkpt>
<trkpt lat="33.594935" lon="132.500315">
<ele>8</ele>
</trkpt>
<trkpt lat="33.594835" lon="132.50055305555554">
<ele>8</ele>
</trkpt>
<trkpt lat="33.59471" lon="132.50094">
<ele>8</ele>
</trkpt>
<trkpt lat="33.59466" lon="132.501265">
<ele>8</ele>
</trkpt>
<trkpt lat="33.59461805555556" lon="132.502165">
<ele>8</ele>
</trkpt>
<trkpt lat="33.594585" lon="132.50235305555555">
<ele>8</ele>
</trkpt>
<trkpt lat="33.59441" lon="132.50325305555555">
<ele>8</ele>
</trkpt>
<trkpt lat="33.594343055555555" lon="132.503515">
<ele>8</ele>
</trkpt>
<trkpt lat="33.59395194444444" lon="132.504965">
<ele>8</ele>
</trkpt>
<trkpt lat="33.593885" lon="132.50524">
<ele>8</ele>
</trkpt>
<trkpt lat="33.59381888888889" lon="132.505515">
<ele>8</ele>
</trkpt>
<trkpt lat="33.59371888888889" lon="132.50577694444445">
<ele>8</ele>
</trkpt>
<trkpt lat="33.59364388888889" lon="132.50595305555555">
<ele>8</ele>
</trkpt>
<trkpt lat="33.59355194444444" lon="132.50614">
<ele>7</ele>
</trkpt>
<trkpt lat="33.593426944444445" lon="132.50640305555555">
<ele>7</ele>
</trkpt>
<trkpt lat="33.59330194444444" lon="132.506615">
<ele>7</ele>
</trkpt>
<trkpt lat="33.59316" lon="132.50684">
<ele>7</ele>
</trkpt>
<trkpt lat="33.592601944444446" lon="132.50767694444446">
<ele>8</ele>
</trkpt>
<trkpt lat="33.592126944444445" lon="132.50827694444445">
<ele>8</ele>
</trkpt>
<trkpt lat="33.59184388888889" lon="132.50860194444445">
<ele>7</ele>
</trkpt>
<trkpt lat="33.591543888888886" lon="132.50894">
<ele>8</ele>
</trkpt>
<trkpt lat="33.591301944444446" lon="132.50912694444443">
<ele>8</ele>
</trkpt>
<trkpt lat="33.58937805555556" lon="132.510615">
<ele>8</ele>
</trkpt>
<trkpt lat="33.58901888888889" lon="132.51092694444444">
<ele>8</ele>
</trkpt>
<trkpt lat="33.58875305555556" lon="132.51120194444445">
<ele>7</ele>
</trkpt>
<trkpt lat="33.58857611111111" lon="132.511425">
<ele>7</ele>
</trkpt>
<trkpt lat="33.58857611111111" lon="132.511425">
<ele>7</ele>
</trkpt>
<trkpt lat="33.58849388888889" lon="132.51152694444446">
<ele>7</ele>
</trkpt>
<trkpt lat="33.588253055555555" lon="132.511915">
<ele>7</ele>
</trkpt>
<trkpt lat="33.58816888888889" lon="132.51209">
<ele>7</ele>
</trkpt>
<trkpt lat="33.58806888888889" lon="132.512415">
<ele>7</ele>
</trkpt>
<trkpt lat="33.58796888888889" lon="132.51315194444445">
<ele>7</ele>
</trkpt>
<trkpt lat="33.58792805555556" lon="132.51354">
<ele>7</ele>
</trkpt>
<trkpt lat="33.58788611111111" lon="132.51384">
<ele>6</ele>
</trkpt>
<trkpt lat="33.58781888888889" lon="132.514015">
<ele>7</ele>
</trkpt>
<trkpt lat="33.58776888888889" lon="132.51412694444446">
<ele>7</ele>
</trkpt>
<trkpt lat="33.58770305555556" lon="132.51420194444444">
<ele>7</ele>
</trkpt>
<trkpt lat="33.58735305555555" lon="132.51467694444443">
<ele>6</ele>
</trkpt>
<trkpt lat="33.587145" lon="132.51490194444443">
<ele>7</ele>
</trkpt>
<trkpt lat="33.58683611111111" lon="132.5152138888889">
<ele>7</ele>
</trkpt>
<trkpt lat="33.58667805555555" lon="132.51538888888888">
<ele>7</ele>
</trkpt>
<trkpt lat="33.58667" lon="132.51538888888888">
<ele>7</ele>
</trkpt>
<trkpt lat="33.58602805555556" lon="132.5158638888889">
<ele>8</ele>
</trkpt>
<trkpt lat="33.58552" lon="132.51616388888888">
<ele>8</ele>
</trkpt>
<trkpt lat="33.58432" lon="132.51677694444444">
<ele>7</ele>
</trkpt>
<trkpt lat="33.583753888888886" lon="132.51710194444445">
<ele>7</ele>
</trkpt>
<trkpt lat="33.58341194444444" lon="132.5173388888889">
<ele>7</ele>
</trkpt>
<trkpt lat="33.583261944444445" lon="132.51751388888889">
<ele>7</ele>
</trkpt>
<trkpt lat="33.58313694444445" lon="132.51772694444443">
<ele>7</ele>
</trkpt>
<trkpt lat="33.58302" lon="132.5180638888889">
<ele>8</ele>
</trkpt>
<trkpt lat="33.58220388888889" lon="132.52100194444444">
<ele>6</ele>
</trkpt>
<trkpt lat="33.58211194444444" lon="132.52130194444445">
<ele>6</ele>
</trkpt>
<trkpt lat="33.581986944444445" lon="132.52155194444444">
<ele>6</ele>
</trkpt>
<trkpt lat="33.581828888888886" lon="132.52180194444443">
<ele>7</ele>
</trkpt>
<trkpt lat="33.58163694444445" lon="132.5220388888889">
<ele>7</ele>
</trkpt>
<trkpt lat="33.58122888888889" lon="132.5224388888889">
<ele>7</ele>
</trkpt>
<trkpt lat="33.57991194444445" lon="132.52372694444443">
<ele>7</ele>
</trkpt>
<trkpt lat="33.57872888888889" lon="132.52497694444443">
<ele>9</ele>
</trkpt>
<trkpt lat="33.578471111111114" lon="132.52527694444444">
<ele>9</ele>
</trkpt>
<trkpt lat="33.57825388888889" lon="132.52567694444446">
<ele>9</ele>
</trkpt>
<trkpt lat="33.57814805555556" lon="132.5259561111111">
<ele>9</ele>
</trkpt>
<trkpt lat="33.57814694444444" lon="132.5259561111111">
<ele>9</ele>
</trkpt>
<trkpt lat="33.57727111111111" lon="132.5282388888889">
<ele>7</ele>
</trkpt>
<trkpt lat="33.57724611111111" lon="132.52828888888888">
<ele>7</ele>
</trkpt>
<trkpt lat="33.576755" lon="132.5294638888889">
<ele>8</ele>
</trkpt>
<trkpt lat="33.576613055555555" lon="132.5298388888889">
<ele>8</ele>
</trkpt>
<trkpt lat="33.57652111111111" lon="132.53031388888888">
<ele>8</ele>
</trkpt>
<trkpt lat="33.576413055555555" lon="132.5311888888889">
<ele>8</ele>
</trkpt>
<trkpt lat="33.57633805555555" lon="132.53181388888888">
<ele>8</ele>
</trkpt>
<trkpt lat="33.57626305555556" lon="132.5322011111111">
<ele>9</ele>
</trkpt>
<trkpt lat="33.57617194444445" lon="132.53250111111112">
<ele>9</ele>
</trkpt>
<trkpt lat="33.576013055555556" lon="132.5328888888889">
<ele>9</ele>
</trkpt>
<trkpt lat="33.57581305555556" lon="132.53316388888888">
<ele>9</ele>
</trkpt>
<trkpt lat="33.57564694444444" lon="132.53336388888889">
<ele>9</ele>
</trkpt>
<trkpt lat="33.57541305555556" lon="132.53360111111112">
<ele>9</ele>
</trkpt>
<trkpt lat="33.57453805555556" lon="132.5343388888889">
<ele>10</ele>
</trkpt>
<trkpt lat="33.57358888888889" lon="132.53510111111112">
<ele>10</ele>
</trkpt>
<trkpt lat="33.57342194444445" lon="132.5351761111111">
<ele>10</ele>
</trkpt>
<trkpt lat="33.573188888888886" lon="132.5352511111111">
<ele>11</ele>
</trkpt>
<trkpt lat="33.572921944444445" lon="132.53530111111112">
<ele>10</ele>
</trkpt>
<trkpt lat="33.57259694444444" lon="132.53531388888888">
<ele>10</ele>
</trkpt>
<trkpt lat="33.57085611111111" lon="132.5351138888889">
<ele>9</ele>
</trkpt>
<trkpt lat="33.57063111111111" lon="132.53508888888888">
<ele>9</ele>
</trkpt>
<trkpt lat="33.57015611111111" lon="132.5350511111111">
<ele>9</ele>
</trkpt>
<trkpt lat="33.56997194444445" lon="132.5350388888889">
<ele>9</ele>
</trkpt>
<trkpt lat="33.569671944444444" lon="132.5350511111111">
<ele>9</ele>
</trkpt>
<trkpt lat="33.56939805555555" lon="132.5351138888889">
<ele>9</ele>
</trkpt>
<trkpt lat="33.56916388888889" lon="132.53518888888888">
<ele>9</ele>
</trkpt>
<trkpt lat="33.56892194444445" lon="132.53530111111112">
<ele>9</ele>
</trkpt>
<trkpt lat="33.56873888888889" lon="132.53541388888888">
<ele>9</ele>
</trkpt>
<trkpt lat="33.56820611111111" lon="132.5357388888889">
<ele>9</ele>
</trkpt>
<trkpt lat="33.56759805555556" lon="132.53611388888888">
<ele>9</ele>
</trkpt>
<trkpt lat="33.566923055555556" lon="132.53653888888888">
<ele>9</ele>
</trkpt>
<trkpt lat="33.56655611111111" lon="132.5368511111111">
<ele>9</ele>
</trkpt>
<trkpt lat="33.566248055555555" lon="132.53716305555557">
<ele>9</ele>
</trkpt>
<trkpt lat="33.56523111111111" lon="132.5383261111111">
<ele>11</ele>
</trkpt>
<trkpt lat="33.56417305555556" lon="132.5394761111111">
<ele>12</ele>
</trkpt>
<trkpt lat="33.56398111111111" lon="132.53960111111112">
<ele>12</ele>
</trkpt>
<trkpt lat="33.56354805555556" lon="132.53991305555556">
<ele>11</ele>
</trkpt>
<trkpt lat="33.56234805555555" lon="132.5406761111111">
<ele>11</ele>
</trkpt>
<trkpt lat="33.561523055555554" lon="132.54121305555554">
<ele>18</ele>
</trkpt>
<trkpt lat="33.56146805555556" lon="132.5412488888889">
<ele>17</ele>
</trkpt>
<trkpt lat="33.56146805555556" lon="132.5412488888889">
<ele>17</ele>
</trkpt>
<trkpt lat="33.56054805555556" lon="132.5418511111111">
<ele>12</ele>
</trkpt>
<trkpt lat="33.560206944444445" lon="132.54213805555557">
<ele>12</ele>
</trkpt>
<trkpt lat="33.56003194444445" lon="132.5423761111111">
<ele>14</ele>
</trkpt>
<trkpt lat="33.56006388888889" lon="132.54237">
<ele>14</ele>
</trkpt>
<trkpt lat="33.56006388888889" lon="132.54237">
<ele>14</ele>
</trkpt>
<trkpt lat="33.56001" lon="132.5429875">
<ele>20</ele>
</trkpt>
<trkpt lat="33.56001" lon="132.5429875">
<ele>20</ele>
</trkpt>
<trkpt lat="33.55938444444445" lon="132.54393166666668">
<ele>15</ele>
</trkpt>
<trkpt lat="33.55938444444445" lon="132.54393166666668">
<ele>15</ele>
</trkpt>
<trkpt lat="33.55888361111111" lon="132.54534805555556">
<ele>14</ele>
</trkpt>
<trkpt lat="33.55888361111111" lon="132.54534805555556">
<ele>14</ele>
</trkpt>
<trkpt lat="33.558838888888886" lon="132.54608833333333">
<ele>17</ele>
</trkpt>
<trkpt lat="33.558838888888886" lon="132.54608833333333">
<ele>17</ele>
</trkpt>
<trkpt lat="33.55851694444444" lon="132.5465925">
<ele>17</ele>
</trkpt>
<trkpt lat="33.55851694444444" lon="132.5465925">
<ele>17</ele>
</trkpt>
<trkpt lat="33.557605" lon="132.5475152777778">
<ele>14</ele>
</trkpt>
<trkpt lat="33.557605" lon="132.5475152777778">
<ele>14</ele>
</trkpt>
<trkpt lat="33.55697027777778" lon="132.54824472222222">
<ele>14</ele>
</trkpt>
<trkpt lat="33.55697027777778" lon="132.54824472222222">
<ele>14</ele>
</trkpt>
<trkpt lat="33.555325277777776" lon="132.55035833333332">
<ele>16</ele>
</trkpt>
<trkpt lat="33.555325277777776" lon="132.55035833333332">
<ele>16</ele>
</trkpt>
<trkpt lat="33.552750277777776" lon="132.5523325">
<ele>15</ele>
</trkpt>
<trkpt lat="33.552750277777776" lon="132.5523325">
<ele>15</ele>
</trkpt>
<trkpt lat="33.55215111111111" lon="132.55300833333334">
<ele>16</ele>
</trkpt>
<trkpt lat="33.55215111111111" lon="132.55300833333334">
<ele>16</ele>
</trkpt>
<trkpt lat="33.5510425" lon="132.55483222222222">
<ele>17</ele>
</trkpt>
<trkpt lat="33.5510425" lon="132.55483222222222">
<ele>17</ele>
</trkpt>
<trkpt lat="33.550085833333334" lon="132.55659166666666">
<ele>13</ele>
</trkpt>
<trkpt lat="33.550085833333334" lon="132.55659166666666">
<ele>13</ele>
</trkpt>
<trkpt lat="33.54933472222222" lon="132.55781472222222">
<ele>12</ele>
</trkpt>
<trkpt lat="33.54933472222222" lon="132.55781472222222">
<ele>12</ele>
</trkpt>
<trkpt lat="33.548874166666664" lon="132.55898972222224">
<ele>12</ele>
</trkpt>
<trkpt lat="33.548874166666664" lon="132.55898972222224">
<ele>12</ele>
</trkpt>
<trkpt lat="33.547912777777775" lon="132.5610763888889">
<ele>14</ele>
</trkpt>
<trkpt lat="33.547912777777775" lon="132.5610763888889">
<ele>14</ele>
</trkpt>
<trkpt lat="33.54763583333333" lon="132.56163444444445">
<ele>11</ele>
</trkpt>
<trkpt lat="33.54763583333333" lon="132.56163444444445">
<ele>11</ele>
</trkpt>
<trkpt lat="33.54731388888889" lon="132.56264277777777">
<ele>10</ele>
</trkpt>
<trkpt lat="33.54731388888889" lon="132.56264277777777">
<ele>10</ele>
</trkpt>
<trkpt lat="33.5471975" lon="132.56317916666666">
<ele>13</ele>
</trkpt>
<trkpt lat="33.5471975" lon="132.56317916666666">
<ele>13</ele>
</trkpt>
<trkpt lat="33.54705888888889" lon="132.56412083333333">
<ele>16</ele>
</trkpt>
<trkpt lat="33.54705888888889" lon="132.56412083333333">
<ele>16</ele>
</trkpt>
<trkpt lat="33.54696944444444" lon="132.5648075">
<ele>13</ele>
</trkpt>
<trkpt lat="33.54696944444444" lon="132.5648075">
<ele>13</ele>
</trkpt>
<trkpt lat="33.546906944444444" lon="132.56501666666668">
<ele>11</ele>
</trkpt>
<trkpt lat="33.546906944444444" lon="132.56501666666668">
<ele>11</ele>
</trkpt>
<trkpt lat="33.54649555555556" lon="132.56568972222223">
<ele>9</ele>
</trkpt>
<trkpt lat="33.54649555555556" lon="132.56568972222223">
<ele>9</ele>
</trkpt>
<trkpt lat="33.5462675" lon="132.56611083333334">
<ele>9</ele>
</trkpt>
<trkpt lat="33.5462675" lon="132.56611083333334">
<ele>9</ele>
</trkpt>
<trkpt lat="33.54595916666667" lon="132.5667547222222">
<ele>9</ele>
</trkpt>
<trkpt lat="33.54595916666667" lon="132.5667547222222">
<ele>9</ele>
</trkpt>
<trkpt lat="33.545608055555554" lon="132.56768805555555">
<ele>10</ele>
</trkpt>
<trkpt lat="33.545608055555554" lon="132.56768805555555">
<ele>10</ele>
</trkpt>
<trkpt lat="33.54553444444444" lon="132.5678786111111">
<ele>9</ele>
</trkpt>
<trkpt lat="33.54553444444444" lon="132.5678786111111">
<ele>9</ele>
</trkpt>
<trkpt lat="33.54524611111111" lon="132.56833972222222">
<ele>12</ele>
</trkpt>
<trkpt lat="33.54524611111111" lon="132.56833972222222">
<ele>12</ele>
</trkpt>
<trkpt lat="33.54495305555555" lon="132.56866166666666">
<ele>11</ele>
</trkpt>
<trkpt lat="33.54495305555555" lon="132.56866166666666">
<ele>11</ele>
</trkpt>
<trkpt lat="33.54459777777778" lon="132.56895138888888">
<ele>13</ele>
</trkpt>
<trkpt lat="33.54459777777778" lon="132.56895138888888">
<ele>13</ele>
</trkpt>
<trkpt lat="33.544401111111114" lon="132.56907194444443">
<ele>12</ele>
</trkpt>
<trkpt lat="33.544401111111114" lon="132.56907194444443">
<ele>12</ele>
</trkpt>
<trkpt lat="33.54412388888889" lon="132.56923555555557">
<ele>11</ele>
</trkpt>
<trkpt lat="33.54412388888889" lon="132.56923555555557">
<ele>11</ele>
</trkpt>
<trkpt lat="33.54372583333333" lon="132.5694313888889">
<ele>10</ele>
</trkpt>
<trkpt lat="33.54372583333333" lon="132.5694313888889">
<ele>10</ele>
</trkpt>
<trkpt lat="33.54331444444445" lon="132.5695388888889">
<ele>11</ele>
</trkpt>
<trkpt lat="33.54331444444445" lon="132.5695388888889">
<ele>11</ele>
</trkpt>
<trkpt lat="33.54259472222222" lon="132.56968083333334">
<ele>12</ele>
</trkpt>
<trkpt lat="33.54259472222222" lon="132.56968083333334">
<ele>12</ele>
</trkpt>
<trkpt lat="33.54162222222222" lon="132.5698686111111">
<ele>10</ele>
</trkpt>
<trkpt lat="33.54162222222222" lon="132.5698686111111">
<ele>10</ele>
</trkpt>
<trkpt lat="33.541110277777776" lon="132.57008055555556">
<ele>12</ele>
</trkpt>
<trkpt lat="33.541110277777776" lon="132.57008055555556">
<ele>12</ele>
</trkpt>
<trkpt lat="33.54090222222222" lon="132.57014222222222">
<ele>13</ele>
</trkpt>
<trkpt lat="33.54090222222222" lon="132.57014222222222">
<ele>13</ele>
</trkpt>
<trkpt lat="33.54065861111111" lon="132.57006722222224">
<ele>12</ele>
</trkpt>
<trkpt lat="33.54065861111111" lon="132.57006722222224">
<ele>12</ele>
</trkpt>
<trkpt lat="33.53960583333333" lon="132.56945027777778">
<ele>9</ele>
</trkpt>
<trkpt lat="33.53960583333333" lon="132.56945027777778">
<ele>9</ele>
</trkpt>
<trkpt lat="33.53850361111111" lon="132.56864305555555">
<ele>9</ele>
</trkpt>
<trkpt lat="33.53850361111111" lon="132.56864305555555">
<ele>9</ele>
</trkpt>
<trkpt lat="33.53827555555556" lon="132.56844972222223">
<ele>9</ele>
</trkpt>
<trkpt lat="33.53827555555556" lon="132.56844972222223">
<ele>9</ele>
</trkpt>
<trkpt lat="33.53834027777778" lon="132.56835333333333">
<ele>9</ele>
</trkpt>
<trkpt lat="33.53834027777778" lon="132.56835333333333">
<ele>9</ele>
</trkpt>
<trkpt lat="33.538215" lon="132.56823">
<ele>9</ele>
</trkpt>
<trkpt lat="33.538215" lon="132.56823">
<ele>9</ele>
</trkpt>
<trkpt lat="33.539695" lon="132.56566833333332">
<ele>14</ele>
</trkpt>
<trkpt lat="33.539695" lon="132.56566833333332">
<ele>14</ele>
</trkpt>
<trkpt lat="33.53950722222222" lon="132.56541611111112">
<ele>14</ele>
</trkpt>
<trkpt lat="33.53952388888889" lon="132.56540305555555">
<ele>14</ele>
</trkpt>
<trkpt lat="33.539143055555556" lon="132.5646988888889">
<ele>16</ele>
</trkpt>
<trkpt lat="33.539093055555554" lon="132.56464305555556">
<ele>16</ele>
</trkpt>
<trkpt lat="33.539093055555554" lon="132.56464305555556">
<ele>16</ele>
</trkpt>
<trkpt lat="33.539076111111115" lon="132.5646238888889">
<ele>15</ele>
</trkpt>
<trkpt lat="33.53902611111111" lon="132.56458694444444">
<ele>15</ele>
</trkpt>
<trkpt lat="33.53884305555555" lon="132.5644988888889">
<ele>13</ele>
</trkpt>
<trkpt lat="33.53880111111111" lon="132.5644738888889">
<ele>13</ele>
</trkpt>
<trkpt lat="33.53876694444445" lon="132.5644738888889">
<ele>12</ele>
</trkpt>
<trkpt lat="33.53876694444445" lon="132.5644738888889">
<ele>12</ele>
</trkpt>
<trkpt lat="33.53880111111111" lon="132.5644738888889">
<ele>13</ele>
</trkpt>
<trkpt lat="33.53861805555555" lon="132.56418694444446">
<ele>16</ele>
</trkpt>
<trkpt lat="33.53856" lon="132.56408694444445">
<ele>17</ele>
</trkpt>
<trkpt lat="33.53850805555555" lon="132.56400888888888">
<ele>17</ele>
</trkpt>
<trkpt lat="33.53850805555555" lon="132.56400888888888">
<ele>17</ele>
</trkpt>
<trkpt lat="33.53846" lon="132.56393694444444">
<ele>17</ele>
</trkpt>
<trkpt lat="33.53840111111111" lon="132.56386194444445">
<ele>16</ele>
</trkpt>
<trkpt lat="33.53832611111111" lon="132.56377388888887">
<ele>16</ele>
</trkpt>
<trkpt lat="33.53829694444445" lon="132.56375111111112">
<ele>16</ele>
</trkpt>
<trkpt lat="33.53829694444445" lon="132.56375111111112">
<ele>16</ele>
</trkpt>
<trkpt lat="33.538201944444445" lon="132.5636738888889">
<ele>15</ele>
</trkpt>
<trkpt lat="33.538018055555554" lon="132.56356194444444">
<ele>15</ele>
</trkpt>
<trkpt lat="33.537885" lon="132.56348694444443">
<ele>14</ele>
</trkpt>
<trkpt lat="33.537663055555555" lon="132.56340305555557">
<ele>14</ele>
</trkpt>
<trkpt lat="33.537663055555555" lon="132.56340305555557">
<ele>14</ele>
</trkpt>
<trkpt lat="33.536770833333335" lon="132.56294055555554">
<ele>12</ele>
</trkpt>
<trkpt lat="33.536770833333335" lon="132.56294055555554">
<ele>12</ele>
</trkpt>
<trkpt lat="33.53517" lon="132.56211444444443">
<ele>11</ele>
</trkpt>
<trkpt lat="33.53517" lon="132.56211444444443">
<ele>11</ele>
</trkpt>
<trkpt lat="33.53281805555556" lon="132.56089138888888">
<ele>13</ele>
</trkpt>
<trkpt lat="33.53281805555556" lon="132.56089138888888">
<ele>13</ele>
</trkpt>
<trkpt lat="33.531105277777776" lon="132.56001166666667">
<ele>14</ele>
</trkpt>
<trkpt lat="33.531105277777776" lon="132.56001166666667">
<ele>14</ele>
</trkpt>
<trkpt lat="33.53028694444444" lon="132.55959305555555">
<ele>13</ele>
</trkpt>
<trkpt lat="33.53028694444444" lon="132.55959305555555">
<ele>13</ele>
</trkpt>
<trkpt lat="33.52970583333333" lon="132.55918555555556">
<ele>13</ele>
</trkpt>
<trkpt lat="33.52970583333333" lon="132.55918555555556">
<ele>13</ele>
</trkpt>
<trkpt lat="33.52930777777778" lon="132.55874555555556">
<ele>13</ele>
</trkpt>
<trkpt lat="33.52930777777778" lon="132.55874555555556">
<ele>13</ele>
</trkpt>
<trkpt lat="33.528350833333334" lon="132.55745277777777">
<ele>12</ele>
</trkpt>
<trkpt lat="33.528350833333334" lon="132.55745277777777">
<ele>12</ele>
</trkpt>
<trkpt lat="33.52771583333333" lon="132.55636916666666">
<ele>11</ele>
</trkpt>
<trkpt lat="33.52771583333333" lon="132.55636916666666">
<ele>11</ele>
</trkpt>
<trkpt lat="33.52730888888889" lon="132.55543583333332">
<ele>11</ele>
</trkpt>
<trkpt lat="33.52730888888889" lon="132.55543583333332">
<ele>11</ele>
</trkpt>
<trkpt lat="33.52706277777778" lon="132.55460416666668">
<ele>11</ele>
</trkpt>
<trkpt lat="33.52706277777778" lon="132.55460416666668">
<ele>11</ele>
</trkpt>
<trkpt lat="33.52673638888889" lon="132.5533275">
<ele>11</ele>
</trkpt>
<trkpt lat="33.52673638888889" lon="132.5533275">
<ele>11</ele>
</trkpt>
<trkpt lat="33.52615055555555" lon="132.55082222222222">
<ele>11</ele>
</trkpt>
<trkpt lat="33.52615055555555" lon="132.55082222222222">
<ele>11</ele>
</trkpt>
<trkpt lat="33.52578833333333" lon="132.5492397222222">
<ele>15</ele>
</trkpt>
<trkpt lat="33.52578833333333" lon="132.5492397222222">
<ele>15</ele>
</trkpt>
<trkpt lat="33.5256275" lon="132.54874083333334">
<ele>17</ele>
</trkpt>
<trkpt lat="33.5256275" lon="132.54874083333334">
<ele>17</ele>
</trkpt>
<trkpt lat="33.52536361111111" lon="132.54838694444445">
<ele>16</ele>
</trkpt>
<trkpt lat="33.52536361111111" lon="132.54838694444445">
<ele>16</ele>
</trkpt>
<trkpt lat="33.525037222222224" lon="132.54757138888888">
<ele>11</ele>
</trkpt>
<trkpt lat="33.525037222222224" lon="132.54757138888888">
<ele>11</ele>
</trkpt>
<trkpt lat="33.525055" lon="132.54669722222224">
<ele>10</ele>
</trkpt>
<trkpt lat="33.525055" lon="132.54669722222224">
<ele>10</ele>
</trkpt>
<trkpt lat="33.52488944444445" lon="132.54616611111112">
<ele>12</ele>
</trkpt>
<trkpt lat="33.52488944444445" lon="132.54616611111112">
<ele>12</ele>
</trkpt>
<trkpt lat="33.52463916666667" lon="132.54557583333334">
<ele>12</ele>
</trkpt>
<trkpt lat="33.52463916666667" lon="132.54557583333334">
<ele>12</ele>
</trkpt>
<trkpt lat="33.52449611111111" lon="132.54533444444445">
<ele>11</ele>
</trkpt>
<trkpt lat="33.52449611111111" lon="132.54533444444445">
<ele>11</ele>
</trkpt>
<trkpt lat="33.52444222222222" lon="132.54474444444443">
<ele>11</ele>
</trkpt>
<trkpt lat="33.52444222222222" lon="132.54474444444443">
<ele>11</ele>
</trkpt>
<trkpt lat="33.52402638888889" lon="132.5438002777778">
<ele>14</ele>
</trkpt>
<trkpt lat="33.52403" lon="132.54379805555556">
<ele>13</ele>
</trkpt>
<trkpt lat="33.52397805555555" lon="132.54368888888888">
<ele>13</ele>
</trkpt>
<trkpt lat="33.52386888888889" lon="132.5435138888889">
<ele>13</ele>
</trkpt>
<trkpt lat="33.523786111111114" lon="132.5434011111111">
<ele>14</ele>
</trkpt>
<trkpt lat="33.523693888888886" lon="132.5432761111111">
<ele>12</ele>
</trkpt>
<trkpt lat="33.52336888888889" lon="132.5429388888889">
<ele>10</ele>
</trkpt>
<trkpt lat="33.52316111111111" lon="132.54278888888888">
<ele>10</ele>
</trkpt>
<trkpt lat="33.522776944444445" lon="132.5425138888889">
<ele>11</ele>
</trkpt>
<trkpt lat="33.52251888888889" lon="132.54232694444445">
<ele>11</ele>
</trkpt>
<trkpt lat="33.52204388888889" lon="132.54188888888888">
<ele>10</ele>
</trkpt>
<trkpt lat="33.52193694444444" lon="132.54179">
<ele>10</ele>
</trkpt>
<trkpt lat="33.52193694444444" lon="132.54179">
<ele>10</ele>
</trkpt>
<trkpt lat="33.52182805555555" lon="132.5416888888889">
<ele>11</ele>
</trkpt>
<trkpt lat="33.52173611111111" lon="132.54160194444444">
<ele>11</ele>
</trkpt>
<trkpt lat="33.521526944444446" lon="132.54143888888888">
<ele>15</ele>
</trkpt>
<trkpt lat="33.520853055555555" lon="132.54097694444445">
<ele>18</ele>
</trkpt>
<trkpt lat="33.52012805555555" lon="132.54057694444444">
<ele>16</ele>
</trkpt>
<trkpt lat="33.51973611111111" lon="132.54035194444444">
<ele>14</ele>
</trkpt>
<trkpt lat="33.51959388888889" lon="132.54028888888888">
<ele>13</ele>
</trkpt>
<trkpt lat="33.51933611111111" lon="132.54015194444443">
<ele>11</ele>
</trkpt>
<trkpt lat="33.519061111111114" lon="132.54000194444444">
<ele>12</ele>
</trkpt>
<trkpt lat="33.51869388888889" lon="132.5398138888889">
<ele>17</ele>
</trkpt>
<trkpt lat="33.518345" lon="132.5395888888889">
<ele>19</ele>
</trkpt>
<trkpt lat="33.51795305555556" lon="132.5393138888889">
<ele>12</ele>
</trkpt>
<trkpt lat="33.517895" lon="132.53927694444445">
<ele>12</ele>
</trkpt>
<trkpt lat="33.517828888888886" lon="132.5392461111111">
<ele>12</ele>
</trkpt>
<trkpt lat="33.517828888888886" lon="132.5392461111111">
<ele>12</ele>
</trkpt>
<trkpt lat="33.51776111111111" lon="132.5392138888889">
<ele>12</ele>
</trkpt>
<trkpt lat="33.517586111111115" lon="132.53913888888889">
<ele>11</ele>
</trkpt>
<trkpt lat="33.51751111111111" lon="132.53910194444444">
<ele>13</ele>
</trkpt>
<trkpt lat="33.51716111111111" lon="132.5389888888889">
<ele>15</ele>
</trkpt>
<trkpt lat="33.51703611111111" lon="132.5389638888889">
<ele>14</ele>
</trkpt>
<trkpt lat="33.51668611111111" lon="132.53893888888888">
<ele>13</ele>
</trkpt>
<trkpt lat="33.516545" lon="132.53893888888888">
<ele>11</ele>
</trkpt>
<trkpt lat="33.51627" lon="132.53893888888888">
<ele>13</ele>
</trkpt>
<trkpt lat="33.51591194444445" lon="132.5389888888889">
<ele>16</ele>
</trkpt>
<trkpt lat="33.51578694444444" lon="132.53900194444444">
<ele>13</ele>
</trkpt>
<trkpt lat="33.515645" lon="132.5389888888889">
<ele>24</ele>
</trkpt>
<trkpt lat="33.51517805555556" lon="132.53890194444443">
<ele>24</ele>
</trkpt>
<trkpt lat="33.515011944444446" lon="132.5388888888889">
<ele>24</ele>
</trkpt>
<trkpt lat="33.51455305555555" lon="132.53887694444444">
<ele>21</ele>
</trkpt>
<trkpt lat="33.514245" lon="132.53884">
<ele>14</ele>
</trkpt>
<trkpt lat="33.51418694444445" lon="132.53884">
<ele>13</ele>
</trkpt>
<trkpt lat="33.514161944444446" lon="132.53882694444445">
<ele>13</ele>
</trkpt>
<trkpt lat="33.51408694444444" lon="132.53881194444443">
<ele>13</ele>
</trkpt>
<trkpt lat="33.51408694444444" lon="132.53881194444443">
<ele>13</ele>
</trkpt>
<trkpt lat="33.513978055555555" lon="132.53879">
<ele>12</ele>
</trkpt>
<trkpt lat="33.513778055555555" lon="132.53872694444445">
<ele>13</ele>
</trkpt>
<trkpt lat="33.51372805555555" lon="132.53870194444445">
<ele>12</ele>
</trkpt>
<trkpt lat="33.51362805555556" lon="132.53865194444444">
<ele>13</ele>
</trkpt>
<trkpt lat="33.513511944444446" lon="132.53857694444446">
<ele>12</ele>
</trkpt>
<trkpt lat="33.513328888888886" lon="132.53844">
<ele>13</ele>
</trkpt>
<trkpt lat="33.51311194444445" lon="132.53825194444445">
<ele>14</ele>
</trkpt>
<trkpt lat="33.51296194444444" lon="132.538065">
<ele>14</ele>
</trkpt>
<trkpt lat="33.51287" lon="132.537915">
<ele>14</ele>
</trkpt>
<trkpt lat="33.51239611111111" lon="132.53705888888888">
<ele>18</ele>
</trkpt>
<trkpt lat="33.51239611111111" lon="132.53705888888888">
<ele>18</ele>
</trkpt>
<trkpt lat="33.51233694444444" lon="132.53695194444444">
<ele>18</ele>
</trkpt>
<trkpt lat="33.512245" lon="132.53699111111112">
<ele>17</ele>
</trkpt>
<trkpt lat="33.512245" lon="132.53699111111112">
<ele>17</ele>
</trkpt>
<trkpt lat="33.51211194444444" lon="132.5370625">
<ele>16</ele>
</trkpt>
<trkpt lat="33.51211194444444" lon="132.5370625">
<ele>16</ele>
</trkpt>
<trkpt lat="33.51179888888889" lon="132.53742194444445">
<ele>12</ele>
</trkpt>
<trkpt lat="33.51179888888889" lon="132.53742194444445">
<ele>12</ele>
</trkpt>
<trkpt lat="33.51157527777778" lon="132.53751861111112">
<ele>10</ele>
</trkpt>
<trkpt lat="33.51157527777778" lon="132.53751861111112">
<ele>10</ele>
</trkpt>
<trkpt lat="33.511230833333336" lon="132.53754527777778">
<ele>10</ele>
</trkpt>
<trkpt lat="33.511230833333336" lon="132.53754527777778">
<ele>10</ele>
</trkpt>
<trkpt lat="33.51116833333333" lon="132.5375936111111">
<ele>10</ele>
</trkpt>
<trkpt lat="33.51116833333333" lon="132.5375936111111">
<ele>10</ele>
</trkpt>
<trkpt lat="33.510394444444444" lon="132.5372986111111">
<ele>11</ele>
</trkpt>
<trkpt lat="33.510394444444444" lon="132.5372986111111">
<ele>11</ele>
</trkpt>
<trkpt lat="33.50997388888889" lon="132.53717">
<ele>11</ele>
</trkpt>
<trkpt lat="33.50997388888889" lon="132.53717">
<ele>11</ele>
</trkpt>
<trkpt lat="33.50971472222222" lon="132.5371538888889">
<ele>11</ele>
</trkpt>
<trkpt lat="33.50971472222222" lon="132.5371538888889">
<ele>11</ele>
</trkpt>
<trkpt lat="33.50913305555556" lon="132.53698222222224">
<ele>11</ele>
</trkpt>
<trkpt lat="33.50913305555556" lon="132.53698222222224">
<ele>11</ele>
</trkpt>
<trkpt lat="33.508963055555554" lon="132.53736833333335">
<ele>12</ele>
</trkpt>
<trkpt lat="33.508963055555554" lon="132.53736833333335">
<ele>12</ele>
</trkpt>
<trkpt lat="33.50850694444444" lon="132.53708944444443">
<ele>12</ele>
</trkpt>
<trkpt lat="33.50850694444444" lon="132.53708944444443">
<ele>12</ele>
</trkpt>
<trkpt lat="33.50793888888889" lon="132.53674083333334">
<ele>13</ele>
</trkpt>
<trkpt lat="33.50793888888889" lon="132.53674083333334">
<ele>13</ele>
</trkpt>
<trkpt lat="33.50770194444444" lon="132.53666027777777">
<ele>14</ele>
</trkpt>
<trkpt lat="33.50770194444444" lon="132.53666027777777">
<ele>14</ele>
</trkpt>
<trkpt lat="33.50746027777778" lon="132.53674083333334">
<ele>16</ele>
</trkpt>
<trkpt lat="33.50746027777778" lon="132.53674083333334">
<ele>16</ele>
</trkpt>
<trkpt lat="33.507625833333336" lon="132.5374275">
<ele>17</ele>
</trkpt>
<trkpt lat="33.507625833333336" lon="132.5374275">
<ele>17</ele>
</trkpt>
<trkpt lat="33.50765694444444" lon="132.53850555555556">
<ele>19</ele>
</trkpt>
<trkpt lat="33.50765694444444" lon="132.53850555555556">
<ele>19</ele>
</trkpt>
<trkpt lat="33.507648055555556" lon="132.53928333333334">
<ele>19</ele>
</trkpt>
<trkpt lat="33.507648055555556" lon="132.53928333333334">
<ele>19</ele>
</trkpt>
<trkpt lat="33.50759444444444" lon="132.54281055555555">
<ele>15</ele>
</trkpt>
<trkpt lat="33.50759444444444" lon="132.54281055555555">
<ele>15</ele>
</trkpt>
<trkpt lat="33.507236666666664" lon="132.54276222222222">
<ele>16</ele>
</trkpt>
<trkpt lat="33.507236666666664" lon="132.54276222222222">
<ele>16</ele>
</trkpt>
<trkpt lat="33.5068675" lon="132.54270583333334">
<ele>17</ele>
</trkpt>
<trkpt lat="33.5068675" lon="132.54270583333334">
<ele>17</ele>
</trkpt>
<trkpt lat="33.50658138888889" lon="132.54484638888889">
<ele>15</ele>
</trkpt>
<trkpt lat="33.50658138888889" lon="132.54484638888889">
<ele>15</ele>
</trkpt>
<trkpt lat="33.5064025" lon="132.54649055555555">
<ele>15</ele>
</trkpt>
<trkpt lat="33.5064025" lon="132.54649055555555">
<ele>15</ele>
</trkpt>
<trkpt lat="33.50621888888889" lon="132.54777805555557">
<ele>19</ele>
</trkpt>
<trkpt lat="33.50621888888889" lon="132.54777805555557">
<ele>19</ele>
</trkpt>
<trkpt lat="33.50618333333333" lon="132.54792555555557">
<ele>19</ele>
</trkpt>
<trkpt lat="33.50618333333333" lon="132.54792555555557">
<ele>19</ele>
</trkpt>
<trkpt lat="33.506078055555555" lon="132.54812944444444">
<ele>19</ele>
</trkpt>
<trkpt lat="33.506078055555555" lon="132.54812944444444">
<ele>19</ele>
</trkpt>
<trkpt lat="33.505964166666665" lon="132.54821777777778">
<ele>19</ele>
</trkpt>
<trkpt lat="33.505964166666665" lon="132.54821777777778">
<ele>19</ele>
</trkpt>
<trkpt lat="33.50577388888889" lon="132.54827694444444">
<ele>28</ele>
</trkpt>
<trkpt lat="33.50577388888889" lon="132.54827694444444">
<ele>28</ele>
</trkpt>
<trkpt lat="33.50530666666667" lon="132.54851555555555">
<ele>19</ele>
</trkpt>
<trkpt lat="33.50530666666667" lon="132.54851555555555">
<ele>19</ele>
</trkpt>
<trkpt lat="33.505065" lon="132.54853722222222">
<ele>17</ele>
</trkpt>
<trkpt lat="33.505065" lon="132.54853722222222">
<ele>17</ele>
</trkpt>
<trkpt lat="33.50327138888889" lon="132.54853444444444">
<ele>16</ele>
</trkpt>
<trkpt lat="33.50327138888889" lon="132.54853444444444">
<ele>16</ele>
</trkpt>
<trkpt lat="33.50292694444445" lon="132.5487275">
<ele>17</ele>
</trkpt>
<trkpt lat="33.50292694444445" lon="132.5487275">
<ele>17</ele>
</trkpt>
<trkpt lat="33.50272555555556" lon="132.54879722222222">
<ele>17</ele>
</trkpt>
<trkpt lat="33.50272555555556" lon="132.54879722222222">
<ele>17</ele>
</trkpt>
<trkpt lat="33.50261361111111" lon="132.54970916666667">
<ele>19</ele>
</trkpt>
<trkpt lat="33.50261361111111" lon="132.54970916666667">
<ele>19</ele>
</trkpt>
<trkpt lat="33.502537777777775" lon="132.55002027777778">
<ele>24</ele>
</trkpt>
<trkpt lat="33.502537777777775" lon="132.55002027777778">
<ele>24</ele>
</trkpt>
<trkpt lat="33.50233194444444" lon="132.55031527777777">
<ele>23</ele>
</trkpt>
<trkpt lat="33.50233194444444" lon="132.55031527777777">
<ele>23</ele>
</trkpt>
<trkpt lat="33.501821944444444" lon="132.55065861111112">
<ele>13</ele>
</trkpt>
<trkpt lat="33.501821944444444" lon="132.55065861111112">
<ele>13</ele>
</trkpt>
<trkpt lat="33.50154916666666" lon="132.55092694444446">
<ele>13</ele>
</trkpt>
<trkpt lat="33.50154916666666" lon="132.55092694444446">
<ele>13</ele>
</trkpt>
<trkpt lat="33.50127611111111" lon="132.55138277777777">
<ele>9</ele>
</trkpt>
<trkpt lat="33.50127611111111" lon="132.55138277777777">
<ele>9</ele>
</trkpt>
<trkpt lat="33.50127166666667" lon="132.55156527777777">
<ele>13</ele>
</trkpt>
<trkpt lat="33.50127166666667" lon="132.55156527777777">
<ele>13</ele>
</trkpt>
<trkpt lat="33.5041525" lon="132.5529225">
<ele>22</ele>
</trkpt>
<trkpt lat="33.5041525" lon="132.5529225">
<ele>22</ele>
</trkpt>
<trkpt lat="33.50427777777778" lon="132.55308333333332">
<ele>25</ele>
</trkpt>
<trkpt lat="33.50427777777778" lon="132.55308333333332">
<ele>25</ele>
</trkpt>
<trkpt lat="33.50430444444444" lon="132.55315055555556">
<ele>27</ele>
</trkpt>
<trkpt lat="33.50430444444444" lon="132.55315055555556">
<ele>27</ele>
</trkpt>
<trkpt lat="33.504063055555555" lon="132.55327666666668">
<ele>24</ele>
</trkpt>
<trkpt lat="33.504063055555555" lon="132.55327666666668">
<ele>24</ele>
</trkpt>
<trkpt lat="33.503595555555556" lon="132.55352333333335">
<ele>18</ele>
</trkpt>
<trkpt lat="33.503595555555556" lon="132.55352333333335">
<ele>18</ele>
</trkpt>
<trkpt lat="33.50346138888889" lon="132.55372444444444">
<ele>16</ele>
</trkpt>
<trkpt lat="33.50346138888889" lon="132.55372444444444">
<ele>16</ele>
</trkpt>
<trkpt lat="33.50331833333333" lon="132.55403555555554">
<ele>12</ele>
</trkpt>
<trkpt lat="33.50331833333333" lon="132.55403555555554">
<ele>12</ele>
</trkpt>
<trkpt lat="33.50326" lon="132.554285">
<ele>11</ele>
</trkpt>
<trkpt lat="33.50326" lon="132.554285">
<ele>11</ele>
</trkpt>
<trkpt lat="33.50328916666667" lon="132.55456666666666">
<ele>10</ele>
</trkpt>
<trkpt lat="33.50328916666667" lon="132.55456666666666">
<ele>10</ele>
</trkpt>
<trkpt lat="33.50360666666667" lon="132.55580583333332">
<ele>9</ele>
</trkpt>
<trkpt lat="33.50358111111111" lon="132.555815">
<ele>11</ele>
</trkpt>
<trkpt lat="33.503755" lon="132.55650111111112">
<ele>9</ele>
</trkpt>
<trkpt lat="33.503805" lon="132.5568011111111">
<ele>9</ele>
</trkpt>
<trkpt lat="33.503796944444446" lon="132.5570011111111">
<ele>9</ele>
</trkpt>
<trkpt lat="33.503771944444445" lon="132.55715111111112">
<ele>9</ele>
</trkpt>
<trkpt lat="33.50363888888889" lon="132.5578761111111">
<ele>9</ele>
</trkpt>
<trkpt lat="33.50363" lon="132.55808805555554">
<ele>9</ele>
</trkpt>
<trkpt lat="33.503655" lon="132.55886305555555">
<ele>9</ele>
</trkpt>
<trkpt lat="33.503655" lon="132.55898805555555">
<ele>9</ele>
</trkpt>
<trkpt lat="33.503613888888886" lon="132.55926305555556">
<ele>14</ele>
</trkpt>
<trkpt lat="33.50343888888889" lon="132.56005">
<ele>13</ele>
</trkpt>
<trkpt lat="33.50338888888889" lon="132.56028805555556">
<ele>14</ele>
</trkpt>
<trkpt lat="33.503371944444446" lon="132.56041305555556">
<ele>15</ele>
</trkpt>
<trkpt lat="33.503346944444445" lon="132.5606">
<ele>16</ele>
</trkpt>
<trkpt lat="33.50324694444444" lon="132.561425">
<ele>18</ele>
</trkpt>
<trkpt lat="33.503256944444445" lon="132.5614138888889">
<ele>18</ele>
</trkpt>
<trkpt lat="33.503256944444445" lon="132.5614138888889">
<ele>18</ele>
</trkpt>
<trkpt lat="33.50324694444444" lon="132.561425">
<ele>18</ele>
</trkpt>
<trkpt lat="33.50318" lon="132.56193805555554">
<ele>22</ele>
</trkpt>
<trkpt lat="33.503188888888886" lon="132.56213805555555">
<ele>20</ele>
</trkpt>
<trkpt lat="33.50321388888889" lon="132.56233805555556">
<ele>19</ele>
</trkpt>
<trkpt lat="33.503255" lon="132.56248805555555">
<ele>21</ele>
</trkpt>
<trkpt lat="33.503346944444445" lon="132.562675">
<ele>21</ele>
</trkpt>
<trkpt lat="33.50367194444444" lon="132.56336194444444">
<ele>23</ele>
</trkpt>
<trkpt lat="33.503855" lon="132.563825">
<ele>25</ele>
</trkpt>
<trkpt lat="33.504005" lon="132.56426305555556">
<ele>26</ele>
</trkpt>
<trkpt lat="33.50428" lon="132.5652">
<ele>27</ele>
</trkpt>
<trkpt lat="33.50447194444445" lon="132.56578694444445">
<ele>27</ele>
</trkpt>
<trkpt lat="33.50463888888889" lon="132.566375">
<ele>31</ele>
</trkpt>
<trkpt lat="33.50473" lon="132.56686194444444">
<ele>33</ele>
</trkpt>
<trkpt lat="33.50477611111111" lon="132.56702805555557">
<ele>33</ele>
</trkpt>
<trkpt lat="33.50477611111111" lon="132.56702805555557">
<ele>33</ele>
</trkpt>
<trkpt lat="33.505305" lon="132.56895">
<ele>35</ele>
</trkpt>
<trkpt lat="33.50543888888889" lon="132.56961194444443">
<ele>34</ele>
</trkpt>
<trkpt lat="33.505471944444444" lon="132.5699488888889">
<ele>37</ele>
</trkpt>
<trkpt lat="33.505505" lon="132.57078694444445">
<ele>25</ele>
</trkpt>
<trkpt lat="33.50555611111111" lon="132.57167388888888">
<ele>20</ele>
</trkpt>
<trkpt lat="33.50563888888889" lon="132.57212388888888">
<ele>20</ele>
</trkpt>
<trkpt lat="33.50577194444445" lon="132.57256194444443">
<ele>19</ele>
</trkpt>
<trkpt lat="33.505946944444446" lon="132.5728988888889">
<ele>21</ele>
</trkpt>
<trkpt lat="33.50628" lon="132.5732988888889">
<ele>25</ele>
</trkpt>
<trkpt lat="33.50639694444445" lon="132.57338694444445">
<ele>26</ele>
</trkpt>
<trkpt lat="33.50649694444444" lon="132.57343694444444">
<ele>28</ele>
</trkpt>
<trkpt lat="33.506596944444446" lon="132.57346194444443">
<ele>25</ele>
</trkpt>
<trkpt lat="33.50698" lon="132.57351194444445">
<ele>27</ele>
</trkpt>
<trkpt lat="33.50712194444444" lon="132.57356194444444">
<ele>27</ele>
</trkpt>
<trkpt lat="33.50721388888889" lon="132.57363694444444">
<ele>27</ele>
</trkpt>
<trkpt lat="33.507263888888886" lon="132.57371194444445">
<ele>23</ele>
</trkpt>
<trkpt lat="33.50734694444444" lon="132.57396194444445">
<ele>21</ele>
</trkpt>
<trkpt lat="33.50735" lon="132.5739761111111">
<ele>21</ele>
</trkpt>
<trkpt lat="33.50735" lon="132.5739761111111">
<ele>21</ele>
</trkpt>
<trkpt lat="33.507371944444444" lon="132.57408694444445">
<ele>21</ele>
</trkpt>
<trkpt lat="33.50738" lon="132.57423694444444">
<ele>20</ele>
</trkpt>
<trkpt lat="33.50736388888889" lon="132.57453694444445">
<ele>19</ele>
</trkpt>
<trkpt lat="33.507355" lon="132.5746488888889">
<ele>19</ele>
</trkpt>
<trkpt lat="33.50734694444444" lon="132.57472388888888">
<ele>18</ele>
</trkpt>
<trkpt lat="33.50733" lon="132.57496194444445">
<ele>18</ele>
</trkpt>
<trkpt lat="33.50733" lon="132.5750238888889">
<ele>17</ele>
</trkpt>
<trkpt lat="33.50733888888889" lon="132.57513694444444">
<ele>17</ele>
</trkpt>
<trkpt lat="33.50733" lon="132.5758238888889">
<ele>21</ele>
</trkpt>
<trkpt lat="33.50731388888889" lon="132.5760611111111">
<ele>26</ele>
</trkpt>
<trkpt lat="33.50733" lon="132.57633611111112">
<ele>29</ele>
</trkpt>
<trkpt lat="33.50733888888889" lon="132.5763988888889">
<ele>27</ele>
</trkpt>
<trkpt lat="33.507488888888886" lon="132.5771738888889">
<ele>31</ele>
</trkpt>
<trkpt lat="33.50753" lon="132.57736111111112">
<ele>32</ele>
</trkpt>
<trkpt lat="33.50758111111111" lon="132.57767388888888">
<ele>32</ele>
</trkpt>
<trkpt lat="33.50763888888889" lon="132.57779888888888">
<ele>31</ele>
</trkpt>
<trkpt lat="33.50773" lon="132.57792388888888">
<ele>31</ele>
</trkpt>
<trkpt lat="33.50793888888889" lon="132.5780988888889">
<ele>31</ele>
</trkpt>
<trkpt lat="33.50841388888889" lon="132.5784488888889">
<ele>27</ele>
</trkpt>
<trkpt lat="33.508505" lon="132.57848611111112">
<ele>27</ele>
</trkpt>
<trkpt lat="33.50897194444445" lon="132.57858611111112">
<ele>28</ele>
</trkpt>
<trkpt lat="33.50908888888889" lon="132.57859888888888">
<ele>28</ele>
</trkpt>
<trkpt lat="33.50927194444444" lon="132.5786738888889">
<ele>29</ele>
</trkpt>
<trkpt lat="33.509305" lon="132.57871111111112">
<ele>29</ele>
</trkpt>
<trkpt lat="33.50971388888889" lon="132.5790861111111">
<ele>29</ele>
</trkpt>
<trkpt lat="33.50984694444445" lon="132.57927388888888">
<ele>29</ele>
</trkpt>
<trkpt lat="33.50987194444444" lon="132.5793111111111">
<ele>29</ele>
</trkpt>
<trkpt lat="33.51018888888889" lon="132.5799111111111">
<ele>29</ele>
</trkpt>
<trkpt lat="33.51024694444445" lon="132.58008611111111">
<ele>29</ele>
</trkpt>
<trkpt lat="33.51025611111111" lon="132.58011694444446">
<ele>29</ele>
</trkpt>
<trkpt lat="33.51025611111111" lon="132.58011694444446">
<ele>29</ele>
</trkpt>
<trkpt lat="33.510305" lon="132.58028611111112">
<ele>29</ele>
</trkpt>
<trkpt lat="33.51038" lon="132.58062388888888">
<ele>28</ele>
</trkpt>
<trkpt lat="33.51049694444445" lon="132.5811611111111">
<ele>27</ele>
</trkpt>
<trkpt lat="33.51063" lon="132.58177388888888">
<ele>26</ele>
</trkpt>
<trkpt lat="33.51063888888889" lon="132.5819238888889">
<ele>25</ele>
</trkpt>
<trkpt lat="33.510646944444446" lon="132.5821738888889">
<ele>25</ele>
</trkpt>
<trkpt lat="33.51063888888889" lon="132.5826111111111">
<ele>27</ele>
</trkpt>
<trkpt lat="33.51063" lon="132.5828111111111">
<ele>28</ele>
</trkpt>
<trkpt lat="33.510596944444444" lon="132.58312305555555">
<ele>28</ele>
</trkpt>
<trkpt lat="33.51054694444444" lon="132.58344805555555">
<ele>28</ele>
</trkpt>
<trkpt lat="33.51053" lon="132.58358611111112">
<ele>28</ele>
</trkpt>
<trkpt lat="33.51041388888889" lon="132.58437305555555">
<ele>26</ele>
</trkpt>
<trkpt lat="33.51028888888889" lon="132.58493611111112">
<ele>26</ele>
</trkpt>
<trkpt lat="33.51018888888889" lon="132.58519805555557">
<ele>26</ele>
</trkpt>
<trkpt lat="33.50967194444444" lon="132.5863611111111">
<ele>27</ele>
</trkpt>
<trkpt lat="33.50936388888889" lon="132.58707305555555">
<ele>26</ele>
</trkpt>
<trkpt lat="33.509321944444444" lon="132.58718611111112">
<ele>25</ele>
</trkpt>
<trkpt lat="33.509281111111115" lon="132.58729805555555">
<ele>26</ele>
</trkpt>
<trkpt lat="33.50921388888889" lon="132.5875611111111">
<ele>24</ele>
</trkpt>
<trkpt lat="33.50918111111111" lon="132.58784805555555">
<ele>24</ele>
</trkpt>
<trkpt lat="33.50918111111111" lon="132.58821111111112">
<ele>24</ele>
</trkpt>
<trkpt lat="33.509343055555554" lon="132.59113694444446">
<ele>23</ele>
</trkpt>
<trkpt lat="33.509343888888885" lon="132.59113694444446">
<ele>23</ele>
</trkpt>
<trkpt lat="33.509348055555556" lon="132.59121">
<ele>23</ele>
</trkpt>
<trkpt lat="33.50939694444445" lon="132.59174805555554">
<ele>24</ele>
</trkpt>
<trkpt lat="33.50942194444445" lon="132.591885">
<ele>24</ele>
</trkpt>
<trkpt lat="33.50953888888889" lon="132.592335">
<ele>24</ele>
</trkpt>
<trkpt lat="33.50960611111111" lon="132.592585">
<ele>24</ele>
</trkpt>
<trkpt lat="33.50968888888889" lon="132.59284805555555">
<ele>24</ele>
</trkpt>
<trkpt lat="33.50973888888889" lon="132.593035">
<ele>23</ele>
</trkpt>
<trkpt lat="33.50983111111111" lon="132.59342194444446">
<ele>23</ele>
</trkpt>
<trkpt lat="33.50986388888889" lon="132.59361">
<ele>24</ele>
</trkpt>
<trkpt lat="33.50987305555556" lon="132.59376">
<ele>24</ele>
</trkpt>
<trkpt lat="33.50986388888889" lon="132.593935">
<ele>24</ele>
</trkpt>
<trkpt lat="33.509796944444446" lon="132.59427194444444">
<ele>25</ele>
</trkpt>
<trkpt lat="33.50973888888889" lon="132.594535">
<ele>27</ele>
</trkpt>
<trkpt lat="33.50963111111111" lon="132.59501">
<ele>27</ele>
</trkpt>
<trkpt lat="33.50960611111111" lon="132.59551">
<ele>27</ele>
</trkpt>
<trkpt lat="33.509613888888886" lon="132.596135">
<ele>28</ele>
</trkpt>
<trkpt lat="33.50959805555556" lon="132.59652194444445">
<ele>28</ele>
</trkpt>
<trkpt lat="33.50958111111111" lon="132.59666">
<ele>28</ele>
</trkpt>
<trkpt lat="33.509521944444444" lon="132.59699694444444">
<ele>28</ele>
</trkpt>
<trkpt lat="33.509481111111114" lon="132.59717194444445">
<ele>28</ele>
</trkpt>
<trkpt lat="33.50943888888889" lon="132.59732194444445">
<ele>28</ele>
</trkpt>
<trkpt lat="33.50913888888889" lon="132.598135">
<ele>27</ele>
</trkpt>
<trkpt lat="33.509121944444445" lon="132.59819694444445">
<ele>27</ele>
</trkpt>
<trkpt lat="33.509098055555555" lon="132.598335">
<ele>26</ele>
</trkpt>
<trkpt lat="33.50899805555556" lon="132.5993588888889">
<ele>25</ele>
</trkpt>
<trkpt lat="33.50899805555556" lon="132.5993838888889">
<ele>25</ele>
</trkpt>
<trkpt lat="33.50898111111111" lon="132.59952194444443">
<ele>25</ele>
</trkpt>
<trkpt lat="33.50894805555556" lon="132.60009694444443">
<ele>24</ele>
</trkpt>
<trkpt lat="33.50893888888889" lon="132.60113388888888">
<ele>21</ele>
</trkpt>
<trkpt lat="33.50891388888889" lon="132.60148388888888">
<ele>24</ele>
</trkpt>
<trkpt lat="33.50873888888889" lon="132.60305888888888">
<ele>22</ele>
</trkpt>
<trkpt lat="33.50873111111111" lon="132.6034588888889">
<ele>23</ele>
</trkpt>
<trkpt lat="33.50878111111111" lon="132.6038088888889">
<ele>25</ele>
</trkpt>
<trkpt lat="33.50904805555555" lon="132.60494694444444">
<ele>28</ele>
</trkpt>
<trkpt lat="33.509073055555554" lon="132.6052588888889">
<ele>27</ele>
</trkpt>
<trkpt lat="33.509073055555554" lon="132.60530888888889">
<ele>27</ele>
</trkpt>
<trkpt lat="33.509056111111114" lon="132.6057461111111">
<ele>28</ele>
</trkpt>
<trkpt lat="33.50897305555556" lon="132.60680888888888">
<ele>28</ele>
</trkpt>
<trkpt lat="33.50890611111111" lon="132.6071838888889">
<ele>28</ele>
</trkpt>
<trkpt lat="33.50878111111111" lon="132.6077338888889">
<ele>29</ele>
</trkpt>
<trkpt lat="33.50859805555555" lon="132.6084211111111">
<ele>29</ele>
</trkpt>
<trkpt lat="33.50852305555556" lon="132.60863388888887">
<ele>29</ele>
</trkpt>
<trkpt lat="33.50829805555556" lon="132.6091338888889">
<ele>28</ele>
</trkpt>
<trkpt lat="33.508293888888886" lon="132.6091438888889">
<ele>28</ele>
</trkpt>
<trkpt lat="33.508295" lon="132.6091438888889">
<ele>28</ele>
</trkpt>
<trkpt lat="33.508265" lon="132.6092338888889">
<ele>28</ele>
</trkpt>
<trkpt lat="33.50785611111111" lon="132.6101211111111">
<ele>27</ele>
</trkpt>
<trkpt lat="33.50777305555555" lon="132.6102961111111">
<ele>27</ele>
</trkpt>
<trkpt lat="33.507648055555556" lon="132.6105088888889">
<ele>28</ele>
</trkpt>
<trkpt lat="33.50759" lon="132.6105711111111">
<ele>29</ele>
</trkpt>
<trkpt lat="33.50752305555555" lon="132.6106211111111">
<ele>29</ele>
</trkpt>
<trkpt lat="33.507373055555554" lon="132.6106961111111">
<ele>29</ele>
</trkpt>
<trkpt lat="33.50622305555556" lon="132.6111588888889">
<ele>29</ele>
</trkpt>
<trkpt lat="33.506123055555555" lon="132.6111961111111">
<ele>29</ele>
</trkpt>
<trkpt lat="33.50582305555555" lon="132.61134611111112">
<ele>29</ele>
</trkpt>
<trkpt lat="33.50562305555555" lon="132.61147111111111">
<ele>29</ele>
</trkpt>
<trkpt lat="33.50549" lon="132.6116088888889">
<ele>29</ele>
</trkpt>
<trkpt lat="33.50535694444444" lon="132.6118338888889">
<ele>29</ele>
</trkpt>
<trkpt lat="33.505248888888886" lon="132.61213388888888">
<ele>29</ele>
</trkpt>
<trkpt lat="33.505048888888886" lon="132.61302111111112">
<ele>28</ele>
</trkpt>
<trkpt lat="33.504815" lon="132.61404611111112">
<ele>29</ele>
</trkpt>
<trkpt lat="33.504781944444446" lon="132.61450805555555">
<ele>29</ele>
</trkpt>
<trkpt lat="33.50480694444445" lon="132.61500805555556">
<ele>28</ele>
</trkpt>
<trkpt lat="33.504865" lon="132.61570805555556">
<ele>27</ele>
</trkpt>
<trkpt lat="33.50485694444444" lon="132.61593305555556">
<ele>26</ele>
</trkpt>
<trkpt lat="33.50484888888889" lon="132.6161211111111">
<ele>27</ele>
</trkpt>
<trkpt lat="33.504815" lon="132.61644611111112">
<ele>28</ele>
</trkpt>
<trkpt lat="33.50452388888889" lon="132.61814611111112">
<ele>27</ele>
</trkpt>
<trkpt lat="33.50449888888889" lon="132.6186711111111">
<ele>28</ele>
</trkpt>
<trkpt lat="33.50454111111111" lon="132.61908305555556">
<ele>27</ele>
</trkpt>
<trkpt lat="33.50489888888889" lon="132.62043305555557">
<ele>29</ele>
</trkpt>
<trkpt lat="33.504931944444444" lon="132.62068305555556">
<ele>28</ele>
</trkpt>
<trkpt lat="33.50499111111111" lon="132.62122">
<ele>27</ele>
</trkpt>
<trkpt lat="33.50506388888889" lon="132.62222805555555">
<ele>27</ele>
</trkpt>
<trkpt lat="33.50506305555555" lon="132.62222805555555">
<ele>27</ele>
</trkpt>
<trkpt lat="33.50506611111111" lon="132.62225805555556">
<ele>27</ele>
</trkpt>
<trkpt lat="33.50507388888889" lon="132.62248305555556">
<ele>27</ele>
</trkpt>
<trkpt lat="33.50509888888889" lon="132.62373305555556">
<ele>27</ele>
</trkpt>
<trkpt lat="33.505116111111114" lon="132.62522">
<ele>35</ele>
</trkpt>
<trkpt lat="33.505116111111114" lon="132.62567">
<ele>38</ele>
</trkpt>
<trkpt lat="33.50507388888889" lon="132.62582">
<ele>35</ele>
</trkpt>
<trkpt lat="33.50469888888889" lon="132.626645">
<ele>31</ele>
</trkpt>
<trkpt lat="33.50462388888889" lon="132.62680694444444">
<ele>31</ele>
</trkpt>
<trkpt lat="33.50454111111111" lon="132.62693305555555">
<ele>31</ele>
</trkpt>
<trkpt lat="33.50444888888889" lon="132.62700805555556">
<ele>32</ele>
</trkpt>
<trkpt lat="33.50334888888889" lon="132.62778194444445">
<ele>38</ele>
</trkpt>
<trkpt lat="33.50269111111111" lon="132.62825805555556">
<ele>36</ele>
</trkpt>
<trkpt lat="33.50184888888889" lon="132.62890694444445">
<ele>33</ele>
</trkpt>
<trkpt lat="33.50091611111111" lon="132.62960694444445">
<ele>33</ele>
</trkpt>
<trkpt lat="33.50021611111111" lon="132.63018194444444">
<ele>32</ele>
</trkpt>
<trkpt lat="33.49986611111111" lon="132.63033194444444">
<ele>30</ele>
</trkpt>
<trkpt lat="33.497875" lon="132.63120694444444">
<ele>31</ele>
</trkpt>
<trkpt lat="33.49688305555556" lon="132.63157">
<ele>33</ele>
</trkpt>
<trkpt lat="33.49648305555556" lon="132.63177">
<ele>31</ele>
</trkpt>
<trkpt lat="33.496116944444445" lon="132.632095">
<ele>33</ele>
</trkpt>
<trkpt lat="33.49581694444444" lon="132.632595">
<ele>34</ele>
</trkpt>
<trkpt lat="33.49558388888889" lon="132.63308194444446">
<ele>33</ele>
</trkpt>
<trkpt lat="33.49534194444445" lon="132.63365694444445">
<ele>33</ele>
</trkpt>
<trkpt lat="33.49494194444444" lon="132.6348188888889">
<ele>32</ele>
</trkpt>
<trkpt lat="33.494825" lon="132.63508194444444">
<ele>31</ele>
</trkpt>
<trkpt lat="33.49460888888889" lon="132.63523194444446">
<ele>32</ele>
</trkpt>
<trkpt lat="33.49411694444444" lon="132.63546888888888">
<ele>33</ele>
</trkpt>
<trkpt lat="33.49337611111111" lon="132.63585694444444">
<ele>31</ele>
</trkpt>
<trkpt lat="33.49312611111111" lon="132.6361188888889">
<ele>31</ele>
</trkpt>
<trkpt lat="33.49274194444445" lon="132.63661888888888">
<ele>31</ele>
</trkpt>
<trkpt lat="33.49231694444445" lon="132.63725694444443">
<ele>31</ele>
</trkpt>
<trkpt lat="33.492066944444446" lon="132.63755694444444">
<ele>34</ele>
</trkpt>
<trkpt lat="33.49143388888889" lon="132.63798194444445">
<ele>33</ele>
</trkpt>
<trkpt lat="33.49115111111111" lon="132.63809388888887">
<ele>34</ele>
</trkpt>
<trkpt lat="33.49090888888889" lon="132.63818194444445">
<ele>35</ele>
</trkpt>
<trkpt lat="33.49058388888889" lon="132.63818194444445">
<ele>33</ele>
</trkpt>
<trkpt lat="33.48985888888889" lon="132.6380438888889">
<ele>34</ele>
</trkpt>
<trkpt lat="33.489243055555555" lon="132.63798194444445">
<ele>40</ele>
</trkpt>
<trkpt lat="33.48860111111111" lon="132.63794388888888">
<ele>42</ele>
</trkpt>
<trkpt lat="33.48831805555555" lon="132.63794388888888">
<ele>42</ele>
</trkpt>
<trkpt lat="33.48797611111111" lon="132.63795694444445">
<ele>42</ele>
</trkpt>
<trkpt lat="33.487718055555554" lon="132.63794388888888">
<ele>43</ele>
</trkpt>
<trkpt lat="33.48676805555556" lon="132.63745694444444">
<ele>46</ele>
</trkpt>
<trkpt lat="33.486493055555556" lon="132.63738194444446">
<ele>45</ele>
</trkpt>
<trkpt lat="33.48619305555555" lon="132.63738194444446">
<ele>47</ele>
</trkpt>
<trkpt lat="33.48591805555556" lon="132.63748194444443">
<ele>46</ele>
</trkpt>
<trkpt lat="33.48569305555556" lon="132.63768194444444">
<ele>45</ele>
</trkpt>
<trkpt lat="33.48567611111111" lon="132.63771888888888">
<ele>45</ele>
</trkpt>
<trkpt lat="33.48550111111111" lon="132.63805694444446">
<ele>44</ele>
</trkpt>
<trkpt lat="33.485393055555555" lon="132.63843194444445">
<ele>44</ele>
</trkpt>
<trkpt lat="33.485326111111114" lon="132.63873194444446">
<ele>43</ele>
</trkpt>
<trkpt lat="33.48529305555556" lon="132.63931888888888">
<ele>44</ele>
</trkpt>
<trkpt lat="33.48530111111111" lon="132.6395688888889">
<ele>43</ele>
</trkpt>
<trkpt lat="33.485335" lon="132.6402561111111">
<ele>46</ele>
</trkpt>
<trkpt lat="33.485368055555554" lon="132.6406061111111">
<ele>45</ele>
</trkpt>
<trkpt lat="33.485435" lon="132.64101888888888">
<ele>43</ele>
</trkpt>
<trkpt lat="33.485643055555556" lon="132.64179388888888">
<ele>43</ele>
</trkpt>
<trkpt lat="33.485735" lon="132.6421811111111">
<ele>44</ele>
</trkpt>
<trkpt lat="33.48574305555555" lon="132.6425311111111">
<ele>44</ele>
</trkpt>
<trkpt lat="33.485685" lon="132.64283111111112">
<ele>46</ele>
</trkpt>
<trkpt lat="33.484335" lon="132.6476561111111">
<ele>45</ele>
</trkpt>
<trkpt lat="33.48415194444444" lon="132.64796805555557">
<ele>43</ele>
</trkpt>
<trkpt lat="33.48381" lon="132.64838111111112">
<ele>42</ele>
</trkpt>
<trkpt lat="33.483635" lon="132.64861805555554">
<ele>42</ele>
</trkpt>
<trkpt lat="33.48351805555556" lon="132.64885611111112">
<ele>42</ele>
</trkpt>
<trkpt lat="33.48347694444445" lon="132.6491311111111">
<ele>46</ele>
</trkpt>
<trkpt lat="33.48351" lon="132.6494311111111">
<ele>46</ele>
</trkpt>
<trkpt lat="33.483868888888885" lon="132.65091805555556">
<ele>43</ele>
</trkpt>
<trkpt lat="33.48391" lon="132.6511561111111">
<ele>44</ele>
</trkpt>
<trkpt lat="33.483868888888885" lon="132.65143111111112">
<ele>42</ele>
</trkpt>
<trkpt lat="33.483785" lon="132.65161805555556">
<ele>38</ele>
</trkpt>
<trkpt lat="33.483235" lon="132.65303">
<ele>36</ele>
</trkpt>
<trkpt lat="33.482985" lon="132.65378">
<ele>43</ele>
</trkpt>
<trkpt lat="33.48291888888889" lon="132.65388">
<ele>43</ele>
</trkpt>
<trkpt lat="33.48282694444445" lon="132.65396805555557">
<ele>45</ele>
</trkpt>
<trkpt lat="33.482685" lon="132.65403">
<ele>47</ele>
</trkpt>
<trkpt lat="33.482135" lon="132.65401805555555">
<ele>47</ele>
</trkpt>
<trkpt lat="33.48171" lon="132.65401805555555">
<ele>48</ele>
</trkpt>
<trkpt lat="33.48148611111111" lon="132.65409305555556">
<ele>49</ele>
</trkpt>
<trkpt lat="33.48129388888889" lon="132.65423">
<ele>47</ele>
</trkpt>
<trkpt lat="33.48093611111111" lon="132.65463">
<ele>47</ele>
</trkpt>
<trkpt lat="33.480801944444444" lon="132.65483">
<ele>46</ele>
</trkpt>
<trkpt lat="33.48041888888889" lon="132.65544194444445">
<ele>48</ele>
</trkpt>
<trkpt lat="33.480226944444446" lon="132.65576694444445">
<ele>43</ele>
</trkpt>
<trkpt lat="33.480001944444446" lon="132.656205">
<ele>44</ele>
</trkpt>
<trkpt lat="33.47973611111111" lon="132.656955">
<ele>48</ele>
</trkpt>
<trkpt lat="33.47966888888889" lon="132.65718">
<ele>46</ele>
</trkpt>
<trkpt lat="33.47962694444445" lon="132.65738">
<ele>46</ele>
</trkpt>
<trkpt lat="33.47963611111111" lon="132.65759194444445">
<ele>45</ele>
</trkpt>
<trkpt lat="33.47963611111111" lon="132.657705">
<ele>46</ele>
</trkpt>
<trkpt lat="33.47969388888889" lon="132.65821694444443">
<ele>45</ele>
</trkpt>
<trkpt lat="33.47969388888889" lon="132.65833">
<ele>44</ele>
</trkpt>
<trkpt lat="33.47966111111111" lon="132.65848">
<ele>46</ele>
</trkpt>
<trkpt lat="33.47956111111111" lon="132.65874194444444">
<ele>44</ele>
</trkpt>
<trkpt lat="33.47936888888889" lon="132.65914194444446">
<ele>45</ele>
</trkpt>
<trkpt lat="33.47934388888889" lon="132.65934194444444">
<ele>43</ele>
</trkpt>
<trkpt lat="33.47941888888889" lon="132.659705">
<ele>39</ele>
</trkpt>
<trkpt lat="33.47960194444445" lon="132.66027888888888">
<ele>41</ele>
</trkpt>
<trkpt lat="33.47981111111111" lon="132.66104194444443">
<ele>44</ele>
</trkpt>
<trkpt lat="33.47993611111111" lon="132.66177888888888">
<ele>43</ele>
</trkpt>
<trkpt lat="33.47996111111111" lon="132.66222888888888">
<ele>43</ele>
</trkpt>
<trkpt lat="33.47992694444444" lon="132.6628538888889">
<ele>43</ele>
</trkpt>
<trkpt lat="33.47986111111111" lon="132.66322888888888">
<ele>44</ele>
</trkpt>
<trkpt lat="33.47973611111111" lon="132.66355388888888">
<ele>44</ele>
</trkpt>
<trkpt lat="33.47931888888889" lon="132.6643038888889">
<ele>46</ele>
</trkpt>
<trkpt lat="33.479078055555554" lon="132.6646661111111">
<ele>46</ele>
</trkpt>
<trkpt lat="33.47879388888889" lon="132.6650038888889">
<ele>42</ele>
</trkpt>
<trkpt lat="33.47866888888889" lon="132.66525388888888">
<ele>42</ele>
</trkpt>
<trkpt lat="33.47842694444444" lon="132.6659038888889">
<ele>45</ele>
</trkpt>
<trkpt lat="33.47797805555555" lon="132.6671538888889">
<ele>44</ele>
</trkpt>
<trkpt lat="33.47787805555556" lon="132.6674788888889">
<ele>43</ele>
</trkpt>
<trkpt lat="33.477603055555555" lon="132.66831611111112">
<ele>42</ele>
</trkpt>
<trkpt lat="33.47754388888889" lon="132.66844111111112">
<ele>45</ele>
</trkpt>
<trkpt lat="33.47741111111111" lon="132.66869111111112">
<ele>43</ele>
</trkpt>
<trkpt lat="33.47732805555555" lon="132.66879111111112">
<ele>44</ele>
</trkpt>
<trkpt lat="33.47714388888889" lon="132.6690411111111">
<ele>43</ele>
</trkpt>
<trkpt lat="33.47708611111111" lon="132.66912888888888">
<ele>44</ele>
</trkpt>
<trkpt lat="33.47702694444445" lon="132.6692161111111">
<ele>44</ele>
</trkpt>
<trkpt lat="33.47684388888889" lon="132.66952805555556">
<ele>44</ele>
</trkpt>
<trkpt lat="33.47654388888889" lon="132.67010305555556">
<ele>45</ele>
</trkpt>
<trkpt lat="33.476486111111114" lon="132.67025305555555">
<ele>42</ele>
</trkpt>
<trkpt lat="33.47641111111111" lon="132.67050305555554">
<ele>44</ele>
</trkpt>
<trkpt lat="33.476393888888886" lon="132.67061611111112">
<ele>44</ele>
</trkpt>
<trkpt lat="33.47638611111111" lon="132.6707411111111">
<ele>44</ele>
</trkpt>
<trkpt lat="33.47638611111111" lon="132.67090305555556">
<ele>44</ele>
</trkpt>
<trkpt lat="33.476393888888886" lon="132.67102805555555">
<ele>43</ele>
</trkpt>
<trkpt lat="33.476503055555554" lon="132.67186611111111">
<ele>46</ele>
</trkpt>
<trkpt lat="33.476486111111114" lon="132.67245305555556">
<ele>45</ele>
</trkpt>
<trkpt lat="33.47644388888889" lon="132.6727911111111">
<ele>46</ele>
</trkpt>
<trkpt lat="33.47631888888889" lon="132.67317805555555">
<ele>46</ele>
</trkpt>
<trkpt lat="33.47615305555556" lon="132.6735911111111">
<ele>44</ele>
</trkpt>
<trkpt lat="33.47589388888889" lon="132.674065">
<ele>45</ele>
</trkpt>
<trkpt lat="33.47571111111111" lon="132.674215">
<ele>47</ele>
</trkpt>
<trkpt lat="33.47552805555556" lon="132.67434">
<ele>46</ele>
</trkpt>
<trkpt lat="33.47536111111111" lon="132.67459">
<ele>45</ele>
</trkpt>
<trkpt lat="33.47507805555556" lon="132.67515305555557">
<ele>46</ele>
</trkpt>
<trkpt lat="33.474853055555556" lon="132.675565">
<ele>44</ele>
</trkpt>
<trkpt lat="33.474668888888885" lon="132.67584">
<ele>43</ele>
</trkpt>
<trkpt lat="33.474428055555556" lon="132.67605305555554">
<ele>44</ele>
</trkpt>
<trkpt lat="33.47407805555556" lon="132.67622805555555">
<ele>43</ele>
</trkpt>
<trkpt lat="33.473503055555554" lon="132.676465">
<ele>44</ele>
</trkpt>
<trkpt lat="33.47327" lon="132.676615">
<ele>44</ele>
</trkpt>
<trkpt lat="33.473045" lon="132.67687694444444">
<ele>45</ele>
</trkpt>
<trkpt lat="33.47260305555555" lon="132.677615">
<ele>43</ele>
</trkpt>
<trkpt lat="33.47243611111111" lon="132.67789">
<ele>43</ele>
</trkpt>
<trkpt lat="33.47232" lon="132.67809">
<ele>44</ele>
</trkpt>
<trkpt lat="33.471995" lon="132.678715">
<ele>44</ele>
</trkpt>
<trkpt lat="33.47170305555556" lon="132.67922694444445">
<ele>44</ele>
</trkpt>
<trkpt lat="33.471628055555556" lon="132.67945194444445">
<ele>45</ele>
</trkpt>
<trkpt lat="33.47161388888889" lon="132.67953111111112">
<ele>45</ele>
</trkpt>
<trkpt lat="33.47161388888889" lon="132.67953111111112">
<ele>45</ele>
</trkpt>
<trkpt lat="33.47158694444445" lon="132.67967694444445">
<ele>45</ele>
</trkpt>
<trkpt lat="33.47150305555556" lon="132.68037694444445">
<ele>46</ele>
</trkpt>
<trkpt lat="33.47143694444444" lon="132.68117694444445">
<ele>48</ele>
</trkpt>
<trkpt lat="33.47152" lon="132.68175194444444">
<ele>47</ele>
</trkpt>
<trkpt lat="33.471511944444444" lon="132.68215194444446">
<ele>47</ele>
</trkpt>
<trkpt lat="33.47145305555556" lon="132.68242694444444">
<ele>48</ele>
</trkpt>
<trkpt lat="33.471378055555554" lon="132.68271388888888">
<ele>48</ele>
</trkpt>
<trkpt lat="33.471361944444446" lon="132.68277694444444">
<ele>48</ele>
</trkpt>
<trkpt lat="33.47122805555556" lon="132.68297694444445">
<ele>47</ele>
</trkpt>
<trkpt lat="33.47121194444444" lon="132.68300194444444">
<ele>46</ele>
</trkpt>
<trkpt lat="33.471111944444445" lon="132.68306388888888">
<ele>46</ele>
</trkpt>
<trkpt lat="33.47097" lon="132.68305194444446">
<ele>45</ele>
</trkpt>
<trkpt lat="33.47067" lon="132.68287694444444">
<ele>47</ele>
</trkpt>
<trkpt lat="33.469995" lon="132.68232694444444">
<ele>47</ele>
</trkpt>
<trkpt lat="33.46950388888889" lon="132.68194">
<ele>51</ele>
</trkpt>
<trkpt lat="33.469011944444446" lon="132.68165194444444">
<ele>55</ele>
</trkpt>
<trkpt lat="33.468695" lon="132.68152694444444">
<ele>56</ele>
</trkpt>
<trkpt lat="33.468246111111114" lon="132.68139">
<ele>54</ele>
</trkpt>
<trkpt lat="33.467821111111114" lon="132.68125194444445">
<ele>53</ele>
</trkpt>
<trkpt lat="33.46747888888889" lon="132.68105194444445">
<ele>54</ele>
</trkpt>
<trkpt lat="33.467086944444446" lon="132.68074">
<ele>54</ele>
</trkpt>
<trkpt lat="33.46662111111111" lon="132.68025194444445">
<ele>55</ele>
</trkpt>
<trkpt lat="33.46622888888889" lon="132.679765">
<ele>56</ele>
</trkpt>
<trkpt lat="33.46595388888889" lon="132.67929">
<ele>55</ele>
</trkpt>
<trkpt lat="33.46527888888889" lon="132.67802805555556">
<ele>55</ele>
</trkpt>
<trkpt lat="33.46477888888889" lon="132.67732805555556">
<ele>58</ele>
</trkpt>
<trkpt lat="33.46397888888889" lon="132.67626611111112">
<ele>54</ele>
</trkpt>
<trkpt lat="33.46365388888889" lon="132.67585305555556">
<ele>56</ele>
</trkpt>
<trkpt lat="33.463453888888886" lon="132.67570305555554">
<ele>56</ele>
</trkpt>
<trkpt lat="33.46326194444445" lon="132.67565305555556">
<ele>57</ele>
</trkpt>
<trkpt lat="33.462696111111114" lon="132.6756661111111">
<ele>56</ele>
</trkpt>
<trkpt lat="33.46200388888889" lon="132.67572805555557">
<ele>55</ele>
</trkpt>
<trkpt lat="33.46154611111111" lon="132.67579111111112">
<ele>54</ele>
</trkpt>
<trkpt lat="33.46127888888889" lon="132.67587805555556">
<ele>52</ele>
</trkpt>
<trkpt lat="33.46109611111111" lon="132.67604111111112">
<ele>53</ele>
</trkpt>
<trkpt lat="33.46087111111111" lon="132.67642805555556">
<ele>54</ele>
</trkpt>
<trkpt lat="33.46064611111111" lon="132.67706611111112">
<ele>53</ele>
</trkpt>
<trkpt lat="33.46048805555556" lon="132.6776911111111">
<ele>53</ele>
</trkpt>
<trkpt lat="33.46040388888889" lon="132.67802805555556">
<ele>53</ele>
</trkpt>
<trkpt lat="33.46027888888889" lon="132.67822805555556">
<ele>53</ele>
</trkpt>
<trkpt lat="33.46010388888889" lon="132.6783411111111">
<ele>54</ele>
</trkpt>
<trkpt lat="33.459896111111114" lon="132.67840305555555">
<ele>55</ele>
</trkpt>
<trkpt lat="33.45943805555556" lon="132.67840305555555">
<ele>56</ele>
</trkpt>
<trkpt lat="33.459005" lon="132.67835305555556">
<ele>56</ele>
</trkpt>
<trkpt lat="33.45854611111111" lon="132.67827805555555">
<ele>58</ele>
</trkpt>
<trkpt lat="33.45813805555556" lon="132.6782661111111">
<ele>56</ele>
</trkpt>
<trkpt lat="33.457755" lon="132.67832805555557">
<ele>57</ele>
</trkpt>
<trkpt lat="33.45744694444444" lon="132.67841611111112">
<ele>56</ele>
</trkpt>
<trkpt lat="33.45682194444444" lon="132.67872805555555">
<ele>54</ele>
</trkpt>
<trkpt lat="33.45609694444445" lon="132.67907805555555">
<ele>53</ele>
</trkpt>
<trkpt lat="33.455888055555555" lon="132.67917805555555">
<ele>53</ele>
</trkpt>
<trkpt lat="33.45533" lon="132.67944111111112">
<ele>49</ele>
</trkpt>
<trkpt lat="33.454955" lon="132.6796161111111">
<ele>55</ele>
</trkpt>
<trkpt lat="33.454571944444446" lon="132.67979111111111">
<ele>53</ele>
</trkpt>
<trkpt lat="33.453755" lon="132.68007805555555">
<ele>60</ele>
</trkpt>
<trkpt lat="33.45312194444445" lon="132.68025305555557">
<ele>59</ele>
</trkpt>
<trkpt lat="33.45278888888889" lon="132.68034111111112">
<ele>59</ele>
</trkpt>
<trkpt lat="33.45252194444444" lon="132.6804161111111">
<ele>62</ele>
</trkpt>
<trkpt lat="33.45229694444444" lon="132.68056611111112">
<ele>63</ele>
</trkpt>
<trkpt lat="33.45208888888889" lon="132.6807661111111">
<ele>66</ele>
</trkpt>
<trkpt lat="33.45192194444444" lon="132.68105305555557">
<ele>65</ele>
</trkpt>
<trkpt lat="33.45162194444445" lon="132.68170305555554">
<ele>66</ele>
</trkpt>
<trkpt lat="33.45130611111111" lon="132.68235305555555">
<ele>68</ele>
</trkpt>
<trkpt lat="33.45119694444445" lon="132.68270305555555">
<ele>68</ele>
</trkpt>
<trkpt lat="33.45101388888889" lon="132.68314">
<ele>71</ele>
</trkpt>
<trkpt lat="33.45085611111111" lon="132.68344">
<ele>75</ele>
</trkpt>
<trkpt lat="33.45056388888889" lon="132.68387694444445">
<ele>74</ele>
</trkpt>
<trkpt lat="33.44994805555555" lon="132.684415">
<ele>94</ele>
</trkpt>
<trkpt lat="33.44972305555556" lon="132.68465194444445">
<ele>93</ele>
</trkpt>
<trkpt lat="33.44944805555556" lon="132.684865">
<ele>92</ele>
</trkpt>
<trkpt lat="33.448998055555556" lon="132.68527694444444">
<ele>90</ele>
</trkpt>
<trkpt lat="33.448813888888886" lon="132.68539">
<ele>81</ele>
</trkpt>
<trkpt lat="33.44864" lon="132.68547805555556">
<ele>80</ele>
</trkpt>
<trkpt lat="33.44817305555556" lon="132.68559">
<ele>80</ele>
</trkpt>
<trkpt lat="33.44784" lon="132.685615">
<ele>82</ele>
</trkpt>
<trkpt lat="33.447631111111114" lon="132.685665">
<ele>83</ele>
</trkpt>
<trkpt lat="33.44719" lon="132.685915">
<ele>81</ele>
</trkpt>
<trkpt lat="33.44709" lon="132.68599">
<ele>85</ele>
</trkpt>
<trkpt lat="33.446915" lon="132.68609">
<ele>82</ele>
</trkpt>
<trkpt lat="33.446515" lon="132.68634">
<ele>82</ele>
</trkpt>
<trkpt lat="33.446356944444446" lon="132.686465">
<ele>80</ele>
</trkpt>
<trkpt lat="33.445923055555554" lon="132.68662805555556">
<ele>83</ele>
</trkpt>
<trkpt lat="33.44567305555555" lon="132.68674">
<ele>81</ele>
</trkpt>
<trkpt lat="33.445115" lon="132.68690305555555">
<ele>94</ele>
</trkpt>
<trkpt lat="33.44493194444444" lon="132.68695305555556">
<ele>105</ele>
</trkpt>
<trkpt lat="33.444765" lon="132.68697805555556">
<ele>115</ele>
</trkpt>
<trkpt lat="33.44407388888889" lon="132.68705194444445">
<ele>115</ele>
</trkpt>
<trkpt lat="33.44309888888889" lon="132.68710305555555">
<ele>116</ele>
</trkpt>
<trkpt lat="33.43701611111111" lon="132.687415">
<ele>116</ele>
</trkpt>
<trkpt lat="33.43699111111111" lon="132.687415">
<ele>108</ele>
</trkpt>
<trkpt lat="33.43689888888889" lon="132.687415">
<ele>108</ele>
</trkpt>
<trkpt lat="33.43678305555556" lon="132.68742805555556">
<ele>104</ele>
</trkpt>
<trkpt lat="33.436708055555556" lon="132.68742805555556">
<ele>100</ele>
</trkpt>
<trkpt lat="33.435675" lon="132.68749">
<ele>75</ele>
</trkpt>
<trkpt lat="33.435566111111115" lon="132.68750305555557">
<ele>82</ele>
</trkpt>
<trkpt lat="33.435325" lon="132.687515">
<ele>100</ele>
</trkpt>
<trkpt lat="33.43509111111111" lon="132.68752805555556">
<ele>117</ele>
</trkpt>
<trkpt lat="33.43485805555556" lon="132.68754">
<ele>117</ele>
</trkpt>
<trkpt lat="33.432325" lon="132.687715">
<ele>113</ele>
</trkpt>
<trkpt lat="33.431075" lon="132.68779">
<ele>111</ele>
</trkpt>
<trkpt lat="33.4298" lon="132.687865">
<ele>109</ele>
</trkpt>
<trkpt lat="33.428533888888886" lon="132.68795305555557">
<ele>107</ele>
</trkpt>
<trkpt lat="33.427191944444445" lon="132.68810305555556">
<ele>105</ele>
</trkpt>
<trkpt lat="33.42588388888889" lon="132.688365">
<ele>103</ele>
</trkpt>
<trkpt lat="33.42539305555555" lon="132.68849">
<ele>102</ele>
</trkpt>
<trkpt lat="33.42465888888889" lon="132.68870305555555">
<ele>101</ele>
</trkpt>
<trkpt lat="33.423993055555556" lon="132.68887694444444">
<ele>100</ele>
</trkpt>
<trkpt lat="33.42330111111111" lon="132.688965">
<ele>99</ele>
</trkpt>
<trkpt lat="33.42320111111111" lon="132.68897805555557">
<ele>98</ele>
</trkpt>
<trkpt lat="33.42283388888889" lon="132.68904">
<ele>91</ele>
</trkpt>
<trkpt lat="33.42247611111111" lon="132.689065">
<ele>79</ele>
</trkpt>
<trkpt lat="33.422335" lon="132.689065">
<ele>82</ele>
</trkpt>
<trkpt lat="33.42216805555555" lon="132.68904">
<ele>92</ele>
</trkpt>
<trkpt lat="33.421793055555554" lon="132.68897805555557">
<ele>96</ele>
</trkpt>
<trkpt lat="33.421335" lon="132.68884">
<ele>96</ele>
</trkpt>
<trkpt lat="33.420718055555554" lon="132.68854">
<ele>95</ele>
</trkpt>
<trkpt lat="33.42041805555556" lon="132.68842694444444">
<ele>92</ele>
</trkpt>
<trkpt lat="33.42002611111111" lon="132.68840194444445">
<ele>96</ele>
</trkpt>
<trkpt lat="33.41986" lon="132.688415">
<ele>96</ele>
</trkpt>
<trkpt lat="33.419735" lon="132.68847805555555">
<ele>95</ele>
</trkpt>
<trkpt lat="33.41934305555556" lon="132.68899">
<ele>97</ele>
</trkpt>
<trkpt lat="33.419218055555554" lon="132.68915305555555">
<ele>96</ele>
</trkpt>
<trkpt lat="33.419043055555555" lon="132.68932694444445">
<ele>96</ele>
</trkpt>
<trkpt lat="33.41886" lon="132.689465">
<ele>95</ele>
</trkpt>
<trkpt lat="33.417968055555555" lon="132.69012694444444">
<ele>91</ele>
</trkpt>
<trkpt lat="33.417768055555555" lon="132.69032694444445">
<ele>96</ele>
</trkpt>
<trkpt lat="33.417568055555556" lon="132.69062694444443">
<ele>95</ele>
</trkpt>
<trkpt lat="33.417501944444446" lon="132.69075194444446">
<ele>95</ele>
</trkpt>
<trkpt lat="33.41740194444444" lon="132.69102694444445">
<ele>95</ele>
</trkpt>
<trkpt lat="33.41661888888889" lon="132.6936888888889">
<ele>96</ele>
</trkpt>
<trkpt lat="33.41654305555556" lon="132.69384805555555">
<ele>96</ele>
</trkpt>
<trkpt lat="33.41654305555556" lon="132.69384805555555">
<ele>96</ele>
</trkpt>
<trkpt lat="33.416426944444446" lon="132.6940888888889">
<ele>97</ele>
</trkpt>
<trkpt lat="33.41626" lon="132.6944138888889">
<ele>111</ele>
</trkpt>
<trkpt lat="33.411928055555556" lon="132.70158805555556">
<ele>146</ele>
</trkpt>
<trkpt lat="33.41070305555556" lon="132.70390111111112">
<ele>157</ele>
</trkpt>
<trkpt lat="33.41047805555556" lon="132.70443805555556">
<ele>160</ele>
</trkpt>
<trkpt lat="33.41028611111111" lon="132.70496305555557">
<ele>162</ele>
</trkpt>
<trkpt lat="33.41016194444445" lon="132.70548805555555">
<ele>164</ele>
</trkpt>
<trkpt lat="33.41006194444444" lon="132.70616305555555">
<ele>167</ele>
</trkpt>
<trkpt lat="33.41002805555556" lon="132.706425">
<ele>168</ele>
</trkpt>
<trkpt lat="33.409995" lon="132.706825">
<ele>170</ele>
</trkpt>
<trkpt lat="33.409978055555555" lon="132.707175">
<ele>171</ele>
</trkpt>
<trkpt lat="33.40997" lon="132.707675">
<ele>173</ele>
</trkpt>
<trkpt lat="33.40996194444445" lon="132.708">
<ele>138</ele>
</trkpt>
<trkpt lat="33.40998694444445" lon="132.70873805555556">
<ele>93</ele>
</trkpt>
<trkpt lat="33.40998694444445" lon="132.70876388888888">
<ele>92</ele>
</trkpt>
<trkpt lat="33.40998694444445" lon="132.70876388888888">
<ele>92</ele>
</trkpt>
<trkpt lat="33.40998694444445" lon="132.7088">
<ele>90</ele>
</trkpt>
<trkpt lat="33.41005305555556" lon="132.709825">
<ele>83</ele>
</trkpt>
<trkpt lat="33.41006194444444" lon="132.70996194444444">
<ele>89</ele>
</trkpt>
<trkpt lat="33.410086944444444" lon="132.710225">
<ele>113</ele>
</trkpt>
<trkpt lat="33.410153055555554" lon="132.71105">
<ele>115</ele>
</trkpt>
<trkpt lat="33.410203055555556" lon="132.71153694444445">
<ele>116</ele>
</trkpt>
<trkpt lat="33.41030305555555" lon="132.71213694444444">
<ele>117</ele>
</trkpt>
<trkpt lat="33.41037" lon="132.71245">
<ele>118</ele>
</trkpt>
<trkpt lat="33.41050305555556" lon="132.712925">
<ele>119</ele>
</trkpt>
<trkpt lat="33.41062" lon="132.713225">
<ele>120</ele>
</trkpt>
<trkpt lat="33.41087" lon="132.71387388888888">
<ele>121</ele>
</trkpt>
<trkpt lat="33.412045" lon="132.71659888888888">
<ele>128</ele>
</trkpt>
<trkpt lat="33.41216194444444" lon="132.71686194444445">
<ele>113</ele>
</trkpt>
<trkpt lat="33.41267805555555" lon="132.71798694444445">
<ele>78</ele>
</trkpt>
<trkpt lat="33.412745" lon="132.71819888888888">
<ele>88</ele>
</trkpt>
<trkpt lat="33.41278694444444" lon="132.71833694444445">
<ele>103</ele>
</trkpt>
<trkpt lat="33.41306194444444" lon="132.7195111111111">
<ele>104</ele>
</trkpt>
<trkpt lat="33.413336944444445" lon="132.72077388888889">
<ele>107</ele>
</trkpt>
<trkpt lat="33.413395" lon="132.7211988888889">
<ele>105</ele>
</trkpt>
<trkpt lat="33.41339388888889" lon="132.72125194444445">
<ele>105</ele>
</trkpt>
<trkpt lat="33.41339388888889" lon="132.72125194444445">
<ele>105</ele>
</trkpt>
<trkpt lat="33.41338694444445" lon="132.7219861111111">
<ele>105</ele>
</trkpt>
<trkpt lat="33.413345" lon="132.7224611111111">
<ele>106</ele>
</trkpt>
<trkpt lat="33.41326194444444" lon="132.7229111111111">
<ele>105</ele>
</trkpt>
<trkpt lat="33.41322" lon="132.7231361111111">
<ele>103</ele>
</trkpt>
<trkpt lat="33.41312805555555" lon="132.7236111111111">
<ele>107</ele>
</trkpt>
<trkpt lat="33.41303694444444" lon="132.7238111111111">
<ele>104</ele>
</trkpt>
<trkpt lat="33.41278694444444" lon="132.7241111111111">
<ele>96</ele>
</trkpt>
<trkpt lat="33.412695" lon="132.72427305555556">
<ele>84</ele>
</trkpt>
<trkpt lat="33.41262" lon="132.7244861111111">
<ele>79</ele>
</trkpt>
<trkpt lat="33.41260388888889" lon="132.72459805555556">
<ele>81</ele>
</trkpt>
<trkpt lat="33.41262888888889" lon="132.72477305555554">
<ele>100</ele>
</trkpt>
<trkpt lat="33.41272" lon="132.72507305555555">
<ele>106</ele>
</trkpt>
<trkpt lat="33.412728888888886" lon="132.7251611111111">
<ele>106</ele>
</trkpt>
<trkpt lat="33.41270388888889" lon="132.72522305555555">
<ele>106</ele>
</trkpt>
<trkpt lat="33.412645" lon="132.72532305555555">
<ele>98</ele>
</trkpt>
<trkpt lat="33.412436944444444" lon="132.7256361111111">
<ele>93</ele>
</trkpt>
<trkpt lat="33.41227888888889" lon="132.7259361111111">
<ele>95</ele>
</trkpt>
<trkpt lat="33.412195" lon="132.7260611111111">
<ele>93</ele>
</trkpt>
<trkpt lat="33.41207" lon="132.72624805555554">
<ele>93</ele>
</trkpt>
<trkpt lat="33.41190388888889" lon="132.72647305555554">
<ele>97</ele>
</trkpt>
<trkpt lat="33.41162" lon="132.72674805555556">
<ele>94</ele>
</trkpt>
<trkpt lat="33.41147888888889" lon="132.7268611111111">
<ele>94</ele>
</trkpt>
<trkpt lat="33.41137" lon="132.72693611111112">
<ele>94</ele>
</trkpt>
<trkpt lat="33.411028888888886" lon="132.72717305555557">
<ele>85</ele>
</trkpt>
<trkpt lat="33.41042888888889" lon="132.72754805555556">
<ele>84</ele>
</trkpt>
<trkpt lat="33.409686944444445" lon="132.72789805555556">
<ele>86</ele>
</trkpt>
<trkpt lat="33.40875388888889" lon="132.7283111111111">
<ele>84</ele>
</trkpt>
<trkpt lat="33.40847111111111" lon="132.72849805555555">
<ele>86</ele>
</trkpt>
<trkpt lat="33.40821305555556" lon="132.72873611111112">
<ele>83</ele>
</trkpt>
<trkpt lat="33.407471111111114" lon="132.72959805555556">
<ele>84</ele>
</trkpt>
<trkpt lat="33.40676305555556" lon="132.73049805555556">
<ele>94</ele>
</trkpt>
<trkpt lat="33.406663055555555" lon="132.73071">
<ele>94</ele>
</trkpt>
<trkpt lat="33.406621111111114" lon="132.73089805555554">
<ele>95</ele>
</trkpt>
<trkpt lat="33.406638055555554" lon="132.73114805555556">
<ele>95</ele>
</trkpt>
<trkpt lat="33.40693805555556" lon="132.73261">
<ele>93</ele>
</trkpt>
<trkpt lat="33.40709611111111" lon="132.73337305555555">
<ele>102</ele>
</trkpt>
<trkpt lat="33.40716305555556" lon="132.733785">
<ele>104</ele>
</trkpt>
<trkpt lat="33.40718805555556" lon="132.73401">
<ele>103</ele>
</trkpt>
<trkpt lat="33.40714611111111" lon="132.73424805555555">
<ele>105</ele>
</trkpt>
<trkpt lat="33.407133055555555" lon="132.7342811111111">
<ele>104</ele>
</trkpt>
<trkpt lat="33.407133055555555" lon="132.7342811111111">
<ele>104</ele>
</trkpt>
<trkpt lat="33.407088055555555" lon="132.73439805555554">
<ele>102</ele>
</trkpt>
<trkpt lat="33.40698805555556" lon="132.73457305555556">
<ele>103</ele>
</trkpt>
<trkpt lat="33.40682888888889" lon="132.73471">
<ele>104</ele>
</trkpt>
<trkpt lat="33.406638055555554" lon="132.734835">
<ele>104</ele>
</trkpt>
<trkpt lat="33.40651305555556" lon="132.734885">
<ele>103</ele>
</trkpt>
<trkpt lat="33.40578" lon="132.73506">
<ele>95</ele>
</trkpt>
<trkpt lat="33.405638055555556" lon="132.73506">
<ele>93</ele>
</trkpt>
<trkpt lat="33.405321111111114" lon="132.73504694444443">
<ele>89</ele>
</trkpt>
<trkpt lat="33.40497111111111" lon="132.73502194444444">
<ele>89</ele>
</trkpt>
<trkpt lat="33.40488" lon="132.73502194444444">
<ele>89</ele>
</trkpt>
<trkpt lat="33.404563055555556" lon="132.73501">
<ele>90</ele>
</trkpt>
<trkpt lat="33.40439694444444" lon="132.73507305555555">
<ele>90</ele>
</trkpt>
<trkpt lat="33.40414694444444" lon="132.73521">
<ele>90</ele>
</trkpt>
<trkpt lat="33.404071944444446" lon="132.735285">
<ele>95</ele>
</trkpt>
<trkpt lat="33.40393805555556" lon="132.73547194444444">
<ele>103</ele>
</trkpt>
<trkpt lat="33.403846944444446" lon="132.73569694444444">
<ele>102</ele>
</trkpt>
<trkpt lat="33.40372194444444" lon="132.73611">
<ele>102</ele>
</trkpt>
<trkpt lat="33.403663055555555" lon="132.73632194444446">
<ele>102</ele>
</trkpt>
<trkpt lat="33.40348" lon="132.73654694444446">
<ele>103</ele>
</trkpt>
<trkpt lat="33.40322194444445" lon="132.73669694444445">
<ele>107</ele>
</trkpt>
<trkpt lat="33.403005" lon="132.736735">
<ele>106</ele>
</trkpt>
<trkpt lat="33.40263" lon="132.73671">
<ele>102</ele>
</trkpt>
<trkpt lat="33.400531111111114" lon="132.73629694444443">
<ele>104</ele>
</trkpt>
<trkpt lat="33.39985611111111" lon="132.73611">
<ele>103</ele>
</trkpt>
<trkpt lat="33.39967194444444" lon="132.73604694444444">
<ele>104</ele>
</trkpt>
<trkpt lat="33.399346944444446" lon="132.73587194444445">
<ele>104</ele>
</trkpt>
<trkpt lat="33.39913111111111" lon="132.73569805555556">
<ele>105</ele>
</trkpt>
<trkpt lat="33.39888111111111" lon="132.73546">
<ele>106</ele>
</trkpt>
<trkpt lat="33.39861388888889" lon="132.73522194444445">
<ele>106</ele>
</trkpt>
<trkpt lat="33.39841388888889" lon="132.73507305555555">
<ele>104</ele>
</trkpt>
<trkpt lat="33.39813888888889" lon="132.73499694444445">
<ele>103</ele>
</trkpt>
<trkpt lat="33.39715611111111" lon="132.73492194444444">
<ele>103</ele>
</trkpt>
<trkpt lat="33.39702194444445" lon="132.73501">
<ele>104</ele>
</trkpt>
<trkpt lat="33.39689805555555" lon="132.73516">
<ele>104</ele>
</trkpt>
<trkpt lat="33.39658111111111" lon="132.73569805555556">
<ele>106</ele>
</trkpt>
<trkpt lat="33.39647305555555" lon="132.735835">
<ele>105</ele>
</trkpt>
<trkpt lat="33.396323055555555" lon="132.735935">
<ele>105</ele>
</trkpt>
<trkpt lat="33.39618888888889" lon="132.735985">
<ele>105</ele>
</trkpt>
<trkpt lat="33.39577305555556" lon="132.73589694444445">
<ele>108</ele>
</trkpt>
<trkpt lat="33.39545611111111" lon="132.735835">
<ele>108</ele>
</trkpt>
<trkpt lat="33.39409805555555" lon="132.735485">
<ele>117</ele>
</trkpt>
<trkpt lat="33.39369388888889" lon="132.7353738888889">
<ele>116</ele>
</trkpt>
<trkpt lat="33.39369388888889" lon="132.7353738888889">
<ele>116</ele>
</trkpt>
<trkpt lat="33.39369" lon="132.73537305555556">
<ele>116</ele>
</trkpt>
<trkpt lat="33.39350611111111" lon="132.73534805555556">
<ele>115</ele>
</trkpt>
<trkpt lat="33.39329" lon="132.73536">
<ele>114</ele>
</trkpt>
<trkpt lat="33.39300611111111" lon="132.73549805555555">
<ele>115</ele>
</trkpt>
<trkpt lat="33.39277305555556" lon="132.73569805555556">
<ele>114</ele>
</trkpt>
<trkpt lat="33.39259" lon="132.73592194444444">
<ele>115</ele>
</trkpt>
<trkpt lat="33.392515" lon="132.73614694444444">
<ele>115</ele>
</trkpt>
<trkpt lat="33.392273055555556" lon="132.73662305555555">
<ele>114</ele>
</trkpt>
<trkpt lat="33.39207305555556" lon="132.736885">
<ele>112</ele>
</trkpt>
<trkpt lat="33.391823055555555" lon="132.737085">
<ele>113</ele>
</trkpt>
<trkpt lat="33.391773055555554" lon="132.73709694444443">
<ele>112</ele>
</trkpt>
<trkpt lat="33.391423055555556" lon="132.73719694444443">
<ele>113</ele>
</trkpt>
<trkpt lat="33.391165" lon="132.73721">
<ele>112</ele>
</trkpt>
<trkpt lat="33.39102305555556" lon="132.73711">
<ele>110</ele>
</trkpt>
<trkpt lat="33.39083194444444" lon="132.73687305555555">
<ele>113</ele>
</trkpt>
<trkpt lat="33.39054" lon="132.736185">
<ele>114</ele>
</trkpt>
<trkpt lat="33.390315" lon="132.73576">
<ele>114</ele>
</trkpt>
<trkpt lat="33.39009" lon="132.73541">
<ele>115</ele>
</trkpt>
<trkpt lat="33.38988194444445" lon="132.73502194444444">
<ele>116</ele>
</trkpt>
<trkpt lat="33.389806944444445" lon="132.73486">
<ele>113</ele>
</trkpt>
<trkpt lat="33.38975694444444" lon="132.73459805555555">
<ele>115</ele>
</trkpt>
<trkpt lat="33.38969888888889" lon="132.73397305555557">
<ele>114</ele>
</trkpt>
<trkpt lat="33.389615" lon="132.733635">
<ele>114</ele>
</trkpt>
<trkpt lat="33.38954" lon="132.73332305555556">
<ele>112</ele>
</trkpt>
<trkpt lat="33.38942388888889" lon="132.73306">
<ele>115</ele>
</trkpt>
<trkpt lat="33.389265" lon="132.732785">
<ele>114</ele>
</trkpt>
<trkpt lat="33.38912388888889" lon="132.732685">
<ele>113</ele>
</trkpt>
<trkpt lat="33.388931944444444" lon="132.732585">
<ele>113</ele>
</trkpt>
<trkpt lat="33.387456944444445" lon="132.73224805555554">
<ele>116</ele>
</trkpt>
<trkpt lat="33.38691611111111" lon="132.73201111111112">
<ele>116</ele>
</trkpt>
<trkpt lat="33.38619888888889" lon="132.7315361111111">
<ele>115</ele>
</trkpt>
<trkpt lat="33.38588194444444" lon="132.73119805555555">
<ele>115</ele>
</trkpt>
<trkpt lat="33.38559111111111" lon="132.73099805555555">
<ele>114</ele>
</trkpt>
<trkpt lat="33.38519888888889" lon="132.73088611111112">
<ele>113</ele>
</trkpt>
<trkpt lat="33.384881944444444" lon="132.7308361111111">
<ele>115</ele>
</trkpt>
<trkpt lat="33.384658055555555" lon="132.7308361111111">
<ele>114</ele>
</trkpt>
<trkpt lat="33.384506944444446" lon="132.7309111111111">
<ele>116</ele>
</trkpt>
<trkpt lat="33.38391611111111" lon="132.73142305555555">
<ele>115</ele>
</trkpt>
<trkpt lat="33.38379111111111" lon="132.73147305555557">
<ele>117</ele>
</trkpt>
<trkpt lat="33.383631944444446" lon="132.73147305555557">
<ele>117</ele>
</trkpt>
<trkpt lat="33.383158055555555" lon="132.73137305555557">
<ele>115</ele>
</trkpt>
<trkpt lat="33.38232388888889" lon="132.7311861111111">
<ele>122</ele>
</trkpt>
<trkpt lat="33.38209888888889" lon="132.7311611111111">
<ele>123</ele>
</trkpt>
<trkpt lat="33.381908055555556" lon="132.73119805555555">
<ele>123</ele>
</trkpt>
<trkpt lat="33.38169888888889" lon="132.73133611111112">
<ele>125</ele>
</trkpt>
<trkpt lat="33.381233055555555" lon="132.73191111111112">
<ele>126</ele>
</trkpt>
<trkpt lat="33.381058055555556" lon="132.7322111111111">
<ele>123</ele>
</trkpt>
<trkpt lat="33.38088305555556" lon="132.73268611111112">
<ele>133</ele>
</trkpt>
<trkpt lat="33.3808" lon="132.73287305555556">
<ele>135</ele>
</trkpt>
<trkpt lat="33.38065" lon="132.73304805555554">
<ele>132</ele>
</trkpt>
<trkpt lat="33.3805" lon="132.73319805555556">
<ele>132</ele>
</trkpt>
<trkpt lat="33.38005" lon="132.73332305555556">
<ele>131</ele>
</trkpt>
<trkpt lat="33.37961611111111" lon="132.73334805555555">
<ele>134</ele>
</trkpt>
<trkpt lat="33.379241111111114" lon="132.73344805555556">
<ele>136</ele>
</trkpt>
<trkpt lat="33.379016944444444" lon="132.7335611111111">
<ele>136</ele>
</trkpt>
<trkpt lat="33.37883305555555" lon="132.733685">
<ele>134</ele>
</trkpt>
<trkpt lat="33.37873305555556" lon="132.733785">
<ele>134</ele>
</trkpt>
<trkpt lat="33.3786" lon="132.73389805555556">
<ele>134</ele>
</trkpt>
<trkpt lat="33.37840805555555" lon="132.73417305555554">
<ele>134</ele>
</trkpt>
<trkpt lat="33.378258055555555" lon="132.734435">
<ele>133</ele>
</trkpt>
<trkpt lat="33.378191944444445" lon="132.73489805555556">
<ele>132</ele>
</trkpt>
<trkpt lat="33.378216944444446" lon="132.73526">
<ele>131</ele>
</trkpt>
<trkpt lat="33.37830805555556" lon="132.73559805555556">
<ele>133</ele>
</trkpt>
<trkpt lat="33.378458055555555" lon="132.73582305555556">
<ele>135</ele>
</trkpt>
<trkpt lat="33.378658055555555" lon="132.73591">
<ele>135</ele>
</trkpt>
<trkpt lat="33.379066944444446" lon="132.73596">
<ele>135</ele>
</trkpt>
<trkpt lat="33.3792" lon="132.73599805555557">
<ele>135</ele>
</trkpt>
<trkpt lat="33.37954194444445" lon="132.73611">
<ele>135</ele>
</trkpt>
<trkpt lat="33.379691111111114" lon="132.73619805555555">
<ele>136</ele>
</trkpt>
<trkpt lat="33.37985805555556" lon="132.73637305555556">
<ele>135</ele>
</trkpt>
<trkpt lat="33.380225" lon="132.73709805555555">
<ele>138</ele>
</trkpt>
<trkpt lat="33.38030805555555" lon="132.73737194444445">
<ele>135</ele>
</trkpt>
<trkpt lat="33.380341111111115" lon="132.73761">
<ele>135</ele>
</trkpt>
<trkpt lat="33.38036611111111" lon="132.737785">
<ele>136</ele>
</trkpt>
<trkpt lat="33.380383055555555" lon="132.73904694444445">
<ele>133</ele>
</trkpt>
<trkpt lat="33.380125" lon="132.74002194444444">
<ele>133</ele>
</trkpt>
<trkpt lat="33.3801" lon="132.74036">
<ele>131</ele>
</trkpt>
<trkpt lat="33.380141944444446" lon="132.74074694444445">
<ele>133</ele>
</trkpt>
<trkpt lat="33.3802" lon="132.74106">
<ele>132</ele>
</trkpt>
<trkpt lat="33.380608055555555" lon="132.7436338888889">
<ele>136</ele>
</trkpt>
<trkpt lat="33.380716944444444" lon="132.74439694444445">
<ele>135</ele>
</trkpt>
<trkpt lat="33.380725" lon="132.74512194444443">
<ele>132</ele>
</trkpt>
<trkpt lat="33.38075" lon="132.74747194444444">
<ele>127</ele>
</trkpt>
<trkpt lat="33.380716944444444" lon="132.74782194444444">
<ele>127</ele>
</trkpt>
<trkpt lat="33.3807" lon="132.74844611111112">
<ele>126</ele>
</trkpt>
<trkpt lat="33.38066388888889" lon="132.74883">
<ele>126</ele>
</trkpt>
<trkpt lat="33.38066388888889" lon="132.74883">
<ele>126</ele>
</trkpt>
<trkpt lat="33.38065" lon="132.7489838888889">
<ele>126</ele>
</trkpt>
<trkpt lat="33.38059194444445" lon="132.7491711111111">
<ele>127</ele>
</trkpt>
<trkpt lat="33.380491944444444" lon="132.74933388888888">
<ele>129</ele>
</trkpt>
<trkpt lat="33.380375" lon="132.74948388888888">
<ele>130</ele>
</trkpt>
<trkpt lat="33.380175" lon="132.7496211111111">
<ele>131</ele>
</trkpt>
<trkpt lat="33.379958055555555" lon="132.74970888888888">
<ele>132</ele>
</trkpt>
<trkpt lat="33.3799" lon="132.7497338888889">
<ele>132</ele>
</trkpt>
<trkpt lat="33.37954194444445" lon="132.7498461111111">
<ele>132</ele>
</trkpt>
<trkpt lat="33.378625" lon="132.75013388888888">
<ele>133</ele>
</trkpt>
<trkpt lat="33.377716944444444" lon="132.7502838888889">
<ele>133</ele>
</trkpt>
<trkpt lat="33.37744194444444" lon="132.75035888888888">
<ele>132</ele>
</trkpt>
<trkpt lat="33.37726694444444" lon="132.7504338888889">
<ele>132</ele>
</trkpt>
<trkpt lat="33.37710111111111" lon="132.7505338888889">
<ele>132</ele>
</trkpt>
<trkpt lat="33.37665111111111" lon="132.75093388888888">
<ele>135</ele>
</trkpt>
<trkpt lat="33.376016944444444" lon="132.7515461111111">
<ele>146</ele>
</trkpt>
<trkpt lat="33.374901111111114" lon="132.7524588888889">
<ele>155</ele>
</trkpt>
<trkpt lat="33.37420111111111" lon="132.75299611111112">
<ele>153</ele>
</trkpt>
<trkpt lat="33.37405888888889" lon="132.7531211111111">
<ele>167</ele>
</trkpt>
<trkpt lat="33.37374194444445" lon="132.7533461111111">
<ele>167</ele>
</trkpt>
<trkpt lat="33.37350111111111" lon="132.75354611111112">
<ele>164</ele>
</trkpt>
<trkpt lat="33.37325111111111" lon="132.75378388888888">
<ele>165</ele>
</trkpt>
<trkpt lat="33.37287611111111" lon="132.7541588888889">
<ele>163</ele>
</trkpt>
<trkpt lat="33.37195888888889" lon="132.75525888888887">
<ele>165</ele>
</trkpt>
<trkpt lat="33.371718055555554" lon="132.75545888888888">
<ele>167</ele>
</trkpt>
<trkpt lat="33.37071805555556" lon="132.75615888888888">
<ele>167</ele>
</trkpt>
<trkpt lat="33.37050111111111" lon="132.7564088888889">
<ele>164</ele>
</trkpt>
<trkpt lat="33.370443055555555" lon="132.7566711111111">
<ele>164</ele>
</trkpt>
<trkpt lat="33.37034305555556" lon="132.75809611111112">
<ele>165</ele>
</trkpt>
<trkpt lat="33.37031805555556" lon="132.7583711111111">
<ele>164</ele>
</trkpt>
<trkpt lat="33.37027611111111" lon="132.75864611111112">
<ele>165</ele>
</trkpt>
<trkpt lat="33.37012611111111" lon="132.7594961111111">
<ele>167</ele>
</trkpt>
<trkpt lat="33.370085" lon="132.75983305555556">
<ele>165</ele>
</trkpt>
<trkpt lat="33.37010194444444" lon="132.76048305555557">
<ele>164</ele>
</trkpt>
<trkpt lat="33.37011805555556" lon="132.76067111111112">
<ele>165</ele>
</trkpt>
<trkpt lat="33.37022694444445" lon="132.76215805555555">
<ele>155</ele>
</trkpt>
<trkpt lat="33.37022694444445" lon="132.7623211111111">
<ele>154</ele>
</trkpt>
<trkpt lat="33.370243055555555" lon="132.76333305555556">
<ele>170</ele>
</trkpt>
<trkpt lat="33.370243055555555" lon="132.76390805555556">
<ele>174</ele>
</trkpt>
<trkpt lat="33.370201944444446" lon="132.7643711111111">
<ele>170</ele>
</trkpt>
<trkpt lat="33.369985" lon="132.76527">
<ele>161</ele>
</trkpt>
<trkpt lat="33.36991805555556" lon="132.765495">
<ele>164</ele>
</trkpt>
<trkpt lat="33.36974305555555" lon="132.76618305555556">
<ele>165</ele>
</trkpt>
<trkpt lat="33.369685" lon="132.76668305555555">
<ele>167</ele>
</trkpt>
<trkpt lat="33.369685" lon="132.76717">
<ele>167</ele>
</trkpt>
<trkpt lat="33.369701944444444" lon="132.76735805555555">
<ele>166</ele>
</trkpt>
<trkpt lat="33.36976" lon="132.767745">
<ele>164</ele>
</trkpt>
<trkpt lat="33.369793055555554" lon="132.76797">
<ele>167</ele>
</trkpt>
<trkpt lat="33.36980194444445" lon="132.76822">
<ele>167</ele>
</trkpt>
<trkpt lat="33.36976" lon="132.76900805555556">
<ele>163</ele>
</trkpt>
<trkpt lat="33.369701944444444" lon="132.77000805555556">
<ele>165</ele>
</trkpt>
<trkpt lat="33.36971" lon="132.77107">
<ele>164</ele>
</trkpt>
<trkpt lat="33.36976888888889" lon="132.77173305555556">
<ele>162</ele>
</trkpt>
<trkpt lat="33.36980194444445" lon="132.77200694444446">
<ele>164</ele>
</trkpt>
<trkpt lat="33.36989388888889" lon="132.77235694444445">
<ele>170</ele>
</trkpt>
<trkpt lat="33.36991888888889" lon="132.77252">
<ele>175</ele>
</trkpt>
<trkpt lat="33.37002694444445" lon="132.77288194444444">
<ele>176</ele>
</trkpt>
<trkpt lat="33.370201944444446" lon="132.773595">
<ele>174</ele>
</trkpt>
<trkpt lat="33.370235" lon="132.77387">
<ele>177</ele>
</trkpt>
<trkpt lat="33.370235" lon="132.77390888888888">
<ele>177</ele>
</trkpt>
<trkpt lat="33.370235" lon="132.77390888888888">
<ele>177</ele>
</trkpt>
<trkpt lat="33.370235" lon="132.77407">
<ele>177</ele>
</trkpt>
<trkpt lat="33.37019388888889" lon="132.774195">
<ele>174</ele>
</trkpt>
<trkpt lat="33.369835" lon="132.7753438888889">
<ele>175</ele>
</trkpt>
<trkpt lat="33.36971" lon="132.77580694444444">
<ele>176</ele>
</trkpt>
<trkpt lat="33.36967694444444" lon="132.77603194444444">
<ele>176</ele>
</trkpt>
<trkpt lat="33.36966888888889" lon="132.77619388888888">
<ele>176</ele>
</trkpt>
<trkpt lat="33.369685" lon="132.77670694444444">
<ele>173</ele>
</trkpt>
<trkpt lat="33.369735" lon="132.7770688888889">
<ele>171</ele>
</trkpt>
<trkpt lat="33.369835" lon="132.7778188888889">
<ele>171</ele>
</trkpt>
<trkpt lat="33.36984388888889" lon="132.77834388888888">
<ele>172</ele>
</trkpt>
<trkpt lat="33.36969388888889" lon="132.77959388888888">
<ele>181</ele>
</trkpt>
<trkpt lat="33.36961" lon="132.78003194444443">
<ele>182</ele>
</trkpt>
<trkpt lat="33.369485" lon="132.78045694444444">
<ele>183</ele>
</trkpt>
<trkpt lat="33.36898611111111" lon="132.78165694444445">
<ele>182</ele>
</trkpt>
<trkpt lat="33.36891111111111" lon="132.78183194444443">
<ele>183</ele>
</trkpt>
<trkpt lat="33.366926944444444" lon="132.78630611111112">
<ele>186</ele>
</trkpt>
<trkpt lat="33.36631111111111" lon="132.7876688888889">
<ele>182</ele>
</trkpt>
<trkpt lat="33.36622805555555" lon="132.78786888888888">
<ele>183</ele>
</trkpt>
<trkpt lat="33.36605194444444" lon="132.78843111111112">
<ele>182</ele>
</trkpt>
<trkpt lat="33.36578611111111" lon="132.78961805555556">
<ele>186</ele>
</trkpt>
<trkpt lat="33.36564388888889" lon="132.79026805555554">
<ele>186</ele>
</trkpt>
<trkpt lat="33.365403055555554" lon="132.7914311111111">
<ele>186</ele>
</trkpt>
<trkpt lat="33.36517805555555" lon="132.7922561111111">
<ele>187</ele>
</trkpt>
<trkpt lat="33.36512805555556" lon="132.79244305555557">
<ele>188</ele>
</trkpt>
<trkpt lat="33.364803055555555" lon="132.79363111111113">
<ele>187</ele>
</trkpt>
<trkpt lat="33.36446888888889" lon="132.79455611111112">
<ele>181</ele>
</trkpt>
<trkpt lat="33.364195" lon="132.7953061111111">
<ele>182</ele>
</trkpt>
<trkpt lat="33.36356111111111" lon="132.797105">
<ele>189</ele>
</trkpt>
<trkpt lat="33.363345" lon="132.797555">
<ele>193</ele>
</trkpt>
<trkpt lat="33.36327" lon="132.79773">
<ele>195</ele>
</trkpt>
<trkpt lat="33.36341111111111" lon="132.79780888888888">
<ele>194</ele>
</trkpt>
<trkpt lat="33.36341111111111" lon="132.79780888888888">
<ele>194</ele>
</trkpt>
<trkpt lat="33.36327" lon="132.79773">
<ele>195</ele>
</trkpt>
<trkpt lat="33.362878055555555" lon="132.79851694444446">
<ele>190</ele>
</trkpt>
<trkpt lat="33.36272" lon="132.798755">
<ele>186</ele>
</trkpt>
<trkpt lat="33.362636944444446" lon="132.79883">
<ele>190</ele>
</trkpt>
<trkpt lat="33.362561944444444" lon="132.798905">
<ele>192</ele>
</trkpt>
<trkpt lat="33.36242" lon="132.79899194444445">
<ele>192</ele>
</trkpt>
<trkpt lat="33.362295" lon="132.79903">
<ele>194</ele>
</trkpt>
<trkpt lat="33.36212805555556" lon="132.79904305555556">
<ele>194</ele>
</trkpt>
<trkpt lat="33.36181194444445" lon="132.79904305555556">
<ele>195</ele>
</trkpt>
<trkpt lat="33.361745" lon="132.79904305555556">
<ele>196</ele>
</trkpt>
<trkpt lat="33.36126194444444" lon="132.799005">
<ele>195</ele>
</trkpt>
<trkpt lat="33.36090305555555" lon="132.79899194444445">
<ele>192</ele>
</trkpt>
<trkpt lat="33.36053694444445" lon="132.799055">
<ele>193</ele>
</trkpt>
<trkpt lat="33.360211944444444" lon="132.79911694444445">
<ele>195</ele>
</trkpt>
<trkpt lat="33.35990388888889" lon="132.799105">
<ele>193</ele>
</trkpt>
<trkpt lat="33.35971194444444" lon="132.79909305555555">
<ele>194</ele>
</trkpt>
<trkpt lat="33.359386944444445" lon="132.79903">
<ele>195</ele>
</trkpt>
<trkpt lat="33.359145" lon="132.79891805555556">
<ele>195</ele>
</trkpt>
<trkpt lat="33.35862888888889" lon="132.798605">
<ele>195</ele>
</trkpt>
<trkpt lat="33.358295" lon="132.79834305555556">
<ele>196</ele>
</trkpt>
<trkpt lat="33.357945" lon="132.79821805555557">
<ele>198</ele>
</trkpt>
<trkpt lat="33.35778694444444" lon="132.79818">
<ele>197</ele>
</trkpt>
<trkpt lat="33.35756194444444" lon="132.798155">
<ele>197</ele>
</trkpt>
<trkpt lat="33.35718694444444" lon="132.798205">
<ele>203</ele>
</trkpt>
<trkpt lat="33.35685388888889" lon="132.79821805555557">
<ele>203</ele>
</trkpt>
<trkpt lat="33.35664611111111" lon="132.79818">
<ele>199</ele>
</trkpt>
<trkpt lat="33.35634611111111" lon="132.798155">
<ele>201</ele>
</trkpt>
<trkpt lat="33.356186944444445" lon="132.79811805555556">
<ele>206</ele>
</trkpt>
<trkpt lat="33.35610388888889" lon="132.798055">
<ele>206</ele>
</trkpt>
<trkpt lat="33.35597111111111" lon="132.79796805555554">
<ele>205</ele>
</trkpt>
<trkpt lat="33.35581194444445" lon="132.79779305555556">
<ele>205</ele>
</trkpt>
<trkpt lat="33.35575388888889" lon="132.79771805555555">
<ele>205</ele>
</trkpt>
<trkpt lat="33.35543694444444" lon="132.79729305555554">
<ele>207</ele>
</trkpt>
<trkpt lat="33.35516194444445" lon="132.7968811111111">
<ele>206</ele>
</trkpt>
<trkpt lat="33.35481194444444" lon="132.79644305555556">
<ele>205</ele>
</trkpt>
<trkpt lat="33.35417888888889" lon="132.79568111111112">
<ele>206</ele>
</trkpt>
<trkpt lat="33.35390388888889" lon="132.79549305555557">
<ele>207</ele>
</trkpt>
<trkpt lat="33.35377111111111" lon="132.7954061111111">
<ele>207</ele>
</trkpt>
<trkpt lat="33.35323805555556" lon="132.79513111111112">
<ele>207</ele>
</trkpt>
<trkpt lat="33.35238694444445" lon="132.79479305555554">
<ele>208</ele>
</trkpt>
<trkpt lat="33.35222888888889" lon="132.79469305555557">
<ele>208</ele>
</trkpt>
<trkpt lat="33.35209611111111" lon="132.79461805555556">
<ele>209</ele>
</trkpt>
<trkpt lat="33.35185388888889" lon="132.79443111111112">
<ele>209</ele>
</trkpt>
<trkpt lat="33.35118805555555" lon="132.79401805555557">
<ele>209</ele>
</trkpt>
<trkpt lat="33.35062888888889" lon="132.7937311111111">
<ele>215</ele>
</trkpt>
<trkpt lat="33.350411944444446" lon="132.79363111111113">
<ele>219</ele>
</trkpt>
<trkpt lat="33.35014611111111" lon="132.7935061111111">
<ele>223</ele>
</trkpt>
<trkpt lat="33.349513055555555" lon="132.7932438888889">
<ele>225</ele>
</trkpt>
<trkpt lat="33.34903805555555" lon="132.79309388888888">
<ele>229</ele>
</trkpt>
<trkpt lat="33.34849611111111" lon="132.7929188888889">
<ele>234</ele>
</trkpt>
<trkpt lat="33.34827111111111" lon="132.7928188888889">
<ele>235</ele>
</trkpt>
<trkpt lat="33.34773805555555" lon="132.7923688888889">
<ele>237</ele>
</trkpt>
<trkpt lat="33.34719611111111" lon="132.7918688888889">
<ele>239</ele>
</trkpt>
<trkpt lat="33.34674611111111" lon="132.7915688888889">
<ele>244</ele>
</trkpt>
<trkpt lat="33.346538055555556" lon="132.7914561111111">
<ele>245</ele>
</trkpt>
<trkpt lat="33.346313055555555" lon="132.7913561111111">
<ele>244</ele>
</trkpt>
<trkpt lat="33.346105" lon="132.7913311111111">
<ele>246</ele>
</trkpt>
<trkpt lat="33.34563" lon="132.79128111111112">
<ele>248</ele>
</trkpt>
<trkpt lat="33.34509611111111" lon="132.79128111111112">
<ele>253</ele>
</trkpt>
<trkpt lat="33.34448" lon="132.7913061111111">
<ele>257</ele>
</trkpt>
<trkpt lat="33.34414694444445" lon="132.79133194444444">
<ele>257</ele>
</trkpt>
<trkpt lat="33.34414694444445" lon="132.79133194444444">
<ele>257</ele>
</trkpt>
<trkpt lat="33.344005" lon="132.7913438888889">
<ele>258</ele>
</trkpt>
<trkpt lat="33.34373" lon="132.7913561111111">
<ele>256</ele>
</trkpt>
<trkpt lat="33.34357194444444" lon="132.79140611111112">
<ele>255</ele>
</trkpt>
<trkpt lat="33.34258" lon="132.7914188888889">
<ele>254</ele>
</trkpt>
<trkpt lat="33.342205" lon="132.79139388888888">
<ele>255</ele>
</trkpt>
<trkpt lat="33.342063055555556" lon="132.79138111111112">
<ele>253</ele>
</trkpt>
<trkpt lat="33.34191305555556" lon="132.79136888888888">
<ele>254</ele>
</trkpt>
<trkpt lat="33.34161388888889" lon="132.7913061111111">
<ele>256</ele>
</trkpt>
<trkpt lat="33.341296944444444" lon="132.7911938888889">
<ele>249</ele>
</trkpt>
<trkpt lat="33.340805" lon="132.7909811111111">
<ele>248</ele>
</trkpt>
<trkpt lat="33.340496944444446" lon="132.7908938888889">
<ele>246</ele>
</trkpt>
<trkpt lat="33.34021388888889" lon="132.7908688888889">
<ele>240</ele>
</trkpt>
<trkpt lat="33.33989694444445" lon="132.7908938888889">
<ele>239</ele>
</trkpt>
<trkpt lat="33.33972194444444" lon="132.79094388888888">
<ele>244</ele>
</trkpt>
<trkpt lat="33.33956388888889" lon="132.79103111111112">
<ele>243</ele>
</trkpt>
<trkpt lat="33.339355" lon="132.7911938888889">
<ele>245</ele>
</trkpt>
<trkpt lat="33.339171944444445" lon="132.79138111111112">
<ele>245</ele>
</trkpt>
<trkpt lat="33.33851388888889" lon="132.7921061111111">
<ele>245</ele>
</trkpt>
<trkpt lat="33.338321944444445" lon="132.79226888888888">
<ele>244</ele>
</trkpt>
<trkpt lat="33.33804694444444" lon="132.7924438888889">
<ele>244</ele>
</trkpt>
<trkpt lat="33.33733888888889" lon="132.79284388888888">
<ele>237</ele>
</trkpt>
<trkpt lat="33.33725611111111" lon="132.7928938888889">
<ele>236</ele>
</trkpt>
<trkpt lat="33.33709694444445" lon="132.79298111111112">
<ele>238</ele>
</trkpt>
<trkpt lat="33.33670611111111" lon="132.7932811111111">
<ele>236</ele>
</trkpt>
<trkpt lat="33.33644805555556" lon="132.7935688888889">
<ele>235</ele>
</trkpt>
<trkpt lat="33.336198055555556" lon="132.7938938888889">
<ele>235</ele>
</trkpt>
<trkpt lat="33.33584805555556" lon="132.7944938888889">
<ele>234</ele>
</trkpt>
<trkpt lat="33.33571388888889" lon="132.7947438888889">
<ele>236</ele>
</trkpt>
<trkpt lat="33.33548888888889" lon="132.7952061111111">
<ele>237</ele>
</trkpt>
<trkpt lat="33.33528888888889" lon="132.79545611111112">
<ele>237</ele>
</trkpt>
<trkpt lat="33.33510611111111" lon="132.79568111111112">
<ele>235</ele>
</trkpt>
<trkpt lat="33.33482305555555" lon="132.79590611111112">
<ele>232</ele>
</trkpt>
<trkpt lat="33.334473055555556" lon="132.79615611111112">
<ele>228</ele>
</trkpt>
<trkpt lat="33.33413888888889" lon="132.79639305555557">
<ele>228</ele>
</trkpt>
<trkpt lat="33.333798055555555" lon="132.79658111111112">
<ele>227</ele>
</trkpt>
<trkpt lat="33.33358111111111" lon="132.79673111111111">
<ele>227</ele>
</trkpt>
<trkpt lat="33.33328111111111" lon="132.79695611111111">
<ele>226</ele>
</trkpt>
<trkpt lat="33.33293888888889" lon="132.79728111111112">
<ele>227</ele>
</trkpt>
<trkpt lat="33.33267305555555" lon="132.7975561111111">
<ele>224</ele>
</trkpt>
<trkpt lat="33.33250611111111" lon="132.79771805555555">
<ele>226</ele>
</trkpt>
<trkpt lat="33.33242305555556" lon="132.7977838888889">
<ele>226</ele>
</trkpt>
<trkpt lat="33.33242305555556" lon="132.7977838888889">
<ele>226</ele>
</trkpt>
<trkpt lat="33.332365" lon="132.79783111111112">
<ele>226</ele>
</trkpt>
<trkpt lat="33.332256111111114" lon="132.79789305555556">
<ele>226</ele>
</trkpt>
<trkpt lat="33.332065" lon="132.79796805555554">
<ele>228</ele>
</trkpt>
<trkpt lat="33.331865" lon="132.79804305555555">
<ele>226</ele>
</trkpt>
<trkpt lat="33.33169" lon="132.79806805555555">
<ele>225</ele>
</trkpt>
<trkpt lat="33.33120611111111" lon="132.79805611111112">
<ele>225</ele>
</trkpt>
<trkpt lat="33.331048055555556" lon="132.7980061111111">
<ele>224</ele>
</trkpt>
<trkpt lat="33.330556111111115" lon="132.7977811111111">
<ele>227</ele>
</trkpt>
<trkpt lat="33.33052888888889" lon="132.7977611111111">
<ele>227</ele>
</trkpt>
    </trkseg>
  </trk>
</gpx>