<?xml version="1.0" encoding="UTF-8"?>
<gpx version="1.1"
     creator="KMLtoGPX"
     xmlns="http://www.topografix.com/GPX/1/1">
  <metadata>
    <name>Shikoku Top UFO Line Course</name>
    <desc>四国のてっぺん UFOラインコース</desc>
    <bounds minlat="33.725273055555554" minlon="133.16416305555555" maxlat="33.803938055555555" maxlon="133.33529694444445"/>
  </metadata>
  <trk>
    <name>Shikoku Top UFO Line Course</name>
    <trkseg>
<trkpt lat="33.779646944444444" lon="133.3080938888889">
<ele>609</ele>
</trkpt>
<trkpt lat="33.78005805555556" lon="133.30801305555556">
<ele>610</ele>
</trkpt>
<trkpt lat="33.78034888888889" lon="133.3079">
<ele>618</ele>
</trkpt>
<trkpt lat="33.78069111111111" lon="133.30768694444444">
<ele>618</ele>
</trkpt>
<trkpt lat="33.781016111111114" lon="133.30733694444444">
<ele>617</ele>
</trkpt>
<trkpt lat="33.78135694444445" lon="133.307">
<ele>617</ele>
</trkpt>
<trkpt lat="33.782331944444444" lon="133.30558805555555">
<ele>624</ele>
</trkpt>
<trkpt lat="33.78252388888889" lon="133.30533805555555">
<ele>626</ele>
</trkpt>
<trkpt lat="33.782648888888886" lon="133.305225">
<ele>625</ele>
</trkpt>
<trkpt lat="33.78282388888889" lon="133.30515">
<ele>625</ele>
</trkpt>
<trkpt lat="33.783273888888885" lon="133.3049">
<ele>627</ele>
</trkpt>
<trkpt lat="33.78359888888889" lon="133.30455">
<ele>626</ele>
</trkpt>
<trkpt lat="33.78376611111111" lon="133.30415">
<ele>624</ele>
</trkpt>
<trkpt lat="33.78387388888889" lon="133.303775">
<ele>622</ele>
</trkpt>
<trkpt lat="33.784106944444446" lon="133.30336305555556">
<ele>631</ele>
</trkpt>
<trkpt lat="33.785015" lon="133.30226305555556">
<ele>640</ele>
</trkpt>
<trkpt lat="33.78514888888889" lon="133.30195">
<ele>643</ele>
</trkpt>
<trkpt lat="33.785223888888886" lon="133.30163805555554">
<ele>646</ele>
</trkpt>
<trkpt lat="33.78525694444444" lon="133.3013">
<ele>645</ele>
</trkpt>
<trkpt lat="33.78523194444445" lon="133.30081305555555">
<ele>645</ele>
</trkpt>
<trkpt lat="33.78544888888889" lon="133.3002011111111">
<ele>644</ele>
</trkpt>
<trkpt lat="33.78592388888889" lon="133.29918805555556">
<ele>644</ele>
</trkpt>
<trkpt lat="33.78662305555556" lon="133.29788805555555">
<ele>654</ele>
</trkpt>
<trkpt lat="33.78689" lon="133.2974761111111">
<ele>657</ele>
</trkpt>
<trkpt lat="33.78719805555556" lon="133.29708805555555">
<ele>654</ele>
</trkpt>
<trkpt lat="33.78752305555555" lon="133.29681305555556">
<ele>657</ele>
</trkpt>
<trkpt lat="33.78783194444444" lon="133.2964511111111">
<ele>662</ele>
</trkpt>
<trkpt lat="33.788015" lon="133.2961261111111">
<ele>666</ele>
</trkpt>
<trkpt lat="33.78823111111111" lon="133.2956511111111">
<ele>666</ele>
</trkpt>
<trkpt lat="33.788398055555554" lon="133.2951261111111">
<ele>665</ele>
</trkpt>
<trkpt lat="33.78855611111111" lon="133.29482611111112">
<ele>665</ele>
</trkpt>
<trkpt lat="33.78879805555555" lon="133.29463805555557">
<ele>673</ele>
</trkpt>
<trkpt lat="33.789065" lon="133.29450111111112">
<ele>674</ele>
</trkpt>
<trkpt lat="33.78977305555556" lon="133.2943511111111">
<ele>675</ele>
</trkpt>
<trkpt lat="33.790115" lon="133.2942261111111">
<ele>676</ele>
</trkpt>
<trkpt lat="33.79055611111111" lon="133.29393805555554">
<ele>675</ele>
</trkpt>
<trkpt lat="33.79083888888889" lon="133.29368805555555">
<ele>678</ele>
</trkpt>
<trkpt lat="33.79129805555556" lon="133.29322611111112">
<ele>687</ele>
</trkpt>
<trkpt lat="33.79188888888889" lon="133.2929761111111">
<ele>682</ele>
</trkpt>
<trkpt lat="33.79240611111111" lon="133.2928138888889">
<ele>694</ele>
</trkpt>
<trkpt lat="33.79280611111111" lon="133.29253888888888">
<ele>693</ele>
</trkpt>
<trkpt lat="33.79308888888889" lon="133.2921761111111">
<ele>692</ele>
</trkpt>
<trkpt lat="33.793371944444445" lon="133.29198888888888">
<ele>703</ele>
</trkpt>
<trkpt lat="33.793798055555555" lon="133.2917888888889">
<ele>706</ele>
</trkpt>
<trkpt lat="33.79450611111111" lon="133.2913761111111">
<ele>713</ele>
</trkpt>
<trkpt lat="33.79477305555555" lon="133.2911511111111">
<ele>712</ele>
</trkpt>
<trkpt lat="33.79499694444444" lon="133.2906888888889">
<ele>712</ele>
</trkpt>
<trkpt lat="33.79514694444445" lon="133.2902261111111">
<ele>713</ele>
</trkpt>
<trkpt lat="33.79535611111111" lon="133.2901138888889">
<ele>717</ele>
</trkpt>
<trkpt lat="33.795721944444445" lon="133.2890888888889">
<ele>721</ele>
</trkpt>
<trkpt lat="33.79587194444444" lon="133.28881388888888">
<ele>721</ele>
</trkpt>
<trkpt lat="33.79606388888889" lon="133.28861388888888">
<ele>721</ele>
</trkpt>
<trkpt lat="33.79627194444444" lon="133.2885638888889">
<ele>722</ele>
</trkpt>
<trkpt lat="33.79656388888889" lon="133.28861388888888">
<ele>718</ele>
</trkpt>
<trkpt lat="33.79720611111111" lon="133.2885261111111">
<ele>723</ele>
</trkpt>
<trkpt lat="33.79739694444444" lon="133.2884388888889">
<ele>726</ele>
</trkpt>
<trkpt lat="33.79741388888889" lon="133.28841694444444">
<ele>726</ele>
</trkpt>
<trkpt lat="33.79741388888889" lon="133.28841805555555">
<ele>726</ele>
</trkpt>
<trkpt lat="33.797488888888886" lon="133.2883261111111">
<ele>727</ele>
</trkpt>
<trkpt lat="33.797555" lon="133.2881888888889">
<ele>726</ele>
</trkpt>
<trkpt lat="33.797646944444445" lon="133.2874261111111">
<ele>724</ele>
</trkpt>
<trkpt lat="33.797713888888886" lon="133.2871638888889">
<ele>726</ele>
</trkpt>
<trkpt lat="33.798071944444445" lon="133.28643888888888">
<ele>735</ele>
</trkpt>
<trkpt lat="33.79823888888889" lon="133.28620194444446">
<ele>738</ele>
</trkpt>
<trkpt lat="33.79839694444444" lon="133.2859138888889">
<ele>737</ele>
</trkpt>
<trkpt lat="33.798655" lon="133.28535194444444">
<ele>736</ele>
</trkpt>
<trkpt lat="33.79884694444444" lon="133.2847888888889">
<ele>745</ele>
</trkpt>
<trkpt lat="33.798946944444445" lon="133.28430194444445">
<ele>747</ele>
</trkpt>
<trkpt lat="33.79899694444445" lon="133.2838888888889">
<ele>745</ele>
</trkpt>
<trkpt lat="33.79909694444444" lon="133.28367694444444">
<ele>745</ele>
</trkpt>
<trkpt lat="33.799213888888886" lon="133.28348888888888">
<ele>748</ele>
</trkpt>
<trkpt lat="33.80008" lon="133.2823138888889">
<ele>762</ele>
</trkpt>
<trkpt lat="33.80009694444445" lon="133.2815388888889">
<ele>766</ele>
</trkpt>
<trkpt lat="33.800046944444446" lon="133.28140194444444">
<ele>769</ele>
</trkpt>
<trkpt lat="33.79978" lon="133.28110194444446">
<ele>773</ele>
</trkpt>
<trkpt lat="33.79971305555556" lon="133.2809638888889">
<ele>772</ele>
</trkpt>
<trkpt lat="33.799755" lon="133.28088888888888">
<ele>772</ele>
</trkpt>
<trkpt lat="33.79987194444445" lon="133.28095194444444">
<ele>774</ele>
</trkpt>
<trkpt lat="33.800221944444445" lon="133.28122694444446">
<ele>771</ele>
</trkpt>
<trkpt lat="33.80037194444444" lon="133.28122694444446">
<ele>773</ele>
</trkpt>
<trkpt lat="33.80041305555556" lon="133.2811638888889">
<ele>776</ele>
</trkpt>
<trkpt lat="33.80041305555556" lon="133.28107694444444">
<ele>778</ele>
</trkpt>
<trkpt lat="33.800255" lon="133.28097694444443">
<ele>780</ele>
</trkpt>
<trkpt lat="33.800063055555555" lon="133.2808638888889">
<ele>779</ele>
</trkpt>
<trkpt lat="33.79992194444444" lon="133.2807388888889">
<ele>778</ele>
</trkpt>
<trkpt lat="33.79981305555555" lon="133.28055194444445">
<ele>777</ele>
</trkpt>
<trkpt lat="33.799605" lon="133.279965">
<ele>781</ele>
</trkpt>
<trkpt lat="33.799621944444446" lon="133.27985194444443">
<ele>784</ele>
</trkpt>
<trkpt lat="33.799663055555556" lon="133.27979">
<ele>784</ele>
</trkpt>
<trkpt lat="33.79976305555556" lon="133.27980194444444">
<ele>787</ele>
</trkpt>
<trkpt lat="33.79984694444445" lon="133.27990194444445">
<ele>787</ele>
</trkpt>
<trkpt lat="33.800105" lon="133.28056388888888">
<ele>783</ele>
</trkpt>
<trkpt lat="33.80023805555555" lon="133.28075194444443">
<ele>788</ele>
</trkpt>
<trkpt lat="33.800421944444444" lon="133.28090194444445">
<ele>782</ele>
</trkpt>
<trkpt lat="33.80081305555556" lon="133.28095194444444">
<ele>782</ele>
</trkpt>
<trkpt lat="33.800963055555556" lon="133.28090194444445">
<ele>780</ele>
</trkpt>
<trkpt lat="33.80108805555555" lon="133.28078888888888">
<ele>782</ele>
</trkpt>
<trkpt lat="33.80164611111111" lon="133.28030194444443">
<ele>796</ele>
</trkpt>
<trkpt lat="33.801746111111115" lon="133.28027694444444">
<ele>796</ele>
</trkpt>
<trkpt lat="33.801855" lon="133.28025194444444">
<ele>796</ele>
</trkpt>
<trkpt lat="33.80199611111111" lon="133.28030194444443">
<ele>798</ele>
</trkpt>
<trkpt lat="33.802888055555556" lon="133.28105194444444">
<ele>805</ele>
</trkpt>
<trkpt lat="33.80304611111111" lon="133.28112694444445">
<ele>807</ele>
</trkpt>
<trkpt lat="33.80313805555556" lon="133.28107694444444">
<ele>816</ele>
</trkpt>
<trkpt lat="33.80313805555556" lon="133.28090194444445">
<ele>820</ele>
</trkpt>
<trkpt lat="33.803063055555555" lon="133.28080194444445">
<ele>819</ele>
</trkpt>
<trkpt lat="33.80263" lon="133.2804138888889">
<ele>819</ele>
</trkpt>
<trkpt lat="33.802371111111114" lon="133.28030194444443">
<ele>820</ele>
</trkpt>
<trkpt lat="33.80213805555555" lon="133.28005194444444">
<ele>828</ele>
</trkpt>
<trkpt lat="33.80189611111111" lon="133.27970194444444">
<ele>836</ele>
</trkpt>
<trkpt lat="33.801788055555555" lon="133.27969">
<ele>835</ele>
</trkpt>
<trkpt lat="33.80164611111111" lon="133.279715">
<ele>837</ele>
</trkpt>
<trkpt lat="33.80113" lon="133.28002694444444">
<ele>833</ele>
</trkpt>
<trkpt lat="33.800963055555556" lon="133.28008888888888">
<ele>838</ele>
</trkpt>
<trkpt lat="33.80083" lon="133.2800638888889">
<ele>842</ele>
</trkpt>
<trkpt lat="33.800688055555554" lon="133.27999">
<ele>845</ele>
</trkpt>
<trkpt lat="33.800513055555555" lon="133.27969">
<ele>843</ele>
</trkpt>
<trkpt lat="33.800446111111114" lon="133.27895194444446">
<ele>848</ele>
</trkpt>
<trkpt lat="33.80039611111111" lon="133.27874">
<ele>845</ele>
</trkpt>
<trkpt lat="33.80041305555556" lon="133.27835194444444">
<ele>846</ele>
</trkpt>
<trkpt lat="33.80053" lon="133.27775194444445">
<ele>848</ele>
</trkpt>
<trkpt lat="33.80052111111111" lon="133.27764">
<ele>850</ele>
</trkpt>
<trkpt lat="33.80042111111111" lon="133.27745194444444">
<ele>851</ele>
</trkpt>
<trkpt lat="33.80032111111111" lon="133.27724">
<ele>853</ele>
</trkpt>
<trkpt lat="33.800263055555554" lon="133.27684">
<ele>857</ele>
</trkpt>
<trkpt lat="33.80009611111111" lon="133.27559">
<ele>856</ele>
</trkpt>
<trkpt lat="33.800113055555556" lon="133.27535194444445">
<ele>862</ele>
</trkpt>
<trkpt lat="33.800221111111114" lon="133.27534">
<ele>862</ele>
</trkpt>
<trkpt lat="33.800288055555555" lon="133.27540194444444">
<ele>868</ele>
</trkpt>
<trkpt lat="33.800463055555554" lon="133.27645305555555">
<ele>874</ele>
</trkpt>
<trkpt lat="33.800555" lon="133.27677805555555">
<ele>871</ele>
</trkpt>
<trkpt lat="33.80093" lon="133.277365">
<ele>882</ele>
</trkpt>
<trkpt lat="33.80097111111111" lon="133.27754">
<ele>879</ele>
</trkpt>
<trkpt lat="33.80102111111111" lon="133.278465">
<ele>886</ele>
</trkpt>
<trkpt lat="33.80108805555555" lon="133.27870194444444">
<ele>884</ele>
</trkpt>
<trkpt lat="33.80118" lon="133.27884">
<ele>885</ele>
</trkpt>
<trkpt lat="33.80133" lon="133.27887694444445">
<ele>887</ele>
</trkpt>
<trkpt lat="33.80188805555556" lon="133.27874">
<ele>895</ele>
</trkpt>
<trkpt lat="33.80212111111111" lon="133.27870194444444">
<ele>895</ele>
</trkpt>
<trkpt lat="33.80236305555555" lon="133.27872694444446">
<ele>898</ele>
</trkpt>
<trkpt lat="33.80253805555556" lon="133.278815">
<ele>896</ele>
</trkpt>
<trkpt lat="33.80332111111111" lon="133.27964">
<ele>905</ele>
</trkpt>
<trkpt lat="33.80347888888889" lon="133.27975194444446">
<ele>908</ele>
</trkpt>
<trkpt lat="33.80361305555556" lon="133.27980194444444">
<ele>906</ele>
</trkpt>
<trkpt lat="33.80383805555556" lon="133.279415">
<ele>903</ele>
</trkpt>
<trkpt lat="33.803938055555555" lon="133.27929">
<ele>902</ele>
</trkpt>
<trkpt lat="33.80390388888889" lon="133.279165">
<ele>904</ele>
</trkpt>
<trkpt lat="33.80378805555556" lon="133.279165">
<ele>906</ele>
</trkpt>
<trkpt lat="33.80365388888889" lon="133.27927694444443">
<ele>908</ele>
</trkpt>
<trkpt lat="33.80352888888889" lon="133.279365">
<ele>910</ele>
</trkpt>
<trkpt lat="33.80330388888889" lon="133.27919">
<ele>915</ele>
</trkpt>
<trkpt lat="33.80290388888889" lon="133.278665">
<ele>919</ele>
</trkpt>
<trkpt lat="33.80281305555555" lon="133.27854">
<ele>926</ele>
</trkpt>
<trkpt lat="33.802146111111114" lon="133.27814">
<ele>925</ele>
</trkpt>
<trkpt lat="33.80212111111111" lon="133.27805194444446">
<ele>928</ele>
</trkpt>
<trkpt lat="33.802155" lon="133.277965">
<ele>931</ele>
</trkpt>
<trkpt lat="33.80238" lon="133.27799">
<ele>936</ele>
</trkpt>
<trkpt lat="33.80287888888889" lon="133.27825194444443">
<ele>935</ele>
</trkpt>
<trkpt lat="33.803021111111114" lon="133.27837694444443">
<ele>933</ele>
</trkpt>
<trkpt lat="33.80330388888889" lon="133.278815">
<ele>923</ele>
</trkpt>
<trkpt lat="33.803446111111114" lon="133.27895194444446">
<ele>922</ele>
</trkpt>
<trkpt lat="33.80352888888889" lon="133.27885194444445">
<ele>927</ele>
</trkpt>
<trkpt lat="33.80352888888889" lon="133.27872694444446">
<ele>932</ele>
</trkpt>
<trkpt lat="33.803463055555554" lon="133.278615">
<ele>936</ele>
</trkpt>
<trkpt lat="33.80316305555556" lon="133.27825194444443">
<ele>945</ele>
</trkpt>
<trkpt lat="33.80287888888889" lon="133.27799">
<ele>948</ele>
</trkpt>
<trkpt lat="33.80242888888889" lon="133.27770194444443">
<ele>944</ele>
</trkpt>
<trkpt lat="33.80222111111111" lon="133.27747694444443">
<ele>947</ele>
</trkpt>
<trkpt lat="33.80208805555556" lon="133.27725194444446">
<ele>952</ele>
</trkpt>
<trkpt lat="33.80182111111111" lon="133.27647694444445">
<ele>956</ele>
</trkpt>
<trkpt lat="33.80162888888889" lon="133.27595305555556">
<ele>955</ele>
</trkpt>
<trkpt lat="33.80157111111111" lon="133.27565305555555">
<ele>957</ele>
</trkpt>
<trkpt lat="33.80157111111111" lon="133.27529">
<ele>961</ele>
</trkpt>
<trkpt lat="33.80164611111111" lon="133.275215">
<ele>961</ele>
</trkpt>
<trkpt lat="33.80175388888889" lon="133.27524">
<ele>965</ele>
</trkpt>
<trkpt lat="33.80186305555556" lon="133.275865">
<ele>964</ele>
</trkpt>
<trkpt lat="33.80195388888889" lon="133.276265">
<ele>963</ele>
</trkpt>
<trkpt lat="33.80215388888889" lon="133.276765">
<ele>966</ele>
</trkpt>
<trkpt lat="33.802303888888886" lon="133.27707694444445">
<ele>964</ele>
</trkpt>
<trkpt lat="33.80255388888889" lon="133.27745194444444">
<ele>961</ele>
</trkpt>
<trkpt lat="33.80267888888889" lon="133.27760194444446">
<ele>967</ele>
</trkpt>
<trkpt lat="33.80290388888889" lon="133.27765194444444">
<ele>976</ele>
</trkpt>
<trkpt lat="33.80297888888889" lon="133.27760194444446">
<ele>976</ele>
</trkpt>
<trkpt lat="33.80292111111111" lon="133.27747694444443">
<ele>978</ele>
</trkpt>
<trkpt lat="33.80262888888889" lon="133.277115">
<ele>973</ele>
</trkpt>
<trkpt lat="33.80248805555556" lon="133.27687805555556">
<ele>977</ele>
</trkpt>
<trkpt lat="33.80236305555555" lon="133.27660194444445">
<ele>976</ele>
</trkpt>
<trkpt lat="33.802213055555555" lon="133.276015">
<ele>974</ele>
</trkpt>
<trkpt lat="33.80211305555556" lon="133.27542694444443">
<ele>986</ele>
</trkpt>
<trkpt lat="33.80212111111111" lon="133.275215">
<ele>988</ele>
</trkpt>
<trkpt lat="33.802238055555556" lon="133.275215">
<ele>996</ele>
</trkpt>
<trkpt lat="33.80232888888889" lon="133.27540194444444">
<ele>992</ele>
</trkpt>
<trkpt lat="33.802596111111114" lon="133.27627694444445">
<ele>999</ele>
</trkpt>
<trkpt lat="33.80278805555555" lon="133.27685305555556">
<ele>999</ele>
</trkpt>
<trkpt lat="33.80290388888889" lon="133.27704">
<ele>1006</ele>
</trkpt>
<trkpt lat="33.80314611111111" lon="133.27729">
<ele>1006</ele>
</trkpt>
<trkpt lat="33.80333805555556" lon="133.27742694444444">
<ele>1006</ele>
</trkpt>
<trkpt lat="33.803513055555555" lon="133.27745194444444">
<ele>1004</ele>
</trkpt>
<trkpt lat="33.803513055555555" lon="133.277315">
<ele>1010</ele>
</trkpt>
<trkpt lat="33.80342888888889" lon="133.27715194444446">
<ele>1013</ele>
</trkpt>
<trkpt lat="33.80319611111111" lon="133.27684">
<ele>1024</ele>
</trkpt>
<trkpt lat="33.80290388888889" lon="133.27645305555555">
<ele>1025</ele>
</trkpt>
<trkpt lat="33.80282888888889" lon="133.276265">
<ele>1025</ele>
</trkpt>
<trkpt lat="33.80256305555555" lon="133.27507805555555">
<ele>1027</ele>
</trkpt>
<trkpt lat="33.80234611111111" lon="133.274415">
<ele>1025</ele>
</trkpt>
<trkpt lat="33.80233805555556" lon="133.274215">
<ele>1023</ele>
</trkpt>
<trkpt lat="33.80244694444445" lon="133.2740511111111">
<ele>1021</ele>
</trkpt>
<trkpt lat="33.80244694444445" lon="133.2740511111111">
<ele>1021</ele>
</trkpt>
<trkpt lat="33.802503888888886" lon="133.273965">
<ele>1020</ele>
</trkpt>
<trkpt lat="33.80287111111111" lon="133.27374">
<ele>1036</ele>
</trkpt>
<trkpt lat="33.802888055555556" lon="133.27354">
<ele>1042</ele>
</trkpt>
<trkpt lat="33.80285388888889" lon="133.27332805555557">
<ele>1043</ele>
</trkpt>
<trkpt lat="33.80293805555556" lon="133.27312805555556">
<ele>1047</ele>
</trkpt>
<trkpt lat="33.803353888888886" lon="133.27274">
<ele>1037</ele>
</trkpt>
<trkpt lat="33.80339611111111" lon="133.27257805555556">
<ele>1038</ele>
</trkpt>
<trkpt lat="33.80333805555556" lon="133.272465">
<ele>1041</ele>
</trkpt>
<trkpt lat="33.80301194444444" lon="133.27209">
<ele>1048</ele>
</trkpt>
<trkpt lat="33.80293694444445" lon="133.27195305555554">
<ele>1046</ele>
</trkpt>
<trkpt lat="33.80293694444445" lon="133.27177805555556">
<ele>1045</ele>
</trkpt>
<trkpt lat="33.80329611111111" lon="133.27107805555556">
<ele>1047</ele>
</trkpt>
<trkpt lat="33.803353888888886" lon="133.27091611111112">
<ele>1048</ele>
</trkpt>
<trkpt lat="33.80329611111111" lon="133.2707161111111">
<ele>1048</ele>
</trkpt>
<trkpt lat="33.80317888888889" lon="133.27070305555554">
<ele>1048</ele>
</trkpt>
<trkpt lat="33.80285388888889" lon="133.27082805555557">
<ele>1046</ele>
</trkpt>
<trkpt lat="33.80272111111111" lon="133.27080305555555">
<ele>1049</ele>
</trkpt>
<trkpt lat="33.80256305555555" lon="133.27072805555557">
<ele>1055</ele>
</trkpt>
<trkpt lat="33.80225388888889" lon="133.2704161111111">
<ele>1062</ele>
</trkpt>
<trkpt lat="33.80210388888889" lon="133.27027805555556">
<ele>1065</ele>
</trkpt>
<trkpt lat="33.80157111111111" lon="133.27010305555555">
<ele>1067</ele>
</trkpt>
<trkpt lat="33.80147111111111" lon="133.27002805555554">
<ele>1065</ele>
</trkpt>
<trkpt lat="33.80137888888889" lon="133.26989111111112">
<ele>1065</ele>
</trkpt>
<trkpt lat="33.80131305555555" lon="133.26937805555556">
<ele>1073</ele>
</trkpt>
<trkpt lat="33.80124611111111" lon="133.26922805555554">
<ele>1075</ele>
</trkpt>
<trkpt lat="33.80112888888889" lon="133.2691411111111">
<ele>1076</ele>
</trkpt>
<trkpt lat="33.80039611111111" lon="133.26900305555554">
<ele>1075</ele>
</trkpt>
<trkpt lat="33.80036305555556" lon="133.26886611111112">
<ele>1082</ele>
</trkpt>
<trkpt lat="33.80045388888889" lon="133.26876611111112">
<ele>1085</ele>
</trkpt>
<trkpt lat="33.80098805555556" lon="133.26889111111112">
<ele>1082</ele>
</trkpt>
<trkpt lat="33.801296111111114" lon="133.26890305555557">
<ele>1082</ele>
</trkpt>
<trkpt lat="33.80148805555555" lon="133.2688161111111">
<ele>1083</ele>
</trkpt>
<trkpt lat="33.801636944444446" lon="133.26872805555556">
<ele>1087</ele>
</trkpt>
<trkpt lat="33.801721111111114" lon="133.26860305555556">
<ele>1093</ele>
</trkpt>
<trkpt lat="33.80167888888889" lon="133.2684911111111">
<ele>1096</ele>
</trkpt>
<trkpt lat="33.80086305555555" lon="133.2684911111111">
<ele>1094</ele>
</trkpt>
<trkpt lat="33.80070388888889" lon="133.26842805555555">
<ele>1097</ele>
</trkpt>
<trkpt lat="33.80022888888889" lon="133.26802805555556">
<ele>1096</ele>
</trkpt>
<trkpt lat="33.800113055555556" lon="133.26790305555556">
<ele>1095</ele>
</trkpt>
<trkpt lat="33.800063055555555" lon="133.26770305555556">
<ele>1095</ele>
</trkpt>
<trkpt lat="33.79993694444445" lon="133.26632805555556">
<ele>1116</ele>
</trkpt>
<trkpt lat="33.799688055555556" lon="133.26635305555556">
<ele>1116</ele>
</trkpt>
<trkpt lat="33.79958805555555" lon="133.26640305555554">
<ele>1117</ele>
</trkpt>
<trkpt lat="33.79942888888889" lon="133.2665661111111">
<ele>1117</ele>
</trkpt>
<trkpt lat="33.79910388888889" lon="133.2670161111111">
<ele>1113</ele>
</trkpt>
<trkpt lat="33.79902111111111" lon="133.26705305555555">
<ele>1113</ele>
</trkpt>
<trkpt lat="33.798946111111114" lon="133.26705305555555">
<ele>1113</ele>
</trkpt>
<trkpt lat="33.79889611111111" lon="133.26697805555557">
<ele>1115</ele>
</trkpt>
<trkpt lat="33.79886305555556" lon="133.26674111111112">
<ele>1116</ele>
</trkpt>
<trkpt lat="33.798788055555555" lon="133.26651611111112">
<ele>1119</ele>
</trkpt>
<trkpt lat="33.798563055555555" lon="133.2662038888889">
<ele>1119</ele>
</trkpt>
<trkpt lat="33.79815388888889" lon="133.2657911111111">
<ele>1114</ele>
</trkpt>
<trkpt lat="33.79792888888889" lon="133.2655411111111">
<ele>1118</ele>
</trkpt>
<trkpt lat="33.79777888888889" lon="133.26547888888888">
<ele>1116</ele>
</trkpt>
<trkpt lat="33.79764611111111" lon="133.26547888888888">
<ele>1116</ele>
</trkpt>
<trkpt lat="33.79758805555556" lon="133.2655661111111">
<ele>1114</ele>
</trkpt>
<trkpt lat="33.79758805555556" lon="133.2658788888889">
<ele>1113</ele>
</trkpt>
<trkpt lat="33.79755388888889" lon="133.26602888888888">
<ele>1113</ele>
</trkpt>
<trkpt lat="33.79746305555555" lon="133.2661788888889">
<ele>1112</ele>
</trkpt>
<trkpt lat="33.79723805555555" lon="133.2663538888889">
<ele>1122</ele>
</trkpt>
<trkpt lat="33.797105" lon="133.2664661111111">
<ele>1125</ele>
</trkpt>
<trkpt lat="33.797038055555554" lon="133.26662805555554">
<ele>1124</ele>
</trkpt>
<trkpt lat="33.79692111111111" lon="133.2670411111111">
<ele>1123</ele>
</trkpt>
<trkpt lat="33.796821111111115" lon="133.26719111111112">
<ele>1125</ele>
</trkpt>
<trkpt lat="33.79664611111111" lon="133.26735305555556">
<ele>1124</ele>
</trkpt>
<trkpt lat="33.796455" lon="133.2674661111111">
<ele>1123</ele>
</trkpt>
<trkpt lat="33.79638" lon="133.26754111111111">
<ele>1130</ele>
</trkpt>
<trkpt lat="33.79633" lon="133.26772805555555">
<ele>1136</ele>
</trkpt>
<trkpt lat="33.79631805555555" lon="133.267745">
<ele>1136</ele>
</trkpt>
<trkpt lat="33.79631805555555" lon="133.2677438888889">
<ele>1136</ele>
</trkpt>
<trkpt lat="33.79624611111111" lon="133.26784111111112">
<ele>1135</ele>
</trkpt>
<trkpt lat="33.79614611111111" lon="133.26782805555555">
<ele>1134</ele>
</trkpt>
<trkpt lat="33.79582111111111" lon="133.26767805555556">
<ele>1135</ele>
</trkpt>
<trkpt lat="33.79568805555556" lon="133.26767805555556">
<ele>1135</ele>
</trkpt>
<trkpt lat="33.795563055555554" lon="133.26790305555556">
<ele>1131</ele>
</trkpt>
<trkpt lat="33.79549611111111" lon="133.26799111111112">
<ele>1134</ele>
</trkpt>
<trkpt lat="33.79531305555555" lon="133.2680411111111">
<ele>1135</ele>
</trkpt>
<trkpt lat="33.79521305555556" lon="133.2681161111111">
<ele>1135</ele>
</trkpt>
<trkpt lat="33.79503" lon="133.26831611111112">
<ele>1134</ele>
</trkpt>
<trkpt lat="33.79479694444444" lon="133.26840305555555">
<ele>1134</ele>
</trkpt>
<trkpt lat="33.794621944444444" lon="133.26845305555557">
<ele>1132</ele>
</trkpt>
<trkpt lat="33.794196944444444" lon="133.26845305555557">
<ele>1133</ele>
</trkpt>
<trkpt lat="33.79398" lon="133.2683911111111">
<ele>1135</ele>
</trkpt>
<trkpt lat="33.79311305555556" lon="133.26805305555555">
<ele>1136</ele>
</trkpt>
<trkpt lat="33.79299694444445" lon="133.2680161111111">
<ele>1135</ele>
</trkpt>
<trkpt lat="33.79267194444444" lon="133.2680161111111">
<ele>1134</ele>
</trkpt>
<trkpt lat="33.79247194444444" lon="133.26796611111112">
<ele>1136</ele>
</trkpt>
<trkpt lat="33.79233888888889" lon="133.26797805555555">
<ele>1136</ele>
</trkpt>
<trkpt lat="33.792255" lon="133.26807805555555">
<ele>1135</ele>
</trkpt>
<trkpt lat="33.792255" lon="133.26837805555556">
<ele>1133</ele>
</trkpt>
<trkpt lat="33.79237194444445" lon="133.2686911111111">
<ele>1134</ele>
</trkpt>
<trkpt lat="33.79284694444444" lon="133.26950305555556">
<ele>1133</ele>
</trkpt>
<trkpt lat="33.79288888888889" lon="133.2696161111111">
<ele>1135</ele>
</trkpt>
<trkpt lat="33.79291388888889" lon="133.26977805555555">
<ele>1133</ele>
</trkpt>
<trkpt lat="33.79298" lon="133.26992805555557">
<ele>1135</ele>
</trkpt>
<trkpt lat="33.793121944444444" lon="133.27011611111112">
<ele>1131</ele>
</trkpt>
<trkpt lat="33.793205" lon="133.2703161111111">
<ele>1133</ele>
</trkpt>
<trkpt lat="33.79323" lon="133.2705411111111">
<ele>1131</ele>
</trkpt>
<trkpt lat="33.793213888888886" lon="133.27075305555556">
<ele>1136</ele>
</trkpt>
<trkpt lat="33.79308888888889" lon="133.27104111111112">
<ele>1145</ele>
</trkpt>
<trkpt lat="33.79307194444444" lon="133.2711661111111">
<ele>1143</ele>
</trkpt>
<trkpt lat="33.79308888888889" lon="133.2712911111111">
<ele>1144</ele>
</trkpt>
<trkpt lat="33.793213888888886" lon="133.27137805555554">
<ele>1145</ele>
</trkpt>
<trkpt lat="33.79378" lon="133.27152805555556">
<ele>1140</ele>
</trkpt>
<trkpt lat="33.793905" lon="133.27162805555557">
<ele>1140</ele>
</trkpt>
<trkpt lat="33.79397194444444" lon="133.2717911111111">
<ele>1143</ele>
</trkpt>
<trkpt lat="33.79413" lon="133.27294">
<ele>1143</ele>
</trkpt>
<trkpt lat="33.79423888888889" lon="133.273465">
<ele>1142</ele>
</trkpt>
<trkpt lat="33.794255" lon="133.27370305555556">
<ele>1142</ele>
</trkpt>
<trkpt lat="33.794196944444444" lon="133.27390305555556">
<ele>1145</ele>
</trkpt>
<trkpt lat="33.79401388888889" lon="133.27412805555556">
<ele>1152</ele>
</trkpt>
<trkpt lat="33.79393888888889" lon="133.27429">
<ele>1154</ele>
</trkpt>
<trkpt lat="33.79392194444444" lon="133.274665">
<ele>1152</ele>
</trkpt>
<trkpt lat="33.793863888888886" lon="133.27480305555557">
<ele>1154</ele>
</trkpt>
<trkpt lat="33.793771944444444" lon="133.27500305555554">
<ele>1155</ele>
</trkpt>
<trkpt lat="33.793755" lon="133.27519">
<ele>1155</ele>
</trkpt>
<trkpt lat="33.79378" lon="133.27540194444444">
<ele>1152</ele>
</trkpt>
<trkpt lat="33.79388888888889" lon="133.27560305555556">
<ele>1155</ele>
</trkpt>
<trkpt lat="33.794063888888886" lon="133.27577805555555">
<ele>1151</ele>
</trkpt>
<trkpt lat="33.794155" lon="133.27597805555556">
<ele>1151</ele>
</trkpt>
<trkpt lat="33.794155" lon="133.27619">
<ele>1152</ele>
</trkpt>
<trkpt lat="33.79401388888889" lon="133.27639">
<ele>1152</ele>
</trkpt>
<trkpt lat="33.79352194444444" lon="133.276715">
<ele>1161</ele>
</trkpt>
<trkpt lat="33.79313888888889" lon="133.27709">
<ele>1165</ele>
</trkpt>
<trkpt lat="33.792946944444445" lon="133.27720305555556">
<ele>1166</ele>
</trkpt>
<trkpt lat="33.792788888888886" lon="133.27729">
<ele>1166</ele>
</trkpt>
<trkpt lat="33.79244694444444" lon="133.277315">
<ele>1168</ele>
</trkpt>
<trkpt lat="33.79213111111111" lon="133.277315">
<ele>1168</ele>
</trkpt>
<trkpt lat="33.791806111111114" lon="133.27724">
<ele>1176</ele>
</trkpt>
<trkpt lat="33.79168111111111" lon="133.27727694444445">
<ele>1176</ele>
</trkpt>
<trkpt lat="33.79161388888889" lon="133.277365">
<ele>1175</ele>
</trkpt>
<trkpt lat="33.79150611111111" lon="133.277765">
<ele>1175</ele>
</trkpt>
<trkpt lat="33.79133111111111" lon="133.278515">
<ele>1176</ele>
</trkpt>
<trkpt lat="33.791271944444446" lon="133.27915194444444">
<ele>1181</ele>
</trkpt>
<trkpt lat="33.79120611111111" lon="133.27945194444445">
<ele>1184</ele>
</trkpt>
<trkpt lat="33.79112305555556" lon="133.27957694444444">
<ele>1182</ele>
</trkpt>
<trkpt lat="33.79098111111111" lon="133.27962694444443">
<ele>1186</ele>
</trkpt>
<trkpt lat="33.790823055555556" lon="133.27957694444444">
<ele>1186</ele>
</trkpt>
<trkpt lat="33.79071388888889" lon="133.27944">
<ele>1198</ele>
</trkpt>
<trkpt lat="33.79058888888889" lon="133.27905194444443">
<ele>1202</ele>
</trkpt>
<trkpt lat="33.79052305555555" lon="133.27899">
<ele>1199</ele>
</trkpt>
<trkpt lat="33.79027305555555" lon="133.27885194444445">
<ele>1205</ele>
</trkpt>
<trkpt lat="33.790213888888886" lon="133.27877694444445">
<ele>1205</ele>
</trkpt>
<trkpt lat="33.79010611111111" lon="133.27855194444444">
<ele>1209</ele>
</trkpt>
<trkpt lat="33.79000611111111" lon="133.27852694444445">
<ele>1209</ele>
</trkpt>
<trkpt lat="33.78973888888889" lon="133.27852694444445">
<ele>1213</ele>
</trkpt>
<trkpt lat="33.789673055555554" lon="133.27845305555556">
<ele>1213</ele>
</trkpt>
<trkpt lat="33.789546944444446" lon="133.27805305555555">
<ele>1216</ele>
</trkpt>
<trkpt lat="33.78946388888889" lon="133.27795305555554">
<ele>1219</ele>
</trkpt>
<trkpt lat="33.78922305555555" lon="133.27782805555555">
<ele>1227</ele>
</trkpt>
<trkpt lat="33.789006111111114" lon="133.277615">
<ele>1229</ele>
</trkpt>
<trkpt lat="33.78885611111111" lon="133.27762694444445">
<ele>1227</ele>
</trkpt>
<trkpt lat="33.788646944444444" lon="133.27777694444444">
<ele>1237</ele>
</trkpt>
<trkpt lat="33.78835611111111" lon="133.27799">
<ele>1235</ele>
</trkpt>
<trkpt lat="33.78807305555556" lon="133.27799">
<ele>1249</ele>
</trkpt>
<trkpt lat="33.78803888888889" lon="133.27805305555555">
<ele>1246</ele>
</trkpt>
<trkpt lat="33.78803888888889" lon="133.27815305555555">
<ele>1243</ele>
</trkpt>
<trkpt lat="33.788223055555555" lon="133.278515">
<ele>1239</ele>
</trkpt>
<trkpt lat="33.788223055555555" lon="133.27865194444445">
<ele>1240</ele>
</trkpt>
<trkpt lat="33.788156111111114" lon="133.27870305555555">
<ele>1243</ele>
</trkpt>
<trkpt lat="33.78798111111111" lon="133.278765">
<ele>1247</ele>
</trkpt>
<trkpt lat="33.78793888888889" lon="133.27887694444445">
<ele>1250</ele>
</trkpt>
<trkpt lat="33.787996944444444" lon="133.27915305555555">
<ele>1254</ele>
</trkpt>
<trkpt lat="33.788046944444446" lon="133.279515">
<ele>1253</ele>
</trkpt>
<trkpt lat="33.78817305555555" lon="133.27964">
<ele>1252</ele>
</trkpt>
<trkpt lat="33.78825611111111" lon="133.27972805555555">
<ele>1252</ele>
</trkpt>
<trkpt lat="33.78829694444445" lon="133.27989">
<ele>1253</ele>
</trkpt>
<trkpt lat="33.78829694444445" lon="133.28037694444444">
<ele>1253</ele>
</trkpt>
<trkpt lat="33.78825611111111" lon="133.28050194444444">
<ele>1253</ele>
</trkpt>
<trkpt lat="33.78812305555556" lon="133.28067694444445">
<ele>1252</ele>
</trkpt>
<trkpt lat="33.788088888888886" lon="133.28080194444445">
<ele>1255</ele>
</trkpt>
<trkpt lat="33.78809805555556" lon="133.28109">
<ele>1254</ele>
</trkpt>
<trkpt lat="33.78803111111111" lon="133.28122694444446">
<ele>1251</ele>
</trkpt>
<trkpt lat="33.78788111111111" lon="133.28124">
<ele>1253</ele>
</trkpt>
<trkpt lat="33.78740611111111" lon="133.28110194444446">
<ele>1257</ele>
</trkpt>
<trkpt lat="33.78720611111111" lon="133.28107694444444">
<ele>1257</ele>
</trkpt>
<trkpt lat="33.78705611111111" lon="133.28109">
<ele>1258</ele>
</trkpt>
<trkpt lat="33.78691388888889" lon="133.28119">
<ele>1254</ele>
</trkpt>
<trkpt lat="33.78679805555556" lon="133.281165">
<ele>1254</ele>
</trkpt>
<trkpt lat="33.78679805555556" lon="133.28084">
<ele>1259</ele>
</trkpt>
<trkpt lat="33.786723055555555" lon="133.28069">
<ele>1257</ele>
</trkpt>
<trkpt lat="33.78653888888889" lon="133.28057694444445">
<ele>1254</ele>
</trkpt>
<trkpt lat="33.78637305555556" lon="133.28050194444444">
<ele>1256</ele>
</trkpt>
<trkpt lat="33.78614805555556" lon="133.28027694444444">
<ele>1265</ele>
</trkpt>
<trkpt lat="33.78602305555555" lon="133.28012694444445">
<ele>1266</ele>
</trkpt>
<trkpt lat="33.78592305555556" lon="133.280065">
<ele>1267</ele>
</trkpt>
<trkpt lat="33.785713888888885" lon="133.28004">
<ele>1271</ele>
</trkpt>
<trkpt lat="33.785581111111114" lon="133.27995305555555">
<ele>1275</ele>
</trkpt>
<trkpt lat="33.78538888888889" lon="133.27952805555555">
<ele>1278</ele>
</trkpt>
<trkpt lat="33.785248055555556" lon="133.27910305555557">
<ele>1289</ele>
</trkpt>
<trkpt lat="33.78516388888889" lon="133.27900194444445">
<ele>1287</ele>
</trkpt>
<trkpt lat="33.78501388888889" lon="133.27900194444445">
<ele>1284</ele>
</trkpt>
<trkpt lat="33.78488111111111" lon="133.279065">
<ele>1288</ele>
</trkpt>
<trkpt lat="33.78464805555556" lon="133.27930305555554">
<ele>1286</ele>
</trkpt>
<trkpt lat="33.784531111111114" lon="133.27937805555555">
<ele>1285</ele>
</trkpt>
<trkpt lat="33.784106111111115" lon="133.27960305555555">
<ele>1296</ele>
</trkpt>
<trkpt lat="33.783948055555555" lon="133.27964">
<ele>1297</ele>
</trkpt>
<trkpt lat="33.78357305555556" lon="133.27960305555555">
<ele>1296</ele>
</trkpt>
<trkpt lat="33.783323055555556" lon="133.27949">
<ele>1304</ele>
</trkpt>
<trkpt lat="33.78317305555556" lon="133.27934">
<ele>1304</ele>
</trkpt>
<trkpt lat="33.78317305555556" lon="133.27912805555556">
<ele>1306</ele>
</trkpt>
<trkpt lat="33.783215" lon="133.27870305555555">
<ele>1303</ele>
</trkpt>
<trkpt lat="33.783365" lon="133.278465">
<ele>1306</ele>
</trkpt>
<trkpt lat="33.78353111111111" lon="133.278315">
<ele>1305</ele>
</trkpt>
<trkpt lat="33.78360611111111" lon="133.27820305555557">
<ele>1312</ele>
</trkpt>
<trkpt lat="33.783748055555556" lon="133.27799">
<ele>1314</ele>
</trkpt>
<trkpt lat="33.78384805555555" lon="133.277865">
<ele>1313</ele>
</trkpt>
<trkpt lat="33.78404" lon="133.27777694444444">
<ele>1314</ele>
</trkpt>
<trkpt lat="33.784373055555555" lon="133.277715">
<ele>1322</ele>
</trkpt>
<trkpt lat="33.784598055555556" lon="133.27764">
<ele>1324</ele>
</trkpt>
<trkpt lat="33.78470611111111" lon="133.27752694444445">
<ele>1325</ele>
</trkpt>
<trkpt lat="33.78485611111111" lon="133.27732805555556">
<ele>1331</ele>
</trkpt>
<trkpt lat="33.78500611111111" lon="133.27720305555556">
<ele>1332</ele>
</trkpt>
<trkpt lat="33.785156111111114" lon="133.277165">
<ele>1333</ele>
</trkpt>
<trkpt lat="33.785381111111114" lon="133.27715305555554">
<ele>1338</ele>
</trkpt>
<trkpt lat="33.785473055555556" lon="133.277015">
<ele>1345</ele>
</trkpt>
<trkpt lat="33.78555611111111" lon="133.27675305555556">
<ele>1345</ele>
</trkpt>
<trkpt lat="33.78576388888889" lon="133.27660305555557">
<ele>1352</ele>
</trkpt>
<trkpt lat="33.786031111111114" lon="133.27585305555556">
<ele>1359</ele>
</trkpt>
<trkpt lat="33.78630611111111" lon="133.27549">
<ele>1366</ele>
</trkpt>
<trkpt lat="33.78631388888889" lon="133.27535305555554">
<ele>1366</ele>
</trkpt>
<trkpt lat="33.78622305555555" lon="133.27507805555555">
<ele>1368</ele>
</trkpt>
<trkpt lat="33.78620611111111" lon="133.274915">
<ele>1364</ele>
</trkpt>
<trkpt lat="33.78618888888889" lon="133.274765">
<ele>1370</ele>
</trkpt>
<trkpt lat="33.78625611111111" lon="133.27454">
<ele>1376</ele>
</trkpt>
<trkpt lat="33.786273055555554" lon="133.2743911111111">
<ele>1376</ele>
</trkpt>
<trkpt lat="33.78620611111111" lon="133.27421611111112">
<ele>1375</ele>
</trkpt>
<trkpt lat="33.78618111111111" lon="133.27405305555556">
<ele>1377</ele>
</trkpt>
<trkpt lat="33.78611388888889" lon="133.27397805555555">
<ele>1381</ele>
</trkpt>
<trkpt lat="33.78599805555555" lon="133.27397805555555">
<ele>1382</ele>
</trkpt>
<trkpt lat="33.78599805555555" lon="133.27397805555555">
<ele>1382</ele>
</trkpt>
<trkpt lat="33.78573111111111" lon="133.27397805555555">
<ele>1385</ele>
</trkpt>
<trkpt lat="33.78557305555555" lon="133.27392805555556">
<ele>1384</ele>
</trkpt>
<trkpt lat="33.785448055555555" lon="133.2738161111111">
<ele>1385</ele>
</trkpt>
<trkpt lat="33.78525611111111" lon="133.27361611111112">
<ele>1385</ele>
</trkpt>
<trkpt lat="33.78516388888889" lon="133.27341611111112">
<ele>1384</ele>
</trkpt>
<trkpt lat="33.78517305555555" lon="133.2723161111111">
<ele>1395</ele>
</trkpt>
<trkpt lat="33.78510611111111" lon="133.27226611111112">
<ele>1396</ele>
</trkpt>
<trkpt lat="33.78494805555555" lon="133.27226611111112">
<ele>1396</ele>
</trkpt>
<trkpt lat="33.78468111111111" lon="133.27235305555556">
<ele>1393</ele>
</trkpt>
<trkpt lat="33.784531111111114" lon="133.2723411111111">
<ele>1393</ele>
</trkpt>
<trkpt lat="33.78443111111111" lon="133.27229111111112">
<ele>1395</ele>
</trkpt>
<trkpt lat="33.784306111111114" lon="133.2721911111111">
<ele>1395</ele>
</trkpt>
<trkpt lat="33.784148055555555" lon="133.27194111111112">
<ele>1398</ele>
</trkpt>
<trkpt lat="33.78403888888889" lon="133.27184111111112">
<ele>1397</ele>
</trkpt>
<trkpt lat="33.78383111111111" lon="133.27170305555555">
<ele>1404</ele>
</trkpt>
<trkpt lat="33.78367305555555" lon="133.27152805555556">
<ele>1405</ele>
</trkpt>
<trkpt lat="33.78361388888889" lon="133.27137805555554">
<ele>1403</ele>
</trkpt>
<trkpt lat="33.78362305555556" lon="133.2710911111111">
<ele>1403</ele>
</trkpt>
<trkpt lat="33.783698055555554" lon="133.2707411111111">
<ele>1406</ele>
</trkpt>
<trkpt lat="33.783698055555554" lon="133.27050305555557">
<ele>1407</ele>
</trkpt>
<trkpt lat="33.783656111111114" lon="133.2703161111111">
<ele>1405</ele>
</trkpt>
<trkpt lat="33.78339805555556" lon="133.2695911111111">
<ele>1404</ele>
</trkpt>
<trkpt lat="33.783363888888886" lon="133.2694161111111">
<ele>1404</ele>
</trkpt>
<trkpt lat="33.78339805555556" lon="133.26930305555555">
<ele>1402</ele>
</trkpt>
<trkpt lat="33.783498055555555" lon="133.2692411111111">
<ele>1403</ele>
</trkpt>
<trkpt lat="33.78363888888889" lon="133.2692411111111">
<ele>1404</ele>
</trkpt>
<trkpt lat="33.78461388888889" lon="133.26925305555557">
<ele>1415</ele>
</trkpt>
<trkpt lat="33.78470611111111" lon="133.26921611111112">
<ele>1415</ele>
</trkpt>
<trkpt lat="33.78472305555555" lon="133.26905305555556">
<ele>1415</ele>
</trkpt>
<trkpt lat="33.78468888888889" lon="133.26880305555557">
<ele>1415</ele>
</trkpt>
<trkpt lat="33.78469805555556" lon="133.2686161111111">
<ele>1415</ele>
</trkpt>
<trkpt lat="33.78473888888889" lon="133.26845305555557">
<ele>1415</ele>
</trkpt>
<trkpt lat="33.78470611111111" lon="133.26830305555555">
<ele>1417</ele>
</trkpt>
<trkpt lat="33.784548055555554" lon="133.26802805555556">
<ele>1413</ele>
</trkpt>
<trkpt lat="33.78446388888889" lon="133.26782805555555">
<ele>1416</ele>
</trkpt>
<trkpt lat="33.78440611111111" lon="133.2675788888889">
<ele>1414</ele>
</trkpt>
<trkpt lat="33.78443111111111" lon="133.26729111111112">
<ele>1414</ele>
</trkpt>
<trkpt lat="33.78447305555556" lon="133.2671038888889">
<ele>1415</ele>
</trkpt>
<trkpt lat="33.78463111111111" lon="133.2666538888889">
<ele>1415</ele>
</trkpt>
<trkpt lat="33.785473055555556" lon="133.2650661111111">
<ele>1543</ele>
</trkpt>
<trkpt lat="33.78602194444444" lon="133.26399111111112">
<ele>1430</ele>
</trkpt>
<trkpt lat="33.78618888888889" lon="133.2637288888889">
<ele>1412</ele>
</trkpt>
<trkpt lat="33.78631388888889" lon="133.26331611111112">
<ele>1403</ele>
</trkpt>
<trkpt lat="33.78633111111111" lon="133.2631911111111">
<ele>1403</ele>
</trkpt>
<trkpt lat="33.78633888888889" lon="133.26289111111112">
<ele>1407</ele>
</trkpt>
<trkpt lat="33.78643111111111" lon="133.26264111111112">
<ele>1405</ele>
</trkpt>
<trkpt lat="33.78659694444445" lon="133.2623288888889">
<ele>1407</ele>
</trkpt>
<trkpt lat="33.78663888888889" lon="133.2621288888889">
<ele>1407</ele>
</trkpt>
<trkpt lat="33.78666388888889" lon="133.2618788888889">
<ele>1412</ele>
</trkpt>
<trkpt lat="33.786788888888886" lon="133.2612288888889">
<ele>1418</ele>
</trkpt>
<trkpt lat="33.78689694444444" lon="133.26109194444444">
<ele>1412</ele>
</trkpt>
<trkpt lat="33.78704694444444" lon="133.2611038888889">
<ele>1412</ele>
</trkpt>
<trkpt lat="33.78755611111111" lon="133.2614411111111">
<ele>1414</ele>
</trkpt>
<trkpt lat="33.78769694444444" lon="133.2614538888889">
<ele>1416</ele>
</trkpt>
<trkpt lat="33.787846944444446" lon="133.26141611111112">
<ele>1414</ele>
</trkpt>
<trkpt lat="33.78839694444444" lon="133.26107888888887">
<ele>1413</ele>
</trkpt>
<trkpt lat="33.78898888888889" lon="133.2609038888889">
<ele>1415</ele>
</trkpt>
<trkpt lat="33.789121944444446" lon="133.26086694444444">
<ele>1417</ele>
</trkpt>
<trkpt lat="33.78919694444444" lon="133.2606788888889">
<ele>1414</ele>
</trkpt>
<trkpt lat="33.789355" lon="133.26037888888888">
<ele>1415</ele>
</trkpt>
<trkpt lat="33.78953" lon="133.26021694444444">
<ele>1411</ele>
</trkpt>
<trkpt lat="33.789855" lon="133.2601038888889">
<ele>1413</ele>
</trkpt>
<trkpt lat="33.79008805555556" lon="133.25986694444444">
<ele>1412</ele>
</trkpt>
<trkpt lat="33.79029694444444" lon="133.25976694444444">
<ele>1413</ele>
</trkpt>
<trkpt lat="33.79042194444445" lon="133.2597288888889">
<ele>1415</ele>
</trkpt>
<trkpt lat="33.790463055555556" lon="133.25959194444445">
<ele>1418</ele>
</trkpt>
<trkpt lat="33.79038805555555" lon="133.25936694444445">
<ele>1414</ele>
</trkpt>
<trkpt lat="33.79036305555555" lon="133.25891694444445">
<ele>1416</ele>
</trkpt>
<trkpt lat="33.79036305555555" lon="133.25864194444443">
<ele>1415</ele>
</trkpt>
<trkpt lat="33.790455" lon="133.25849194444444">
<ele>1415</ele>
</trkpt>
<trkpt lat="33.79076305555556" lon="133.25821694444446">
<ele>1424</ele>
</trkpt>
<trkpt lat="33.790821944444446" lon="133.2580788888889">
<ele>1426</ele>
</trkpt>
<trkpt lat="33.79078805555555" lon="133.25791694444445">
<ele>1427</ele>
</trkpt>
<trkpt lat="33.79071305555556" lon="133.25766694444445">
<ele>1428</ele>
</trkpt>
<trkpt lat="33.790621944444446" lon="133.2574788888889">
<ele>1435</ele>
</trkpt>
<trkpt lat="33.79053" lon="133.25739194444444">
<ele>1436</ele>
</trkpt>
<trkpt lat="33.790305" lon="133.25730388888888">
<ele>1444</ele>
</trkpt>
<trkpt lat="33.789921944444444" lon="133.25696694444446">
<ele>1446</ele>
</trkpt>
<trkpt lat="33.78948" lon="133.25641694444445">
<ele>1454</ele>
</trkpt>
<trkpt lat="33.78944694444444" lon="133.25629194444446">
<ele>1455</ele>
</trkpt>
<trkpt lat="33.789496944444444" lon="133.25609194444445">
<ele>1456</ele>
</trkpt>
<trkpt lat="33.789496944444444" lon="133.25595388888888">
<ele>1457</ele>
</trkpt>
<trkpt lat="33.789413055555556" lon="133.25539194444445">
<ele>1455</ele>
</trkpt>
<trkpt lat="33.78942194444444" lon="133.25493">
<ele>1453</ele>
</trkpt>
<trkpt lat="33.789455" lon="133.254505">
<ele>1457</ele>
</trkpt>
<trkpt lat="33.789455" lon="133.25433">
<ele>1458</ele>
</trkpt>
<trkpt lat="33.789413055555556" lon="133.254105">
<ele>1454</ele>
</trkpt>
<trkpt lat="33.78924694444444" lon="133.25363">
<ele>1458</ele>
</trkpt>
<trkpt lat="33.789155" lon="133.25354194444444">
<ele>1458</ele>
</trkpt>
<trkpt lat="33.78904694444444" lon="133.25354194444444">
<ele>1458</ele>
</trkpt>
<trkpt lat="33.78886305555555" lon="133.25371694444445">
<ele>1453</ele>
</trkpt>
<trkpt lat="33.78873" lon="133.25371694444445">
<ele>1454</ele>
</trkpt>
<trkpt lat="33.78858" lon="133.25366694444443">
<ele>1454</ele>
</trkpt>
<trkpt lat="33.78836305555556" lon="133.25351694444444">
<ele>1456</ele>
</trkpt>
<trkpt lat="33.788255" lon="133.25334194444446">
<ele>1462</ele>
</trkpt>
<trkpt lat="33.78823805555555" lon="133.25306694444444">
<ele>1468</ele>
</trkpt>
<trkpt lat="33.78798888888889" lon="133.2525938888889">
<ele>1466</ele>
</trkpt>
<trkpt lat="33.78798888888889" lon="133.2525938888889">
<ele>1466</ele>
</trkpt>
<trkpt lat="33.78754694444444" lon="133.251755">
<ele>1463</ele>
</trkpt>
<trkpt lat="33.787463055555556" lon="133.25148">
<ele>1467</ele>
</trkpt>
<trkpt lat="33.787355" lon="133.25143">
<ele>1467</ele>
</trkpt>
<trkpt lat="33.787238888888886" lon="133.25144194444445">
<ele>1467</ele>
</trkpt>
<trkpt lat="33.78668888888889" lon="133.251655">
<ele>1465</ele>
</trkpt>
<trkpt lat="33.785896944444445" lon="133.25204194444444">
<ele>1469</ele>
</trkpt>
<trkpt lat="33.785705" lon="133.25211694444445">
<ele>1462</ele>
</trkpt>
<trkpt lat="33.78557194444444" lon="133.25208">
<ele>1466</ele>
</trkpt>
<trkpt lat="33.78548111111111" lon="133.25201694444445">
<ele>1464</ele>
</trkpt>
<trkpt lat="33.78539694444444" lon="133.251605">
<ele>1465</ele>
</trkpt>
<trkpt lat="33.78529694444445" lon="133.25151694444443">
<ele>1467</ele>
</trkpt>
<trkpt lat="33.78518888888889" lon="133.25148">
<ele>1465</ele>
</trkpt>
<trkpt lat="33.78498111111111" lon="133.25143">
<ele>1465</ele>
</trkpt>
<trkpt lat="33.78487194444445" lon="133.25133">
<ele>1468</ele>
</trkpt>
<trkpt lat="33.784771944444444" lon="133.25116805555555">
<ele>1471</ele>
</trkpt>
<trkpt lat="33.784621944444446" lon="133.25069305555556">
<ele>1475</ele>
</trkpt>
<trkpt lat="33.78455611111111" lon="133.25061805555555">
<ele>1474</ele>
</trkpt>
<trkpt lat="33.784013888888886" lon="133.25024194444444">
<ele>1477</ele>
</trkpt>
<trkpt lat="33.78389694444444" lon="133.25023">
<ele>1475</ele>
</trkpt>
<trkpt lat="33.78362194444444" lon="133.25026694444443">
<ele>1475</ele>
</trkpt>
<trkpt lat="33.78325611111111" lon="133.25026694444443">
<ele>1483</ele>
</trkpt>
<trkpt lat="33.783048055555554" lon="133.25023">
<ele>1482</ele>
</trkpt>
<trkpt lat="33.78296388888889" lon="133.25019194444445">
<ele>1485</ele>
</trkpt>
<trkpt lat="33.78283888888889" lon="133.25008">
<ele>1487</ele>
</trkpt>
<trkpt lat="33.78254694444445" lon="133.24989194444444">
<ele>1488</ele>
</trkpt>
<trkpt lat="33.782496944444446" lon="133.24979305555556">
<ele>1488</ele>
</trkpt>
<trkpt lat="33.78253111111111" lon="133.24959305555555">
<ele>1485</ele>
</trkpt>
<trkpt lat="33.78278888888889" lon="133.24938">
<ele>1488</ele>
</trkpt>
<trkpt lat="33.78291388888889" lon="133.24918">
<ele>1495</ele>
</trkpt>
<trkpt lat="33.783031111111114" lon="133.24886694444444">
<ele>1495</ele>
</trkpt>
<trkpt lat="33.78306388888889" lon="133.24873">
<ele>1493</ele>
</trkpt>
<trkpt lat="33.78339694444445" lon="133.24838">
<ele>1505</ele>
</trkpt>
<trkpt lat="33.78343888888889" lon="133.24821805555555">
<ele>1503</ele>
</trkpt>
<trkpt lat="33.78347194444444" lon="133.24794305555557">
<ele>1504</ele>
</trkpt>
<trkpt lat="33.783546944444446" lon="133.247855">
<ele>1502</ele>
</trkpt>
<trkpt lat="33.78363111111111" lon="133.24781805555557">
<ele>1505</ele>
</trkpt>
<trkpt lat="33.78375611111111" lon="133.24781805555557">
<ele>1510</ele>
</trkpt>
<trkpt lat="33.78405611111111" lon="133.247905">
<ele>1516</ele>
</trkpt>
<trkpt lat="33.78416388888889" lon="133.247905">
<ele>1518</ele>
</trkpt>
<trkpt lat="33.784655" lon="133.24758">
<ele>1523</ele>
</trkpt>
<trkpt lat="33.784863888888886" lon="133.24741805555556">
<ele>1523</ele>
</trkpt>
<trkpt lat="33.785105" lon="133.24714305555557">
<ele>1525</ele>
</trkpt>
<trkpt lat="33.78513888888889" lon="133.24708">
<ele>1527</ele>
</trkpt>
<trkpt lat="33.78514694444444" lon="133.24694305555556">
<ele>1526</ele>
</trkpt>
<trkpt lat="33.78523888888889" lon="133.24666805555555">
<ele>1527</ele>
</trkpt>
<trkpt lat="33.785446944444445" lon="133.246255">
<ele>1528</ele>
</trkpt>
<trkpt lat="33.78553" lon="133.24604305555556">
<ele>1525</ele>
</trkpt>
<trkpt lat="33.78563" lon="133.24579305555557">
<ele>1527</ele>
</trkpt>
<trkpt lat="33.78606305555556" lon="133.24544305555557">
<ele>1535</ele>
</trkpt>
<trkpt lat="33.786205" lon="133.24529305555555">
<ele>1537</ele>
</trkpt>
<trkpt lat="33.786305" lon="133.2451561111111">
<ele>1543</ele>
</trkpt>
<trkpt lat="33.786321944444445" lon="133.2450561111111">
<ele>1544</ele>
</trkpt>
<trkpt lat="33.786255" lon="133.24491805555556">
<ele>1546</ele>
</trkpt>
<trkpt lat="33.78604694444444" lon="133.24466805555556">
<ele>1544</ele>
</trkpt>
<trkpt lat="33.785896944444445" lon="133.24440611111112">
<ele>1547</ele>
</trkpt>
<trkpt lat="33.78557194444444" lon="133.24399305555556">
<ele>1547</ele>
</trkpt>
<trkpt lat="33.785421944444444" lon="133.24373111111112">
<ele>1543</ele>
</trkpt>
<trkpt lat="33.78528" lon="133.24341805555557">
<ele>1546</ele>
</trkpt>
<trkpt lat="33.785246944444445" lon="133.24338111111112">
<ele>1546</ele>
</trkpt>
<trkpt lat="33.785088888888886" lon="133.24314305555555">
<ele>1543</ele>
</trkpt>
<trkpt lat="33.78487194444445" lon="133.2425561111111">
<ele>1542</ele>
</trkpt>
<trkpt lat="33.78474694444444" lon="133.2422811111111">
<ele>1544</ele>
</trkpt>
<trkpt lat="33.784666944444446" lon="133.2421238888889">
<ele>1545</ele>
</trkpt>
<trkpt lat="33.784666944444446" lon="133.2421238888889">
<ele>1545</ele>
</trkpt>
<trkpt lat="33.78447194444445" lon="133.24174305555556">
<ele>1547</ele>
</trkpt>
<trkpt lat="33.78433" lon="133.2415311111111">
<ele>1544</ele>
</trkpt>
<trkpt lat="33.784171944444445" lon="133.2414061111111">
<ele>1545</ele>
</trkpt>
<trkpt lat="33.78366388888889" lon="133.24116805555556">
<ele>1543</ele>
</trkpt>
<trkpt lat="33.783521944444445" lon="133.2410561111111">
<ele>1543</ele>
</trkpt>
<trkpt lat="33.78337194444445" lon="133.2408061111111">
<ele>1544</ele>
</trkpt>
<trkpt lat="33.78328888888889" lon="133.24068111111112">
<ele>1543</ele>
</trkpt>
<trkpt lat="33.783121944444446" lon="133.24051805555555">
<ele>1546</ele>
</trkpt>
<trkpt lat="33.78293111111111" lon="133.24024305555557">
<ele>1545</ele>
</trkpt>
<trkpt lat="33.78263111111111" lon="133.2399061111111">
<ele>1544</ele>
</trkpt>
<trkpt lat="33.78253888888889" lon="133.23988111111112">
<ele>1547</ele>
</trkpt>
<trkpt lat="33.78237194444444" lon="133.23989305555557">
<ele>1543</ele>
</trkpt>
<trkpt lat="33.781956111111114" lon="133.2400561111111">
<ele>1544</ele>
</trkpt>
<trkpt lat="33.781796944444444" lon="133.24010611111112">
<ele>1544</ele>
</trkpt>
<trkpt lat="33.78170611111111" lon="133.24009305555555">
<ele>1544</ele>
</trkpt>
<trkpt lat="33.78133111111111" lon="133.23985611111112">
<ele>1544</ele>
</trkpt>
<trkpt lat="33.78087305555555" lon="133.23941805555555">
<ele>1546</ele>
</trkpt>
<trkpt lat="33.78080611111111" lon="133.23936805555556">
<ele>1546</ele>
</trkpt>
<trkpt lat="33.780746944444445" lon="133.2393561111111">
<ele>1544</ele>
</trkpt>
<trkpt lat="33.78030611111111" lon="133.23930611111112">
<ele>1543</ele>
</trkpt>
<trkpt lat="33.78023888888889" lon="133.23926805555556">
<ele>1543</ele>
</trkpt>
<trkpt lat="33.78019694444444" lon="133.23918111111112">
<ele>1543</ele>
</trkpt>
<trkpt lat="33.78021388888889" lon="133.23908111111112">
<ele>1542</ele>
</trkpt>
<trkpt lat="33.78037194444445" lon="133.23869305555556">
<ele>1547</ele>
</trkpt>
<trkpt lat="33.780388888888886" lon="133.23859305555555">
<ele>1546</ele>
</trkpt>
<trkpt lat="33.78040611111111" lon="133.23836805555555">
<ele>1545</ele>
</trkpt>
<trkpt lat="33.78038111111111" lon="133.23770611111112">
<ele>1555</ele>
</trkpt>
<trkpt lat="33.78043888888889" lon="133.2375311111111">
<ele>1552</ele>
</trkpt>
<trkpt lat="33.78053888888889" lon="133.2373561111111">
<ele>1554</ele>
</trkpt>
<trkpt lat="33.78058111111111" lon="133.23728111111112">
<ele>1557</ele>
</trkpt>
<trkpt lat="33.78063888888889" lon="133.23691805555555">
<ele>1563</ele>
</trkpt>
<trkpt lat="33.78073888888889" lon="133.23659305555555">
<ele>1565</ele>
</trkpt>
<trkpt lat="33.78084805555556" lon="133.23624305555555">
<ele>1570</ele>
</trkpt>
<trkpt lat="33.78088888888889" lon="133.2360811111111">
<ele>1573</ele>
</trkpt>
<trkpt lat="33.78100611111111" lon="133.2357061111111">
<ele>1571</ele>
</trkpt>
<trkpt lat="33.78102194444445" lon="133.2356561111111">
<ele>1563</ele>
</trkpt>
<trkpt lat="33.78144694444445" lon="133.2350811111111">
<ele>1586</ele>
</trkpt>
<trkpt lat="33.78149694444444" lon="133.2349438888889">
<ele>1579</ele>
</trkpt>
<trkpt lat="33.78129694444444" lon="133.2344938888889">
<ele>1573</ele>
</trkpt>
<trkpt lat="33.78131388888889" lon="133.2342811111111">
<ele>1572</ele>
</trkpt>
<trkpt lat="33.78147194444445" lon="133.2340311111111">
<ele>1576</ele>
</trkpt>
<trkpt lat="33.78185611111111" lon="133.2335811111111">
<ele>1584</ele>
</trkpt>
<trkpt lat="33.78223111111111" lon="133.2330188888889">
<ele>1587</ele>
</trkpt>
<trkpt lat="33.78229694444445" lon="133.23298111111112">
<ele>1583</ele>
</trkpt>
<trkpt lat="33.78273" lon="133.2329311111111">
<ele>1595</ele>
</trkpt>
<trkpt lat="33.78282194444444" lon="133.2328688888889">
<ele>1595</ele>
</trkpt>
<trkpt lat="33.78308888888889" lon="133.2325811111111">
<ele>1595</ele>
</trkpt>
<trkpt lat="33.78343888888889" lon="133.23228111111112">
<ele>1603</ele>
</trkpt>
<trkpt lat="33.78348888888889" lon="133.23218111111112">
<ele>1606</ele>
</trkpt>
<trkpt lat="33.783496944444444" lon="133.23193111111112">
<ele>1605</ele>
</trkpt>
<trkpt lat="33.783555" lon="133.23138111111112">
<ele>1602</ele>
</trkpt>
<trkpt lat="33.78363" lon="133.23083111111112">
<ele>1605</ele>
</trkpt>
<trkpt lat="33.78363888888889" lon="133.2306438888889">
<ele>1602</ele>
</trkpt>
<trkpt lat="33.78353" lon="133.2300811111111">
<ele>1594</ele>
</trkpt>
<trkpt lat="33.78331388888889" lon="133.2293061111111">
<ele>1600</ele>
</trkpt>
<trkpt lat="33.78266388888889" lon="133.22633194444444">
<ele>1621</ele>
</trkpt>
<trkpt lat="33.78253" lon="133.22593194444445">
<ele>1623</ele>
</trkpt>
<trkpt lat="33.782471944444445" lon="133.2257938888889">
<ele>1624</ele>
</trkpt>
<trkpt lat="33.78238888888889" lon="133.22569388888888">
<ele>1624</ele>
</trkpt>
<trkpt lat="33.782271944444446" lon="133.22560694444445">
<ele>1624</ele>
</trkpt>
<trkpt lat="33.781846944444446" lon="133.2254188888889">
<ele>1617</ele>
</trkpt>
<trkpt lat="33.78174694444444" lon="133.22535694444446">
<ele>1615</ele>
</trkpt>
<trkpt lat="33.78168888888889" lon="133.2253188888889">
<ele>1617</ele>
</trkpt>
<trkpt lat="33.78149694444444" lon="133.22508194444444">
<ele>1608</ele>
</trkpt>
<trkpt lat="33.781438888888886" lon="133.22500694444443">
<ele>1603</ele>
</trkpt>
<trkpt lat="33.781355" lon="133.22495694444444">
<ele>1607</ele>
</trkpt>
<trkpt lat="33.78071388888889" lon="133.2246438888889">
<ele>1598</ele>
</trkpt>
<trkpt lat="33.77995611111111" lon="133.22436888888888">
<ele>1595</ele>
</trkpt>
<trkpt lat="33.77976388888889" lon="133.2242688888889">
<ele>1594</ele>
</trkpt>
<trkpt lat="33.77962194444444" lon="133.2240938888889">
<ele>1596</ele>
</trkpt>
<trkpt lat="33.77956388888889" lon="133.22388194444446">
<ele>1599</ele>
</trkpt>
<trkpt lat="33.77943111111111" lon="133.22321888888888">
<ele>1597</ele>
</trkpt>
<trkpt lat="33.77936388888889" lon="133.22300694444445">
<ele>1598</ele>
</trkpt>
<trkpt lat="33.77925611111111" lon="133.2228188888889">
<ele>1599</ele>
</trkpt>
<trkpt lat="33.77854694444444" lon="133.22208194444445">
<ele>1601</ele>
</trkpt>
<trkpt lat="33.778396944444445" lon="133.2217938888889">
<ele>1601</ele>
</trkpt>
<trkpt lat="33.778371944444444" lon="133.2215938888889">
<ele>1599</ele>
</trkpt>
<trkpt lat="33.77848888888889" lon="133.2213438888889">
<ele>1599</ele>
</trkpt>
<trkpt lat="33.77856388888889" lon="133.22115694444443">
<ele>1598</ele>
</trkpt>
<trkpt lat="33.778956111111114" lon="133.21950694444445">
<ele>1584</ele>
</trkpt>
<trkpt lat="33.77906388888889" lon="133.219145">
<ele>1585</ele>
</trkpt>
<trkpt lat="33.779271944444446" lon="133.218895">
<ele>1588</ele>
</trkpt>
<trkpt lat="33.779446944444445" lon="133.21875694444444">
<ele>1585</ele>
</trkpt>
<trkpt lat="33.77983888888889" lon="133.21857">
<ele>1586</ele>
</trkpt>
<trkpt lat="33.78013" lon="133.21838194444445">
<ele>1586</ele>
</trkpt>
<trkpt lat="33.78015805555555" lon="133.2183511111111">
<ele>1586</ele>
</trkpt>
<trkpt lat="33.78015805555555" lon="133.2183511111111">
<ele>1586</ele>
</trkpt>
<trkpt lat="33.780355" lon="133.21813194444445">
<ele>1587</ele>
</trkpt>
<trkpt lat="33.78071305555556" lon="133.21760694444444">
<ele>1585</ele>
</trkpt>
<trkpt lat="33.780771944444446" lon="133.217545">
<ele>1582</ele>
</trkpt>
<trkpt lat="33.78124694444445" lon="133.21735694444445">
<ele>1587</ele>
</trkpt>
<trkpt lat="33.781346944444444" lon="133.21725694444444">
<ele>1587</ele>
</trkpt>
<trkpt lat="33.781421944444446" lon="133.21712">
<ele>1585</ele>
</trkpt>
<trkpt lat="33.78158" lon="133.21660694444444">
<ele>1576</ele>
</trkpt>
<trkpt lat="33.78167194444445" lon="133.21638194444444">
<ele>1576</ele>
</trkpt>
<trkpt lat="33.781705" lon="133.21630694444445">
<ele>1574</ele>
</trkpt>
<trkpt lat="33.78176305555556" lon="133.21625694444444">
<ele>1574</ele>
</trkpt>
<trkpt lat="33.781863055555554" lon="133.21620694444445">
<ele>1572</ele>
</trkpt>
<trkpt lat="33.781955" lon="133.21620694444445">
<ele>1572</ele>
</trkpt>
<trkpt lat="33.782246111111114" lon="133.21622">
<ele>1574</ele>
</trkpt>
<trkpt lat="33.782355" lon="133.216195">
<ele>1576</ele>
</trkpt>
<trkpt lat="33.782488055555554" lon="133.21607">
<ele>1575</ele>
</trkpt>
<trkpt lat="33.782655" lon="133.21582">
<ele>1566</ele>
</trkpt>
<trkpt lat="33.782755" lon="133.21555694444444">
<ele>1566</ele>
</trkpt>
<trkpt lat="33.782805" lon="133.215295">
<ele>1564</ele>
</trkpt>
<trkpt lat="33.78286305555555" lon="133.215195">
<ele>1562</ele>
</trkpt>
<trkpt lat="33.782913055555554" lon="133.21517">
<ele>1565</ele>
</trkpt>
<trkpt lat="33.782988055555556" lon="133.21515694444443">
<ele>1565</ele>
</trkpt>
<trkpt lat="33.78328" lon="133.215195">
<ele>1563</ele>
</trkpt>
<trkpt lat="33.78357888888889" lon="133.21517">
<ele>1565</ele>
</trkpt>
<trkpt lat="33.78368805555556" lon="133.21513194444444">
<ele>1568</ele>
</trkpt>
<trkpt lat="33.78379611111111" lon="133.215045">
<ele>1569</ele>
</trkpt>
<trkpt lat="33.78389611111111" lon="133.215045">
<ele>1579</ele>
</trkpt>
<trkpt lat="33.78429611111111" lon="133.21507">
<ele>1574</ele>
</trkpt>
<trkpt lat="33.784663055555555" lon="133.21515694444443">
<ele>1575</ele>
</trkpt>
<trkpt lat="33.78477111111111" lon="133.21515694444443">
<ele>1575</ele>
</trkpt>
<trkpt lat="33.78496305555556" lon="133.21508194444445">
<ele>1573</ele>
</trkpt>
<trkpt lat="33.78521305555556" lon="133.214945">
<ele>1574</ele>
</trkpt>
<trkpt lat="33.78552888888889" lon="133.21472">
<ele>1574</ele>
</trkpt>
<trkpt lat="33.785761944444445" lon="133.21453194444445">
<ele>1574</ele>
</trkpt>
<trkpt lat="33.78608805555555" lon="133.21418194444445">
<ele>1583</ele>
</trkpt>
<trkpt lat="33.78626194444445" lon="133.21393194444445">
<ele>1586</ele>
</trkpt>
<trkpt lat="33.78630388888889" lon="133.21385694444444">
<ele>1583</ele>
</trkpt>
<trkpt lat="33.78653694444444" lon="133.21357">
<ele>1585</ele>
</trkpt>
<trkpt lat="33.78672888888889" lon="133.21330694444444">
<ele>1585</ele>
</trkpt>
<trkpt lat="33.78682888888889" lon="133.213195">
<ele>1591</ele>
</trkpt>
<trkpt lat="33.78722888888889" lon="133.212645">
<ele>1605</ele>
</trkpt>
<trkpt lat="33.78754611111111" lon="133.212395">
<ele>1604</ele>
</trkpt>
<trkpt lat="33.787621111111115" lon="133.21237">
<ele>1605</ele>
</trkpt>
<trkpt lat="33.788145" lon="133.212345">
<ele>1606</ele>
</trkpt>
<trkpt lat="33.78837" lon="133.212295">
<ele>1604</ele>
</trkpt>
<trkpt lat="33.788603888888886" lon="133.21217">
<ele>1604</ele>
</trkpt>
<trkpt lat="33.788803888888886" lon="133.21198194444443">
<ele>1603</ele>
</trkpt>
<trkpt lat="33.788936944444444" lon="133.21178194444445">
<ele>1602</ele>
</trkpt>
<trkpt lat="33.789045" lon="133.211495">
<ele>1607</ele>
</trkpt>
<trkpt lat="33.788986944444446" lon="133.21095694444443">
<ele>1602</ele>
</trkpt>
<trkpt lat="33.788986944444446" lon="133.20988305555557">
<ele>1611</ele>
</trkpt>
<trkpt lat="33.78887805555556" lon="133.20947">
<ele>1609</ele>
</trkpt>
<trkpt lat="33.78891194444444" lon="133.209195">
<ele>1613</ele>
</trkpt>
<trkpt lat="33.789211944444446" lon="133.208295">
<ele>1623</ele>
</trkpt>
<trkpt lat="33.78931194444444" lon="133.208095">
<ele>1622</ele>
</trkpt>
<trkpt lat="33.78942" lon="133.20802">
<ele>1624</ele>
</trkpt>
<trkpt lat="33.78967" lon="133.20805694444445">
<ele>1625</ele>
</trkpt>
<trkpt lat="33.78982805555555" lon="133.20807">
<ele>1625</ele>
</trkpt>
<trkpt lat="33.78996111111111" lon="133.20802">
<ele>1626</ele>
</trkpt>
<trkpt lat="33.79008611111111" lon="133.20790805555555">
<ele>1626</ele>
</trkpt>
<trkpt lat="33.79032" lon="133.20758305555555">
<ele>1625</ele>
</trkpt>
<trkpt lat="33.79040305555556" lon="133.207495">
<ele>1624</ele>
</trkpt>
<trkpt lat="33.79065305555556" lon="133.207345">
<ele>1624</ele>
</trkpt>
<trkpt lat="33.79076111111111" lon="133.20723305555555">
<ele>1624</ele>
</trkpt>
<trkpt lat="33.790895" lon="133.20693194444445">
<ele>1625</ele>
</trkpt>
<trkpt lat="33.790953055555555" lon="133.20683194444445">
<ele>1623</ele>
</trkpt>
<trkpt lat="33.79121111111111" lon="133.20667">
<ele>1626</ele>
</trkpt>
<trkpt lat="33.79130305555555" lon="133.20655805555555">
<ele>1627</ele>
</trkpt>
<trkpt lat="33.79136888888889" lon="133.206345">
<ele>1626</ele>
</trkpt>
<trkpt lat="33.79147805555556" lon="133.20595805555556">
<ele>1625</ele>
</trkpt>
<trkpt lat="33.79166111111111" lon="133.20560805555556">
<ele>1624</ele>
</trkpt>
<trkpt lat="33.79176888888889" lon="133.20530805555555">
<ele>1623</ele>
</trkpt>
<trkpt lat="33.791961111111114" lon="133.20498305555554">
<ele>1633</ele>
</trkpt>
<trkpt lat="33.792118888888886" lon="133.20467">
<ele>1636</ele>
</trkpt>
<trkpt lat="33.79236111111111" lon="133.20440805555555">
<ele>1637</ele>
</trkpt>
<trkpt lat="33.792478055555556" lon="133.204145">
<ele>1636</ele>
</trkpt>
<trkpt lat="33.79256111111111" lon="133.203945">
<ele>1632</ele>
</trkpt>
<trkpt lat="33.79263611111111" lon="133.203895">
<ele>1632</ele>
</trkpt>
<trkpt lat="33.79268611111111" lon="133.203895">
<ele>1633</ele>
</trkpt>
<trkpt lat="33.79289388888889" lon="133.20400805555556">
<ele>1636</ele>
</trkpt>
<trkpt lat="33.79299388888889" lon="133.20400805555556">
<ele>1636</ele>
</trkpt>
<trkpt lat="33.793078055555554" lon="133.20395805555555">
<ele>1634</ele>
</trkpt>
<trkpt lat="33.79322805555555" lon="133.20377">
<ele>1635</ele>
</trkpt>
<trkpt lat="33.79350194444444" lon="133.20325805555555">
<ele>1636</ele>
</trkpt>
<trkpt lat="33.79356111111111" lon="133.20298305555556">
<ele>1639</ele>
</trkpt>
<trkpt lat="33.79356111111111" lon="133.20223305555555">
<ele>1648</ele>
</trkpt>
<trkpt lat="33.793526944444444" lon="133.201895">
<ele>1644</ele>
</trkpt>
<trkpt lat="33.793461111111114" lon="133.20150805555556">
<ele>1647</ele>
</trkpt>
<trkpt lat="33.793461111111114" lon="133.201245">
<ele>1648</ele>
</trkpt>
<trkpt lat="33.79346888888889" lon="133.2004211111111">
<ele>1656</ele>
</trkpt>
<trkpt lat="33.79341" lon="133.1999211111111">
<ele>1654</ele>
</trkpt>
<trkpt lat="33.79341888888889" lon="133.19878305555557">
<ele>1654</ele>
</trkpt>
<trkpt lat="33.793551944444445" lon="133.1982461111111">
<ele>1656</ele>
</trkpt>
<trkpt lat="33.793551944444445" lon="133.19808305555554">
<ele>1656</ele>
</trkpt>
<trkpt lat="33.79350194444444" lon="133.1979211111111">
<ele>1657</ele>
</trkpt>
<trkpt lat="33.79331888888889" lon="133.19768305555556">
<ele>1655</ele>
</trkpt>
<trkpt lat="33.79306" lon="133.19753305555557">
<ele>1656</ele>
</trkpt>
<trkpt lat="33.79291" lon="133.1974711111111">
<ele>1654</ele>
</trkpt>
<trkpt lat="33.79257694444444" lon="133.19735805555555">
<ele>1654</ele>
</trkpt>
<trkpt lat="33.792451944444444" lon="133.1972211111111">
<ele>1656</ele>
</trkpt>
<trkpt lat="33.79242694444444" lon="133.19710805555556">
<ele>1654</ele>
</trkpt>
<trkpt lat="33.79239388888889" lon="133.1968461111111">
<ele>1656</ele>
</trkpt>
<trkpt lat="33.79235194444444" lon="133.1963961111111">
<ele>1663</ele>
</trkpt>
<trkpt lat="33.792318888888886" lon="133.19618305555557">
<ele>1664</ele>
</trkpt>
<trkpt lat="33.792235" lon="133.19589611111113">
<ele>1666</ele>
</trkpt>
<trkpt lat="33.79221" lon="133.19567111111112">
<ele>1663</ele>
</trkpt>
<trkpt lat="33.792185" lon="133.19535805555554">
<ele>1664</ele>
</trkpt>
<trkpt lat="33.79214388888889" lon="133.19510805555555">
<ele>1667</ele>
</trkpt>
<trkpt lat="33.792035" lon="133.1947461111111">
<ele>1666</ele>
</trkpt>
<trkpt lat="33.79192694444444" lon="133.1945088888889">
<ele>1665</ele>
</trkpt>
<trkpt lat="33.79186888888889" lon="133.1944211111111">
<ele>1666</ele>
</trkpt>
<trkpt lat="33.79183611111111" lon="133.1943961111111">
<ele>1666</ele>
</trkpt>
<trkpt lat="33.79175194444444" lon="133.1943838888889">
<ele>1666</ele>
</trkpt>
<trkpt lat="33.79167694444445" lon="133.1944088888889">
<ele>1666</ele>
</trkpt>
<trkpt lat="33.791468888888886" lon="133.19455888888888">
<ele>1663</ele>
</trkpt>
<trkpt lat="33.79138611111111" lon="133.19455888888888">
<ele>1663</ele>
</trkpt>
<trkpt lat="33.791243888888886" lon="133.1945211111111">
<ele>1665</ele>
</trkpt>
<trkpt lat="33.79110194444444" lon="133.19443388888888">
<ele>1666</ele>
</trkpt>
<trkpt lat="33.790801944444446" lon="133.1942338888889">
<ele>1669</ele>
</trkpt>
<trkpt lat="33.79065194444444" lon="133.19409611111112">
<ele>1674</ele>
</trkpt>
<trkpt lat="33.79011888888889" lon="133.19363388888888">
<ele>1687</ele>
</trkpt>
<trkpt lat="33.789543055555555" lon="133.1933588888889">
<ele>1685</ele>
</trkpt>
<trkpt lat="33.789543055555555" lon="133.1933588888889">
<ele>1685</ele>
</trkpt>
<trkpt lat="33.78943611111111" lon="133.19330888888888">
<ele>1685</ele>
</trkpt>
<trkpt lat="33.78940194444444" lon="133.19329611111112">
<ele>1685</ele>
</trkpt>
<trkpt lat="33.789318888888886" lon="133.19322111111111">
<ele>1684</ele>
</trkpt>
<trkpt lat="33.789203055555554" lon="133.1930088888889">
<ele>1683</ele>
</trkpt>
<trkpt lat="33.78911111111111" lon="133.1929211111111">
<ele>1683</ele>
</trkpt>
<trkpt lat="33.788986111111114" lon="133.1927961111111">
<ele>1683</ele>
</trkpt>
<trkpt lat="33.788893888888886" lon="133.19264611111112">
<ele>1687</ele>
</trkpt>
<trkpt lat="33.78881111111111" lon="133.19240888888888">
<ele>1686</ele>
</trkpt>
<trkpt lat="33.78875305555555" lon="133.19229611111112">
<ele>1684</ele>
</trkpt>
<trkpt lat="33.78868611111111" lon="133.1922461111111">
<ele>1684</ele>
</trkpt>
<trkpt lat="33.78829388888889" lon="133.19197111111112">
<ele>1686</ele>
</trkpt>
<trkpt lat="33.78803611111111" lon="133.19183388888888">
<ele>1685</ele>
</trkpt>
<trkpt lat="33.78778611111111" lon="133.1915338888889">
<ele>1689</ele>
</trkpt>
<trkpt lat="33.78765305555556" lon="133.1914338888889">
<ele>1688</ele>
</trkpt>
<trkpt lat="33.78731111111111" lon="133.1913461111111">
<ele>1684</ele>
</trkpt>
<trkpt lat="33.787193888888886" lon="133.19129611111111">
<ele>1686</ele>
</trkpt>
<trkpt lat="33.78714388888889" lon="133.1912211111111">
<ele>1689</ele>
</trkpt>
<trkpt lat="33.787103055555555" lon="133.1910838888889">
<ele>1688</ele>
</trkpt>
<trkpt lat="33.78701888888889" lon="133.19093388888888">
<ele>1691</ele>
</trkpt>
<trkpt lat="33.786636111111115" lon="133.1906088888889">
<ele>1687</ele>
</trkpt>
<trkpt lat="33.78633611111111" lon="133.1906088888889">
<ele>1684</ele>
</trkpt>
<trkpt lat="33.78620305555555" lon="133.19057194444446">
<ele>1673</ele>
</trkpt>
<trkpt lat="33.78615305555556" lon="133.19054694444443">
<ele>1676</ele>
</trkpt>
<trkpt lat="33.786003055555554" lon="133.19048388888888">
<ele>1672</ele>
</trkpt>
<trkpt lat="33.785893888888886" lon="133.19047194444445">
<ele>1671</ele>
</trkpt>
<trkpt lat="33.78570305555556" lon="133.19052194444444">
<ele>1671</ele>
</trkpt>
<trkpt lat="33.785595" lon="133.1905338888889">
<ele>1671</ele>
</trkpt>
<trkpt lat="33.785428055555556" lon="133.1905088888889">
<ele>1671</ele>
</trkpt>
<trkpt lat="33.784978055555555" lon="133.1903338888889">
<ele>1672</ele>
</trkpt>
<trkpt lat="33.784728055555554" lon="133.19023388888888">
<ele>1673</ele>
</trkpt>
<trkpt lat="33.78447" lon="133.19017194444444">
<ele>1671</ele>
</trkpt>
<trkpt lat="33.78417805555556" lon="133.1900838888889">
<ele>1672</ele>
</trkpt>
<trkpt lat="33.783878055555554" lon="133.18994694444444">
<ele>1664</ele>
</trkpt>
<trkpt lat="33.783595" lon="133.1897588888889">
<ele>1658</ele>
</trkpt>
<trkpt lat="33.78342" lon="133.18957194444445">
<ele>1662</ele>
</trkpt>
<trkpt lat="33.783345" lon="133.1895338888889">
<ele>1660</ele>
</trkpt>
<trkpt lat="33.783228055555554" lon="133.1895338888889">
<ele>1661</ele>
</trkpt>
<trkpt lat="33.78310305555556" lon="133.18958388888888">
<ele>1655</ele>
</trkpt>
<trkpt lat="33.782961944444445" lon="133.18968388888888">
<ele>1657</ele>
</trkpt>
<trkpt lat="33.78288694444444" lon="133.18977194444443">
<ele>1654</ele>
</trkpt>
<trkpt lat="33.78281194444445" lon="133.18992194444445">
<ele>1657</ele>
</trkpt>
<trkpt lat="33.782736944444444" lon="133.1901588888889">
<ele>1654</ele>
</trkpt>
<trkpt lat="33.78248694444444" lon="133.19074694444444">
<ele>1640</ele>
</trkpt>
<trkpt lat="33.782445" lon="133.19084694444444">
<ele>1637</ele>
</trkpt>
<trkpt lat="33.78243694444444" lon="133.1909588888889">
<ele>1632</ele>
</trkpt>
<trkpt lat="33.78245388888889" lon="133.19105888888888">
<ele>1636</ele>
</trkpt>
<trkpt lat="33.782595" lon="133.1913338888889">
<ele>1637</ele>
</trkpt>
<trkpt lat="33.782761944444445" lon="133.1914588888889">
<ele>1637</ele>
</trkpt>
<trkpt lat="33.782786944444446" lon="133.1915588888889">
<ele>1629</ele>
</trkpt>
<trkpt lat="33.782736944444444" lon="133.19162111111112">
<ele>1633</ele>
</trkpt>
<trkpt lat="33.78266194444444" lon="133.1916461111111">
<ele>1633</ele>
</trkpt>
<trkpt lat="33.782536944444445" lon="133.19158388888889">
<ele>1629</ele>
</trkpt>
<trkpt lat="33.78242" lon="133.19138388888888">
<ele>1628</ele>
</trkpt>
<trkpt lat="33.782245" lon="133.19087194444444">
<ele>1627</ele>
</trkpt>
<trkpt lat="33.78223694444444" lon="133.1906088888889">
<ele>1627</ele>
</trkpt>
<trkpt lat="33.78227888888889" lon="133.19022194444443">
<ele>1626</ele>
</trkpt>
<trkpt lat="33.78226194444444" lon="133.1899338888889">
<ele>1626</ele>
</trkpt>
<trkpt lat="33.782153055555554" lon="133.18935888888888">
<ele>1624</ele>
</trkpt>
<trkpt lat="33.78212" lon="133.18882194444444">
<ele>1630</ele>
</trkpt>
<trkpt lat="33.782086944444444" lon="133.18874694444443">
<ele>1626</ele>
</trkpt>
<trkpt lat="33.78201194444444" lon="133.18874694444443">
<ele>1626</ele>
</trkpt>
<trkpt lat="33.78198694444445" lon="133.18879694444445">
<ele>1620</ele>
</trkpt>
<trkpt lat="33.781945" lon="133.19017194444444">
<ele>1608</ele>
</trkpt>
<trkpt lat="33.78185388888889" lon="133.1906088888889">
<ele>1597</ele>
</trkpt>
<trkpt lat="33.78183694444444" lon="133.1909588888889">
<ele>1594</ele>
</trkpt>
<trkpt lat="33.781886944444445" lon="133.1912088888889">
<ele>1594</ele>
</trkpt>
<trkpt lat="33.78190388888889" lon="133.1914588888889">
<ele>1598</ele>
</trkpt>
<trkpt lat="33.781845" lon="133.19172111111112">
<ele>1593</ele>
</trkpt>
<trkpt lat="33.78183694444444" lon="133.1919088888889">
<ele>1587</ele>
</trkpt>
<trkpt lat="33.78187" lon="133.1920961111111">
<ele>1587</ele>
</trkpt>
<trkpt lat="33.78185388888889" lon="133.1923088888889">
<ele>1587</ele>
</trkpt>
<trkpt lat="33.78182" lon="133.1925461111111">
<ele>1586</ele>
</trkpt>
<trkpt lat="33.78187" lon="133.1926838888889">
<ele>1585</ele>
</trkpt>
<trkpt lat="33.78185388888889" lon="133.1927961111111">
<ele>1585</ele>
</trkpt>
<trkpt lat="33.78178694444444" lon="133.19283388888888">
<ele>1585</ele>
</trkpt>
<trkpt lat="33.78170388888889" lon="133.1927961111111">
<ele>1580</ele>
</trkpt>
<trkpt lat="33.78165388888889" lon="133.1926961111111">
<ele>1575</ele>
</trkpt>
<trkpt lat="33.78165388888889" lon="133.1925588888889">
<ele>1575</ele>
</trkpt>
<trkpt lat="33.781686944444445" lon="133.19238388888888">
<ele>1581</ele>
</trkpt>
<trkpt lat="33.781686944444445" lon="133.1922211111111">
<ele>1581</ele>
</trkpt>
<trkpt lat="33.78162888888889" lon="133.1919961111111">
<ele>1569</ele>
</trkpt>
<trkpt lat="33.781686944444445" lon="133.1914588888889">
<ele>1588</ele>
</trkpt>
<trkpt lat="33.78165388888889" lon="133.19128388888888">
<ele>1569</ele>
</trkpt>
<trkpt lat="33.78142" lon="133.1909838888889">
<ele>1564</ele>
</trkpt>
<trkpt lat="33.78137888888889" lon="133.1907838888889">
<ele>1564</ele>
</trkpt>
<trkpt lat="33.78141194444444" lon="133.1901588888889">
<ele>1566</ele>
</trkpt>
<trkpt lat="33.781345" lon="133.19003388888888">
<ele>1567</ele>
</trkpt>
<trkpt lat="33.781236944444444" lon="133.18997194444444">
<ele>1563</ele>
</trkpt>
<trkpt lat="33.78088694444445" lon="133.1900588888889">
<ele>1554</ele>
</trkpt>
<trkpt lat="33.780811944444444" lon="133.19003388888888">
<ele>1554</ele>
</trkpt>
<trkpt lat="33.78076194444444" lon="133.18997194444444">
<ele>1554</ele>
</trkpt>
<trkpt lat="33.78073694444444" lon="133.18989694444446">
<ele>1554</ele>
</trkpt>
<trkpt lat="33.78072888888889" lon="133.18977194444443">
<ele>1555</ele>
</trkpt>
<trkpt lat="33.78075388888889" lon="133.1896338888889">
<ele>1554</ele>
</trkpt>
<trkpt lat="33.780895" lon="133.18922194444445">
<ele>1557</ele>
</trkpt>
<trkpt lat="33.78092" lon="133.18912194444445">
<ele>1557</ele>
</trkpt>
<trkpt lat="33.78092" lon="133.1890588888889">
<ele>1557</ele>
</trkpt>
<trkpt lat="33.78088694444445" lon="133.18900888888888">
<ele>1553</ele>
</trkpt>
<trkpt lat="33.780845" lon="133.18898388888888">
<ele>1557</ele>
</trkpt>
<trkpt lat="33.78076194444444" lon="133.18900888888888">
<ele>1552</ele>
</trkpt>
<trkpt lat="33.78057" lon="133.18910888888888">
<ele>1551</ele>
</trkpt>
<trkpt lat="33.78029611111111" lon="133.18922194444445">
<ele>1546</ele>
</trkpt>
<trkpt lat="33.780161944444444" lon="133.1892838888889">
<ele>1544</ele>
</trkpt>
<trkpt lat="33.77994611111111" lon="133.1894838888889">
<ele>1543</ele>
</trkpt>
<trkpt lat="33.77970388888889" lon="133.18977194444443">
<ele>1544</ele>
</trkpt>
<trkpt lat="33.779511944444444" lon="133.18997194444444">
<ele>1544</ele>
</trkpt>
<trkpt lat="33.77941194444445" lon="133.19000888888888">
<ele>1542</ele>
</trkpt>
<trkpt lat="33.779311944444444" lon="133.19000888888888">
<ele>1543</ele>
</trkpt>
<trkpt lat="33.77922111111111" lon="133.18997194444444">
<ele>1545</ele>
</trkpt>
<trkpt lat="33.77912888888889" lon="133.1898838888889">
<ele>1548</ele>
</trkpt>
<trkpt lat="33.779086944444444" lon="133.18979694444445">
<ele>1543</ele>
</trkpt>
<trkpt lat="33.77906194444444" lon="133.18968388888888">
<ele>1545</ele>
</trkpt>
<trkpt lat="33.77905388888889" lon="133.18884694444444">
<ele>1542</ele>
</trkpt>
<trkpt lat="33.77900388888889" lon="133.18875888888888">
<ele>1539</ele>
</trkpt>
<trkpt lat="33.77881194444444" lon="133.18852194444443">
<ele>1535</ele>
</trkpt>
<trkpt lat="33.77873694444445" lon="133.18834694444445">
<ele>1532</ele>
</trkpt>
<trkpt lat="33.77867111111111" lon="133.1880088888889">
<ele>1535</ele>
</trkpt>
<trkpt lat="33.77863694444444" lon="133.1879088888889">
<ele>1532</ele>
</trkpt>
<trkpt lat="33.77858694444444" lon="133.18788388888888">
<ele>1533</ele>
</trkpt>
<trkpt lat="33.77852111111111" lon="133.18792194444444">
<ele>1528</ele>
</trkpt>
<trkpt lat="33.77847111111111" lon="133.18798388888888">
<ele>1528</ele>
</trkpt>
<trkpt lat="33.77847111111111" lon="133.18808388888888">
<ele>1528</ele>
</trkpt>
<trkpt lat="33.77853694444445" lon="133.1884088888889">
<ele>1523</ele>
</trkpt>
<trkpt lat="33.77877111111111" lon="133.18904694444444">
<ele>1514</ele>
</trkpt>
<trkpt lat="33.77880388888889" lon="133.18922194444445">
<ele>1518</ele>
</trkpt>
<trkpt lat="33.77878694444444" lon="133.18939694444444">
<ele>1518</ele>
</trkpt>
<trkpt lat="33.77870388888889" lon="133.18974694444444">
<ele>1505</ele>
</trkpt>
<trkpt lat="33.778686944444445" lon="133.19029694444444">
<ele>1507</ele>
</trkpt>
<trkpt lat="33.77874611111111" lon="133.1907838888889">
<ele>1505</ele>
</trkpt>
<trkpt lat="33.77873805555556" lon="133.19087194444444">
<ele>1505</ele>
</trkpt>
<trkpt lat="33.778686944444445" lon="133.19092194444445">
<ele>1506</ele>
</trkpt>
<trkpt lat="33.77860388888889" lon="133.19094694444445">
<ele>1501</ele>
</trkpt>
<trkpt lat="33.778528888888886" lon="133.1908838888889">
<ele>1494</ele>
</trkpt>
<trkpt lat="33.77847111111111" lon="133.1907338888889">
<ele>1495</ele>
</trkpt>
<trkpt lat="33.77844611111111" lon="133.19048388888888">
<ele>1497</ele>
</trkpt>
<trkpt lat="33.77852111111111" lon="133.1899338888889">
<ele>1495</ele>
</trkpt>
<trkpt lat="33.77859611111111" lon="133.1892838888889">
<ele>1506</ele>
</trkpt>
<trkpt lat="33.77857888888889" lon="133.18917194444444">
<ele>1507</ele>
</trkpt>
<trkpt lat="33.77842111111111" lon="133.18875888888888">
<ele>1504</ele>
</trkpt>
<trkpt lat="33.778036944444445" lon="133.1878338888889">
<ele>1504</ele>
</trkpt>
<trkpt lat="33.77797888888889" lon="133.18777194444445">
<ele>1502</ele>
</trkpt>
<trkpt lat="33.77784611111111" lon="133.18772194444443">
<ele>1501</ele>
</trkpt>
<trkpt lat="33.77772888888889" lon="133.18773388888889">
<ele>1503</ele>
</trkpt>
<trkpt lat="33.777478888888886" lon="133.18787194444445">
<ele>1496</ele>
</trkpt>
<trkpt lat="33.777321111111114" lon="133.18789694444445">
<ele>1491</ele>
</trkpt>
<trkpt lat="33.777253888888886" lon="133.1879338888889">
<ele>1491</ele>
</trkpt>
<trkpt lat="33.77713694444444" lon="133.18814694444444">
<ele>1478</ele>
</trkpt>
<trkpt lat="33.77708805555555" lon="133.18817194444443">
<ele>1476</ele>
</trkpt>
<trkpt lat="33.777028888888886" lon="133.18817194444443">
<ele>1476</ele>
</trkpt>
<trkpt lat="33.77681194444445" lon="133.1879588888889">
<ele>1482</ele>
</trkpt>
<trkpt lat="33.776586944444446" lon="133.18777194444445">
<ele>1480</ele>
</trkpt>
<trkpt lat="33.77655388888889" lon="133.18767194444445">
<ele>1475</ele>
</trkpt>
<trkpt lat="33.77654611111111" lon="133.18709694444445">
<ele>1483</ele>
</trkpt>
<trkpt lat="33.77652111111111" lon="133.1869338888889">
<ele>1483</ele>
</trkpt>
<trkpt lat="33.77644611111111" lon="133.18679694444444">
<ele>1484</ele>
</trkpt>
<trkpt lat="33.776378888888885" lon="133.18674694444445">
<ele>1480</ele>
</trkpt>
<trkpt lat="33.776178888888886" lon="133.18674694444445">
<ele>1467</ele>
</trkpt>
<trkpt lat="33.77605388888889" lon="133.18677194444444">
<ele>1463</ele>
</trkpt>
<trkpt lat="33.77594611111111" lon="133.18674694444445">
<ele>1459</ele>
</trkpt>
<trkpt lat="33.77580388888889" lon="133.18659694444443">
<ele>1461</ele>
</trkpt>
<trkpt lat="33.77569611111111" lon="133.18628388888888">
<ele>1474</ele>
</trkpt>
<trkpt lat="33.77562888888889" lon="133.18624694444443">
<ele>1471</ele>
</trkpt>
<trkpt lat="33.77553805555556" lon="133.18624694444443">
<ele>1462</ele>
</trkpt>
<trkpt lat="33.77541305555555" lon="133.18631">
<ele>1457</ele>
</trkpt>
<trkpt lat="33.77529611111111" lon="133.18631">
<ele>1457</ele>
</trkpt>
<trkpt lat="33.77492888888889" lon="133.18609694444444">
<ele>1458</ele>
</trkpt>
<trkpt lat="33.774838055555556" lon="133.18599694444444">
<ele>1458</ele>
</trkpt>
<trkpt lat="33.77471305555556" lon="133.18597194444445">
<ele>1454</ele>
</trkpt>
<trkpt lat="33.77426305555556" lon="133.18599694444444">
<ele>1448</ele>
</trkpt>
<trkpt lat="33.774138055555554" lon="133.18589694444444">
<ele>1444</ele>
</trkpt>
<trkpt lat="33.77397111111111" lon="133.18556">
<ele>1451</ele>
</trkpt>
<trkpt lat="33.773738055555555" lon="133.18527194444445">
<ele>1451</ele>
</trkpt>
<trkpt lat="33.773555" lon="133.185135">
<ele>1447</ele>
</trkpt>
<trkpt lat="33.773405" lon="133.18511">
<ele>1448</ele>
</trkpt>
<trkpt lat="33.773255" lon="133.185135">
<ele>1439</ele>
</trkpt>
<trkpt lat="33.77283" lon="133.18529694444445">
<ele>1431</ele>
</trkpt>
<trkpt lat="33.772755" lon="133.18529694444445">
<ele>1431</ele>
</trkpt>
<trkpt lat="33.772688055555555" lon="133.18527194444445">
<ele>1431</ele>
</trkpt>
<trkpt lat="33.772505" lon="133.18504694444445">
<ele>1431</ele>
</trkpt>
<trkpt lat="33.772421111111115" lon="133.184835">
<ele>1432</ele>
</trkpt>
<trkpt lat="33.77241305555555" lon="133.1844738888889">
<ele>1434</ele>
</trkpt>
<trkpt lat="33.77241305555555" lon="133.1844738888889">
<ele>1434</ele>
</trkpt>
<trkpt lat="33.77241305555555" lon="133.18446">
<ele>1434</ele>
</trkpt>
<trkpt lat="33.77238" lon="133.18432194444443">
<ele>1436</ele>
</trkpt>
<trkpt lat="33.77111305555555" lon="133.18277194444445">
<ele>1429</ele>
</trkpt>
<trkpt lat="33.771005" lon="133.182735">
<ele>1426</ele>
</trkpt>
<trkpt lat="33.770805" lon="133.18276">
<ele>1417</ele>
</trkpt>
<trkpt lat="33.77058805555556" lon="133.18287305555555">
<ele>1414</ele>
</trkpt>
<trkpt lat="33.770021944444444" lon="133.18327194444444">
<ele>1410</ele>
</trkpt>
<trkpt lat="33.76983" lon="133.18326">
<ele>1408</ele>
</trkpt>
<trkpt lat="33.76967194444445" lon="133.18317194444444">
<ele>1408</ele>
</trkpt>
<trkpt lat="33.76934694444444" lon="133.18312194444445">
<ele>1406</ele>
</trkpt>
<trkpt lat="33.769155" lon="133.18314694444445">
<ele>1405</ele>
</trkpt>
<trkpt lat="33.768996944444446" lon="133.18321">
<ele>1407</ele>
</trkpt>
<trkpt lat="33.768905" lon="133.18336">
<ele>1407</ele>
</trkpt>
<trkpt lat="33.76888888888889" lon="133.18344694444446">
<ele>1409</ele>
</trkpt>
<trkpt lat="33.76891388888889" lon="133.18361">
<ele>1409</ele>
</trkpt>
<trkpt lat="33.76906388888889" lon="133.18432305555555">
<ele>1414</ele>
</trkpt>
<trkpt lat="33.76906388888889" lon="133.18452194444444">
<ele>1415</ele>
</trkpt>
<trkpt lat="33.76903" lon="133.18457194444446">
<ele>1416</ele>
</trkpt>
<trkpt lat="33.76893" lon="133.184585">
<ele>1415</ele>
</trkpt>
<trkpt lat="33.76884694444445" lon="133.18452194444444">
<ele>1416</ele>
</trkpt>
<trkpt lat="33.768721944444444" lon="133.18406">
<ele>1421</ele>
</trkpt>
<trkpt lat="33.768555" lon="133.18372305555556">
<ele>1425</ele>
</trkpt>
<trkpt lat="33.76842194444444" lon="133.18352194444444">
<ele>1426</ele>
</trkpt>
<trkpt lat="33.768188888888886" lon="133.18321">
<ele>1428</ele>
</trkpt>
<trkpt lat="33.767963888888886" lon="133.18287305555555">
<ele>1434</ele>
</trkpt>
<trkpt lat="33.76788888888889" lon="133.18279694444445">
<ele>1436</ele>
</trkpt>
<trkpt lat="33.76770611111111" lon="133.182735">
<ele>1435</ele>
</trkpt>
<trkpt lat="33.76746388888889" lon="133.18262305555555">
<ele>1434</ele>
</trkpt>
<trkpt lat="33.76737194444444" lon="133.182535">
<ele>1433</ele>
</trkpt>
<trkpt lat="33.76725611111111" lon="133.18237194444444">
<ele>1434</ele>
</trkpt>
<trkpt lat="33.76692194444445" lon="133.18177305555557">
<ele>1433</ele>
</trkpt>
<trkpt lat="33.76683888888889" lon="133.18167305555556">
<ele>1437</ele>
</trkpt>
<trkpt lat="33.766531111111114" lon="133.18134805555556">
<ele>1445</ele>
</trkpt>
<trkpt lat="33.76632194444444" lon="133.18106">
<ele>1444</ele>
</trkpt>
<trkpt lat="33.76587305555555" lon="133.18051">
<ele>1451</ele>
</trkpt>
<trkpt lat="33.76568888888889" lon="133.18032305555556">
<ele>1451</ele>
</trkpt>
<trkpt lat="33.76553888888889" lon="133.18021">
<ele>1454</ele>
</trkpt>
<trkpt lat="33.765323055555555" lon="133.18001">
<ele>1456</ele>
</trkpt>
<trkpt lat="33.764496944444446" lon="133.1788611111111">
<ele>1462</ele>
</trkpt>
<trkpt lat="33.764423055555554" lon="133.1786361111111">
<ele>1465</ele>
</trkpt>
<trkpt lat="33.764423055555554" lon="133.17862305555556">
<ele>1465</ele>
</trkpt>
<trkpt lat="33.76445611111111" lon="133.17854805555555">
<ele>1465</ele>
</trkpt>
<trkpt lat="33.76451388888889" lon="133.17849805555556">
<ele>1465</ele>
</trkpt>
<trkpt lat="33.76462194444444" lon="133.17846111111112">
<ele>1464</ele>
</trkpt>
<trkpt lat="33.765031111111114" lon="133.17842305555556">
<ele>1466</ele>
</trkpt>
<trkpt lat="33.765146944444446" lon="133.1784111111111">
<ele>1464</ele>
</trkpt>
<trkpt lat="33.76520611111111" lon="133.17834805555555">
<ele>1464</ele>
</trkpt>
<trkpt lat="33.76524805555555" lon="133.17824805555554">
<ele>1463</ele>
</trkpt>
<trkpt lat="33.76528111111111" lon="133.17787305555555">
<ele>1462</ele>
</trkpt>
<trkpt lat="33.76528111111111" lon="133.17767305555554">
<ele>1462</ele>
</trkpt>
<trkpt lat="33.76522305555556" lon="133.17733611111112">
<ele>1462</ele>
</trkpt>
<trkpt lat="33.76524805555555" lon="133.17717305555556">
<ele>1464</ele>
</trkpt>
<trkpt lat="33.76533111111111" lon="133.1770361111111">
<ele>1465</ele>
</trkpt>
<trkpt lat="33.765481111111114" lon="133.1768361111111">
<ele>1462</ele>
</trkpt>
<trkpt lat="33.76550611111111" lon="133.17676111111112">
<ele>1461</ele>
</trkpt>
<trkpt lat="33.76553111111111" lon="133.17663611111112">
<ele>1459</ele>
</trkpt>
<trkpt lat="33.76553111111111" lon="133.17654805555554">
<ele>1456</ele>
</trkpt>
<trkpt lat="33.76542194444445" lon="133.17532305555557">
<ele>1455</ele>
</trkpt>
<trkpt lat="33.76543111111111" lon="133.17518611111112">
<ele>1455</ele>
</trkpt>
<trkpt lat="33.76550611111111" lon="133.1750861111111">
<ele>1453</ele>
</trkpt>
<trkpt lat="33.76566388888889" lon="133.1749861111111">
<ele>1450</ele>
</trkpt>
<trkpt lat="33.76615611111111" lon="133.17487305555557">
<ele>1441</ele>
</trkpt>
<trkpt lat="33.76624694444445" lon="133.1747611111111">
<ele>1439</ele>
</trkpt>
<trkpt lat="33.76627194444445" lon="133.17459805555555">
<ele>1440</ele>
</trkpt>
<trkpt lat="33.766221944444446" lon="133.17413611111112">
<ele>1445</ele>
</trkpt>
<trkpt lat="33.76625611111111" lon="133.1737611111111">
<ele>1442</ele>
</trkpt>
<trkpt lat="33.76633888888889" lon="133.1734238888889">
<ele>1440</ele>
</trkpt>
<trkpt lat="33.76633888888889" lon="133.1733111111111">
<ele>1440</ele>
</trkpt>
<trkpt lat="33.766238888888886" lon="133.17323611111112">
<ele>1442</ele>
</trkpt>
<trkpt lat="33.765906111111114" lon="133.17324888888888">
<ele>1444</ele>
</trkpt>
<trkpt lat="33.76570611111111" lon="133.1733361111111">
<ele>1445</ele>
</trkpt>
<trkpt lat="33.76560611111111" lon="133.17342305555556">
<ele>1443</ele>
</trkpt>
<trkpt lat="33.765073055555554" lon="133.17414805555555">
<ele>1435</ele>
</trkpt>
<trkpt lat="33.76501388888889" lon="133.17419805555556">
<ele>1435</ele>
</trkpt>
<trkpt lat="33.76491388888889" lon="133.17422305555556">
<ele>1437</ele>
</trkpt>
<trkpt lat="33.764673055555555" lon="133.17424805555555">
<ele>1436</ele>
</trkpt>
<trkpt lat="33.764538888888886" lon="133.17427305555555">
<ele>1435</ele>
</trkpt>
<trkpt lat="33.764021944444444" lon="133.17449805555555">
<ele>1426</ele>
</trkpt>
<trkpt lat="33.763823055555555" lon="133.1745611111111">
<ele>1427</ele>
</trkpt>
<trkpt lat="33.76354805555555" lon="133.1746361111111">
<ele>1425</ele>
</trkpt>
<trkpt lat="33.76336388888889" lon="133.1746861111111">
<ele>1428</ele>
</trkpt>
<trkpt lat="33.76321388888889" lon="133.17464805555556">
<ele>1421</ele>
</trkpt>
<trkpt lat="33.76305611111111" lon="133.17459805555555">
<ele>1417</ele>
</trkpt>
<trkpt lat="33.762706111111115" lon="133.17448611111112">
<ele>1415</ele>
</trkpt>
<trkpt lat="33.76210611111111" lon="133.1742361111111">
<ele>1414</ele>
</trkpt>
<trkpt lat="33.76201888888889" lon="133.1742138888889">
<ele>1414</ele>
</trkpt>
<trkpt lat="33.76201888888889" lon="133.1742138888889">
<ele>1414</ele>
</trkpt>
<trkpt lat="33.76185611111111" lon="133.17417305555554">
<ele>1413</ele>
</trkpt>
<trkpt lat="33.76168888888889" lon="133.17412305555555">
<ele>1413</ele>
</trkpt>
<trkpt lat="33.761515" lon="133.17412305555555">
<ele>1413</ele>
</trkpt>
<trkpt lat="33.76119" lon="133.17416111111112">
<ele>1413</ele>
</trkpt>
<trkpt lat="33.760965" lon="133.17416111111112">
<ele>1414</ele>
</trkpt>
<trkpt lat="33.760865" lon="133.17414805555555">
<ele>1416</ele>
</trkpt>
<trkpt lat="33.76078111111111" lon="133.17406111111111">
<ele>1413</ele>
</trkpt>
<trkpt lat="33.76043111111111" lon="133.17344888888888">
<ele>1409</ele>
</trkpt>
<trkpt lat="33.760365" lon="133.17324888888888">
<ele>1404</ele>
</trkpt>
<trkpt lat="33.76030611111111" lon="133.1731111111111">
<ele>1406</ele>
</trkpt>
<trkpt lat="33.76029805555556" lon="133.17291111111112">
<ele>1406</ele>
</trkpt>
<trkpt lat="33.76027305555556" lon="133.1727488888889">
<ele>1403</ele>
</trkpt>
<trkpt lat="33.760173055555555" lon="133.1725111111111">
<ele>1403</ele>
</trkpt>
<trkpt lat="33.76015611111111" lon="133.1723738888889">
<ele>1402</ele>
</trkpt>
<trkpt lat="33.760148055555554" lon="133.1715738888889">
<ele>1393</ele>
</trkpt>
<trkpt lat="33.76012305555555" lon="133.1715111111111">
<ele>1392</ele>
</trkpt>
<trkpt lat="33.76004805555556" lon="133.1714861111111">
<ele>1393</ele>
</trkpt>
<trkpt lat="33.75984" lon="133.1715988888889">
<ele>1395</ele>
</trkpt>
<trkpt lat="33.75964" lon="133.17166111111112">
<ele>1391</ele>
</trkpt>
<trkpt lat="33.759315" lon="133.1716238888889">
<ele>1391</ele>
</trkpt>
<trkpt lat="33.75918111111111" lon="133.17164888888888">
<ele>1391</ele>
</trkpt>
<trkpt lat="33.759065" lon="133.1717361111111">
<ele>1394</ele>
</trkpt>
<trkpt lat="33.75894" lon="133.1718361111111">
<ele>1396</ele>
</trkpt>
<trkpt lat="33.758815" lon="133.17187388888888">
<ele>1395</ele>
</trkpt>
<trkpt lat="33.758698055555556" lon="133.1718611111111">
<ele>1394</ele>
</trkpt>
<trkpt lat="33.758606944444445" lon="133.17178611111112">
<ele>1396</ele>
</trkpt>
<trkpt lat="33.75850694444444" lon="133.17167388888888">
<ele>1395</ele>
</trkpt>
<trkpt lat="33.758415" lon="133.17153611111112">
<ele>1394</ele>
</trkpt>
<trkpt lat="33.75839805555555" lon="133.1713988888889">
<ele>1393</ele>
</trkpt>
<trkpt lat="33.758381944444444" lon="133.17098694444445">
<ele>1382</ele>
</trkpt>
<trkpt lat="33.75834" lon="133.17086194444445">
<ele>1381</ele>
</trkpt>
<trkpt lat="33.75823194444445" lon="133.1707738888889">
<ele>1381</ele>
</trkpt>
<trkpt lat="33.75789805555556" lon="133.1706988888889">
<ele>1382</ele>
</trkpt>
<trkpt lat="33.75767305555556" lon="133.1705738888889">
<ele>1374</ele>
</trkpt>
<trkpt lat="33.75754805555555" lon="133.1704488888889">
<ele>1374</ele>
</trkpt>
<trkpt lat="33.757465" lon="133.17042388888888">
<ele>1372</ele>
</trkpt>
<trkpt lat="33.75734" lon="133.17043694444445">
<ele>1373</ele>
</trkpt>
<trkpt lat="33.75724805555556" lon="133.1703488888889">
<ele>1372</ele>
</trkpt>
<trkpt lat="33.757156944444446" lon="133.1701488888889">
<ele>1366</ele>
</trkpt>
<trkpt lat="33.75700694444444" lon="133.1693488888889">
<ele>1368</ele>
</trkpt>
<trkpt lat="33.756881944444444" lon="133.16901194444443">
<ele>1364</ele>
</trkpt>
<trkpt lat="33.756706944444446" lon="133.16871194444445">
<ele>1365</ele>
</trkpt>
<trkpt lat="33.75639" lon="133.1683">
<ele>1361</ele>
</trkpt>
<trkpt lat="33.75629" lon="133.1681">
<ele>1356</ele>
</trkpt>
<trkpt lat="33.756115" lon="133.167575">
<ele>1357</ele>
</trkpt>
<trkpt lat="33.75604" lon="133.16735">
<ele>1356</ele>
</trkpt>
<trkpt lat="33.75579805555556" lon="133.1669">
<ele>1356</ele>
</trkpt>
<trkpt lat="33.75575694444444" lon="133.16671305555556">
<ele>1355</ele>
</trkpt>
<trkpt lat="33.755765" lon="133.16653805555555">
<ele>1356</ele>
</trkpt>
<trkpt lat="33.75584805555555" lon="133.166225">
<ele>1357</ele>
</trkpt>
<trkpt lat="33.75584" lon="133.166175">
<ele>1356</ele>
</trkpt>
<trkpt lat="33.75578194444444" lon="133.16606305555555">
<ele>1357</ele>
</trkpt>
<trkpt lat="33.75562305555555" lon="133.16586305555555">
<ele>1355</ele>
</trkpt>
<trkpt lat="33.755606944444445" lon="133.16566305555557">
<ele>1356</ele>
</trkpt>
<trkpt lat="33.755565" lon="133.16548805555556">
<ele>1357</ele>
</trkpt>
<trkpt lat="33.755448055555554" lon="133.16528805555555">
<ele>1357</ele>
</trkpt>
<trkpt lat="33.75534" lon="133.16516305555555">
<ele>1356</ele>
</trkpt>
<trkpt lat="33.75522388888889" lon="133.1651011111111">
<ele>1355</ele>
</trkpt>
<trkpt lat="33.75509888888889" lon="133.16507611111112">
<ele>1346</ele>
</trkpt>
<trkpt lat="33.755048888888886" lon="133.1651011111111">
<ele>1346</ele>
</trkpt>
<trkpt lat="33.75492388888889" lon="133.16523805555556">
<ele>1342</ele>
</trkpt>
<trkpt lat="33.754815" lon="133.16528805555555">
<ele>1339</ele>
</trkpt>
<trkpt lat="33.75470694444444" lon="133.1652761111111">
<ele>1336</ele>
</trkpt>
<trkpt lat="33.75439" lon="133.1651261111111">
<ele>1333</ele>
</trkpt>
<trkpt lat="33.754265" lon="133.16497611111112">
<ele>1329</ele>
</trkpt>
<trkpt lat="33.75419888888889" lon="133.16485111111112">
<ele>1327</ele>
</trkpt>
<trkpt lat="33.75405694444444" lon="133.16478805555556">
<ele>1324</ele>
</trkpt>
<trkpt lat="33.753481944444445" lon="133.16418805555554">
<ele>1328</ele>
</trkpt>
<trkpt lat="33.753415" lon="133.16416305555555">
<ele>1326</ele>
</trkpt>
<trkpt lat="33.75333194444445" lon="133.16416305555555">
<ele>1325</ele>
</trkpt>
<trkpt lat="33.75329888888889" lon="133.16417611111112">
<ele>1325</ele>
</trkpt>
<trkpt lat="33.75322388888889" lon="133.16423805555556">
<ele>1323</ele>
</trkpt>
<trkpt lat="33.75299111111111" lon="133.16483805555555">
<ele>1319</ele>
</trkpt>
<trkpt lat="33.75292388888889" lon="133.16536305555556">
<ele>1309</ele>
</trkpt>
<trkpt lat="33.75274888888889" lon="133.16583805555555">
<ele>1313</ele>
</trkpt>
<trkpt lat="33.75274888888889" lon="133.16593805555556">
<ele>1309</ele>
</trkpt>
<trkpt lat="33.752806944444444" lon="133.16601305555557">
<ele>1295</ele>
</trkpt>
<trkpt lat="33.752856944444446" lon="133.1660261111111">
<ele>1295</ele>
</trkpt>
<trkpt lat="33.75291611111111" lon="133.16600111111111">
<ele>1291</ele>
</trkpt>
<trkpt lat="33.75295694444444" lon="133.16593805555556">
<ele>1293</ele>
</trkpt>
<trkpt lat="33.75299111111111" lon="133.16568805555556">
<ele>1299</ele>
</trkpt>
<trkpt lat="33.75313194444445" lon="133.16528805555555">
<ele>1301</ele>
</trkpt>
<trkpt lat="33.75319" lon="133.16498805555557">
<ele>1310</ele>
</trkpt>
<trkpt lat="33.75333194444445" lon="133.16476305555557">
<ele>1311</ele>
</trkpt>
<trkpt lat="33.75340694444444" lon="133.16476305555557">
<ele>1309</ele>
</trkpt>
<trkpt lat="33.753548888888886" lon="133.1648261111111">
<ele>1304</ele>
</trkpt>
<trkpt lat="33.75379" lon="133.1650511111111">
<ele>1305</ele>
</trkpt>
<trkpt lat="33.754081944444444" lon="133.1654511111111">
<ele>1304</ele>
</trkpt>
<trkpt lat="33.754415" lon="133.16575111111112">
<ele>1306</ele>
</trkpt>
<trkpt lat="33.754465" lon="133.1658261111111">
<ele>1307</ele>
</trkpt>
<trkpt lat="33.75447388888889" lon="133.16587611111112">
<ele>1307</ele>
</trkpt>
<trkpt lat="33.754465" lon="133.16593805555556">
<ele>1305</ele>
</trkpt>
<trkpt lat="33.75443194444444" lon="133.16603805555556">
<ele>1301</ele>
</trkpt>
<trkpt lat="33.75423194444444" lon="133.16636305555556">
<ele>1296</ele>
</trkpt>
<trkpt lat="33.75404888888889" lon="133.16681305555556">
<ele>1293</ele>
</trkpt>
<trkpt lat="33.75402388888889" lon="133.16695">
<ele>1293</ele>
</trkpt>
<trkpt lat="33.75404" lon="133.16705">
<ele>1292</ele>
</trkpt>
<trkpt lat="33.754106944444445" lon="133.16715">
<ele>1291</ele>
</trkpt>
<trkpt lat="33.75434" lon="133.167375">
<ele>1287</ele>
</trkpt>
<trkpt lat="33.754373888888885" lon="133.16746194444445">
<ele>1286</ele>
</trkpt>
<trkpt lat="33.754373888888885" lon="133.16756305555555">
<ele>1285</ele>
</trkpt>
<trkpt lat="33.75414" lon="133.16838805555557">
<ele>1273</ele>
</trkpt>
<trkpt lat="33.75414" lon="133.168475">
<ele>1273</ele>
</trkpt>
<trkpt lat="33.75418194444445" lon="133.16856305555555">
<ele>1271</ele>
</trkpt>
<trkpt lat="33.75429888888889" lon="133.168625">
<ele>1272</ele>
</trkpt>
<trkpt lat="33.75465694444444" lon="133.168675">
<ele>1271</ele>
</trkpt>
<trkpt lat="33.754756944444445" lon="133.16873694444445">
<ele>1266</ele>
</trkpt>
<trkpt lat="33.754823888888886" lon="133.1688">
<ele>1266</ele>
</trkpt>
<trkpt lat="33.75484888888889" lon="133.16886194444444">
<ele>1266</ele>
</trkpt>
<trkpt lat="33.75489" lon="133.169">
<ele>1269</ele>
</trkpt>
<trkpt lat="33.754915" lon="133.16921194444444">
<ele>1268</ele>
</trkpt>
<trkpt lat="33.75489888888889" lon="133.16933694444444">
<ele>1268</ele>
</trkpt>
<trkpt lat="33.75469888888889" lon="133.1699">
<ele>1256</ele>
</trkpt>
<trkpt lat="33.75464" lon="133.16996194444445">
<ele>1255</ele>
</trkpt>
<trkpt lat="33.75444888888889" lon="133.169975">
<ele>1254</ele>
</trkpt>
<trkpt lat="33.754306944444444" lon="133.16998694444445">
<ele>1254</ele>
</trkpt>
<trkpt lat="33.75420694444445" lon="133.17">
<ele>1253</ele>
</trkpt>
<trkpt lat="33.75412388888889" lon="133.17005">
<ele>1256</ele>
</trkpt>
<trkpt lat="33.75409888888889" lon="133.170125">
<ele>1253</ele>
</trkpt>
<trkpt lat="33.75411611111111" lon="133.1702">
<ele>1257</ele>
</trkpt>
<trkpt lat="33.754266111111114" lon="133.17048694444443">
<ele>1257</ele>
</trkpt>
<trkpt lat="33.754266111111114" lon="133.1705738888889">
<ele>1256</ele>
</trkpt>
<trkpt lat="33.75422388888889" lon="133.1705988888889">
<ele>1256</ele>
</trkpt>
<trkpt lat="33.75403194444444" lon="133.17064888888888">
<ele>1253</ele>
</trkpt>
<trkpt lat="33.753948888888885" lon="133.17073694444446">
<ele>1251</ele>
</trkpt>
<trkpt lat="33.75384888888889" lon="133.17081194444444">
<ele>1247</ele>
</trkpt>
<trkpt lat="33.753748888888886" lon="133.17081194444444">
<ele>1246</ele>
</trkpt>
<trkpt lat="33.753456944444444" lon="133.17073305555556">
<ele>1243</ele>
</trkpt>
<trkpt lat="33.753456944444444" lon="133.17073305555556">
<ele>1243</ele>
</trkpt>
<trkpt lat="33.75333194444445" lon="133.1706988888889">
<ele>1242</ele>
</trkpt>
<trkpt lat="33.75314111111111" lon="133.1707238888889">
<ele>1241</ele>
</trkpt>
<trkpt lat="33.75299888888889" lon="133.17086194444445">
<ele>1236</ele>
</trkpt>
<trkpt lat="33.752966111111114" lon="133.17096194444446">
<ele>1240</ele>
</trkpt>
<trkpt lat="33.75297388888889" lon="133.17107388888888">
<ele>1240</ele>
</trkpt>
<trkpt lat="33.75304111111111" lon="133.1712738888889">
<ele>1245</ele>
</trkpt>
<trkpt lat="33.75304111111111" lon="133.17141194444446">
<ele>1245</ele>
</trkpt>
<trkpt lat="33.75302388888889" lon="133.17152388888888">
<ele>1246</ele>
</trkpt>
<trkpt lat="33.75292388888889" lon="133.1716238888889">
<ele>1244</ele>
</trkpt>
<trkpt lat="33.75279888888889" lon="133.1717238888889">
<ele>1244</ele>
</trkpt>
<trkpt lat="33.75275694444444" lon="133.1717988888889">
<ele>1241</ele>
</trkpt>
<trkpt lat="33.75274111111111" lon="133.17189888888888">
<ele>1243</ele>
</trkpt>
<trkpt lat="33.75268194444445" lon="133.1720238888889">
<ele>1245</ele>
</trkpt>
<trkpt lat="33.752606944444445" lon="133.17213694444445">
<ele>1241</ele>
</trkpt>
<trkpt lat="33.75249111111111" lon="133.17223694444445">
<ele>1235</ele>
</trkpt>
<trkpt lat="33.75239888888889" lon="133.17234888888888">
<ele>1234</ele>
</trkpt>
<trkpt lat="33.75233194444444" lon="133.17248694444444">
<ele>1231</ele>
</trkpt>
<trkpt lat="33.75233194444444" lon="133.1726238888889">
<ele>1231</ele>
</trkpt>
<trkpt lat="33.752341111111114" lon="133.1727488888889">
<ele>1235</ele>
</trkpt>
<trkpt lat="33.75236611111111" lon="133.17277388888888">
<ele>1235</ele>
</trkpt>
<trkpt lat="33.75239111111111" lon="133.17281194444445">
<ele>1232</ele>
</trkpt>
<trkpt lat="33.75248194444445" lon="133.1728738888889">
<ele>1234</ele>
</trkpt>
<trkpt lat="33.75274111111111" lon="133.17293694444444">
<ele>1233</ele>
</trkpt>
<trkpt lat="33.752898888888886" lon="133.17302388888888">
<ele>1224</ele>
</trkpt>
<trkpt lat="33.753098888888886" lon="133.17308694444444">
<ele>1226</ele>
</trkpt>
<trkpt lat="33.75314888888889" lon="133.17313694444445">
<ele>1225</ele>
</trkpt>
<trkpt lat="33.75316611111111" lon="133.17323694444445">
<ele>1226</ele>
</trkpt>
<trkpt lat="33.75314888888889" lon="133.17328694444444">
<ele>1226</ele>
</trkpt>
<trkpt lat="33.75309111111111" lon="133.17337388888888">
<ele>1225</ele>
</trkpt>
<trkpt lat="33.752898888888886" lon="133.17347388888888">
<ele>1225</ele>
</trkpt>
<trkpt lat="33.75278194444444" lon="133.17356194444446">
<ele>1225</ele>
</trkpt>
<trkpt lat="33.752606944444445" lon="133.1737488888889">
<ele>1222</ele>
</trkpt>
<trkpt lat="33.752408055555556" lon="133.17398694444444">
<ele>1218</ele>
</trkpt>
<trkpt lat="33.75229888888889" lon="133.1741738888889">
<ele>1213</ele>
</trkpt>
<trkpt lat="33.75222388888889" lon="133.1743488888889">
<ele>1216</ele>
</trkpt>
<trkpt lat="33.752206944444445" lon="133.17438611111112">
<ele>1212</ele>
</trkpt>
<trkpt lat="33.75217388888889" lon="133.1745361111111">
<ele>1213</ele>
</trkpt>
<trkpt lat="33.75214111111111" lon="133.17469888888888">
<ele>1214</ele>
</trkpt>
<trkpt lat="33.75210805555555" lon="133.1747988888889">
<ele>1207</ele>
</trkpt>
<trkpt lat="33.75184111111111" lon="133.1750988888889">
<ele>1204</ele>
</trkpt>
<trkpt lat="33.75144111111111" lon="133.1752488888889">
<ele>1194</ele>
</trkpt>
<trkpt lat="33.751331944444445" lon="133.1753361111111">
<ele>1195</ele>
</trkpt>
<trkpt lat="33.75120694444445" lon="133.17549888888888">
<ele>1193</ele>
</trkpt>
<trkpt lat="33.751131944444445" lon="133.1756488888889">
<ele>1195</ele>
</trkpt>
<trkpt lat="33.75102388888889" lon="133.17606111111112">
<ele>1195</ele>
</trkpt>
<trkpt lat="33.75092388888889" lon="133.1764988888889">
<ele>1195</ele>
</trkpt>
<trkpt lat="33.75084888888889" lon="133.1768238888889">
<ele>1194</ele>
</trkpt>
<trkpt lat="33.75079888888889" lon="133.17698611111112">
<ele>1195</ele>
</trkpt>
<trkpt lat="33.75069111111111" lon="133.1771361111111">
<ele>1194</ele>
</trkpt>
<trkpt lat="33.75044111111111" lon="133.1774111111111">
<ele>1186</ele>
</trkpt>
<trkpt lat="33.75029888888889" lon="133.1775861111111">
<ele>1183</ele>
</trkpt>
<trkpt lat="33.75024888888889" lon="133.1777361111111">
<ele>1184</ele>
</trkpt>
<trkpt lat="33.75013305555556" lon="133.1789611111111">
<ele>1179</ele>
</trkpt>
<trkpt lat="33.750033055555555" lon="133.17968611111112">
<ele>1170</ele>
</trkpt>
<trkpt lat="33.75002388888889" lon="133.17989805555555">
<ele>1165</ele>
</trkpt>
<trkpt lat="33.75007388888889" lon="133.17994805555554">
<ele>1165</ele>
</trkpt>
<trkpt lat="33.750191111111114" lon="133.17992305555555">
<ele>1163</ele>
</trkpt>
<trkpt lat="33.75042388888889" lon="133.1796611111111">
<ele>1164</ele>
</trkpt>
<trkpt lat="33.75049111111111" lon="133.17952305555556">
<ele>1156</ele>
</trkpt>
<trkpt lat="33.75049888888889" lon="133.17936111111112">
<ele>1155</ele>
</trkpt>
<trkpt lat="33.75050805555556" lon="133.1790988888889">
<ele>1157</ele>
</trkpt>
<trkpt lat="33.75056611111111" lon="133.1789861111111">
<ele>1155</ele>
</trkpt>
<trkpt lat="33.75075805555556" lon="133.1788361111111">
<ele>1153</ele>
</trkpt>
<trkpt lat="33.750816111111114" lon="133.1787361111111">
<ele>1147</ele>
</trkpt>
<trkpt lat="33.75093305555556" lon="133.1782611111111">
<ele>1146</ele>
</trkpt>
<trkpt lat="33.75112388888889" lon="133.1780611111111">
<ele>1144</ele>
</trkpt>
<trkpt lat="33.75138305555556" lon="133.1779361111111">
<ele>1142</ele>
</trkpt>
<trkpt lat="33.75152388888889" lon="133.17767388888888">
<ele>1144</ele>
</trkpt>
<trkpt lat="33.75161611111111" lon="133.1775111111111">
<ele>1145</ele>
</trkpt>
<trkpt lat="33.75174888888889" lon="133.17732388888888">
<ele>1146</ele>
</trkpt>
<trkpt lat="33.751956944444444" lon="133.1771488888889">
<ele>1143</ele>
</trkpt>
<trkpt lat="33.75204111111111" lon="133.1771488888889">
<ele>1139</ele>
</trkpt>
<trkpt lat="33.752133055555554" lon="133.17721111111112">
<ele>1137</ele>
</trkpt>
<trkpt lat="33.752206944444445" lon="133.17733611111112">
<ele>1136</ele>
</trkpt>
<trkpt lat="33.752206944444445" lon="133.1774111111111">
<ele>1136</ele>
</trkpt>
<trkpt lat="33.75203194444445" lon="133.1775738888889">
<ele>1134</ele>
</trkpt>
<trkpt lat="33.751933055555554" lon="133.1777361111111">
<ele>1131</ele>
</trkpt>
<trkpt lat="33.75181611111111" lon="133.17821111111112">
<ele>1124</ele>
</trkpt>
<trkpt lat="33.75170694444444" lon="133.17857388888888">
<ele>1123</ele>
</trkpt>
<trkpt lat="33.75159111111111" lon="133.17891111111112">
<ele>1122</ele>
</trkpt>
<trkpt lat="33.75154888888889" lon="133.17913611111112">
<ele>1112</ele>
</trkpt>
<trkpt lat="33.751558055555556" lon="133.17939805555557">
<ele>1111</ele>
</trkpt>
<trkpt lat="33.75163305555556" lon="133.17957305555555">
<ele>1111</ele>
</trkpt>
<trkpt lat="33.751691111111114" lon="133.17979805555555">
<ele>1112</ele>
</trkpt>
<trkpt lat="33.751733055555555" lon="133.17989805555555">
<ele>1111</ele>
</trkpt>
<trkpt lat="33.75189888888889" lon="133.18003611111112">
<ele>1116</ele>
</trkpt>
<trkpt lat="33.75192388888889" lon="133.1801111111111">
<ele>1116</ele>
</trkpt>
<trkpt lat="33.75192388888889" lon="133.18024805555555">
<ele>1115</ele>
</trkpt>
<trkpt lat="33.75174888888889" lon="133.1804611111111">
<ele>1108</ele>
</trkpt>
<trkpt lat="33.75171611111111" lon="133.18057305555556">
<ele>1105</ele>
</trkpt>
<trkpt lat="33.751758055555555" lon="133.18097305555557">
<ele>1088</ele>
</trkpt>
<trkpt lat="33.75183305555556" lon="133.1811111111111">
<ele>1092</ele>
</trkpt>
<trkpt lat="33.75197388888889" lon="133.1812111111111">
<ele>1094</ele>
</trkpt>
<trkpt lat="33.75216611111111" lon="133.1813361111111">
<ele>1094</ele>
</trkpt>
<trkpt lat="33.75230805555555" lon="133.1814861111111">
<ele>1097</ele>
</trkpt>
<trkpt lat="33.75248194444445" lon="133.1816861111111">
<ele>1092</ele>
</trkpt>
<trkpt lat="33.752606944444445" lon="133.18174805555554">
<ele>1091</ele>
</trkpt>
<trkpt lat="33.75274888888889" lon="133.1817861111111">
<ele>1088</ele>
</trkpt>
<trkpt lat="33.75282388888889" lon="133.18186111111112">
<ele>1090</ele>
</trkpt>
<trkpt lat="33.75315805555555" lon="133.1823361111111">
<ele>1088</ele>
</trkpt>
<trkpt lat="33.75319888888889" lon="133.18244805555557">
<ele>1085</ele>
</trkpt>
<trkpt lat="33.753191111111114" lon="133.18259805555556">
<ele>1083</ele>
</trkpt>
<trkpt lat="33.75313194444445" lon="133.1826861111111">
<ele>1080</ele>
</trkpt>
<trkpt lat="33.75304888888889" lon="133.1827111111111">
<ele>1081</ele>
</trkpt>
<trkpt lat="33.75297388888889" lon="133.18267305555557">
<ele>1079</ele>
</trkpt>
<trkpt lat="33.75288194444445" lon="133.18247305555556">
<ele>1078</ele>
</trkpt>
<trkpt lat="33.752808055555555" lon="133.18237305555556">
<ele>1081</ele>
</trkpt>
<trkpt lat="33.75271611111111" lon="133.18232305555554">
<ele>1074</ele>
</trkpt>
<trkpt lat="33.75242388888889" lon="133.18227305555556">
<ele>1072</ele>
</trkpt>
<trkpt lat="33.752158055555554" lon="133.18228611111113">
<ele>1072</ele>
</trkpt>
<trkpt lat="33.75196611111111" lon="133.1822361111111">
<ele>1066</ele>
</trkpt>
<trkpt lat="33.751823888888886" lon="133.18212305555556">
<ele>1067</ele>
</trkpt>
<trkpt lat="33.75172388888889" lon="133.18197305555555">
<ele>1072</ele>
</trkpt>
<trkpt lat="33.751623888888886" lon="133.18179805555556">
<ele>1067</ele>
</trkpt>
<trkpt lat="33.75144888888889" lon="133.1815611111111">
<ele>1069</ele>
</trkpt>
<trkpt lat="33.75141611111111" lon="133.1814611111111">
<ele>1063</ele>
</trkpt>
<trkpt lat="33.75141611111111" lon="133.1812611111111">
<ele>1070</ele>
</trkpt>
<trkpt lat="33.75138305555556" lon="133.1812111111111">
<ele>1069</ele>
</trkpt>
<trkpt lat="33.75115805555556" lon="133.18119805555557">
<ele>1072</ele>
</trkpt>
<trkpt lat="33.75109888888889" lon="133.1812611111111">
<ele>1074</ele>
</trkpt>
<trkpt lat="33.75106611111111" lon="133.18154805555557">
<ele>1072</ele>
</trkpt>
<trkpt lat="33.75105805555555" lon="133.18173611111112">
<ele>1070</ele>
</trkpt>
<trkpt lat="33.75107388888889" lon="133.1819361111111">
<ele>1066</ele>
</trkpt>
<trkpt lat="33.75104888888889" lon="133.18202305555556">
<ele>1063</ele>
</trkpt>
<trkpt lat="33.75099111111111" lon="133.18207305555555">
<ele>1066</ele>
</trkpt>
<trkpt lat="33.75079888888889" lon="133.1821361111111">
<ele>1064</ele>
</trkpt>
<trkpt lat="33.75067388888889" lon="133.18221111111112">
<ele>1064</ele>
</trkpt>
<trkpt lat="33.75062388888889" lon="133.18229805555555">
<ele>1064</ele>
</trkpt>
<trkpt lat="33.75060805555555" lon="133.1824611111111">
<ele>1062</ele>
</trkpt>
<trkpt lat="33.75067388888889" lon="133.18299805555554">
<ele>1052</ele>
</trkpt>
<trkpt lat="33.75066611111111" lon="133.18317305555556">
<ele>1055</ele>
</trkpt>
<trkpt lat="33.75060805555555" lon="133.18339805555556">
<ele>1053</ele>
</trkpt>
<trkpt lat="33.750458055555555" lon="133.18368611111111">
<ele>1051</ele>
</trkpt>
<trkpt lat="33.75046611111111" lon="133.18376">
<ele>1051</ele>
</trkpt>
<trkpt lat="33.75050805555556" lon="133.18381">
<ele>1045</ele>
</trkpt>
<trkpt lat="33.75058305555556" lon="133.18379805555554">
<ele>1039</ele>
</trkpt>
<trkpt lat="33.75062388888889" lon="133.18372305555556">
<ele>1041</ele>
</trkpt>
<trkpt lat="33.75079111111111" lon="133.18327305555556">
<ele>1046</ele>
</trkpt>
<trkpt lat="33.75079888888889" lon="133.1831361111111">
<ele>1047</ele>
</trkpt>
<trkpt lat="33.75084888888889" lon="133.18308611111112">
<ele>1047</ele>
</trkpt>
<trkpt lat="33.750908055555556" lon="133.18311111111112">
<ele>1043</ele>
</trkpt>
<trkpt lat="33.75094888888889" lon="133.1831861111111">
<ele>1042</ele>
</trkpt>
<trkpt lat="33.75091611111111" lon="133.18333611111112">
<ele>1041</ele>
</trkpt>
<trkpt lat="33.75080805555555" lon="133.18353611111112">
<ele>1037</ele>
</trkpt>
<trkpt lat="33.75079888888889" lon="133.183635">
<ele>1035</ele>
</trkpt>
<trkpt lat="33.75084888888889" lon="133.18377305555555">
<ele>1033</ele>
</trkpt>
<trkpt lat="33.75084888888889" lon="133.18386">
<ele>1032</ele>
</trkpt>
<trkpt lat="33.75077388888889" lon="133.18397305555555">
<ele>1034</ele>
</trkpt>
<trkpt lat="33.75064888888889" lon="133.18409805555555">
<ele>1033</ele>
</trkpt>
<trkpt lat="33.75051611111111" lon="133.184185">
<ele>1029</ele>
</trkpt>
<trkpt lat="33.750416111111115" lon="133.18442305555556">
<ele>1029</ele>
</trkpt>
<trkpt lat="33.750175" lon="133.18514805555554">
<ele>1024</ele>
</trkpt>
<trkpt lat="33.75014111111111" lon="133.18536">
<ele>1017</ele>
</trkpt>
<trkpt lat="33.750058055555556" lon="133.185485">
<ele>1016</ele>
</trkpt>
<trkpt lat="33.74998305555555" lon="133.18557305555555">
<ele>1015</ele>
</trkpt>
<trkpt lat="33.749825" lon="133.18564805555556">
<ele>1015</ele>
</trkpt>
<trkpt lat="33.74975" lon="133.185635">
<ele>1013</ele>
</trkpt>
<trkpt lat="33.749341111111114" lon="133.18536">
<ele>1012</ele>
</trkpt>
<trkpt lat="33.74900805555556" lon="133.18479805555555">
<ele>1003</ele>
</trkpt>
<trkpt lat="33.74894111111111" lon="133.18471">
<ele>1003</ele>
</trkpt>
<trkpt lat="33.74879111111111" lon="133.184585">
<ele>1003</ele>
</trkpt>
<trkpt lat="33.74871611111111" lon="133.18449805555557">
<ele>1002</ele>
</trkpt>
<trkpt lat="33.74866611111111" lon="133.18429805555556">
<ele>1002</ele>
</trkpt>
<trkpt lat="33.74855" lon="133.18374805555555">
<ele>994</ele>
</trkpt>
<trkpt lat="33.74841611111111" lon="133.18289805555557">
<ele>992</ele>
</trkpt>
<trkpt lat="33.74840805555556" lon="133.18241111111112">
<ele>988</ele>
</trkpt>
<trkpt lat="33.748358055555556" lon="133.18229805555555">
<ele>988</ele>
</trkpt>
<trkpt lat="33.74815805555556" lon="133.18209805555554">
<ele>988</ele>
</trkpt>
<trkpt lat="33.74809111111111" lon="133.18196111111112">
<ele>987</ele>
</trkpt>
<trkpt lat="33.747841111111114" lon="133.18099805555556">
<ele>987</ele>
</trkpt>
<trkpt lat="33.74776611111111" lon="133.18092305555555">
<ele>978</ele>
</trkpt>
<trkpt lat="33.747675" lon="133.18087305555557">
<ele>979</ele>
</trkpt>
<trkpt lat="33.74756611111111" lon="133.18089805555556">
<ele>975</ele>
</trkpt>
<trkpt lat="33.74730805555556" lon="133.18109805555557">
<ele>974</ele>
</trkpt>
<trkpt lat="33.747166944444444" lon="133.18122305555556">
<ele>971</ele>
</trkpt>
<trkpt lat="33.74710805555556" lon="133.18124805555556">
<ele>971</ele>
</trkpt>
<trkpt lat="33.747" lon="133.1812361111111">
<ele>969</ele>
</trkpt>
<trkpt lat="33.746941944444444" lon="133.18119805555557">
<ele>971</ele>
</trkpt>
<trkpt lat="33.74695" lon="133.18102305555556">
<ele>971</ele>
</trkpt>
<trkpt lat="33.74710805555556" lon="133.1805611111111">
<ele>971</ele>
</trkpt>
<trkpt lat="33.747125" lon="133.1803361111111">
<ele>975</ele>
</trkpt>
<trkpt lat="33.74708305555556" lon="133.18016111111112">
<ele>970</ele>
</trkpt>
<trkpt lat="33.74701694444445" lon="133.1799611111111">
<ele>970</ele>
</trkpt>
<trkpt lat="33.747008055555554" lon="133.1796611111111">
<ele>970</ele>
</trkpt>
<trkpt lat="33.74708305555556" lon="133.1794238888889">
<ele>971</ele>
</trkpt>
<trkpt lat="33.747075" lon="133.1792738888889">
<ele>971</ele>
</trkpt>
<trkpt lat="33.747" lon="133.1791111111111">
<ele>966</ele>
</trkpt>
<trkpt lat="33.74685" lon="133.1789361111111">
<ele>962</ele>
</trkpt>
<trkpt lat="33.74675" lon="133.1787361111111">
<ele>955</ele>
</trkpt>
<trkpt lat="33.74644194444444" lon="133.1784738888889">
<ele>946</ele>
</trkpt>
<trkpt lat="33.746375" lon="133.1783988888889">
<ele>945</ele>
</trkpt>
<trkpt lat="33.746141944444446" lon="133.17801111111112">
<ele>939</ele>
</trkpt>
<trkpt lat="33.74606694444444" lon="133.17798611111112">
<ele>938</ele>
</trkpt>
<trkpt lat="33.746" lon="133.1780238888889">
<ele>935</ele>
</trkpt>
<trkpt lat="33.746" lon="133.1781611111111">
<ele>934</ele>
</trkpt>
<trkpt lat="33.74604194444444" lon="133.17836111111112">
<ele>934</ele>
</trkpt>
<trkpt lat="33.74615" lon="133.1786361111111">
<ele>930</ele>
</trkpt>
<trkpt lat="33.74645" lon="133.17922388888888">
<ele>927</ele>
</trkpt>
<trkpt lat="33.74650805555556" lon="133.1794111111111">
<ele>926</ele>
</trkpt>
<trkpt lat="33.7465" lon="133.1804361111111">
<ele>913</ele>
</trkpt>
<trkpt lat="33.74645805555556" lon="133.18061111111112">
<ele>916</ele>
</trkpt>
<trkpt lat="33.74633305555555" lon="133.18079805555556">
<ele>912</ele>
</trkpt>
<trkpt lat="33.74623305555556" lon="133.1809861111111">
<ele>913</ele>
</trkpt>
<trkpt lat="33.746225" lon="133.1812111111111">
<ele>911</ele>
</trkpt>
<trkpt lat="33.746316944444445" lon="133.18154805555557">
<ele>900</ele>
</trkpt>
<trkpt lat="33.74650805555556" lon="133.18197305555555">
<ele>903</ele>
</trkpt>
<trkpt lat="33.74665805555556" lon="133.18221111111112">
<ele>897</ele>
</trkpt>
<trkpt lat="33.746783055555554" lon="133.18239805555555">
<ele>898</ele>
</trkpt>
<trkpt lat="33.746833055555555" lon="133.18253611111112">
<ele>897</ele>
</trkpt>
<trkpt lat="33.74688305555556" lon="133.18284805555555">
<ele>895</ele>
</trkpt>
<trkpt lat="33.74698305555555" lon="133.18347305555557">
<ele>881</ele>
</trkpt>
<trkpt lat="33.747025" lon="133.18366111111112">
<ele>884</ele>
</trkpt>
<trkpt lat="33.747125" lon="133.18401111111112">
<ele>874</ele>
</trkpt>
<trkpt lat="33.747208055555554" lon="133.1841861111111">
<ele>873</ele>
</trkpt>
<trkpt lat="33.74730805555556" lon="133.18434805555555">
<ele>872</ele>
</trkpt>
<trkpt lat="33.7474" lon="133.18447305555554">
<ele>872</ele>
</trkpt>
<trkpt lat="33.747775" lon="133.18482305555557">
<ele>864</ele>
</trkpt>
<trkpt lat="33.74800805555556" lon="133.185135">
<ele>858</ele>
</trkpt>
<trkpt lat="33.748025" lon="133.18539805555557">
<ele>855</ele>
</trkpt>
<trkpt lat="33.74805805555555" lon="133.18546">
<ele>852</ele>
</trkpt>
<trkpt lat="33.74816694444444" lon="133.18557305555555">
<ele>852</ele>
</trkpt>
<trkpt lat="33.74823305555555" lon="133.18571">
<ele>848</ele>
</trkpt>
<trkpt lat="33.74825805555555" lon="133.18584805555557">
<ele>846</ele>
</trkpt>
<trkpt lat="33.748325" lon="133.18614805555555">
<ele>841</ele>
</trkpt>
<trkpt lat="33.74836694444444" lon="133.18626">
<ele>844</ele>
</trkpt>
<trkpt lat="33.748475" lon="133.18651">
<ele>845</ele>
</trkpt>
<trkpt lat="33.74868305555555" lon="133.18676">
<ele>846</ele>
</trkpt>
<trkpt lat="33.74876694444445" lon="133.18684805555554">
<ele>843</ele>
</trkpt>
<trkpt lat="33.749183055555555" lon="133.18709694444445">
<ele>846</ele>
</trkpt>
<trkpt lat="33.749375" lon="133.18724694444444">
<ele>839</ele>
</trkpt>
<trkpt lat="33.7494" lon="133.18727305555555">
<ele>839</ele>
</trkpt>
<trkpt lat="33.74946611111111" lon="133.187385">
<ele>838</ele>
</trkpt>
<trkpt lat="33.7495" lon="133.187485">
<ele>835</ele>
</trkpt>
<trkpt lat="33.749575" lon="133.18779694444444">
<ele>834</ele>
</trkpt>
<trkpt lat="33.74964111111111" lon="133.18804694444444">
<ele>830</ele>
</trkpt>
<trkpt lat="33.74970805555556" lon="133.18821">
<ele>832</ele>
</trkpt>
<trkpt lat="33.749775" lon="133.188335">
<ele>828</ele>
</trkpt>
<trkpt lat="33.74990805555556" lon="133.188485">
<ele>833</ele>
</trkpt>
<trkpt lat="33.750008055555554" lon="133.18857305555557">
<ele>832</ele>
</trkpt>
<trkpt lat="33.7501" lon="133.18857305555557">
<ele>832</ele>
</trkpt>
<trkpt lat="33.750233055555555" lon="133.18847305555556">
<ele>832</ele>
</trkpt>
<trkpt lat="33.750265" lon="133.18843388888888">
<ele>834</ele>
</trkpt>
<trkpt lat="33.750265" lon="133.18843388888888">
<ele>834</ele>
</trkpt>
<trkpt lat="33.75031611111111" lon="133.18837194444444">
<ele>836</ele>
</trkpt>
<trkpt lat="33.750391111111114" lon="133.18836">
<ele>834</ele>
</trkpt>
<trkpt lat="33.75045" lon="133.18841">
<ele>834</ele>
</trkpt>
<trkpt lat="33.75055805555556" lon="133.18854694444445">
<ele>835</ele>
</trkpt>
<trkpt lat="33.75056611111111" lon="133.188585">
<ele>835</ele>
</trkpt>
<trkpt lat="33.75050805555556" lon="133.18869805555556">
<ele>830</ele>
</trkpt>
<trkpt lat="33.75044111111111" lon="133.18886">
<ele>827</ele>
</trkpt>
<trkpt lat="33.75038305555555" lon="133.18901">
<ele>832</ele>
</trkpt>
<trkpt lat="33.7504" lon="133.18906">
<ele>832</ele>
</trkpt>
<trkpt lat="33.750416111111115" lon="133.18912194444445">
<ele>831</ele>
</trkpt>
<trkpt lat="33.750475" lon="133.18922194444445">
<ele>825</ele>
</trkpt>
<trkpt lat="33.750575" lon="133.189285">
<ele>825</ele>
</trkpt>
<trkpt lat="33.75073305555556" lon="133.18932194444446">
<ele>825</ele>
</trkpt>
<trkpt lat="33.75103305555555" lon="133.18932194444446">
<ele>827</ele>
</trkpt>
<trkpt lat="33.75111611111111" lon="133.18934694444445">
<ele>820</ele>
</trkpt>
<trkpt lat="33.75118305555556" lon="133.18941">
<ele>820</ele>
</trkpt>
<trkpt lat="33.751283055555554" lon="133.18952194444444">
<ele>814</ele>
</trkpt>
<trkpt lat="33.75136611111111" lon="133.18957194444445">
<ele>813</ele>
</trkpt>
<trkpt lat="33.75144111111111" lon="133.18959694444445">
<ele>813</ele>
</trkpt>
<trkpt lat="33.751508055555554" lon="133.189635">
<ele>814</ele>
</trkpt>
<trkpt lat="33.75154111111111" lon="133.189685">
<ele>814</ele>
</trkpt>
<trkpt lat="33.751525" lon="133.18976">
<ele>814</ele>
</trkpt>
<trkpt lat="33.751508055555554" lon="133.18987194444443">
<ele>815</ele>
</trkpt>
<trkpt lat="33.75144111111111" lon="133.19007194444444">
<ele>809</ele>
</trkpt>
<trkpt lat="33.75140805555556" lon="133.19021">
<ele>811</ele>
</trkpt>
<trkpt lat="33.751275" lon="133.190385">
<ele>811</ele>
</trkpt>
<trkpt lat="33.75124111111111" lon="133.190485">
<ele>812</ele>
</trkpt>
<trkpt lat="33.75125" lon="133.19062194444444">
<ele>809</ele>
</trkpt>
<trkpt lat="33.751275" lon="133.19069694444445">
<ele>806</ele>
</trkpt>
<trkpt lat="33.75131611111111" lon="133.19076">
<ele>806</ele>
</trkpt>
<trkpt lat="33.75145805555555" lon="133.19086">
<ele>805</ele>
</trkpt>
<trkpt lat="33.75180805555556" lon="133.19099694444444">
<ele>807</ele>
</trkpt>
<trkpt lat="33.751925" lon="133.19111">
<ele>807</ele>
</trkpt>
<trkpt lat="33.751983055555556" lon="133.191285">
<ele>804</ele>
</trkpt>
<trkpt lat="33.75201611111111" lon="133.19149694444445">
<ele>808</ele>
</trkpt>
<trkpt lat="33.75200805555556" lon="133.19172194444445">
<ele>809</ele>
</trkpt>
<trkpt lat="33.751933055555554" lon="133.19195888888888">
<ele>804</ele>
</trkpt>
<trkpt lat="33.75188305555555" lon="133.19207194444445">
<ele>801</ele>
</trkpt>
<trkpt lat="33.7517" lon="133.19219694444445">
<ele>800</ele>
</trkpt>
<trkpt lat="33.75136611111111" lon="133.19239694444445">
<ele>801</ele>
</trkpt>
<trkpt lat="33.75125805555555" lon="133.1924588888889">
<ele>802</ele>
</trkpt>
<trkpt lat="33.751175" lon="133.1925338888889">
<ele>800</ele>
</trkpt>
<trkpt lat="33.75116611111111" lon="133.19259694444443">
<ele>801</ele>
</trkpt>
<trkpt lat="33.75120805555556" lon="133.1926838888889">
<ele>800</ele>
</trkpt>
<trkpt lat="33.751283055555554" lon="133.19277194444444">
<ele>799</ele>
</trkpt>
<trkpt lat="33.7514" lon="133.19287194444445">
<ele>795</ele>
</trkpt>
<trkpt lat="33.751575" lon="133.19297194444445">
<ele>796</ele>
</trkpt>
<trkpt lat="33.75161611111111" lon="133.1930338888889">
<ele>793</ele>
</trkpt>
<trkpt lat="33.7517" lon="133.19329694444446">
<ele>794</ele>
</trkpt>
<trkpt lat="33.751775" lon="133.19340888888888">
<ele>791</ele>
</trkpt>
<trkpt lat="33.75185" lon="133.19349694444443">
<ele>791</ele>
</trkpt>
<trkpt lat="33.75201611111111" lon="133.19365888888888">
<ele>788</ele>
</trkpt>
<trkpt lat="33.752116111111114" lon="133.1937838888889">
<ele>786</ele>
</trkpt>
<trkpt lat="33.75241611111111" lon="133.19407194444443">
<ele>786</ele>
</trkpt>
<trkpt lat="33.752475" lon="133.1941588888889">
<ele>788</ele>
</trkpt>
<trkpt lat="33.75251611111111" lon="133.19429694444443">
<ele>785</ele>
</trkpt>
<trkpt lat="33.75256611111111" lon="133.1945088888889">
<ele>785</ele>
</trkpt>
<trkpt lat="33.752608055555555" lon="133.1946088888889">
<ele>783</ele>
</trkpt>
<trkpt lat="33.752675" lon="133.19468388888887">
<ele>783</ele>
</trkpt>
<trkpt lat="33.75274111111111" lon="133.19474694444443">
<ele>783</ele>
</trkpt>
<trkpt lat="33.752825" lon="133.19477194444445">
<ele>785</ele>
</trkpt>
<trkpt lat="33.753125" lon="133.19478388888888">
<ele>776</ele>
</trkpt>
<trkpt lat="33.75318305555555" lon="133.19479694444445">
<ele>776</ele>
</trkpt>
<trkpt lat="33.753275" lon="133.1948588888889">
<ele>777</ele>
</trkpt>
<trkpt lat="33.75333305555556" lon="133.19489694444445">
<ele>774</ele>
</trkpt>
<trkpt lat="33.753433055555554" lon="133.19499694444445">
<ele>777</ele>
</trkpt>
<trkpt lat="33.75355" lon="133.19520888888889">
<ele>777</ele>
</trkpt>
<trkpt lat="33.75356611111111" lon="133.19535888888888">
<ele>784</ele>
</trkpt>
<trkpt lat="33.75355" lon="133.19549694444444">
<ele>777</ele>
</trkpt>
<trkpt lat="33.75349111111111" lon="133.19562194444444">
<ele>778</ele>
</trkpt>
<trkpt lat="33.75333305555556" lon="133.19579694444445">
<ele>776</ele>
</trkpt>
<trkpt lat="33.753233055555555" lon="133.19584694444444">
<ele>776</ele>
</trkpt>
<trkpt lat="33.75311611111111" lon="133.1959338888889">
<ele>777</ele>
</trkpt>
<trkpt lat="33.75295805555555" lon="133.1959838888889">
<ele>774</ele>
</trkpt>
<trkpt lat="33.7527" lon="133.1960588888889">
<ele>775</ele>
</trkpt>
<trkpt lat="33.752625" lon="133.19613388888888">
<ele>775</ele>
</trkpt>
<trkpt lat="33.75253305555555" lon="133.19623388888888">
<ele>774</ele>
</trkpt>
<trkpt lat="33.75244111111111" lon="133.1964088888889">
<ele>771</ele>
</trkpt>
<trkpt lat="33.752125" lon="133.19738388888888">
<ele>775</ele>
</trkpt>
<trkpt lat="33.75205" lon="133.19760888888888">
<ele>773</ele>
</trkpt>
<trkpt lat="33.75203305555556" lon="133.1977588888889">
<ele>773</ele>
</trkpt>
<trkpt lat="33.75205" lon="133.1978588888889">
<ele>774</ele>
</trkpt>
<trkpt lat="33.752091944444444" lon="133.1979088888889">
<ele>775</ele>
</trkpt>
<trkpt lat="33.752175" lon="133.19795888888888">
<ele>774</ele>
</trkpt>
<trkpt lat="33.75226611111111" lon="133.1980211111111">
<ele>766</ele>
</trkpt>
<trkpt lat="33.75233305555555" lon="133.1981088888889">
<ele>766</ele>
</trkpt>
<trkpt lat="33.75251611111111" lon="133.19839611111112">
<ele>748</ele>
</trkpt>
<trkpt lat="33.752858055555556" lon="133.1990338888889">
<ele>752</ele>
</trkpt>
<trkpt lat="33.75291611111111" lon="133.19920888888888">
<ele>756</ele>
</trkpt>
<trkpt lat="33.752966111111114" lon="133.1993838888889">
<ele>755</ele>
</trkpt>
<trkpt lat="33.75298305555555" lon="133.1995711111111">
<ele>756</ele>
</trkpt>
<trkpt lat="33.75295" lon="133.1997211111111">
<ele>757</ele>
</trkpt>
<trkpt lat="33.75286611111111" lon="133.19985888888888">
<ele>755</ele>
</trkpt>
<trkpt lat="33.75274111111111" lon="133.19998388888888">
<ele>755</ele>
</trkpt>
<trkpt lat="33.752575" lon="133.20009611111112">
<ele>756</ele>
</trkpt>
<trkpt lat="33.752358055555554" lon="133.2001838888889">
<ele>756</ele>
</trkpt>
<trkpt lat="33.75225" lon="133.2001711111111">
<ele>756</ele>
</trkpt>
<trkpt lat="33.75215" lon="133.2001338888889">
<ele>757</ele>
</trkpt>
<trkpt lat="33.75168305555555" lon="133.19989611111112">
<ele>753</ele>
</trkpt>
<trkpt lat="33.751333055555556" lon="133.1997088888889">
<ele>744</ele>
</trkpt>
<trkpt lat="33.75120805555556" lon="133.19965888888888">
<ele>739</ele>
</trkpt>
<trkpt lat="33.751" lon="133.1996211111111">
<ele>739</ele>
</trkpt>
<trkpt lat="33.75091694444444" lon="133.19965888888888">
<ele>738</ele>
</trkpt>
<trkpt lat="33.750825" lon="133.1997338888889">
<ele>738</ele>
</trkpt>
<trkpt lat="33.75073305555556" lon="133.19987111111112">
<ele>738</ele>
</trkpt>
<trkpt lat="33.750658055555554" lon="133.2000088888889">
<ele>737</ele>
</trkpt>
<trkpt lat="33.75060805555555" lon="133.2001711111111">
<ele>737</ele>
</trkpt>
<trkpt lat="33.75055" lon="133.20032111111112">
<ele>736</ele>
</trkpt>
<trkpt lat="33.75049194444444" lon="133.2007338888889">
<ele>737</ele>
</trkpt>
<trkpt lat="33.750458055555555" lon="133.20090888888888">
<ele>738</ele>
</trkpt>
<trkpt lat="33.75040805555555" lon="133.20102111111112">
<ele>738</ele>
</trkpt>
<trkpt lat="33.75015888888889" lon="133.2012961111111">
<ele>737</ele>
</trkpt>
<trkpt lat="33.74995" lon="133.2013838888889">
<ele>738</ele>
</trkpt>
<trkpt lat="33.74985888888889" lon="133.2013838888889">
<ele>739</ele>
</trkpt>
<trkpt lat="33.74975" lon="133.2013211111111">
<ele>737</ele>
</trkpt>
<trkpt lat="33.749583888888885" lon="133.2012588888889">
<ele>738</ele>
</trkpt>
<trkpt lat="33.749383888888886" lon="133.20122111111112">
<ele>737</ele>
</trkpt>
<trkpt lat="33.74928388888889" lon="133.20122111111112">
<ele>736</ele>
</trkpt>
<trkpt lat="33.749125" lon="133.20124611111112">
<ele>737</ele>
</trkpt>
<trkpt lat="33.749025" lon="133.2013088888889">
<ele>736</ele>
</trkpt>
<trkpt lat="33.748916944444446" lon="133.20145888888888">
<ele>737</ele>
</trkpt>
<trkpt lat="33.748775" lon="133.20179611111112">
<ele>735</ele>
</trkpt>
<trkpt lat="33.74868388888889" lon="133.20213388888888">
<ele>737</ele>
</trkpt>
<trkpt lat="33.74865888888889" lon="133.2024211111111">
<ele>734</ele>
</trkpt>
<trkpt lat="33.748675" lon="133.20269611111112">
<ele>738</ele>
</trkpt>
<trkpt lat="33.748725" lon="133.2029711111111">
<ele>735</ele>
</trkpt>
<trkpt lat="33.7488" lon="133.20317111111112">
<ele>735</ele>
</trkpt>
<trkpt lat="33.74905888888889" lon="133.20360888888888">
<ele>733</ele>
</trkpt>
<trkpt lat="33.74923388888889" lon="133.20382111111113">
<ele>734</ele>
</trkpt>
<trkpt lat="33.749425" lon="133.2040211111111">
<ele>731</ele>
</trkpt>
<trkpt lat="33.749725" lon="133.20429611111112">
<ele>733</ele>
</trkpt>
<trkpt lat="33.749991944444446" lon="133.2044711111111">
<ele>731</ele>
</trkpt>
<trkpt lat="33.750425" lon="133.20474611111112">
<ele>734</ele>
</trkpt>
<trkpt lat="33.750725" lon="133.20500805555557">
<ele>733</ele>
</trkpt>
<trkpt lat="33.75083388888889" lon="133.20522111111111">
<ele>734</ele>
</trkpt>
<trkpt lat="33.75085888888889" lon="133.20543305555555">
<ele>731</ele>
</trkpt>
<trkpt lat="33.75083388888889" lon="133.20575805555555">
<ele>733</ele>
</trkpt>
<trkpt lat="33.75070888888889" lon="133.20618305555556">
<ele>727</ele>
</trkpt>
<trkpt lat="33.75048388888889" lon="133.20663305555556">
<ele>725</ele>
</trkpt>
<trkpt lat="33.75028388888889" lon="133.20703305555554">
<ele>724</ele>
</trkpt>
<trkpt lat="33.749808888888886" lon="133.20785805555556">
<ele>723</ele>
</trkpt>
<trkpt lat="33.74955888888889" lon="133.2083461111111">
<ele>726</ele>
</trkpt>
<trkpt lat="33.74953388888889" lon="133.20835805555555">
<ele>722</ele>
</trkpt>
<trkpt lat="33.74937611111111" lon="133.2086211111111">
<ele>723</ele>
</trkpt>
<trkpt lat="33.74925888888889" lon="133.20878305555556">
<ele>726</ele>
</trkpt>
<trkpt lat="33.74908388888889" lon="133.2089711111111">
<ele>723</ele>
</trkpt>
<trkpt lat="33.74870111111111" lon="133.20920805555556">
<ele>724</ele>
</trkpt>
<trkpt lat="33.74865888888889" lon="133.20923305555556">
<ele>726</ele>
</trkpt>
<trkpt lat="33.74861694444444" lon="133.2093211111111">
<ele>726</ele>
</trkpt>
<trkpt lat="33.74861694444444" lon="133.20948305555555">
<ele>727</ele>
</trkpt>
<trkpt lat="33.74865111111111" lon="133.2095711111111">
<ele>725</ele>
</trkpt>
<trkpt lat="33.74877611111111" lon="133.20974611111112">
<ele>726</ele>
</trkpt>
<trkpt lat="33.74887611111111" lon="133.20990805555556">
<ele>725</ele>
</trkpt>
<trkpt lat="33.74894194444445" lon="133.21000805555556">
<ele>726</ele>
</trkpt>
<trkpt lat="33.74897611111111" lon="133.2101211111111">
<ele>725</ele>
</trkpt>
<trkpt lat="33.74897611111111" lon="133.21028305555555">
<ele>723</ele>
</trkpt>
<trkpt lat="33.74894194444445" lon="133.21055805555557">
<ele>722</ele>
</trkpt>
<trkpt lat="33.74892611111111" lon="133.2107211111111">
<ele>722</ele>
</trkpt>
<trkpt lat="33.74895111111111" lon="133.21099611111111">
<ele>719</ele>
</trkpt>
<trkpt lat="33.74897611111111" lon="133.21120805555555">
<ele>714</ele>
</trkpt>
<trkpt lat="33.74900111111111" lon="133.211395">
<ele>718</ele>
</trkpt>
<trkpt lat="33.74898388888889" lon="133.21158305555556">
<ele>715</ele>
</trkpt>
<trkpt lat="33.74890888888889" lon="133.211795">
<ele>720</ele>
</trkpt>
<trkpt lat="33.748691944444445" lon="133.21220805555555">
<ele>717</ele>
</trkpt>
<trkpt lat="33.74855111111111" lon="133.212445">
<ele>717</ele>
</trkpt>
<trkpt lat="33.74845111111111" lon="133.212695">
<ele>719</ele>
</trkpt>
<trkpt lat="33.74838388888889" lon="133.21298305555555">
<ele>716</ele>
</trkpt>
<trkpt lat="33.748308888888886" lon="133.21323305555555">
<ele>715</ele>
</trkpt>
<trkpt lat="33.74823388888889" lon="133.21343305555556">
<ele>716</ele>
</trkpt>
<trkpt lat="33.74803388888889" lon="133.21380805555555">
<ele>709</ele>
</trkpt>
<trkpt lat="33.747683888888886" lon="133.214095">
<ele>705</ele>
</trkpt>
<trkpt lat="33.74742611111111" lon="133.214345">
<ele>704</ele>
</trkpt>
<trkpt lat="33.74730111111111" lon="133.21448305555555">
<ele>705</ele>
</trkpt>
<trkpt lat="33.74720888888889" lon="133.214595">
<ele>703</ele>
</trkpt>
<trkpt lat="33.747143055555554" lon="133.21470805555555">
<ele>705</ele>
</trkpt>
<trkpt lat="33.747033888888886" lon="133.21493305555555">
<ele>705</ele>
</trkpt>
<trkpt lat="33.74701694444445" lon="133.21515805555555">
<ele>707</ele>
</trkpt>
<trkpt lat="33.74701694444445" lon="133.215545">
<ele>708</ele>
</trkpt>
<trkpt lat="33.74698388888889" lon="133.21560805555555">
<ele>705</ele>
</trkpt>
<trkpt lat="33.746941944444444" lon="133.21563194444445">
<ele>705</ele>
</trkpt>
<trkpt lat="33.74679305555556" lon="133.215645">
<ele>703</ele>
</trkpt>
<trkpt lat="33.746743055555555" lon="133.215695">
<ele>703</ele>
</trkpt>
<trkpt lat="33.74672611111111" lon="133.21578194444444">
<ele>707</ele>
</trkpt>
<trkpt lat="33.74670111111111" lon="133.21603305555556">
<ele>714</ele>
</trkpt>
<trkpt lat="33.74665111111111" lon="133.21627">
<ele>714</ele>
</trkpt>
<trkpt lat="33.74645888888889" lon="133.21663305555555">
<ele>716</ele>
</trkpt>
<trkpt lat="33.74628388888889" lon="133.21682">
<ele>713</ele>
</trkpt>
<trkpt lat="33.746068055555554" lon="133.21702">
<ele>714</ele>
</trkpt>
<trkpt lat="33.74587611111111" lon="133.21712">
<ele>707</ele>
</trkpt>
<trkpt lat="33.745733888888886" lon="133.21718194444443">
<ele>702</ele>
</trkpt>
<trkpt lat="33.74565111111111" lon="133.21725694444444">
<ele>701</ele>
</trkpt>
<trkpt lat="33.745493055555556" lon="133.21752">
<ele>703</ele>
</trkpt>
<trkpt lat="33.745308888888886" lon="133.21777">
<ele>705</ele>
</trkpt>
<trkpt lat="33.745176111111114" lon="133.21790694444445">
<ele>714</ele>
</trkpt>
<trkpt lat="33.74503388888889" lon="133.21800694444445">
<ele>716</ele>
</trkpt>
<trkpt lat="33.74490888888889" lon="133.21805694444444">
<ele>714</ele>
</trkpt>
<trkpt lat="33.74470111111111" lon="133.218145">
<ele>714</ele>
</trkpt>
<trkpt lat="33.74464305555556" lon="133.21820694444443">
<ele>712</ele>
</trkpt>
<trkpt lat="33.744593055555555" lon="133.21835694444445">
<ele>717</ele>
</trkpt>
<trkpt lat="33.74454305555555" lon="133.21843194444443">
<ele>717</ele>
</trkpt>
<trkpt lat="33.744418055555556" lon="133.218495">
<ele>714</ele>
</trkpt>
<trkpt lat="33.74435111111111" lon="133.218545">
<ele>714</ele>
</trkpt>
<trkpt lat="33.74411" lon="133.218845">
<ele>711</ele>
</trkpt>
<trkpt lat="33.74386" lon="133.21917">
<ele>712</ele>
</trkpt>
<trkpt lat="33.74371" lon="133.21933194444443">
<ele>711</ele>
</trkpt>
<trkpt lat="33.743518055555555" lon="133.21948194444445">
<ele>713</ele>
</trkpt>
<trkpt lat="33.743385" lon="133.21955694444443">
<ele>718</ele>
</trkpt>
<trkpt lat="33.743285" lon="133.21955694444443">
<ele>717</ele>
</trkpt>
<trkpt lat="33.742643055555554" lon="133.219545">
<ele>711</ele>
</trkpt>
<trkpt lat="33.742468055555555" lon="133.21957">
<ele>714</ele>
</trkpt>
<trkpt lat="33.74237611111111" lon="133.21963194444444">
<ele>713</ele>
</trkpt>
<trkpt lat="33.742285" lon="133.21977">
<ele>714</ele>
</trkpt>
<trkpt lat="33.742268055555556" lon="133.21983194444445">
<ele>714</ele>
</trkpt>
<trkpt lat="33.742218055555554" lon="133.21995694444445">
<ele>711</ele>
</trkpt>
<trkpt lat="33.74219305555555" lon="133.22012">
<ele>712</ele>
</trkpt>
<trkpt lat="33.74211805555556" lon="133.22060694444446">
<ele>715</ele>
</trkpt>
<trkpt lat="33.74201" lon="133.2208938888889">
<ele>715</ele>
</trkpt>
<trkpt lat="33.74169611111111" lon="133.22148611111112">
<ele>706</ele>
</trkpt>
<trkpt lat="33.74169611111111" lon="133.22148611111112">
<ele>706</ele>
</trkpt>
<trkpt lat="33.741618055555556" lon="133.22163194444445">
<ele>704</ele>
</trkpt>
<trkpt lat="33.74151805555555" lon="133.22173194444446">
<ele>704</ele>
</trkpt>
<trkpt lat="33.741393055555555" lon="133.2217938888889">
<ele>707</ele>
</trkpt>
<trkpt lat="33.74124305555556" lon="133.22180694444444">
<ele>706</ele>
</trkpt>
<trkpt lat="33.741143055555554" lon="133.2217938888889">
<ele>706</ele>
</trkpt>
<trkpt lat="33.74101" lon="133.22170694444443">
<ele>704</ele>
</trkpt>
<trkpt lat="33.74091" lon="133.22163194444445">
<ele>702</ele>
</trkpt>
<trkpt lat="33.74079305555556" lon="133.2215938888889">
<ele>704</ele>
</trkpt>
<trkpt lat="33.74039305555556" lon="133.22158194444444">
<ele>706</ele>
</trkpt>
<trkpt lat="33.74021888888889" lon="133.22160694444443">
<ele>704</ele>
</trkpt>
<trkpt lat="33.739985" lon="133.22170694444443">
<ele>703</ele>
</trkpt>
<trkpt lat="33.739893888888886" lon="133.2218188888889">
<ele>704</ele>
</trkpt>
<trkpt lat="33.73986" lon="133.22196888888888">
<ele>703</ele>
</trkpt>
<trkpt lat="33.73986" lon="133.22205694444443">
<ele>703</ele>
</trkpt>
<trkpt lat="33.739893888888886" lon="133.2221688888889">
<ele>705</ele>
</trkpt>
<trkpt lat="33.73996" lon="133.2222688888889">
<ele>703</ele>
</trkpt>
<trkpt lat="33.739985" lon="133.2223438888889">
<ele>702</ele>
</trkpt>
<trkpt lat="33.739985" lon="133.2224688888889">
<ele>698</ele>
</trkpt>
<trkpt lat="33.73991" lon="133.2226938888889">
<ele>702</ele>
</trkpt>
<trkpt lat="33.739851944444446" lon="133.22274388888889">
<ele>703</ele>
</trkpt>
<trkpt lat="33.73975194444444" lon="133.22276888888888">
<ele>703</ele>
</trkpt>
<trkpt lat="33.73961" lon="133.2228438888889">
<ele>704</ele>
</trkpt>
<trkpt lat="33.739485" lon="133.22295694444443">
<ele>705</ele>
</trkpt>
<trkpt lat="33.73927694444444" lon="133.2231938888889">
<ele>703</ele>
</trkpt>
<trkpt lat="33.73919388888889" lon="133.22333194444445">
<ele>702</ele>
</trkpt>
<trkpt lat="33.73904388888889" lon="133.22363194444443">
<ele>705</ele>
</trkpt>
<trkpt lat="33.738976944444445" lon="133.22373194444444">
<ele>704</ele>
</trkpt>
<trkpt lat="33.73886888888889" lon="133.2238188888889">
<ele>704</ele>
</trkpt>
<trkpt lat="33.73864388888889" lon="133.22393194444444">
<ele>704</ele>
</trkpt>
<trkpt lat="33.73851" lon="133.22400694444445">
<ele>706</ele>
</trkpt>
<trkpt lat="33.738326944444445" lon="133.22421888888888">
<ele>703</ele>
</trkpt>
<trkpt lat="33.73822694444444" lon="133.22428194444444">
<ele>705</ele>
</trkpt>
<trkpt lat="33.73799388888889" lon="133.22435694444445">
<ele>706</ele>
</trkpt>
<trkpt lat="33.73786111111111" lon="133.22440694444444">
<ele>704</ele>
</trkpt>
<trkpt lat="33.73764388888889" lon="133.22459388888888">
<ele>706</ele>
</trkpt>
<trkpt lat="33.73724388888889" lon="133.22468194444446">
<ele>706</ele>
</trkpt>
<trkpt lat="33.737051944444445" lon="133.22479388888888">
<ele>705</ele>
</trkpt>
<trkpt lat="33.73691888888889" lon="133.2249438888889">
<ele>707</ele>
</trkpt>
<trkpt lat="33.73667694444445" lon="133.22528194444445">
<ele>709</ele>
</trkpt>
<trkpt lat="33.73646111111111" lon="133.2256688888889">
<ele>709</ele>
</trkpt>
<trkpt lat="33.73596888888889" lon="133.2263188888889">
<ele>703</ele>
</trkpt>
<trkpt lat="33.73553611111111" lon="133.22685694444445">
<ele>703</ele>
</trkpt>
<trkpt lat="33.73541888888889" lon="133.22705694444446">
<ele>704</ele>
</trkpt>
<trkpt lat="33.73531888888889" lon="133.2272688888889">
<ele>704</ele>
</trkpt>
<trkpt lat="33.73524388888889" lon="133.22761888888888">
<ele>707</ele>
</trkpt>
<trkpt lat="33.73517694444445" lon="133.2277188888889">
<ele>705</ele>
</trkpt>
<trkpt lat="33.73504388888889" lon="133.2277938888889">
<ele>706</ele>
</trkpt>
<trkpt lat="33.73489388888889" lon="133.2278311111111">
<ele>706</ele>
</trkpt>
<trkpt lat="33.73468611111111" lon="133.2279188888889">
<ele>708</ele>
</trkpt>
<trkpt lat="33.73453611111111" lon="133.2279438888889">
<ele>703</ele>
</trkpt>
<trkpt lat="33.734451944444444" lon="133.2280061111111">
<ele>707</ele>
</trkpt>
<trkpt lat="33.734318888888886" lon="133.2281561111111">
<ele>705</ele>
</trkpt>
<trkpt lat="33.734053055555556" lon="133.22830611111112">
<ele>703</ele>
</trkpt>
<trkpt lat="33.733868888888885" lon="133.2285061111111">
<ele>703</ele>
</trkpt>
<trkpt lat="33.73364388888889" lon="133.2288061111111">
<ele>704</ele>
</trkpt>
<trkpt lat="33.73351111111111" lon="133.2289438888889">
<ele>704</ele>
</trkpt>
<trkpt lat="33.73341888888889" lon="133.22900611111112">
<ele>705</ele>
</trkpt>
<trkpt lat="33.733178055555555" lon="133.2290438888889">
<ele>704</ele>
</trkpt>
<trkpt lat="33.73278611111111" lon="133.2290561111111">
<ele>704</ele>
</trkpt>
<trkpt lat="33.73260305555556" lon="133.2290688888889">
<ele>703</ele>
</trkpt>
<trkpt lat="33.73249388888889" lon="133.2291561111111">
<ele>704</ele>
</trkpt>
<trkpt lat="33.73244388888889" lon="133.22921888888888">
<ele>704</ele>
</trkpt>
<trkpt lat="33.73236888888889" lon="133.22933111111112">
<ele>704</ele>
</trkpt>
<trkpt lat="33.73221111111111" lon="133.2296561111111">
<ele>702</ele>
</trkpt>
<trkpt lat="33.73212" lon="133.22979388888888">
<ele>706</ele>
</trkpt>
<trkpt lat="33.73206111111111" lon="133.2298561111111">
<ele>702</ele>
</trkpt>
<trkpt lat="33.73201111111111" lon="133.23000611111112">
<ele>704</ele>
</trkpt>
<trkpt lat="33.73197805555556" lon="133.2303188888889">
<ele>703</ele>
</trkpt>
<trkpt lat="33.73182" lon="133.2306438888889">
<ele>703</ele>
</trkpt>
<trkpt lat="33.73178611111111" lon="133.2307561111111">
<ele>705</ele>
</trkpt>
<trkpt lat="33.73177805555556" lon="133.23159388888888">
<ele>706</ele>
</trkpt>
<trkpt lat="33.731836111111114" lon="133.23205611111112">
<ele>700</ele>
</trkpt>
<trkpt lat="33.731895" lon="133.2322188888889">
<ele>698</ele>
</trkpt>
<trkpt lat="33.73193611111111" lon="133.2324688888889">
<ele>696</ele>
</trkpt>
<trkpt lat="33.73188611111111" lon="133.23259388888889">
<ele>694</ele>
</trkpt>
<trkpt lat="33.731795" lon="133.2327061111111">
<ele>695</ele>
</trkpt>
<trkpt lat="33.73176111111111" lon="133.2327938888889">
<ele>691</ele>
</trkpt>
<trkpt lat="33.73175305555556" lon="133.2329188888889">
<ele>691</ele>
</trkpt>
<trkpt lat="33.73177805555556" lon="133.2330311111111">
<ele>693</ele>
</trkpt>
<trkpt lat="33.73182805555555" lon="133.2331311111111">
<ele>691</ele>
</trkpt>
<trkpt lat="33.731903055555556" lon="133.2332311111111">
<ele>691</ele>
</trkpt>
<trkpt lat="33.732095" lon="133.2333688888889">
<ele>693</ele>
</trkpt>
<trkpt lat="33.73211111111111" lon="133.2334561111111">
<ele>696</ele>
</trkpt>
<trkpt lat="33.73208611111111" lon="133.2335561111111">
<ele>696</ele>
</trkpt>
<trkpt lat="33.732053055555554" lon="133.2335938888889">
<ele>696</ele>
</trkpt>
<trkpt lat="33.731995" lon="133.23361888888888">
<ele>695</ele>
</trkpt>
<trkpt lat="33.73191111111111" lon="133.23361888888888">
<ele>695</ele>
</trkpt>
<trkpt lat="33.73182805555555" lon="133.2335438888889">
<ele>692</ele>
</trkpt>
<trkpt lat="33.73173611111111" lon="133.2335061111111">
<ele>693</ele>
</trkpt>
<trkpt lat="33.73162" lon="133.23353111111112">
<ele>693</ele>
</trkpt>
<trkpt lat="33.73153611111111" lon="133.2335688888889">
<ele>694</ele>
</trkpt>
<trkpt lat="33.731395" lon="133.2337061111111">
<ele>694</ele>
</trkpt>
<trkpt lat="33.73117805555555" lon="133.23408111111112">
<ele>685</ele>
</trkpt>
<trkpt lat="33.731003055555554" lon="133.2342811111111">
<ele>687</ele>
</trkpt>
<trkpt lat="33.730895" lon="133.2343438888889">
<ele>687</ele>
</trkpt>
<trkpt lat="33.730761944444446" lon="133.2343938888889">
<ele>684</ele>
</trkpt>
<trkpt lat="33.73057" lon="133.23441888888888">
<ele>684</ele>
</trkpt>
<trkpt lat="33.730403055555556" lon="133.2344061111111">
<ele>684</ele>
</trkpt>
<trkpt lat="33.73021194444444" lon="133.2343438888889">
<ele>689</ele>
</trkpt>
<trkpt lat="33.729895" lon="133.23410611111112">
<ele>673</ele>
</trkpt>
<trkpt lat="33.72962" lon="133.23384388888888">
<ele>676</ele>
</trkpt>
<trkpt lat="33.729245" lon="133.23340611111112">
<ele>672</ele>
</trkpt>
<trkpt lat="33.72911194444445" lon="133.2332188888889">
<ele>670</ele>
</trkpt>
<trkpt lat="33.72897" lon="133.2332688888889">
<ele>673</ele>
</trkpt>
<trkpt lat="33.728895" lon="133.2333311111111">
<ele>673</ele>
</trkpt>
<trkpt lat="33.728853055555554" lon="133.2334811111111">
<ele>673</ele>
</trkpt>
<trkpt lat="33.728836944444446" lon="133.23386888888888">
<ele>670</ele>
</trkpt>
<trkpt lat="33.728895" lon="133.23430611111112">
<ele>670</ele>
</trkpt>
<trkpt lat="33.729036944444445" lon="133.23524305555554">
<ele>670</ele>
</trkpt>
<trkpt lat="33.729103055555555" lon="133.23581805555557">
<ele>670</ele>
</trkpt>
<trkpt lat="33.729103888888886" lon="133.23614305555554">
<ele>670</ele>
</trkpt>
<trkpt lat="33.729045" lon="133.2364311111111">
<ele>670</ele>
</trkpt>
<trkpt lat="33.72892888888889" lon="133.23668111111112">
<ele>670</ele>
</trkpt>
<trkpt lat="33.72877" lon="133.2369561111111">
<ele>670</ele>
</trkpt>
<trkpt lat="33.72853694444444" lon="133.23734305555556">
<ele>670</ele>
</trkpt>
<trkpt lat="33.72828694444444" lon="133.2378061111111">
<ele>670</ele>
</trkpt>
<trkpt lat="33.72826194444445" lon="133.23793111111112">
<ele>670</ele>
</trkpt>
<trkpt lat="33.72822" lon="133.23809305555557">
<ele>670</ele>
</trkpt>
<trkpt lat="33.728136944444444" lon="133.23855694444444">
<ele>670</ele>
</trkpt>
<trkpt lat="33.728136944444444" lon="133.23855694444444">
<ele>670</ele>
</trkpt>
<trkpt lat="33.72812888888889" lon="133.23860611111112">
<ele>670</ele>
</trkpt>
<trkpt lat="33.72807888888889" lon="133.23874305555555">
<ele>670</ele>
</trkpt>
<trkpt lat="33.727936944444444" lon="133.2389311111111">
<ele>670</ele>
</trkpt>
<trkpt lat="33.72782" lon="133.23909305555554">
<ele>670</ele>
</trkpt>
<trkpt lat="33.727695" lon="133.2393811111111">
<ele>670</ele>
</trkpt>
<trkpt lat="33.72761194444445" lon="133.23949305555556">
<ele>670</ele>
</trkpt>
<trkpt lat="33.72748694444444" lon="133.2395811111111">
<ele>670</ele>
</trkpt>
<trkpt lat="33.72721194444444" lon="133.23974305555555">
<ele>670</ele>
</trkpt>
<trkpt lat="33.72703694444444" lon="133.23985611111112">
<ele>670</ele>
</trkpt>
<trkpt lat="33.72674611111111" lon="133.24010611111112">
<ele>670</ele>
</trkpt>
<trkpt lat="33.72667111111111" lon="133.24023111111111">
<ele>670</ele>
</trkpt>
<trkpt lat="33.726596111111114" lon="133.2404811111111">
<ele>670</ele>
</trkpt>
<trkpt lat="33.726636944444444" lon="133.24076805555555">
<ele>670</ele>
</trkpt>
<trkpt lat="33.72665388888889" lon="133.2408561111111">
<ele>670</ele>
</trkpt>
<trkpt lat="33.72665388888889" lon="133.24110611111112">
<ele>669</ele>
</trkpt>
<trkpt lat="33.72662888888889" lon="133.24133111111112">
<ele>669</ele>
</trkpt>
<trkpt lat="33.72665388888889" lon="133.24161805555556">
<ele>669</ele>
</trkpt>
<trkpt lat="33.72674611111111" lon="133.24211805555555">
<ele>669</ele>
</trkpt>
<trkpt lat="33.72681194444444" lon="133.24223111111112">
<ele>669</ele>
</trkpt>
<trkpt lat="33.72687888888889" lon="133.24226805555554">
<ele>669</ele>
</trkpt>
<trkpt lat="33.72701194444444" lon="133.24225611111112">
<ele>668</ele>
</trkpt>
<trkpt lat="33.72719611111111" lon="133.24214305555554">
<ele>667</ele>
</trkpt>
<trkpt lat="33.72727888888889" lon="133.24203111111112">
<ele>666</ele>
</trkpt>
<trkpt lat="33.727336944444446" lon="133.2419311111111">
<ele>667</ele>
</trkpt>
<trkpt lat="33.72742888888889" lon="133.2418311111111">
<ele>667</ele>
</trkpt>
<trkpt lat="33.72761194444445" lon="133.2416561111111">
<ele>668</ele>
</trkpt>
<trkpt lat="33.72788694444444" lon="133.24144305555555">
<ele>670</ele>
</trkpt>
<trkpt lat="33.728003888888885" lon="133.2413811111111">
<ele>670</ele>
</trkpt>
<trkpt lat="33.72810388888889" lon="133.24134305555555">
<ele>670</ele>
</trkpt>
<trkpt lat="33.72825388888889" lon="133.24133111111112">
<ele>669</ele>
</trkpt>
<trkpt lat="33.72833694444444" lon="133.24134305555555">
<ele>669</ele>
</trkpt>
<trkpt lat="33.72840388888889" lon="133.24134305555555">
<ele>669</ele>
</trkpt>
<trkpt lat="33.728811944444445" lon="133.24156805555555">
<ele>670</ele>
</trkpt>
<trkpt lat="33.729061944444446" lon="133.24179305555555">
<ele>669</ele>
</trkpt>
<trkpt lat="33.72945388888889" lon="133.24190611111112">
<ele>669</ele>
</trkpt>
<trkpt lat="33.729545" lon="133.2419561111111">
<ele>669</ele>
</trkpt>
<trkpt lat="33.72967" lon="133.24211805555555">
<ele>670</ele>
</trkpt>
<trkpt lat="33.72975388888889" lon="133.242305">
<ele>670</ele>
</trkpt>
<trkpt lat="33.72987" lon="133.242705">
<ele>670</ele>
</trkpt>
<trkpt lat="33.729895" lon="133.24286805555556">
<ele>670</ele>
</trkpt>
<trkpt lat="33.729911944444446" lon="133.24328">
<ele>670</ele>
</trkpt>
<trkpt lat="33.72990388888889" lon="133.24361805555554">
<ele>676</ele>
</trkpt>
<trkpt lat="33.729861944444444" lon="133.24379305555556">
<ele>669</ele>
</trkpt>
<trkpt lat="33.72977" lon="133.243955">
<ele>669</ele>
</trkpt>
<trkpt lat="33.72955388888889" lon="133.24424305555556">
<ele>669</ele>
</trkpt>
<trkpt lat="33.72942" lon="133.24441805555554">
<ele>669</ele>
</trkpt>
<trkpt lat="33.72918694444444" lon="133.24464305555554">
<ele>669</ele>
</trkpt>
<trkpt lat="33.728995" lon="133.24483">
<ele>669</ele>
</trkpt>
<trkpt lat="33.72888694444445" lon="133.24496805555555">
<ele>669</ele>
</trkpt>
<trkpt lat="33.72882111111111" lon="133.24508">
<ele>669</ele>
</trkpt>
<trkpt lat="33.72879611111111" lon="133.24519305555555">
<ele>669</ele>
</trkpt>
<trkpt lat="33.728811944444445" lon="133.24534305555557">
<ele>669</ele>
</trkpt>
<trkpt lat="33.72887111111111" lon="133.24564305555555">
<ele>669</ele>
</trkpt>
<trkpt lat="33.728971111111115" lon="133.24581805555556">
<ele>669</ele>
</trkpt>
<trkpt lat="33.72897888888889" lon="133.24591805555556">
<ele>668</ele>
</trkpt>
<trkpt lat="33.72899611111111" lon="133.24616805555556">
<ele>669</ele>
</trkpt>
<trkpt lat="33.729036944444445" lon="133.246255">
<ele>669</ele>
</trkpt>
<trkpt lat="33.72918694444444" lon="133.24641805555555">
<ele>669</ele>
</trkpt>
<trkpt lat="33.729236944444445" lon="133.24661694444444">
<ele>668</ele>
</trkpt>
<trkpt lat="33.729295" lon="133.24674194444444">
<ele>668</ele>
</trkpt>
<trkpt lat="33.72958694444444" lon="133.24721805555555">
<ele>670</ele>
</trkpt>
<trkpt lat="33.729711944444446" lon="133.24741805555556">
<ele>669</ele>
</trkpt>
<trkpt lat="33.73012888888889" lon="133.24831805555556">
<ele>668</ele>
</trkpt>
<trkpt lat="33.73018694444445" lon="133.24844305555555">
<ele>668</ele>
</trkpt>
<trkpt lat="33.73021194444444" lon="133.24853">
<ele>669</ele>
</trkpt>
<trkpt lat="33.73021194444444" lon="133.24859305555555">
<ele>668</ele>
</trkpt>
<trkpt lat="33.730195" lon="133.248755">
<ele>669</ele>
</trkpt>
<trkpt lat="33.730153888888886" lon="133.249105">
<ele>668</ele>
</trkpt>
<trkpt lat="33.730195" lon="133.24929305555557">
<ele>668</ele>
</trkpt>
<trkpt lat="33.73026194444444" lon="133.24933">
<ele>668</ele>
</trkpt>
<trkpt lat="33.73035388888889" lon="133.24934305555556">
<ele>668</ele>
</trkpt>
<trkpt lat="33.73048694444444" lon="133.24929305555557">
<ele>668</ele>
</trkpt>
<trkpt lat="33.73091194444444" lon="133.24894194444445">
<ele>669</ele>
</trkpt>
<trkpt lat="33.730986944444446" lon="133.24893">
<ele>669</ele>
</trkpt>
<trkpt lat="33.73167" lon="133.248955">
<ele>668</ele>
</trkpt>
<trkpt lat="33.73200388888889" lon="133.24896694444445">
<ele>669</ele>
</trkpt>
<trkpt lat="33.73220305555556" lon="133.24901694444443">
<ele>668</ele>
</trkpt>
<trkpt lat="33.732236944444445" lon="133.24903">
<ele>668</ele>
</trkpt>
<trkpt lat="33.732303055555555" lon="133.24908">
<ele>668</ele>
</trkpt>
<trkpt lat="33.73267805555555" lon="133.24946694444444">
<ele>669</ele>
</trkpt>
<trkpt lat="33.732945" lon="133.249655">
<ele>675</ele>
</trkpt>
<trkpt lat="33.73322805555556" lon="133.24984194444446">
<ele>667</ele>
</trkpt>
<trkpt lat="33.73343694444444" lon="133.25001694444444">
<ele>662</ele>
</trkpt>
<trkpt lat="33.73347" lon="133.25008">
<ele>663</ele>
</trkpt>
<trkpt lat="33.73347805555556" lon="133.25011694444444">
<ele>664</ele>
</trkpt>
<trkpt lat="33.73347" lon="133.250205">
<ele>664</ele>
</trkpt>
<trkpt lat="33.733445" lon="133.25026694444443">
<ele>666</ele>
</trkpt>
<trkpt lat="33.73337" lon="133.25034194444444">
<ele>667</ele>
</trkpt>
<trkpt lat="33.73277" lon="133.25063">
<ele>666</ele>
</trkpt>
<trkpt lat="33.732745" lon="133.250655">
<ele>666</ele>
</trkpt>
<trkpt lat="33.732711944444446" lon="133.250705">
<ele>667</ele>
</trkpt>
<trkpt lat="33.732686944444445" lon="133.250755">
<ele>667</ele>
</trkpt>
<trkpt lat="33.732645" lon="133.25089194444445">
<ele>668</ele>
</trkpt>
<trkpt lat="33.732545" lon="133.25149194444444">
<ele>667</ele>
</trkpt>
<trkpt lat="33.73242" lon="133.25193">
<ele>666</ele>
</trkpt>
<trkpt lat="33.73242888888889" lon="133.25214194444445">
<ele>666</ele>
</trkpt>
<trkpt lat="33.732461944444445" lon="133.25224194444445">
<ele>667</ele>
</trkpt>
<trkpt lat="33.732596111111114" lon="133.25247194444444">
<ele>667</ele>
</trkpt>
<trkpt lat="33.732596111111114" lon="133.25247194444444">
<ele>667</ele>
</trkpt>
<trkpt lat="33.732686944444445" lon="133.25263">
<ele>668</ele>
</trkpt>
<trkpt lat="33.73292" lon="133.25304194444445">
<ele>668</ele>
</trkpt>
<trkpt lat="33.73301194444444" lon="133.25316694444444">
<ele>669</ele>
</trkpt>
<trkpt lat="33.733061944444444" lon="133.25319194444444">
<ele>669</ele>
</trkpt>
<trkpt lat="33.73316194444445" lon="133.2532038888889">
<ele>669</ele>
</trkpt>
<trkpt lat="33.733395" lon="133.25316694444444">
<ele>669</ele>
</trkpt>
<trkpt lat="33.733578055555554" lon="133.25312888888888">
<ele>669</ele>
</trkpt>
<trkpt lat="33.73368694444444" lon="133.25315388888887">
<ele>669</ele>
</trkpt>
<trkpt lat="33.73377" lon="133.25321694444443">
<ele>669</ele>
</trkpt>
<trkpt lat="33.733803055555555" lon="133.2533038888889">
<ele>669</ele>
</trkpt>
<trkpt lat="33.73381194444445" lon="133.25346694444445">
<ele>669</ele>
</trkpt>
<trkpt lat="33.73377" lon="133.25360388888888">
<ele>669</ele>
</trkpt>
<trkpt lat="33.73367805555556" lon="133.2537538888889">
<ele>669</ele>
</trkpt>
<trkpt lat="33.733553055555554" lon="133.25394194444445">
<ele>668</ele>
</trkpt>
<trkpt lat="33.73347" lon="133.25414194444446">
<ele>669</ele>
</trkpt>
<trkpt lat="33.73342805555556" lon="133.25431694444444">
<ele>668</ele>
</trkpt>
<trkpt lat="33.73342" lon="133.2544038888889">
<ele>669</ele>
</trkpt>
<trkpt lat="33.73342" lon="133.2548038888889">
<ele>673</ele>
</trkpt>
<trkpt lat="33.733445" lon="133.25492888888888">
<ele>677</ele>
</trkpt>
<trkpt lat="33.73340388888889" lon="133.2551288888889">
<ele>673</ele>
</trkpt>
<trkpt lat="33.73337" lon="133.25527888888888">
<ele>674</ele>
</trkpt>
<trkpt lat="33.733311944444445" lon="133.25544194444444">
<ele>670</ele>
</trkpt>
<trkpt lat="33.73321194444444" lon="133.25559194444443">
<ele>672</ele>
</trkpt>
<trkpt lat="33.73321194444444" lon="133.2557038888889">
<ele>671</ele>
</trkpt>
<trkpt lat="33.733245" lon="133.25585388888888">
<ele>674</ele>
</trkpt>
<trkpt lat="33.73332888888889" lon="133.25619194444445">
<ele>673</ele>
</trkpt>
<trkpt lat="33.73337" lon="133.25636694444444">
<ele>671</ele>
</trkpt>
<trkpt lat="33.73340388888889" lon="133.25652888888888">
<ele>669</ele>
</trkpt>
<trkpt lat="33.73360388888889" lon="133.25765388888888">
<ele>670</ele>
</trkpt>
<trkpt lat="33.73362888888889" lon="133.2578288888889">
<ele>675</ele>
</trkpt>
<trkpt lat="33.73358694444445" lon="133.25797888888889">
<ele>678</ele>
</trkpt>
<trkpt lat="33.733486944444444" lon="133.25811694444445">
<ele>680</ele>
</trkpt>
<trkpt lat="33.73330388888889" lon="133.2581538888889">
<ele>678</ele>
</trkpt>
<trkpt lat="33.73307888888889" lon="133.25809194444443">
<ele>677</ele>
</trkpt>
<trkpt lat="33.73277" lon="133.2579288888889">
<ele>677</ele>
</trkpt>
<trkpt lat="33.73220388888889" lon="133.2577038888889">
<ele>678</ele>
</trkpt>
<trkpt lat="33.732145" lon="133.2576288888889">
<ele>676</ele>
</trkpt>
<trkpt lat="33.732103888888886" lon="133.2575788888889">
<ele>680</ele>
</trkpt>
<trkpt lat="33.73205388888889" lon="133.25734194444445">
<ele>677</ele>
</trkpt>
<trkpt lat="33.73202" lon="133.25710388888888">
<ele>673</ele>
</trkpt>
<trkpt lat="33.73196194444444" lon="133.2569538888889">
<ele>674</ele>
</trkpt>
<trkpt lat="33.73190388888889" lon="133.25681694444444">
<ele>673</ele>
</trkpt>
<trkpt lat="33.73182" lon="133.2567288888889">
<ele>673</ele>
</trkpt>
<trkpt lat="33.73166194444445" lon="133.25671694444443">
<ele>672</ele>
</trkpt>
<trkpt lat="33.73152" lon="133.25679194444444">
<ele>673</ele>
</trkpt>
<trkpt lat="33.73142111111111" lon="133.25691694444444">
<ele>673</ele>
</trkpt>
<trkpt lat="33.73127888888889" lon="133.2571288888889">
<ele>674</ele>
</trkpt>
<trkpt lat="33.73114611111111" lon="133.25731694444445">
<ele>673</ele>
</trkpt>
<trkpt lat="33.73103694444445" lon="133.25766694444445">
<ele>675</ele>
</trkpt>
<trkpt lat="33.73104611111111" lon="133.25787888888888">
<ele>675</ele>
</trkpt>
<trkpt lat="33.73105388888889" lon="133.25801694444445">
<ele>675</ele>
</trkpt>
<trkpt lat="33.73106194444444" lon="133.25816694444444">
<ele>675</ele>
</trkpt>
<trkpt lat="33.731003888888885" lon="133.25836694444445">
<ele>676</ele>
</trkpt>
<trkpt lat="33.731003888888885" lon="133.2584788888889">
<ele>676</ele>
</trkpt>
<trkpt lat="33.73099611111111" lon="133.2585288888889">
<ele>673</ele>
</trkpt>
<trkpt lat="33.731028888888886" lon="133.25881694444445">
<ele>675</ele>
</trkpt>
<trkpt lat="33.73095388888889" lon="133.25900388888888">
<ele>673</ele>
</trkpt>
<trkpt lat="33.73094611111111" lon="133.2593288888889">
<ele>673</ele>
</trkpt>
<trkpt lat="33.73095388888889" lon="133.25945388888888">
<ele>672</ele>
</trkpt>
<trkpt lat="33.73102111111111" lon="133.25956694444446">
<ele>674</ele>
</trkpt>
<trkpt lat="33.73117111111111" lon="133.25959194444445">
<ele>674</ele>
</trkpt>
<trkpt lat="33.73164611111111" lon="133.25949194444445">
<ele>675</ele>
</trkpt>
<trkpt lat="33.731746111111114" lon="133.25946694444445">
<ele>675</ele>
</trkpt>
<trkpt lat="33.73182111111111" lon="133.25949194444445">
<ele>675</ele>
</trkpt>
<trkpt lat="33.73191194444444" lon="133.25951694444444">
<ele>676</ele>
</trkpt>
<trkpt lat="33.73202888888889" lon="133.25957888888888">
<ele>674</ele>
</trkpt>
<trkpt lat="33.73218694444444" lon="133.25960388888888">
<ele>675</ele>
</trkpt>
<trkpt lat="33.732261944444446" lon="133.25966694444443">
<ele>677</ele>
</trkpt>
<trkpt lat="33.73227888888889" lon="133.2597788888889">
<ele>675</ele>
</trkpt>
<trkpt lat="33.732236944444445" lon="133.25982888888888">
<ele>675</ele>
</trkpt>
<trkpt lat="33.73218694444444" lon="133.2598788888889">
<ele>674</ele>
</trkpt>
<trkpt lat="33.73211194444445" lon="133.25991694444446">
<ele>676</ele>
</trkpt>
<trkpt lat="33.73191194444444" lon="133.2600038888889">
<ele>675</ele>
</trkpt>
<trkpt lat="33.73159611111111" lon="133.26027888888888">
<ele>673</ele>
</trkpt>
<trkpt lat="33.73146194444445" lon="133.26047888888888">
<ele>674</ele>
</trkpt>
<trkpt lat="33.73142111111111" lon="133.26070388888888">
<ele>673</ele>
</trkpt>
<trkpt lat="33.73147111111111" lon="133.2608538888889">
<ele>675</ele>
</trkpt>
<trkpt lat="33.73172111111111" lon="133.26107888888887">
<ele>676</ele>
</trkpt>
<trkpt lat="33.73189611111111" lon="133.26130388888888">
<ele>677</ele>
</trkpt>
<trkpt lat="33.73193694444444" lon="133.26137888888888">
<ele>675</ele>
</trkpt>
<trkpt lat="33.73208694444445" lon="133.2616538888889">
<ele>674</ele>
</trkpt>
<trkpt lat="33.732211944444444" lon="133.2618038888889">
<ele>672</ele>
</trkpt>
<trkpt lat="33.732503888888886" lon="133.26206611111112">
<ele>675</ele>
</trkpt>
<trkpt lat="33.732528888888886" lon="133.2621038888889">
<ele>675</ele>
</trkpt>
<trkpt lat="33.73253694444445" lon="133.26219111111112">
<ele>672</ele>
</trkpt>
<trkpt lat="33.73252111111111" lon="133.2622661111111">
<ele>675</ele>
</trkpt>
<trkpt lat="33.73247111111111" lon="133.2623411111111">
<ele>678</ele>
</trkpt>
<trkpt lat="33.732371111111114" lon="133.2623788888889">
<ele>677</ele>
</trkpt>
<trkpt lat="33.732286944444446" lon="133.2623661111111">
<ele>676</ele>
</trkpt>
<trkpt lat="33.73187111111111" lon="133.2622288888889">
<ele>676</ele>
</trkpt>
<trkpt lat="33.73170388888889" lon="133.2621661111111">
<ele>673</ele>
</trkpt>
<trkpt lat="33.731561944444444" lon="133.2621288888889">
<ele>673</ele>
</trkpt>
<trkpt lat="33.731428888888885" lon="133.2621661111111">
<ele>673</ele>
</trkpt>
<trkpt lat="33.73137111111111" lon="133.2622788888889">
<ele>673</ele>
</trkpt>
<trkpt lat="33.731361944444444" lon="133.26240388888888">
<ele>673</ele>
</trkpt>
<trkpt lat="33.731428888888885" lon="133.2627161111111">
<ele>674</ele>
</trkpt>
<trkpt lat="33.73142111111111" lon="133.2627911111111">
<ele>674</ele>
</trkpt>
<trkpt lat="33.73137111111111" lon="133.2629288888889">
<ele>675</ele>
</trkpt>
<trkpt lat="33.731296111111114" lon="133.26311611111112">
<ele>674</ele>
</trkpt>
<trkpt lat="33.73117111111111" lon="133.2637161111111">
<ele>676</ele>
</trkpt>
<trkpt lat="33.730961944444445" lon="133.26411611111112">
<ele>676</ele>
</trkpt>
<trkpt lat="33.730578888888886" lon="133.26457888888888">
<ele>676</ele>
</trkpt>
<trkpt lat="33.73052888888889" lon="133.2647038888889">
<ele>676</ele>
</trkpt>
<trkpt lat="33.73054611111111" lon="133.2648288888889">
<ele>674</ele>
</trkpt>
<trkpt lat="33.73061194444445" lon="133.26490388888888">
<ele>673</ele>
</trkpt>
<trkpt lat="33.73088694444444" lon="133.26504111111112">
<ele>674</ele>
</trkpt>
<trkpt lat="33.73111194444444" lon="133.26515388888888">
<ele>678</ele>
</trkpt>
<trkpt lat="33.73114611111111" lon="133.26526611111112">
<ele>676</ele>
</trkpt>
<trkpt lat="33.73112111111111" lon="133.26535388888888">
<ele>676</ele>
</trkpt>
<trkpt lat="33.731028888888886" lon="133.2654288888889">
<ele>675</ele>
</trkpt>
<trkpt lat="33.73082888888889" lon="133.26546611111112">
<ele>675</ele>
</trkpt>
<trkpt lat="33.73059611111111" lon="133.26559111111112">
<ele>677</ele>
</trkpt>
<trkpt lat="33.73045388888889" lon="133.26560388888888">
<ele>676</ele>
</trkpt>
<trkpt lat="33.73020388888889" lon="133.2655161111111">
<ele>673</ele>
</trkpt>
<trkpt lat="33.73009611111111" lon="133.2655161111111">
<ele>673</ele>
</trkpt>
<trkpt lat="33.730063055555554" lon="133.2655288888889">
<ele>673</ele>
</trkpt>
<trkpt lat="33.73000388888889" lon="133.2655411111111">
<ele>673</ele>
</trkpt>
<trkpt lat="33.72993694444445" lon="133.26560388888888">
<ele>674</ele>
</trkpt>
<trkpt lat="33.72975388888889" lon="133.26581611111112">
<ele>676</ele>
</trkpt>
<trkpt lat="33.72962888888889" lon="133.2658911111111">
<ele>676</ele>
</trkpt>
<trkpt lat="33.72955388888889" lon="133.26594111111112">
<ele>673</ele>
</trkpt>
<trkpt lat="33.72947888888889" lon="133.26604111111112">
<ele>675</ele>
</trkpt>
<trkpt lat="33.72944611111111" lon="133.26626611111112">
<ele>676</ele>
</trkpt>
<trkpt lat="33.72944611111111" lon="133.2665538888889">
<ele>676</ele>
</trkpt>
<trkpt lat="33.72948805555556" lon="133.2667911111111">
<ele>674</ele>
</trkpt>
<trkpt lat="33.72957888888889" lon="133.26694111111112">
<ele>675</ele>
</trkpt>
<trkpt lat="33.72979611111111" lon="133.26715388888888">
<ele>678</ele>
</trkpt>
<trkpt lat="33.72992111111111" lon="133.2675911111111">
<ele>677</ele>
</trkpt>
<trkpt lat="33.729911944444446" lon="133.26775388888888">
<ele>676</ele>
</trkpt>
<trkpt lat="33.72964611111111" lon="133.2677788888889">
<ele>674</ele>
</trkpt>
<trkpt lat="33.72958805555555" lon="133.2678038888889">
<ele>674</ele>
</trkpt>
<trkpt lat="33.72957111111111" lon="133.2678911111111">
<ele>674</ele>
</trkpt>
<trkpt lat="33.72957111111111" lon="133.2681661111111">
<ele>675</ele>
</trkpt>
<trkpt lat="33.72954611111111" lon="133.2686161111111">
<ele>673</ele>
</trkpt>
<trkpt lat="33.72951305555556" lon="133.26887888888888">
<ele>675</ele>
</trkpt>
<trkpt lat="33.72942888888889" lon="133.2690411111111">
<ele>674</ele>
</trkpt>
<trkpt lat="33.729238055555555" lon="133.26934111111112">
<ele>677</ele>
</trkpt>
<trkpt lat="33.72900388888889" lon="133.26962805555556">
<ele>677</ele>
</trkpt>
<trkpt lat="33.72890388888889" lon="133.26970305555557">
<ele>677</ele>
</trkpt>
<trkpt lat="33.728588055555555" lon="133.2698411111111">
<ele>674</ele>
</trkpt>
<trkpt lat="33.72839611111111" lon="133.2699661111111">
<ele>675</ele>
</trkpt>
<trkpt lat="33.728188055555556" lon="133.27002805555554">
<ele>676</ele>
</trkpt>
<trkpt lat="33.727688055555554" lon="133.27002805555554">
<ele>675</ele>
</trkpt>
<trkpt lat="33.72733" lon="133.26997805555555">
<ele>671</ele>
</trkpt>
<trkpt lat="33.727155" lon="133.26995305555556">
<ele>671</ele>
</trkpt>
<trkpt lat="33.727088055555555" lon="133.26997805555555">
<ele>671</ele>
</trkpt>
<trkpt lat="33.727046111111115" lon="133.27005305555556">
<ele>673</ele>
</trkpt>
<trkpt lat="33.727063055555554" lon="133.27012805555555">
<ele>674</ele>
</trkpt>
<trkpt lat="33.727105" lon="133.27022805555555">
<ele>672</ele>
</trkpt>
<trkpt lat="33.727313055555555" lon="133.27059111111112">
<ele>675</ele>
</trkpt>
<trkpt lat="33.72742111111111" lon="133.27077805555555">
<ele>673</ele>
</trkpt>
<trkpt lat="33.72749611111111" lon="133.2708661111111">
<ele>676</ele>
</trkpt>
<trkpt lat="33.72778" lon="133.2709411111111">
<ele>677</ele>
</trkpt>
<trkpt lat="33.72788" lon="133.2709911111111">
<ele>677</ele>
</trkpt>
<trkpt lat="33.727938055555555" lon="133.27102805555555">
<ele>675</ele>
</trkpt>
<trkpt lat="33.72807111111111" lon="133.27114111111112">
<ele>675</ele>
</trkpt>
<trkpt lat="33.728188055555556" lon="133.2712161111111">
<ele>675</ele>
</trkpt>
<trkpt lat="33.72835388888889" lon="133.27122805555555">
<ele>674</ele>
</trkpt>
<trkpt lat="33.72843805555556" lon="133.27125305555555">
<ele>674</ele>
</trkpt>
<trkpt lat="33.72853805555555" lon="133.27132805555556">
<ele>675</ele>
</trkpt>
<trkpt lat="33.72867111111111" lon="133.2713411111111">
<ele>673</ele>
</trkpt>
<trkpt lat="33.72917888888889" lon="133.27135305555555">
<ele>675</ele>
</trkpt>
<trkpt lat="33.72929611111111" lon="133.27136611111112">
<ele>676</ele>
</trkpt>
<trkpt lat="33.72940388888889" lon="133.2714161111111">
<ele>678</ele>
</trkpt>
<trkpt lat="33.72947111111111" lon="133.27149111111112">
<ele>677</ele>
</trkpt>
<trkpt lat="33.729821111111114" lon="133.27212805555556">
<ele>674</ele>
</trkpt>
<trkpt lat="33.72992888888889" lon="133.27220305555556">
<ele>677</ele>
</trkpt>
<trkpt lat="33.73032888888889" lon="133.2723161111111">
<ele>677</ele>
</trkpt>
<trkpt lat="33.730511944444444" lon="133.2724161111111">
<ele>678</ele>
</trkpt>
<trkpt lat="33.73055388888889" lon="133.2724661111111">
<ele>675</ele>
</trkpt>
<trkpt lat="33.730536944444445" lon="133.2726411111111">
<ele>673</ele>
</trkpt>
<trkpt lat="33.73041305555556" lon="133.27285305555554">
<ele>672</ele>
</trkpt>
<trkpt lat="33.73039611111111" lon="133.27300305555556">
<ele>675</ele>
</trkpt>
<trkpt lat="33.73037111111111" lon="133.2732661111111">
<ele>676</ele>
</trkpt>
<trkpt lat="33.73037111111111" lon="133.2736911111111">
<ele>676</ele>
</trkpt>
<trkpt lat="33.73032111111111" lon="133.27396611111112">
<ele>673</ele>
</trkpt>
<trkpt lat="33.73030388888889" lon="133.2741161111111">
<ele>673</ele>
</trkpt>
<trkpt lat="33.730338055555556" lon="133.27437805555556">
<ele>677</ele>
</trkpt>
<trkpt lat="33.730338055555556" lon="133.27442805555555">
<ele>677</ele>
</trkpt>
<trkpt lat="33.73027111111111" lon="133.27457805555557">
<ele>674</ele>
</trkpt>
<trkpt lat="33.730263055555554" lon="133.2746911111111">
<ele>674</ele>
</trkpt>
<trkpt lat="33.730288055555555" lon="133.27490305555557">
<ele>676</ele>
</trkpt>
<trkpt lat="33.73017111111111" lon="133.27524111111111">
<ele>675</ele>
</trkpt>
<trkpt lat="33.73014611111111" lon="133.27532805555555">
<ele>675</ele>
</trkpt>
<trkpt lat="33.73014611111111" lon="133.27540888888888">
<ele>678</ele>
</trkpt>
<trkpt lat="33.73014611111111" lon="133.27540888888888">
<ele>678</ele>
</trkpt>
<trkpt lat="33.73014611111111" lon="133.27545305555554">
<ele>680</ele>
</trkpt>
<trkpt lat="33.730153888888886" lon="133.27555305555555">
<ele>680</ele>
</trkpt>
<trkpt lat="33.73019611111111" lon="133.27562805555556">
<ele>681</ele>
</trkpt>
<trkpt lat="33.73027888888889" lon="133.27575305555555">
<ele>682</ele>
</trkpt>
<trkpt lat="33.73032111111111" lon="133.27577805555555">
<ele>680</ele>
</trkpt>
<trkpt lat="33.730378888888886" lon="133.27579111111112">
<ele>680</ele>
</trkpt>
<trkpt lat="33.73050388888889" lon="133.27577805555555">
<ele>677</ele>
</trkpt>
<trkpt lat="33.730803888888886" lon="133.27569111111112">
<ele>674</ele>
</trkpt>
<trkpt lat="33.730896111111115" lon="133.27566611111112">
<ele>676</ele>
</trkpt>
<trkpt lat="33.73123805555556" lon="133.27565305555555">
<ele>676</ele>
</trkpt>
<trkpt lat="33.73159611111111" lon="133.27562805555556">
<ele>676</ele>
</trkpt>
<trkpt lat="33.73190388888889" lon="133.2756411111111">
<ele>677</ele>
</trkpt>
<trkpt lat="33.732213055555555" lon="133.27572805555556">
<ele>676</ele>
</trkpt>
<trkpt lat="33.73232111111111" lon="133.2758161111111">
<ele>674</ele>
</trkpt>
<trkpt lat="33.73232111111111" lon="133.27589111111112">
<ele>674</ele>
</trkpt>
<trkpt lat="33.73232111111111" lon="133.2759411111111">
<ele>674</ele>
</trkpt>
<trkpt lat="33.73229611111111" lon="133.27601611111112">
<ele>676</ele>
</trkpt>
<trkpt lat="33.73208694444445" lon="133.27620305555556">
<ele>673</ele>
</trkpt>
<trkpt lat="33.731878888888886" lon="133.27629">
<ele>673</ele>
</trkpt>
<trkpt lat="33.731746111111114" lon="133.27634">
<ele>674</ele>
</trkpt>
<trkpt lat="33.73169611111111" lon="133.27640305555556">
<ele>674</ele>
</trkpt>
<trkpt lat="33.73155388888889" lon="133.276615">
<ele>674</ele>
</trkpt>
<trkpt lat="33.731321111111114" lon="133.27692805555554">
<ele>675</ele>
</trkpt>
<trkpt lat="33.73104611111111" lon="133.27719">
<ele>674</ele>
</trkpt>
<trkpt lat="33.73099611111111" lon="133.27729">
<ele>672</ele>
</trkpt>
<trkpt lat="33.73099611111111" lon="133.277365">
<ele>672</ele>
</trkpt>
<trkpt lat="33.73108805555555" lon="133.27755305555556">
<ele>674</ele>
</trkpt>
<trkpt lat="33.73117111111111" lon="133.27767805555555">
<ele>674</ele>
</trkpt>
<trkpt lat="33.73124611111111" lon="133.27807805555557">
<ele>673</ele>
</trkpt>
<trkpt lat="33.73130388888889" lon="133.278215">
<ele>672</ele>
</trkpt>
<trkpt lat="33.731521111111114" lon="133.27839">
<ele>674</ele>
</trkpt>
<trkpt lat="33.731588055555555" lon="133.27842805555557">
<ele>677</ele>
</trkpt>
<trkpt lat="33.73162888888889" lon="133.27854">
<ele>675</ele>
</trkpt>
<trkpt lat="33.73162111111111" lon="133.27864">
<ele>674</ele>
</trkpt>
<trkpt lat="33.731563055555554" lon="133.278815">
<ele>674</ele>
</trkpt>
<trkpt lat="33.73155388888889" lon="133.278915">
<ele>671</ele>
</trkpt>
<trkpt lat="33.731563055555554" lon="133.27924">
<ele>674</ele>
</trkpt>
<trkpt lat="33.731588055555555" lon="133.27944">
<ele>673</ele>
</trkpt>
<trkpt lat="33.73160388888889" lon="133.27950305555555">
<ele>672</ele>
</trkpt>
<trkpt lat="33.73164611111111" lon="133.27954">
<ele>672</ele>
</trkpt>
<trkpt lat="33.73173805555555" lon="133.27955194444445">
<ele>673</ele>
</trkpt>
<trkpt lat="33.73193805555555" lon="133.27950305555555">
<ele>674</ele>
</trkpt>
<trkpt lat="33.73212888888889" lon="133.27947805555556">
<ele>673</ele>
</trkpt>
<trkpt lat="33.732171111111114" lon="133.27945305555556">
<ele>673</ele>
</trkpt>
<trkpt lat="33.73232111111111" lon="133.27932805555557">
<ele>678</ele>
</trkpt>
<trkpt lat="33.732371111111114" lon="133.27927805555555">
<ele>678</ele>
</trkpt>
<trkpt lat="33.73242888888889" lon="133.27927805555555">
<ele>678</ele>
</trkpt>
<trkpt lat="33.732463055555556" lon="133.27930305555554">
<ele>679</ele>
</trkpt>
<trkpt lat="33.732528888888886" lon="133.279465">
<ele>675</ele>
</trkpt>
<trkpt lat="33.73270388888889" lon="133.27970305555556">
<ele>675</ele>
</trkpt>
<trkpt lat="33.73297111111111" lon="133.28000194444445">
<ele>672</ele>
</trkpt>
<trkpt lat="33.73312888888889" lon="133.280115">
<ele>673</ele>
</trkpt>
<trkpt lat="33.73323805555555" lon="133.28015194444444">
<ele>675</ele>
</trkpt>
<trkpt lat="33.73327111111111" lon="133.28017694444443">
<ele>675</ele>
</trkpt>
<trkpt lat="33.73336305555556" lon="133.280315">
<ele>675</ele>
</trkpt>
<trkpt lat="33.73347888888889" lon="133.28044">
<ele>674</ele>
</trkpt>
<trkpt lat="33.73362111111111" lon="133.280515">
<ele>673</ele>
</trkpt>
<trkpt lat="33.73386305555555" lon="133.28057805555557">
<ele>669</ele>
</trkpt>
<trkpt lat="33.73397888888889" lon="133.28060305555556">
<ele>665</ele>
</trkpt>
<trkpt lat="33.73419611111111" lon="133.280615">
<ele>666</ele>
</trkpt>
<trkpt lat="33.734321111111115" lon="133.28062805555555">
<ele>667</ele>
</trkpt>
<trkpt lat="33.73440388888889" lon="133.28067694444445">
<ele>666</ele>
</trkpt>
<trkpt lat="33.73442111111111" lon="133.28074">
<ele>666</ele>
</trkpt>
<trkpt lat="33.73440388888889" lon="133.28085305555555">
<ele>665</ele>
</trkpt>
<trkpt lat="33.73435388888889" lon="133.28092694444445">
<ele>668</ele>
</trkpt>
<trkpt lat="33.734228888888886" lon="133.28100194444445">
<ele>668</ele>
</trkpt>
<trkpt lat="33.73358694444445" lon="133.28117694444444">
<ele>666</ele>
</trkpt>
<trkpt lat="33.73342888888889" lon="133.28120305555555">
<ele>666</ele>
</trkpt>
<trkpt lat="33.73330388888889" lon="133.28120305555555">
<ele>666</ele>
</trkpt>
<trkpt lat="33.73317888888889" lon="133.281165">
<ele>667</ele>
</trkpt>
<trkpt lat="33.73293694444445" lon="133.28109">
<ele>666</ele>
</trkpt>
<trkpt lat="33.73262111111111" lon="133.28104">
<ele>667</ele>
</trkpt>
<trkpt lat="33.732213055555555" lon="133.28085305555555">
<ele>666</ele>
</trkpt>
<trkpt lat="33.732103888888886" lon="133.28082805555556">
<ele>666</ele>
</trkpt>
<trkpt lat="33.73190388888889" lon="133.280815">
<ele>666</ele>
</trkpt>
<trkpt lat="33.73175388888889" lon="133.280865">
<ele>666</ele>
</trkpt>
<trkpt lat="33.73153805555555" lon="133.28099">
<ele>666</ele>
</trkpt>
<trkpt lat="33.731321111111114" lon="133.28105194444444">
<ele>667</ele>
</trkpt>
<trkpt lat="33.73112888888889" lon="133.28112694444445">
<ele>668</ele>
</trkpt>
<trkpt lat="33.73107111111111" lon="133.28117694444444">
<ele>668</ele>
</trkpt>
<trkpt lat="33.730963055555556" lon="133.281415">
<ele>668</ele>
</trkpt>
<trkpt lat="33.73086305555555" lon="133.28157805555554">
<ele>668</ele>
</trkpt>
<trkpt lat="33.73075388888889" lon="133.281715">
<ele>667</ele>
</trkpt>
<trkpt lat="33.730713055555555" lon="133.28184">
<ele>668</ele>
</trkpt>
<trkpt lat="33.73072111111111" lon="133.28212805555555">
<ele>668</ele>
</trkpt>
<trkpt lat="33.730688055555554" lon="133.28227694444445">
<ele>668</ele>
</trkpt>
<trkpt lat="33.73059611111111" lon="133.28242694444444">
<ele>668</ele>
</trkpt>
<trkpt lat="33.730538055555556" lon="133.28259">
<ele>668</ele>
</trkpt>
<trkpt lat="33.73057111111111" lon="133.28294">
<ele>669</ele>
</trkpt>
<trkpt lat="33.73052111111111" lon="133.28312694444443">
<ele>668</ele>
</trkpt>
<trkpt lat="33.73038805555556" lon="133.28337694444446">
<ele>669</ele>
</trkpt>
<trkpt lat="33.730355" lon="133.28357694444443">
<ele>669</ele>
</trkpt>
<trkpt lat="33.730305" lon="133.28370194444443">
<ele>669</ele>
</trkpt>
<trkpt lat="33.730155" lon="133.283815">
<ele>669</ele>
</trkpt>
<trkpt lat="33.73004611111111" lon="133.28394">
<ele>667</ele>
</trkpt>
<trkpt lat="33.73001305555555" lon="133.284065">
<ele>667</ele>
</trkpt>
<trkpt lat="33.730063055555554" lon="133.28419">
<ele>668</ele>
</trkpt>
<trkpt lat="33.730063055555554" lon="133.28437694444443">
<ele>669</ele>
</trkpt>
<trkpt lat="33.73004611111111" lon="133.28459">
<ele>672</ele>
</trkpt>
<trkpt lat="33.73003805555555" lon="133.28465194444445">
<ele>672</ele>
</trkpt>
<trkpt lat="33.729955" lon="133.28484">
<ele>666</ele>
</trkpt>
<trkpt lat="33.729905" lon="133.284965">
<ele>665</ele>
</trkpt>
<trkpt lat="33.729905" lon="133.28510194444445">
<ele>664</ele>
</trkpt>
<trkpt lat="33.72996305555556" lon="133.28517694444446">
<ele>663</ele>
</trkpt>
<trkpt lat="33.73036305555556" lon="133.28525194444444">
<ele>665</ele>
</trkpt>
<trkpt lat="33.73048" lon="133.285365">
<ele>663</ele>
</trkpt>
<trkpt lat="33.73059611111111" lon="133.285615">
<ele>654</ele>
</trkpt>
<trkpt lat="33.730671111111114" lon="133.285715">
<ele>654</ele>
</trkpt>
<trkpt lat="33.73086305555555" lon="133.28585194444443">
<ele>653</ele>
</trkpt>
<trkpt lat="33.730913055555554" lon="133.28595194444443">
<ele>649</ele>
</trkpt>
<trkpt lat="33.73093" lon="133.28605194444444">
<ele>647</ele>
</trkpt>
<trkpt lat="33.73092111111111" lon="133.28610194444445">
<ele>647</ele>
</trkpt>
<trkpt lat="33.73088805555555" lon="133.28617694444443">
<ele>645</ele>
</trkpt>
<trkpt lat="33.73073" lon="133.28622694444445">
<ele>647</ele>
</trkpt>
<trkpt lat="33.73037111111111" lon="133.2862388888889">
<ele>647</ele>
</trkpt>
<trkpt lat="33.730205" lon="133.2861888888889">
<ele>645</ele>
</trkpt>
<trkpt lat="33.729855" lon="133.2860388888889">
<ele>643</ele>
</trkpt>
<trkpt lat="33.72978" lon="133.28602694444444">
<ele>643</ele>
</trkpt>
<trkpt lat="33.72963" lon="133.28605194444444">
<ele>642</ele>
</trkpt>
<trkpt lat="33.729596944444445" lon="133.28617694444443">
<ele>643</ele>
</trkpt>
<trkpt lat="33.729688055555556" lon="133.28672694444444">
<ele>645</ele>
</trkpt>
<trkpt lat="33.72972194444444" lon="133.28707694444444">
<ele>644</ele>
</trkpt>
<trkpt lat="33.72972194444444" lon="133.28723888888888">
<ele>641</ele>
</trkpt>
<trkpt lat="33.72968" lon="133.28742694444443">
<ele>637</ele>
</trkpt>
<trkpt lat="33.72952194444444" lon="133.28770194444445">
<ele>634</ele>
</trkpt>
<trkpt lat="33.72932194444444" lon="133.28810194444443">
<ele>633</ele>
</trkpt>
<trkpt lat="33.72927194444444" lon="133.2881638888889">
<ele>635</ele>
</trkpt>
<trkpt lat="33.729205" lon="133.28820194444444">
<ele>633</ele>
</trkpt>
<trkpt lat="33.72908" lon="133.2882888888889">
<ele>633</ele>
</trkpt>
<trkpt lat="33.729013055555555" lon="133.28837694444445">
<ele>635</ele>
</trkpt>
<trkpt lat="33.728921944444444" lon="133.28850194444445">
<ele>633</ele>
</trkpt>
<trkpt lat="33.72878" lon="133.2888888888889">
<ele>631</ele>
</trkpt>
<trkpt lat="33.728763055555554" lon="133.2891138888889">
<ele>624</ele>
</trkpt>
<trkpt lat="33.728746944444445" lon="133.2892138888889">
<ele>624</ele>
</trkpt>
<trkpt lat="33.728721944444445" lon="133.28926388888888">
<ele>625</ele>
</trkpt>
<trkpt lat="33.728555" lon="133.28940194444445">
<ele>622</ele>
</trkpt>
<trkpt lat="33.72837194444445" lon="133.28970194444443">
<ele>624</ele>
</trkpt>
<trkpt lat="33.72826388888889" lon="133.28982694444446">
<ele>623</ele>
</trkpt>
<trkpt lat="33.728155" lon="133.2899888888889">
<ele>621</ele>
</trkpt>
<trkpt lat="33.72804694444444" lon="133.29027694444446">
<ele>613</ele>
</trkpt>
<trkpt lat="33.72788888888889" lon="133.29083888888889">
<ele>609</ele>
</trkpt>
<trkpt lat="33.727846944444444" lon="133.29105194444443">
<ele>610</ele>
</trkpt>
<trkpt lat="33.727905" lon="133.29125194444444">
<ele>614</ele>
</trkpt>
<trkpt lat="33.72798888888889" lon="133.2914638888889">
<ele>606</ele>
</trkpt>
<trkpt lat="33.72801388888889" lon="133.29166388888888">
<ele>608</ele>
</trkpt>
<trkpt lat="33.72804694444444" lon="133.29177694444445">
<ele>607</ele>
</trkpt>
<trkpt lat="33.72812388888889" lon="133.29197305555556">
<ele>605</ele>
</trkpt>
<trkpt lat="33.72812388888889" lon="133.29197305555556">
<ele>605</ele>
</trkpt>
<trkpt lat="33.72818" lon="133.29211388888888">
<ele>605</ele>
</trkpt>
<trkpt lat="33.72819694444444" lon="133.2922011111111">
<ele>605</ele>
</trkpt>
<trkpt lat="33.72819694444444" lon="133.2922761111111">
<ele>603</ele>
</trkpt>
<trkpt lat="33.728163888888886" lon="133.29253888888888">
<ele>602</ele>
</trkpt>
<trkpt lat="33.72817194444445" lon="133.2926388888889">
<ele>601</ele>
</trkpt>
<trkpt lat="33.728205" lon="133.29288888888888">
<ele>599</ele>
</trkpt>
<trkpt lat="33.72824694444444" lon="133.2929761111111">
<ele>602</ele>
</trkpt>
<trkpt lat="33.72842194444444" lon="133.29322611111112">
<ele>603</ele>
</trkpt>
<trkpt lat="33.72844694444444" lon="133.2932638888889">
<ele>606</ele>
</trkpt>
<trkpt lat="33.72846388888889" lon="133.29335111111112">
<ele>605</ele>
</trkpt>
<trkpt lat="33.72846388888889" lon="133.2933888888889">
<ele>605</ele>
</trkpt>
<trkpt lat="33.72844694444444" lon="133.2935138888889">
<ele>605</ele>
</trkpt>
<trkpt lat="33.728405" lon="133.2936511111111">
<ele>602</ele>
</trkpt>
<trkpt lat="33.728405" lon="133.2937388888889">
<ele>602</ele>
</trkpt>
<trkpt lat="33.72847194444444" lon="133.2938888888889">
<ele>604</ele>
</trkpt>
<trkpt lat="33.72851388888889" lon="133.2939761111111">
<ele>603</ele>
</trkpt>
<trkpt lat="33.72858" lon="133.2942261111111">
<ele>604</ele>
</trkpt>
<trkpt lat="33.72862194444444" lon="133.29468888888889">
<ele>598</ele>
</trkpt>
<trkpt lat="33.728605" lon="133.2950138888889">
<ele>589</ele>
</trkpt>
<trkpt lat="33.72868888888889" lon="133.2955761111111">
<ele>588</ele>
</trkpt>
<trkpt lat="33.72879694444445" lon="133.2970138888889">
<ele>589</ele>
</trkpt>
<trkpt lat="33.72882194444445" lon="133.29800111111112">
<ele>595</ele>
</trkpt>
<trkpt lat="33.72883" lon="133.29831305555555">
<ele>594</ele>
</trkpt>
<trkpt lat="33.72876388888889" lon="133.30016305555554">
<ele>592</ele>
</trkpt>
<trkpt lat="33.728746944444445" lon="133.30107611111112">
<ele>591</ele>
</trkpt>
<trkpt lat="33.72873" lon="133.30196305555555">
<ele>585</ele>
</trkpt>
<trkpt lat="33.728705" lon="133.30240111111112">
<ele>584</ele>
</trkpt>
<trkpt lat="33.72863" lon="133.3027261111111">
<ele>582</ele>
</trkpt>
<trkpt lat="33.728521944444445" lon="133.30307611111112">
<ele>581</ele>
</trkpt>
<trkpt lat="33.72838888888889" lon="133.3034011111111">
<ele>582</ele>
</trkpt>
<trkpt lat="33.72828111111111" lon="133.30358805555557">
<ele>581</ele>
</trkpt>
<trkpt lat="33.72801388888889" lon="133.3039761111111">
<ele>581</ele>
</trkpt>
<trkpt lat="33.72752194444445" lon="133.30456305555555">
<ele>583</ele>
</trkpt>
<trkpt lat="33.72718888888889" lon="133.304875">
<ele>582</ele>
</trkpt>
<trkpt lat="33.72624694444445" lon="133.305575">
<ele>580</ele>
</trkpt>
<trkpt lat="33.726121944444444" lon="133.305775">
<ele>579</ele>
</trkpt>
<trkpt lat="33.726081111111114" lon="133.306">
<ele>579</ele>
</trkpt>
<trkpt lat="33.72603888888889" lon="133.306275">
<ele>582</ele>
</trkpt>
<trkpt lat="33.725923055555555" lon="133.30675">
<ele>584</ele>
</trkpt>
<trkpt lat="33.72585611111111" lon="133.30696305555554">
<ele>583</ele>
</trkpt>
<trkpt lat="33.72576388888889" lon="133.307175">
<ele>583</ele>
</trkpt>
<trkpt lat="33.72564805555555" lon="133.30756194444444">
<ele>584</ele>
</trkpt>
<trkpt lat="33.725588888888886" lon="133.30778805555556">
<ele>585</ele>
</trkpt>
<trkpt lat="33.72553888888889" lon="133.3084">
<ele>583</ele>
</trkpt>
<trkpt lat="33.725496944444444" lon="133.3087">
<ele>584</ele>
</trkpt>
<trkpt lat="33.725473055555554" lon="133.30885">
<ele>586</ele>
</trkpt>
<trkpt lat="33.725273055555554" lon="133.309675">
<ele>583</ele>
</trkpt>
<trkpt lat="33.725363888888886" lon="133.30983694444444">
<ele>585</ele>
</trkpt>
<trkpt lat="33.72548111111111" lon="133.31021194444443">
<ele>588</ele>
</trkpt>
<trkpt lat="33.72561388888889" lon="133.310675">
<ele>595</ele>
</trkpt>
<trkpt lat="33.72576388888889" lon="133.3113">
<ele>596</ele>
</trkpt>
<trkpt lat="33.72578111111111" lon="133.31173694444445">
<ele>599</ele>
</trkpt>
<trkpt lat="33.725496944444444" lon="133.3132738888889">
<ele>597</ele>
</trkpt>
<trkpt lat="33.725473055555554" lon="133.31366194444445">
<ele>598</ele>
</trkpt>
<trkpt lat="33.725521944444445" lon="133.31397388888888">
<ele>595</ele>
</trkpt>
<trkpt lat="33.72575611111111" lon="133.31421194444445">
<ele>594</ele>
</trkpt>
<trkpt lat="33.72609805555555" lon="133.3143738888889">
<ele>594</ele>
</trkpt>
<trkpt lat="33.72627305555555" lon="133.31452388888889">
<ele>596</ele>
</trkpt>
<trkpt lat="33.72638111111111" lon="133.31467388888888">
<ele>594</ele>
</trkpt>
<trkpt lat="33.72648888888889" lon="133.3148488888889">
<ele>595</ele>
</trkpt>
<trkpt lat="33.72678888888889" lon="133.3156238888889">
<ele>597</ele>
</trkpt>
<trkpt lat="33.72694805555555" lon="133.3159488888889">
<ele>594</ele>
</trkpt>
<trkpt lat="33.72713888888889" lon="133.31621194444443">
<ele>596</ele>
</trkpt>
<trkpt lat="33.72733111111111" lon="133.3163988888889">
<ele>593</ele>
</trkpt>
<trkpt lat="33.72772194444445" lon="133.31661194444445">
<ele>595</ele>
</trkpt>
<trkpt lat="33.72790611111111" lon="133.3167488888889">
<ele>595</ele>
</trkpt>
<trkpt lat="33.72824694444444" lon="133.3170988888889">
<ele>597</ele>
</trkpt>
<trkpt lat="33.72839694444444" lon="133.3172988888889">
<ele>596</ele>
</trkpt>
<trkpt lat="33.72850611111111" lon="133.31747388888888">
<ele>594</ele>
</trkpt>
<trkpt lat="33.72857194444445" lon="133.31761111111112">
<ele>596</ele>
</trkpt>
<trkpt lat="33.72860611111111" lon="133.3177488888889">
<ele>596</ele>
</trkpt>
<trkpt lat="33.72863111111111" lon="133.3183488888889">
<ele>594</ele>
</trkpt>
<trkpt lat="33.72863888888889" lon="133.3190238888889">
<ele>594</ele>
</trkpt>
<trkpt lat="33.728656111111114" lon="133.31999888888888">
<ele>584</ele>
</trkpt>
<trkpt lat="33.728721944444445" lon="133.32056111111112">
<ele>582</ele>
</trkpt>
<trkpt lat="33.728721944444445" lon="133.3212111111111">
<ele>575</ele>
</trkpt>
<trkpt lat="33.728746944444445" lon="133.32157388888888">
<ele>573</ele>
</trkpt>
<trkpt lat="33.72879694444445" lon="133.3218238888889">
<ele>574</ele>
</trkpt>
<trkpt lat="33.728921944444444" lon="133.32216111111111">
<ele>575</ele>
</trkpt>
<trkpt lat="33.72978888888889" lon="133.32383611111112">
<ele>574</ele>
</trkpt>
<trkpt lat="33.730246944444445" lon="133.32469805555556">
<ele>574</ele>
</trkpt>
<trkpt lat="33.730555" lon="133.32524805555556">
<ele>582</ele>
</trkpt>
<trkpt lat="33.730655" lon="133.32544805555557">
<ele>593</ele>
</trkpt>
<trkpt lat="33.730755" lon="133.32577305555554">
<ele>592</ele>
</trkpt>
<trkpt lat="33.73083888888889" lon="133.32612305555554">
<ele>591</ele>
</trkpt>
<trkpt lat="33.730896944444446" lon="133.32643611111112">
<ele>590</ele>
</trkpt>
<trkpt lat="33.73108888888889" lon="133.32694805555556">
<ele>589</ele>
</trkpt>
<trkpt lat="33.731205" lon="133.32723611111112">
<ele>577</ele>
</trkpt>
<trkpt lat="33.73133" lon="133.3274861111111">
<ele>576</ele>
</trkpt>
<trkpt lat="33.73181388888889" lon="133.3277611111111">
<ele>576</ele>
</trkpt>
<trkpt lat="33.731955" lon="133.32784805555556">
<ele>575</ele>
</trkpt>
<trkpt lat="33.732413888888885" lon="133.328135">
<ele>575</ele>
</trkpt>
<trkpt lat="33.73253" lon="133.32826">
<ele>575</ele>
</trkpt>
<trkpt lat="33.73287194444445" lon="133.32884805555557">
<ele>574</ele>
</trkpt>
<trkpt lat="33.732971944444444" lon="133.32904805555555">
<ele>574</ele>
</trkpt>
<trkpt lat="33.733063055555554" lon="133.329335">
<ele>575</ele>
</trkpt>
<trkpt lat="33.73309694444445" lon="133.32947305555555">
<ele>574</ele>
</trkpt>
<trkpt lat="33.733113055555556" lon="133.32974805555557">
<ele>577</ele>
</trkpt>
<trkpt lat="33.733105" lon="133.33032305555557">
<ele>574</ele>
</trkpt>
<trkpt lat="33.733105" lon="133.33037305555555">
<ele>574</ele>
</trkpt>
<trkpt lat="33.73311388888889" lon="133.33194805555556">
<ele>576</ele>
</trkpt>
<trkpt lat="33.73313888888889" lon="133.33211">
<ele>575</ele>
</trkpt>
<trkpt lat="33.733155" lon="133.33222305555554">
<ele>573</ele>
</trkpt>
<trkpt lat="33.73323" lon="133.33239694444444">
<ele>575</ele>
</trkpt>
<trkpt lat="33.73328" lon="133.332535">
<ele>574</ele>
</trkpt>
<trkpt lat="33.73333888888889" lon="133.33261">
<ele>575</ele>
</trkpt>
<trkpt lat="33.733446944444445" lon="133.33277305555555">
<ele>577</ele>
</trkpt>
<trkpt lat="33.73358" lon="133.33292194444445">
<ele>575</ele>
</trkpt>
<trkpt lat="33.733705" lon="133.333035">
<ele>574</ele>
</trkpt>
<trkpt lat="33.73386305555555" lon="133.33316">
<ele>574</ele>
</trkpt>
<trkpt lat="33.734271944444444" lon="133.33344694444443">
<ele>574</ele>
</trkpt>
<trkpt lat="33.73439694444444" lon="133.33359694444445">
<ele>575</ele>
</trkpt>
<trkpt lat="33.73468805555556" lon="133.33444694444444">
<ele>575</ele>
</trkpt>
<trkpt lat="33.73483" lon="133.33479694444443">
<ele>574</ele>
</trkpt>
<trkpt lat="33.73496305555555" lon="133.33501">
<ele>573</ele>
</trkpt>
<trkpt lat="33.73498305555555" lon="133.33502611111112">
<ele>573</ele>
</trkpt>
<trkpt lat="33.73498305555555" lon="133.33502694444445">
<ele>573</ele>
</trkpt>
<trkpt lat="33.735146944444445" lon="133.33517194444445">
<ele>576</ele>
</trkpt>
<trkpt lat="33.735263055555556" lon="133.335235">
<ele>575</ele>
</trkpt>
<trkpt lat="33.735355" lon="133.33527194444446">
<ele>576</ele>
</trkpt>
<trkpt lat="33.73544694444445" lon="133.33529694444445">
<ele>577</ele>
</trkpt>
<trkpt lat="33.73573" lon="133.335285">
<ele>577</ele>
</trkpt>
<trkpt lat="33.735863055555555" lon="133.33526">
<ele>576</ele>
</trkpt>
<trkpt lat="33.736155" lon="133.335135">
<ele>575</ele>
</trkpt>
<trkpt lat="33.73724611111111" lon="133.33459694444446">
<ele>577</ele>
</trkpt>
<trkpt lat="33.73754611111111" lon="133.334535">
<ele>578</ele>
</trkpt>
<trkpt lat="33.73807111111111" lon="133.33449694444445">
<ele>576</ele>
</trkpt>
<trkpt lat="33.73905388888889" lon="133.33456">
<ele>575</ele>
</trkpt>
<trkpt lat="33.73990388888889" lon="133.33466">
<ele>575</ele>
</trkpt>
<trkpt lat="33.74012111111111" lon="133.334635">
<ele>574</ele>
</trkpt>
<trkpt lat="33.740563055555555" lon="133.33454694444444">
<ele>576</ele>
</trkpt>
<trkpt lat="33.74079611111111" lon="133.33444694444444">
<ele>575</ele>
</trkpt>
<trkpt lat="33.74106305555556" lon="133.33432194444444">
<ele>578</ele>
</trkpt>
<trkpt lat="33.741411944444444" lon="133.33412194444443">
<ele>576</ele>
</trkpt>
<trkpt lat="33.741661944444445" lon="133.33394694444445">
<ele>577</ele>
</trkpt>
<trkpt lat="33.74173805555556" lon="133.33389694444443">
<ele>575</ele>
</trkpt>
<trkpt lat="33.74205388888889" lon="133.333735">
<ele>574</ele>
</trkpt>
<trkpt lat="33.74237111111111" lon="133.33359694444445">
<ele>573</ele>
</trkpt>
<trkpt lat="33.74250388888889" lon="133.33354694444444">
<ele>576</ele>
</trkpt>
<trkpt lat="33.74260388888889" lon="133.33352194444444">
<ele>576</ele>
</trkpt>
<trkpt lat="33.74367111111111" lon="133.33351">
<ele>570</ele>
</trkpt>
<trkpt lat="33.74391194444444" lon="133.33349694444445">
<ele>568</ele>
</trkpt>
<trkpt lat="33.744211944444444" lon="133.33349694444445">
<ele>574</ele>
</trkpt>
<trkpt lat="33.74442111111111" lon="133.33354694444444">
<ele>576</ele>
</trkpt>
<trkpt lat="33.74462111111111" lon="133.33361">
<ele>575</ele>
</trkpt>
<trkpt lat="33.744836944444444" lon="133.33372194444445">
<ele>575</ele>
</trkpt>
<trkpt lat="33.74510388888889" lon="133.33379694444446">
<ele>575</ele>
</trkpt>
<trkpt lat="33.74527888888889" lon="133.33381">
<ele>575</ele>
</trkpt>
<trkpt lat="33.74547888888889" lon="133.33379694444446">
<ele>576</ele>
</trkpt>
<trkpt lat="33.74572888888889" lon="133.33377194444444">
<ele>577</ele>
</trkpt>
<trkpt lat="33.74592111111111" lon="133.33374694444444">
<ele>575</ele>
</trkpt>
<trkpt lat="33.74608694444444" lon="133.33364694444444">
<ele>576</ele>
</trkpt>
<trkpt lat="33.74637" lon="133.33344805555555">
<ele>573</ele>
</trkpt>
<trkpt lat="33.74648694444444" lon="133.33334805555555">
<ele>573</ele>
</trkpt>
<trkpt lat="33.746653888888886" lon="133.33324694444445">
<ele>572</ele>
</trkpt>
<trkpt lat="33.74687" lon="133.33311">
<ele>576</ele>
</trkpt>
<trkpt lat="33.74738694444444" lon="133.33287305555555">
<ele>576</ele>
</trkpt>
<trkpt lat="33.74758694444444" lon="133.332735">
<ele>575</ele>
</trkpt>
<trkpt lat="33.74771194444445" lon="133.33266">
<ele>576</ele>
</trkpt>
<trkpt lat="33.74782888888889" lon="133.33257194444445">
<ele>574</ele>
</trkpt>
<trkpt lat="33.74827805555555" lon="133.332335">
<ele>570</ele>
</trkpt>
<trkpt lat="33.74857" lon="133.33217194444444">
<ele>571</ele>
</trkpt>
<trkpt lat="33.748961944444446" lon="133.33204694444444">
<ele>573</ele>
</trkpt>
<trkpt lat="33.74912805555556" lon="133.33202194444445">
<ele>573</ele>
</trkpt>
<trkpt lat="33.74971194444444" lon="133.33194805555556">
<ele>575</ele>
</trkpt>
<trkpt lat="33.750186944444444" lon="133.33194805555556">
<ele>575</ele>
</trkpt>
<trkpt lat="33.750495" lon="133.331935">
<ele>573</ele>
</trkpt>
<trkpt lat="33.75057805555556" lon="133.33191">
<ele>571</ele>
</trkpt>
<trkpt lat="33.75103611111111" lon="133.33179694444445">
<ele>574</ele>
</trkpt>
<trkpt lat="33.75130305555555" lon="133.33169805555556">
<ele>572</ele>
</trkpt>
<trkpt lat="33.75147805555556" lon="133.33154805555554">
<ele>573</ele>
</trkpt>
<trkpt lat="33.751553055555554" lon="133.33147305555556">
<ele>573</ele>
</trkpt>
<trkpt lat="33.75171111111111" lon="133.331285">
<ele>573</ele>
</trkpt>
<trkpt lat="33.75276888888889" lon="133.33001">
<ele>571</ele>
</trkpt>
<trkpt lat="33.75284388888889" lon="133.329935">
<ele>569</ele>
</trkpt>
<trkpt lat="33.753011111111114" lon="133.32981">
<ele>571</ele>
</trkpt>
<trkpt lat="33.753078055555555" lon="133.32981">
<ele>571</ele>
</trkpt>
<trkpt lat="33.75333611111111" lon="133.329835">
<ele>592</ele>
</trkpt>
<trkpt lat="33.75351888888889" lon="133.32991">
<ele>596</ele>
</trkpt>
<trkpt lat="33.75394388888889" lon="133.32996">
<ele>599</ele>
</trkpt>
<trkpt lat="33.755003055555555" lon="133.32994805555555">
<ele>577</ele>
</trkpt>
<trkpt lat="33.75566111111111" lon="133.32992305555555">
<ele>574</ele>
</trkpt>
<trkpt lat="33.755853055555555" lon="133.32971">
<ele>590</ele>
</trkpt>
<trkpt lat="33.756436111111114" lon="133.32899805555556">
<ele>595</ele>
</trkpt>
<trkpt lat="33.75657694444445" lon="133.3288611111111">
<ele>573</ele>
</trkpt>
<trkpt lat="33.75668611111111" lon="133.3287361111111">
<ele>571</ele>
</trkpt>
<trkpt lat="33.75681888888889" lon="133.32864805555556">
<ele>571</ele>
</trkpt>
<trkpt lat="33.75696111111111" lon="133.32859805555555">
<ele>570</ele>
</trkpt>
<trkpt lat="33.75706111111111" lon="133.32857305555555">
<ele>571</ele>
</trkpt>
<trkpt lat="33.757201944444446" lon="133.32861111111112">
<ele>573</ele>
</trkpt>
<trkpt lat="33.75736888888889" lon="133.32871111111112">
<ele>574</ele>
</trkpt>
<trkpt lat="33.75781888888889" lon="133.32912305555556">
<ele>574</ele>
</trkpt>
<trkpt lat="33.75803611111111" lon="133.3292361111111">
<ele>573</ele>
</trkpt>
<trkpt lat="33.75811111111111" lon="133.3292361111111">
<ele>573</ele>
</trkpt>
<trkpt lat="33.75836888888889" lon="133.32907305555557">
<ele>584</ele>
</trkpt>
<trkpt lat="33.758626944444444" lon="133.3289111111111">
<ele>584</ele>
</trkpt>
<trkpt lat="33.75864388888889" lon="133.3289111111111">
<ele>584</ele>
</trkpt>
<trkpt lat="33.75869388888889" lon="133.32887305555556">
<ele>585</ele>
</trkpt>
<trkpt lat="33.75901888888889" lon="133.3286611111111">
<ele>583</ele>
</trkpt>
<trkpt lat="33.75936111111111" lon="133.32846111111112">
<ele>568</ele>
</trkpt>
<trkpt lat="33.75971" lon="133.32827305555554">
<ele>584</ele>
</trkpt>
<trkpt lat="33.759976944444446" lon="133.3281861111111">
<ele>587</ele>
</trkpt>
<trkpt lat="33.76019388888889" lon="133.3281861111111">
<ele>586</ele>
</trkpt>
<trkpt lat="33.76036888888889" lon="133.3282111111111">
<ele>585</ele>
</trkpt>
<trkpt lat="33.76119388888889" lon="133.32883611111112">
<ele>586</ele>
</trkpt>
<trkpt lat="33.76131888888889" lon="133.3288861111111">
<ele>587</ele>
</trkpt>
<trkpt lat="33.762726944444445" lon="133.32914805555555">
<ele>586</ele>
</trkpt>
<trkpt lat="33.76346" lon="133.32919805555557">
<ele>645</ele>
</trkpt>
<trkpt lat="33.76396" lon="133.32916111111112">
<ele>643</ele>
</trkpt>
<trkpt lat="33.764535" lon="133.32902305555555">
<ele>639</ele>
</trkpt>
<trkpt lat="33.765335" lon="133.32861111111112">
<ele>635</ele>
</trkpt>
<trkpt lat="33.765835" lon="133.32813611111112">
<ele>631</ele>
</trkpt>
<trkpt lat="33.76611805555556" lon="133.3278361111111">
<ele>629</ele>
</trkpt>
<trkpt lat="33.767451111111114" lon="133.32631111111112">
<ele>619</ele>
</trkpt>
<trkpt lat="33.76925888888889" lon="133.32427388888888">
<ele>606</ele>
</trkpt>
<trkpt lat="33.76995888888889" lon="133.32347388888888">
<ele>601</ele>
</trkpt>
<trkpt lat="33.77054305555556" lon="133.3228611111111">
<ele>596</ele>
</trkpt>
<trkpt lat="33.77123388888889" lon="133.3220988888889">
<ele>591</ele>
</trkpt>
<trkpt lat="33.77194194444444" lon="133.3213111111111">
<ele>586</ele>
</trkpt>
<trkpt lat="33.77210111111111" lon="133.3210611111111">
<ele>585</ele>
</trkpt>
<trkpt lat="33.77238388888889" lon="133.3205111111111">
<ele>582</ele>
</trkpt>
<trkpt lat="33.77249194444445" lon="133.32023611111111">
<ele>581</ele>
</trkpt>
<trkpt lat="33.772708888888886" lon="133.3196738888889">
<ele>580</ele>
</trkpt>
<trkpt lat="33.7728" lon="133.3192488888889">
<ele>586</ele>
</trkpt>
<trkpt lat="33.77278388888889" lon="133.31801194444444">
<ele>597</ele>
</trkpt>
<trkpt lat="33.77274194444445" lon="133.31738694444445">
<ele>596</ele>
</trkpt>
<trkpt lat="33.77265" lon="133.31698694444444">
<ele>596</ele>
</trkpt>
<trkpt lat="33.77253388888889" lon="133.31666194444443">
<ele>596</ele>
</trkpt>
<trkpt lat="33.77230888888889" lon="133.31611194444446">
<ele>593</ele>
</trkpt>
<trkpt lat="33.77225" lon="133.3158738888889">
<ele>595</ele>
</trkpt>
<trkpt lat="33.77225" lon="133.31561194444444">
<ele>597</ele>
</trkpt>
<trkpt lat="33.7722" lon="133.31541194444443">
<ele>596</ele>
</trkpt>
<trkpt lat="33.77189194444444" lon="133.31466194444445">
<ele>597</ele>
</trkpt>
<trkpt lat="33.77166694444445" lon="133.31411194444445">
<ele>596</ele>
</trkpt>
<trkpt lat="33.77164194444445" lon="133.31401194444445">
<ele>594</ele>
</trkpt>
<trkpt lat="33.77165" lon="133.31386194444445">
<ele>594</ele>
</trkpt>
<trkpt lat="33.772225" lon="133.3121988888889">
<ele>598</ele>
</trkpt>
<trkpt lat="33.7723" lon="133.31184888888887">
<ele>597</ele>
</trkpt>
<trkpt lat="33.77231694444445" lon="133.31156194444443">
<ele>596</ele>
</trkpt>
<trkpt lat="33.7723" lon="133.31126194444445">
<ele>596</ele>
</trkpt>
<trkpt lat="33.772283888888886" lon="133.31081194444445">
<ele>596</ele>
</trkpt>
<trkpt lat="33.7723" lon="133.310575">
<ele>596</ele>
</trkpt>
<trkpt lat="33.77235888888889" lon="133.310325">
<ele>597</ele>
</trkpt>
<trkpt lat="33.77245888888889" lon="133.30991194444445">
<ele>597</ele>
</trkpt>
<trkpt lat="33.77259194444444" lon="133.309575">
<ele>597</ele>
</trkpt>
<trkpt lat="33.772775" lon="133.30931194444443">
<ele>595</ele>
</trkpt>
<trkpt lat="33.773133055555554" lon="133.30895">
<ele>596</ele>
</trkpt>
<trkpt lat="33.773383055555556" lon="133.308775">
<ele>594</ele>
</trkpt>
<trkpt lat="33.773541944444446" lon="133.3087">
<ele>595</ele>
</trkpt>
<trkpt lat="33.773808055555556" lon="133.30863694444446">
<ele>596</ele>
</trkpt>
<trkpt lat="33.77405805555556" lon="133.30858694444444">
<ele>597</ele>
</trkpt>
<trkpt lat="33.77455" lon="133.3085">
<ele>597</ele>
</trkpt>
<trkpt lat="33.774858055555555" lon="133.30846194444445">
<ele>605</ele>
</trkpt>
<trkpt lat="33.775041944444446" lon="133.30851194444443">
<ele>605</ele>
</trkpt>
<trkpt lat="33.77536611111111" lon="133.30866194444445">
<ele>607</ele>
</trkpt>
<trkpt lat="33.77556611111111" lon="133.30878694444445">
<ele>607</ele>
</trkpt>
<trkpt lat="33.775683055555554" lon="133.30886194444443">
<ele>606</ele>
</trkpt>
<trkpt lat="33.775866111111114" lon="133.30895">
<ele>607</ele>
</trkpt>
<trkpt lat="33.77599111111111" lon="133.30896194444443">
<ele>607</ele>
</trkpt>
<trkpt lat="33.776158055555555" lon="133.309">
<ele>607</ele>
</trkpt>
<trkpt lat="33.77635" lon="133.309">
<ele>607</ele>
</trkpt>
<trkpt lat="33.77655" lon="133.30895">
<ele>607</ele>
</trkpt>
<trkpt lat="33.776941111111114" lon="133.30873694444443">
<ele>608</ele>
</trkpt>
<trkpt lat="33.777125" lon="133.30861194444444">
<ele>608</ele>
</trkpt>
<trkpt lat="33.777475" lon="133.30838694444444">
<ele>608</ele>
</trkpt>
<trkpt lat="33.77778305555555" lon="133.30823694444445">
<ele>609</ele>
</trkpt>
<trkpt lat="33.77799111111111" lon="133.308175">
<ele>609</ele>
</trkpt>
<trkpt lat="33.77823305555555" lon="133.30815">
<ele>609</ele>
</trkpt>
<trkpt lat="33.77838305555556" lon="133.30818694444446">
<ele>609</ele>
</trkpt>
<trkpt lat="33.77851611111111" lon="133.30823694444445">
<ele>609</ele>
</trkpt>
<trkpt lat="33.77863305555555" lon="133.30825">
<ele>609</ele>
</trkpt>
<trkpt lat="33.77881611111111" lon="133.30826194444444">
<ele>609</ele>
</trkpt>
<trkpt lat="33.77911611111111" lon="133.3082">
<ele>609</ele>
</trkpt>
<trkpt lat="33.77936888888889" lon="133.3081488888889">
<ele>609</ele>
</trkpt>
    </trkseg>
  </trk>
</gpx>