<?xml version="1.0" encoding="UTF-8"?>
<gpx version="1.1"
     creator="KMLtoGPX"
     xmlns="http://www.topografix.com/GPX/1/1">
  <metadata>
    <name>Yumeshima Kaido Cycling Course (Ikina Island, Sajima, and Yuge Island 3 Island Tour Course)</name>
    <desc>ゆめしま海道サイクリングコース（生名島、佐島、弓削島3島めぐりコース)</desc>
    <bounds minlat="34.22925111111111" minlon="133.1672011111111" maxlat="34.288516944444446" maxlon="133.23656"/>
  </metadata>
  <trk>
    <name>Yumeshima Kaido Cycling Course (Ikina Island, Sajima, and Yuge Island 3 Island Tour Course)</name>
    <trkseg>
<trkpt lat="34.25971194444445" lon="133.2014838888889">
<ele>4</ele>
</trkpt>
<trkpt lat="34.25992194444444" lon="133.201075">
<ele>6</ele>
</trkpt>
<trkpt lat="34.26038805555556" lon="133.200375">
<ele>1</ele>
</trkpt>
<trkpt lat="34.26053" lon="133.20016305555555">
<ele>0</ele>
</trkpt>
<trkpt lat="34.26069611111111" lon="133.20001305555556">
<ele>1</ele>
</trkpt>
<trkpt lat="34.26159611111111" lon="133.19938805555554">
<ele>4</ele>
</trkpt>
<trkpt lat="34.26182111111111" lon="133.19931305555556">
<ele>1</ele>
</trkpt>
<trkpt lat="34.26198" lon="133.19935">
<ele>4</ele>
</trkpt>
<trkpt lat="34.26272888888889" lon="133.19968805555555">
<ele>0</ele>
</trkpt>
<trkpt lat="34.26287111111111" lon="133.1998">
<ele>1</ele>
</trkpt>
<trkpt lat="34.26312111111111" lon="133.20006305555555">
<ele>1</ele>
</trkpt>
<trkpt lat="34.26325388888889" lon="133.200175">
<ele>1</ele>
</trkpt>
<trkpt lat="34.26339611111111" lon="133.20026305555555">
<ele>1</ele>
</trkpt>
<trkpt lat="34.26359611111111" lon="133.20031305555557">
<ele>0</ele>
</trkpt>
<trkpt lat="34.263938055555556" lon="133.20033805555556">
<ele>1</ele>
</trkpt>
<trkpt lat="34.26468805555555" lon="133.20045">
<ele>4</ele>
</trkpt>
<trkpt lat="34.265278888888886" lon="133.20055">
<ele>2</ele>
</trkpt>
<trkpt lat="34.26559611111111" lon="133.200675">
<ele>5</ele>
</trkpt>
<trkpt lat="34.266846111111114" lon="133.20118805555555">
<ele>8</ele>
</trkpt>
<trkpt lat="34.266911944444445" lon="133.20121305555554">
<ele>8</ele>
</trkpt>
<trkpt lat="34.267986944444445" lon="133.20166305555554">
<ele>7</ele>
</trkpt>
<trkpt lat="34.26827888888889" lon="133.201775">
<ele>8</ele>
</trkpt>
<trkpt lat="34.269311944444446" lon="133.201975">
<ele>8</ele>
</trkpt>
<trkpt lat="34.26953694444445" lon="133.20203805555556">
<ele>8</ele>
</trkpt>
<trkpt lat="34.269695" lon="133.20215">
<ele>8</ele>
</trkpt>
<trkpt lat="34.270386944444446" lon="133.203125">
<ele>8</ele>
</trkpt>
<trkpt lat="34.27062" lon="133.203375">
<ele>8</ele>
</trkpt>
<trkpt lat="34.27112" lon="133.2038">
<ele>1</ele>
</trkpt>
<trkpt lat="34.271145" lon="133.20381305555554">
<ele>1</ele>
</trkpt>
<trkpt lat="34.27120305555555" lon="133.20401305555555">
<ele>5</ele>
</trkpt>
<trkpt lat="34.271253055555555" lon="133.20408694444444">
<ele>0</ele>
</trkpt>
<trkpt lat="34.27146111111111" lon="133.2042">
<ele>0</ele>
</trkpt>
<trkpt lat="34.27151111111111" lon="133.204275">
<ele>1</ele>
</trkpt>
<trkpt lat="34.27171111111111" lon="133.204775">
<ele>0</ele>
</trkpt>
<trkpt lat="34.27181111111111" lon="133.204925">
<ele>2</ele>
</trkpt>
<trkpt lat="34.271995" lon="133.20501305555555">
<ele>5</ele>
</trkpt>
<trkpt lat="34.27240305555556" lon="133.205125">
<ele>3</ele>
</trkpt>
<trkpt lat="34.272445" lon="133.20515">
<ele>0</ele>
</trkpt>
<trkpt lat="34.27256111111111" lon="133.20528694444445">
<ele>0</ele>
</trkpt>
<trkpt lat="34.27269388888889" lon="133.205475">
<ele>0</ele>
</trkpt>
<trkpt lat="34.27281111111111" lon="133.20583805555555">
<ele>0</ele>
</trkpt>
<trkpt lat="34.27350305555556" lon="133.206975">
<ele>1</ele>
</trkpt>
<trkpt lat="34.273603055555554" lon="133.20713694444444">
<ele>1</ele>
</trkpt>
<trkpt lat="34.27391111111111" lon="133.20766194444445">
<ele>0</ele>
</trkpt>
<trkpt lat="34.27395305555556" lon="133.2079">
<ele>5</ele>
</trkpt>
<trkpt lat="34.27410305555556" lon="133.20871194444445">
<ele>7</ele>
</trkpt>
<trkpt lat="34.27414388888889" lon="133.20885">
<ele>7</ele>
</trkpt>
<trkpt lat="34.27420305555555" lon="133.20895">
<ele>7</ele>
</trkpt>
<trkpt lat="34.27455194444445" lon="133.20936194444445">
<ele>8</ele>
</trkpt>
<trkpt lat="34.27497694444445" lon="133.209775">
<ele>7</ele>
</trkpt>
<trkpt lat="34.275261111111114" lon="133.21001194444443">
<ele>4</ele>
</trkpt>
<trkpt lat="34.27542694444445" lon="133.21014888888888">
<ele>3</ele>
</trkpt>
<trkpt lat="34.27561111111111" lon="133.21027388888888">
<ele>2</ele>
</trkpt>
<trkpt lat="34.27574388888889" lon="133.2103488888889">
<ele>1</ele>
</trkpt>
<trkpt lat="34.275911111111114" lon="133.2104488888889">
<ele>2</ele>
</trkpt>
<trkpt lat="34.27591888888889" lon="133.21049888888888">
<ele>2</ele>
</trkpt>
<trkpt lat="34.27589388888889" lon="133.2106488888889">
<ele>3</ele>
</trkpt>
<trkpt lat="34.27590194444444" lon="133.21068694444443">
<ele>4</ele>
</trkpt>
<trkpt lat="34.27675194444444" lon="133.21118694444445">
<ele>4</ele>
</trkpt>
<trkpt lat="34.27683611111111" lon="133.2111988888889">
<ele>4</ele>
</trkpt>
<trkpt lat="34.27700194444444" lon="133.2110238888889">
<ele>5</ele>
</trkpt>
<trkpt lat="34.27701888888889" lon="133.21101194444444">
<ele>5</ele>
</trkpt>
<trkpt lat="34.27703611111111" lon="133.21101194444444">
<ele>5</ele>
</trkpt>
<trkpt lat="34.27719388888889" lon="133.21111194444444">
<ele>6</ele>
</trkpt>
<trkpt lat="34.27743611111111" lon="133.21121194444444">
<ele>7</ele>
</trkpt>
<trkpt lat="34.27769388888889" lon="133.2113238888889">
<ele>7</ele>
</trkpt>
<trkpt lat="34.27777694444445" lon="133.21136194444443">
<ele>7</ele>
</trkpt>
<trkpt lat="34.27797694444445" lon="133.21138694444446">
<ele>7</ele>
</trkpt>
<trkpt lat="34.278101944444444" lon="133.2113238888889">
<ele>6</ele>
</trkpt>
<trkpt lat="34.27814388888889" lon="133.2113238888889">
<ele>7</ele>
</trkpt>
<trkpt lat="34.27826888888889" lon="133.21133694444444">
<ele>8</ele>
</trkpt>
<trkpt lat="34.27845194444444" lon="133.21136194444443">
<ele>8</ele>
</trkpt>
<trkpt lat="34.278776944444445" lon="133.21141194444445">
<ele>8</ele>
</trkpt>
<trkpt lat="34.27936888888889" lon="133.2114738888889">
<ele>6</ele>
</trkpt>
<trkpt lat="34.279626944444445" lon="133.21149888888888">
<ele>5</ele>
</trkpt>
<trkpt lat="34.279826944444444" lon="133.21148694444443">
<ele>4</ele>
</trkpt>
<trkpt lat="34.280185" lon="133.21139888888888">
<ele>1</ele>
</trkpt>
<trkpt lat="34.28026" lon="133.21139888888888">
<ele>1</ele>
</trkpt>
<trkpt lat="34.28037694444444" lon="133.2114238888889">
<ele>0</ele>
</trkpt>
<trkpt lat="34.28080194444444" lon="133.21148694444443">
<ele>1</ele>
</trkpt>
<trkpt lat="34.28131" lon="133.2115738888889">
<ele>1</ele>
</trkpt>
<trkpt lat="34.281776944444445" lon="133.21168694444444">
<ele>1</ele>
</trkpt>
<trkpt lat="34.282068055555555" lon="133.21178694444444">
<ele>3</ele>
</trkpt>
<trkpt lat="34.28257611111111" lon="133.21221194444445">
<ele>5</ele>
</trkpt>
<trkpt lat="34.282851111111114" lon="133.2124738888889">
<ele>5</ele>
</trkpt>
<trkpt lat="34.28295111111111" lon="133.2125738888889">
<ele>5</ele>
</trkpt>
<trkpt lat="34.283076111111114" lon="133.21278694444445">
<ele>5</ele>
</trkpt>
<trkpt lat="34.28315111111111" lon="133.21298694444445">
<ele>7</ele>
</trkpt>
<trkpt lat="34.28319305555556" lon="133.21306194444443">
<ele>7</ele>
</trkpt>
<trkpt lat="34.283235" lon="133.21313694444444">
<ele>7</ele>
</trkpt>
<trkpt lat="34.28335111111111" lon="133.21328694444443">
<ele>8</ele>
</trkpt>
<trkpt lat="34.283535" lon="133.21348694444444">
<ele>7</ele>
</trkpt>
<trkpt lat="34.283593055555556" lon="133.2135738888889">
<ele>6</ele>
</trkpt>
<trkpt lat="34.28373194444445" lon="133.2138261111111">
<ele>6</ele>
</trkpt>
<trkpt lat="34.28373194444445" lon="133.2138261111111">
<ele>6</ele>
</trkpt>
<trkpt lat="34.28395111111111" lon="133.21422388888888">
<ele>5</ele>
</trkpt>
<trkpt lat="34.28400111111111" lon="133.21432388888888">
<ele>3</ele>
</trkpt>
<trkpt lat="34.28410111111111" lon="133.2146111111111">
<ele>1</ele>
</trkpt>
<trkpt lat="34.284126111111114" lon="133.2148611111111">
<ele>0</ele>
</trkpt>
<trkpt lat="34.28404305555556" lon="133.2157488888889">
<ele>0</ele>
</trkpt>
<trkpt lat="34.284126111111114" lon="133.2166738888889">
<ele>0</ele>
</trkpt>
<trkpt lat="34.28434305555555" lon="133.2174611111111">
<ele>0</ele>
</trkpt>
<trkpt lat="34.28438388888889" lon="133.2175611111111">
<ele>1</ele>
</trkpt>
<trkpt lat="34.28499305555555" lon="133.2182738888889">
<ele>5</ele>
</trkpt>
<trkpt lat="34.285093055555556" lon="133.2184861111111">
<ele>5</ele>
</trkpt>
<trkpt lat="34.28535111111111" lon="133.2191611111111">
<ele>3</ele>
</trkpt>
<trkpt lat="34.285466944444444" lon="133.21942388888888">
<ele>3</ele>
</trkpt>
<trkpt lat="34.28555111111111" lon="133.21954888888888">
<ele>4</ele>
</trkpt>
<trkpt lat="34.286143055555556" lon="133.22013611111112">
<ele>3</ele>
</trkpt>
<trkpt lat="34.28619194444445" lon="133.22023611111112">
<ele>4</ele>
</trkpt>
<trkpt lat="34.28620111111111" lon="133.2202861111111">
<ele>4</ele>
</trkpt>
<trkpt lat="34.286316944444444" lon="133.22092388888888">
<ele>5</ele>
</trkpt>
<trkpt lat="34.286408888888886" lon="133.2212988888889">
<ele>4</ele>
</trkpt>
<trkpt lat="34.286501111111114" lon="133.2215111111111">
<ele>3</ele>
</trkpt>
<trkpt lat="34.28657888888889" lon="133.22163694444444">
<ele>3</ele>
</trkpt>
<trkpt lat="34.28657888888889" lon="133.22163694444444">
<ele>3</ele>
</trkpt>
<trkpt lat="34.286608888888885" lon="133.2216861111111">
<ele>3</ele>
</trkpt>
<trkpt lat="34.28680111111111" lon="133.22189805555556">
<ele>1</ele>
</trkpt>
<trkpt lat="34.286966944444444" lon="133.22202305555555">
<ele>2</ele>
</trkpt>
<trkpt lat="34.28725111111111" lon="133.22228611111112">
<ele>2</ele>
</trkpt>
<trkpt lat="34.28731805555555" lon="133.22241111111111">
<ele>0</ele>
</trkpt>
<trkpt lat="34.287393055555555" lon="133.22257305555556">
<ele>0</ele>
</trkpt>
<trkpt lat="34.28750888888889" lon="133.2228861111111">
<ele>0</ele>
</trkpt>
<trkpt lat="34.28760111111111" lon="133.22308611111112">
<ele>0</ele>
</trkpt>
<trkpt lat="34.28779194444444" lon="133.22334805555556">
<ele>0</ele>
</trkpt>
<trkpt lat="34.28800888888889" lon="133.22351111111112">
<ele>0</ele>
</trkpt>
<trkpt lat="34.28832111111111" lon="133.22374">
<ele>0</ele>
</trkpt>
<trkpt lat="34.28832111111111" lon="133.22374">
<ele>0</ele>
</trkpt>
<trkpt lat="34.28843388888889" lon="133.22382305555556">
<ele>0</ele>
</trkpt>
<trkpt lat="34.28820888888889" lon="133.22453611111112">
<ele>3</ele>
</trkpt>
<trkpt lat="34.28830888888889" lon="133.22463611111112">
<ele>4</ele>
</trkpt>
<trkpt lat="34.28835888888889" lon="133.22477305555554">
<ele>6</ele>
</trkpt>
<trkpt lat="34.288333888888886" lon="133.22554805555555">
<ele>7</ele>
</trkpt>
<trkpt lat="34.288333888888886" lon="133.22633611111112">
<ele>13</ele>
</trkpt>
<trkpt lat="34.28838388888889" lon="133.22681111111112">
<ele>18</ele>
</trkpt>
<trkpt lat="34.28848388888889" lon="133.22742305555556">
<ele>23</ele>
</trkpt>
<trkpt lat="34.288491111111114" lon="133.22757694444445">
<ele>25</ele>
</trkpt>
<trkpt lat="34.288491111111114" lon="133.22757694444445">
<ele>25</ele>
</trkpt>
<trkpt lat="34.288516944444446" lon="133.2281361111111">
<ele>31</ele>
</trkpt>
<trkpt lat="34.288491944444445" lon="133.228235">
<ele>35</ele>
</trkpt>
<trkpt lat="34.28828388888889" lon="133.22842305555557">
<ele>35</ele>
</trkpt>
<trkpt lat="34.28808388888889" lon="133.228685">
<ele>37</ele>
</trkpt>
<trkpt lat="34.28780111111111" lon="133.22891">
<ele>37</ele>
</trkpt>
<trkpt lat="34.287576111111115" lon="133.22901">
<ele>39</ele>
</trkpt>
<trkpt lat="34.28745888888889" lon="133.228985">
<ele>39</ele>
</trkpt>
<trkpt lat="34.28732611111111" lon="133.22882305555555">
<ele>46</ele>
</trkpt>
<trkpt lat="34.287191944444444" lon="133.2287611111111">
<ele>44</ele>
</trkpt>
<trkpt lat="34.287018055555556" lon="133.2287611111111">
<ele>45</ele>
</trkpt>
<trkpt lat="34.286743055555554" lon="133.22871111111112">
<ele>53</ele>
</trkpt>
<trkpt lat="34.28665111111111" lon="133.2286861111111">
<ele>53</ele>
</trkpt>
<trkpt lat="34.28635888888889" lon="133.22848611111112">
<ele>54</ele>
</trkpt>
<trkpt lat="34.28619194444445" lon="133.22841111111111">
<ele>54</ele>
</trkpt>
<trkpt lat="34.28599194444445" lon="133.22839805555554">
<ele>54</ele>
</trkpt>
<trkpt lat="34.28528388888889" lon="133.22841111111111">
<ele>57</ele>
</trkpt>
<trkpt lat="34.28522611111111" lon="133.22844805555556">
<ele>54</ele>
</trkpt>
<trkpt lat="34.28518388888889" lon="133.22857305555556">
<ele>53</ele>
</trkpt>
<trkpt lat="34.28515888888889" lon="133.2288861111111">
<ele>52</ele>
</trkpt>
<trkpt lat="34.28511805555556" lon="133.22953611111112">
<ele>43</ele>
</trkpt>
<trkpt lat="34.28505888888889" lon="133.22987305555554">
<ele>45</ele>
</trkpt>
<trkpt lat="34.28485111111111" lon="133.23032305555554">
<ele>47</ele>
</trkpt>
<trkpt lat="34.28471805555556" lon="133.23056111111111">
<ele>45</ele>
</trkpt>
<trkpt lat="34.284593055555554" lon="133.23074805555555">
<ele>45</ele>
</trkpt>
<trkpt lat="34.28442694444445" lon="133.23088694444445">
<ele>45</ele>
</trkpt>
<trkpt lat="34.28442694444445" lon="133.23088694444445">
<ele>45</ele>
</trkpt>
<trkpt lat="34.28438388888889" lon="133.23092305555556">
<ele>44</ele>
</trkpt>
<trkpt lat="34.284058888888886" lon="133.23104805555556">
<ele>46</ele>
</trkpt>
<trkpt lat="34.28393388888889" lon="133.2311361111111">
<ele>45</ele>
</trkpt>
<trkpt lat="34.28385111111111" lon="133.23162305555556">
<ele>45</ele>
</trkpt>
<trkpt lat="34.28369305555555" lon="133.23194805555556">
<ele>45</ele>
</trkpt>
<trkpt lat="34.28362611111111" lon="133.23216">
<ele>45</ele>
</trkpt>
<trkpt lat="34.28361805555556" lon="133.232335">
<ele>45</ele>
</trkpt>
<trkpt lat="34.28366805555556" lon="133.23257305555555">
<ele>42</ele>
</trkpt>
<trkpt lat="34.28365888888889" lon="133.23279805555555">
<ele>46</ele>
</trkpt>
<trkpt lat="34.283593055555556" lon="133.232935">
<ele>46</ele>
</trkpt>
<trkpt lat="34.283051111111114" lon="133.23347305555555">
<ele>55</ele>
</trkpt>
<trkpt lat="34.28257611111111" lon="133.234035">
<ele>52</ele>
</trkpt>
<trkpt lat="34.28236805555556" lon="133.23409805555556">
<ele>55</ele>
</trkpt>
<trkpt lat="34.28212611111111" lon="133.23404805555555">
<ele>54</ele>
</trkpt>
<trkpt lat="34.28201" lon="133.233985">
<ele>57</ele>
</trkpt>
<trkpt lat="34.28181" lon="133.23394805555554">
<ele>56</ele>
</trkpt>
<trkpt lat="34.281235" lon="133.233935">
<ele>56</ele>
</trkpt>
<trkpt lat="34.281185" lon="133.23394805555554">
<ele>57</ele>
</trkpt>
<trkpt lat="34.28111805555555" lon="133.23396">
<ele>57</ele>
</trkpt>
<trkpt lat="34.28091805555555" lon="133.23421">
<ele>60</ele>
</trkpt>
<trkpt lat="34.28075194444445" lon="133.234435">
<ele>68</ele>
</trkpt>
<trkpt lat="34.28065194444444" lon="133.23459805555555">
<ele>69</ele>
</trkpt>
<trkpt lat="34.28066" lon="133.23482305555555">
<ele>68</ele>
</trkpt>
<trkpt lat="34.280735" lon="133.23506">
<ele>65</ele>
</trkpt>
<trkpt lat="34.28069305555555" lon="133.23544805555557">
<ele>75</ele>
</trkpt>
<trkpt lat="34.280743055555554" lon="133.23562305555555">
<ele>77</ele>
</trkpt>
<trkpt lat="34.280901944444444" lon="133.23587305555554">
<ele>73</ele>
</trkpt>
<trkpt lat="34.280943055555554" lon="133.23606">
<ele>79</ele>
</trkpt>
<trkpt lat="34.28089305555556" lon="133.236185">
<ele>81</ele>
</trkpt>
<trkpt lat="34.280743055555554" lon="133.236335">
<ele>80</ele>
</trkpt>
<trkpt lat="34.280518055555554" lon="133.23637305555556">
<ele>82</ele>
</trkpt>
<trkpt lat="34.280051944444445" lon="133.23629805555555">
<ele>86</ele>
</trkpt>
<trkpt lat="34.279935" lon="133.236335">
<ele>83</ele>
</trkpt>
<trkpt lat="34.27981805555556" lon="133.23646">
<ele>81</ele>
</trkpt>
<trkpt lat="34.279651944444446" lon="133.23656">
<ele>80</ele>
</trkpt>
<trkpt lat="34.27950194444445" lon="133.23654805555555">
<ele>84</ele>
</trkpt>
<trkpt lat="34.27905194444445" lon="133.23636">
<ele>81</ele>
</trkpt>
<trkpt lat="34.27847694444444" lon="133.23619805555555">
<ele>84</ele>
</trkpt>
<trkpt lat="34.27836" lon="133.23612305555557">
<ele>83</ele>
</trkpt>
<trkpt lat="34.27831" lon="133.23601">
<ele>89</ele>
</trkpt>
<trkpt lat="34.27826888888889" lon="133.23561">
<ele>94</ele>
</trkpt>
<trkpt lat="34.27821" lon="133.235435">
<ele>92</ele>
</trkpt>
<trkpt lat="34.278101944444444" lon="133.235285">
<ele>91</ele>
</trkpt>
<trkpt lat="34.277768888888886" lon="133.23504805555555">
<ele>91</ele>
</trkpt>
<trkpt lat="34.277676944444444" lon="133.23492305555556">
<ele>92</ele>
</trkpt>
<trkpt lat="34.27765194444444" lon="133.23474805555554">
<ele>90</ele>
</trkpt>
<trkpt lat="34.27777694444445" lon="133.23429805555554">
<ele>76</ele>
</trkpt>
<trkpt lat="34.27785194444444" lon="133.2339111111111">
<ele>74</ele>
</trkpt>
<trkpt lat="34.27785194444444" lon="133.23372305555554">
<ele>73</ele>
</trkpt>
<trkpt lat="34.277768888888886" lon="133.23352305555557">
<ele>73</ele>
</trkpt>
<trkpt lat="34.27740194444444" lon="133.2332861111111">
<ele>62</ele>
</trkpt>
<trkpt lat="34.27732694444445" lon="133.23317305555557">
<ele>60</ele>
</trkpt>
<trkpt lat="34.27731" lon="133.23301111111113">
<ele>60</ele>
</trkpt>
<trkpt lat="34.27746888888889" lon="133.2324111111111">
<ele>55</ele>
</trkpt>
<trkpt lat="34.277435" lon="133.23227305555557">
<ele>50</ele>
</trkpt>
<trkpt lat="34.277335" lon="133.2321611111111">
<ele>50</ele>
</trkpt>
<trkpt lat="34.277076944444445" lon="133.2320611111111">
<ele>40</ele>
</trkpt>
<trkpt lat="34.27696888888889" lon="133.2319861111111">
<ele>40</ele>
</trkpt>
<trkpt lat="34.276785" lon="133.2317611111111">
<ele>43</ele>
</trkpt>
<trkpt lat="34.27657694444444" lon="133.23166111111112">
<ele>44</ele>
</trkpt>
<trkpt lat="34.27637694444444" lon="133.23167305555555">
<ele>41</ele>
</trkpt>
<trkpt lat="34.27627" lon="133.23172805555555">
<ele>41</ele>
</trkpt>
<trkpt lat="34.27627" lon="133.23172805555555">
<ele>41</ele>
</trkpt>
<trkpt lat="34.27608611111111" lon="133.23182305555557">
<ele>41</ele>
</trkpt>
<trkpt lat="34.27573611111111" lon="133.23189805555555">
<ele>42</ele>
</trkpt>
<trkpt lat="34.27531111111111" lon="133.2320861111111">
<ele>44</ele>
</trkpt>
<trkpt lat="34.275176944444446" lon="133.23211111111112">
<ele>43</ele>
</trkpt>
<trkpt lat="34.27505194444444" lon="133.2320361111111">
<ele>42</ele>
</trkpt>
<trkpt lat="34.274836111111114" lon="133.23168611111112">
<ele>45</ele>
</trkpt>
<trkpt lat="34.27461888888889" lon="133.23143611111112">
<ele>47</ele>
</trkpt>
<trkpt lat="34.27417805555555" lon="133.23107305555556">
<ele>44</ele>
</trkpt>
<trkpt lat="34.274118888888886" lon="133.23094805555556">
<ele>47</ele>
</trkpt>
<trkpt lat="34.27412805555556" lon="133.23076111111112">
<ele>49</ele>
</trkpt>
<trkpt lat="34.27409388888889" lon="133.2306111111111">
<ele>45</ele>
</trkpt>
<trkpt lat="34.27381111111111" lon="133.23039805555555">
<ele>47</ele>
</trkpt>
<trkpt lat="34.273676944444446" lon="133.23033611111111">
<ele>45</ele>
</trkpt>
<trkpt lat="34.27339388888889" lon="133.2303861111111">
<ele>43</ele>
</trkpt>
<trkpt lat="34.27328611111111" lon="133.23037305555556">
<ele>41</ele>
</trkpt>
<trkpt lat="34.27318611111111" lon="133.2302861111111">
<ele>42</ele>
</trkpt>
<trkpt lat="34.273136111111114" lon="133.23007305555555">
<ele>44</ele>
</trkpt>
<trkpt lat="34.273136111111114" lon="133.22977305555557">
<ele>40</ele>
</trkpt>
<trkpt lat="34.27308611111111" lon="133.22963611111112">
<ele>37</ele>
</trkpt>
<trkpt lat="34.27299388888889" lon="133.22954805555557">
<ele>38</ele>
</trkpt>
<trkpt lat="34.27205305555555" lon="133.22896111111112">
<ele>38</ele>
</trkpt>
<trkpt lat="34.27198611111111" lon="133.22893611111112">
<ele>36</ele>
</trkpt>
<trkpt lat="34.271878055555554" lon="133.2288988888889">
<ele>37</ele>
</trkpt>
<trkpt lat="34.27177805555556" lon="133.22893611111112">
<ele>40</ele>
</trkpt>
<trkpt lat="34.27166888888889" lon="133.22912305555556">
<ele>33</ele>
</trkpt>
<trkpt lat="34.27161111111111" lon="133.22941111111112">
<ele>35</ele>
</trkpt>
<trkpt lat="34.27153611111111" lon="133.22944805555557">
<ele>39</ele>
</trkpt>
<trkpt lat="34.271453055555554" lon="133.22944805555557">
<ele>39</ele>
</trkpt>
<trkpt lat="34.271278055555555" lon="133.22918611111112">
<ele>35</ele>
</trkpt>
<trkpt lat="34.27116888888889" lon="133.2289738888889">
<ele>35</ele>
</trkpt>
<trkpt lat="34.27093611111111" lon="133.2282988888889">
<ele>37</ele>
</trkpt>
<trkpt lat="34.27086888888889" lon="133.22804888888888">
<ele>36</ele>
</trkpt>
<trkpt lat="34.270786111111114" lon="133.2278861111111">
<ele>43</ele>
</trkpt>
<trkpt lat="34.27057" lon="133.2276488888889">
<ele>38</ele>
</trkpt>
<trkpt lat="34.27043611111111" lon="133.22737388888888">
<ele>35</ele>
</trkpt>
<trkpt lat="34.27035305555555" lon="133.22702388888888">
<ele>37</ele>
</trkpt>
<trkpt lat="34.27038611111111" lon="133.2266111111111">
<ele>43</ele>
</trkpt>
<trkpt lat="34.270138055555556" lon="133.22637111111112">
<ele>44</ele>
</trkpt>
<trkpt lat="34.270138055555556" lon="133.22637111111112">
<ele>44</ele>
</trkpt>
<trkpt lat="34.27001111111111" lon="133.22624888888888">
<ele>44</ele>
</trkpt>
<trkpt lat="34.269778055555555" lon="133.22589888888888">
<ele>47</ele>
</trkpt>
<trkpt lat="34.26972" lon="133.2258238888889">
<ele>45</ele>
</trkpt>
<trkpt lat="34.269595" lon="133.2257611111111">
<ele>43</ele>
</trkpt>
<trkpt lat="34.269495" lon="133.2257488888889">
<ele>45</ele>
</trkpt>
<trkpt lat="34.26932" lon="133.2258611111111">
<ele>48</ele>
</trkpt>
<trkpt lat="34.269295" lon="133.22599888888888">
<ele>45</ele>
</trkpt>
<trkpt lat="34.26917805555556" lon="133.22647388888888">
<ele>43</ele>
</trkpt>
<trkpt lat="34.26911111111111" lon="133.2265361111111">
<ele>43</ele>
</trkpt>
<trkpt lat="34.268953055555556" lon="133.22669888888888">
<ele>56</ele>
</trkpt>
<trkpt lat="34.268878055555554" lon="133.2268361111111">
<ele>58</ele>
</trkpt>
<trkpt lat="34.26896111111111" lon="133.2274488888889">
<ele>50</ele>
</trkpt>
<trkpt lat="34.26888611111111" lon="133.22761111111112">
<ele>52</ele>
</trkpt>
<trkpt lat="34.26855305555556" lon="133.2278738888889">
<ele>57</ele>
</trkpt>
<trkpt lat="34.26852" lon="133.2281361111111">
<ele>53</ele>
</trkpt>
<trkpt lat="34.268453055555554" lon="133.22817388888888">
<ele>53</ele>
</trkpt>
<trkpt lat="34.268386944444444" lon="133.22814888888888">
<ele>52</ele>
</trkpt>
<trkpt lat="34.268278055555555" lon="133.22803611111112">
<ele>52</ele>
</trkpt>
<trkpt lat="34.267828055555555" lon="133.2274238888889">
<ele>58</ele>
</trkpt>
<trkpt lat="34.267645" lon="133.22724888888888">
<ele>54</ele>
</trkpt>
<trkpt lat="34.267245" lon="133.2266111111111">
<ele>57</ele>
</trkpt>
<trkpt lat="34.26715305555555" lon="133.2264111111111">
<ele>55</ele>
</trkpt>
<trkpt lat="34.267095" lon="133.2261488888889">
<ele>51</ele>
</trkpt>
<trkpt lat="34.26712805555555" lon="133.2257611111111">
<ele>58</ele>
</trkpt>
<trkpt lat="34.26707805555556" lon="133.2255988888889">
<ele>56</ele>
</trkpt>
<trkpt lat="34.26685388888889" lon="133.22531111111113">
<ele>55</ele>
</trkpt>
<trkpt lat="34.266711944444445" lon="133.2250361111111">
<ele>51</ele>
</trkpt>
<trkpt lat="34.26677" lon="133.22466111111112">
<ele>45</ele>
</trkpt>
<trkpt lat="34.266736944444446" lon="133.22452388888888">
<ele>47</ele>
</trkpt>
<trkpt lat="34.26635388888889" lon="133.2238988888889">
<ele>48</ele>
</trkpt>
<trkpt lat="34.266286944444445" lon="133.22373611111112">
<ele>46</ele>
</trkpt>
<trkpt lat="34.26622" lon="133.2234611111111">
<ele>39</ele>
</trkpt>
<trkpt lat="34.266245" lon="133.2231488888889">
<ele>43</ele>
</trkpt>
<trkpt lat="34.26635388888889" lon="133.22293611111112">
<ele>45</ele>
</trkpt>
<trkpt lat="34.26652" lon="133.2225738888889">
<ele>44</ele>
</trkpt>
<trkpt lat="34.266645" lon="133.22216111111112">
<ele>43</ele>
</trkpt>
<trkpt lat="34.266736944444446" lon="133.22202388888888">
<ele>44</ele>
</trkpt>
<trkpt lat="34.266895" lon="133.22182388888888">
<ele>48</ele>
</trkpt>
<trkpt lat="34.26708694444444" lon="133.22118694444444">
<ele>43</ele>
</trkpt>
<trkpt lat="34.267295" lon="133.2208738888889">
<ele>41</ele>
</trkpt>
<trkpt lat="34.26763694444445" lon="133.22061194444444">
<ele>34</ele>
</trkpt>
<trkpt lat="34.267795" lon="133.2204988888889">
<ele>38</ele>
</trkpt>
<trkpt lat="34.26791194444444" lon="133.22038694444444">
<ele>38</ele>
</trkpt>
<trkpt lat="34.26793694444444" lon="133.22028694444444">
<ele>38</ele>
</trkpt>
<trkpt lat="34.267943055555556" lon="133.22023388888888">
<ele>37</ele>
</trkpt>
<trkpt lat="34.267943055555556" lon="133.22023388888888">
<ele>37</ele>
</trkpt>
<trkpt lat="34.26802" lon="133.2195988888889">
<ele>35</ele>
</trkpt>
<trkpt lat="34.268045" lon="133.21923694444445">
<ele>37</ele>
</trkpt>
<trkpt lat="34.26802" lon="133.21913694444444">
<ele>38</ele>
</trkpt>
<trkpt lat="34.26797" lon="133.2190738888889">
<ele>35</ele>
</trkpt>
<trkpt lat="34.26791194444444" lon="133.2190488888889">
<ele>35</ele>
</trkpt>
<trkpt lat="34.26777805555555" lon="133.21903694444444">
<ele>35</ele>
</trkpt>
<trkpt lat="34.26746194444444" lon="133.21922388888888">
<ele>33</ele>
</trkpt>
<trkpt lat="34.26728694444444" lon="133.21928694444443">
<ele>36</ele>
</trkpt>
<trkpt lat="34.26712805555555" lon="133.2192488888889">
<ele>36</ele>
</trkpt>
<trkpt lat="34.266895" lon="133.21903694444444">
<ele>34</ele>
</trkpt>
<trkpt lat="34.265836944444445" lon="133.21836194444444">
<ele>33</ele>
</trkpt>
<trkpt lat="34.26572" lon="133.21823694444444">
<ele>36</ele>
</trkpt>
<trkpt lat="34.265661944444446" lon="133.21807388888888">
<ele>40</ele>
</trkpt>
<trkpt lat="34.265678888888885" lon="133.2176738888889">
<ele>48</ele>
</trkpt>
<trkpt lat="34.265595" lon="133.21748694444443">
<ele>45</ele>
</trkpt>
<trkpt lat="34.26551194444444" lon="133.21741194444445">
<ele>44</ele>
</trkpt>
<trkpt lat="34.26536194444444" lon="133.21741194444445">
<ele>45</ele>
</trkpt>
<trkpt lat="34.26475388888889" lon="133.21746194444444">
<ele>45</ele>
</trkpt>
<trkpt lat="34.26461194444445" lon="133.21743694444444">
<ele>47</ele>
</trkpt>
<trkpt lat="34.26450388888889" lon="133.21738694444446">
<ele>45</ele>
</trkpt>
<trkpt lat="34.26412111111111" lon="133.2170988888889">
<ele>47</ele>
</trkpt>
<trkpt lat="34.26385388888889" lon="133.21683694444445">
<ele>43</ele>
</trkpt>
<trkpt lat="34.26370388888889" lon="133.21658694444446">
<ele>44</ele>
</trkpt>
<trkpt lat="34.26358694444444" lon="133.2163488888889">
<ele>45</ele>
</trkpt>
<trkpt lat="34.26341305555555" lon="133.21611194444444">
<ele>41</ele>
</trkpt>
<trkpt lat="34.263311944444446" lon="133.2158738888889">
<ele>44</ele>
</trkpt>
<trkpt lat="34.26327888888889" lon="133.2156238888889">
<ele>44</ele>
</trkpt>
<trkpt lat="34.263261944444444" lon="133.21543694444443">
<ele>46</ele>
</trkpt>
<trkpt lat="34.26315388888889" lon="133.21521194444443">
<ele>47</ele>
</trkpt>
<trkpt lat="34.26282888888889" lon="133.21477388888889">
<ele>45</ele>
</trkpt>
<trkpt lat="34.262838055555555" lon="133.21433694444445">
<ele>44</ele>
</trkpt>
<trkpt lat="34.26274611111111" lon="133.21406194444444">
<ele>41</ele>
</trkpt>
<trkpt lat="34.26280388888889" lon="133.2136988888889">
<ele>38</ele>
</trkpt>
<trkpt lat="34.26272111111111" lon="133.21363694444443">
<ele>35</ele>
</trkpt>
<trkpt lat="34.26262888888889" lon="133.2136238888889">
<ele>37</ele>
</trkpt>
<trkpt lat="34.26223805555556" lon="133.21364888888888">
<ele>38</ele>
</trkpt>
<trkpt lat="34.26204611111111" lon="133.21353694444446">
<ele>36</ele>
</trkpt>
<trkpt lat="34.26197888888889" lon="133.21342388888888">
<ele>32</ele>
</trkpt>
<trkpt lat="34.261963055555555" lon="133.21319888888888">
<ele>31</ele>
</trkpt>
<trkpt lat="34.26204611111111" lon="133.21307388888889">
<ele>32</ele>
</trkpt>
<trkpt lat="34.26219611111111" lon="133.2129238888889">
<ele>33</ele>
</trkpt>
<trkpt lat="34.26220388888889" lon="133.21283694444443">
<ele>31</ele>
</trkpt>
<trkpt lat="34.261738055555554" lon="133.211975">
<ele>33</ele>
</trkpt>
<trkpt lat="34.26168805555555" lon="133.21186194444445">
<ele>31</ele>
</trkpt>
<trkpt lat="34.26166305555556" lon="133.21156194444444">
<ele>25</ele>
</trkpt>
<trkpt lat="34.26160388888889" lon="133.2114">
<ele>25</ele>
</trkpt>
<trkpt lat="34.26155388888889" lon="133.21133694444444">
<ele>22</ele>
</trkpt>
<trkpt lat="34.261513055555554" lon="133.21133694444444">
<ele>22</ele>
</trkpt>
<trkpt lat="34.26095388888889" lon="133.21131194444445">
<ele>36</ele>
</trkpt>
<trkpt lat="34.26087888888889" lon="133.211275">
<ele>34</ele>
</trkpt>
<trkpt lat="34.26083805555555" lon="133.211125">
<ele>36</ele>
</trkpt>
<trkpt lat="34.260753888888885" lon="133.2109">
<ele>33</ele>
</trkpt>
<trkpt lat="34.26067888888889" lon="133.210825">
<ele>35</ele>
</trkpt>
<trkpt lat="34.260205" lon="133.21058694444446">
<ele>31</ele>
</trkpt>
<trkpt lat="34.260088055555556" lon="133.21046194444443">
<ele>31</ele>
</trkpt>
<trkpt lat="34.26003" lon="133.210275">
<ele>32</ele>
</trkpt>
<trkpt lat="34.260013055555554" lon="133.209925">
<ele>32</ele>
</trkpt>
<trkpt lat="34.26004611111111" lon="133.20973694444444">
<ele>32</ele>
</trkpt>
<trkpt lat="34.260038055555555" lon="133.209625">
<ele>31</ele>
</trkpt>
<trkpt lat="34.25993805555556" lon="133.20955">
<ele>30</ele>
</trkpt>
<trkpt lat="34.25933" lon="133.20906194444444">
<ele>18</ele>
</trkpt>
<trkpt lat="34.259005" lon="133.2089">
<ele>20</ele>
</trkpt>
<trkpt lat="34.258855" lon="133.20876194444443">
<ele>20</ele>
</trkpt>
<trkpt lat="34.25874694444445" lon="133.20853694444443">
<ele>16</ele>
</trkpt>
<trkpt lat="34.25866305555556" lon="133.208275">
<ele>14</ele>
</trkpt>
<trkpt lat="34.25866305555556" lon="133.20815">
<ele>17</ele>
</trkpt>
<trkpt lat="34.25873" lon="133.20783694444444">
<ele>11</ele>
</trkpt>
<trkpt lat="34.258721944444446" lon="133.20771194444444">
<ele>9</ele>
</trkpt>
<trkpt lat="34.25864694444444" lon="133.20748694444444">
<ele>9</ele>
</trkpt>
<trkpt lat="34.25859694444444" lon="133.20696194444446">
<ele>9</ele>
</trkpt>
<trkpt lat="34.258538055555555" lon="133.20656194444445">
<ele>8</ele>
</trkpt>
<trkpt lat="34.25838805555556" lon="133.20625">
<ele>7</ele>
</trkpt>
<trkpt lat="34.25830194444445" lon="133.20621694444444">
<ele>8</ele>
</trkpt>
<trkpt lat="34.25830194444445" lon="133.20621694444444">
<ele>7</ele>
</trkpt>
<trkpt lat="34.25796361111111" lon="133.20616194444443">
<ele>9</ele>
</trkpt>
<trkpt lat="34.25796361111111" lon="133.20616194444443">
<ele>9</ele>
</trkpt>
<trkpt lat="34.25768" lon="133.2059475">
<ele>8</ele>
</trkpt>
<trkpt lat="34.25768" lon="133.2059475">
<ele>8</ele>
</trkpt>
<trkpt lat="34.257892777777776" lon="133.20431666666667">
<ele>1</ele>
</trkpt>
<trkpt lat="34.25789611111111" lon="133.2042711111111">
<ele>1</ele>
</trkpt>
<trkpt lat="34.25769694444445" lon="133.20425">
<ele>1</ele>
</trkpt>
<trkpt lat="34.257455" lon="133.204225">
<ele>1</ele>
</trkpt>
<trkpt lat="34.25709694444444" lon="133.204125">
<ele>6</ele>
</trkpt>
<trkpt lat="34.256613888888886" lon="133.20395">
<ele>4</ele>
</trkpt>
<trkpt lat="34.25643888888889" lon="133.2039">
<ele>8</ele>
</trkpt>
<trkpt lat="34.25601388888889" lon="133.20388805555555">
<ele>7</ele>
</trkpt>
<trkpt lat="34.25581388888889" lon="133.203875">
<ele>7</ele>
</trkpt>
<trkpt lat="34.25565611111111" lon="133.20381194444445">
<ele>8</ele>
</trkpt>
<trkpt lat="34.255521944444446" lon="133.20371194444445">
<ele>7</ele>
</trkpt>
<trkpt lat="34.25536388888889" lon="133.20353805555555">
<ele>5</ele>
</trkpt>
<trkpt lat="34.25499694444444" lon="133.203125">
<ele>6</ele>
</trkpt>
<trkpt lat="34.25443888888889" lon="133.20246194444445">
<ele>0</ele>
</trkpt>
<trkpt lat="34.25413888888889" lon="133.202075">
<ele>0</ele>
</trkpt>
<trkpt lat="34.253771944444445" lon="133.201625">
<ele>4</ele>
</trkpt>
<trkpt lat="34.25369805555555" lon="133.20153805555555">
<ele>2</ele>
</trkpt>
<trkpt lat="34.25356388888889" lon="133.201425">
<ele>3</ele>
</trkpt>
<trkpt lat="34.25346388888889" lon="133.20135">
<ele>4</ele>
</trkpt>
<trkpt lat="34.25327305555555" lon="133.201275">
<ele>3</ele>
</trkpt>
<trkpt lat="34.25316388888889" lon="133.20123694444445">
<ele>4</ele>
</trkpt>
<trkpt lat="34.25287194444444" lon="133.20123694444445">
<ele>0</ele>
</trkpt>
<trkpt lat="34.25271388888889" lon="133.20126888888888">
<ele>-634</ele>
</trkpt>
<trkpt lat="34.25271388888889" lon="133.20126888888888">
<ele>-633</ele>
</trkpt>
<trkpt lat="34.25262305555555" lon="133.20128805555555">
<ele>0</ele>
</trkpt>
<trkpt lat="34.25241388888889" lon="133.201325">
<ele>0</ele>
</trkpt>
<trkpt lat="34.25228111111111" lon="133.2014">
<ele>0</ele>
</trkpt>
<trkpt lat="34.25213111111111" lon="133.20153805555555">
<ele>0</ele>
</trkpt>
<trkpt lat="34.25197305555555" lon="133.2017">
<ele>0</ele>
</trkpt>
<trkpt lat="34.251331111111114" lon="133.202425">
<ele>4</ele>
</trkpt>
<trkpt lat="34.25128111111111" lon="133.20271194444445">
<ele>7</ele>
</trkpt>
<trkpt lat="34.251131111111114" lon="133.20435">
<ele>17</ele>
</trkpt>
<trkpt lat="34.251148055555554" lon="133.20445">
<ele>16</ele>
</trkpt>
<trkpt lat="34.25118111111111" lon="133.20451194444445">
<ele>16</ele>
</trkpt>
<trkpt lat="34.25120611111111" lon="133.20455">
<ele>16</ele>
</trkpt>
<trkpt lat="34.251373055555554" lon="133.204675">
<ele>17</ele>
</trkpt>
<trkpt lat="34.25181388888889" lon="133.205025">
<ele>11</ele>
</trkpt>
<trkpt lat="34.25105611111111" lon="133.20568694444444">
<ele>13</ele>
</trkpt>
<trkpt lat="34.25089805555555" lon="133.20591194444444">
<ele>12</ele>
</trkpt>
<trkpt lat="34.25088888888889" lon="133.20608694444445">
<ele>9</ele>
</trkpt>
<trkpt lat="34.250948055555554" lon="133.2063">
<ele>9</ele>
</trkpt>
<trkpt lat="34.25123111111111" lon="133.207075">
<ele>9</ele>
</trkpt>
<trkpt lat="34.25138888888889" lon="133.20745">
<ele>9</ele>
</trkpt>
<trkpt lat="34.25165611111111" lon="133.20785">
<ele>9</ele>
</trkpt>
<trkpt lat="34.25176388888889" lon="133.20803694444444">
<ele>9</ele>
</trkpt>
<trkpt lat="34.25180611111111" lon="133.20815">
<ele>8</ele>
</trkpt>
<trkpt lat="34.251823055555555" lon="133.20833694444445">
<ele>8</ele>
</trkpt>
<trkpt lat="34.25189694444445" lon="133.20888694444446">
<ele>8</ele>
</trkpt>
<trkpt lat="34.25194694444444" lon="133.2090738888889">
<ele>9</ele>
</trkpt>
<trkpt lat="34.252296944444446" lon="133.2094488888889">
<ele>7</ele>
</trkpt>
<trkpt lat="34.25235611111111" lon="133.20956194444443">
<ele>5</ele>
</trkpt>
<trkpt lat="34.25238888888889" lon="133.20969888888888">
<ele>5</ele>
</trkpt>
<trkpt lat="34.25238111111111" lon="133.2097488888889">
<ele>5</ele>
</trkpt>
<trkpt lat="34.25234805555556" lon="133.20986194444444">
<ele>4</ele>
</trkpt>
<trkpt lat="34.252316111111114" lon="133.20992694444445">
<ele>5</ele>
</trkpt>
<trkpt lat="34.252316111111114" lon="133.20992694444445">
<ele>5</ele>
</trkpt>
<trkpt lat="34.25230611111111" lon="133.2099488888889">
<ele>5</ele>
</trkpt>
<trkpt lat="34.25223888888889" lon="133.21003694444445">
<ele>4</ele>
</trkpt>
<trkpt lat="34.25217305555555" lon="133.2100988888889">
<ele>6</ele>
</trkpt>
<trkpt lat="34.25198888888889" lon="133.21018694444444">
<ele>7</ele>
</trkpt>
<trkpt lat="34.25153111111111" lon="133.2102988888889">
<ele>7</ele>
</trkpt>
<trkpt lat="34.25096388888889" lon="133.21069888888888">
<ele>4</ele>
</trkpt>
<trkpt lat="34.25011388888889" lon="133.2113488888889">
<ele>7</ele>
</trkpt>
<trkpt lat="34.25000611111111" lon="133.21118694444445">
<ele>8</ele>
</trkpt>
<trkpt lat="34.24958111111111" lon="133.21051194444445">
<ele>9</ele>
</trkpt>
<trkpt lat="34.249498055555556" lon="133.21047388888888">
<ele>9</ele>
</trkpt>
<trkpt lat="34.24937305555556" lon="133.21046194444443">
<ele>9</ele>
</trkpt>
<trkpt lat="34.24893111111111" lon="133.21066194444444">
<ele>9</ele>
</trkpt>
<trkpt lat="34.24867305555556" lon="133.21071194444445">
<ele>9</ele>
</trkpt>
<trkpt lat="34.248598055555554" lon="133.21071194444445">
<ele>9</ele>
</trkpt>
<trkpt lat="34.24839" lon="133.21049888888888">
<ele>9</ele>
</trkpt>
<trkpt lat="34.24833111111111" lon="133.21048694444445">
<ele>9</ele>
</trkpt>
<trkpt lat="34.24789" lon="133.21053694444444">
<ele>14</ele>
</trkpt>
<trkpt lat="34.24774" lon="133.21053694444444">
<ele>16</ele>
</trkpt>
<trkpt lat="34.24764805555556" lon="133.21048694444445">
<ele>15</ele>
</trkpt>
<trkpt lat="34.24755611111111" lon="133.2104238888889">
<ele>17</ele>
</trkpt>
<trkpt lat="34.24744" lon="133.21031194444444">
<ele>16</ele>
</trkpt>
<trkpt lat="34.24720694444444" lon="133.21001194444443">
<ele>19</ele>
</trkpt>
<trkpt lat="34.24707305555555" lon="133.2098988888889">
<ele>20</ele>
</trkpt>
<trkpt lat="34.246948055555556" lon="133.20983694444445">
<ele>23</ele>
</trkpt>
<trkpt lat="34.24677305555556" lon="133.2098488888889">
<ele>27</ele>
</trkpt>
<trkpt lat="34.246673055555554" lon="133.2098988888889">
<ele>27</ele>
</trkpt>
<trkpt lat="34.246615" lon="133.20996194444444">
<ele>29</ele>
</trkpt>
<trkpt lat="34.24659805555556" lon="133.21004888888888">
<ele>29</ele>
</trkpt>
<trkpt lat="34.246615" lon="133.21021194444444">
<ele>29</ele>
</trkpt>
<trkpt lat="34.24658194444444" lon="133.2103238888889">
<ele>30</ele>
</trkpt>
<trkpt lat="34.24648194444445" lon="133.2103488888889">
<ele>37</ele>
</trkpt>
<trkpt lat="34.24633194444444" lon="133.21026194444445">
<ele>42</ele>
</trkpt>
<trkpt lat="34.245131944444445" lon="133.20869888888888">
<ele>51</ele>
</trkpt>
<trkpt lat="34.24505694444444" lon="133.2084238888889">
<ele>52</ele>
</trkpt>
<trkpt lat="34.24505694444444" lon="133.20821194444446">
<ele>54</ele>
</trkpt>
<trkpt lat="34.245165" lon="133.20764888888888">
<ele>65</ele>
</trkpt>
<trkpt lat="34.245115" lon="133.20748694444444">
<ele>67</ele>
</trkpt>
<trkpt lat="34.24499888888889" lon="133.20741194444443">
<ele>76</ele>
</trkpt>
<trkpt lat="34.244731944444446" lon="133.20753694444446">
<ele>85</ele>
</trkpt>
<trkpt lat="34.24439" lon="133.20754888888888">
<ele>86</ele>
</trkpt>
<trkpt lat="34.24429888888889" lon="133.2075988888889">
<ele>84</ele>
</trkpt>
<trkpt lat="34.244231944444444" lon="133.20768694444445">
<ele>82</ele>
</trkpt>
<trkpt lat="34.244123888888886" lon="133.20789888888888">
<ele>85</ele>
</trkpt>
<trkpt lat="34.24404" lon="133.20793694444444">
<ele>89</ele>
</trkpt>
<trkpt lat="34.24393194444445" lon="133.2078488888889">
<ele>92</ele>
</trkpt>
<trkpt lat="34.24389" lon="133.2075988888889">
<ele>93</ele>
</trkpt>
<trkpt lat="34.24375694444444" lon="133.2072488888889">
<ele>86</ele>
</trkpt>
<trkpt lat="34.24362388888889" lon="133.2070488888889">
<ele>82</ele>
</trkpt>
<trkpt lat="34.24322388888889" lon="133.206475">
<ele>81</ele>
</trkpt>
<trkpt lat="34.24276611111111" lon="133.205925">
<ele>71</ele>
</trkpt>
<trkpt lat="34.24263194444445" lon="133.20585">
<ele>70</ele>
</trkpt>
<trkpt lat="34.24228388888889" lon="133.20585">
<ele>66</ele>
</trkpt>
<trkpt lat="34.24228388888889" lon="133.20585">
<ele>66</ele>
</trkpt>
<trkpt lat="34.242173888888885" lon="133.20585">
<ele>65</ele>
</trkpt>
<trkpt lat="34.24187388888889" lon="133.20576194444445">
<ele>63</ele>
</trkpt>
<trkpt lat="34.241416111111114" lon="133.20551194444445">
<ele>63</ele>
</trkpt>
<trkpt lat="34.24135694444445" lon="133.20543694444444">
<ele>60</ele>
</trkpt>
<trkpt lat="34.24134111111111" lon="133.205275">
<ele>57</ele>
</trkpt>
<trkpt lat="34.24155805555556" lon="133.20478694444444">
<ele>57</ele>
</trkpt>
<trkpt lat="34.24159111111111" lon="133.20448694444445">
<ele>55</ele>
</trkpt>
<trkpt lat="34.241531944444446" lon="133.204025">
<ele>50</ele>
</trkpt>
<trkpt lat="34.24156611111111" lon="133.20383694444445">
<ele>47</ele>
</trkpt>
<trkpt lat="34.24160805555555" lon="133.203725">
<ele>45</ele>
</trkpt>
<trkpt lat="34.24199111111111" lon="133.20338694444445">
<ele>42</ele>
</trkpt>
<trkpt lat="34.24204888888889" lon="133.20328694444444">
<ele>43</ele>
</trkpt>
<trkpt lat="34.24209111111111" lon="133.2031">
<ele>42</ele>
</trkpt>
<trkpt lat="34.24211611111111" lon="133.20278694444445">
<ele>42</ele>
</trkpt>
<trkpt lat="34.24209111111111" lon="133.20246194444445">
<ele>37</ele>
</trkpt>
<trkpt lat="34.242331944444445" lon="133.2025">
<ele>37</ele>
</trkpt>
<trkpt lat="34.24248194444444" lon="133.2026">
<ele>37</ele>
</trkpt>
<trkpt lat="34.242806944444446" lon="133.20301194444446">
<ele>36</ele>
</trkpt>
<trkpt lat="34.243048888888886" lon="133.203175">
<ele>36</ele>
</trkpt>
<trkpt lat="34.243206944444445" lon="133.20336194444445">
<ele>37</ele>
</trkpt>
<trkpt lat="34.24324111111111" lon="133.203375">
<ele>37</ele>
</trkpt>
<trkpt lat="34.24328194444445" lon="133.20335">
<ele>37</ele>
</trkpt>
<trkpt lat="34.24344888888889" lon="133.2031">
<ele>35</ele>
</trkpt>
<trkpt lat="34.243541111111114" lon="133.20301194444446">
<ele>35</ele>
</trkpt>
<trkpt lat="34.24368194444445" lon="133.20295">
<ele>37</ele>
</trkpt>
<trkpt lat="34.243856944444445" lon="133.20291194444445">
<ele>37</ele>
</trkpt>
<trkpt lat="34.24409" lon="133.20291194444445">
<ele>37</ele>
</trkpt>
<trkpt lat="34.24438194444444" lon="133.20305">
<ele>34</ele>
</trkpt>
<trkpt lat="34.24449" lon="133.20308694444444">
<ele>34</ele>
</trkpt>
<trkpt lat="34.24454" lon="133.20308694444444">
<ele>34</ele>
</trkpt>
<trkpt lat="34.24457388888889" lon="133.20306194444444">
<ele>34</ele>
</trkpt>
<trkpt lat="34.24463194444444" lon="133.20305">
<ele>34</ele>
</trkpt>
<trkpt lat="34.244706944444445" lon="133.202975">
<ele>35</ele>
</trkpt>
<trkpt lat="34.24487388888889" lon="133.20273694444444">
<ele>33</ele>
</trkpt>
<trkpt lat="34.24509" lon="133.20235">
<ele>35</ele>
</trkpt>
<trkpt lat="34.245198888888886" lon="133.20218694444443">
<ele>35</ele>
</trkpt>
<trkpt lat="34.24534888888889" lon="133.20205">
<ele>35</ele>
</trkpt>
<trkpt lat="34.245581944444446" lon="133.20201194444445">
<ele>29</ele>
</trkpt>
<trkpt lat="34.24589" lon="133.202075">
<ele>27</ele>
</trkpt>
<trkpt lat="34.24603194444445" lon="133.20205">
<ele>27</ele>
</trkpt>
<trkpt lat="34.246465" lon="133.20196194444443">
<ele>33</ele>
</trkpt>
<trkpt lat="34.24682305555555" lon="133.202">
<ele>32</ele>
</trkpt>
<trkpt lat="34.247123055555555" lon="133.20208694444443">
<ele>34</ele>
</trkpt>
<trkpt lat="34.24729" lon="133.20215">
<ele>37</ele>
</trkpt>
<trkpt lat="34.247348055555555" lon="133.2022">
<ele>33</ele>
</trkpt>
<trkpt lat="34.247565" lon="133.20281194444445">
<ele>31</ele>
</trkpt>
<trkpt lat="34.24769" lon="133.20295">
<ele>33</ele>
</trkpt>
<trkpt lat="34.24783194444444" lon="133.20296194444444">
<ele>35</ele>
</trkpt>
<trkpt lat="34.24787305555556" lon="133.20295">
<ele>35</ele>
</trkpt>
<trkpt lat="34.248215" lon="133.203">
<ele>36</ele>
</trkpt>
<trkpt lat="34.248315" lon="133.20298694444443">
<ele>35</ele>
</trkpt>
<trkpt lat="34.248665" lon="133.20278694444445">
<ele>37</ele>
</trkpt>
<trkpt lat="34.2487" lon="133.2027788888889">
<ele>38</ele>
</trkpt>
<trkpt lat="34.2487" lon="133.20278">
<ele>38</ele>
</trkpt>
<trkpt lat="34.248781111111114" lon="133.20276194444443">
<ele>43</ele>
</trkpt>
<trkpt lat="34.249015" lon="133.20276194444443">
<ele>42</ele>
</trkpt>
<trkpt lat="34.24913111111111" lon="133.202775">
<ele>43</ele>
</trkpt>
<trkpt lat="34.249223055555554" lon="133.20286194444444">
<ele>45</ele>
</trkpt>
<trkpt lat="34.24925611111111" lon="133.202925">
<ele>47</ele>
</trkpt>
<trkpt lat="34.249273055555555" lon="133.20305">
<ele>46</ele>
</trkpt>
<trkpt lat="34.24925611111111" lon="133.20315">
<ele>44</ele>
</trkpt>
<trkpt lat="34.24899" lon="133.20351194444444">
<ele>44</ele>
</trkpt>
<trkpt lat="34.24892305555556" lon="133.20365">
<ele>43</ele>
</trkpt>
<trkpt lat="34.248915" lon="133.20371194444445">
<ele>42</ele>
</trkpt>
<trkpt lat="34.248915" lon="133.2038">
<ele>43</ele>
</trkpt>
<trkpt lat="34.24894805555556" lon="133.203875">
<ele>43</ele>
</trkpt>
<trkpt lat="34.249015" lon="133.20398694444444">
<ele>44</ele>
</trkpt>
<trkpt lat="34.24912305555556" lon="133.20403694444445">
<ele>46</ele>
</trkpt>
<trkpt lat="34.24952305555556" lon="133.2041">
<ele>39</ele>
</trkpt>
<trkpt lat="34.24960611111111" lon="133.20415">
<ele>35</ele>
</trkpt>
<trkpt lat="34.249648055555554" lon="133.20418694444444">
<ele>35</ele>
</trkpt>
<trkpt lat="34.249765" lon="133.20433694444444">
<ele>38</ele>
</trkpt>
<trkpt lat="34.24980611111111" lon="133.20443694444444">
<ele>36</ele>
</trkpt>
<trkpt lat="34.24980611111111" lon="133.2046">
<ele>34</ele>
</trkpt>
<trkpt lat="34.249765" lon="133.20473694444445">
<ele>35</ele>
</trkpt>
<trkpt lat="34.249631111111114" lon="133.20486194444445">
<ele>35</ele>
</trkpt>
<trkpt lat="34.24928111111111" lon="133.20505">
<ele>35</ele>
</trkpt>
<trkpt lat="34.24914" lon="133.205225">
<ele>27</ele>
</trkpt>
<trkpt lat="34.249073055555556" lon="133.20536194444443">
<ele>28</ele>
</trkpt>
<trkpt lat="34.24905611111111" lon="133.20543694444444">
<ele>28</ele>
</trkpt>
<trkpt lat="34.24908111111111" lon="133.20561194444446">
<ele>25</ele>
</trkpt>
<trkpt lat="34.24912305555556" lon="133.205675">
<ele>26</ele>
</trkpt>
<trkpt lat="34.24917305555555" lon="133.2057">
<ele>26</ele>
</trkpt>
<trkpt lat="34.24924" lon="133.20568694444444">
<ele>25</ele>
</trkpt>
<trkpt lat="34.25001388888889" lon="133.205275">
<ele>17</ele>
</trkpt>
<trkpt lat="34.25035611111111" lon="133.2052">
<ele>16</ele>
</trkpt>
<trkpt lat="34.25066388888889" lon="133.20508694444445">
<ele>15</ele>
</trkpt>
<trkpt lat="34.25087305555556" lon="133.20485">
<ele>16</ele>
</trkpt>
<trkpt lat="34.25118111111111" lon="133.20451194444445">
<ele>16</ele>
</trkpt>
<trkpt lat="34.25120611111111" lon="133.20455">
<ele>16</ele>
</trkpt>
<trkpt lat="34.251373055555554" lon="133.204675">
<ele>17</ele>
</trkpt>
<trkpt lat="34.25170611111111" lon="133.20311194444446">
<ele>20</ele>
</trkpt>
<trkpt lat="34.25180611111111" lon="133.20296194444444">
<ele>23</ele>
</trkpt>
<trkpt lat="34.251981111111114" lon="133.20285">
<ele>23</ele>
</trkpt>
<trkpt lat="34.25237194444444" lon="133.20271194444445">
<ele>22</ele>
</trkpt>
<trkpt lat="34.25250611111111" lon="133.20258694444445">
<ele>24</ele>
</trkpt>
<trkpt lat="34.252631111111114" lon="133.2024">
<ele>20</ele>
</trkpt>
<trkpt lat="34.25277388888889" lon="133.2020961111111">
<ele>17</ele>
</trkpt>
<trkpt lat="34.25277388888889" lon="133.2020961111111">
<ele>17</ele>
</trkpt>
<trkpt lat="34.25288888888889" lon="133.20185">
<ele>14</ele>
</trkpt>
<trkpt lat="34.25327305555555" lon="133.20086194444445">
<ele>0</ele>
</trkpt>
<trkpt lat="34.253523055555554" lon="133.200225">
<ele>0</ele>
</trkpt>
<trkpt lat="34.253723055555554" lon="133.199675">
<ele>0</ele>
</trkpt>
<trkpt lat="34.25392305555555" lon="133.1992">
<ele>0</ele>
</trkpt>
<trkpt lat="34.254223055555556" lon="133.198475">
<ele>3</ele>
</trkpt>
<trkpt lat="34.25445611111111" lon="133.197875">
<ele>0</ele>
</trkpt>
<trkpt lat="34.254556111111114" lon="133.19746305555554">
<ele>0</ele>
</trkpt>
<trkpt lat="34.25463888888889" lon="133.19705">
<ele>0</ele>
</trkpt>
<trkpt lat="34.25465611111111" lon="133.1969488888889">
<ele>-871</ele>
</trkpt>
<trkpt lat="34.25465611111111" lon="133.1969488888889">
<ele>-870</ele>
</trkpt>
<trkpt lat="34.25477305555555" lon="133.19626305555556">
<ele>2</ele>
</trkpt>
<trkpt lat="34.254871944444446" lon="133.19555">
<ele>13</ele>
</trkpt>
<trkpt lat="34.254913888888886" lon="133.195225">
<ele>13</ele>
</trkpt>
<trkpt lat="34.25451388888889" lon="133.19516305555555">
<ele>14</ele>
</trkpt>
<trkpt lat="34.25447305555556" lon="133.19518805555555">
<ele>14</ele>
</trkpt>
<trkpt lat="34.25444805555556" lon="133.19523805555556">
<ele>13</ele>
</trkpt>
<trkpt lat="34.25432305555555" lon="133.19586305555555">
<ele>9</ele>
</trkpt>
<trkpt lat="34.254246944444446" lon="133.196375">
<ele>7</ele>
</trkpt>
<trkpt lat="34.25430611111111" lon="133.1965">
<ele>6</ele>
</trkpt>
<trkpt lat="34.25436388888889" lon="133.19675">
<ele>2</ele>
</trkpt>
<trkpt lat="34.25437194444444" lon="133.19686305555555">
<ele>1</ele>
</trkpt>
<trkpt lat="34.25433888888889" lon="133.196925">
<ele>0</ele>
</trkpt>
<trkpt lat="34.25425611111111" lon="133.197225">
<ele>1</ele>
</trkpt>
<trkpt lat="34.25420611111111" lon="133.19726305555557">
<ele>2</ele>
</trkpt>
<trkpt lat="34.25416388888889" lon="133.19725">
<ele>2</ele>
</trkpt>
<trkpt lat="34.254063888888886" lon="133.19711305555555">
<ele>0</ele>
</trkpt>
<trkpt lat="34.253948055555554" lon="133.19698805555555">
<ele>2</ele>
</trkpt>
<trkpt lat="34.253613888888886" lon="133.19675">
<ele>1</ele>
</trkpt>
<trkpt lat="34.25349694444444" lon="133.196725">
<ele>1</ele>
</trkpt>
<trkpt lat="34.25338111111111" lon="133.19675">
<ele>4</ele>
</trkpt>
<trkpt lat="34.25327305555555" lon="133.196825">
<ele>1</ele>
</trkpt>
<trkpt lat="34.25308111111111" lon="133.196825">
<ele>2</ele>
</trkpt>
<trkpt lat="34.252831111111114" lon="133.1968">
<ele>0</ele>
</trkpt>
<trkpt lat="34.252698055555555" lon="133.19685">
<ele>3</ele>
</trkpt>
<trkpt lat="34.252505" lon="133.196995">
<ele>2</ele>
</trkpt>
<trkpt lat="34.252505" lon="133.196995">
<ele>2</ele>
</trkpt>
<trkpt lat="34.25238111111111" lon="133.19708805555555">
<ele>2</ele>
</trkpt>
<trkpt lat="34.252298055555556" lon="133.1971">
<ele>3</ele>
</trkpt>
<trkpt lat="34.25215611111111" lon="133.19708805555555">
<ele>2</ele>
</trkpt>
<trkpt lat="34.25174805555555" lon="133.19693805555556">
<ele>1</ele>
</trkpt>
<trkpt lat="34.25157305555555" lon="133.19691305555557">
<ele>0</ele>
</trkpt>
<trkpt lat="34.251398055555555" lon="133.1969">
<ele>0</ele>
</trkpt>
<trkpt lat="34.25101388888889" lon="133.19691194444445">
<ele>0</ele>
</trkpt>
<trkpt lat="34.250565" lon="133.196875">
<ele>2</ele>
</trkpt>
<trkpt lat="34.25043111111111" lon="133.19685">
<ele>1</ele>
</trkpt>
<trkpt lat="34.250265" lon="133.196625">
<ele>3</ele>
</trkpt>
<trkpt lat="34.24988111111111" lon="133.196575">
<ele>0</ele>
</trkpt>
<trkpt lat="34.24979805555556" lon="133.196525">
<ele>4</ele>
</trkpt>
<trkpt lat="34.249673055555554" lon="133.19643805555555">
<ele>4</ele>
</trkpt>
<trkpt lat="34.24942305555555" lon="133.19591305555556">
<ele>0</ele>
</trkpt>
<trkpt lat="34.24877305555555" lon="133.19556305555557">
<ele>2</ele>
</trkpt>
<trkpt lat="34.248373055555554" lon="133.19556305555557">
<ele>2</ele>
</trkpt>
<trkpt lat="34.24809" lon="133.19495">
<ele>5</ele>
</trkpt>
<trkpt lat="34.24803194444444" lon="133.19476305555557">
<ele>6</ele>
</trkpt>
<trkpt lat="34.24809" lon="133.194275">
<ele>7</ele>
</trkpt>
<trkpt lat="34.247931944444446" lon="133.19391305555556">
<ele>7</ele>
</trkpt>
<trkpt lat="34.24739805555556" lon="133.19338805555554">
<ele>6</ele>
</trkpt>
<trkpt lat="34.247015" lon="133.19281305555555">
<ele>7</ele>
</trkpt>
<trkpt lat="34.24684888888889" lon="133.19245">
<ele>6</ele>
</trkpt>
<trkpt lat="34.246698888888886" lon="133.19188805555555">
<ele>7</ele>
</trkpt>
<trkpt lat="34.24654888888889" lon="133.191475">
<ele>6</ele>
</trkpt>
<trkpt lat="34.24632388888889" lon="133.19126305555557">
<ele>9</ele>
</trkpt>
<trkpt lat="34.246265" lon="133.19121305555555">
<ele>10</ele>
</trkpt>
<trkpt lat="34.24622388888889" lon="133.19113805555557">
<ele>10</ele>
</trkpt>
<trkpt lat="34.246181944444444" lon="133.191025">
<ele>13</ele>
</trkpt>
<trkpt lat="34.246006944444446" lon="133.19086305555555">
<ele>15</ele>
</trkpt>
<trkpt lat="34.24589" lon="133.19075">
<ele>17</ele>
</trkpt>
<trkpt lat="34.24585694444445" lon="133.19068805555557">
<ele>18</ele>
</trkpt>
<trkpt lat="34.24584" lon="133.1906">
<ele>19</ele>
</trkpt>
<trkpt lat="34.245865" lon="133.190475">
<ele>21</ele>
</trkpt>
<trkpt lat="34.24590694444444" lon="133.19043805555555">
<ele>25</ele>
</trkpt>
<trkpt lat="34.24608194444444" lon="133.19031305555555">
<ele>27</ele>
</trkpt>
<trkpt lat="34.24648194444445" lon="133.190075">
<ele>30</ele>
</trkpt>
<trkpt lat="34.246673888888886" lon="133.18991305555556">
<ele>29</ele>
</trkpt>
<trkpt lat="34.24690694444445" lon="133.1898">
<ele>25</ele>
</trkpt>
<trkpt lat="34.246965" lon="133.18968805555556">
<ele>20</ele>
</trkpt>
<trkpt lat="34.246965" lon="133.18946305555556">
<ele>18</ele>
</trkpt>
<trkpt lat="34.246881944444446" lon="133.18938805555555">
<ele>17</ele>
</trkpt>
<trkpt lat="34.24659888888889" lon="133.189325">
<ele>15</ele>
</trkpt>
<trkpt lat="34.24634888888889" lon="133.18916305555555">
<ele>13</ele>
</trkpt>
<trkpt lat="34.24587388888889" lon="133.18888805555557">
<ele>9</ele>
</trkpt>
<trkpt lat="34.24579888888889" lon="133.18865">
<ele>9</ele>
</trkpt>
<trkpt lat="34.245665" lon="133.18845">
<ele>9</ele>
</trkpt>
<trkpt lat="34.24544" lon="133.18828805555555">
<ele>9</ele>
</trkpt>
<trkpt lat="34.24534" lon="133.18803805555555">
<ele>8</ele>
</trkpt>
<trkpt lat="34.24528194444444" lon="133.18705111111112">
<ele>7</ele>
</trkpt>
<trkpt lat="34.24467388888889" lon="133.18705111111112">
<ele>8</ele>
</trkpt>
<trkpt lat="34.24459888888889" lon="133.18691305555555">
<ele>9</ele>
</trkpt>
<trkpt lat="34.24456611111111" lon="133.18648805555554">
<ele>8</ele>
</trkpt>
<trkpt lat="34.24449888888889" lon="133.18573805555556">
<ele>5</ele>
</trkpt>
<trkpt lat="34.24446611111111" lon="133.18551305555556">
<ele>4</ele>
</trkpt>
<trkpt lat="34.244306944444446" lon="133.1850511111111">
<ele>4</ele>
</trkpt>
<trkpt lat="34.244081944444446" lon="133.18498805555555">
<ele>7</ele>
</trkpt>
<trkpt lat="34.24350694444445" lon="133.1844011111111">
<ele>16</ele>
</trkpt>
<trkpt lat="34.24342388888889" lon="133.18432611111112">
<ele>15</ele>
</trkpt>
<trkpt lat="34.24334888888889" lon="133.1842761111111">
<ele>15</ele>
</trkpt>
<trkpt lat="34.243181944444444" lon="133.18423805555557">
<ele>16</ele>
</trkpt>
<trkpt lat="34.24274111111111" lon="133.1842511111111">
<ele>27</ele>
</trkpt>
<trkpt lat="34.24271611111111" lon="133.18423805555557">
<ele>27</ele>
</trkpt>
<trkpt lat="34.24214888888889" lon="133.18386305555555">
<ele>25</ele>
</trkpt>
<trkpt lat="34.24205805555555" lon="133.1838261111111">
<ele>27</ele>
</trkpt>
<trkpt lat="34.241956944444446" lon="133.18383805555555">
<ele>27</ele>
</trkpt>
<trkpt lat="34.241956944444446" lon="133.18383805555555">
<ele>27</ele>
</trkpt>
<trkpt lat="34.24176611111111" lon="133.18386305555555">
<ele>25</ele>
</trkpt>
<trkpt lat="34.24159888888889" lon="133.1839011111111">
<ele>28</ele>
</trkpt>
<trkpt lat="34.24149111111111" lon="133.18383805555555">
<ele>31</ele>
</trkpt>
<trkpt lat="34.241416111111114" lon="133.1836761111111">
<ele>37</ele>
</trkpt>
<trkpt lat="34.241283055555556" lon="133.1832261111111">
<ele>36</ele>
</trkpt>
<trkpt lat="34.24123194444444" lon="133.1831261111111">
<ele>34</ele>
</trkpt>
<trkpt lat="34.24114888888889" lon="133.1830511111111">
<ele>35</ele>
</trkpt>
<trkpt lat="34.241058055555555" lon="133.18303805555556">
<ele>36</ele>
</trkpt>
<trkpt lat="34.24095694444444" lon="133.18306305555555">
<ele>35</ele>
</trkpt>
<trkpt lat="34.24053305555555" lon="133.18321305555557">
<ele>34</ele>
</trkpt>
<trkpt lat="34.24044888888889" lon="133.18320111111112">
<ele>34</ele>
</trkpt>
<trkpt lat="34.24032388888889" lon="133.18307611111112">
<ele>36</ele>
</trkpt>
<trkpt lat="34.24013305555555" lon="133.18276305555557">
<ele>31</ele>
</trkpt>
<trkpt lat="34.23994888888889" lon="133.18248805555555">
<ele>24</ele>
</trkpt>
<trkpt lat="34.23983305555556" lon="133.1824511111111">
<ele>25</ele>
</trkpt>
<trkpt lat="34.239758055555555" lon="133.1824761111111">
<ele>23</ele>
</trkpt>
<trkpt lat="34.23961611111111" lon="133.1827011111111">
<ele>25</ele>
</trkpt>
<trkpt lat="34.23948305555555" lon="133.1832511111111">
<ele>26</ele>
</trkpt>
<trkpt lat="34.23939111111111" lon="133.18340111111112">
<ele>23</ele>
</trkpt>
<trkpt lat="34.239333055555555" lon="133.18346305555556">
<ele>25</ele>
</trkpt>
<trkpt lat="34.23929111111111" lon="133.18348805555556">
<ele>25</ele>
</trkpt>
<trkpt lat="34.23920805555556" lon="133.1835011111111">
<ele>26</ele>
</trkpt>
<trkpt lat="34.23912388888889" lon="133.1834511111111">
<ele>26</ele>
</trkpt>
<trkpt lat="34.23894111111111" lon="133.18316305555555">
<ele>23</ele>
</trkpt>
<trkpt lat="34.238883055555554" lon="133.18307611111112">
<ele>17</ele>
</trkpt>
<trkpt lat="34.23881611111111" lon="133.1830511111111">
<ele>17</ele>
</trkpt>
<trkpt lat="34.23874111111111" lon="133.18306305555555">
<ele>15</ele>
</trkpt>
<trkpt lat="34.23840805555555" lon="133.18316305555555">
<ele>11</ele>
</trkpt>
<trkpt lat="34.23829888888889" lon="133.18316305555555">
<ele>13</ele>
</trkpt>
<trkpt lat="34.238233055555554" lon="133.18311305555557">
<ele>13</ele>
</trkpt>
<trkpt lat="34.238233055555554" lon="133.18303805555556">
<ele>14</ele>
</trkpt>
<trkpt lat="34.23834111111111" lon="133.1827011111111">
<ele>13</ele>
</trkpt>
<trkpt lat="34.23834111111111" lon="133.1826511111111">
<ele>16</ele>
</trkpt>
<trkpt lat="34.238323888888885" lon="133.18253805555557">
<ele>16</ele>
</trkpt>
<trkpt lat="34.23829111111111" lon="133.18248805555555">
<ele>16</ele>
</trkpt>
<trkpt lat="34.238258055555555" lon="133.18243805555556">
<ele>18</ele>
</trkpt>
<trkpt lat="34.238191111111114" lon="133.18240111111112">
<ele>19</ele>
</trkpt>
<trkpt lat="34.238033055555555" lon="133.18241305555554">
<ele>22</ele>
</trkpt>
<trkpt lat="34.2379" lon="133.1824761111111">
<ele>23</ele>
</trkpt>
<trkpt lat="34.23745" lon="133.1829011111111">
<ele>19</ele>
</trkpt>
<trkpt lat="34.237325" lon="133.18297611111112">
<ele>15</ele>
</trkpt>
<trkpt lat="34.23725" lon="133.18298805555557">
<ele>15</ele>
</trkpt>
<trkpt lat="34.237175" lon="133.18297611111112">
<ele>18</ele>
</trkpt>
<trkpt lat="34.23690805555555" lon="133.1828011111111">
<ele>25</ele>
</trkpt>
<trkpt lat="34.23683305555556" lon="133.18273805555555">
<ele>24</ele>
</trkpt>
<trkpt lat="34.236758055555555" lon="133.18268805555556">
<ele>25</ele>
</trkpt>
<trkpt lat="34.236491111111114" lon="133.18266305555557">
<ele>24</ele>
</trkpt>
<trkpt lat="34.23631611111111" lon="133.18252611111112">
<ele>28</ele>
</trkpt>
<trkpt lat="34.236133055555555" lon="133.1822511111111">
<ele>33</ele>
</trkpt>
<trkpt lat="34.235975" lon="133.18213805555555">
<ele>34</ele>
</trkpt>
<trkpt lat="34.23580805555556" lon="133.18211305555556">
<ele>35</ele>
</trkpt>
<trkpt lat="34.23554194444444" lon="133.18213805555555">
<ele>46</ele>
</trkpt>
<trkpt lat="34.23535" lon="133.1822261111111">
<ele>45</ele>
</trkpt>
<trkpt lat="34.235175" lon="133.18241305555554">
<ele>38</ele>
</trkpt>
<trkpt lat="34.235083055555556" lon="133.18273805555555">
<ele>37</ele>
</trkpt>
<trkpt lat="34.235075" lon="133.1827761111111">
<ele>37</ele>
</trkpt>
<trkpt lat="34.23481694444445" lon="133.18387611111112">
<ele>30</ele>
</trkpt>
<trkpt lat="34.234741944444444" lon="133.18396305555555">
<ele>29</ele>
</trkpt>
<trkpt lat="34.23468305555556" lon="133.18403805555556">
<ele>32</ele>
</trkpt>
<trkpt lat="34.23428305555556" lon="133.18411305555554">
<ele>26</ele>
</trkpt>
<trkpt lat="34.2339" lon="133.18411305555554">
<ele>23</ele>
</trkpt>
<trkpt lat="34.2335" lon="133.18406305555555">
<ele>15</ele>
</trkpt>
<trkpt lat="34.233275" lon="133.18406305555555">
<ele>14</ele>
</trkpt>
<trkpt lat="34.2331" lon="133.18401305555557">
<ele>17</ele>
</trkpt>
<trkpt lat="34.232683888888886" lon="133.18373805555555">
<ele>12</ele>
</trkpt>
<trkpt lat="34.23255" lon="133.18371305555556">
<ele>12</ele>
</trkpt>
<trkpt lat="34.232375" lon="133.18373805555555">
<ele>11</ele>
</trkpt>
<trkpt lat="34.23228388888889" lon="133.18386305555555">
<ele>9</ele>
</trkpt>
<trkpt lat="34.232033888888886" lon="133.18438805555556">
<ele>7</ele>
</trkpt>
<trkpt lat="34.231975" lon="133.18442611111112">
<ele>9</ele>
</trkpt>
<trkpt lat="34.23185888888889" lon="133.18442611111112">
<ele>10</ele>
</trkpt>
<trkpt lat="34.23178388888889" lon="133.18433805555554">
<ele>10</ele>
</trkpt>
<trkpt lat="34.23142611111111" lon="133.18365111111112">
<ele>14</ele>
</trkpt>
<trkpt lat="34.231341944444445" lon="133.18362611111112">
<ele>14</ele>
</trkpt>
<trkpt lat="34.23080888888889" lon="133.18362611111112">
<ele>23</ele>
</trkpt>
<trkpt lat="34.23021694444444" lon="133.18351305555555">
<ele>25</ele>
</trkpt>
<trkpt lat="34.22980111111111" lon="133.18353805555554">
<ele>27</ele>
</trkpt>
<trkpt lat="34.22930888888889" lon="133.1837011111111">
<ele>19</ele>
</trkpt>
<trkpt lat="34.22925111111111" lon="133.18370694444445">
<ele>18</ele>
</trkpt>
<trkpt lat="34.22925111111111" lon="133.18370805555554">
<ele>18</ele>
</trkpt>
<trkpt lat="34.22930888888889" lon="133.1837011111111">
<ele>19</ele>
</trkpt>
<trkpt lat="34.22980111111111" lon="133.18353805555554">
<ele>27</ele>
</trkpt>
<trkpt lat="34.23021694444444" lon="133.18351305555555">
<ele>25</ele>
</trkpt>
<trkpt lat="34.23080888888889" lon="133.18362611111112">
<ele>23</ele>
</trkpt>
<trkpt lat="34.231341944444445" lon="133.18362611111112">
<ele>14</ele>
</trkpt>
<trkpt lat="34.23142611111111" lon="133.18365111111112">
<ele>14</ele>
</trkpt>
<trkpt lat="34.23178388888889" lon="133.18433805555554">
<ele>10</ele>
</trkpt>
<trkpt lat="34.23185888888889" lon="133.18442611111112">
<ele>10</ele>
</trkpt>
<trkpt lat="34.231975" lon="133.18442611111112">
<ele>9</ele>
</trkpt>
<trkpt lat="34.232033888888886" lon="133.18438805555556">
<ele>7</ele>
</trkpt>
<trkpt lat="34.23228388888889" lon="133.18386305555555">
<ele>9</ele>
</trkpt>
<trkpt lat="34.232375" lon="133.18373805555555">
<ele>11</ele>
</trkpt>
<trkpt lat="34.23255" lon="133.18371305555556">
<ele>12</ele>
</trkpt>
<trkpt lat="34.232683888888886" lon="133.18373805555555">
<ele>12</ele>
</trkpt>
<trkpt lat="34.2331" lon="133.18401305555557">
<ele>17</ele>
</trkpt>
<trkpt lat="34.233275" lon="133.18406305555555">
<ele>14</ele>
</trkpt>
<trkpt lat="34.2335" lon="133.18406305555555">
<ele>15</ele>
</trkpt>
<trkpt lat="34.2339" lon="133.18411305555554">
<ele>23</ele>
</trkpt>
<trkpt lat="34.23428305555556" lon="133.18411305555554">
<ele>26</ele>
</trkpt>
<trkpt lat="34.23468305555556" lon="133.18403805555556">
<ele>32</ele>
</trkpt>
<trkpt lat="34.234741944444444" lon="133.18396305555555">
<ele>29</ele>
</trkpt>
<trkpt lat="34.23481694444445" lon="133.18387611111112">
<ele>30</ele>
</trkpt>
<trkpt lat="34.235075" lon="133.1827761111111">
<ele>37</ele>
</trkpt>
<trkpt lat="34.235083055555556" lon="133.18273805555555">
<ele>37</ele>
</trkpt>
<trkpt lat="34.235175" lon="133.18241305555554">
<ele>38</ele>
</trkpt>
<trkpt lat="34.23535" lon="133.1822261111111">
<ele>45</ele>
</trkpt>
<trkpt lat="34.23554194444444" lon="133.18213805555555">
<ele>46</ele>
</trkpt>
<trkpt lat="34.23580805555556" lon="133.18211305555556">
<ele>35</ele>
</trkpt>
<trkpt lat="34.235975" lon="133.18213805555555">
<ele>34</ele>
</trkpt>
<trkpt lat="34.236133055555555" lon="133.1822511111111">
<ele>33</ele>
</trkpt>
<trkpt lat="34.23631611111111" lon="133.18252611111112">
<ele>28</ele>
</trkpt>
<trkpt lat="34.236491111111114" lon="133.18266305555557">
<ele>24</ele>
</trkpt>
<trkpt lat="34.236758055555555" lon="133.18268805555556">
<ele>25</ele>
</trkpt>
<trkpt lat="34.23683305555556" lon="133.18273805555555">
<ele>24</ele>
</trkpt>
<trkpt lat="34.23690805555555" lon="133.1828011111111">
<ele>25</ele>
</trkpt>
<trkpt lat="34.237175" lon="133.18297611111112">
<ele>18</ele>
</trkpt>
<trkpt lat="34.23725" lon="133.18298805555557">
<ele>15</ele>
</trkpt>
<trkpt lat="34.237325" lon="133.18297611111112">
<ele>15</ele>
</trkpt>
<trkpt lat="34.23745" lon="133.1829011111111">
<ele>19</ele>
</trkpt>
<trkpt lat="34.2379" lon="133.1824761111111">
<ele>23</ele>
</trkpt>
<trkpt lat="34.238033055555555" lon="133.18241305555554">
<ele>22</ele>
</trkpt>
<trkpt lat="34.238191111111114" lon="133.18240111111112">
<ele>19</ele>
</trkpt>
<trkpt lat="34.238258055555555" lon="133.18243805555556">
<ele>18</ele>
</trkpt>
<trkpt lat="34.23829111111111" lon="133.18248805555555">
<ele>16</ele>
</trkpt>
<trkpt lat="34.238323888888885" lon="133.18253805555557">
<ele>16</ele>
</trkpt>
<trkpt lat="34.23834111111111" lon="133.1826511111111">
<ele>16</ele>
</trkpt>
<trkpt lat="34.23834111111111" lon="133.1827011111111">
<ele>13</ele>
</trkpt>
<trkpt lat="34.238233055555554" lon="133.18303805555556">
<ele>14</ele>
</trkpt>
<trkpt lat="34.238233055555554" lon="133.18311305555557">
<ele>13</ele>
</trkpt>
<trkpt lat="34.23829888888889" lon="133.18316305555555">
<ele>13</ele>
</trkpt>
<trkpt lat="34.23840805555555" lon="133.18316305555555">
<ele>11</ele>
</trkpt>
<trkpt lat="34.23874111111111" lon="133.18306305555555">
<ele>15</ele>
</trkpt>
<trkpt lat="34.23881611111111" lon="133.1830511111111">
<ele>17</ele>
</trkpt>
<trkpt lat="34.238883055555554" lon="133.18307611111112">
<ele>17</ele>
</trkpt>
<trkpt lat="34.23894111111111" lon="133.18316305555555">
<ele>23</ele>
</trkpt>
<trkpt lat="34.23912388888889" lon="133.1834511111111">
<ele>26</ele>
</trkpt>
<trkpt lat="34.23920805555556" lon="133.1835011111111">
<ele>26</ele>
</trkpt>
<trkpt lat="34.23929111111111" lon="133.18348805555556">
<ele>25</ele>
</trkpt>
<trkpt lat="34.239333055555555" lon="133.18346305555556">
<ele>25</ele>
</trkpt>
<trkpt lat="34.23939111111111" lon="133.18340111111112">
<ele>23</ele>
</trkpt>
<trkpt lat="34.23948305555555" lon="133.1832511111111">
<ele>26</ele>
</trkpt>
<trkpt lat="34.23961611111111" lon="133.1827011111111">
<ele>25</ele>
</trkpt>
<trkpt lat="34.239758055555555" lon="133.1824761111111">
<ele>23</ele>
</trkpt>
<trkpt lat="34.23983305555556" lon="133.1824511111111">
<ele>25</ele>
</trkpt>
<trkpt lat="34.23994888888889" lon="133.18248805555555">
<ele>24</ele>
</trkpt>
<trkpt lat="34.24013305555555" lon="133.18276305555557">
<ele>31</ele>
</trkpt>
<trkpt lat="34.24032388888889" lon="133.18307611111112">
<ele>36</ele>
</trkpt>
<trkpt lat="34.24044888888889" lon="133.18320111111112">
<ele>34</ele>
</trkpt>
<trkpt lat="34.24053305555555" lon="133.18321305555557">
<ele>34</ele>
</trkpt>
<trkpt lat="34.24095694444444" lon="133.18306305555555">
<ele>35</ele>
</trkpt>
<trkpt lat="34.241058055555555" lon="133.18303805555556">
<ele>36</ele>
</trkpt>
<trkpt lat="34.24114888888889" lon="133.1830511111111">
<ele>35</ele>
</trkpt>
<trkpt lat="34.24123194444444" lon="133.1831261111111">
<ele>34</ele>
</trkpt>
<trkpt lat="34.241283055555556" lon="133.1832261111111">
<ele>36</ele>
</trkpt>
<trkpt lat="34.241416111111114" lon="133.1836761111111">
<ele>37</ele>
</trkpt>
<trkpt lat="34.24149111111111" lon="133.18383805555555">
<ele>31</ele>
</trkpt>
<trkpt lat="34.24159888888889" lon="133.1839011111111">
<ele>28</ele>
</trkpt>
<trkpt lat="34.24176611111111" lon="133.18386305555555">
<ele>25</ele>
</trkpt>
<trkpt lat="34.24205805555555" lon="133.1838261111111">
<ele>27</ele>
</trkpt>
<trkpt lat="34.24214888888889" lon="133.18386305555555">
<ele>25</ele>
</trkpt>
<trkpt lat="34.24271611111111" lon="133.18423805555557">
<ele>27</ele>
</trkpt>
<trkpt lat="34.24274111111111" lon="133.1842511111111">
<ele>27</ele>
</trkpt>
<trkpt lat="34.243181944444444" lon="133.18423805555557">
<ele>16</ele>
</trkpt>
<trkpt lat="34.24334888888889" lon="133.1842761111111">
<ele>15</ele>
</trkpt>
<trkpt lat="34.24342388888889" lon="133.18432611111112">
<ele>15</ele>
</trkpt>
<trkpt lat="34.24350694444445" lon="133.1844011111111">
<ele>16</ele>
</trkpt>
<trkpt lat="34.244081944444446" lon="133.18498805555555">
<ele>7</ele>
</trkpt>
<trkpt lat="34.244306944444446" lon="133.1850511111111">
<ele>4</ele>
</trkpt>
<trkpt lat="34.24501611111111" lon="133.18513805555557">
<ele>1</ele>
</trkpt>
<trkpt lat="34.24529888888889" lon="133.18518805555556">
<ele>3</ele>
</trkpt>
<trkpt lat="34.24585694444445" lon="133.18496305555556">
<ele>1</ele>
</trkpt>
<trkpt lat="34.24689" lon="133.18466305555555">
<ele>2</ele>
</trkpt>
<trkpt lat="34.247231944444444" lon="133.1846011111111">
<ele>3</ele>
</trkpt>
<trkpt lat="34.24734" lon="133.1846011111111">
<ele>2</ele>
</trkpt>
<trkpt lat="34.24738194444444" lon="133.1846261111111">
<ele>2</ele>
</trkpt>
<trkpt lat="34.24742388888889" lon="133.18466305555555">
<ele>2</ele>
</trkpt>
<trkpt lat="34.247456944444444" lon="133.18473805555556">
<ele>0</ele>
</trkpt>
<trkpt lat="34.24758194444444" lon="133.18500111111112">
<ele>2</ele>
</trkpt>
<trkpt lat="34.24772388888889" lon="133.1851511111111">
<ele>6</ele>
</trkpt>
<trkpt lat="34.24778194444445" lon="133.1851761111111">
<ele>3</ele>
</trkpt>
<trkpt lat="34.24784805555556" lon="133.18518805555556">
<ele>3</ele>
</trkpt>
<trkpt lat="34.24814" lon="133.1851761111111">
<ele>1</ele>
</trkpt>
<trkpt lat="34.24877305555555" lon="133.1850511111111">
<ele>4</ele>
</trkpt>
<trkpt lat="34.24909" lon="133.1850261111111">
<ele>6</ele>
</trkpt>
<trkpt lat="34.249865" lon="133.18467611111112">
<ele>6</ele>
</trkpt>
<trkpt lat="34.25004" lon="133.18465111111112">
<ele>1</ele>
</trkpt>
<trkpt lat="34.25009" lon="133.18467611111112">
<ele>6</ele>
</trkpt>
<trkpt lat="34.250148055555556" lon="133.18478805555554">
<ele>4</ele>
</trkpt>
<trkpt lat="34.250365" lon="133.18513805555557">
<ele>3</ele>
</trkpt>
<trkpt lat="34.25049" lon="133.1852511111111">
<ele>5</ele>
</trkpt>
<trkpt lat="34.250773055555555" lon="133.1853011111111">
<ele>1</ele>
</trkpt>
<trkpt lat="34.25114" lon="133.1852511111111">
<ele>5</ele>
</trkpt>
<trkpt lat="34.25119" lon="133.1852511111111">
<ele>5</ele>
</trkpt>
<trkpt lat="34.251215" lon="133.18526305555557">
<ele>5</ele>
</trkpt>
<trkpt lat="34.25123111111111" lon="133.18531305555555">
<ele>0</ele>
</trkpt>
<trkpt lat="34.25125611111111" lon="133.18535111111112">
<ele>7</ele>
</trkpt>
<trkpt lat="34.25134" lon="133.18536305555557">
<ele>5</ele>
</trkpt>
<trkpt lat="34.252015" lon="133.1853761111111">
<ele>0</ele>
</trkpt>
<trkpt lat="34.25204" lon="133.18586305555556">
<ele>3</ele>
</trkpt>
<trkpt lat="34.25204" lon="133.18592611111112">
<ele>4</ele>
</trkpt>
<trkpt lat="34.252073055555556" lon="133.18602611111112">
<ele>5</ele>
</trkpt>
<trkpt lat="34.25212305555556" lon="133.18615111111112">
<ele>4</ele>
</trkpt>
<trkpt lat="34.25219" lon="133.1862761111111">
<ele>4</ele>
</trkpt>
<trkpt lat="34.25259" lon="133.18713888888888">
<ele>1</ele>
</trkpt>
<trkpt lat="34.25259" lon="133.18713805555555">
<ele>1</ele>
</trkpt>
<trkpt lat="34.252648055555554" lon="133.18726305555555">
<ele>0</ele>
</trkpt>
<trkpt lat="34.25237305555556" lon="133.18748805555555">
<ele>1</ele>
</trkpt>
<trkpt lat="34.25259805555555" lon="133.1879761111111">
<ele>6</ele>
</trkpt>
<trkpt lat="34.25318111111111" lon="133.18848805555555">
<ele>8</ele>
</trkpt>
<trkpt lat="34.25327305555555" lon="133.18831305555557">
<ele>6</ele>
</trkpt>
<trkpt lat="34.253298055555554" lon="133.18830111111112">
<ele>6</ele>
</trkpt>
<trkpt lat="34.25351388888889" lon="133.18840111111112">
<ele>6</ele>
</trkpt>
<trkpt lat="34.25395388888889" lon="133.1885988888889">
<ele>3</ele>
</trkpt>
<trkpt lat="34.25395388888889" lon="133.1885988888889">
<ele>3</ele>
</trkpt>
<trkpt lat="34.25431388888889" lon="133.18876305555557">
<ele>1</ele>
</trkpt>
<trkpt lat="34.25433888888889" lon="133.18886305555554">
<ele>3</ele>
</trkpt>
<trkpt lat="34.254688888888886" lon="133.18897611111112">
<ele>2</ele>
</trkpt>
<trkpt lat="34.25485611111111" lon="133.18908805555554">
<ele>4</ele>
</trkpt>
<trkpt lat="34.25510611111111" lon="133.1893761111111">
<ele>8</ele>
</trkpt>
<trkpt lat="34.255271944444445" lon="133.1894761111111">
<ele>3</ele>
</trkpt>
<trkpt lat="34.25543111111111" lon="133.18952611111112">
<ele>1</ele>
</trkpt>
<trkpt lat="34.25599694444445" lon="133.18956305555557">
<ele>5</ele>
</trkpt>
<trkpt lat="34.25639694444445" lon="133.1896761111111">
<ele>5</ele>
</trkpt>
<trkpt lat="34.25653888888889" lon="133.18977611111112">
<ele>3</ele>
</trkpt>
<trkpt lat="34.25663111111111" lon="133.18993805555556">
<ele>3</ele>
</trkpt>
<trkpt lat="34.256681111111114" lon="133.19013805555556">
<ele>1</ele>
</trkpt>
<trkpt lat="34.256681111111114" lon="133.19036305555557">
<ele>1</ele>
</trkpt>
<trkpt lat="34.25663888888889" lon="133.19048805555556">
<ele>6</ele>
</trkpt>
<trkpt lat="34.25649694444444" lon="133.19077611111112">
<ele>6</ele>
</trkpt>
<trkpt lat="34.25639694444445" lon="133.19098805555555">
<ele>8</ele>
</trkpt>
<trkpt lat="34.256371944444446" lon="133.19111305555555">
<ele>6</ele>
</trkpt>
<trkpt lat="34.25638111111111" lon="133.19126305555557">
<ele>5</ele>
</trkpt>
<trkpt lat="34.25651388888889" lon="133.19178805555555">
<ele>12</ele>
</trkpt>
<trkpt lat="34.25653111111111" lon="133.19193805555557">
<ele>15</ele>
</trkpt>
<trkpt lat="34.256495" lon="133.192255">
<ele>15</ele>
</trkpt>
<trkpt lat="34.256495" lon="133.1922538888889">
<ele>15</ele>
</trkpt>
<trkpt lat="34.25646388888889" lon="133.192525">
<ele>15</ele>
</trkpt>
<trkpt lat="34.256371944444446" lon="133.192825">
<ele>17</ele>
</trkpt>
<trkpt lat="34.25627194444444" lon="133.19293805555554">
<ele>15</ele>
</trkpt>
<trkpt lat="34.256146944444446" lon="133.19298805555556">
<ele>15</ele>
</trkpt>
<trkpt lat="34.25587194444444" lon="133.193">
<ele>16</ele>
</trkpt>
<trkpt lat="34.25568888888889" lon="133.19301305555555">
<ele>17</ele>
</trkpt>
<trkpt lat="34.25563888888889" lon="133.19233805555555">
<ele>31</ele>
</trkpt>
<trkpt lat="34.25562305555555" lon="133.1919">
<ele>24</ele>
</trkpt>
<trkpt lat="34.255673055555555" lon="133.19145">
<ele>15</ele>
</trkpt>
<trkpt lat="34.25582305555555" lon="133.19091305555557">
<ele>18</ele>
</trkpt>
<trkpt lat="34.25608888888889" lon="133.19028805555556">
<ele>17</ele>
</trkpt>
<trkpt lat="34.25622305555556" lon="133.19000111111112">
<ele>9</ele>
</trkpt>
<trkpt lat="34.25633111111111" lon="133.18977611111112">
<ele>6</ele>
</trkpt>
<trkpt lat="34.25638111111111" lon="133.18968805555556">
<ele>5</ele>
</trkpt>
<trkpt lat="34.25743111111111" lon="133.18743805555556">
<ele>0</ele>
</trkpt>
<trkpt lat="34.257621944444445" lon="133.1870311111111">
<ele>0</ele>
</trkpt>
<trkpt lat="34.257621944444445" lon="133.1870311111111">
<ele>0</ele>
</trkpt>
<trkpt lat="34.25808888888889" lon="133.18603805555554">
<ele>0</ele>
</trkpt>
<trkpt lat="34.25833111111111" lon="133.1855261111111">
<ele>0</ele>
</trkpt>
<trkpt lat="34.25838111111111" lon="133.1854261111111">
<ele>2</ele>
</trkpt>
<trkpt lat="34.258521944444446" lon="133.18516305555556">
<ele>7</ele>
</trkpt>
<trkpt lat="34.25880611111111" lon="133.18463805555555">
<ele>12</ele>
</trkpt>
<trkpt lat="34.25891388888889" lon="133.1844761111111">
<ele>10</ele>
</trkpt>
<trkpt lat="34.25898111111111" lon="133.1844011111111">
<ele>14</ele>
</trkpt>
<trkpt lat="34.25906388888889" lon="133.1843511111111">
<ele>11</ele>
</trkpt>
<trkpt lat="34.25923888888889" lon="133.18433805555554">
<ele>17</ele>
</trkpt>
<trkpt lat="34.25931388888889" lon="133.18436305555556">
<ele>17</ele>
</trkpt>
<trkpt lat="34.259388888888886" lon="133.18442611111112">
<ele>22</ele>
</trkpt>
<trkpt lat="34.25943111111111" lon="133.18448805555556">
<ele>22</ele>
</trkpt>
<trkpt lat="34.25946388888889" lon="133.18456305555554">
<ele>27</ele>
</trkpt>
<trkpt lat="34.25947194444444" lon="133.18463805555555">
<ele>27</ele>
</trkpt>
<trkpt lat="34.25944694444444" lon="133.1848511111111">
<ele>25</ele>
</trkpt>
<trkpt lat="34.25940611111111" lon="133.18493805555556">
<ele>21</ele>
</trkpt>
<trkpt lat="34.25933111111111" lon="133.1850261111111">
<ele>17</ele>
</trkpt>
<trkpt lat="34.25929694444444" lon="133.18503805555557">
<ele>17</ele>
</trkpt>
<trkpt lat="34.25923111111111" lon="133.18508805555555">
<ele>17</ele>
</trkpt>
<trkpt lat="34.25908111111111" lon="133.18513805555557">
<ele>9</ele>
</trkpt>
<trkpt lat="34.258921944444445" lon="133.1852011111111">
<ele>8</ele>
</trkpt>
<trkpt lat="34.25881388888889" lon="133.18526305555557">
<ele>9</ele>
</trkpt>
<trkpt lat="34.25875611111111" lon="133.18531305555555">
<ele>14</ele>
</trkpt>
<trkpt lat="34.25868888888889" lon="133.18541305555556">
<ele>14</ele>
</trkpt>
<trkpt lat="34.25864694444444" lon="133.1855261111111">
<ele>9</ele>
</trkpt>
<trkpt lat="34.258645" lon="133.18555388888888">
<ele>9</ele>
</trkpt>
<trkpt lat="34.25864388888889" lon="133.18555305555554">
<ele>9</ele>
</trkpt>
<trkpt lat="34.25863888888889" lon="133.18561305555556">
<ele>10</ele>
</trkpt>
<trkpt lat="34.25864694444444" lon="133.18571305555557">
<ele>10</ele>
</trkpt>
<trkpt lat="34.258671944444444" lon="133.18580111111112">
<ele>9</ele>
</trkpt>
<trkpt lat="34.25874694444445" lon="133.18592611111112">
<ele>7</ele>
</trkpt>
<trkpt lat="34.258831111111114" lon="133.18598805555555">
<ele>6</ele>
</trkpt>
<trkpt lat="34.25895611111111" lon="133.18602611111112">
<ele>3</ele>
</trkpt>
<trkpt lat="34.259121944444445" lon="133.18602611111112">
<ele>4</ele>
</trkpt>
<trkpt lat="34.259546944444445" lon="133.18598805555555">
<ele>8</ele>
</trkpt>
<trkpt lat="34.25963" lon="133.18600111111112">
<ele>8</ele>
</trkpt>
<trkpt lat="34.259705" lon="133.18602611111112">
<ele>10</ele>
</trkpt>
<trkpt lat="34.25978" lon="133.1860761111111">
<ele>13</ele>
</trkpt>
<trkpt lat="34.25983" lon="133.18616305555557">
<ele>10</ele>
</trkpt>
<trkpt lat="34.259855" lon="133.1862761111111">
<ele>9</ele>
</trkpt>
<trkpt lat="34.25987194444444" lon="133.1865261111111">
<ele>5</ele>
</trkpt>
<trkpt lat="34.259771944444445" lon="133.18651305555557">
<ele>3</ele>
</trkpt>
<trkpt lat="34.25966388888889" lon="133.18651305555557">
<ele>2</ele>
</trkpt>
<trkpt lat="34.25949694444444" lon="133.18651305555557">
<ele>2</ele>
</trkpt>
<trkpt lat="34.25942194444445" lon="133.18651305555557">
<ele>1</ele>
</trkpt>
<trkpt lat="34.25929694444444" lon="133.1865011111111">
<ele>0</ele>
</trkpt>
<trkpt lat="34.25910611111111" lon="133.18641305555556">
<ele>0</ele>
</trkpt>
<trkpt lat="34.25871388888889" lon="133.18622611111113">
<ele>0</ele>
</trkpt>
<trkpt lat="34.25857194444445" lon="133.18611305555555">
<ele>0</ele>
</trkpt>
<trkpt lat="34.258496944444445" lon="133.18598805555555">
<ele>2</ele>
</trkpt>
<trkpt lat="34.258246944444444" lon="133.1850261111111">
<ele>1</ele>
</trkpt>
<trkpt lat="34.25822194444444" lon="133.18477611111112">
<ele>3</ele>
</trkpt>
<trkpt lat="34.25826388888889" lon="133.18358805555556">
<ele>2</ele>
</trkpt>
<trkpt lat="34.258296944444446" lon="133.18338805555555">
<ele>1</ele>
</trkpt>
<trkpt lat="34.258496944444445" lon="133.18283805555555">
<ele>6</ele>
</trkpt>
<trkpt lat="34.258496944444445" lon="133.18258805555556">
<ele>4</ele>
</trkpt>
<trkpt lat="34.258538888888886" lon="133.18223805555556">
<ele>3</ele>
</trkpt>
<trkpt lat="34.258521944444446" lon="133.18208805555557">
<ele>3</ele>
</trkpt>
<trkpt lat="34.25848111111111" lon="133.18201305555556">
<ele>3</ele>
</trkpt>
<trkpt lat="34.25834611111111" lon="133.1819338888889">
<ele>2</ele>
</trkpt>
<trkpt lat="34.25834611111111" lon="133.1819338888889">
<ele>2</ele>
</trkpt>
<trkpt lat="34.258246944444444" lon="133.1818761111111">
<ele>1</ele>
</trkpt>
<trkpt lat="34.25817194444444" lon="133.1817761111111">
<ele>1</ele>
</trkpt>
<trkpt lat="34.257846944444445" lon="133.18076305555556">
<ele>4</ele>
</trkpt>
<trkpt lat="34.25750611111111" lon="133.1801761111111">
<ele>2</ele>
</trkpt>
<trkpt lat="34.25716388888889" lon="133.17976305555555">
<ele>6</ele>
</trkpt>
<trkpt lat="34.25698888888889" lon="133.17966305555555">
<ele>9</ele>
</trkpt>
<trkpt lat="34.25673111111111" lon="133.17958805555554">
<ele>5</ele>
</trkpt>
<trkpt lat="34.256388888888885" lon="133.17921305555555">
<ele>5</ele>
</trkpt>
<trkpt lat="34.256073055555554" lon="133.1786261111111">
<ele>2</ele>
</trkpt>
<trkpt lat="34.25602305555555" lon="133.17811305555554">
<ele>4</ele>
</trkpt>
<trkpt lat="34.25610611111111" lon="133.1777011111111">
<ele>3</ele>
</trkpt>
<trkpt lat="34.25622305555556" lon="133.17721305555557">
<ele>6</ele>
</trkpt>
<trkpt lat="34.25636388888889" lon="133.17648805555555">
<ele>5</ele>
</trkpt>
<trkpt lat="34.25644805555556" lon="133.17617611111112">
<ele>6</ele>
</trkpt>
<trkpt lat="34.25650611111111" lon="133.17593805555555">
<ele>3</ele>
</trkpt>
<trkpt lat="34.257021944444446" lon="133.1751261111111">
<ele>3</ele>
</trkpt>
<trkpt lat="34.257573055555554" lon="133.17388888888888">
<ele>0</ele>
</trkpt>
<trkpt lat="34.25815611111111" lon="133.1727511111111">
<ele>2</ele>
</trkpt>
<trkpt lat="34.258271944444445" lon="133.1726138888889">
<ele>4</ele>
</trkpt>
<trkpt lat="34.25841388888889" lon="133.17255111111112">
<ele>6</ele>
</trkpt>
<trkpt lat="34.25883888888889" lon="133.17252611111113">
<ele>3</ele>
</trkpt>
<trkpt lat="34.25898888888889" lon="133.1724888888889">
<ele>4</ele>
</trkpt>
<trkpt lat="34.259746944444444" lon="133.17176388888888">
<ele>1</ele>
</trkpt>
<trkpt lat="34.25992194444444" lon="133.1716761111111">
<ele>2</ele>
</trkpt>
<trkpt lat="34.26021388888889" lon="133.17163888888888">
<ele>7</ele>
</trkpt>
<trkpt lat="34.26056388888889" lon="133.17165111111112">
<ele>4</ele>
</trkpt>
<trkpt lat="34.26078" lon="133.1716761111111">
<ele>8</ele>
</trkpt>
<trkpt lat="34.26098" lon="133.1717261111111">
<ele>4</ele>
</trkpt>
<trkpt lat="34.261205" lon="133.1718011111111">
<ele>3</ele>
</trkpt>
<trkpt lat="34.261405" lon="133.17177611111111">
<ele>0</ele>
</trkpt>
<trkpt lat="34.26188" lon="133.1715761111111">
<ele>2</ele>
</trkpt>
<trkpt lat="34.26201388888889" lon="133.1715511111111">
<ele>3</ele>
</trkpt>
<trkpt lat="34.26243888888889" lon="133.17165111111112">
<ele>9</ele>
</trkpt>
<trkpt lat="34.263171944444444" lon="133.17162611111112">
<ele>27</ele>
</trkpt>
<trkpt lat="34.26348" lon="133.17153888888888">
<ele>22</ele>
</trkpt>
<trkpt lat="34.26372194444444" lon="133.1713761111111">
<ele>18</ele>
</trkpt>
<trkpt lat="34.263938055555556" lon="133.1713511111111">
<ele>19</ele>
</trkpt>
<trkpt lat="34.264105" lon="133.1713761111111">
<ele>18</ele>
</trkpt>
<trkpt lat="34.26423805555556" lon="133.1714511111111">
<ele>18</ele>
</trkpt>
<trkpt lat="34.26442194444444" lon="133.17175111111112">
<ele>16</ele>
</trkpt>
<trkpt lat="34.264521944444446" lon="133.1718138888889">
<ele>10</ele>
</trkpt>
<trkpt lat="34.26467111111111" lon="133.17185111111112">
<ele>9</ele>
</trkpt>
<trkpt lat="34.26547111111111" lon="133.1717138888889">
<ele>8</ele>
</trkpt>
<trkpt lat="34.26674611111111" lon="133.1715511111111">
<ele>5</ele>
</trkpt>
<trkpt lat="34.26695388888889" lon="133.1716011111111">
<ele>0</ele>
</trkpt>
<trkpt lat="34.26735111111111" lon="133.17181805555555">
<ele>0</ele>
</trkpt>
<trkpt lat="34.26735111111111" lon="133.17181805555555">
<ele>0</ele>
</trkpt>
<trkpt lat="34.268053888888886" lon="133.17220111111112">
<ele>0</ele>
</trkpt>
<trkpt lat="34.26866305555556" lon="133.17252611111113">
<ele>0</ele>
</trkpt>
<trkpt lat="34.26877888888889" lon="133.1726138888889">
<ele>0</ele>
</trkpt>
<trkpt lat="34.26882111111111" lon="133.1727138888889">
<ele>0</ele>
</trkpt>
<trkpt lat="34.268886944444446" lon="133.1729638888889">
<ele>2</ele>
</trkpt>
<trkpt lat="34.26887111111111" lon="133.17312611111112">
<ele>5</ele>
</trkpt>
<trkpt lat="34.26936194444445" lon="133.1733638888889">
<ele>0</ele>
</trkpt>
<trkpt lat="34.26957111111111" lon="133.1735011111111">
<ele>0</ele>
</trkpt>
<trkpt lat="34.26967888888889" lon="133.1735011111111">
<ele>0</ele>
</trkpt>
<trkpt lat="34.26990388888889" lon="133.1734261111111">
<ele>0</ele>
</trkpt>
<trkpt lat="34.27019611111111" lon="133.1732888888889">
<ele>0</ele>
</trkpt>
<trkpt lat="34.270403888888886" lon="133.17323888888887">
<ele>1</ele>
</trkpt>
<trkpt lat="34.27087888888889" lon="133.1731511111111">
<ele>0</ele>
</trkpt>
<trkpt lat="34.270986944444445" lon="133.17331388888888">
<ele>0</ele>
</trkpt>
<trkpt lat="34.271121111111114" lon="133.1738638888889">
<ele>7</ele>
</trkpt>
<trkpt lat="34.27187111111111" lon="133.17388888888888">
<ele>6</ele>
</trkpt>
<trkpt lat="34.27209611111111" lon="133.1737511111111">
<ele>6</ele>
</trkpt>
<trkpt lat="34.27240388888889" lon="133.1732888888889">
<ele>5</ele>
</trkpt>
<trkpt lat="34.27242888888889" lon="133.17312611111112">
<ele>5</ele>
</trkpt>
<trkpt lat="34.27225388888889" lon="133.17245111111112">
<ele>5</ele>
</trkpt>
<trkpt lat="34.27221194444444" lon="133.17218888888888">
<ele>4</ele>
</trkpt>
<trkpt lat="34.272236944444444" lon="133.17206388888889">
<ele>4</ele>
</trkpt>
<trkpt lat="34.27229611111111" lon="133.1719261111111">
<ele>4</ele>
</trkpt>
<trkpt lat="34.27247888888889" lon="133.1716888888889">
<ele>4</ele>
</trkpt>
<trkpt lat="34.27258694444444" lon="133.17152611111112">
<ele>4</ele>
</trkpt>
<trkpt lat="34.27270388888889" lon="133.1713638888889">
<ele>4</ele>
</trkpt>
<trkpt lat="34.272736944444446" lon="133.1712638888889">
<ele>4</ele>
</trkpt>
<trkpt lat="34.27247888888889" lon="133.1700011111111">
<ele>4</ele>
</trkpt>
<trkpt lat="34.27232111111111" lon="133.1694261111111">
<ele>0</ele>
</trkpt>
<trkpt lat="34.27232111111111" lon="133.1693011111111">
<ele>0</ele>
</trkpt>
<trkpt lat="34.27233694444445" lon="133.16916388888887">
<ele>6</ele>
</trkpt>
<trkpt lat="34.27240388888889" lon="133.1689638888889">
<ele>6</ele>
</trkpt>
<trkpt lat="34.27254611111111" lon="133.16870111111112">
<ele>6</ele>
</trkpt>
<trkpt lat="34.27263694444444" lon="133.1686138888889">
<ele>8</ele>
</trkpt>
<trkpt lat="34.27332888888889" lon="133.1684011111111">
<ele>6</ele>
</trkpt>
<trkpt lat="34.27342" lon="133.1683138888889">
<ele>7</ele>
</trkpt>
<trkpt lat="34.27377888888889" lon="133.1676388888889">
<ele>1</ele>
</trkpt>
<trkpt lat="34.27386694444444" lon="133.1675161111111">
<ele>0</ele>
</trkpt>
<trkpt lat="34.27386694444444" lon="133.1675161111111">
<ele>0</ele>
</trkpt>
<trkpt lat="34.273895" lon="133.1674761111111">
<ele>0</ele>
</trkpt>
<trkpt lat="34.274053888888886" lon="133.16745111111112">
<ele>0</ele>
</trkpt>
<trkpt lat="34.274145" lon="133.16745111111112">
<ele>0</ele>
</trkpt>
<trkpt lat="34.27427888888889" lon="133.16755111111112">
<ele>0</ele>
</trkpt>
<trkpt lat="34.274436944444446" lon="133.16777611111112">
<ele>1</ele>
</trkpt>
<trkpt lat="34.27452888888889" lon="133.1679638888889">
<ele>2</ele>
</trkpt>
<trkpt lat="34.274636944444445" lon="133.1682638888889">
<ele>2</ele>
</trkpt>
<trkpt lat="34.27491194444445" lon="133.1685388888889">
<ele>0</ele>
</trkpt>
<trkpt lat="34.27502" lon="133.16858888888888">
<ele>0</ele>
</trkpt>
<trkpt lat="34.275086944444446" lon="133.16867611111113">
<ele>1</ele>
</trkpt>
<trkpt lat="34.27520305555556" lon="133.1689638888889">
<ele>2</ele>
</trkpt>
<trkpt lat="34.27533694444445" lon="133.16923888888888">
<ele>0</ele>
</trkpt>
<trkpt lat="34.27547" lon="133.1693511111111">
<ele>0</ele>
</trkpt>
<trkpt lat="34.27562805555556" lon="133.1694011111111">
<ele>0</ele>
</trkpt>
<trkpt lat="34.27578694444444" lon="133.1694261111111">
<ele>0</ele>
</trkpt>
<trkpt lat="34.27603694444444" lon="133.16946388888888">
<ele>0</ele>
</trkpt>
<trkpt lat="34.27648694444444" lon="133.1689638888889">
<ele>0</ele>
</trkpt>
<trkpt lat="34.276895" lon="133.16867611111113">
<ele>15</ele>
</trkpt>
<trkpt lat="34.27761111111111" lon="133.16815111111111">
<ele>8</ele>
</trkpt>
<trkpt lat="34.277728055555556" lon="133.1680511111111">
<ele>7</ele>
</trkpt>
<trkpt lat="34.277836111111114" lon="133.16788888888888">
<ele>6</ele>
</trkpt>
<trkpt lat="34.277995" lon="133.1675011111111">
<ele>8</ele>
</trkpt>
<trkpt lat="34.27808611111111" lon="133.16731388888888">
<ele>5</ele>
</trkpt>
<trkpt lat="34.278153055555556" lon="133.16722611111112">
<ele>2</ele>
</trkpt>
<trkpt lat="34.27833611111111" lon="133.1672011111111">
<ele>0</ele>
</trkpt>
<trkpt lat="34.27921111111111" lon="133.16722611111112">
<ele>0</ele>
</trkpt>
<trkpt lat="34.27971888888889" lon="133.1672011111111">
<ele>1</ele>
</trkpt>
<trkpt lat="34.280186111111114" lon="133.1673761111111">
<ele>13</ele>
</trkpt>
<trkpt lat="34.28109388888889" lon="133.16798888888889">
<ele>8</ele>
</trkpt>
<trkpt lat="34.28129388888889" lon="133.1680638888889">
<ele>9</ele>
</trkpt>
<trkpt lat="34.28156111111111" lon="133.1680388888889">
<ele>9</ele>
</trkpt>
<trkpt lat="34.28168194444444" lon="133.16800805555556">
<ele>8</ele>
</trkpt>
<trkpt lat="34.28168194444444" lon="133.16800805555556">
<ele>8</ele>
</trkpt>
<trkpt lat="34.28209388888889" lon="133.16790111111112">
<ele>6</ele>
</trkpt>
<trkpt lat="34.28229388888889" lon="133.1678638888889">
<ele>2</ele>
</trkpt>
<trkpt lat="34.28251111111111" lon="133.16792611111111">
<ele>2</ele>
</trkpt>
<trkpt lat="34.28279388888889" lon="133.1680888888889">
<ele>0</ele>
</trkpt>
<trkpt lat="34.28299388888889" lon="133.1685011111111">
<ele>7</ele>
</trkpt>
<trkpt lat="34.28313611111111" lon="133.1693388888889">
<ele>18</ele>
</trkpt>
<trkpt lat="34.28336888888889" lon="133.1699638888889">
<ele>13</ele>
</trkpt>
<trkpt lat="34.283543888888886" lon="133.1702138888889">
<ele>9</ele>
</trkpt>
<trkpt lat="34.28381888888889" lon="133.1704388888889">
<ele>9</ele>
</trkpt>
<trkpt lat="34.283876944444444" lon="133.1705761111111">
<ele>9</ele>
</trkpt>
<trkpt lat="34.28385194444444" lon="133.1707638888889">
<ele>9</ele>
</trkpt>
<trkpt lat="34.283726944444446" lon="133.17116388888888">
<ele>9</ele>
</trkpt>
<trkpt lat="34.28336111111111" lon="133.1719511111111">
<ele>15</ele>
</trkpt>
<trkpt lat="34.28329388888889" lon="133.17208888888888">
<ele>17</ele>
</trkpt>
<trkpt lat="34.28323611111111" lon="133.1723388888889">
<ele>16</ele>
</trkpt>
<trkpt lat="34.28324388888889" lon="133.1725138888889">
<ele>16</ele>
</trkpt>
<trkpt lat="34.28326888888889" lon="133.1727138888889">
<ele>16</ele>
</trkpt>
<trkpt lat="34.28342694444444" lon="133.17310111111112">
<ele>16</ele>
</trkpt>
<trkpt lat="34.283901944444445" lon="133.1741638888889">
<ele>4</ele>
</trkpt>
<trkpt lat="34.283951944444446" lon="133.1743138888889">
<ele>2</ele>
</trkpt>
<trkpt lat="34.28396" lon="133.1743888888889">
<ele>2</ele>
</trkpt>
<trkpt lat="34.28391" lon="133.1745011111111">
<ele>0</ele>
</trkpt>
<trkpt lat="34.28324388888889" lon="133.1752261111111">
<ele>0</ele>
</trkpt>
<trkpt lat="34.28283611111111" lon="133.17562611111111">
<ele>1</ele>
</trkpt>
<trkpt lat="34.28258611111111" lon="133.17583888888888">
<ele>0</ele>
</trkpt>
<trkpt lat="34.282226944444446" lon="133.17607611111112">
<ele>0</ele>
</trkpt>
<trkpt lat="34.28189388888889" lon="133.1762011111111">
<ele>0</ele>
</trkpt>
<trkpt lat="34.280768888888886" lon="133.1764638888889">
<ele>0</ele>
</trkpt>
<trkpt lat="34.28057694444445" lon="133.1764761111111">
<ele>0</ele>
</trkpt>
<trkpt lat="34.28046805555555" lon="133.1764538888889">
<ele>-399</ele>
</trkpt>
<trkpt lat="34.28046805555555" lon="133.1764538888889">
<ele>-400</ele>
</trkpt>
<trkpt lat="34.28039388888889" lon="133.1764388888889">
<ele>2</ele>
</trkpt>
<trkpt lat="34.28001111111111" lon="133.1762511111111">
<ele>3</ele>
</trkpt>
<trkpt lat="34.27980194444444" lon="133.1762138888889">
<ele>5</ele>
</trkpt>
<trkpt lat="34.279603055555555" lon="133.1762388888889">
<ele>5</ele>
</trkpt>
<trkpt lat="34.27923611111111" lon="133.1764388888889">
<ele>5</ele>
</trkpt>
<trkpt lat="34.278778055555556" lon="133.1766761111111">
<ele>2</ele>
</trkpt>
<trkpt lat="34.277928055555556" lon="133.1771011111111">
<ele>1</ele>
</trkpt>
<trkpt lat="34.27762805555555" lon="133.17731388888888">
<ele>5</ele>
</trkpt>
<trkpt lat="34.27748611111111" lon="133.1774511111111">
<ele>2</ele>
</trkpt>
<trkpt lat="34.277411111111114" lon="133.17762611111112">
<ele>2</ele>
</trkpt>
<trkpt lat="34.27740305555555" lon="133.1777011111111">
<ele>1</ele>
</trkpt>
<trkpt lat="34.27737" lon="133.17786388888888">
<ele>1</ele>
</trkpt>
<trkpt lat="34.27732805555556" lon="133.1780261111111">
<ele>4</ele>
</trkpt>
<trkpt lat="34.27730305555556" lon="133.17808805555555">
<ele>4</ele>
</trkpt>
<trkpt lat="34.27728611111111" lon="133.17813805555556">
<ele>3</ele>
</trkpt>
<trkpt lat="34.27712" lon="133.17836305555556">
<ele>0</ele>
</trkpt>
<trkpt lat="34.27707" lon="133.1784761111111">
<ele>1</ele>
</trkpt>
<trkpt lat="34.277045" lon="133.1785761111111">
<ele>1</ele>
</trkpt>
<trkpt lat="34.27697805555555" lon="133.17891305555557">
<ele>0</ele>
</trkpt>
<trkpt lat="34.27696111111111" lon="133.17896305555556">
<ele>0</ele>
</trkpt>
<trkpt lat="34.27673611111111" lon="133.1800761111111">
<ele>0</ele>
</trkpt>
<trkpt lat="34.27667" lon="133.18046305555555">
<ele>0</ele>
</trkpt>
<trkpt lat="34.276578055555554" lon="133.18081305555555">
<ele>0</ele>
</trkpt>
<trkpt lat="34.27651111111111" lon="133.1810011111111">
<ele>2</ele>
</trkpt>
<trkpt lat="34.27635305555555" lon="133.18147611111112">
<ele>3</ele>
</trkpt>
<trkpt lat="34.27623611111111" lon="133.18170111111112">
<ele>1</ele>
</trkpt>
<trkpt lat="34.27607805555556" lon="133.1818761111111">
<ele>3</ele>
</trkpt>
<trkpt lat="34.27586111111111" lon="133.1820261111111">
<ele>0</ele>
</trkpt>
<trkpt lat="34.275545" lon="133.18213805555555">
<ele>0</ele>
</trkpt>
<trkpt lat="34.274703055555555" lon="133.1822511111111">
<ele>0</ele>
</trkpt>
<trkpt lat="34.27442" lon="133.1823261111111">
<ele>1</ele>
</trkpt>
<trkpt lat="34.274195" lon="133.18248805555555">
<ele>0</ele>
</trkpt>
<trkpt lat="34.27390305555556" lon="133.18271305555555">
<ele>0</ele>
</trkpt>
<trkpt lat="34.27367" lon="133.18297611111112">
<ele>0</ele>
</trkpt>
<trkpt lat="34.273495" lon="133.18306305555555">
<ele>0</ele>
</trkpt>
<trkpt lat="34.27328694444444" lon="133.1831011111111">
<ele>0</ele>
</trkpt>
<trkpt lat="34.272936944444446" lon="133.18311305555557">
<ele>0</ele>
</trkpt>
<trkpt lat="34.272686944444445" lon="133.1831511111111">
<ele>0</ele>
</trkpt>
<trkpt lat="34.27216194444444" lon="133.18326305555556">
<ele>1</ele>
</trkpt>
<trkpt lat="34.27122888888889" lon="133.18343805555557">
<ele>1</ele>
</trkpt>
<trkpt lat="34.270586944444446" lon="133.18358805555556">
<ele>0</ele>
</trkpt>
<trkpt lat="34.27027888888889" lon="133.1837261111111">
<ele>0</ele>
</trkpt>
<trkpt lat="34.27012111111111" lon="133.1838261111111">
<ele>1</ele>
</trkpt>
<trkpt lat="34.269128888888886" lon="133.18456305555554">
<ele>1</ele>
</trkpt>
<trkpt lat="34.269128888888886" lon="133.1845638888889">
<ele>1</ele>
</trkpt>
<trkpt lat="34.269061944444445" lon="133.18461305555556">
<ele>1</ele>
</trkpt>
<trkpt lat="34.268971111111114" lon="133.18463805555555">
<ele>1</ele>
</trkpt>
<trkpt lat="34.268886944444446" lon="133.18465111111112">
<ele>1</ele>
</trkpt>
<trkpt lat="34.26880388888889" lon="133.18463805555555">
<ele>1</ele>
</trkpt>
<trkpt lat="34.268571111111115" lon="133.18458805555557">
<ele>3</ele>
</trkpt>
<trkpt lat="34.26849611111111" lon="133.18458805555557">
<ele>3</ele>
</trkpt>
<trkpt lat="34.26842111111111" lon="133.1846011111111">
<ele>4</ele>
</trkpt>
<trkpt lat="34.26835388888889" lon="133.1846261111111">
<ele>4</ele>
</trkpt>
<trkpt lat="34.26807111111111" lon="133.1848011111111">
<ele>3</ele>
</trkpt>
<trkpt lat="34.26797888888889" lon="133.1848511111111">
<ele>2</ele>
</trkpt>
<trkpt lat="34.267896111111114" lon="133.18486305555555">
<ele>2</ele>
</trkpt>
<trkpt lat="34.26763694444445" lon="133.18487611111112">
<ele>1</ele>
</trkpt>
<trkpt lat="34.26738805555556" lon="133.18488805555555">
<ele>1</ele>
</trkpt>
<trkpt lat="34.26729611111111" lon="133.18488805555555">
<ele>2</ele>
</trkpt>
<trkpt lat="34.267071111111115" lon="133.18488805555555">
<ele>3</ele>
</trkpt>
<trkpt lat="34.26665388888889" lon="133.18493805555556">
<ele>6</ele>
</trkpt>
<trkpt lat="34.266488055555556" lon="133.1849511111111">
<ele>5</ele>
</trkpt>
<trkpt lat="34.26627888888889" lon="133.18506305555556">
<ele>2</ele>
</trkpt>
<trkpt lat="34.26568805555556" lon="133.18512611111112">
<ele>4</ele>
</trkpt>
<trkpt lat="34.265305" lon="133.18521305555555">
<ele>8</ele>
</trkpt>
<trkpt lat="34.26349694444445" lon="133.18608805555556">
<ele>2</ele>
</trkpt>
<trkpt lat="34.26331305555556" lon="133.18618805555556">
<ele>1</ele>
</trkpt>
<trkpt lat="34.26314694444444" lon="133.18622611111113">
<ele>0</ele>
</trkpt>
<trkpt lat="34.26272194444444" lon="133.1863011111111">
<ele>0</ele>
</trkpt>
<trkpt lat="34.262188055555555" lon="133.1864011111111">
<ele>3</ele>
</trkpt>
<trkpt lat="34.26208805555556" lon="133.1864011111111">
<ele>4</ele>
</trkpt>
<trkpt lat="34.26177194444445" lon="133.18636305555555">
<ele>0</ele>
</trkpt>
<trkpt lat="34.26171388888889" lon="133.18636305555555">
<ele>0</ele>
</trkpt>
<trkpt lat="34.261471944444445" lon="133.18641305555556">
<ele>1</ele>
</trkpt>
<trkpt lat="34.260888888888886" lon="133.1866261111111">
<ele>5</ele>
</trkpt>
<trkpt lat="34.26056388888889" lon="133.1866761111111">
<ele>0</ele>
</trkpt>
<trkpt lat="34.26029694444444" lon="133.1866261111111">
<ele>7</ele>
</trkpt>
<trkpt lat="34.26013888888889" lon="133.18658805555555">
<ele>8</ele>
</trkpt>
<trkpt lat="34.260055" lon="133.1865511111111">
<ele>15</ele>
</trkpt>
<trkpt lat="34.25987194444444" lon="133.1865261111111">
<ele>5</ele>
</trkpt>
<trkpt lat="34.259855" lon="133.1862761111111">
<ele>9</ele>
</trkpt>
<trkpt lat="34.25983" lon="133.18616305555557">
<ele>10</ele>
</trkpt>
<trkpt lat="34.25978" lon="133.1860761111111">
<ele>13</ele>
</trkpt>
<trkpt lat="34.259705" lon="133.18602611111112">
<ele>10</ele>
</trkpt>
<trkpt lat="34.25963" lon="133.18600111111112">
<ele>8</ele>
</trkpt>
<trkpt lat="34.259546944444445" lon="133.18598805555555">
<ele>8</ele>
</trkpt>
<trkpt lat="34.259121944444445" lon="133.18602611111112">
<ele>4</ele>
</trkpt>
<trkpt lat="34.25895611111111" lon="133.18602611111112">
<ele>3</ele>
</trkpt>
<trkpt lat="34.258831111111114" lon="133.18598805555555">
<ele>6</ele>
</trkpt>
<trkpt lat="34.25874694444445" lon="133.18592611111112">
<ele>7</ele>
</trkpt>
<trkpt lat="34.258671944444444" lon="133.18580111111112">
<ele>9</ele>
</trkpt>
<trkpt lat="34.25864694444444" lon="133.18571305555557">
<ele>10</ele>
</trkpt>
<trkpt lat="34.25863888888889" lon="133.18561305555556">
<ele>10</ele>
</trkpt>
<trkpt lat="34.25864694444444" lon="133.1855261111111">
<ele>9</ele>
</trkpt>
<trkpt lat="34.25868888888889" lon="133.18541305555556">
<ele>14</ele>
</trkpt>
<trkpt lat="34.25875611111111" lon="133.18531305555555">
<ele>14</ele>
</trkpt>
<trkpt lat="34.25881388888889" lon="133.18526305555557">
<ele>9</ele>
</trkpt>
<trkpt lat="34.258921944444445" lon="133.1852011111111">
<ele>8</ele>
</trkpt>
<trkpt lat="34.25908111111111" lon="133.18513805555557">
<ele>9</ele>
</trkpt>
<trkpt lat="34.25923111111111" lon="133.18508805555555">
<ele>17</ele>
</trkpt>
<trkpt lat="34.25929694444444" lon="133.18503805555557">
<ele>17</ele>
</trkpt>
<trkpt lat="34.25933111111111" lon="133.1850261111111">
<ele>17</ele>
</trkpt>
<trkpt lat="34.25940611111111" lon="133.18493805555556">
<ele>21</ele>
</trkpt>
<trkpt lat="34.25944694444444" lon="133.1848511111111">
<ele>25</ele>
</trkpt>
<trkpt lat="34.25947194444444" lon="133.18463805555555">
<ele>27</ele>
</trkpt>
<trkpt lat="34.25946388888889" lon="133.18456305555554">
<ele>27</ele>
</trkpt>
<trkpt lat="34.25943111111111" lon="133.18448805555556">
<ele>22</ele>
</trkpt>
<trkpt lat="34.259388888888886" lon="133.18442611111112">
<ele>22</ele>
</trkpt>
<trkpt lat="34.25931388888889" lon="133.18436305555556">
<ele>17</ele>
</trkpt>
<trkpt lat="34.25923888888889" lon="133.18433805555554">
<ele>17</ele>
</trkpt>
<trkpt lat="34.25906388888889" lon="133.1843511111111">
<ele>11</ele>
</trkpt>
<trkpt lat="34.25898111111111" lon="133.1844011111111">
<ele>14</ele>
</trkpt>
<trkpt lat="34.25891388888889" lon="133.1844761111111">
<ele>10</ele>
</trkpt>
<trkpt lat="34.25880611111111" lon="133.18463805555555">
<ele>12</ele>
</trkpt>
<trkpt lat="34.258521944444446" lon="133.18516305555556">
<ele>7</ele>
</trkpt>
<trkpt lat="34.25838111111111" lon="133.1854261111111">
<ele>2</ele>
</trkpt>
<trkpt lat="34.25833111111111" lon="133.1855261111111">
<ele>0</ele>
</trkpt>
<trkpt lat="34.25808888888889" lon="133.18603805555554">
<ele>0</ele>
</trkpt>
<trkpt lat="34.25743111111111" lon="133.18743805555556">
<ele>0</ele>
</trkpt>
<trkpt lat="34.25638111111111" lon="133.18968805555556">
<ele>5</ele>
</trkpt>
<trkpt lat="34.25633111111111" lon="133.18977611111112">
<ele>6</ele>
</trkpt>
<trkpt lat="34.25622305555556" lon="133.19000111111112">
<ele>9</ele>
</trkpt>
<trkpt lat="34.25608888888889" lon="133.19028805555556">
<ele>17</ele>
</trkpt>
<trkpt lat="34.25582305555555" lon="133.19091305555557">
<ele>18</ele>
</trkpt>
<trkpt lat="34.255673055555555" lon="133.19145">
<ele>15</ele>
</trkpt>
<trkpt lat="34.25562305555555" lon="133.1919">
<ele>24</ele>
</trkpt>
<trkpt lat="34.25563888888889" lon="133.19233805555555">
<ele>31</ele>
</trkpt>
<trkpt lat="34.25568888888889" lon="133.19301305555555">
<ele>17</ele>
</trkpt>
<trkpt lat="34.255698055555555" lon="133.19318805555557">
<ele>17</ele>
</trkpt>
<trkpt lat="34.255696944444445" lon="133.19326305555555">
<ele>18</ele>
</trkpt>
<trkpt lat="34.25573388888889" lon="133.19359194444445">
<ele>24</ele>
</trkpt>
<trkpt lat="34.25573388888889" lon="133.19359194444445">
<ele>24</ele>
</trkpt>
<trkpt lat="34.25573888888889" lon="133.19363805555557">
<ele>25</ele>
</trkpt>
<trkpt lat="34.25573111111111" lon="133.1938">
<ele>19</ele>
</trkpt>
<trkpt lat="34.25563888888889" lon="133.193975">
<ele>17</ele>
</trkpt>
<trkpt lat="34.25551388888889" lon="133.19411305555556">
<ele>15</ele>
</trkpt>
<trkpt lat="34.25521388888889" lon="133.19435">
<ele>18</ele>
</trkpt>
<trkpt lat="34.25509805555556" lon="133.19448805555555">
<ele>18</ele>
</trkpt>
<trkpt lat="34.25501388888889" lon="133.194675">
<ele>15</ele>
</trkpt>
<trkpt lat="34.25493888888889" lon="133.19496305555555">
<ele>15</ele>
</trkpt>
<trkpt lat="34.254913888888886" lon="133.195225">
<ele>13</ele>
</trkpt>
<trkpt lat="34.254871944444446" lon="133.19555">
<ele>13</ele>
</trkpt>
<trkpt lat="34.25477305555555" lon="133.19626305555556">
<ele>2</ele>
</trkpt>
<trkpt lat="34.25463888888889" lon="133.19705">
<ele>0</ele>
</trkpt>
<trkpt lat="34.254556111111114" lon="133.19746305555554">
<ele>0</ele>
</trkpt>
<trkpt lat="34.25445611111111" lon="133.197875">
<ele>0</ele>
</trkpt>
<trkpt lat="34.254223055555556" lon="133.198475">
<ele>3</ele>
</trkpt>
<trkpt lat="34.25392305555555" lon="133.1992">
<ele>0</ele>
</trkpt>
<trkpt lat="34.253723055555554" lon="133.199675">
<ele>0</ele>
</trkpt>
<trkpt lat="34.253523055555554" lon="133.200225">
<ele>0</ele>
</trkpt>
<trkpt lat="34.25327305555555" lon="133.20086194444445">
<ele>0</ele>
</trkpt>
<trkpt lat="34.25288888888889" lon="133.20185">
<ele>14</ele>
</trkpt>
<trkpt lat="34.252631111111114" lon="133.2024">
<ele>20</ele>
</trkpt>
<trkpt lat="34.25250611111111" lon="133.20258694444445">
<ele>24</ele>
</trkpt>
<trkpt lat="34.25237194444444" lon="133.20271194444445">
<ele>22</ele>
</trkpt>
<trkpt lat="34.251981111111114" lon="133.20285">
<ele>23</ele>
</trkpt>
<trkpt lat="34.25180611111111" lon="133.20296194444444">
<ele>23</ele>
</trkpt>
<trkpt lat="34.25170611111111" lon="133.20311194444446">
<ele>20</ele>
</trkpt>
<trkpt lat="34.251515" lon="133.20400805555556">
<ele>18</ele>
</trkpt>
<trkpt lat="34.251515" lon="133.20400805555556">
<ele>18</ele>
</trkpt>
<trkpt lat="34.251373055555554" lon="133.204675">
<ele>17</ele>
</trkpt>
<trkpt lat="34.25120611111111" lon="133.20455">
<ele>16</ele>
</trkpt>
<trkpt lat="34.25118111111111" lon="133.20451194444445">
<ele>16</ele>
</trkpt>
<trkpt lat="34.251148055555554" lon="133.20445">
<ele>16</ele>
</trkpt>
<trkpt lat="34.251131111111114" lon="133.20435">
<ele>17</ele>
</trkpt>
<trkpt lat="34.25128111111111" lon="133.20271194444445">
<ele>7</ele>
</trkpt>
<trkpt lat="34.251331111111114" lon="133.202425">
<ele>4</ele>
</trkpt>
<trkpt lat="34.25197305555555" lon="133.2017">
<ele>0</ele>
</trkpt>
<trkpt lat="34.25213111111111" lon="133.20153805555555">
<ele>0</ele>
</trkpt>
<trkpt lat="34.25228111111111" lon="133.2014">
<ele>0</ele>
</trkpt>
<trkpt lat="34.25241388888889" lon="133.201325">
<ele>0</ele>
</trkpt>
<trkpt lat="34.25262305555555" lon="133.20128805555555">
<ele>0</ele>
</trkpt>
<trkpt lat="34.25287194444444" lon="133.20123694444445">
<ele>0</ele>
</trkpt>
<trkpt lat="34.25316388888889" lon="133.20123694444445">
<ele>4</ele>
</trkpt>
<trkpt lat="34.25327305555555" lon="133.201275">
<ele>3</ele>
</trkpt>
<trkpt lat="34.25346388888889" lon="133.20135">
<ele>4</ele>
</trkpt>
<trkpt lat="34.25356388888889" lon="133.201425">
<ele>3</ele>
</trkpt>
<trkpt lat="34.25369805555555" lon="133.20153805555555">
<ele>2</ele>
</trkpt>
<trkpt lat="34.253771944444445" lon="133.201625">
<ele>4</ele>
</trkpt>
<trkpt lat="34.25413888888889" lon="133.202075">
<ele>0</ele>
</trkpt>
<trkpt lat="34.25443888888889" lon="133.20246194444445">
<ele>0</ele>
</trkpt>
<trkpt lat="34.25499694444444" lon="133.203125">
<ele>6</ele>
</trkpt>
<trkpt lat="34.25536388888889" lon="133.20353805555555">
<ele>5</ele>
</trkpt>
<trkpt lat="34.255521944444446" lon="133.20371194444445">
<ele>7</ele>
</trkpt>
<trkpt lat="34.25565611111111" lon="133.20381194444445">
<ele>8</ele>
</trkpt>
<trkpt lat="34.25581388888889" lon="133.203875">
<ele>7</ele>
</trkpt>
<trkpt lat="34.25601388888889" lon="133.20388805555555">
<ele>7</ele>
</trkpt>
<trkpt lat="34.25643888888889" lon="133.2039">
<ele>8</ele>
</trkpt>
<trkpt lat="34.256613888888886" lon="133.20395">
<ele>4</ele>
</trkpt>
<trkpt lat="34.25709694444444" lon="133.204125">
<ele>6</ele>
</trkpt>
<trkpt lat="34.257455" lon="133.204225">
<ele>1</ele>
</trkpt>
<trkpt lat="34.25769694444445" lon="133.20425">
<ele>1</ele>
</trkpt>
<trkpt lat="34.257938055555556" lon="133.204275">
<ele>1</ele>
</trkpt>
<trkpt lat="34.258255" lon="133.204275">
<ele>1</ele>
</trkpt>
<trkpt lat="34.25838" lon="133.20425">
<ele>1</ele>
</trkpt>
<trkpt lat="34.258513055555554" lon="133.20418694444444">
<ele>0</ele>
</trkpt>
<trkpt lat="34.25859694444444" lon="133.204125">
<ele>1</ele>
</trkpt>
<trkpt lat="34.25868" lon="133.204">
<ele>1</ele>
</trkpt>
<trkpt lat="34.258721944444446" lon="133.20385">
<ele>0</ele>
</trkpt>
<trkpt lat="34.258855" lon="133.203375">
<ele>0</ele>
</trkpt>
<trkpt lat="34.258905" lon="133.203225">
<ele>0</ele>
</trkpt>
<trkpt lat="34.259105" lon="133.20288805555555">
<ele>0</ele>
</trkpt>
<trkpt lat="34.259205" lon="133.20261194444444">
<ele>0</ele>
</trkpt>
<trkpt lat="34.25935388888889" lon="133.20220111111112">
<ele>1</ele>
</trkpt>
<trkpt lat="34.25935305555556" lon="133.20220111111112">
<ele>1</ele>
</trkpt>
<trkpt lat="34.259371944444446" lon="133.20215">
<ele>1</ele>
</trkpt>
<trkpt lat="34.259706944444446" lon="133.2014961111111">
<ele>4</ele>
</trkpt>
    </trkseg>
  </trk>
</gpx>