<?xml version="1.0" encoding="UTF-8"?>
<gpx version="1.1"
     creator="KMLtoGPX"
     xmlns="http://www.topografix.com/GPX/1/1">
  <metadata>
    <name>Shinhidaka and Niikappu Course</name>
    <desc>新ひだか・新冠コース</desc>
    <bounds minlat="42.22127111111111" minlon="142.223195" maxlat="42.53344111111111" maxlon="142.6343911111111"/>
  </metadata>
  <trk>
    <name>Shinhidaka and Niikappu Course</name>
    <trkseg>
<trkpt lat="42.22127111111111" lon="142.63438">
<ele>9</ele>
</trkpt>
<trkpt lat="42.22133" lon="142.63425388888888">
<ele>9</ele>
</trkpt>
<trkpt lat="42.221513055555555" lon="142.6343911111111">
<ele>9</ele>
</trkpt>
<trkpt lat="42.22277111111111" lon="142.6318288888889">
<ele>9</ele>
</trkpt>
<trkpt lat="42.223055" lon="142.63121694444445">
<ele>9</ele>
</trkpt>
<trkpt lat="42.22328805555556" lon="142.63060388888888">
<ele>8</ele>
</trkpt>
<trkpt lat="42.22407111111111" lon="142.6281788888889">
<ele>9</ele>
</trkpt>
<trkpt lat="42.22467888888889" lon="142.62630388888888">
<ele>8</ele>
</trkpt>
<trkpt lat="42.22486305555555" lon="142.62636694444444">
<ele>8</ele>
</trkpt>
<trkpt lat="42.22803694444445" lon="142.62667888888888">
<ele>12</ele>
</trkpt>
<trkpt lat="42.22831194444444" lon="142.62675388888889">
<ele>12</ele>
</trkpt>
<trkpt lat="42.228561944444444" lon="142.62686694444446">
<ele>10</ele>
</trkpt>
<trkpt lat="42.23235388888889" lon="142.6294288888889">
<ele>9</ele>
</trkpt>
<trkpt lat="42.232711944444446" lon="142.6296411111111">
<ele>8</ele>
</trkpt>
<trkpt lat="42.23290388888889" lon="142.6296538888889">
<ele>8</ele>
</trkpt>
<trkpt lat="42.23320388888889" lon="142.62960388888888">
<ele>8</ele>
</trkpt>
<trkpt lat="42.233445" lon="142.62951611111112">
<ele>9</ele>
</trkpt>
<trkpt lat="42.234211944444446" lon="142.62912888888889">
<ele>9</ele>
</trkpt>
<trkpt lat="42.234428055555554" lon="142.6290911111111">
<ele>9</ele>
</trkpt>
<trkpt lat="42.23472805555556" lon="142.62916611111112">
<ele>8</ele>
</trkpt>
<trkpt lat="42.23552" lon="142.6296911111111">
<ele>6</ele>
</trkpt>
<trkpt lat="42.23583694444444" lon="142.62982805555555">
<ele>7</ele>
</trkpt>
<trkpt lat="42.23858611111111" lon="142.63052805555554">
<ele>6</ele>
</trkpt>
<trkpt lat="42.238686944444446" lon="142.6305761111111">
<ele>6</ele>
</trkpt>
<trkpt lat="42.238686944444446" lon="142.6305761111111">
<ele>6</ele>
</trkpt>
<trkpt lat="42.239868888888886" lon="142.6311411111111">
<ele>5</ele>
</trkpt>
<trkpt lat="42.24030305555556" lon="142.63119">
<ele>5</ele>
</trkpt>
<trkpt lat="42.24369388888889" lon="142.63085305555555">
<ele>10</ele>
</trkpt>
<trkpt lat="42.24483611111111" lon="142.630765">
<ele>10</ele>
</trkpt>
<trkpt lat="42.24527694444444" lon="142.630765">
<ele>10</ele>
</trkpt>
<trkpt lat="42.24586111111111" lon="142.630915">
<ele>10</ele>
</trkpt>
<trkpt lat="42.246276944444446" lon="142.626315">
<ele>18</ele>
</trkpt>
<trkpt lat="42.24632694444445" lon="142.62615305555556">
<ele>17</ele>
</trkpt>
<trkpt lat="42.24640194444444" lon="142.62589111111112">
<ele>18</ele>
</trkpt>
<trkpt lat="42.246518888888886" lon="142.6256161111111">
<ele>17</ele>
</trkpt>
<trkpt lat="42.246676944444445" lon="142.62544111111112">
<ele>18</ele>
</trkpt>
<trkpt lat="42.247368055555555" lon="142.62482805555555">
<ele>19</ele>
</trkpt>
<trkpt lat="42.24754305555555" lon="142.6245661111111">
<ele>18</ele>
</trkpt>
<trkpt lat="42.247593055555555" lon="142.62439111111112">
<ele>18</ele>
</trkpt>
<trkpt lat="42.24761" lon="142.6242411111111">
<ele>18</ele>
</trkpt>
<trkpt lat="42.247926944444444" lon="142.62125305555554">
<ele>19</ele>
</trkpt>
<trkpt lat="42.248218055555554" lon="142.6187661111111">
<ele>28</ele>
</trkpt>
<trkpt lat="42.24829305555556" lon="142.61842805555557">
<ele>28</ele>
</trkpt>
<trkpt lat="42.24836805555555" lon="142.61817805555555">
<ele>29</ele>
</trkpt>
<trkpt lat="42.24845111111111" lon="142.61800305555556">
<ele>29</ele>
</trkpt>
<trkpt lat="42.24859305555555" lon="142.61777805555556">
<ele>32</ele>
</trkpt>
<trkpt lat="42.248918055555556" lon="142.6174411111111">
<ele>37</ele>
</trkpt>
<trkpt lat="42.24980111111111" lon="142.6166161111111">
<ele>39</ele>
</trkpt>
<trkpt lat="42.25112611111111" lon="142.61556611111112">
<ele>61</ele>
</trkpt>
<trkpt lat="42.25140888888889" lon="142.6152911111111">
<ele>64</ele>
</trkpt>
<trkpt lat="42.25168388888889" lon="142.6149411111111">
<ele>71</ele>
</trkpt>
<trkpt lat="42.25216805555556" lon="142.6140661111111">
<ele>76</ele>
</trkpt>
<trkpt lat="42.25257611111111" lon="142.61321611111111">
<ele>85</ele>
</trkpt>
<trkpt lat="42.25306805555555" lon="142.6121038888889">
<ele>87</ele>
</trkpt>
<trkpt lat="42.253816944444445" lon="142.61001611111112">
<ele>82</ele>
</trkpt>
<trkpt lat="42.253883888888886" lon="142.6096411111111">
<ele>85</ele>
</trkpt>
<trkpt lat="42.25389194444445" lon="142.60887888888888">
<ele>96</ele>
</trkpt>
<trkpt lat="42.25357611111111" lon="142.60720388888888">
<ele>101</ele>
</trkpt>
<trkpt lat="42.253416944444446" lon="142.60682888888888">
<ele>103</ele>
</trkpt>
<trkpt lat="42.25257611111111" lon="142.6051788888889">
<ele>101</ele>
</trkpt>
<trkpt lat="42.25233388888889" lon="142.6046038888889">
<ele>97</ele>
</trkpt>
<trkpt lat="42.25205111111111" lon="142.6038538888889">
<ele>96</ele>
</trkpt>
<trkpt lat="42.25183388888889" lon="142.6035038888889">
<ele>96</ele>
</trkpt>
<trkpt lat="42.25156694444444" lon="142.6032538888889">
<ele>97</ele>
</trkpt>
<trkpt lat="42.25134194444444" lon="142.60314194444445">
<ele>97</ele>
</trkpt>
<trkpt lat="42.25055888888889" lon="142.6029288888889">
<ele>91</ele>
</trkpt>
<trkpt lat="42.25028388888889" lon="142.6028288888889">
<ele>91</ele>
</trkpt>
<trkpt lat="42.250195" lon="142.6027588888889">
<ele>89</ele>
</trkpt>
<trkpt lat="42.250195" lon="142.6027588888889">
<ele>89</ele>
</trkpt>
<trkpt lat="42.24933388888889" lon="142.60207888888888">
<ele>78</ele>
</trkpt>
<trkpt lat="42.24904305555555" lon="142.60181694444444">
<ele>72</ele>
</trkpt>
<trkpt lat="42.24885111111111" lon="142.60154194444445">
<ele>71</ele>
</trkpt>
<trkpt lat="42.248716944444446" lon="142.601255">
<ele>64</ele>
</trkpt>
<trkpt lat="42.24862611111111" lon="142.60083">
<ele>68</ele>
</trkpt>
<trkpt lat="42.24865111111111" lon="142.60036694444443">
<ele>62</ele>
</trkpt>
<trkpt lat="42.24893388888889" lon="142.599105">
<ele>55</ele>
</trkpt>
<trkpt lat="42.24900111111111" lon="142.59871694444445">
<ele>56</ele>
</trkpt>
<trkpt lat="42.24900111111111" lon="142.59836694444445">
<ele>51</ele>
</trkpt>
<trkpt lat="42.24896694444445" lon="142.59813">
<ele>44</ele>
</trkpt>
<trkpt lat="42.24879194444444" lon="142.597505">
<ele>45</ele>
</trkpt>
<trkpt lat="42.24877611111111" lon="142.59678">
<ele>46</ele>
</trkpt>
<trkpt lat="42.24893388888889" lon="142.59638">
<ele>42</ele>
</trkpt>
<trkpt lat="42.24966694444444" lon="142.59538">
<ele>34</ele>
</trkpt>
<trkpt lat="42.24980111111111" lon="142.595105">
<ele>33</ele>
</trkpt>
<trkpt lat="42.24986694444444" lon="142.59481805555555">
<ele>30</ele>
</trkpt>
<trkpt lat="42.24989194444444" lon="142.593555">
<ele>24</ele>
</trkpt>
<trkpt lat="42.2499" lon="142.59319305555556">
<ele>21</ele>
</trkpt>
<trkpt lat="42.249925" lon="142.59296694444444">
<ele>19</ele>
</trkpt>
<trkpt lat="42.24995" lon="142.59279305555555">
<ele>18</ele>
</trkpt>
<trkpt lat="42.24998388888889" lon="142.592605">
<ele>18</ele>
</trkpt>
<trkpt lat="42.25006694444444" lon="142.59236694444445">
<ele>18</ele>
</trkpt>
<trkpt lat="42.25034194444444" lon="142.59188">
<ele>15</ele>
</trkpt>
<trkpt lat="42.250675" lon="142.591455">
<ele>19</ele>
</trkpt>
<trkpt lat="42.250925" lon="142.59119305555555">
<ele>19</ele>
</trkpt>
<trkpt lat="42.25125" lon="142.590905">
<ele>19</ele>
</trkpt>
<trkpt lat="42.25221694444444" lon="142.59021694444445">
<ele>14</ele>
</trkpt>
<trkpt lat="42.252575" lon="142.58996805555554">
<ele>12</ele>
</trkpt>
<trkpt lat="42.25505805555556" lon="142.58823">
<ele>9</ele>
</trkpt>
<trkpt lat="42.25528305555556" lon="142.58808">
<ele>9</ele>
</trkpt>
<trkpt lat="42.25604888888889" lon="142.58756805555555">
<ele>7</ele>
</trkpt>
<trkpt lat="42.25634888888889" lon="142.588255">
<ele>6</ele>
</trkpt>
<trkpt lat="42.25658305555555" lon="142.58853">
<ele>7</ele>
</trkpt>
<trkpt lat="42.256858055555554" lon="142.58871694444446">
<ele>8</ele>
</trkpt>
<trkpt lat="42.257241111111114" lon="142.58884194444445">
<ele>8</ele>
</trkpt>
<trkpt lat="42.25869888888889" lon="142.58911694444444">
<ele>12</ele>
</trkpt>
<trkpt lat="42.259456944444445" lon="142.58930388888888">
<ele>12</ele>
</trkpt>
<trkpt lat="42.25971611111111" lon="142.58939194444446">
<ele>12</ele>
</trkpt>
<trkpt lat="42.26025388888889" lon="142.58736611111112">
<ele>7</ele>
</trkpt>
<trkpt lat="42.26025388888889" lon="142.58736611111112">
<ele>7</ele>
</trkpt>
<trkpt lat="42.26025694444444" lon="142.58735388888888">
<ele>7</ele>
</trkpt>
<trkpt lat="42.26064111111111" lon="142.58599194444446">
<ele>13</ele>
</trkpt>
<trkpt lat="42.260891111111114" lon="142.58666694444443">
<ele>17</ele>
</trkpt>
<trkpt lat="42.261091111111114" lon="142.58716694444445">
<ele>14</ele>
</trkpt>
<trkpt lat="42.26129888888889" lon="142.58754194444444">
<ele>13</ele>
</trkpt>
<trkpt lat="42.26210694444445" lon="142.58862888888888">
<ele>14</ele>
</trkpt>
<trkpt lat="42.26241611111111" lon="142.58906694444445">
<ele>13</ele>
</trkpt>
<trkpt lat="42.26303194444444" lon="142.59024194444444">
<ele>13</ele>
</trkpt>
<trkpt lat="42.263265" lon="142.59066694444445">
<ele>14</ele>
</trkpt>
<trkpt lat="42.26344" lon="142.5909038888889">
<ele>14</ele>
</trkpt>
<trkpt lat="42.26362388888889" lon="142.59109194444446">
<ele>17</ele>
</trkpt>
<trkpt lat="42.26394888888889" lon="142.59129194444444">
<ele>16</ele>
</trkpt>
<trkpt lat="42.26584" lon="142.5921538888889">
<ele>14</ele>
</trkpt>
<trkpt lat="42.266623055555556" lon="142.5923038888889">
<ele>17</ele>
</trkpt>
<trkpt lat="42.266848055555556" lon="142.5924161111111">
<ele>15</ele>
</trkpt>
<trkpt lat="42.26709" lon="142.59267888888888">
<ele>10</ele>
</trkpt>
<trkpt lat="42.26904" lon="142.5954911111111">
<ele>11</ele>
</trkpt>
<trkpt lat="42.269415" lon="142.5960161111111">
<ele>12</ele>
</trkpt>
<trkpt lat="42.27137305555556" lon="142.5988411111111">
<ele>12</ele>
</trkpt>
<trkpt lat="42.27463111111111" lon="142.603515">
<ele>15</ele>
</trkpt>
<trkpt lat="42.274948055555555" lon="142.60392694444445">
<ele>14</ele>
</trkpt>
<trkpt lat="42.27535611111111" lon="142.60430194444444">
<ele>15</ele>
</trkpt>
<trkpt lat="42.277073055555555" lon="142.60577694444444">
<ele>16</ele>
</trkpt>
<trkpt lat="42.27798888888889" lon="142.60382694444445">
<ele>19</ele>
</trkpt>
<trkpt lat="42.27813111111111" lon="142.60359">
<ele>21</ele>
</trkpt>
<trkpt lat="42.27827305555556" lon="142.603415">
<ele>22</ele>
</trkpt>
<trkpt lat="42.27840611111111" lon="142.60329">
<ele>23</ele>
</trkpt>
<trkpt lat="42.28073111111111" lon="142.6020638888889">
<ele>32</ele>
</trkpt>
<trkpt lat="42.28082805555555" lon="142.6019711111111">
<ele>32</ele>
</trkpt>
<trkpt lat="42.28082805555555" lon="142.6019711111111">
<ele>32</ele>
</trkpt>
<trkpt lat="42.28091388888889" lon="142.60188888888888">
<ele>32</ele>
</trkpt>
<trkpt lat="42.28104694444445" lon="142.60165194444446">
<ele>33</ele>
</trkpt>
<trkpt lat="42.28165611111111" lon="142.59975194444445">
<ele>34</ele>
</trkpt>
<trkpt lat="42.281756111111115" lon="142.59952694444445">
<ele>34</ele>
</trkpt>
<trkpt lat="42.28187194444445" lon="142.599365">
<ele>35</ele>
</trkpt>
<trkpt lat="42.282046944444446" lon="142.59917694444445">
<ele>32</ele>
</trkpt>
<trkpt lat="42.28233888888889" lon="142.59899">
<ele>32</ele>
</trkpt>
<trkpt lat="42.28254694444445" lon="142.59887694444444">
<ele>32</ele>
</trkpt>
<trkpt lat="42.28279694444444" lon="142.59880194444443">
<ele>32</ele>
</trkpt>
<trkpt lat="42.28338" lon="142.5987888888889">
<ele>28</ele>
</trkpt>
<trkpt lat="42.28363888888889" lon="142.5987388888889">
<ele>27</ele>
</trkpt>
<trkpt lat="42.28404694444444" lon="142.5985638888889">
<ele>29</ele>
</trkpt>
<trkpt lat="42.284371944444445" lon="142.59848888888888">
<ele>28</ele>
</trkpt>
<trkpt lat="42.28501305555555" lon="142.59842694444444">
<ele>28</ele>
</trkpt>
<trkpt lat="42.28577194444444" lon="142.59832694444444">
<ele>27</ele>
</trkpt>
<trkpt lat="42.28608" lon="142.5982888888889">
<ele>27</ele>
</trkpt>
<trkpt lat="42.28648805555556" lon="142.5981888888889">
<ele>28</ele>
</trkpt>
<trkpt lat="42.28818805555556" lon="142.59755194444443">
<ele>28</ele>
</trkpt>
<trkpt lat="42.28848" lon="142.59737694444445">
<ele>29</ele>
</trkpt>
<trkpt lat="42.289138055555554" lon="142.59680194444445">
<ele>35</ele>
</trkpt>
<trkpt lat="42.28938" lon="142.59667694444445">
<ele>35</ele>
</trkpt>
<trkpt lat="42.29032888888889" lon="142.59640194444444">
<ele>32</ele>
</trkpt>
<trkpt lat="42.29078805555555" lon="142.59622694444445">
<ele>36</ele>
</trkpt>
<trkpt lat="42.29169611111111" lon="142.5958138888889">
<ele>36</ele>
</trkpt>
<trkpt lat="42.29192111111111" lon="142.59575194444446">
<ele>34</ele>
</trkpt>
<trkpt lat="42.29316305555555" lon="142.59576388888888">
<ele>35</ele>
</trkpt>
<trkpt lat="42.29340388888889" lon="142.5957138888889">
<ele>36</ele>
</trkpt>
<trkpt lat="42.29357888888889" lon="142.59563888888889">
<ele>34</ele>
</trkpt>
<trkpt lat="42.294561944444446" lon="142.5950638888889">
<ele>37</ele>
</trkpt>
<trkpt lat="42.29477111111111" lon="142.59487611111112">
<ele>37</ele>
</trkpt>
<trkpt lat="42.29551194444444" lon="142.59406388888888">
<ele>39</ele>
</trkpt>
<trkpt lat="42.29568694444445" lon="142.5939138888889">
<ele>38</ele>
</trkpt>
<trkpt lat="42.29636194444444" lon="142.59352611111112">
<ele>39</ele>
</trkpt>
<trkpt lat="42.29660388888889" lon="142.59327611111112">
<ele>39</ele>
</trkpt>
<trkpt lat="42.298003888888886" lon="142.59147611111112">
<ele>38</ele>
</trkpt>
<trkpt lat="42.29837888888889" lon="142.59092611111112">
<ele>39</ele>
</trkpt>
<trkpt lat="42.29902" lon="142.5898511111111">
<ele>41</ele>
</trkpt>
<trkpt lat="42.29938694444444" lon="142.58933888888888">
<ele>43</ele>
</trkpt>
<trkpt lat="42.299795" lon="142.5889511111111">
<ele>44</ele>
</trkpt>
<trkpt lat="42.301245" lon="142.5877761111111">
<ele>41</ele>
</trkpt>
<trkpt lat="42.30155305555556" lon="142.5875761111111">
<ele>46</ele>
</trkpt>
<trkpt lat="42.301903055555556" lon="142.58741388888888">
<ele>47</ele>
</trkpt>
<trkpt lat="42.30256111111111" lon="142.5872138888889">
<ele>48</ele>
</trkpt>
<trkpt lat="42.302928055555554" lon="142.58707611111112">
<ele>52</ele>
</trkpt>
<trkpt lat="42.303111111111114" lon="142.58693888888888">
<ele>51</ele>
</trkpt>
<trkpt lat="42.30330305555555" lon="142.58671388888888">
<ele>52</ele>
</trkpt>
<trkpt lat="42.303603055555556" lon="142.5862138888889">
<ele>52</ele>
</trkpt>
<trkpt lat="42.303961111111114" lon="142.58571388888888">
<ele>51</ele>
</trkpt>
<trkpt lat="42.304478055555556" lon="142.58511388888888">
<ele>56</ele>
</trkpt>
<trkpt lat="42.306311111111114" lon="142.5830388888889">
<ele>66</ele>
</trkpt>
<trkpt lat="42.30672805555555" lon="142.58252611111112">
<ele>67</ele>
</trkpt>
<trkpt lat="42.306868888888886" lon="142.5822388888889">
<ele>67</ele>
</trkpt>
<trkpt lat="42.30694388888889" lon="142.58193888888889">
<ele>67</ele>
</trkpt>
<trkpt lat="42.30730194444445" lon="142.57902611111112">
<ele>78</ele>
</trkpt>
<trkpt lat="42.30735194444444" lon="142.57868888888888">
<ele>77</ele>
</trkpt>
<trkpt lat="42.30746111111111" lon="142.57843888888888">
<ele>78</ele>
</trkpt>
<trkpt lat="42.30779388888889" lon="142.57788888888888">
<ele>81</ele>
</trkpt>
<trkpt lat="42.308435" lon="142.5769011111111">
<ele>88</ele>
</trkpt>
<trkpt lat="42.308685" lon="142.5765761111111">
<ele>89</ele>
</trkpt>
<trkpt lat="42.31126805555556" lon="142.57392611111112">
<ele>106</ele>
</trkpt>
<trkpt lat="42.31151805555555" lon="142.5736388888889">
<ele>107</ele>
</trkpt>
<trkpt lat="42.31167694444444" lon="142.57333888888888">
<ele>109</ele>
</trkpt>
<trkpt lat="42.31176" lon="142.5730761111111">
<ele>108</ele>
</trkpt>
<trkpt lat="42.311751944444445" lon="142.5726138888889">
<ele>106</ele>
</trkpt>
<trkpt lat="42.31165194444444" lon="142.5720388888889">
<ele>100</ele>
</trkpt>
<trkpt lat="42.311501944444444" lon="142.57130194444446">
<ele>99</ele>
</trkpt>
<trkpt lat="42.310701944444446" lon="142.56916388888888">
<ele>86</ele>
</trkpt>
<trkpt lat="42.31046" lon="142.5684388888889">
<ele>87</ele>
</trkpt>
<trkpt lat="42.31039305555556" lon="142.56750194444444">
<ele>82</ele>
</trkpt>
<trkpt lat="42.31048111111111" lon="142.56411">
<ele>62</ele>
</trkpt>
<trkpt lat="42.31048111111111" lon="142.56411">
<ele>62</ele>
</trkpt>
<trkpt lat="42.310485" lon="142.56395194444445">
<ele>61</ele>
</trkpt>
<trkpt lat="42.31046805555555" lon="142.563615">
<ele>60</ele>
</trkpt>
<trkpt lat="42.31039305555556" lon="142.56317694444445">
<ele>52</ele>
</trkpt>
<trkpt lat="42.309185" lon="142.55850305555555">
<ele>43</ele>
</trkpt>
<trkpt lat="42.30906805555556" lon="142.55600305555555">
<ele>43</ele>
</trkpt>
<trkpt lat="42.30911" lon="142.55569">
<ele>45</ele>
</trkpt>
<trkpt lat="42.30922611111111" lon="142.555365">
<ele>48</ele>
</trkpt>
<trkpt lat="42.30990888888889" lon="142.55374">
<ele>56</ele>
</trkpt>
<trkpt lat="42.310268055555554" lon="142.55280305555556">
<ele>62</ele>
</trkpt>
<trkpt lat="42.310518055555555" lon="142.55229">
<ele>67</ele>
</trkpt>
<trkpt lat="42.31170111111111" lon="142.55055305555555">
<ele>85</ele>
</trkpt>
<trkpt lat="42.31182611111111" lon="142.55030305555556">
<ele>88</ele>
</trkpt>
<trkpt lat="42.31223388888889" lon="142.5489411111111">
<ele>92</ele>
</trkpt>
<trkpt lat="42.31229305555556" lon="142.5486161111111">
<ele>94</ele>
</trkpt>
<trkpt lat="42.31225888888889" lon="142.5482661111111">
<ele>98</ele>
</trkpt>
<trkpt lat="42.31216805555555" lon="142.5474911111111">
<ele>104</ele>
</trkpt>
<trkpt lat="42.31216805555555" lon="142.54709111111111">
<ele>104</ele>
</trkpt>
<trkpt lat="42.31227611111111" lon="142.54675305555557">
<ele>105</ele>
</trkpt>
<trkpt lat="42.312601111111114" lon="142.54625305555555">
<ele>118</ele>
</trkpt>
<trkpt lat="42.31278388888889" lon="142.54612805555556">
<ele>119</ele>
</trkpt>
<trkpt lat="42.31299194444444" lon="142.54606611111112">
<ele>119</ele>
</trkpt>
<trkpt lat="42.313291944444444" lon="142.54605305555555">
<ele>117</ele>
</trkpt>
<trkpt lat="42.31355111111111" lon="142.54610305555556">
<ele>116</ele>
</trkpt>
<trkpt lat="42.313991944444446" lon="142.5461161111111">
<ele>110</ele>
</trkpt>
<trkpt lat="42.31425888888889" lon="142.5459911111111">
<ele>108</ele>
</trkpt>
<trkpt lat="42.31460111111111" lon="142.5457411111111">
<ele>107</ele>
</trkpt>
<trkpt lat="42.31536694444444" lon="142.54494111111111">
<ele>108</ele>
</trkpt>
<trkpt lat="42.3155" lon="142.54467805555555">
<ele>106</ele>
</trkpt>
<trkpt lat="42.31565888888889" lon="142.54424111111112">
<ele>97</ele>
</trkpt>
<trkpt lat="42.31693305555556" lon="142.53862805555556">
<ele>78</ele>
</trkpt>
<trkpt lat="42.31834111111111" lon="142.53470305555555">
<ele>59</ele>
</trkpt>
<trkpt lat="42.3186" lon="142.53432805555556">
<ele>58</ele>
</trkpt>
<trkpt lat="42.319408055555556" lon="142.53346611111112">
<ele>49</ele>
</trkpt>
<trkpt lat="42.31951611111111" lon="142.53317805555557">
<ele>48</ele>
</trkpt>
<trkpt lat="42.319583055555555" lon="142.53281611111112">
<ele>45</ele>
</trkpt>
<trkpt lat="42.319741111111114" lon="142.53122888888888">
<ele>45</ele>
</trkpt>
<trkpt lat="42.31985805555556" lon="142.53066611111112">
<ele>47</ele>
</trkpt>
<trkpt lat="42.31994111111111" lon="142.53044111111112">
<ele>47</ele>
</trkpt>
<trkpt lat="42.32039888888889" lon="142.52939111111112">
<ele>49</ele>
</trkpt>
<trkpt lat="42.32064111111111" lon="142.52895388888888">
<ele>51</ele>
</trkpt>
<trkpt lat="42.32086611111111" lon="142.52861611111112">
<ele>54</ele>
</trkpt>
<trkpt lat="42.32114111111111" lon="142.5283161111111">
<ele>55</ele>
</trkpt>
<trkpt lat="42.32239111111111" lon="142.52726611111112">
<ele>64</ele>
</trkpt>
<trkpt lat="42.322741111111114" lon="142.5268788888889">
<ele>70</ele>
</trkpt>
<trkpt lat="42.32312388888889" lon="142.52636611111112">
<ele>74</ele>
</trkpt>
<trkpt lat="42.324041111111114" lon="142.5250661111111">
<ele>82</ele>
</trkpt>
<trkpt lat="42.32427388888889" lon="142.52485388888888">
<ele>81</ele>
</trkpt>
<trkpt lat="42.32443194444444" lon="142.52477888888887">
<ele>79</ele>
</trkpt>
<trkpt lat="42.32467388888889" lon="142.52476611111112">
<ele>81</ele>
</trkpt>
<trkpt lat="42.32494888888889" lon="142.52485388888888">
<ele>82</ele>
</trkpt>
<trkpt lat="42.32516611111111" lon="142.5250411111111">
<ele>81</ele>
</trkpt>
<trkpt lat="42.32561611111111" lon="142.52552888888889">
<ele>75</ele>
</trkpt>
<trkpt lat="42.325806944444444" lon="142.5256411111111">
<ele>74</ele>
</trkpt>
<trkpt lat="42.325966111111114" lon="142.52565388888888">
<ele>73</ele>
</trkpt>
<trkpt lat="42.32615694444444" lon="142.5256038888889">
<ele>70</ele>
</trkpt>
<trkpt lat="42.32630694444445" lon="142.5254788888889">
<ele>70</ele>
</trkpt>
<trkpt lat="42.32655694444444" lon="142.52524111111111">
<ele>67</ele>
</trkpt>
<trkpt lat="42.32774" lon="142.5238788888889">
<ele>55</ele>
</trkpt>
<trkpt lat="42.327956944444445" lon="142.52351611111112">
<ele>55</ele>
</trkpt>
<trkpt lat="42.328365" lon="142.52272888888888">
<ele>53</ele>
</trkpt>
<trkpt lat="42.328565" lon="142.5224161111111">
<ele>50</ele>
</trkpt>
<trkpt lat="42.328806944444445" lon="142.52216611111112">
<ele>50</ele>
</trkpt>
<trkpt lat="42.32962305555556" lon="142.52146611111112">
<ele>47</ele>
</trkpt>
<trkpt lat="42.329931944444446" lon="142.5210538888889">
<ele>46</ele>
</trkpt>
<trkpt lat="42.33044" lon="142.52014111111112">
<ele>44</ele>
</trkpt>
<trkpt lat="42.33078111111111" lon="142.51945388888888">
<ele>45</ele>
</trkpt>
<trkpt lat="42.331015" lon="142.5187288888889">
<ele>44</ele>
</trkpt>
<trkpt lat="42.331223055555554" lon="142.5177161111111">
<ele>40</ele>
</trkpt>
<trkpt lat="42.33134805555556" lon="142.5173661111111">
<ele>39</ele>
</trkpt>
<trkpt lat="42.33154" lon="142.5170038888889">
<ele>40</ele>
</trkpt>
<trkpt lat="42.33175611111111" lon="142.5166788888889">
<ele>40</ele>
</trkpt>
<trkpt lat="42.332548055555556" lon="142.5156411111111">
<ele>39</ele>
</trkpt>
<trkpt lat="42.332748055555555" lon="142.5152911111111">
<ele>38</ele>
</trkpt>
<trkpt lat="42.33352305555555" lon="142.5134911111111">
<ele>35</ele>
</trkpt>
<trkpt lat="42.33374805555555" lon="142.5130538888889">
<ele>34</ele>
</trkpt>
<trkpt lat="42.334048055555556" lon="142.5125038888889">
<ele>34</ele>
</trkpt>
<trkpt lat="42.33474694444445" lon="142.5113538888889">
<ele>34</ele>
</trkpt>
<trkpt lat="42.33486388888889" lon="142.5110411111111">
<ele>34</ele>
</trkpt>
<trkpt lat="42.33491388888889" lon="142.5106538888889">
<ele>34</ele>
</trkpt>
<trkpt lat="42.33491388888889" lon="142.51015388888888">
<ele>34</ele>
</trkpt>
<trkpt lat="42.33488888888889" lon="142.5095038888889">
<ele>34</ele>
</trkpt>
<trkpt lat="42.33488888888889" lon="142.5091161111111">
<ele>34</ele>
</trkpt>
<trkpt lat="42.33494694444445" lon="142.50881611111112">
<ele>34</ele>
</trkpt>
<trkpt lat="42.33505611111111" lon="142.5085411111111">
<ele>34</ele>
</trkpt>
<trkpt lat="42.33521388888889" lon="142.5082661111111">
<ele>34</ele>
</trkpt>
<trkpt lat="42.33548111111111" lon="142.5079661111111">
<ele>30</ele>
</trkpt>
<trkpt lat="42.33589694444444" lon="142.50755388888888">
<ele>29</ele>
</trkpt>
<trkpt lat="42.33606388888889" lon="142.5073788888889">
<ele>29</ele>
</trkpt>
<trkpt lat="42.336371944444444" lon="142.5070661111111">
<ele>28</ele>
</trkpt>
<trkpt lat="42.33644694444445" lon="142.50697888888888">
<ele>28</ele>
</trkpt>
<trkpt lat="42.33660611111111" lon="142.5066788888889">
<ele>28</ele>
</trkpt>
<trkpt lat="42.33689694444445" lon="142.5056538888889">
<ele>28</ele>
</trkpt>
<trkpt lat="42.33696388888889" lon="142.50534194444444">
<ele>28</ele>
</trkpt>
<trkpt lat="42.336996944444444" lon="142.50501694444444">
<ele>29</ele>
</trkpt>
<trkpt lat="42.336855" lon="142.5018038888889">
<ele>24</ele>
</trkpt>
<trkpt lat="42.33685805555555" lon="142.5009061111111">
<ele>25</ele>
</trkpt>
<trkpt lat="42.33685805555555" lon="142.5009061111111">
<ele>25</ele>
</trkpt>
<trkpt lat="42.336863055555554" lon="142.49847888888888">
<ele>25</ele>
</trkpt>
<trkpt lat="42.336996944444444" lon="142.49774194444444">
<ele>25</ele>
</trkpt>
<trkpt lat="42.337271944444446" lon="142.49681694444445">
<ele>25</ele>
</trkpt>
<trkpt lat="42.337246944444445" lon="142.496255">
<ele>24</ele>
</trkpt>
<trkpt lat="42.337138055555556" lon="142.49588">
<ele>24</ele>
</trkpt>
<trkpt lat="42.33698" lon="142.49533">
<ele>23</ele>
</trkpt>
<trkpt lat="42.33692194444444" lon="142.49514194444444">
<ele>23</ele>
</trkpt>
<trkpt lat="42.33678" lon="142.49464194444445">
<ele>24</ele>
</trkpt>
<trkpt lat="42.336705" lon="142.49436694444444">
<ele>24</ele>
</trkpt>
<trkpt lat="42.33844611111111" lon="142.49428">
<ele>29</ele>
</trkpt>
<trkpt lat="42.340046111111114" lon="142.494205">
<ele>28</ele>
</trkpt>
<trkpt lat="42.34061305555556" lon="142.49417888888888">
<ele>29</ele>
</trkpt>
<trkpt lat="42.34149611111111" lon="142.49476694444445">
<ele>29</ele>
</trkpt>
<trkpt lat="42.342303888888885" lon="142.49520388888888">
<ele>29</ele>
</trkpt>
<trkpt lat="42.34292888888889" lon="142.49539194444444">
<ele>33</ele>
</trkpt>
<trkpt lat="42.34297888888889" lon="142.4954038888889">
<ele>33</ele>
</trkpt>
<trkpt lat="42.344588055555555" lon="142.49530388888888">
<ele>33</ele>
</trkpt>
<trkpt lat="42.34733694444444" lon="142.49556611111112">
<ele>37</ele>
</trkpt>
<trkpt lat="42.34771194444444" lon="142.4956038888889">
<ele>37</ele>
</trkpt>
<trkpt lat="42.348303888888886" lon="142.4954161111111">
<ele>36</ele>
</trkpt>
<trkpt lat="42.34882" lon="142.4951788888889">
<ele>36</ele>
</trkpt>
<trkpt lat="42.350945" lon="142.49419111111112">
<ele>37</ele>
</trkpt>
<trkpt lat="42.352895" lon="142.49327888888888">
<ele>40</ele>
</trkpt>
<trkpt lat="42.35315305555556" lon="142.49315388888888">
<ele>40</ele>
</trkpt>
<trkpt lat="42.35366111111111" lon="142.4929038888889">
<ele>43</ele>
</trkpt>
<trkpt lat="42.35530305555555" lon="142.49214111111112">
<ele>46</ele>
</trkpt>
<trkpt lat="42.35549388888889" lon="142.49204111111112">
<ele>46</ele>
</trkpt>
<trkpt lat="42.35574388888889" lon="142.4918661111111">
<ele>47</ele>
</trkpt>
<trkpt lat="42.35601888888889" lon="142.49157888888888">
<ele>48</ele>
</trkpt>
<trkpt lat="42.35616111111111" lon="142.4914288888889">
<ele>49</ele>
</trkpt>
<trkpt lat="42.35861111111111" lon="142.4886038888889">
<ele>65</ele>
</trkpt>
<trkpt lat="42.35890194444445" lon="142.48841611111112">
<ele>65</ele>
</trkpt>
<trkpt lat="42.35908611111111" lon="142.4883538888889">
<ele>66</ele>
</trkpt>
<trkpt lat="42.35931111111111" lon="142.4883788888889">
<ele>70</ele>
</trkpt>
<trkpt lat="42.35957694444444" lon="142.48844111111111">
<ele>77</ele>
</trkpt>
<trkpt lat="42.36034388888889" lon="142.4888288888889">
<ele>76</ele>
</trkpt>
<trkpt lat="42.36073611111111" lon="142.4890411111111">
<ele>82</ele>
</trkpt>
<trkpt lat="42.36096111111111" lon="142.48911611111112">
<ele>82</ele>
</trkpt>
<trkpt lat="42.36109388888889" lon="142.48911611111112">
<ele>82</ele>
</trkpt>
<trkpt lat="42.36126111111111" lon="142.4890538888889">
<ele>83</ele>
</trkpt>
<trkpt lat="42.36139388888889" lon="142.4889288888889">
<ele>83</ele>
</trkpt>
<trkpt lat="42.361468888888886" lon="142.4888038888889">
<ele>83</ele>
</trkpt>
<trkpt lat="42.36149388888889" lon="142.48866611111112">
<ele>90</ele>
</trkpt>
<trkpt lat="42.36151888888889" lon="142.48840388888888">
<ele>93</ele>
</trkpt>
<trkpt lat="42.361468888888886" lon="142.4877788888889">
<ele>93</ele>
</trkpt>
<trkpt lat="42.36141888888889" lon="142.48739111111112">
<ele>95</ele>
</trkpt>
<trkpt lat="42.361443888888886" lon="142.4870161111111">
<ele>96</ele>
</trkpt>
<trkpt lat="42.36152694444444" lon="142.4868038888889">
<ele>101</ele>
</trkpt>
<trkpt lat="42.36187694444445" lon="142.4863288888889">
<ele>106</ele>
</trkpt>
<trkpt lat="42.36212694444445" lon="142.48605388888888">
<ele>105</ele>
</trkpt>
<trkpt lat="42.362318888888886" lon="142.48591611111112">
<ele>105</ele>
</trkpt>
<trkpt lat="42.36314388888889" lon="142.4856288888889">
<ele>121</ele>
</trkpt>
<trkpt lat="42.36334388888889" lon="142.48547888888888">
<ele>120</ele>
</trkpt>
<trkpt lat="42.363576944444446" lon="142.4850661111111">
<ele>120</ele>
</trkpt>
<trkpt lat="42.363793055555554" lon="142.48445388888888">
<ele>118</ele>
</trkpt>
<trkpt lat="42.363985" lon="142.48422888888888">
<ele>113</ele>
</trkpt>
<trkpt lat="42.364485" lon="142.4838161111111">
<ele>121</ele>
</trkpt>
<trkpt lat="42.36535111111111" lon="142.48307888888888">
<ele>125</ele>
</trkpt>
<trkpt lat="42.365435" lon="142.4830411111111">
<ele>125</ele>
</trkpt>
<trkpt lat="42.36579305555556" lon="142.48311611111112">
<ele>125</ele>
</trkpt>
<trkpt lat="42.365935" lon="142.4831538888889">
<ele>130</ele>
</trkpt>
<trkpt lat="42.366285" lon="142.48307888888888">
<ele>135</ele>
</trkpt>
<trkpt lat="42.36671" lon="142.4827161111111">
<ele>133</ele>
</trkpt>
<trkpt lat="42.367185" lon="142.4822411111111">
<ele>142</ele>
</trkpt>
<trkpt lat="42.367285" lon="142.4821411111111">
<ele>142</ele>
</trkpt>
<trkpt lat="42.36739305555555" lon="142.48207888888888">
<ele>142</ele>
</trkpt>
<trkpt lat="42.36763388888889" lon="142.4820161111111">
<ele>144</ele>
</trkpt>
<trkpt lat="42.37121805555556" lon="142.48155305555557">
<ele>141</ele>
</trkpt>
<trkpt lat="42.37165111111111" lon="142.48142805555557">
<ele>138</ele>
</trkpt>
<trkpt lat="42.37193388888889" lon="142.4812161111111">
<ele>137</ele>
</trkpt>
<trkpt lat="42.372171944444446" lon="142.48088805555557">
<ele>135</ele>
</trkpt>
<trkpt lat="42.372171944444446" lon="142.48088805555557">
<ele>135</ele>
</trkpt>
<trkpt lat="42.37225111111111" lon="142.48077805555556">
<ele>134</ele>
</trkpt>
<trkpt lat="42.372393055555555" lon="142.48052805555557">
<ele>131</ele>
</trkpt>
<trkpt lat="42.37250888888889" lon="142.4802411111111">
<ele>131</ele>
</trkpt>
<trkpt lat="42.3749" lon="142.47405388888888">
<ele>112</ele>
</trkpt>
<trkpt lat="42.37510888888889" lon="142.4736161111111">
<ele>110</ele>
</trkpt>
<trkpt lat="42.37535888888889" lon="142.47322888888888">
<ele>108</ele>
</trkpt>
<trkpt lat="42.37596694444444" lon="142.47255388888888">
<ele>102</ele>
</trkpt>
<trkpt lat="42.376275" lon="142.4723161111111">
<ele>96</ele>
</trkpt>
<trkpt lat="42.376508055555554" lon="142.47221611111112">
<ele>95</ele>
</trkpt>
<trkpt lat="42.3771" lon="142.4720288888889">
<ele>90</ele>
</trkpt>
<trkpt lat="42.37725805555556" lon="142.4719538888889">
<ele>83</ele>
</trkpt>
<trkpt lat="42.377341944444446" lon="142.47189111111112">
<ele>82</ele>
</trkpt>
<trkpt lat="42.37753305555555" lon="142.4716161111111">
<ele>84</ele>
</trkpt>
<trkpt lat="42.377575" lon="142.4714538888889">
<ele>82</ele>
</trkpt>
<trkpt lat="42.37755805555555" lon="142.47121611111112">
<ele>82</ele>
</trkpt>
<trkpt lat="42.377491944444444" lon="142.4709038888889">
<ele>83</ele>
</trkpt>
<trkpt lat="42.37719194444445" lon="142.4701038888889">
<ele>77</ele>
</trkpt>
<trkpt lat="42.377158055555554" lon="142.4700288888889">
<ele>77</ele>
</trkpt>
<trkpt lat="42.377116944444445" lon="142.4698788888889">
<ele>77</ele>
</trkpt>
<trkpt lat="42.377116944444445" lon="142.4697161111111">
<ele>76</ele>
</trkpt>
<trkpt lat="42.377158055555554" lon="142.46964111111112">
<ele>74</ele>
</trkpt>
<trkpt lat="42.377225" lon="142.4695911111111">
<ele>72</ele>
</trkpt>
<trkpt lat="42.377325" lon="142.46961611111112">
<ele>72</ele>
</trkpt>
<trkpt lat="42.377425" lon="142.4696911111111">
<ele>72</ele>
</trkpt>
<trkpt lat="42.3776" lon="142.4699038888889">
<ele>69</ele>
</trkpt>
<trkpt lat="42.37768305555556" lon="142.47005388888888">
<ele>65</ele>
</trkpt>
<trkpt lat="42.37786611111111" lon="142.4704411111111">
<ele>62</ele>
</trkpt>
<trkpt lat="42.37829111111111" lon="142.47131611111112">
<ele>60</ele>
</trkpt>
<trkpt lat="42.37853305555556" lon="142.4716411111111">
<ele>53</ele>
</trkpt>
<trkpt lat="42.378775" lon="142.4718161111111">
<ele>52</ele>
</trkpt>
<trkpt lat="42.379058055555554" lon="142.47200388888888">
<ele>52</ele>
</trkpt>
<trkpt lat="42.379508055555554" lon="142.47225305555557">
<ele>48</ele>
</trkpt>
<trkpt lat="42.379933055555554" lon="142.47244111111112">
<ele>44</ele>
</trkpt>
<trkpt lat="42.38025805555556" lon="142.47252805555556">
<ele>43</ele>
</trkpt>
<trkpt lat="42.3806" lon="142.4725161111111">
<ele>43</ele>
</trkpt>
<trkpt lat="42.38169111111111" lon="142.47131611111112">
<ele>35</ele>
</trkpt>
<trkpt lat="42.38499888888889" lon="142.46697805555556">
<ele>28</ele>
</trkpt>
<trkpt lat="42.38473194444445" lon="142.46657805555554">
<ele>28</ele>
</trkpt>
<trkpt lat="42.38056611111111" lon="142.4617538888889">
<ele>24</ele>
</trkpt>
<trkpt lat="42.380023888888886" lon="142.4610788888889">
<ele>24</ele>
</trkpt>
<trkpt lat="42.37935805555556" lon="142.46010388888888">
<ele>24</ele>
</trkpt>
<trkpt lat="42.378585" lon="142.45897805555555">
<ele>25</ele>
</trkpt>
<trkpt lat="42.378585" lon="142.45897805555555">
<ele>25</ele>
</trkpt>
<trkpt lat="42.37705805555556" lon="142.456755">
<ele>25</ele>
</trkpt>
<trkpt lat="42.37656611111111" lon="142.45526694444445">
<ele>24</ele>
</trkpt>
<trkpt lat="42.376508055555554" lon="142.45496694444444">
<ele>24</ele>
</trkpt>
<trkpt lat="42.376508055555554" lon="142.45481694444445">
<ele>24</ele>
</trkpt>
<trkpt lat="42.37652388888889" lon="142.45466694444445">
<ele>24</ele>
</trkpt>
<trkpt lat="42.37661611111111" lon="142.45439194444444">
<ele>24</ele>
</trkpt>
<trkpt lat="42.376708055555554" lon="142.45426694444444">
<ele>24</ele>
</trkpt>
<trkpt lat="42.376783055555556" lon="142.45418">
<ele>24</ele>
</trkpt>
<trkpt lat="42.37700805555556" lon="142.45401694444445">
<ele>24</ele>
</trkpt>
<trkpt lat="42.37987388888889" lon="142.45228">
<ele>23</ele>
</trkpt>
<trkpt lat="42.38155694444445" lon="142.451305">
<ele>24</ele>
</trkpt>
<trkpt lat="42.38204888888889" lon="142.45098">
<ele>24</ele>
</trkpt>
<trkpt lat="42.38243194444444" lon="142.45038">
<ele>24</ele>
</trkpt>
<trkpt lat="42.38254888888889" lon="142.45021694444443">
<ele>24</ele>
</trkpt>
<trkpt lat="42.38479805555556" lon="142.44703">
<ele>28</ele>
</trkpt>
<trkpt lat="42.38509" lon="142.44666694444444">
<ele>30</ele>
</trkpt>
<trkpt lat="42.38534805555555" lon="142.44716694444443">
<ele>30</ele>
</trkpt>
<trkpt lat="42.38572305555556" lon="142.4479538888889">
<ele>30</ele>
</trkpt>
<trkpt lat="42.38584" lon="142.44819194444443">
<ele>30</ele>
</trkpt>
<trkpt lat="42.38623194444445" lon="142.44896694444444">
<ele>31</ele>
</trkpt>
<trkpt lat="42.386806944444444" lon="142.4500788888889">
<ele>31</ele>
</trkpt>
<trkpt lat="42.38709" lon="142.45061694444445">
<ele>30</ele>
</trkpt>
<trkpt lat="42.38710694444445" lon="142.4506788888889">
<ele>30</ele>
</trkpt>
<trkpt lat="42.387348055555556" lon="142.45109194444444">
<ele>31</ele>
</trkpt>
<trkpt lat="42.387681944444445" lon="142.45166694444444">
<ele>35</ele>
</trkpt>
<trkpt lat="42.387965" lon="142.45209194444445">
<ele>35</ele>
</trkpt>
<trkpt lat="42.38968111111111" lon="142.4543038888889">
<ele>36</ele>
</trkpt>
<trkpt lat="42.39088111111111" lon="142.45567888888888">
<ele>31</ele>
</trkpt>
<trkpt lat="42.39140611111111" lon="142.4562288888889">
<ele>40</ele>
</trkpt>
<trkpt lat="42.392273055555556" lon="142.45737888888888">
<ele>41</ele>
</trkpt>
<trkpt lat="42.39751388888889" lon="142.46055305555555">
<ele>37</ele>
</trkpt>
<trkpt lat="42.39985611111111" lon="142.46230305555557">
<ele>36</ele>
</trkpt>
<trkpt lat="42.40047194444445" lon="142.462865">
<ele>37</ele>
</trkpt>
<trkpt lat="42.40085611111111" lon="142.463365">
<ele>34</ele>
</trkpt>
<trkpt lat="42.40101388888889" lon="142.46352694444445">
<ele>37</ele>
</trkpt>
<trkpt lat="42.40148888888889" lon="142.464265">
<ele>38</ele>
</trkpt>
<trkpt lat="42.40191388888889" lon="142.46505194444444">
<ele>38</ele>
</trkpt>
<trkpt lat="42.40235888888889" lon="142.4659938888889">
<ele>38</ele>
</trkpt>
<trkpt lat="42.40235888888889" lon="142.46599305555554">
<ele>38</ele>
</trkpt>
<trkpt lat="42.40246388888889" lon="142.466215">
<ele>38</ele>
</trkpt>
<trkpt lat="42.40283888888889" lon="142.466815">
<ele>37</ele>
</trkpt>
<trkpt lat="42.40436388888889" lon="142.46842694444445">
<ele>39</ele>
</trkpt>
<trkpt lat="42.40653888888889" lon="142.4733511111111">
<ele>34</ele>
</trkpt>
<trkpt lat="42.40808" lon="142.47645111111112">
<ele>37</ele>
</trkpt>
<trkpt lat="42.40842194444444" lon="142.4761261111111">
<ele>39</ele>
</trkpt>
<trkpt lat="42.40862194444444" lon="142.47610111111112">
<ele>42</ele>
</trkpt>
<trkpt lat="42.408746944444445" lon="142.4761511111111">
<ele>43</ele>
</trkpt>
<trkpt lat="42.40958" lon="142.47700111111112">
<ele>55</ele>
</trkpt>
<trkpt lat="42.40978805555556" lon="142.4770388888889">
<ele>59</ele>
</trkpt>
<trkpt lat="42.409855" lon="142.47700111111112">
<ele>59</ele>
</trkpt>
<trkpt lat="42.40989694444445" lon="142.4769388888889">
<ele>66</ele>
</trkpt>
<trkpt lat="42.40989694444445" lon="142.47678888888888">
<ele>67</ele>
</trkpt>
<trkpt lat="42.40927194444444" lon="142.47532611111112">
<ele>77</ele>
</trkpt>
<trkpt lat="42.409255" lon="142.47507611111112">
<ele>80</ele>
</trkpt>
<trkpt lat="42.40929694444444" lon="142.4748888888889">
<ele>81</ele>
</trkpt>
<trkpt lat="42.409488055555556" lon="142.4745761111111">
<ele>83</ele>
</trkpt>
<trkpt lat="42.41323694444444" lon="142.47109111111112">
<ele>86</ele>
</trkpt>
<trkpt lat="42.41323694444444" lon="142.47109111111112">
<ele>86</ele>
</trkpt>
<trkpt lat="42.41415388888889" lon="142.4702388888889">
<ele>86</ele>
</trkpt>
<trkpt lat="42.412171111111114" lon="142.4668888888889">
<ele>82</ele>
</trkpt>
<trkpt lat="42.41121305555556" lon="142.46523888888888">
<ele>82</ele>
</trkpt>
<trkpt lat="42.409805" lon="142.46287694444445">
<ele>80</ele>
</trkpt>
<trkpt lat="42.40669194444445" lon="142.45767694444444">
<ele>75</ele>
</trkpt>
<trkpt lat="42.406565" lon="142.457465">
<ele>75</ele>
</trkpt>
<trkpt lat="42.406565" lon="142.457465">
<ele>75</ele>
</trkpt>
<trkpt lat="42.40358" lon="142.45247805555556">
<ele>71</ele>
</trkpt>
<trkpt lat="42.400196944444446" lon="142.446785">
<ele>67</ele>
</trkpt>
<trkpt lat="42.396813888888886" lon="142.44109194444445">
<ele>63</ele>
</trkpt>
<trkpt lat="42.39538" lon="142.4386788888889">
<ele>63</ele>
</trkpt>
<trkpt lat="42.39157194444444" lon="142.43219305555556">
<ele>57</ele>
</trkpt>
<trkpt lat="42.39008111111111" lon="142.42965611111111">
<ele>55</ele>
</trkpt>
<trkpt lat="42.38671388888889" lon="142.42385611111112">
<ele>51</ele>
</trkpt>
<trkpt lat="42.38612194444445" lon="142.42283111111112">
<ele>50</ele>
</trkpt>
<trkpt lat="42.38366388888889" lon="142.4185938888889">
<ele>50</ele>
</trkpt>
<trkpt lat="42.382665" lon="142.41688">
<ele>49</ele>
</trkpt>
<trkpt lat="42.382665" lon="142.41688">
<ele>49</ele>
</trkpt>
<trkpt lat="42.38053111111111" lon="142.41322">
<ele>47</ele>
</trkpt>
<trkpt lat="42.379198055555555" lon="142.41218305555554">
<ele>46</ele>
</trkpt>
<trkpt lat="42.37762305555555" lon="142.41095694444445">
<ele>41</ele>
</trkpt>
<trkpt lat="42.37684" lon="142.41027">
<ele>36</ele>
</trkpt>
<trkpt lat="42.376315" lon="142.40970805555557">
<ele>32</ele>
</trkpt>
<trkpt lat="42.375998055555556" lon="142.40930805555556">
<ele>32</ele>
</trkpt>
<trkpt lat="42.37587305555556" lon="142.40917">
<ele>32</ele>
</trkpt>
<trkpt lat="42.375123055555555" lon="142.40807">
<ele>28</ele>
</trkpt>
<trkpt lat="42.37434" lon="142.4072711111111">
<ele>19</ele>
</trkpt>
<trkpt lat="42.37388194444444" lon="142.4066711111111">
<ele>19</ele>
</trkpt>
<trkpt lat="42.37329" lon="142.40573305555554">
<ele>19</ele>
</trkpt>
<trkpt lat="42.37320694444445" lon="142.40568305555556">
<ele>19</ele>
</trkpt>
<trkpt lat="42.373115" lon="142.40565805555556">
<ele>19</ele>
</trkpt>
<trkpt lat="42.372998055555556" lon="142.4056711111111">
<ele>19</ele>
</trkpt>
<trkpt lat="42.370515" lon="142.4075711111111">
<ele>16</ele>
</trkpt>
<trkpt lat="42.36920694444444" lon="142.40853305555555">
<ele>15</ele>
</trkpt>
<trkpt lat="42.36832388888889" lon="142.4091961111111">
<ele>15</ele>
</trkpt>
<trkpt lat="42.36683194444444" lon="142.4093961111111">
<ele>15</ele>
</trkpt>
<trkpt lat="42.366773888888886" lon="142.40928305555556">
<ele>15</ele>
</trkpt>
<trkpt lat="42.365566111111114" lon="142.40707111111112">
<ele>15</ele>
</trkpt>
<trkpt lat="42.365566111111114" lon="142.4070338888889">
<ele>15</ele>
</trkpt>
<trkpt lat="42.36436611111111" lon="142.40449611111111">
<ele>15</ele>
</trkpt>
<trkpt lat="42.36385805555555" lon="142.4032711111111">
<ele>14</ele>
</trkpt>
<trkpt lat="42.36329111111111" lon="142.4021338888889">
<ele>14</ele>
</trkpt>
<trkpt lat="42.36329111111111" lon="142.4021338888889">
<ele>14</ele>
</trkpt>
<trkpt lat="42.36311611111111" lon="142.4017838888889">
<ele>14</ele>
</trkpt>
<trkpt lat="42.36125805555555" lon="142.39787194444443">
<ele>13</ele>
</trkpt>
<trkpt lat="42.36109888888889" lon="142.39724694444445">
<ele>13</ele>
</trkpt>
<trkpt lat="42.36033305555556" lon="142.39416">
<ele>13</ele>
</trkpt>
<trkpt lat="42.360008055555554" lon="142.39269694444445">
<ele>13</ele>
</trkpt>
<trkpt lat="42.35975805555555" lon="142.39191">
<ele>13</ele>
</trkpt>
<trkpt lat="42.35959111111111" lon="142.39166">
<ele>13</ele>
</trkpt>
<trkpt lat="42.35932388888889" lon="142.391285">
<ele>14</ele>
</trkpt>
<trkpt lat="42.35930805555556" lon="142.39124694444445">
<ele>14</ele>
</trkpt>
<trkpt lat="42.35919888888889" lon="142.39107305555555">
<ele>14</ele>
</trkpt>
<trkpt lat="42.359048888888886" lon="142.39086">
<ele>14</ele>
</trkpt>
<trkpt lat="42.35902388888889" lon="142.39082305555556">
<ele>14</ele>
</trkpt>
<trkpt lat="42.358848888888886" lon="142.390585">
<ele>14</ele>
</trkpt>
<trkpt lat="42.35762388888889" lon="142.38872305555554">
<ele>13</ele>
</trkpt>
<trkpt lat="42.35649111111111" lon="142.38702305555555">
<ele>13</ele>
</trkpt>
<trkpt lat="42.35500805555556" lon="142.38476111111112">
<ele>13</ele>
</trkpt>
<trkpt lat="42.35458305555556" lon="142.3841111111111">
<ele>13</ele>
</trkpt>
<trkpt lat="42.35366611111111" lon="142.38273611111111">
<ele>11</ele>
</trkpt>
<trkpt lat="42.353425" lon="142.38237305555555">
<ele>11</ele>
</trkpt>
<trkpt lat="42.35269111111111" lon="142.38126111111112">
<ele>11</ele>
</trkpt>
<trkpt lat="42.351975" lon="142.3801488888889">
<ele>11</ele>
</trkpt>
<trkpt lat="42.351575" lon="142.37953611111112">
<ele>11</ele>
</trkpt>
<trkpt lat="42.351391944444444" lon="142.3792488888889">
<ele>10</ele>
</trkpt>
<trkpt lat="42.350791944444445" lon="142.3783361111111">
<ele>10</ele>
</trkpt>
<trkpt lat="42.350225" lon="142.3774611111111">
<ele>10</ele>
</trkpt>
<trkpt lat="42.35005" lon="142.3771988888889">
<ele>10</ele>
</trkpt>
<trkpt lat="42.34959194444444" lon="142.37648611111112">
<ele>10</ele>
</trkpt>
<trkpt lat="42.3492" lon="142.3758738888889">
<ele>10</ele>
</trkpt>
<trkpt lat="42.34894194444445" lon="142.37547388888888">
<ele>10</ele>
</trkpt>
<trkpt lat="42.348325" lon="142.37451194444444">
<ele>10</ele>
</trkpt>
<trkpt lat="42.34818305555556" lon="142.37428694444444">
<ele>10</ele>
</trkpt>
<trkpt lat="42.34795" lon="142.3739238888889">
<ele>10</ele>
</trkpt>
<trkpt lat="42.34789194444444" lon="142.3738488888889">
<ele>10</ele>
</trkpt>
<trkpt lat="42.347808055555554" lon="142.37377388888888">
<ele>10</ele>
</trkpt>
<trkpt lat="42.34755" lon="142.37352388888888">
<ele>10</ele>
</trkpt>
<trkpt lat="42.34675" lon="142.37298694444445">
<ele>10</ele>
</trkpt>
<trkpt lat="42.346133888888886" lon="142.37258694444444">
<ele>10</ele>
</trkpt>
<trkpt lat="42.345275" lon="142.3720238888889">
<ele>10</ele>
</trkpt>
<trkpt lat="42.34471694444444" lon="142.37166194444444">
<ele>9</ele>
</trkpt>
<trkpt lat="42.344575" lon="142.37146194444443">
<ele>8</ele>
</trkpt>
<trkpt lat="42.34446694444444" lon="142.37126194444446">
<ele>8</ele>
</trkpt>
<trkpt lat="42.34435888888889" lon="142.37101194444443">
<ele>8</ele>
</trkpt>
<trkpt lat="42.344816944444446" lon="142.37035">
<ele>8</ele>
</trkpt>
<trkpt lat="42.34488388888889" lon="142.37025">
<ele>7</ele>
</trkpt>
<trkpt lat="42.345241944444446" lon="142.369725">
<ele>8</ele>
</trkpt>
<trkpt lat="42.34559194444444" lon="142.3692">
<ele>8</ele>
</trkpt>
<trkpt lat="42.34591694444445" lon="142.3687">
<ele>8</ele>
</trkpt>
<trkpt lat="42.34599194444444" lon="142.36858694444444">
<ele>8</ele>
</trkpt>
<trkpt lat="42.34608305555555" lon="142.36845">
<ele>8</ele>
</trkpt>
<trkpt lat="42.346125" lon="142.36838694444444">
<ele>8</ele>
</trkpt>
<trkpt lat="42.346425" lon="142.36796194444443">
<ele>8</ele>
</trkpt>
<trkpt lat="42.34684194444444" lon="142.367325">
<ele>8</ele>
</trkpt>
<trkpt lat="42.347316944444444" lon="142.366625">
<ele>9</ele>
</trkpt>
<trkpt lat="42.34796611111111" lon="142.36573694444445">
<ele>10</ele>
</trkpt>
<trkpt lat="42.348225" lon="142.36538694444445">
<ele>10</ele>
</trkpt>
<trkpt lat="42.34940805555556" lon="142.36375">
<ele>10</ele>
</trkpt>
<trkpt lat="42.35009111111111" lon="142.36281194444445">
<ele>10</ele>
</trkpt>
<trkpt lat="42.350858055555555" lon="142.36175">
<ele>11</ele>
</trkpt>
<trkpt lat="42.35111611111111" lon="142.3614">
<ele>11</ele>
</trkpt>
<trkpt lat="42.35149888888889" lon="142.36086194444445">
<ele>11</ele>
</trkpt>
<trkpt lat="42.35159111111111" lon="142.36073694444445">
<ele>11</ele>
</trkpt>
<trkpt lat="42.35179888888889" lon="142.36015">
<ele>16</ele>
</trkpt>
<trkpt lat="42.351908055555555" lon="142.35993805555555">
<ele>18</ele>
</trkpt>
<trkpt lat="42.35211611111111" lon="142.3596">
<ele>25</ele>
</trkpt>
<trkpt lat="42.352288888888886" lon="142.35933">
<ele>25</ele>
</trkpt>
<trkpt lat="42.352288888888886" lon="142.35933111111112">
<ele>25</ele>
</trkpt>
<trkpt lat="42.352356944444445" lon="142.359225">
<ele>26</ele>
</trkpt>
<trkpt lat="42.35239888888889" lon="142.35906194444445">
<ele>25</ele>
</trkpt>
<trkpt lat="42.352406944444446" lon="142.35901305555555">
<ele>25</ele>
</trkpt>
<trkpt lat="42.352406944444446" lon="142.3588">
<ele>26</ele>
</trkpt>
<trkpt lat="42.35234888888889" lon="142.35838805555557">
<ele>29</ele>
</trkpt>
<trkpt lat="42.35234111111111" lon="142.35831305555556">
<ele>30</ele>
</trkpt>
<trkpt lat="42.35234888888889" lon="142.3581">
<ele>31</ele>
</trkpt>
<trkpt lat="42.35243305555556" lon="142.357875">
<ele>32</ele>
</trkpt>
<trkpt lat="42.35399888888889" lon="142.35556305555556">
<ele>43</ele>
</trkpt>
<trkpt lat="42.35449888888889" lon="142.3549">
<ele>47</ele>
</trkpt>
<trkpt lat="42.35544888888889" lon="142.3539">
<ele>56</ele>
</trkpt>
<trkpt lat="42.35574888888889" lon="142.35353805555556">
<ele>59</ele>
</trkpt>
<trkpt lat="42.355915" lon="142.35325">
<ele>61</ele>
</trkpt>
<trkpt lat="42.35595694444444" lon="142.35316305555557">
<ele>60</ele>
</trkpt>
<trkpt lat="42.35629" lon="142.3522">
<ele>63</ele>
</trkpt>
<trkpt lat="42.356415" lon="142.351925">
<ele>66</ele>
</trkpt>
<trkpt lat="42.35655694444444" lon="142.351725">
<ele>68</ele>
</trkpt>
<trkpt lat="42.35669" lon="142.3516">
<ele>69</ele>
</trkpt>
<trkpt lat="42.356898055555554" lon="142.35148805555556">
<ele>70</ele>
</trkpt>
<trkpt lat="42.357106944444446" lon="142.35145">
<ele>73</ele>
</trkpt>
<trkpt lat="42.357306944444446" lon="142.35148805555556">
<ele>76</ele>
</trkpt>
<trkpt lat="42.35744805555556" lon="142.35156305555554">
<ele>77</ele>
</trkpt>
<trkpt lat="42.35762305555556" lon="142.35168805555554">
<ele>77</ele>
</trkpt>
<trkpt lat="42.357773055555555" lon="142.351875">
<ele>78</ele>
</trkpt>
<trkpt lat="42.35789805555556" lon="142.35216305555556">
<ele>86</ele>
</trkpt>
<trkpt lat="42.35794805555555" lon="142.35241305555556">
<ele>84</ele>
</trkpt>
<trkpt lat="42.35803194444444" lon="142.3534">
<ele>89</ele>
</trkpt>
<trkpt lat="42.35809" lon="142.35373805555557">
<ele>97</ele>
</trkpt>
<trkpt lat="42.358165" lon="142.35395">
<ele>96</ele>
</trkpt>
<trkpt lat="42.35829805555556" lon="142.35421194444444">
<ele>96</ele>
</trkpt>
<trkpt lat="42.35848194444444" lon="142.35446194444444">
<ele>96</ele>
</trkpt>
<trkpt lat="42.35865694444445" lon="142.35461305555555">
<ele>97</ele>
</trkpt>
<trkpt lat="42.35893194444444" lon="142.35475">
<ele>102</ele>
</trkpt>
<trkpt lat="42.35977305555556" lon="142.35501305555556">
<ele>110</ele>
</trkpt>
<trkpt lat="42.36002305555556" lon="142.35503805555555">
<ele>116</ele>
</trkpt>
<trkpt lat="42.360281111111114" lon="142.354975">
<ele>119</ele>
</trkpt>
<trkpt lat="42.361515" lon="142.35455">
<ele>119</ele>
</trkpt>
<trkpt lat="42.361806111111115" lon="142.354425">
<ele>117</ele>
</trkpt>
<trkpt lat="42.36203111111111" lon="142.3543">
<ele>115</ele>
</trkpt>
<trkpt lat="42.36231388888889" lon="142.3541">
<ele>114</ele>
</trkpt>
<trkpt lat="42.36257305555556" lon="142.35386194444445">
<ele>111</ele>
</trkpt>
<trkpt lat="42.36299805555556" lon="142.353325">
<ele>107</ele>
</trkpt>
<trkpt lat="42.364156111111114" lon="142.35151305555556">
<ele>95</ele>
</trkpt>
<trkpt lat="42.36434805555555" lon="142.351225">
<ele>94</ele>
</trkpt>
<trkpt lat="42.36451388888889" lon="142.35101305555557">
<ele>93</ele>
</trkpt>
<trkpt lat="42.36463111111111" lon="142.350875">
<ele>91</ele>
</trkpt>
<trkpt lat="42.364781111111114" lon="142.35073694444444">
<ele>92</ele>
</trkpt>
<trkpt lat="42.365746944444446" lon="142.34996305555555">
<ele>92</ele>
</trkpt>
<trkpt lat="42.36593888888889" lon="142.34978805555556">
<ele>91</ele>
</trkpt>
<trkpt lat="42.36607305555555" lon="142.349625">
<ele>90</ele>
</trkpt>
<trkpt lat="42.366171944444446" lon="142.34945">
<ele>90</ele>
</trkpt>
<trkpt lat="42.36624694444444" lon="142.34921194444445">
<ele>89</ele>
</trkpt>
<trkpt lat="42.36628888888889" lon="142.34898694444445">
<ele>89</ele>
</trkpt>
<trkpt lat="42.36628888888889" lon="142.348725">
<ele>89</ele>
</trkpt>
<trkpt lat="42.36624694444444" lon="142.34846194444444">
<ele>88</ele>
</trkpt>
<trkpt lat="42.36615611111111" lon="142.34816305555555">
<ele>88</ele>
</trkpt>
<trkpt lat="42.36538888888889" lon="142.34638805555556">
<ele>88</ele>
</trkpt>
<trkpt lat="42.36523888888889" lon="142.346025">
<ele>90</ele>
</trkpt>
<trkpt lat="42.36518888888889" lon="142.34578805555554">
<ele>90</ele>
</trkpt>
<trkpt lat="42.36516388888889" lon="142.34555">
<ele>90</ele>
</trkpt>
<trkpt lat="42.36523611111111" lon="142.34473888888888">
<ele>88</ele>
</trkpt>
<trkpt lat="42.36523611111111" lon="142.34473888888888">
<ele>88</ele>
</trkpt>
<trkpt lat="42.36526388888889" lon="142.34442611111112">
<ele>88</ele>
</trkpt>
<trkpt lat="42.36526388888889" lon="142.34417611111112">
<ele>85</ele>
</trkpt>
<trkpt lat="42.365231111111115" lon="142.34395111111112">
<ele>84</ele>
</trkpt>
<trkpt lat="42.36517194444444" lon="142.34376305555554">
<ele>83</ele>
</trkpt>
<trkpt lat="42.365096944444446" lon="142.34358805555556">
<ele>80</ele>
</trkpt>
<trkpt lat="42.36463888888889" lon="142.34278805555556">
<ele>75</ele>
</trkpt>
<trkpt lat="42.36448111111111" lon="142.34240111111112">
<ele>70</ele>
</trkpt>
<trkpt lat="42.364421944444445" lon="142.34217611111112">
<ele>68</ele>
</trkpt>
<trkpt lat="42.36438888888889" lon="142.34195111111111">
<ele>67</ele>
</trkpt>
<trkpt lat="42.36437194444444" lon="142.3417511111111">
<ele>66</ele>
</trkpt>
<trkpt lat="42.364396944444444" lon="142.34151305555557">
<ele>66</ele>
</trkpt>
<trkpt lat="42.364446944444445" lon="142.34131305555556">
<ele>65</ele>
</trkpt>
<trkpt lat="42.36503111111111" lon="142.33941305555555">
<ele>61</ele>
</trkpt>
<trkpt lat="42.36603" lon="142.3363388888889">
<ele>52</ele>
</trkpt>
<trkpt lat="42.36689694444444" lon="142.3339138888889">
<ele>50</ele>
</trkpt>
<trkpt lat="42.36701388888889" lon="142.3338138888889">
<ele>50</ele>
</trkpt>
<trkpt lat="42.36778805555556" lon="142.3359011111111">
<ele>45</ele>
</trkpt>
<trkpt lat="42.367963055555556" lon="142.33621305555556">
<ele>45</ele>
</trkpt>
<trkpt lat="42.368096944444446" lon="142.33640111111112">
<ele>45</ele>
</trkpt>
<trkpt lat="42.36823" lon="142.3365261111111">
<ele>46</ele>
</trkpt>
<trkpt lat="42.36844694444444" lon="142.3366511111111">
<ele>47</ele>
</trkpt>
<trkpt lat="42.369005" lon="142.3370261111111">
<ele>50</ele>
</trkpt>
<trkpt lat="42.37249611111111" lon="142.33944">
<ele>51</ele>
</trkpt>
<trkpt lat="42.37249611111111" lon="142.33944">
<ele>51</ele>
</trkpt>
<trkpt lat="42.37307111111111" lon="142.33983805555556">
<ele>51</ele>
</trkpt>
<trkpt lat="42.37354611111111" lon="142.34045">
<ele>53</ele>
</trkpt>
<trkpt lat="42.37512111111111" lon="142.342775">
<ele>47</ele>
</trkpt>
<trkpt lat="42.37525388888889" lon="142.342925">
<ele>44</ele>
</trkpt>
<trkpt lat="42.37548805555556" lon="142.343075">
<ele>43</ele>
</trkpt>
<trkpt lat="42.37591305555556" lon="142.343275">
<ele>38</ele>
</trkpt>
<trkpt lat="42.37617888888889" lon="142.3433">
<ele>33</ele>
</trkpt>
<trkpt lat="42.37642888888889" lon="142.343275">
<ele>28</ele>
</trkpt>
<trkpt lat="42.376846111111114" lon="142.34316305555555">
<ele>22</ele>
</trkpt>
<trkpt lat="42.37698805555556" lon="142.34356194444445">
<ele>26</ele>
</trkpt>
<trkpt lat="42.37702111111111" lon="142.34375">
<ele>28</ele>
</trkpt>
<trkpt lat="42.37701305555556" lon="142.34396194444443">
<ele>31</ele>
</trkpt>
<trkpt lat="42.376871111111114" lon="142.34483694444444">
<ele>35</ele>
</trkpt>
<trkpt lat="42.376871111111114" lon="142.34513694444445">
<ele>35</ele>
</trkpt>
<trkpt lat="42.376938055555556" lon="142.34538694444444">
<ele>37</ele>
</trkpt>
<trkpt lat="42.37706305555555" lon="142.3456">
<ele>40</ele>
</trkpt>
<trkpt lat="42.37804611111111" lon="142.34651194444444">
<ele>51</ele>
</trkpt>
<trkpt lat="42.378188055555555" lon="142.3466738888889">
<ele>51</ele>
</trkpt>
<trkpt lat="42.378278888888886" lon="142.3468488888889">
<ele>52</ele>
</trkpt>
<trkpt lat="42.37832888888889" lon="142.34701194444443">
<ele>52</ele>
</trkpt>
<trkpt lat="42.378346111111114" lon="142.34718694444445">
<ele>52</ele>
</trkpt>
<trkpt lat="42.37833805555555" lon="142.34739888888888">
<ele>52</ele>
</trkpt>
<trkpt lat="42.37732111111111" lon="142.35404888888888">
<ele>73</ele>
</trkpt>
<trkpt lat="42.37732111111111" lon="142.35439888888888">
<ele>75</ele>
</trkpt>
<trkpt lat="42.377388055555556" lon="142.35474888888888">
<ele>75</ele>
</trkpt>
<trkpt lat="42.377455" lon="142.35494888888888">
<ele>76</ele>
</trkpt>
<trkpt lat="42.37902111111111" lon="142.35881111111112">
<ele>91</ele>
</trkpt>
<trkpt lat="42.379105" lon="142.3590861111111">
<ele>92</ele>
</trkpt>
<trkpt lat="42.37918" lon="142.35948611111112">
<ele>94</ele>
</trkpt>
<trkpt lat="42.379488055555555" lon="142.36327305555557">
<ele>97</ele>
</trkpt>
<trkpt lat="42.37958" lon="142.36439805555557">
<ele>98</ele>
</trkpt>
<trkpt lat="42.37958" lon="142.36464805555556">
<ele>99</ele>
</trkpt>
<trkpt lat="42.379196944444445" lon="142.36664805555554">
<ele>99</ele>
</trkpt>
<trkpt lat="42.379088055555556" lon="142.3670361111111">
<ele>99</ele>
</trkpt>
<trkpt lat="42.378955" lon="142.36729805555555">
<ele>99</ele>
</trkpt>
<trkpt lat="42.37878" lon="142.36749805555556">
<ele>99</ele>
</trkpt>
<trkpt lat="42.376655" lon="142.3697611111111">
<ele>108</ele>
</trkpt>
<trkpt lat="42.37636388888889" lon="142.3701111111111">
<ele>109</ele>
</trkpt>
<trkpt lat="42.37633888888889" lon="142.37039805555557">
<ele>111</ele>
</trkpt>
<trkpt lat="42.37637194444444" lon="142.37069805555555">
<ele>113</ele>
</trkpt>
<trkpt lat="42.376555" lon="142.37126111111112">
<ele>117</ele>
</trkpt>
<trkpt lat="42.376671944444446" lon="142.37154805555556">
<ele>116</ele>
</trkpt>
<trkpt lat="42.376805" lon="142.37191">
<ele>119</ele>
</trkpt>
<trkpt lat="42.37679694444444" lon="142.37224805555556">
<ele>121</ele>
</trkpt>
<trkpt lat="42.37630611111111" lon="142.37391">
<ele>123</ele>
</trkpt>
<trkpt lat="42.37581388888889" lon="142.375335">
<ele>124</ele>
</trkpt>
<trkpt lat="42.37477194444445" lon="142.37739805555555">
<ele>133</ele>
</trkpt>
<trkpt lat="42.374496944444445" lon="142.378035">
<ele>138</ele>
</trkpt>
<trkpt lat="42.37450388888889" lon="142.37825">
<ele>138</ele>
</trkpt>
<trkpt lat="42.37450388888889" lon="142.37825">
<ele>138</ele>
</trkpt>
<trkpt lat="42.37451388888889" lon="142.37854694444445">
<ele>138</ele>
</trkpt>
<trkpt lat="42.374648055555554" lon="142.37876">
<ele>138</ele>
</trkpt>
<trkpt lat="42.37480611111111" lon="142.37892194444444">
<ele>138</ele>
</trkpt>
<trkpt lat="42.37663888888889" lon="142.38069694444445">
<ele>154</ele>
</trkpt>
<trkpt lat="42.37800611111111" lon="142.38287194444445">
<ele>147</ele>
</trkpt>
<trkpt lat="42.37989694444445" lon="142.38603388888887">
<ele>150</ele>
</trkpt>
<trkpt lat="42.38032194444445" lon="142.38724694444446">
<ele>157</ele>
</trkpt>
<trkpt lat="42.38048" lon="142.38744694444443">
<ele>158</ele>
</trkpt>
<trkpt lat="42.38142194444445" lon="142.3883338888889">
<ele>151</ele>
</trkpt>
<trkpt lat="42.38178888888889" lon="142.38872111111112">
<ele>156</ele>
</trkpt>
<trkpt lat="42.38223" lon="142.3892088888889">
<ele>155</ele>
</trkpt>
<trkpt lat="42.38276388888889" lon="142.3899338888889">
<ele>155</ele>
</trkpt>
<trkpt lat="42.386871944444444" lon="142.39677111111112">
<ele>155</ele>
</trkpt>
<trkpt lat="42.38768" lon="142.39813305555555">
<ele>151</ele>
</trkpt>
<trkpt lat="42.38782194444445" lon="142.39847">
<ele>150</ele>
</trkpt>
<trkpt lat="42.388463055555555" lon="142.40007">
<ele>148</ele>
</trkpt>
<trkpt lat="42.389938055555554" lon="142.40378305555555">
<ele>152</ele>
</trkpt>
<trkpt lat="42.39035888888889" lon="142.40480805555555">
<ele>154</ele>
</trkpt>
<trkpt lat="42.39035888888889" lon="142.40480805555555">
<ele>154</ele>
</trkpt>
<trkpt lat="42.39078" lon="142.40583194444446">
<ele>155</ele>
</trkpt>
<trkpt lat="42.39138805555555" lon="142.40740694444443">
<ele>158</ele>
</trkpt>
<trkpt lat="42.39177111111111" lon="142.40835694444445">
<ele>152</ele>
</trkpt>
<trkpt lat="42.39188" lon="142.4085938888889">
<ele>151</ele>
</trkpt>
<trkpt lat="42.39286305555556" lon="142.41039388888888">
<ele>138</ele>
</trkpt>
<trkpt lat="42.393505" lon="142.41140694444445">
<ele>135</ele>
</trkpt>
<trkpt lat="42.39356305555555" lon="142.41153194444445">
<ele>134</ele>
</trkpt>
<trkpt lat="42.39398805555555" lon="142.41255611111112">
<ele>134</ele>
</trkpt>
<trkpt lat="42.39433" lon="142.4131688888889">
<ele>132</ele>
</trkpt>
<trkpt lat="42.39550388888889" lon="142.4150061111111">
<ele>123</ele>
</trkpt>
<trkpt lat="42.395738055555555" lon="142.4154188888889">
<ele>119</ele>
</trkpt>
<trkpt lat="42.39581305555556" lon="142.41558111111112">
<ele>118</ele>
</trkpt>
<trkpt lat="42.39595388888889" lon="142.41580611111112">
<ele>119</ele>
</trkpt>
<trkpt lat="42.39602111111111" lon="142.4158438888889">
<ele>118</ele>
</trkpt>
<trkpt lat="42.39620388888889" lon="142.41580611111112">
<ele>118</ele>
</trkpt>
<trkpt lat="42.396388055555555" lon="142.4156811111111">
<ele>118</ele>
</trkpt>
<trkpt lat="42.39696305555555" lon="142.4151938888889">
<ele>123</ele>
</trkpt>
<trkpt lat="42.39687111111111" lon="142.4149688888889">
<ele>123</ele>
</trkpt>
<trkpt lat="42.39700388888889" lon="142.4149561111111">
<ele>127</ele>
</trkpt>
<trkpt lat="42.39708805555556" lon="142.4150061111111">
<ele>126</ele>
</trkpt>
<trkpt lat="42.39759611111111" lon="142.4156561111111">
<ele>129</ele>
</trkpt>
<trkpt lat="42.39815388888889" lon="142.4165188888889">
<ele>136</ele>
</trkpt>
<trkpt lat="42.39922111111111" lon="142.41831805555555">
<ele>144</ele>
</trkpt>
<trkpt lat="42.39949194444444" lon="142.41859888888888">
<ele>145</ele>
</trkpt>
<trkpt lat="42.39949194444444" lon="142.41859888888888">
<ele>145</ele>
</trkpt>
<trkpt lat="42.39978694444444" lon="142.4189061111111">
<ele>147</ele>
</trkpt>
<trkpt lat="42.401938055555554" lon="142.42159305555555">
<ele>167</ele>
</trkpt>
<trkpt lat="42.40267111111111" lon="142.42216805555555">
<ele>166</ele>
</trkpt>
<trkpt lat="42.405253888888886" lon="142.423855">
<ele>170</ele>
</trkpt>
<trkpt lat="42.40611194444445" lon="142.42503">
<ele>174</ele>
</trkpt>
<trkpt lat="42.40811194444444" lon="142.42741694444445">
<ele>181</ele>
</trkpt>
<trkpt lat="42.40840388888889" lon="142.42782888888888">
<ele>181</ele>
</trkpt>
<trkpt lat="42.40880388888889" lon="142.42854194444445">
<ele>180</ele>
</trkpt>
<trkpt lat="42.40892" lon="142.42895388888888">
<ele>180</ele>
</trkpt>
<trkpt lat="42.40932" lon="142.43171694444445">
<ele>180</ele>
</trkpt>
<trkpt lat="42.40937888888889" lon="142.43194194444445">
<ele>180</ele>
</trkpt>
<trkpt lat="42.40955388888889" lon="142.43216694444445">
<ele>180</ele>
</trkpt>
<trkpt lat="42.40982" lon="142.4324038888889">
<ele>177</ele>
</trkpt>
<trkpt lat="42.41012" lon="142.4326788888889">
<ele>177</ele>
</trkpt>
<trkpt lat="42.411503055555556" lon="142.43396611111112">
<ele>187</ele>
</trkpt>
<trkpt lat="42.412328055555555" lon="142.4346911111111">
<ele>193</ele>
</trkpt>
<trkpt lat="42.41241194444444" lon="142.43474111111112">
<ele>193</ele>
</trkpt>
<trkpt lat="42.41513611111111" lon="142.4347911111111">
<ele>187</ele>
</trkpt>
<trkpt lat="42.416378055555555" lon="142.4348411111111">
<ele>181</ele>
</trkpt>
<trkpt lat="42.41732694444445" lon="142.43530194444443">
<ele>182</ele>
</trkpt>
<trkpt lat="42.41732694444445" lon="142.43530194444443">
<ele>182</ele>
</trkpt>
<trkpt lat="42.41884388888889" lon="142.4360411111111">
<ele>185</ele>
</trkpt>
<trkpt lat="42.418928055555554" lon="142.43602805555557">
<ele>186</ele>
</trkpt>
<trkpt lat="42.41901111111111" lon="142.43599111111112">
<ele>186</ele>
</trkpt>
<trkpt lat="42.419111111111114" lon="142.4358161111111">
<ele>185</ele>
</trkpt>
<trkpt lat="42.41911888888889" lon="142.43566611111112">
<ele>185</ele>
</trkpt>
<trkpt lat="42.41908611111111" lon="142.4326538888889">
<ele>181</ele>
</trkpt>
<trkpt lat="42.419111111111114" lon="142.4325161111111">
<ele>180</ele>
</trkpt>
<trkpt lat="42.41921888888889" lon="142.43239111111112">
<ele>179</ele>
</trkpt>
<trkpt lat="42.419628055555556" lon="142.43194111111112">
<ele>176</ele>
</trkpt>
<trkpt lat="42.41971888888889" lon="142.43181611111112">
<ele>175</ele>
</trkpt>
<trkpt lat="42.41981111111111" lon="142.43157888888888">
<ele>176</ele>
</trkpt>
<trkpt lat="42.419826944444445" lon="142.4314161111111">
<ele>177</ele>
</trkpt>
<trkpt lat="42.41975305555555" lon="142.4311538888889">
<ele>176</ele>
</trkpt>
<trkpt lat="42.41921888888889" lon="142.4299661111111">
<ele>176</ele>
</trkpt>
<trkpt lat="42.418576944444446" lon="142.42852888888888">
<ele>178</ele>
</trkpt>
<trkpt lat="42.41712694444445" lon="142.4258788888889">
<ele>175</ele>
</trkpt>
<trkpt lat="42.41684388888889" lon="142.42570388888888">
<ele>175</ele>
</trkpt>
<trkpt lat="42.41339611111111" lon="142.4234438888889">
<ele>179</ele>
</trkpt>
<trkpt lat="42.41339611111111" lon="142.4234438888889">
<ele>179</ele>
</trkpt>
<trkpt lat="42.41327805555556" lon="142.42336694444444">
<ele>179</ele>
</trkpt>
<trkpt lat="42.41026111111111" lon="142.42136805555555">
<ele>177</ele>
</trkpt>
<trkpt lat="42.40712805555555" lon="142.41929305555556">
<ele>169</ele>
</trkpt>
<trkpt lat="42.40687805555555" lon="142.418955">
<ele>167</ele>
</trkpt>
<trkpt lat="42.40672" lon="142.41863">
<ele>167</ele>
</trkpt>
<trkpt lat="42.406553055555555" lon="142.41804305555556">
<ele>165</ele>
</trkpt>
<trkpt lat="42.40596194444444" lon="142.4153061111111">
<ele>158</ele>
</trkpt>
<trkpt lat="42.405836944444445" lon="142.4146561111111">
<ele>156</ele>
</trkpt>
<trkpt lat="42.405811944444444" lon="142.41414305555554">
<ele>155</ele>
</trkpt>
<trkpt lat="42.40575305555556" lon="142.4129561111111">
<ele>151</ele>
</trkpt>
<trkpt lat="42.405703055555556" lon="142.41261805555555">
<ele>148</ele>
</trkpt>
<trkpt lat="42.40537805555556" lon="142.41201805555556">
<ele>145</ele>
</trkpt>
<trkpt lat="42.40528694444444" lon="142.41128111111112">
<ele>136</ele>
</trkpt>
<trkpt lat="42.405228055555554" lon="142.41070611111112">
<ele>138</ele>
</trkpt>
<trkpt lat="42.405145" lon="142.41040611111112">
<ele>138</ele>
</trkpt>
<trkpt lat="42.40495305555555" lon="142.41014388888888">
<ele>140</ele>
</trkpt>
<trkpt lat="42.403953888888886" lon="142.4088188888889">
<ele>130</ele>
</trkpt>
<trkpt lat="42.40372888888889" lon="142.4086311111111">
<ele>128</ele>
</trkpt>
<trkpt lat="42.40327888888889" lon="142.40846888888888">
<ele>125</ele>
</trkpt>
<trkpt lat="42.40321194444444" lon="142.4084188888889">
<ele>120</ele>
</trkpt>
<trkpt lat="42.40102888888889" lon="142.40565694444444">
<ele>103</ele>
</trkpt>
<trkpt lat="42.40063694444444" lon="142.4045188888889">
<ele>96</ele>
</trkpt>
<trkpt lat="42.40042" lon="142.40430694444444">
<ele>97</ele>
</trkpt>
<trkpt lat="42.40027111111111" lon="142.40425694444446">
<ele>98</ele>
</trkpt>
<trkpt lat="42.40007111111111" lon="142.40425694444446">
<ele>97</ele>
</trkpt>
<trkpt lat="42.39992888888889" lon="142.40433194444444">
<ele>95</ele>
</trkpt>
<trkpt lat="42.399811944444444" lon="142.4044438888889">
<ele>88</ele>
</trkpt>
<trkpt lat="42.39972111111111" lon="142.40461888888888">
<ele>86</ele>
</trkpt>
<trkpt lat="42.39967111111111" lon="142.40484388888888">
<ele>87</ele>
</trkpt>
<trkpt lat="42.39964611111111" lon="142.40503194444443">
<ele>83</ele>
</trkpt>
<trkpt lat="42.39972888888889" lon="142.4053688888889">
<ele>82</ele>
</trkpt>
<trkpt lat="42.40012111111111" lon="142.4062688888889">
<ele>83</ele>
</trkpt>
<trkpt lat="42.40044611111111" lon="142.4080811111111">
<ele>74</ele>
</trkpt>
<trkpt lat="42.40077888888889" lon="142.4089561111111">
<ele>68</ele>
</trkpt>
<trkpt lat="42.40072888888889" lon="142.4092688888889">
<ele>66</ele>
</trkpt>
<trkpt lat="42.400011944444444" lon="142.40788111111112">
<ele>58</ele>
</trkpt>
<trkpt lat="42.39917111111111" lon="142.40575694444445">
<ele>54</ele>
</trkpt>
<trkpt lat="42.39891194444444" lon="142.40503194444443">
<ele>52</ele>
</trkpt>
<trkpt lat="42.39884611111111" lon="142.40468194444443">
<ele>46</ele>
</trkpt>
<trkpt lat="42.398828888888886" lon="142.40435694444446">
<ele>45</ele>
</trkpt>
<trkpt lat="42.39885388888889" lon="142.40414388888888">
<ele>43</ele>
</trkpt>
<trkpt lat="42.39895388888889" lon="142.4038438888889">
<ele>43</ele>
</trkpt>
<trkpt lat="42.40007" lon="142.40213111111112">
<ele>38</ele>
</trkpt>
<trkpt lat="42.40007" lon="142.40213111111112">
<ele>38</ele>
</trkpt>
<trkpt lat="42.40040388888889" lon="142.4016188888889">
<ele>37</ele>
</trkpt>
<trkpt lat="42.40175388888889" lon="142.3995438888889">
<ele>30</ele>
</trkpt>
<trkpt lat="42.403261944444445" lon="142.4003438888889">
<ele>31</ele>
</trkpt>
<trkpt lat="42.40361194444444" lon="142.40061888888889">
<ele>31</ele>
</trkpt>
<trkpt lat="42.403753055555555" lon="142.4008438888889">
<ele>32</ele>
</trkpt>
<trkpt lat="42.404161944444446" lon="142.40189388888888">
<ele>34</ele>
</trkpt>
<trkpt lat="42.404536944444445" lon="142.4026438888889">
<ele>34</ele>
</trkpt>
<trkpt lat="42.404795" lon="142.4029438888889">
<ele>34</ele>
</trkpt>
<trkpt lat="42.40507" lon="142.40313194444445">
<ele>34</ele>
</trkpt>
<trkpt lat="42.405228055555554" lon="142.4031938888889">
<ele>34</ele>
</trkpt>
<trkpt lat="42.40558611111111" lon="142.40324388888888">
<ele>35</ele>
</trkpt>
<trkpt lat="42.40612" lon="142.4032061111111">
<ele>35</ele>
</trkpt>
<trkpt lat="42.40647" lon="142.40311888888888">
<ele>35</ele>
</trkpt>
<trkpt lat="42.40665305555556" lon="142.4030938888889">
<ele>35</ele>
</trkpt>
<trkpt lat="42.40738611111111" lon="142.4030561111111">
<ele>35</ele>
</trkpt>
<trkpt lat="42.40752805555555" lon="142.4030938888889">
<ele>35</ele>
</trkpt>
<trkpt lat="42.408453055555555" lon="142.40358111111112">
<ele>35</ele>
</trkpt>
<trkpt lat="42.40963611111111" lon="142.40416888888888">
<ele>33</ele>
</trkpt>
<trkpt lat="42.41074388888889" lon="142.40473111111112">
<ele>31</ele>
</trkpt>
<trkpt lat="42.41129388888889" lon="142.40508111111112">
<ele>31</ele>
</trkpt>
<trkpt lat="42.41426111111111" lon="142.40698111111112">
<ele>36</ele>
</trkpt>
<trkpt lat="42.41542694444444" lon="142.40768111111112">
<ele>38</ele>
</trkpt>
<trkpt lat="42.415593888888885" lon="142.4077061111111">
<ele>38</ele>
</trkpt>
<trkpt lat="42.41921888888889" lon="142.40620611111112">
<ele>38</ele>
</trkpt>
<trkpt lat="42.41935194444444" lon="142.40616805555555">
<ele>38</ele>
</trkpt>
<trkpt lat="42.419601944444445" lon="142.4061561111111">
<ele>38</ele>
</trkpt>
<trkpt lat="42.42039305555556" lon="142.4062811111111">
<ele>37</ele>
</trkpt>
<trkpt lat="42.42127694444444" lon="142.40656805555557">
<ele>38</ele>
</trkpt>
<trkpt lat="42.42147694444444" lon="142.40669305555556">
<ele>38</ele>
</trkpt>
<trkpt lat="42.42167694444444" lon="142.40688305555557">
<ele>38</ele>
</trkpt>
<trkpt lat="42.42167694444444" lon="142.40688305555557">
<ele>38</ele>
</trkpt>
<trkpt lat="42.42391805555555" lon="142.40901694444443">
<ele>37</ele>
</trkpt>
<trkpt lat="42.42551805555556" lon="142.41158">
<ele>37</ele>
</trkpt>
<trkpt lat="42.42587611111111" lon="142.41343">
<ele>39</ele>
</trkpt>
<trkpt lat="42.426051111111114" lon="142.41441694444444">
<ele>39</ele>
</trkpt>
<trkpt lat="42.42615111111111" lon="142.41480388888888">
<ele>40</ele>
</trkpt>
<trkpt lat="42.426185" lon="142.41494194444445">
<ele>40</ele>
</trkpt>
<trkpt lat="42.426435" lon="142.41541694444444">
<ele>40</ele>
</trkpt>
<trkpt lat="42.42652611111111" lon="142.41556694444444">
<ele>40</ele>
</trkpt>
<trkpt lat="42.42701805555556" lon="142.41596694444445">
<ele>46</ele>
</trkpt>
<trkpt lat="42.427785" lon="142.41627888888888">
<ele>55</ele>
</trkpt>
<trkpt lat="42.42890111111111" lon="142.4166038888889">
<ele>62</ele>
</trkpt>
<trkpt lat="42.42926805555555" lon="142.41659194444443">
<ele>64</ele>
</trkpt>
<trkpt lat="42.43000111111111" lon="142.41627888888888">
<ele>68</ele>
</trkpt>
<trkpt lat="42.430843055555556" lon="142.41584194444445">
<ele>69</ele>
</trkpt>
<trkpt lat="42.43170888888889" lon="142.4155288888889">
<ele>70</ele>
</trkpt>
<trkpt lat="42.432251111111114" lon="142.41536694444446">
<ele>71</ele>
</trkpt>
<trkpt lat="42.43255888888889" lon="142.41531694444444">
<ele>72</ele>
</trkpt>
<trkpt lat="42.43300888888889" lon="142.4152288888889">
<ele>72</ele>
</trkpt>
<trkpt lat="42.43745" lon="142.4143161111111">
<ele>75</ele>
</trkpt>
<trkpt lat="42.43780888888889" lon="142.41435388888888">
<ele>75</ele>
</trkpt>
<trkpt lat="42.43794194444445" lon="142.4144038888889">
<ele>75</ele>
</trkpt>
<trkpt lat="42.4448" lon="142.41869111111112">
<ele>90</ele>
</trkpt>
<trkpt lat="42.447558055555554" lon="142.42040305555557">
<ele>95</ele>
</trkpt>
<trkpt lat="42.44895805555556" lon="142.42130305555557">
<ele>96</ele>
</trkpt>
<trkpt lat="42.449083055555555" lon="142.42135305555556">
<ele>96</ele>
</trkpt>
<trkpt lat="42.45042388888889" lon="142.42182805555555">
<ele>98</ele>
</trkpt>
<trkpt lat="42.455373888888886" lon="142.42242694444445">
<ele>103</ele>
</trkpt>
<trkpt lat="42.456165" lon="142.42255194444445">
<ele>104</ele>
</trkpt>
<trkpt lat="42.45802388888889" lon="142.42327694444444">
<ele>107</ele>
</trkpt>
<trkpt lat="42.458565" lon="142.4235888888889">
<ele>108</ele>
</trkpt>
<trkpt lat="42.459545" lon="142.42449194444444">
<ele>113</ele>
</trkpt>
<trkpt lat="42.459545" lon="142.42449194444444">
<ele>113</ele>
</trkpt>
<trkpt lat="42.46115694444445" lon="142.42597694444444">
<ele>122</ele>
</trkpt>
<trkpt lat="42.462848055555554" lon="142.42777611111111">
<ele>126</ele>
</trkpt>
<trkpt lat="42.46349" lon="142.42900111111112">
<ele>133</ele>
</trkpt>
<trkpt lat="42.46429805555555" lon="142.42966388888888">
<ele>134</ele>
</trkpt>
<trkpt lat="42.466256111111115" lon="142.4311761111111">
<ele>138</ele>
</trkpt>
<trkpt lat="42.46905611111111" lon="142.43321305555557">
<ele>144</ele>
</trkpt>
<trkpt lat="42.47092305555555" lon="142.43371305555556">
<ele>142</ele>
</trkpt>
<trkpt lat="42.472546944444446" lon="142.43318805555555">
<ele>141</ele>
</trkpt>
<trkpt lat="42.472971944444446" lon="142.43316305555555">
<ele>139</ele>
</trkpt>
<trkpt lat="42.47542194444444" lon="142.43328805555555">
<ele>124</ele>
</trkpt>
<trkpt lat="42.47589694444444" lon="142.43271305555555">
<ele>117</ele>
</trkpt>
<trkpt lat="42.47598" lon="142.432475">
<ele>116</ele>
</trkpt>
<trkpt lat="42.47603888888889" lon="142.43192611111112">
<ele>113</ele>
</trkpt>
<trkpt lat="42.47611305555556" lon="142.42868805555557">
<ele>95</ele>
</trkpt>
<trkpt lat="42.47618" lon="142.4283511111111">
<ele>93</ele>
</trkpt>
<trkpt lat="42.47629694444444" lon="142.4280511111111">
<ele>92</ele>
</trkpt>
<trkpt lat="42.47647194444444" lon="142.42775111111112">
<ele>84</ele>
</trkpt>
<trkpt lat="42.47683" lon="142.42726305555556">
<ele>82</ele>
</trkpt>
<trkpt lat="42.47721305555555" lon="142.42683805555555">
<ele>73</ele>
</trkpt>
<trkpt lat="42.47737194444444" lon="142.42673805555555">
<ele>74</ele>
</trkpt>
<trkpt lat="42.477555" lon="142.4266761111111">
<ele>75</ele>
</trkpt>
<trkpt lat="42.477955" lon="142.4266511111111">
<ele>72</ele>
</trkpt>
<trkpt lat="42.47879611111111" lon="142.4266511111111">
<ele>65</ele>
</trkpt>
<trkpt lat="42.478946111111114" lon="142.4267761111111">
<ele>66</ele>
</trkpt>
<trkpt lat="42.479263055555556" lon="142.4270511111111">
<ele>66</ele>
</trkpt>
<trkpt lat="42.479613055555554" lon="142.42746305555556">
<ele>62</ele>
</trkpt>
<trkpt lat="42.47977111111111" lon="142.42765111111112">
<ele>60</ele>
</trkpt>
<trkpt lat="42.47998" lon="142.42791305555556">
<ele>63</ele>
</trkpt>
<trkpt lat="42.48023805555555" lon="142.42828805555556">
<ele>60</ele>
</trkpt>
<trkpt lat="42.48248805555556" lon="142.43226305555555">
<ele>68</ele>
</trkpt>
<trkpt lat="42.48332888888889" lon="142.43351305555555">
<ele>69</ele>
</trkpt>
<trkpt lat="42.48362888888889" lon="142.4339">
<ele>69</ele>
</trkpt>
<trkpt lat="42.484028888888886" lon="142.43456194444445">
<ele>68</ele>
</trkpt>
<trkpt lat="42.48432888888889" lon="142.43526194444445">
<ele>68</ele>
</trkpt>
<trkpt lat="42.48452888888889" lon="142.43548694444445">
<ele>68</ele>
</trkpt>
<trkpt lat="42.48528805555556" lon="142.436015">
<ele>68</ele>
</trkpt>
<trkpt lat="42.48528805555556" lon="142.436015">
<ele>68</ele>
</trkpt>
<trkpt lat="42.48533805555556" lon="142.43605">
<ele>68</ele>
</trkpt>
<trkpt lat="42.48557111111111" lon="142.43616194444445">
<ele>68</ele>
</trkpt>
<trkpt lat="42.485688055555556" lon="142.43614888888888">
<ele>67</ele>
</trkpt>
<trkpt lat="42.485796111111114" lon="142.4360738888889">
<ele>67</ele>
</trkpt>
<trkpt lat="42.48592111111111" lon="142.43598694444444">
<ele>67</ele>
</trkpt>
<trkpt lat="42.48601194444444" lon="142.4358738888889">
<ele>67</ele>
</trkpt>
<trkpt lat="42.48609611111111" lon="142.43568694444446">
<ele>66</ele>
</trkpt>
<trkpt lat="42.48617888888889" lon="142.4352">
<ele>65</ele>
</trkpt>
<trkpt lat="42.48659611111111" lon="142.43293694444444">
<ele>63</ele>
</trkpt>
<trkpt lat="42.48662111111111" lon="142.43278694444444">
<ele>63</ele>
</trkpt>
<trkpt lat="42.48692111111111" lon="142.4321">
<ele>64</ele>
</trkpt>
<trkpt lat="42.48710388888889" lon="142.43193694444443">
<ele>64</ele>
</trkpt>
<trkpt lat="42.487411944444446" lon="142.43188694444444">
<ele>68</ele>
</trkpt>
<trkpt lat="42.490295" lon="142.43266194444445">
<ele>67</ele>
</trkpt>
<trkpt lat="42.49070388888889" lon="142.4327738888889">
<ele>67</ele>
</trkpt>
<trkpt lat="42.492545" lon="142.43346194444445">
<ele>69</ele>
</trkpt>
<trkpt lat="42.493545" lon="142.43381194444444">
<ele>69</ele>
</trkpt>
<trkpt lat="42.49683611111111" lon="142.4352988888889">
<ele>71</ele>
</trkpt>
<trkpt lat="42.50071888888889" lon="142.43692388888888">
<ele>76</ele>
</trkpt>
<trkpt lat="42.50254388888889" lon="142.43696111111112">
<ele>83</ele>
</trkpt>
<trkpt lat="42.504533888888886" lon="142.43695194444444">
<ele>92</ele>
</trkpt>
<trkpt lat="42.504533888888886" lon="142.43695194444444">
<ele>92</ele>
</trkpt>
<trkpt lat="42.50540194444444" lon="142.43694805555555">
<ele>97</ele>
</trkpt>
<trkpt lat="42.50611888888889" lon="142.43679805555556">
<ele>98</ele>
</trkpt>
<trkpt lat="42.50892694444445" lon="142.43548611111112">
<ele>111</ele>
</trkpt>
<trkpt lat="42.50937694444445" lon="142.43544805555555">
<ele>114</ele>
</trkpt>
<trkpt lat="42.51009305555556" lon="142.43579805555555">
<ele>114</ele>
</trkpt>
<trkpt lat="42.511785" lon="142.43657305555556">
<ele>125</ele>
</trkpt>
<trkpt lat="42.512185" lon="142.43694805555555">
<ele>128</ele>
</trkpt>
<trkpt lat="42.51396805555556" lon="142.43942305555555">
<ele>155</ele>
</trkpt>
<trkpt lat="42.51411805555556" lon="142.439535">
<ele>154</ele>
</trkpt>
<trkpt lat="42.51466805555555" lon="142.43949805555556">
<ele>160</ele>
</trkpt>
<trkpt lat="42.51533388888889" lon="142.43947305555557">
<ele>166</ele>
</trkpt>
<trkpt lat="42.51546805555556" lon="142.43951">
<ele>166</ele>
</trkpt>
<trkpt lat="42.519216944444445" lon="142.44177194444444">
<ele>194</ele>
</trkpt>
<trkpt lat="42.51991805555556" lon="142.44189694444444">
<ele>191</ele>
</trkpt>
<trkpt lat="42.52212611111111" lon="142.441985">
<ele>197</ele>
</trkpt>
<trkpt lat="42.52229194444445" lon="142.44196">
<ele>200</ele>
</trkpt>
<trkpt lat="42.52249194444445" lon="142.44189694444444">
<ele>203</ele>
</trkpt>
<trkpt lat="42.52285888888889" lon="142.44162194444445">
<ele>202</ele>
</trkpt>
<trkpt lat="42.52333388888889" lon="142.440985">
<ele>200</ele>
</trkpt>
<trkpt lat="42.52390888888889" lon="142.439935">
<ele>207</ele>
</trkpt>
<trkpt lat="42.524225" lon="142.439485">
<ele>208</ele>
</trkpt>
<trkpt lat="42.524591944444445" lon="142.43926">
<ele>211</ele>
</trkpt>
<trkpt lat="42.527433055555555" lon="142.438485">
<ele>227</ele>
</trkpt>
<trkpt lat="42.52786611111111" lon="142.438435">
<ele>225</ele>
</trkpt>
<trkpt lat="42.528575" lon="142.43862194444444">
<ele>223</ele>
</trkpt>
<trkpt lat="42.529108055555554" lon="142.438635">
<ele>228</ele>
</trkpt>
<trkpt lat="42.52976611111111" lon="142.43853388888888">
<ele>227</ele>
</trkpt>
<trkpt lat="42.53048305555556" lon="142.43843388888888">
<ele>223</ele>
</trkpt>
<trkpt lat="42.530608055555554" lon="142.4384088888889">
<ele>221</ele>
</trkpt>
<trkpt lat="42.531533055555556" lon="142.4382588888889">
<ele>211</ele>
</trkpt>
<trkpt lat="42.53171611111111" lon="142.43807194444443">
<ele>211</ele>
</trkpt>
<trkpt lat="42.53246611111111" lon="142.43694694444446">
<ele>204</ele>
</trkpt>
<trkpt lat="42.53268194444444" lon="142.43652194444445">
<ele>202</ele>
</trkpt>
<trkpt lat="42.53313305555555" lon="142.43452194444444">
<ele>192</ele>
</trkpt>
<trkpt lat="42.533166111111115" lon="142.43429694444444">
<ele>192</ele>
</trkpt>
<trkpt lat="42.53344111111111" lon="142.43251">
<ele>187</ele>
</trkpt>
<trkpt lat="42.53337194444445" lon="142.43225">
<ele>186</ele>
</trkpt>
<trkpt lat="42.53337194444445" lon="142.43225">
<ele>186</ele>
</trkpt>
<trkpt lat="42.53334888888889" lon="142.43216">
<ele>185</ele>
</trkpt>
<trkpt lat="42.53318194444444" lon="142.43186">
<ele>185</ele>
</trkpt>
<trkpt lat="42.532516111111114" lon="142.430935">
<ele>179</ele>
</trkpt>
<trkpt lat="42.532091111111114" lon="142.42936">
<ele>176</ele>
</trkpt>
<trkpt lat="42.531481944444444" lon="142.4265611111111">
<ele>166</ele>
</trkpt>
<trkpt lat="42.53131611111111" lon="142.4261611111111">
<ele>166</ele>
</trkpt>
<trkpt lat="42.529808055555556" lon="142.4243111111111">
<ele>160</ele>
</trkpt>
<trkpt lat="42.52881611111111" lon="142.4231988888889">
<ele>157</ele>
</trkpt>
<trkpt lat="42.528641111111114" lon="142.4229611111111">
<ele>157</ele>
</trkpt>
<trkpt lat="42.52845694444444" lon="142.4226988888889">
<ele>155</ele>
</trkpt>
<trkpt lat="42.52844888888889" lon="142.42256111111112">
<ele>155</ele>
</trkpt>
<trkpt lat="42.528481944444444" lon="142.4224111111111">
<ele>152</ele>
</trkpt>
<trkpt lat="42.52924888888889" lon="142.42043611111112">
<ele>146</ele>
</trkpt>
<trkpt lat="42.52957388888889" lon="142.41972388888888">
<ele>144</ele>
</trkpt>
<trkpt lat="42.52968194444444" lon="142.41928611111112">
<ele>142</ele>
</trkpt>
<trkpt lat="42.529716111111114" lon="142.4187988888889">
<ele>141</ele>
</trkpt>
<trkpt lat="42.52972388888889" lon="142.4180738888889">
<ele>140</ele>
</trkpt>
<trkpt lat="42.52968194444444" lon="142.4175238888889">
<ele>137</ele>
</trkpt>
<trkpt lat="42.52956611111111" lon="142.41699888888888">
<ele>137</ele>
</trkpt>
<trkpt lat="42.528641111111114" lon="142.41417388888888">
<ele>131</ele>
</trkpt>
<trkpt lat="42.52859111111111" lon="142.4140238888889">
<ele>130</ele>
</trkpt>
<trkpt lat="42.52849888888889" lon="142.4138738888889">
<ele>130</ele>
</trkpt>
<trkpt lat="42.528373888888886" lon="142.4137738888889">
<ele>130</ele>
</trkpt>
<trkpt lat="42.52817388888889" lon="142.41363694444445">
<ele>128</ele>
</trkpt>
<trkpt lat="42.52782388888889" lon="142.41341194444445">
<ele>128</ele>
</trkpt>
<trkpt lat="42.52774888888889" lon="142.41331194444444">
<ele>127</ele>
</trkpt>
<trkpt lat="42.52769888888889" lon="142.4131988888889">
<ele>127</ele>
</trkpt>
<trkpt lat="42.527631944444444" lon="142.41293694444445">
<ele>126</ele>
</trkpt>
<trkpt lat="42.52749111111111" lon="142.4120988888889">
<ele>125</ele>
</trkpt>
<trkpt lat="42.52739888888889" lon="142.41153694444444">
<ele>127</ele>
</trkpt>
<trkpt lat="42.527231944444445" lon="142.4067">
<ele>149</ele>
</trkpt>
<trkpt lat="42.52734888888889" lon="142.40598694444444">
<ele>151</ele>
</trkpt>
<trkpt lat="42.527656944444445" lon="142.40486305555555">
<ele>150</ele>
</trkpt>
<trkpt lat="42.52839888888889" lon="142.40248805555555">
<ele>149</ele>
</trkpt>
<trkpt lat="42.52862388888889" lon="142.40165">
<ele>148</ele>
</trkpt>
<trkpt lat="42.52892305555556" lon="142.40063805555556">
<ele>149</ele>
</trkpt>
<trkpt lat="42.52889805555556" lon="142.40021305555555">
<ele>149</ele>
</trkpt>
<trkpt lat="42.52864805555556" lon="142.39963805555556">
<ele>150</ele>
</trkpt>
<trkpt lat="42.527715" lon="142.39783805555555">
<ele>150</ele>
</trkpt>
<trkpt lat="42.52757388888889" lon="142.39746305555556">
<ele>150</ele>
</trkpt>
<trkpt lat="42.52628194444444" lon="142.3914388888889">
<ele>144</ele>
</trkpt>
<trkpt lat="42.52444805555555" lon="142.38287694444443">
<ele>130</ele>
</trkpt>
<trkpt lat="42.52424805555555" lon="142.38192694444444">
<ele>130</ele>
</trkpt>
<trkpt lat="42.523648055555554" lon="142.37909">
<ele>123</ele>
</trkpt>
<trkpt lat="42.52294805555555" lon="142.37575305555555">
<ele>121</ele>
</trkpt>
<trkpt lat="42.522623055555556" lon="142.37439">
<ele>123</ele>
</trkpt>
<trkpt lat="42.522115" lon="142.37297805555556">
<ele>117</ele>
</trkpt>
<trkpt lat="42.52149" lon="142.37125305555554">
<ele>104</ele>
</trkpt>
<trkpt lat="42.521256944444445" lon="142.3706161111111">
<ele>101</ele>
</trkpt>
<trkpt lat="42.52104805555555" lon="142.37015305555556">
<ele>106</ele>
</trkpt>
<trkpt lat="42.520831944444446" lon="142.36997805555555">
<ele>106</ele>
</trkpt>
<trkpt lat="42.518915" lon="142.3691288888889">
<ele>98</ele>
</trkpt>
<trkpt lat="42.51817388888889" lon="142.3680788888889">
<ele>96</ele>
</trkpt>
<trkpt lat="42.51639888888889" lon="142.3652538888889">
<ele>94</ele>
</trkpt>
<trkpt lat="42.51602388888889" lon="142.36477888888888">
<ele>92</ele>
</trkpt>
<trkpt lat="42.51555694444444" lon="142.36446694444444">
<ele>90</ele>
</trkpt>
<trkpt lat="42.515506944444446" lon="142.36444194444445">
<ele>90</ele>
</trkpt>
<trkpt lat="42.514873888888886" lon="142.36411694444445">
<ele>89</ele>
</trkpt>
<trkpt lat="42.513781944444446" lon="142.36356694444444">
<ele>91</ele>
</trkpt>
<trkpt lat="42.51334111111111" lon="142.36324194444444">
<ele>88</ele>
</trkpt>
<trkpt lat="42.51139111111111" lon="142.36048">
<ele>85</ele>
</trkpt>
<trkpt lat="42.51003305555555" lon="142.35848">
<ele>81</ele>
</trkpt>
<trkpt lat="42.509166111111114" lon="142.35734194444444">
<ele>81</ele>
</trkpt>
<trkpt lat="42.508783055555554" lon="142.35704305555555">
<ele>82</ele>
</trkpt>
<trkpt lat="42.50852388888889" lon="142.35693">
<ele>81</ele>
</trkpt>
<trkpt lat="42.50796611111111" lon="142.35689194444444">
<ele>80</ele>
</trkpt>
<trkpt lat="42.50749111111111" lon="142.35696694444445">
<ele>80</ele>
</trkpt>
<trkpt lat="42.50691611111111" lon="142.35719194444445">
<ele>79</ele>
</trkpt>
<trkpt lat="42.50611611111111" lon="142.357655">
<ele>77</ele>
</trkpt>
<trkpt lat="42.50564111111111" lon="142.35774305555555">
<ele>78</ele>
</trkpt>
<trkpt lat="42.50508305555555" lon="142.35771805555555">
<ele>79</ele>
</trkpt>
<trkpt lat="42.504533055555555" lon="142.35751805555554">
<ele>79</ele>
</trkpt>
<trkpt lat="42.504" lon="142.35733">
<ele>78</ele>
</trkpt>
<trkpt lat="42.50338305555555" lon="142.35709305555557">
<ele>76</ele>
</trkpt>
<trkpt lat="42.502541944444445" lon="142.35679305555556">
<ele>73</ele>
</trkpt>
<trkpt lat="42.502066944444444" lon="142.3565811111111">
<ele>70</ele>
</trkpt>
<trkpt lat="42.50179194444444" lon="142.35646805555555">
<ele>69</ele>
</trkpt>
<trkpt lat="42.501308055555555" lon="142.35625611111112">
<ele>71</ele>
</trkpt>
<trkpt lat="42.50115" lon="142.35613111111113">
<ele>72</ele>
</trkpt>
<trkpt lat="42.50105" lon="142.35601805555555">
<ele>73</ele>
</trkpt>
<trkpt lat="42.500858055555554" lon="142.35571805555554">
<ele>76</ele>
</trkpt>
<trkpt lat="42.500841944444446" lon="142.3554311111111">
<ele>76</ele>
</trkpt>
<trkpt lat="42.50183305555556" lon="142.3487438888889">
<ele>72</ele>
</trkpt>
<trkpt lat="42.501933055555554" lon="142.3484688888889">
<ele>73</ele>
</trkpt>
<trkpt lat="42.502541111111114" lon="142.3469438888889">
<ele>73</ele>
</trkpt>
<trkpt lat="42.50463305555556" lon="142.3418438888889">
<ele>62</ele>
</trkpt>
<trkpt lat="42.50474888888889" lon="142.3415688888889">
<ele>61</ele>
</trkpt>
<trkpt lat="42.50497388888889" lon="142.34135694444444">
<ele>60</ele>
</trkpt>
<trkpt lat="42.50522388888889" lon="142.34123194444444">
<ele>60</ele>
</trkpt>
<trkpt lat="42.506008055555554" lon="142.3409938888889">
<ele>60</ele>
</trkpt>
<trkpt lat="42.50742388888889" lon="142.34045694444444">
<ele>61</ele>
</trkpt>
<trkpt lat="42.50761" lon="142.34035">
<ele>61</ele>
</trkpt>
<trkpt lat="42.50761" lon="142.34035">
<ele>61</ele>
</trkpt>
<trkpt lat="42.50827388888889" lon="142.33996888888888">
<ele>62</ele>
</trkpt>
<trkpt lat="42.50879111111111" lon="142.33951888888888">
<ele>61</ele>
</trkpt>
<trkpt lat="42.509231944444444" lon="142.33894388888888">
<ele>62</ele>
</trkpt>
<trkpt lat="42.509431944444444" lon="142.33849388888888">
<ele>62</ele>
</trkpt>
<trkpt lat="42.50979888888889" lon="142.33703194444445">
<ele>63</ele>
</trkpt>
<trkpt lat="42.51002388888889" lon="142.33665694444446">
<ele>59</ele>
</trkpt>
<trkpt lat="42.51077388888889" lon="142.33585694444446">
<ele>56</ele>
</trkpt>
<trkpt lat="42.51298111111111" lon="142.33308194444444">
<ele>57</ele>
</trkpt>
<trkpt lat="42.51486388888889" lon="142.33038194444444">
<ele>52</ele>
</trkpt>
<trkpt lat="42.51513888888889" lon="142.32987">
<ele>52</ele>
</trkpt>
<trkpt lat="42.51560611111111" lon="142.32838194444443">
<ele>52</ele>
</trkpt>
<trkpt lat="42.51598111111111" lon="142.32668305555555">
<ele>51</ele>
</trkpt>
<trkpt lat="42.516131111111115" lon="142.32622">
<ele>51</ele>
</trkpt>
<trkpt lat="42.51641388888889" lon="142.325945">
<ele>51</ele>
</trkpt>
<trkpt lat="42.516871944444446" lon="142.325795">
<ele>53</ele>
</trkpt>
<trkpt lat="42.51701388888889" lon="142.32575805555555">
<ele>53</ele>
</trkpt>
<trkpt lat="42.517698055555556" lon="142.32575805555555">
<ele>52</ele>
</trkpt>
<trkpt lat="42.51755611111111" lon="142.32540805555556">
<ele>51</ele>
</trkpt>
<trkpt lat="42.517246944444445" lon="142.32440805555555">
<ele>53</ele>
</trkpt>
<trkpt lat="42.51553111111111" lon="142.31860805555556">
<ele>55</ele>
</trkpt>
<trkpt lat="42.51542194444445" lon="142.31838305555556">
<ele>55</ele>
</trkpt>
<trkpt lat="42.51528888888889" lon="142.31819611111112">
<ele>55</ele>
</trkpt>
<trkpt lat="42.51513111111111" lon="142.31805805555555">
<ele>55</ele>
</trkpt>
<trkpt lat="42.51468888888889" lon="142.31780805555556">
<ele>51</ele>
</trkpt>
<trkpt lat="42.514313888888886" lon="142.31765805555557">
<ele>50</ele>
</trkpt>
<trkpt lat="42.51399694444444" lon="142.3175961111111">
<ele>49</ele>
</trkpt>
<trkpt lat="42.51360611111111" lon="142.31750888888888">
<ele>48</ele>
</trkpt>
<trkpt lat="42.51333888888889" lon="142.3174838888889">
<ele>48</ele>
</trkpt>
<trkpt lat="42.51247305555555" lon="142.3173711111111">
<ele>49</ele>
</trkpt>
<trkpt lat="42.51208888888889" lon="142.31728388888888">
<ele>55</ele>
</trkpt>
<trkpt lat="42.51182305555555" lon="142.3172088888889">
<ele>56</ele>
</trkpt>
<trkpt lat="42.51153111111111" lon="142.3170961111111">
<ele>55</ele>
</trkpt>
<trkpt lat="42.51121388888889" lon="142.3169211111111">
<ele>56</ele>
</trkpt>
<trkpt lat="42.51089805555556" lon="142.31672111111112">
<ele>54</ele>
</trkpt>
<trkpt lat="42.510465" lon="142.31639611111112">
<ele>51</ele>
</trkpt>
<trkpt lat="42.51004805555556" lon="142.3159588888889">
<ele>49</ele>
</trkpt>
<trkpt lat="42.50982305555556" lon="142.31568388888888">
<ele>46</ele>
</trkpt>
<trkpt lat="42.50959" lon="142.3153838888889">
<ele>46</ele>
</trkpt>
<trkpt lat="42.509065" lon="142.31464694444443">
<ele>43</ele>
</trkpt>
<trkpt lat="42.508698055555556" lon="142.31414694444445">
<ele>52</ele>
</trkpt>
<trkpt lat="42.50754805555555" lon="142.3125588888889">
<ele>45</ele>
</trkpt>
<trkpt lat="42.50555694444444" lon="142.30984694444444">
<ele>44</ele>
</trkpt>
<trkpt lat="42.50254" lon="142.306235">
<ele>38</ele>
</trkpt>
<trkpt lat="42.501265" lon="142.30466">
<ele>38</ele>
</trkpt>
<trkpt lat="42.500973888888886" lon="142.30446">
<ele>38</ele>
</trkpt>
<trkpt lat="42.50067388888889" lon="142.30436111111112">
<ele>38</ele>
</trkpt>
<trkpt lat="42.49901611111111" lon="142.3043111111111">
<ele>39</ele>
</trkpt>
<trkpt lat="42.49799888888889" lon="142.30469805555555">
<ele>38</ele>
</trkpt>
<trkpt lat="42.49397388888889" lon="142.30569805555555">
<ele>38</ele>
</trkpt>
<trkpt lat="42.49359888888889" lon="142.30573611111112">
<ele>41</ele>
</trkpt>
<trkpt lat="42.49268305555555" lon="142.3056861111111">
<ele>41</ele>
</trkpt>
<trkpt lat="42.49203305555555" lon="142.30551111111112">
<ele>42</ele>
</trkpt>
<trkpt lat="42.491658055555554" lon="142.30538611111112">
<ele>43</ele>
</trkpt>
<trkpt lat="42.49044111111111" lon="142.3049611111111">
<ele>38</ele>
</trkpt>
<trkpt lat="42.489958055555554" lon="142.30482305555554">
<ele>37</ele>
</trkpt>
<trkpt lat="42.48960805555556" lon="142.3047611111111">
<ele>38</ele>
</trkpt>
<trkpt lat="42.487858055555556" lon="142.3046488888889">
<ele>36</ele>
</trkpt>
<trkpt lat="42.48750805555556" lon="142.30458611111112">
<ele>36</ele>
</trkpt>
<trkpt lat="42.48715888888889" lon="142.30446111111112">
<ele>37</ele>
</trkpt>
<trkpt lat="42.48605888888889" lon="142.30401111111112">
<ele>38</ele>
</trkpt>
<trkpt lat="42.48579194444444" lon="142.3039238888889">
<ele>38</ele>
</trkpt>
<trkpt lat="42.48555" lon="142.30389888888888">
<ele>38</ele>
</trkpt>
<trkpt lat="42.48528388888889" lon="142.3039611111111">
<ele>38</ele>
</trkpt>
<trkpt lat="42.48445111111111" lon="142.30436111111112">
<ele>35</ele>
</trkpt>
<trkpt lat="42.47971805555556" lon="142.3067111111111">
<ele>32</ele>
</trkpt>
<trkpt lat="42.479483888888886" lon="142.30684888888888">
<ele>32</ele>
</trkpt>
<trkpt lat="42.47934305555555" lon="142.3070238888889">
<ele>31</ele>
</trkpt>
<trkpt lat="42.47923388888889" lon="142.3072238888889">
<ele>29</ele>
</trkpt>
<trkpt lat="42.47887611111111" lon="142.30784888888888">
<ele>29</ele>
</trkpt>
<trkpt lat="42.47849305555555" lon="142.3085111111111">
<ele>30</ele>
</trkpt>
<trkpt lat="42.47830888888889" lon="142.30868611111111">
<ele>31</ele>
</trkpt>
<trkpt lat="42.47817611111111" lon="142.30877388888888">
<ele>31</ele>
</trkpt>
<trkpt lat="42.478051111111114" lon="142.3088361111111">
<ele>31</ele>
</trkpt>
<trkpt lat="42.47786" lon="142.30888611111112">
<ele>32</ele>
</trkpt>
<trkpt lat="42.47760111111111" lon="142.3089238888889">
<ele>33</ele>
</trkpt>
<trkpt lat="42.47436" lon="142.3092738888889">
<ele>32</ele>
</trkpt>
<trkpt lat="42.47389305555556" lon="142.3092988888889">
<ele>32</ele>
</trkpt>
<trkpt lat="42.471851944444445" lon="142.3090238888889">
<ele>30</ele>
</trkpt>
<trkpt lat="42.47135194444444" lon="142.3089361111111">
<ele>30</ele>
</trkpt>
<trkpt lat="42.47112694444444" lon="142.30888611111112">
<ele>30</ele>
</trkpt>
<trkpt lat="42.47089388888889" lon="142.30881194444444">
<ele>31</ele>
</trkpt>
<trkpt lat="42.47026" lon="142.3083488888889">
<ele>31</ele>
</trkpt>
<trkpt lat="42.469951944444446" lon="142.3081238888889">
<ele>30</ele>
</trkpt>
<trkpt lat="42.46956111111111" lon="142.30791194444444">
<ele>30</ele>
</trkpt>
<trkpt lat="42.46626888888889" lon="142.30643694444444">
<ele>28</ele>
</trkpt>
<trkpt lat="42.46597805555555" lon="142.30627388888888">
<ele>27</ele>
</trkpt>
<trkpt lat="42.465578055555554" lon="142.3058738888889">
<ele>26</ele>
</trkpt>
<trkpt lat="42.46461111111111" lon="142.30471194444445">
<ele>25</ele>
</trkpt>
<trkpt lat="42.46333611111111" lon="142.3032">
<ele>25</ele>
</trkpt>
<trkpt lat="42.46306111111111" lon="142.303">
<ele>25</ele>
</trkpt>
<trkpt lat="42.46267805555556" lon="142.30281194444444">
<ele>24</ele>
</trkpt>
<trkpt lat="42.459645" lon="142.3014">
<ele>26</ele>
</trkpt>
<trkpt lat="42.45740305555555" lon="142.29947611111112">
<ele>25</ele>
</trkpt>
<trkpt lat="42.45737111111111" lon="142.29944805555556">
<ele>25</ele>
</trkpt>
<trkpt lat="42.45737111111111" lon="142.29944805555556">
<ele>25</ele>
</trkpt>
<trkpt lat="42.456878055555556" lon="142.29902611111112">
<ele>25</ele>
</trkpt>
<trkpt lat="42.454495" lon="142.29710111111112">
<ele>22</ele>
</trkpt>
<trkpt lat="42.45426194444445" lon="142.29687611111112">
<ele>22</ele>
</trkpt>
<trkpt lat="42.45297" lon="142.2952011111111">
<ele>23</ele>
</trkpt>
<trkpt lat="42.45285388888889" lon="142.29506388888888">
<ele>23</ele>
</trkpt>
<trkpt lat="42.45267888888889" lon="142.2948638888889">
<ele>22</ele>
</trkpt>
<trkpt lat="42.45127111111111" lon="142.2938761111111">
<ele>20</ele>
</trkpt>
<trkpt lat="42.45082111111111" lon="142.2935511111111">
<ele>20</ele>
</trkpt>
<trkpt lat="42.45028694444444" lon="142.2931761111111">
<ele>23</ele>
</trkpt>
<trkpt lat="42.449221111111115" lon="142.2921638888889">
<ele>21</ele>
</trkpt>
<trkpt lat="42.448661944444446" lon="142.29157694444444">
<ele>20</ele>
</trkpt>
<trkpt lat="42.448278888888886" lon="142.2910138888889">
<ele>20</ele>
</trkpt>
<trkpt lat="42.44809611111111" lon="142.29057694444444">
<ele>20</ele>
</trkpt>
<trkpt lat="42.447921111111114" lon="142.28980194444443">
<ele>20</ele>
</trkpt>
<trkpt lat="42.44772888888889" lon="142.2887388888889">
<ele>20</ele>
</trkpt>
<trkpt lat="42.447536944444444" lon="142.28760194444445">
<ele>20</ele>
</trkpt>
<trkpt lat="42.44741194444445" lon="142.28655194444445">
<ele>20</ele>
</trkpt>
<trkpt lat="42.447386944444446" lon="142.286265">
<ele>19</ele>
</trkpt>
<trkpt lat="42.44717111111111" lon="142.28425194444443">
<ele>16</ele>
</trkpt>
<trkpt lat="42.44709611111111" lon="142.28362694444445">
<ele>17</ele>
</trkpt>
<trkpt lat="42.44697111111111" lon="142.282815">
<ele>17</ele>
</trkpt>
<trkpt lat="42.44681305555556" lon="142.282365">
<ele>18</ele>
</trkpt>
<trkpt lat="42.44659611111111" lon="142.28190305555555">
<ele>18</ele>
</trkpt>
<trkpt lat="42.444588055555556" lon="142.27795305555554">
<ele>19</ele>
</trkpt>
<trkpt lat="42.44165388888889" lon="142.27149111111112">
<ele>17</ele>
</trkpt>
<trkpt lat="42.439863055555556" lon="142.2675538888889">
<ele>17</ele>
</trkpt>
<trkpt lat="42.43948" lon="142.2667538888889">
<ele>17</ele>
</trkpt>
<trkpt lat="42.43928" lon="142.2663288888889">
<ele>17</ele>
</trkpt>
<trkpt lat="42.43588805555556" lon="142.2588288888889">
<ele>23</ele>
</trkpt>
<trkpt lat="42.435805" lon="142.2586038888889">
<ele>22</ele>
</trkpt>
<trkpt lat="42.433255" lon="142.25146694444445">
<ele>12</ele>
</trkpt>
<trkpt lat="42.43172194444445" lon="142.247055">
<ele>11</ele>
</trkpt>
<trkpt lat="42.43143805555555" lon="142.24626805555556">
<ele>12</ele>
</trkpt>
<trkpt lat="42.431355" lon="142.24604305555556">
<ele>12</ele>
</trkpt>
<trkpt lat="42.43071305555556" lon="142.24429305555554">
<ele>12</ele>
</trkpt>
<trkpt lat="42.42993" lon="142.2421811111111">
<ele>11</ele>
</trkpt>
<trkpt lat="42.428263055555554" lon="142.2376688888889">
<ele>10</ele>
</trkpt>
<trkpt lat="42.427413055555554" lon="142.2350438888889">
<ele>5</ele>
</trkpt>
<trkpt lat="42.42684694444444" lon="142.23329388888888">
<ele>5</ele>
</trkpt>
<trkpt lat="42.426563055555555" lon="142.23258194444443">
<ele>5</ele>
</trkpt>
<trkpt lat="42.42668805555556" lon="142.23223194444444">
<ele>6</ele>
</trkpt>
<trkpt lat="42.42668" lon="142.23171888888888">
<ele>6</ele>
</trkpt>
<trkpt lat="42.42651305555555" lon="142.2300438888889">
<ele>6</ele>
</trkpt>
<trkpt lat="42.42639694444444" lon="142.22858194444444">
<ele>5</ele>
</trkpt>
<trkpt lat="42.426355" lon="142.22818194444446">
<ele>5</ele>
</trkpt>
<trkpt lat="42.42628" lon="142.22738194444443">
<ele>5</ele>
</trkpt>
<trkpt lat="42.42623805555556" lon="142.22700694444444">
<ele>5</ele>
</trkpt>
<trkpt lat="42.42622194444444" lon="142.22670694444443">
<ele>5</ele>
</trkpt>
<trkpt lat="42.42613" lon="142.22575694444444">
<ele>5</ele>
</trkpt>
<trkpt lat="42.42608" lon="142.225195">
<ele>5</ele>
</trkpt>
<trkpt lat="42.425871944444445" lon="142.223195">
<ele>3</ele>
</trkpt>
<trkpt lat="42.425446944444445" lon="142.22380694444445">
<ele>3</ele>
</trkpt>
<trkpt lat="42.42473805555556" lon="142.22482">
<ele>4</ele>
</trkpt>
<trkpt lat="42.42408" lon="142.22575694444444">
<ele>5</ele>
</trkpt>
<trkpt lat="42.42402194444445" lon="142.22583194444445">
<ele>5</ele>
</trkpt>
<trkpt lat="42.423605" lon="142.22633194444444">
<ele>5</ele>
</trkpt>
<trkpt lat="42.42268" lon="142.22683194444446">
<ele>5</ele>
</trkpt>
<trkpt lat="42.421146944444445" lon="142.22753194444445">
<ele>5</ele>
</trkpt>
<trkpt lat="42.42050611111111" lon="142.22780694444444">
<ele>14</ele>
</trkpt>
<trkpt lat="42.41974805555556" lon="142.22815194444445">
<ele>20</ele>
</trkpt>
<trkpt lat="42.41974805555556" lon="142.22815194444445">
<ele>20</ele>
</trkpt>
<trkpt lat="42.41921388888889" lon="142.228395">
<ele>24</ele>
</trkpt>
<trkpt lat="42.417771944444446" lon="142.22905694444444">
<ele>29</ele>
</trkpt>
<trkpt lat="42.41715611111111" lon="142.229345">
<ele>39</ele>
</trkpt>
<trkpt lat="42.416823055555554" lon="142.22967">
<ele>49</ele>
</trkpt>
<trkpt lat="42.416581111111114" lon="142.23003194444445">
<ele>47</ele>
</trkpt>
<trkpt lat="42.414565" lon="142.23447">
<ele>51</ele>
</trkpt>
<trkpt lat="42.414415" lon="142.23515694444444">
<ele>51</ele>
</trkpt>
<trkpt lat="42.41385694444445" lon="142.23833194444444">
<ele>51</ele>
</trkpt>
<trkpt lat="42.413581944444445" lon="142.24030694444446">
<ele>53</ele>
</trkpt>
<trkpt lat="42.41339" lon="142.24115694444444">
<ele>56</ele>
</trkpt>
<trkpt lat="42.41303194444444" lon="142.24210694444446">
<ele>57</ele>
</trkpt>
<trkpt lat="42.41265694444444" lon="142.2427438888889">
<ele>56</ele>
</trkpt>
<trkpt lat="42.412081944444445" lon="142.24358194444446">
<ele>54</ele>
</trkpt>
<trkpt lat="42.40991611111111" lon="142.2462688888889">
<ele>52</ele>
</trkpt>
<trkpt lat="42.40958194444445" lon="142.2466938888889">
<ele>54</ele>
</trkpt>
<trkpt lat="42.40642388888889" lon="142.2505561111111">
<ele>58</ele>
</trkpt>
<trkpt lat="42.40617388888889" lon="142.2507688888889">
<ele>57</ele>
</trkpt>
<trkpt lat="42.40580805555555" lon="142.25108111111112">
<ele>52</ele>
</trkpt>
<trkpt lat="42.40225" lon="142.2533938888889">
<ele>61</ele>
</trkpt>
<trkpt lat="42.40145805555556" lon="142.2539438888889">
<ele>58</ele>
</trkpt>
<trkpt lat="42.40009194444445" lon="142.2549561111111">
<ele>51</ele>
</trkpt>
<trkpt lat="42.39925888888889" lon="142.2556561111111">
<ele>44</ele>
</trkpt>
<trkpt lat="42.39863388888889" lon="142.25630611111112">
<ele>46</ele>
</trkpt>
<trkpt lat="42.39819194444444" lon="142.2567938888889">
<ele>37</ele>
</trkpt>
<trkpt lat="42.398041944444444" lon="142.25698111111112">
<ele>37</ele>
</trkpt>
<trkpt lat="42.39675888888889" lon="142.2589311111111">
<ele>23</ele>
</trkpt>
<trkpt lat="42.396616944444446" lon="142.25911888888888">
<ele>21</ele>
</trkpt>
<trkpt lat="42.39550111111111" lon="142.2600561111111">
<ele>12</ele>
</trkpt>
<trkpt lat="42.39498388888889" lon="142.2606811111111">
<ele>4</ele>
</trkpt>
<trkpt lat="42.39313388888889" lon="142.2630188888889">
<ele>8</ele>
</trkpt>
<trkpt lat="42.39266805555555" lon="142.2636938888889">
<ele>9</ele>
</trkpt>
<trkpt lat="42.39220888888889" lon="142.2643438888889">
<ele>7</ele>
</trkpt>
<trkpt lat="42.39118388888889" lon="142.26599305555555">
<ele>7</ele>
</trkpt>
<trkpt lat="42.391018055555556" lon="142.26623111111113">
<ele>9</ele>
</trkpt>
<trkpt lat="42.39075111111111" lon="142.2665311111111">
<ele>7</ele>
</trkpt>
<trkpt lat="42.389935" lon="142.26736805555555">
<ele>7</ele>
</trkpt>
<trkpt lat="42.38921805555555" lon="142.26821805555556">
<ele>7</ele>
</trkpt>
<trkpt lat="42.38745194444444" lon="142.26998111111112">
<ele>9</ele>
</trkpt>
<trkpt lat="42.38594388888889" lon="142.27141805555556">
<ele>7</ele>
</trkpt>
<trkpt lat="42.38534388888889" lon="142.27211805555555">
<ele>9</ele>
</trkpt>
<trkpt lat="42.384926944444445" lon="142.2726811111111">
<ele>16</ele>
</trkpt>
<trkpt lat="42.384793888888886" lon="142.2728811111111">
<ele>15</ele>
</trkpt>
<trkpt lat="42.38304388888889" lon="142.27691805555557">
<ele>15</ele>
</trkpt>
<trkpt lat="42.382868888888886" lon="142.277255">
<ele>13</ele>
</trkpt>
<trkpt lat="42.38266888888889" lon="142.27754305555555">
<ele>12</ele>
</trkpt>
<trkpt lat="42.38238611111111" lon="142.27796805555556">
<ele>8</ele>
</trkpt>
<trkpt lat="42.382103055555554" lon="142.27831805555556">
<ele>7</ele>
</trkpt>
<trkpt lat="42.381793888888886" lon="142.27854305555556">
<ele>6</ele>
</trkpt>
<trkpt lat="42.38139388888889" lon="142.27876805555556">
<ele>10</ele>
</trkpt>
<trkpt lat="42.38101888888889" lon="142.278905">
<ele>15</ele>
</trkpt>
<trkpt lat="42.37896111111111" lon="142.27961805555555">
<ele>17</ele>
</trkpt>
<trkpt lat="42.37863611111111" lon="142.279755">
<ele>16</ele>
</trkpt>
<trkpt lat="42.37829388888889" lon="142.279905">
<ele>17</ele>
</trkpt>
<trkpt lat="42.377245" lon="142.28044305555557">
<ele>9</ele>
</trkpt>
<trkpt lat="42.37718611111111" lon="142.28049305555555">
<ele>9</ele>
</trkpt>
<trkpt lat="42.37650305555555" lon="142.280955">
<ele>8</ele>
</trkpt>
<trkpt lat="42.37607" lon="142.281355">
<ele>8</ele>
</trkpt>
<trkpt lat="42.37582" lon="142.28158">
<ele>8</ele>
</trkpt>
<trkpt lat="42.37557" lon="142.28188">
<ele>8</ele>
</trkpt>
<trkpt lat="42.37540305555556" lon="142.28209305555555">
<ele>8</ele>
</trkpt>
<trkpt lat="42.37486194444445" lon="142.28279305555554">
<ele>8</ele>
</trkpt>
<trkpt lat="42.374045" lon="142.283905">
<ele>8</ele>
</trkpt>
<trkpt lat="42.37327805555555" lon="142.284905">
<ele>8</ele>
</trkpt>
<trkpt lat="42.37271194444445" lon="142.285805">
<ele>8</ele>
</trkpt>
<trkpt lat="42.37248694444445" lon="142.28626694444444">
<ele>8</ele>
</trkpt>
<trkpt lat="42.36960388888889" lon="142.29253">
<ele>8</ele>
</trkpt>
<trkpt lat="42.369436944444445" lon="142.29306694444443">
<ele>13</ele>
</trkpt>
<trkpt lat="42.36938694444444" lon="142.2935038888889">
<ele>16</ele>
</trkpt>
<trkpt lat="42.36938694444444" lon="142.2941538888889">
<ele>18</ele>
</trkpt>
<trkpt lat="42.36944611111111" lon="142.29445388888888">
<ele>18</ele>
</trkpt>
<trkpt lat="42.36953694444444" lon="142.29480388888888">
<ele>17</ele>
</trkpt>
<trkpt lat="42.36971194444445" lon="142.2952288888889">
<ele>18</ele>
</trkpt>
<trkpt lat="42.36997888888889" lon="142.29559194444445">
<ele>17</ele>
</trkpt>
<trkpt lat="42.373445" lon="142.29885388888889">
<ele>24</ele>
</trkpt>
<trkpt lat="42.37358694444445" lon="142.29899111111112">
<ele>26</ele>
</trkpt>
<trkpt lat="42.374245" lon="142.2996038888889">
<ele>29</ele>
</trkpt>
<trkpt lat="42.374586944444445" lon="142.2999411111111">
<ele>29</ele>
</trkpt>
<trkpt lat="42.37488694444444" lon="142.3002788888889">
<ele>29</ele>
</trkpt>
<trkpt lat="42.37517888888889" lon="142.3006538888889">
<ele>35</ele>
</trkpt>
<trkpt lat="42.375395" lon="142.30101611111112">
<ele>38</ele>
</trkpt>
<trkpt lat="42.375545" lon="142.3013038888889">
<ele>37</ele>
</trkpt>
<trkpt lat="42.37567" lon="142.3016411111111">
<ele>36</ele>
</trkpt>
<trkpt lat="42.37577" lon="142.30206611111112">
<ele>34</ele>
</trkpt>
<trkpt lat="42.37582" lon="142.3024661111111">
<ele>36</ele>
</trkpt>
<trkpt lat="42.37585388888889" lon="142.30296611111112">
<ele>37</ele>
</trkpt>
<trkpt lat="42.37582888888889" lon="142.30337805555556">
<ele>38</ele>
</trkpt>
<trkpt lat="42.37562" lon="142.30487805555555">
<ele>35</ele>
</trkpt>
<trkpt lat="42.375503888888886" lon="142.3057411111111">
<ele>33</ele>
</trkpt>
<trkpt lat="42.37535388888889" lon="142.30677805555555">
<ele>32</ele>
</trkpt>
<trkpt lat="42.375236944444445" lon="142.30722805555556">
<ele>33</ele>
</trkpt>
<trkpt lat="42.375045" lon="142.30769">
<ele>25</ele>
</trkpt>
<trkpt lat="42.374895" lon="142.308015">
<ele>24</ele>
</trkpt>
<trkpt lat="42.37467111111111" lon="142.30832805555556">
<ele>23</ele>
</trkpt>
<trkpt lat="42.37445388888889" lon="142.30852805555554">
<ele>20</ele>
</trkpt>
<trkpt lat="42.37421194444445" lon="142.30869">
<ele>19</ele>
</trkpt>
<trkpt lat="42.37397111111111" lon="142.30879">
<ele>18</ele>
</trkpt>
<trkpt lat="42.37372111111111" lon="142.30887805555557">
<ele>16</ele>
</trkpt>
<trkpt lat="42.37341194444444" lon="142.30894">
<ele>15</ele>
</trkpt>
<trkpt lat="42.37314611111111" lon="142.30895305555555">
<ele>16</ele>
</trkpt>
<trkpt lat="42.37287888888889" lon="142.30894">
<ele>17</ele>
</trkpt>
<trkpt lat="42.37272111111111" lon="142.30892805555555">
<ele>17</ele>
</trkpt>
<trkpt lat="42.372571111111114" lon="142.30887805555557">
<ele>17</ele>
</trkpt>
<trkpt lat="42.37242111111111" lon="142.3088161111111">
<ele>16</ele>
</trkpt>
<trkpt lat="42.37182888888889" lon="142.30840305555554">
<ele>15</ele>
</trkpt>
<trkpt lat="42.37056194444445" lon="142.3076411111111">
<ele>9</ele>
</trkpt>
<trkpt lat="42.37032111111111" lon="142.30760305555555">
<ele>9</ele>
</trkpt>
<trkpt lat="42.37005388888889" lon="142.30770305555555">
<ele>8</ele>
</trkpt>
<trkpt lat="42.36980388888889" lon="142.3079911111111">
<ele>7</ele>
</trkpt>
<trkpt lat="42.369613055555554" lon="142.30822805555556">
<ele>6</ele>
</trkpt>
<trkpt lat="42.368096111111115" lon="142.31012805555557">
<ele>3</ele>
</trkpt>
<trkpt lat="42.368003888888886" lon="142.3102411111111">
<ele>3</ele>
</trkpt>
<trkpt lat="42.36694611111111" lon="142.3115161111111">
<ele>3</ele>
</trkpt>
<trkpt lat="42.36662111111111" lon="142.31190305555555">
<ele>4</ele>
</trkpt>
<trkpt lat="42.36647111111111" lon="142.31207805555556">
<ele>4</ele>
</trkpt>
<trkpt lat="42.365138055555555" lon="142.31370305555555">
<ele>5</ele>
</trkpt>
<trkpt lat="42.364905" lon="142.31390305555556">
<ele>6</ele>
</trkpt>
<trkpt lat="42.36434694444444" lon="142.31425305555555">
<ele>6</ele>
</trkpt>
<trkpt lat="42.36418" lon="142.31434">
<ele>7</ele>
</trkpt>
<trkpt lat="42.36367194444444" lon="142.31462805555554">
<ele>7</ele>
</trkpt>
<trkpt lat="42.362805" lon="142.315065">
<ele>8</ele>
</trkpt>
<trkpt lat="42.36239694444444" lon="142.31527805555555">
<ele>8</ele>
</trkpt>
<trkpt lat="42.361938888888886" lon="142.31552805555555">
<ele>9</ele>
</trkpt>
<trkpt lat="42.36181388888889" lon="142.31560305555556">
<ele>9</ele>
</trkpt>
<trkpt lat="42.36087194444445" lon="142.31610305555554">
<ele>9</ele>
</trkpt>
<trkpt lat="42.360796944444445" lon="142.31615305555556">
<ele>9</ele>
</trkpt>
<trkpt lat="42.35966388888889" lon="142.31672805555556">
<ele>9</ele>
</trkpt>
<trkpt lat="42.358421944444444" lon="142.3173661111111">
<ele>8</ele>
</trkpt>
<trkpt lat="42.35834805555555" lon="142.31740305555556">
<ele>8</ele>
</trkpt>
<trkpt lat="42.35809805555556" lon="142.3175411111111">
<ele>8</ele>
</trkpt>
<trkpt lat="42.35695611111111" lon="142.31814111111112">
<ele>8</ele>
</trkpt>
<trkpt lat="42.35678111111111" lon="142.3182911111111">
<ele>9</ele>
</trkpt>
<trkpt lat="42.35664805555555" lon="142.31846611111112">
<ele>9</ele>
</trkpt>
<trkpt lat="42.35611388888889" lon="142.3193411111111">
<ele>18</ele>
</trkpt>
<trkpt lat="42.35593111111111" lon="142.319665">
<ele>14</ele>
</trkpt>
<trkpt lat="42.355088888888886" lon="142.32109">
<ele>11</ele>
</trkpt>
<trkpt lat="42.35503111111111" lon="142.32117805555555">
<ele>11</ele>
</trkpt>
<trkpt lat="42.35353111111111" lon="142.32285305555556">
<ele>11</ele>
</trkpt>
<trkpt lat="42.35172305555555" lon="142.32494">
<ele>14</ele>
</trkpt>
<trkpt lat="42.35154" lon="142.32517805555557">
<ele>14</ele>
</trkpt>
<trkpt lat="42.34928194444444" lon="142.32844">
<ele>13</ele>
</trkpt>
<trkpt lat="42.34820694444444" lon="142.33019">
<ele>13</ele>
</trkpt>
<trkpt lat="42.34535694444445" lon="142.33482694444444">
<ele>6</ele>
</trkpt>
<trkpt lat="42.34399111111111" lon="142.33720194444444">
<ele>7</ele>
</trkpt>
<trkpt lat="42.34373305555555" lon="142.337715">
<ele>6</ele>
</trkpt>
<trkpt lat="42.34346611111111" lon="142.338415">
<ele>6</ele>
</trkpt>
<trkpt lat="42.342725" lon="142.34100194444446">
<ele>5</ele>
</trkpt>
<trkpt lat="42.342258055555554" lon="142.3426888888889">
<ele>4</ele>
</trkpt>
<trkpt lat="42.341925" lon="142.3439138888889">
<ele>6</ele>
</trkpt>
<trkpt lat="42.3415" lon="142.34545194444445">
<ele>6</ele>
</trkpt>
<trkpt lat="42.34145" lon="142.3456138888889">
<ele>6</ele>
</trkpt>
<trkpt lat="42.3413" lon="142.34620194444443">
<ele>6</ele>
</trkpt>
<trkpt lat="42.34124194444444" lon="142.34660194444444">
<ele>6</ele>
</trkpt>
<trkpt lat="42.341225" lon="142.34677694444446">
<ele>7</ele>
</trkpt>
<trkpt lat="42.341225" lon="142.34700194444446">
<ele>7</ele>
</trkpt>
<trkpt lat="42.341233055555556" lon="142.34727694444445">
<ele>8</ele>
</trkpt>
<trkpt lat="42.34130805555556" lon="142.3481888888889">
<ele>7</ele>
</trkpt>
<trkpt lat="42.341541944444444" lon="142.3510638888889">
<ele>11</ele>
</trkpt>
<trkpt lat="42.341591944444446" lon="142.35166388888888">
<ele>12</ele>
</trkpt>
<trkpt lat="42.34165" lon="142.3523138888889">
<ele>14</ele>
</trkpt>
<trkpt lat="42.341658055555556" lon="142.3524138888889">
<ele>13</ele>
</trkpt>
<trkpt lat="42.341833055555554" lon="142.35437611111112">
<ele>9</ele>
</trkpt>
<trkpt lat="42.342" lon="142.35616305555556">
<ele>9</ele>
</trkpt>
<trkpt lat="42.342041944444446" lon="142.3566761111111">
<ele>8</ele>
</trkpt>
<trkpt lat="42.34216694444444" lon="142.35816305555556">
<ele>9</ele>
</trkpt>
<trkpt lat="42.342225" lon="142.35878805555555">
<ele>9</ele>
</trkpt>
<trkpt lat="42.34225" lon="142.35911305555555">
<ele>9</ele>
</trkpt>
<trkpt lat="42.34235" lon="142.3602511111111">
<ele>8</ele>
</trkpt>
<trkpt lat="42.34233388888889" lon="142.3605761111111">
<ele>8</ele>
</trkpt>
<trkpt lat="42.3423" lon="142.36093805555555">
<ele>8</ele>
</trkpt>
<trkpt lat="42.342191944444444" lon="142.3614761111111">
<ele>8</ele>
</trkpt>
<trkpt lat="42.342058888888886" lon="142.36188805555557">
<ele>8</ele>
</trkpt>
<trkpt lat="42.341975" lon="142.36211305555557">
<ele>7</ele>
</trkpt>
<trkpt lat="42.3418" lon="142.3624511111111">
<ele>7</ele>
</trkpt>
<trkpt lat="42.34178388888889" lon="142.3625011111111">
<ele>7</ele>
</trkpt>
<trkpt lat="42.34155111111111" lon="142.3628261111111">
<ele>7</ele>
</trkpt>
<trkpt lat="42.34110111111111" lon="142.363475">
<ele>6</ele>
</trkpt>
<trkpt lat="42.34090111111111" lon="142.36378805555555">
<ele>6</ele>
</trkpt>
<trkpt lat="42.34079194444445" lon="142.36396305555556">
<ele>6</ele>
</trkpt>
<trkpt lat="42.34059194444445" lon="142.36425">
<ele>6</ele>
</trkpt>
<trkpt lat="42.340333888888885" lon="142.3646">
<ele>5</ele>
</trkpt>
<trkpt lat="42.34007611111111" lon="142.36485">
<ele>5</ele>
</trkpt>
<trkpt lat="42.34002611111111" lon="142.36488805555555">
<ele>5</ele>
</trkpt>
<trkpt lat="42.33985888888889" lon="142.365025">
<ele>5</ele>
</trkpt>
<trkpt lat="42.33955888888889" lon="142.36518805555556">
<ele>5</ele>
</trkpt>
<trkpt lat="42.339376111111115" lon="142.36526305555554">
<ele>5</ele>
</trkpt>
<trkpt lat="42.33812611111111" lon="142.36572611111112">
<ele>2</ele>
</trkpt>
<trkpt lat="42.337226111111114" lon="142.3660011111111">
<ele>3</ele>
</trkpt>
<trkpt lat="42.33660888888889" lon="142.36643805555556">
<ele>4</ele>
</trkpt>
<trkpt lat="42.336593055555554" lon="142.3664511111111">
<ele>4</ele>
</trkpt>
<trkpt lat="42.33631805555556" lon="142.36668805555556">
<ele>4</ele>
</trkpt>
<trkpt lat="42.33630111111111" lon="142.3667011111111">
<ele>4</ele>
</trkpt>
<trkpt lat="42.33589305555556" lon="142.3671261111111">
<ele>4</ele>
</trkpt>
<trkpt lat="42.33565111111111" lon="142.36743805555557">
<ele>4</ele>
</trkpt>
<trkpt lat="42.33530888888889" lon="142.36783805555555">
<ele>4</ele>
</trkpt>
<trkpt lat="42.33519305555556" lon="142.36796305555555">
<ele>4</ele>
</trkpt>
<trkpt lat="42.33482611111111" lon="142.3683761111111">
<ele>4</ele>
</trkpt>
<trkpt lat="42.33466" lon="142.3685011111111">
<ele>4</ele>
</trkpt>
<trkpt lat="42.33447611111111" lon="142.3686011111111">
<ele>3</ele>
</trkpt>
<trkpt lat="42.334268055555555" lon="142.36866305555554">
<ele>3</ele>
</trkpt>
<trkpt lat="42.33411805555556" lon="142.36868805555557">
<ele>3</ele>
</trkpt>
<trkpt lat="42.333668055555556" lon="142.3687261111111">
<ele>3</ele>
</trkpt>
<trkpt lat="42.33326" lon="142.36875111111112">
<ele>3</ele>
</trkpt>
<trkpt lat="42.33215194444445" lon="142.36878805555557">
<ele>2</ele>
</trkpt>
<trkpt lat="42.332101944444446" lon="142.36878805555557">
<ele>1</ele>
</trkpt>
<trkpt lat="42.32935194444445" lon="142.36888805555554">
<ele>6</ele>
</trkpt>
<trkpt lat="42.328826944444444" lon="142.3689511111111">
<ele>6</ele>
</trkpt>
<trkpt lat="42.32852694444444" lon="142.3690261111111">
<ele>8</ele>
</trkpt>
<trkpt lat="42.32836" lon="142.36908805555555">
<ele>8</ele>
</trkpt>
<trkpt lat="42.328251944444446" lon="142.36913805555557">
<ele>8</ele>
</trkpt>
<trkpt lat="42.328001944444445" lon="142.3692511111111">
<ele>9</ele>
</trkpt>
<trkpt lat="42.32765194444445" lon="142.36953805555555">
<ele>8</ele>
</trkpt>
<trkpt lat="42.32746888888889" lon="142.36973805555556">
<ele>9</ele>
</trkpt>
<trkpt lat="42.32701888888889" lon="142.37035111111112">
<ele>7</ele>
</trkpt>
<trkpt lat="42.326636111111114" lon="142.37086305555556">
<ele>6</ele>
</trkpt>
<trkpt lat="42.32633611111111" lon="142.37126305555554">
<ele>7</ele>
</trkpt>
<trkpt lat="42.325476944444446" lon="142.3725511111111">
<ele>7</ele>
</trkpt>
<trkpt lat="42.32486111111111" lon="142.3735761111111">
<ele>11</ele>
</trkpt>
<trkpt lat="42.32466111111111" lon="142.37401305555557">
<ele>10</ele>
</trkpt>
<trkpt lat="42.32436111111111" lon="142.37488805555554">
<ele>11</ele>
</trkpt>
<trkpt lat="42.32421111111111" lon="142.37541305555555">
<ele>9</ele>
</trkpt>
<trkpt lat="42.323861111111114" lon="142.37683805555557">
<ele>10</ele>
</trkpt>
<trkpt lat="42.323728055555556" lon="142.3773011111111">
<ele>10</ele>
</trkpt>
<trkpt lat="42.32342805555555" lon="142.3780761111111">
<ele>10</ele>
</trkpt>
<trkpt lat="42.32324388888889" lon="142.37846305555556">
<ele>14</ele>
</trkpt>
<trkpt lat="42.32273611111111" lon="142.379425">
<ele>11</ele>
</trkpt>
<trkpt lat="42.32053694444444" lon="142.3834">
<ele>13</ele>
</trkpt>
<trkpt lat="42.320053055555555" lon="142.38435">
<ele>15</ele>
</trkpt>
<trkpt lat="42.31963694444445" lon="142.38525">
<ele>15</ele>
</trkpt>
<trkpt lat="42.31797888888889" lon="142.3882">
<ele>15</ele>
</trkpt>
<trkpt lat="42.31781194444444" lon="142.388675">
<ele>17</ele>
</trkpt>
<trkpt lat="42.31760388888889" lon="142.38953805555556">
<ele>14</ele>
</trkpt>
<trkpt lat="42.31742888888889" lon="142.39035">
<ele>12</ele>
</trkpt>
<trkpt lat="42.31736194444444" lon="142.39075">
<ele>14</ele>
</trkpt>
<trkpt lat="42.31732111111111" lon="142.39126305555556">
<ele>9</ele>
</trkpt>
<trkpt lat="42.31732888888889" lon="142.3926">
<ele>5</ele>
</trkpt>
<trkpt lat="42.31719611111111" lon="142.393525">
<ele>5</ele>
</trkpt>
<trkpt lat="42.316811944444446" lon="142.394725">
<ele>8</ele>
</trkpt>
<trkpt lat="42.31428805555556" lon="142.40092388888888">
<ele>7</ele>
</trkpt>
<trkpt lat="42.31377111111111" lon="142.40207388888888">
<ele>5</ele>
</trkpt>
<trkpt lat="42.31340388888889" lon="142.4028238888889">
<ele>5</ele>
</trkpt>
<trkpt lat="42.313155" lon="142.40319888888888">
<ele>6</ele>
</trkpt>
<trkpt lat="42.312846111111114" lon="142.4034988888889">
<ele>8</ele>
</trkpt>
<trkpt lat="42.31173" lon="142.4040738888889">
<ele>8</ele>
</trkpt>
<trkpt lat="42.31129611111111" lon="142.40442388888889">
<ele>8</ele>
</trkpt>
<trkpt lat="42.31104694444444" lon="142.4047488888889">
<ele>8</ele>
</trkpt>
<trkpt lat="42.31086305555556" lon="142.40511194444446">
<ele>8</ele>
</trkpt>
<trkpt lat="42.31071305555555" lon="142.4057238888889">
<ele>8</ele>
</trkpt>
<trkpt lat="42.31068" lon="142.40858694444444">
<ele>7</ele>
</trkpt>
<trkpt lat="42.31069111111111" lon="142.41091305555557">
<ele>7</ele>
</trkpt>
<trkpt lat="42.31069111111111" lon="142.41091305555557">
<ele>7</ele>
</trkpt>
<trkpt lat="42.31070888888889" lon="142.41498">
<ele>7</ele>
</trkpt>
<trkpt lat="42.31073888888889" lon="142.42137305555556">
<ele>6</ele>
</trkpt>
<trkpt lat="42.31073888888889" lon="142.4217361111111">
<ele>7</ele>
</trkpt>
<trkpt lat="42.31077194444445" lon="142.42224805555554">
<ele>7</ele>
</trkpt>
<trkpt lat="42.31098111111111" lon="142.42391111111112">
<ele>8</ele>
</trkpt>
<trkpt lat="42.31103111111111" lon="142.4246361111111">
<ele>9</ele>
</trkpt>
<trkpt lat="42.310988888888886" lon="142.42504805555555">
<ele>12</ele>
</trkpt>
<trkpt lat="42.31088111111111" lon="142.4253611111111">
<ele>14</ele>
</trkpt>
<trkpt lat="42.31070611111111" lon="142.42573611111112">
<ele>11</ele>
</trkpt>
<trkpt lat="42.31068111111111" lon="142.42579805555556">
<ele>11</ele>
</trkpt>
<trkpt lat="42.31051388888889" lon="142.4261611111111">
<ele>9</ele>
</trkpt>
<trkpt lat="42.31010611111111" lon="142.42698611111112">
<ele>6</ele>
</trkpt>
<trkpt lat="42.30998888888889" lon="142.42722305555554">
<ele>5</ele>
</trkpt>
<trkpt lat="42.30992194444445" lon="142.42749805555556">
<ele>5</ele>
</trkpt>
<trkpt lat="42.30948111111111" lon="142.43054805555556">
<ele>4</ele>
</trkpt>
<trkpt lat="42.308838888888886" lon="142.43502305555555">
<ele>3</ele>
</trkpt>
<trkpt lat="42.30875611111111" lon="142.43556">
<ele>5</ele>
</trkpt>
<trkpt lat="42.308523055555554" lon="142.43719694444445">
<ele>8</ele>
</trkpt>
<trkpt lat="42.30848888888889" lon="142.43731">
<ele>7</ele>
</trkpt>
<trkpt lat="42.30836388888889" lon="142.43769805555556">
<ele>7</ele>
</trkpt>
<trkpt lat="42.30793888888889" lon="142.43899694444445">
<ele>5</ele>
</trkpt>
<trkpt lat="42.306565" lon="142.44251">
<ele>7</ele>
</trkpt>
<trkpt lat="42.30513194444445" lon="142.44642194444444">
<ele>6</ele>
</trkpt>
<trkpt lat="42.304606944444444" lon="142.44794694444445">
<ele>6</ele>
</trkpt>
<trkpt lat="42.304231944444446" lon="142.44892194444444">
<ele>6</ele>
</trkpt>
<trkpt lat="42.30367388888889" lon="142.45039694444444">
<ele>6</ele>
</trkpt>
<trkpt lat="42.30359888888889" lon="142.45057194444445">
<ele>6</ele>
</trkpt>
<trkpt lat="42.30307388888889" lon="142.45189694444446">
<ele>6</ele>
</trkpt>
<trkpt lat="42.30298194444445" lon="142.45207194444444">
<ele>5</ele>
</trkpt>
<trkpt lat="42.30281611111111" lon="142.45235888888888">
<ele>6</ele>
</trkpt>
<trkpt lat="42.30259111111111" lon="142.45269694444445">
<ele>5</ele>
</trkpt>
<trkpt lat="42.30239111111111" lon="142.45299694444444">
<ele>4</ele>
</trkpt>
<trkpt lat="42.30189111111111" lon="142.45347194444443">
<ele>4</ele>
</trkpt>
<trkpt lat="42.30187388888889" lon="142.45348388888888">
<ele>4</ele>
</trkpt>
<trkpt lat="42.30177388888889" lon="142.4535338888889">
<ele>4</ele>
</trkpt>
<trkpt lat="42.301566111111114" lon="142.45360888888888">
<ele>4</ele>
</trkpt>
<trkpt lat="42.30132388888889" lon="142.4536838888889">
<ele>4</ele>
</trkpt>
<trkpt lat="42.301006944444445" lon="142.45373388888888">
<ele>4</ele>
</trkpt>
<trkpt lat="42.300933055555554" lon="142.45373388888888">
<ele>4</ele>
</trkpt>
<trkpt lat="42.299658055555554" lon="142.45373388888888">
<ele>7</ele>
</trkpt>
<trkpt lat="42.29930805555556" lon="142.45374694444445">
<ele>7</ele>
</trkpt>
<trkpt lat="42.29825805555556" lon="142.45397194444445">
<ele>5</ele>
</trkpt>
<trkpt lat="42.29816611111111" lon="142.45399694444444">
<ele>5</ele>
</trkpt>
<trkpt lat="42.297291111111115" lon="142.454235">
<ele>7</ele>
</trkpt>
<trkpt lat="42.29712388888889" lon="142.45426">
<ele>7</ele>
</trkpt>
<trkpt lat="42.29607388888889" lon="142.45452194444445">
<ele>6</ele>
</trkpt>
<trkpt lat="42.29503305555556" lon="142.45476">
<ele>6</ele>
</trkpt>
<trkpt lat="42.29443305555556" lon="142.45507194444446">
<ele>6</ele>
</trkpt>
<trkpt lat="42.29396611111111" lon="142.45539694444443">
<ele>6</ele>
</trkpt>
<trkpt lat="42.29155" lon="142.457585">
<ele>6</ele>
</trkpt>
<trkpt lat="42.28950888888889" lon="142.459535">
<ele>7</ele>
</trkpt>
<trkpt lat="42.284058888888886" lon="142.46531">
<ele>2</ele>
</trkpt>
<trkpt lat="42.28277611111111" lon="142.466835">
<ele>4</ele>
</trkpt>
<trkpt lat="42.28105194444444" lon="142.46987194444444">
<ele>4</ele>
</trkpt>
<trkpt lat="42.28066805555556" lon="142.47041">
<ele>6</ele>
</trkpt>
<trkpt lat="42.27901888888889" lon="142.47219694444445">
<ele>7</ele>
</trkpt>
<trkpt lat="42.27881" lon="142.472785">
<ele>8</ele>
</trkpt>
<trkpt lat="42.278576944444445" lon="142.47331">
<ele>3</ele>
</trkpt>
<trkpt lat="42.278435" lon="142.47362194444443">
<ele>0</ele>
</trkpt>
<trkpt lat="42.27804388888889" lon="142.47439694444444">
<ele>1</ele>
</trkpt>
<trkpt lat="42.277993888888886" lon="142.47444694444445">
<ele>2</ele>
</trkpt>
<trkpt lat="42.27781111111111" lon="142.47464694444446">
<ele>3</ele>
</trkpt>
<trkpt lat="42.27726111111111" lon="142.47491">
<ele>5</ele>
</trkpt>
<trkpt lat="42.27674388888889" lon="142.47502194444445">
<ele>3</ele>
</trkpt>
<trkpt lat="42.27646111111111" lon="142.47514694444445">
<ele>7</ele>
</trkpt>
<trkpt lat="42.27612694444444" lon="142.47537194444445">
<ele>7</ele>
</trkpt>
<trkpt lat="42.275711111111114" lon="142.47576">
<ele>7</ele>
</trkpt>
<trkpt lat="42.27518611111111" lon="142.47612194444446">
<ele>7</ele>
</trkpt>
<trkpt lat="42.27476111111111" lon="142.47664694444444">
<ele>7</ele>
</trkpt>
<trkpt lat="42.27461888888889" lon="142.47689694444443">
<ele>8</ele>
</trkpt>
<trkpt lat="42.27455194444445" lon="142.477085">
<ele>8</ele>
</trkpt>
<trkpt lat="42.27441888888889" lon="142.47841">
<ele>5</ele>
</trkpt>
<trkpt lat="42.27435194444445" lon="142.478735">
<ele>8</ele>
</trkpt>
<trkpt lat="42.27410305555556" lon="142.47936">
<ele>7</ele>
</trkpt>
<trkpt lat="42.273828055555555" lon="142.48007194444443">
<ele>7</ele>
</trkpt>
<trkpt lat="42.27354388888889" lon="142.48077194444446">
<ele>7</ele>
</trkpt>
<trkpt lat="42.27274388888889" lon="142.482685">
<ele>7</ele>
</trkpt>
<trkpt lat="42.272578055555556" lon="142.483035">
<ele>6</ele>
</trkpt>
<trkpt lat="42.27231111111111" lon="142.483535">
<ele>5</ele>
</trkpt>
<trkpt lat="42.27202" lon="142.48397194444445">
<ele>7</ele>
</trkpt>
<trkpt lat="42.271795" lon="142.484185">
<ele>6</ele>
</trkpt>
<trkpt lat="42.27120305555555" lon="142.484585">
<ele>7</ele>
</trkpt>
<trkpt lat="42.271011111111115" lon="142.48472194444443">
<ele>7</ele>
</trkpt>
<trkpt lat="42.27092805555556" lon="142.484785">
<ele>7</ele>
</trkpt>
<trkpt lat="42.27082" lon="142.48489694444444">
<ele>7</ele>
</trkpt>
<trkpt lat="42.27066111111111" lon="142.485135">
<ele>7</ele>
</trkpt>
<trkpt lat="42.270378055555554" lon="142.485785">
<ele>8</ele>
</trkpt>
<trkpt lat="42.269511944444446" lon="142.48824694444446">
<ele>8</ele>
</trkpt>
<trkpt lat="42.26807888888889" lon="142.49188388888888">
<ele>8</ele>
</trkpt>
<trkpt lat="42.26783694444445" lon="142.4924088888889">
<ele>8</ele>
</trkpt>
<trkpt lat="42.26752888888889" lon="142.4929588888889">
<ele>8</ele>
</trkpt>
<trkpt lat="42.26682888888889" lon="142.49399694444443">
<ele>8</ele>
</trkpt>
<trkpt lat="42.26664611111111" lon="142.49437194444445">
<ele>8</ele>
</trkpt>
<trkpt lat="42.26645388888889" lon="142.4951338888889">
<ele>11</ele>
</trkpt>
<trkpt lat="42.26645388888889" lon="142.49560888888888">
<ele>9</ele>
</trkpt>
<trkpt lat="42.26647888888889" lon="142.49589694444444">
<ele>9</ele>
</trkpt>
<trkpt lat="42.26656194444445" lon="142.4962588888889">
<ele>8</ele>
</trkpt>
<trkpt lat="42.26664611111111" lon="142.4964838888889">
<ele>7</ele>
</trkpt>
<trkpt lat="42.26722111111111" lon="142.49734694444444">
<ele>6</ele>
</trkpt>
<trkpt lat="42.26744611111111" lon="142.4976838888889">
<ele>5</ele>
</trkpt>
<trkpt lat="42.26767888888889" lon="142.49822194444445">
<ele>4</ele>
</trkpt>
<trkpt lat="42.267786944444445" lon="142.49865888888888">
<ele>3</ele>
</trkpt>
<trkpt lat="42.26784611111111" lon="142.4992088888889">
<ele>4</ele>
</trkpt>
<trkpt lat="42.268011944444446" lon="142.5009211111111">
<ele>4</ele>
</trkpt>
<trkpt lat="42.26804611111111" lon="142.50138388888888">
<ele>4</ele>
</trkpt>
<trkpt lat="42.26802888888889" lon="142.5041711111111">
<ele>5</ele>
</trkpt>
<trkpt lat="42.26817111111111" lon="142.50502111111112">
<ele>4</ele>
</trkpt>
<trkpt lat="42.26869611111111" lon="142.50693388888888">
<ele>4</ele>
</trkpt>
<trkpt lat="42.268811944444444" lon="142.50739611111112">
<ele>4</ele>
</trkpt>
<trkpt lat="42.268861944444446" lon="142.5076838888889">
<ele>4</ele>
</trkpt>
<trkpt lat="42.26885388888889" lon="142.5081088888889">
<ele>4</ele>
</trkpt>
<trkpt lat="42.26880388888889" lon="142.50843305555554">
<ele>4</ele>
</trkpt>
<trkpt lat="42.26875388888889" lon="142.5086211111111">
<ele>3</ele>
</trkpt>
<trkpt lat="42.26845388888889" lon="142.5093461111111">
<ele>3</ele>
</trkpt>
<trkpt lat="42.26703805555555" lon="142.5116211111111">
<ele>8</ele>
</trkpt>
<trkpt lat="42.26575388888889" lon="142.51363305555554">
<ele>7</ele>
</trkpt>
<trkpt lat="42.26552111111111" lon="142.5140211111111">
<ele>7</ele>
</trkpt>
<trkpt lat="42.26520388888889" lon="142.5143461111111">
<ele>6</ele>
</trkpt>
<trkpt lat="42.26429611111111" lon="142.51500805555557">
<ele>8</ele>
</trkpt>
<trkpt lat="42.26398805555556" lon="142.5153461111111">
<ele>9</ele>
</trkpt>
<trkpt lat="42.26373805555556" lon="142.51570805555556">
<ele>9</ele>
</trkpt>
<trkpt lat="42.26317111111111" lon="142.5170961111111">
<ele>9</ele>
</trkpt>
<trkpt lat="42.26293" lon="142.5176211111111">
<ele>13</ele>
</trkpt>
<trkpt lat="42.26191305555555" lon="142.51950805555555">
<ele>12</ele>
</trkpt>
<trkpt lat="42.261471944444445" lon="142.5203461111111">
<ele>15</ele>
</trkpt>
<trkpt lat="42.260621944444445" lon="142.52193305555556">
<ele>9</ele>
</trkpt>
<trkpt lat="42.26032194444444" lon="142.52258305555554">
<ele>8</ele>
</trkpt>
<trkpt lat="42.26004694444445" lon="142.5232961111111">
<ele>8</ele>
</trkpt>
<trkpt lat="42.25988" lon="142.52393305555555">
<ele>6</ele>
</trkpt>
<trkpt lat="42.259613888888886" lon="142.52517111111112">
<ele>8</ele>
</trkpt>
<trkpt lat="42.25953888888889" lon="142.52549611111112">
<ele>8</ele>
</trkpt>
<trkpt lat="42.259371944444446" lon="142.52598305555554">
<ele>6</ele>
</trkpt>
<trkpt lat="42.258696944444445" lon="142.52778305555555">
<ele>9</ele>
</trkpt>
<trkpt lat="42.258496944444445" lon="142.52822111111112">
<ele>7</ele>
</trkpt>
<trkpt lat="42.258113888888886" lon="142.52903305555554">
<ele>9</ele>
</trkpt>
<trkpt lat="42.25766388888889" lon="142.52990805555555">
<ele>6</ele>
</trkpt>
<trkpt lat="42.257263888888886" lon="142.53063305555557">
<ele>5</ele>
</trkpt>
<trkpt lat="42.25671388888889" lon="142.53184611111112">
<ele>6</ele>
</trkpt>
<trkpt lat="42.255498055555556" lon="142.53493305555557">
<ele>8</ele>
</trkpt>
<trkpt lat="42.25438111111111" lon="142.53785805555555">
<ele>4</ele>
</trkpt>
<trkpt lat="42.25418111111111" lon="142.53833305555557">
<ele>5</ele>
</trkpt>
<trkpt lat="42.253948055555554" lon="142.538745">
<ele>8</ele>
</trkpt>
<trkpt lat="42.253715" lon="142.53912">
<ele>8</ele>
</trkpt>
<trkpt lat="42.25304805555555" lon="142.540195">
<ele>8</ele>
</trkpt>
<trkpt lat="42.25290694444445" lon="142.54045805555555">
<ele>8</ele>
</trkpt>
<trkpt lat="42.25257305555556" lon="142.54128305555557">
<ele>8</ele>
</trkpt>
<trkpt lat="42.25145694444444" lon="142.54400805555557">
<ele>9</ele>
</trkpt>
<trkpt lat="42.25134888888889" lon="142.54432">
<ele>8</ele>
</trkpt>
<trkpt lat="42.25129888888889" lon="142.54457">
<ele>7</ele>
</trkpt>
<trkpt lat="42.25092388888889" lon="142.548945">
<ele>7</ele>
</trkpt>
<trkpt lat="42.25072388888889" lon="142.551345">
<ele>7</ele>
</trkpt>
<trkpt lat="42.250656944444444" lon="142.551745">
<ele>7</ele>
</trkpt>
<trkpt lat="42.25053194444445" lon="142.55213194444445">
<ele>4</ele>
</trkpt>
<trkpt lat="42.25038194444444" lon="142.55245694444446">
<ele>2</ele>
</trkpt>
<trkpt lat="42.25014111111111" lon="142.55278194444443">
<ele>2</ele>
</trkpt>
<trkpt lat="42.25004111111111" lon="142.55292">
<ele>2</ele>
</trkpt>
<trkpt lat="42.24919111111111" lon="142.55407">
<ele>7</ele>
</trkpt>
<trkpt lat="42.24903194444445" lon="142.55435694444444">
<ele>7</ele>
</trkpt>
<trkpt lat="42.24889888888889" lon="142.55465694444445">
<ele>6</ele>
</trkpt>
<trkpt lat="42.24881611111111" lon="142.55495694444446">
<ele>6</ele>
</trkpt>
<trkpt lat="42.248691111111114" lon="142.55560694444443">
<ele>6</ele>
</trkpt>
<trkpt lat="42.248533055555555" lon="142.55663194444443">
<ele>6</ele>
</trkpt>
<trkpt lat="42.248133055555556" lon="142.558795">
<ele>6</ele>
</trkpt>
<trkpt lat="42.248108055555555" lon="142.55895694444445">
<ele>5</ele>
</trkpt>
<trkpt lat="42.248041111111114" lon="142.55950694444445">
<ele>6</ele>
</trkpt>
<trkpt lat="42.24799111111111" lon="142.5601438888889">
<ele>6</ele>
</trkpt>
<trkpt lat="42.24789111111111" lon="142.56196888888888">
<ele>7</ele>
</trkpt>
<trkpt lat="42.24780805555555" lon="142.56334388888888">
<ele>7</ele>
</trkpt>
<trkpt lat="42.24780805555555" lon="142.5633938888889">
<ele>7</ele>
</trkpt>
<trkpt lat="42.24777388888889" lon="142.56400694444446">
<ele>8</ele>
</trkpt>
<trkpt lat="42.24775805555556" lon="142.56428194444445">
<ele>8</ele>
</trkpt>
<trkpt lat="42.247708055555556" lon="142.5645438888889">
<ele>8</ele>
</trkpt>
<trkpt lat="42.24695805555555" lon="142.56683194444443">
<ele>14</ele>
</trkpt>
<trkpt lat="42.24685" lon="142.5672438888889">
<ele>15</ele>
</trkpt>
<trkpt lat="42.246433055555556" lon="142.5692688888889">
<ele>8</ele>
</trkpt>
<trkpt lat="42.24641694444445" lon="142.56988194444443">
<ele>9</ele>
</trkpt>
<trkpt lat="42.24649194444444" lon="142.57033194444443">
<ele>9</ele>
</trkpt>
<trkpt lat="42.2466" lon="142.57071888888888">
<ele>9</ele>
</trkpt>
<trkpt lat="42.24689194444444" lon="142.5715561111111">
<ele>8</ele>
</trkpt>
<trkpt lat="42.24695" lon="142.5717938888889">
<ele>7</ele>
</trkpt>
<trkpt lat="42.24695" lon="142.57249388888889">
<ele>7</ele>
</trkpt>
<trkpt lat="42.24691694444444" lon="142.5727188888889">
<ele>6</ele>
</trkpt>
<trkpt lat="42.24665" lon="142.57466888888888">
<ele>4</ele>
</trkpt>
<trkpt lat="42.246525" lon="142.5755061111111">
<ele>4</ele>
</trkpt>
<trkpt lat="42.24639194444445" lon="142.5760938888889">
<ele>3</ele>
</trkpt>
<trkpt lat="42.245291944444446" lon="142.5794688888889">
<ele>1</ele>
</trkpt>
<trkpt lat="42.245125" lon="142.5801811111111">
<ele>1</ele>
</trkpt>
<trkpt lat="42.24460111111111" lon="142.58326805555555">
<ele>1</ele>
</trkpt>
<trkpt lat="42.24437611111111" lon="142.58441805555555">
<ele>2</ele>
</trkpt>
<trkpt lat="42.24420111111111" lon="142.58508111111112">
<ele>4</ele>
</trkpt>
<trkpt lat="42.243966944444445" lon="142.5857311111111">
<ele>6</ele>
</trkpt>
<trkpt lat="42.243676111111114" lon="142.58639305555556">
<ele>8</ele>
</trkpt>
<trkpt lat="42.24319194444445" lon="142.5871561111111">
<ele>7</ele>
</trkpt>
<trkpt lat="42.24250111111111" lon="142.5879561111111">
<ele>6</ele>
</trkpt>
<trkpt lat="42.24187611111111" lon="142.5885561111111">
<ele>6</ele>
</trkpt>
<trkpt lat="42.24165111111111" lon="142.58873111111112">
<ele>6</ele>
</trkpt>
<trkpt lat="42.24150111111111" lon="142.58883111111112">
<ele>7</ele>
</trkpt>
<trkpt lat="42.241326111111114" lon="142.58894305555555">
<ele>7</ele>
</trkpt>
<trkpt lat="42.24075111111111" lon="142.58924305555556">
<ele>7</ele>
</trkpt>
<trkpt lat="42.240476111111114" lon="142.58939305555555">
<ele>7</ele>
</trkpt>
<trkpt lat="42.24031" lon="142.58956805555556">
<ele>7</ele>
</trkpt>
<trkpt lat="42.239985" lon="142.5900061111111">
<ele>8</ele>
</trkpt>
<trkpt lat="42.23886805555556" lon="142.59174305555555">
<ele>5</ele>
</trkpt>
<trkpt lat="42.238235" lon="142.59279305555555">
<ele>7</ele>
</trkpt>
<trkpt lat="42.23811805555555" lon="142.5930561111111">
<ele>7</ele>
</trkpt>
<trkpt lat="42.23786805555556" lon="142.5936311111111">
<ele>5</ele>
</trkpt>
<trkpt lat="42.23706888888889" lon="142.59519305555557">
<ele>6</ele>
</trkpt>
<trkpt lat="42.23696" lon="142.59556805555556">
<ele>7</ele>
</trkpt>
<trkpt lat="42.23686" lon="142.5961061111111">
<ele>7</ele>
</trkpt>
<trkpt lat="42.23675194444444" lon="142.59663111111112">
<ele>2</ele>
</trkpt>
<trkpt lat="42.236668888888886" lon="142.59691805555556">
<ele>7</ele>
</trkpt>
<trkpt lat="42.23636888888889" lon="142.59775611111112">
<ele>7</ele>
</trkpt>
<trkpt lat="42.23613611111111" lon="142.59834305555555">
<ele>8</ele>
</trkpt>
<trkpt lat="42.23549388888889" lon="142.59949305555557">
<ele>6</ele>
</trkpt>
<trkpt lat="42.23524388888889" lon="142.59993111111112">
<ele>7</ele>
</trkpt>
<trkpt lat="42.234186111111114" lon="142.60141805555557">
<ele>7</ele>
</trkpt>
<trkpt lat="42.23375305555555" lon="142.6021061111111">
<ele>7</ele>
</trkpt>
<trkpt lat="42.23343611111111" lon="142.6027311111111">
<ele>7</ele>
</trkpt>
<trkpt lat="42.23331888888889" lon="142.60301805555557">
<ele>8</ele>
</trkpt>
<trkpt lat="42.23318611111111" lon="142.60341805555555">
<ele>7</ele>
</trkpt>
<trkpt lat="42.23311888888889" lon="142.60368111111111">
<ele>9</ele>
</trkpt>
<trkpt lat="42.23308611111111" lon="142.60384305555556">
<ele>7</ele>
</trkpt>
<trkpt lat="42.23269388888889" lon="142.60556805555555">
<ele>9</ele>
</trkpt>
<trkpt lat="42.23265305555555" lon="142.60573">
<ele>9</ele>
</trkpt>
<trkpt lat="42.232393888888886" lon="142.60691805555555">
<ele>16</ele>
</trkpt>
<trkpt lat="42.232036111111114" lon="142.60839305555555">
<ele>15</ele>
</trkpt>
<trkpt lat="42.23195305555556" lon="142.60876805555554">
<ele>14</ele>
</trkpt>
<trkpt lat="42.231903055555556" lon="142.60901805555557">
<ele>17</ele>
</trkpt>
<trkpt lat="42.23175305555556" lon="142.60964305555555">
<ele>14</ele>
</trkpt>
<trkpt lat="42.23167" lon="142.61004305555556">
<ele>18</ele>
</trkpt>
<trkpt lat="42.23157" lon="142.61039194444444">
<ele>17</ele>
</trkpt>
<trkpt lat="42.231445" lon="142.610755">
<ele>14</ele>
</trkpt>
<trkpt lat="42.231278055555556" lon="142.61113">
<ele>16</ele>
</trkpt>
<trkpt lat="42.23106111111111" lon="142.61154305555556">
<ele>14</ele>
</trkpt>
<trkpt lat="42.230853055555556" lon="142.61194194444445">
<ele>14</ele>
</trkpt>
<trkpt lat="42.230145" lon="142.61333">
<ele>8</ele>
</trkpt>
<trkpt lat="42.22757" lon="142.618105">
<ele>8</ele>
</trkpt>
<trkpt lat="42.22732888888889" lon="142.61854194444444">
<ele>8</ele>
</trkpt>
<trkpt lat="42.227021111111114" lon="142.61929194444446">
<ele>7</ele>
</trkpt>
<trkpt lat="42.22674611111111" lon="142.62008">
<ele>4</ele>
</trkpt>
<trkpt lat="42.22637888888889" lon="142.621255">
<ele>4</ele>
</trkpt>
<trkpt lat="42.22609611111111" lon="142.6221038888889">
<ele>3</ele>
</trkpt>
<trkpt lat="42.22592888888889" lon="142.62259194444445">
<ele>4</ele>
</trkpt>
<trkpt lat="42.22546194444445" lon="142.6239788888889">
<ele>5</ele>
</trkpt>
<trkpt lat="42.22512888888889" lon="142.62497888888888">
<ele>6</ele>
</trkpt>
<trkpt lat="42.22467888888889" lon="142.62630388888888">
<ele>8</ele>
</trkpt>
<trkpt lat="42.22407111111111" lon="142.6281788888889">
<ele>9</ele>
</trkpt>
<trkpt lat="42.22328805555556" lon="142.63060388888888">
<ele>8</ele>
</trkpt>
<trkpt lat="42.223055" lon="142.63121694444445">
<ele>9</ele>
</trkpt>
<trkpt lat="42.22277111111111" lon="142.6318288888889">
<ele>9</ele>
</trkpt>
<trkpt lat="42.22162111111111" lon="142.63417194444443">
<ele>9</ele>
</trkpt>
    </trkseg>
  </trk>
</gpx>