<?xml version="1.0" encoding="UTF-8"?>
<gpx version="1.1"
     creator="KMLtoGPX"
     xmlns="http://www.topografix.com/GPX/1/1">
  <metadata>
    <name>Ashizuri Challenge Course</name>
    <desc>足摺チャレンジングコース</desc>
    <bounds minlat="32.72455111111111" minlon="132.6259861111111" maxlat="32.983868055555554" maxlon="133.02041111111112"/>
  </metadata>
  <trk>
    <name>Ashizuri Challenge Course</name>
    <trkseg>
<trkpt lat="32.98117694444444" lon="132.9454111111111">
<ele>7</ele>
</trkpt>
<trkpt lat="32.981451944444444" lon="132.945025">
<ele>7</ele>
</trkpt>
<trkpt lat="32.981718055555554" lon="132.94468694444444">
<ele>6</ele>
</trkpt>
<trkpt lat="32.981885" lon="132.94456194444444">
<ele>6</ele>
</trkpt>
<trkpt lat="32.98246" lon="132.94551305555555">
<ele>6</ele>
</trkpt>
<trkpt lat="32.98281" lon="132.9461">
<ele>6</ele>
</trkpt>
<trkpt lat="32.98287611111111" lon="132.94621194444446">
<ele>6</ele>
</trkpt>
<trkpt lat="32.98291805555556" lon="132.94628694444444">
<ele>6</ele>
</trkpt>
<trkpt lat="32.98312611111111" lon="132.946625">
<ele>5</ele>
</trkpt>
<trkpt lat="32.983585" lon="132.94736194444445">
<ele>6</ele>
</trkpt>
<trkpt lat="32.98371" lon="132.947575">
<ele>6</ele>
</trkpt>
<trkpt lat="32.983735" lon="132.947625">
<ele>6</ele>
</trkpt>
<trkpt lat="32.98381805555555" lon="132.947825">
<ele>6</ele>
</trkpt>
<trkpt lat="32.98386" lon="132.94798694444444">
<ele>5</ele>
</trkpt>
<trkpt lat="32.983868055555554" lon="132.94833694444443">
<ele>5</ele>
</trkpt>
<trkpt lat="32.98376805555556" lon="132.9487">
<ele>5</ele>
</trkpt>
<trkpt lat="32.983435" lon="132.94948694444443">
<ele>5</ele>
</trkpt>
<trkpt lat="32.983335" lon="132.94971194444443">
<ele>5</ele>
</trkpt>
<trkpt lat="32.983235" lon="132.94998694444445">
<ele>5</ele>
</trkpt>
<trkpt lat="32.983185" lon="132.95021194444445">
<ele>5</ele>
</trkpt>
<trkpt lat="32.98315111111111" lon="132.95041194444445">
<ele>5</ele>
</trkpt>
<trkpt lat="32.98314305555556" lon="132.9505988888889">
<ele>6</ele>
</trkpt>
<trkpt lat="32.98314305555556" lon="132.95073694444446">
<ele>6</ele>
</trkpt>
<trkpt lat="32.98317611111111" lon="132.95101194444445">
<ele>7</ele>
</trkpt>
<trkpt lat="32.98300111111111" lon="132.95121194444445">
<ele>6</ele>
</trkpt>
<trkpt lat="32.98241" lon="132.95198694444446">
<ele>5</ele>
</trkpt>
<trkpt lat="32.982285" lon="132.95213694444445">
<ele>6</ele>
</trkpt>
<trkpt lat="32.981476944444445" lon="132.95324888888888">
<ele>6</ele>
</trkpt>
<trkpt lat="32.98101" lon="132.9538488888889">
<ele>6</ele>
</trkpt>
<trkpt lat="32.98095194444444" lon="132.95393694444445">
<ele>5</ele>
</trkpt>
<trkpt lat="32.980376944444444" lon="132.95471194444445">
<ele>5</ele>
</trkpt>
<trkpt lat="32.97989305555556" lon="132.95536194444443">
<ele>5</ele>
</trkpt>
<trkpt lat="32.97925194444444" lon="132.9562238888889">
<ele>6</ele>
</trkpt>
<trkpt lat="32.97817694444444" lon="132.95768694444445">
<ele>5</ele>
</trkpt>
<trkpt lat="32.97772694444444" lon="132.9582738888889">
<ele>5</ele>
</trkpt>
<trkpt lat="32.97770194444445" lon="132.95833694444445">
<ele>5</ele>
</trkpt>
<trkpt lat="32.977651944444446" lon="132.95856194444445">
<ele>5</ele>
</trkpt>
<trkpt lat="32.977626944444445" lon="132.9586238888889">
<ele>5</ele>
</trkpt>
<trkpt lat="32.97749388888889" lon="132.9590488888889">
<ele>6</ele>
</trkpt>
<trkpt lat="32.977385" lon="132.95928694444444">
<ele>6</ele>
</trkpt>
<trkpt lat="32.97732694444444" lon="132.95938694444445">
<ele>6</ele>
</trkpt>
<trkpt lat="32.977226944444446" lon="132.95953694444444">
<ele>6</ele>
</trkpt>
<trkpt lat="32.97716" lon="132.9596238888889">
<ele>6</ele>
</trkpt>
<trkpt lat="32.977001944444446" lon="132.95988694444443">
<ele>7</ele>
</trkpt>
<trkpt lat="32.97686888888889" lon="132.96018694444444">
<ele>7</ele>
</trkpt>
<trkpt lat="32.97674388888889" lon="132.96047388888888">
<ele>8</ele>
</trkpt>
<trkpt lat="32.97642694444444" lon="132.9612361111111">
<ele>8</ele>
</trkpt>
<trkpt lat="32.97636888888889" lon="132.96138611111112">
<ele>8</ele>
</trkpt>
<trkpt lat="32.976193888888886" lon="132.9616738888889">
<ele>10</ele>
</trkpt>
<trkpt lat="32.97606888888889" lon="132.96184888888888">
<ele>13</ele>
</trkpt>
<trkpt lat="32.97602694444444" lon="132.9619111111111">
<ele>15</ele>
</trkpt>
<trkpt lat="32.97566888888889" lon="132.96207388888888">
<ele>11</ele>
</trkpt>
<trkpt lat="32.97526888888889" lon="132.9622611111111">
<ele>9</ele>
</trkpt>
<trkpt lat="32.97514388888889" lon="132.9623611111111">
<ele>9</ele>
</trkpt>
<trkpt lat="32.97506111111111" lon="132.9624738888889">
<ele>9</ele>
</trkpt>
<trkpt lat="32.97490194444445" lon="132.9627238888889">
<ele>9</ele>
</trkpt>
<trkpt lat="32.97483611111111" lon="132.9628361111111">
<ele>9</ele>
</trkpt>
<trkpt lat="32.97470194444445" lon="132.9629611111111">
<ele>9</ele>
</trkpt>
<trkpt lat="32.974426944444446" lon="132.9631361111111">
<ele>9</ele>
</trkpt>
<trkpt lat="32.97432805555555" lon="132.96321111111112">
<ele>9</ele>
</trkpt>
<trkpt lat="32.97425305555556" lon="132.9632988888889">
<ele>9</ele>
</trkpt>
<trkpt lat="32.974226944444446" lon="132.9633488888889">
<ele>9</ele>
</trkpt>
<trkpt lat="32.97414388888889" lon="132.9635988888889">
<ele>9</ele>
</trkpt>
<trkpt lat="32.97401888888889" lon="132.9641611111111">
<ele>9</ele>
</trkpt>
<trkpt lat="32.97397888888889" lon="132.9643511111111">
<ele>9</ele>
</trkpt>
<trkpt lat="32.97397888888889" lon="132.9643511111111">
<ele>9</ele>
</trkpt>
<trkpt lat="32.97396888888889" lon="132.9643988888889">
<ele>9</ele>
</trkpt>
<trkpt lat="32.973911111111114" lon="132.9646238888889">
<ele>7</ele>
</trkpt>
<trkpt lat="32.97387805555555" lon="132.9647488888889">
<ele>6</ele>
</trkpt>
<trkpt lat="32.97381111111111" lon="132.9650861111111">
<ele>5</ele>
</trkpt>
<trkpt lat="32.973753055555555" lon="132.9653111111111">
<ele>5</ele>
</trkpt>
<trkpt lat="32.97313611111111" lon="132.96692388888889">
<ele>6</ele>
</trkpt>
<trkpt lat="32.97226888888889" lon="132.96919888888888">
<ele>10</ele>
</trkpt>
<trkpt lat="32.97211111111111" lon="132.9695861111111">
<ele>11</ele>
</trkpt>
<trkpt lat="32.97194388888889" lon="132.96999888888888">
<ele>12</ele>
</trkpt>
<trkpt lat="32.97190305555556" lon="132.9700738888889">
<ele>13</ele>
</trkpt>
<trkpt lat="32.97177805555555" lon="132.97022388888888">
<ele>16</ele>
</trkpt>
<trkpt lat="32.971403055555555" lon="132.9705111111111">
<ele>9</ele>
</trkpt>
<trkpt lat="32.971345" lon="132.97059805555554">
<ele>8</ele>
</trkpt>
<trkpt lat="32.971095" lon="132.97103611111112">
<ele>8</ele>
</trkpt>
<trkpt lat="32.970995" lon="132.97113611111112">
<ele>8</ele>
</trkpt>
<trkpt lat="32.97088611111111" lon="132.97122305555555">
<ele>8</ele>
</trkpt>
<trkpt lat="32.97067" lon="132.97136111111112">
<ele>7</ele>
</trkpt>
<trkpt lat="32.97021111111111" lon="132.9716611111111">
<ele>8</ele>
</trkpt>
<trkpt lat="32.969895" lon="132.97187305555556">
<ele>5</ele>
</trkpt>
<trkpt lat="32.969795" lon="132.97193611111112">
<ele>6</ele>
</trkpt>
<trkpt lat="32.969386944444445" lon="132.9722111111111">
<ele>6</ele>
</trkpt>
<trkpt lat="32.968936944444444" lon="132.97251111111112">
<ele>6</ele>
</trkpt>
<trkpt lat="32.968378055555554" lon="132.9728861111111">
<ele>5</ele>
</trkpt>
<trkpt lat="32.96792" lon="132.97318611111112">
<ele>5</ele>
</trkpt>
<trkpt lat="32.967395" lon="132.97353611111112">
<ele>6</ele>
</trkpt>
<trkpt lat="32.967286944444446" lon="132.9736111111111">
<ele>6</ele>
</trkpt>
<trkpt lat="32.96677888888889" lon="132.97396111111112">
<ele>6</ele>
</trkpt>
<trkpt lat="32.96657888888889" lon="132.97408611111112">
<ele>6</ele>
</trkpt>
<trkpt lat="32.966453888888886" lon="132.97417305555555">
<ele>6</ele>
</trkpt>
<trkpt lat="32.96583694444445" lon="132.97459805555556">
<ele>5</ele>
</trkpt>
<trkpt lat="32.965445" lon="132.97484805555555">
<ele>5</ele>
</trkpt>
<trkpt lat="32.96526194444444" lon="132.97497305555555">
<ele>6</ele>
</trkpt>
<trkpt lat="32.96517" lon="132.9750361111111">
<ele>6</ele>
</trkpt>
<trkpt lat="32.964886944444444" lon="132.97522305555555">
<ele>6</ele>
</trkpt>
<trkpt lat="32.964686944444445" lon="132.97531111111113">
<ele>5</ele>
</trkpt>
<trkpt lat="32.96447888888889" lon="132.9749361111111">
<ele>5</ele>
</trkpt>
<trkpt lat="32.96440388888889" lon="132.97482305555556">
<ele>5</ele>
</trkpt>
<trkpt lat="32.96431194444445" lon="132.97472305555556">
<ele>6</ele>
</trkpt>
<trkpt lat="32.96421194444444" lon="132.97466111111112">
<ele>6</ele>
</trkpt>
<trkpt lat="32.96407888888889" lon="132.97459805555556">
<ele>6</ele>
</trkpt>
<trkpt lat="32.96391194444445" lon="132.97457305555557">
<ele>7</ele>
</trkpt>
<trkpt lat="32.96376194444444" lon="132.97463611111112">
<ele>7</ele>
</trkpt>
<trkpt lat="32.96364611111111" lon="132.9746861111111">
<ele>7</ele>
</trkpt>
<trkpt lat="32.963478888888886" lon="132.97478611111111">
<ele>7</ele>
</trkpt>
<trkpt lat="32.96310388888889" lon="132.97502305555557">
<ele>7</ele>
</trkpt>
<trkpt lat="32.96281194444445" lon="132.97514805555556">
<ele>7</ele>
</trkpt>
<trkpt lat="32.96270388888889" lon="132.97514805555556">
<ele>7</ele>
</trkpt>
<trkpt lat="32.96259611111111" lon="132.97512305555554">
<ele>8</ele>
</trkpt>
<trkpt lat="32.96239611111111" lon="132.97501111111112">
<ele>8</ele>
</trkpt>
<trkpt lat="32.962311944444444" lon="132.97492305555556">
<ele>8</ele>
</trkpt>
<trkpt lat="32.96221194444445" lon="132.97472305555556">
<ele>8</ele>
</trkpt>
<trkpt lat="32.96212111111111" lon="132.97443611111112">
<ele>9</ele>
</trkpt>
<trkpt lat="32.961736944444446" lon="132.9732361111111">
<ele>9</ele>
</trkpt>
<trkpt lat="32.96160888888889" lon="132.972825">
<ele>9</ele>
</trkpt>
<trkpt lat="32.96160888888889" lon="132.972825">
<ele>9</ele>
</trkpt>
<trkpt lat="32.96118694444444" lon="132.97147388888888">
<ele>9</ele>
</trkpt>
<trkpt lat="32.96075388888889" lon="132.9700861111111">
<ele>9</ele>
</trkpt>
<trkpt lat="32.960346111111114" lon="132.9686988888889">
<ele>9</ele>
</trkpt>
<trkpt lat="32.96013694444444" lon="132.9680611111111">
<ele>8</ele>
</trkpt>
<trkpt lat="32.96003694444445" lon="132.9676738888889">
<ele>8</ele>
</trkpt>
<trkpt lat="32.96000388888889" lon="132.96749888888888">
<ele>10</ele>
</trkpt>
<trkpt lat="32.95997111111111" lon="132.96728611111112">
<ele>14</ele>
</trkpt>
<trkpt lat="32.959961944444444" lon="132.96701194444444">
<ele>14</ele>
</trkpt>
<trkpt lat="32.95997888888889" lon="132.96676194444444">
<ele>15</ele>
</trkpt>
<trkpt lat="32.96000388888889" lon="132.96651194444445">
<ele>16</ele>
</trkpt>
<trkpt lat="32.96010388888889" lon="132.9661238888889">
<ele>17</ele>
</trkpt>
<trkpt lat="32.96030388888889" lon="132.96616194444445">
<ele>13</ele>
</trkpt>
<trkpt lat="32.96033694444444" lon="132.96621194444444">
<ele>11</ele>
</trkpt>
<trkpt lat="32.960346111111114" lon="132.96633694444444">
<ele>11</ele>
</trkpt>
<trkpt lat="32.96022888888889" lon="132.96671194444446">
<ele>12</ele>
</trkpt>
<trkpt lat="32.960186944444445" lon="132.96683694444445">
<ele>10</ele>
</trkpt>
<trkpt lat="32.96017111111111" lon="132.96698694444444">
<ele>8</ele>
</trkpt>
<trkpt lat="32.96015388888889" lon="132.9672238888889">
<ele>8</ele>
</trkpt>
<trkpt lat="32.96017888888889" lon="132.9674738888889">
<ele>8</ele>
</trkpt>
<trkpt lat="32.96031194444444" lon="132.9680611111111">
<ele>7</ele>
</trkpt>
<trkpt lat="32.96022111111111" lon="132.9681238888889">
<ele>8</ele>
</trkpt>
<trkpt lat="32.960121111111114" lon="132.96819888888888">
<ele>8</ele>
</trkpt>
<trkpt lat="32.95984611111111" lon="132.9683611111111">
<ele>15</ele>
</trkpt>
<trkpt lat="32.95968694444444" lon="132.9684611111111">
<ele>14</ele>
</trkpt>
<trkpt lat="32.95951194444444" lon="132.96853611111112">
<ele>17</ele>
</trkpt>
<trkpt lat="32.95926194444444" lon="132.9685988888889">
<ele>14</ele>
</trkpt>
<trkpt lat="32.95896194444445" lon="132.96866111111112">
<ele>11</ele>
</trkpt>
<trkpt lat="32.95817888888889" lon="132.96876111111112">
<ele>8</ele>
</trkpt>
<trkpt lat="32.95772888888889" lon="132.9688988888889">
<ele>6</ele>
</trkpt>
<trkpt lat="32.95755388888889" lon="132.96898611111112">
<ele>6</ele>
</trkpt>
<trkpt lat="32.956938055555554" lon="132.9693738888889">
<ele>6</ele>
</trkpt>
<trkpt lat="32.95667111111111" lon="132.96954888888888">
<ele>6</ele>
</trkpt>
<trkpt lat="32.95614611111111" lon="132.9698361111111">
<ele>7</ele>
</trkpt>
<trkpt lat="32.95567111111111" lon="132.9699861111111">
<ele>7</ele>
</trkpt>
<trkpt lat="32.95557" lon="132.97001194444445">
<ele>7</ele>
</trkpt>
<trkpt lat="32.95557" lon="132.97001194444445">
<ele>7</ele>
</trkpt>
<trkpt lat="32.95498805555555" lon="132.9701611111111">
<ele>8</ele>
</trkpt>
<trkpt lat="32.95453805555555" lon="132.9702111111111">
<ele>9</ele>
</trkpt>
<trkpt lat="32.954388055555555" lon="132.97022388888888">
<ele>9</ele>
</trkpt>
<trkpt lat="32.95432111111111" lon="132.97023611111112">
<ele>9</ele>
</trkpt>
<trkpt lat="32.95423805555556" lon="132.9702611111111">
<ele>9</ele>
</trkpt>
<trkpt lat="32.954155" lon="132.9702988888889">
<ele>9</ele>
</trkpt>
<trkpt lat="32.95404611111111" lon="132.9703738888889">
<ele>9</ele>
</trkpt>
<trkpt lat="32.953988055555556" lon="132.97044888888888">
<ele>9</ele>
</trkpt>
<trkpt lat="32.953938055555554" lon="132.97067388888888">
<ele>9</ele>
</trkpt>
<trkpt lat="32.95383805555556" lon="132.97101111111112">
<ele>9</ele>
</trkpt>
<trkpt lat="32.95374611111111" lon="132.97114888888888">
<ele>8</ele>
</trkpt>
<trkpt lat="32.95359611111111" lon="132.97126111111112">
<ele>7</ele>
</trkpt>
<trkpt lat="32.95294611111111" lon="132.9715488888889">
<ele>8</ele>
</trkpt>
<trkpt lat="32.95249611111111" lon="132.9717738888889">
<ele>8</ele>
</trkpt>
<trkpt lat="32.952255" lon="132.97193611111112">
<ele>9</ele>
</trkpt>
<trkpt lat="32.95178" lon="132.97228611111112">
<ele>9</ele>
</trkpt>
<trkpt lat="32.95167194444444" lon="132.9723488888889">
<ele>9</ele>
</trkpt>
<trkpt lat="32.951521944444444" lon="132.97238611111112">
<ele>9</ele>
</trkpt>
<trkpt lat="32.95066305555556" lon="132.9725738888889">
<ele>9</ele>
</trkpt>
<trkpt lat="32.95012194444445" lon="132.9725861111111">
<ele>9</ele>
</trkpt>
<trkpt lat="32.94999694444444" lon="132.97259888888888">
<ele>9</ele>
</trkpt>
<trkpt lat="32.94988" lon="132.97263611111111">
<ele>9</ele>
</trkpt>
<trkpt lat="32.94963" lon="132.97282388888888">
<ele>9</ele>
</trkpt>
<trkpt lat="32.94949694444445" lon="132.9728988888889">
<ele>9</ele>
</trkpt>
<trkpt lat="32.949371944444444" lon="132.9729111111111">
<ele>9</ele>
</trkpt>
<trkpt lat="32.94791388888889" lon="132.9729111111111">
<ele>9</ele>
</trkpt>
<trkpt lat="32.94751388888889" lon="132.9729238888889">
<ele>9</ele>
</trkpt>
<trkpt lat="32.947296944444446" lon="132.97296111111112">
<ele>9</ele>
</trkpt>
<trkpt lat="32.94674694444444" lon="132.9731111111111">
<ele>9</ele>
</trkpt>
<trkpt lat="32.94653888888889" lon="132.9732611111111">
<ele>9</ele>
</trkpt>
<trkpt lat="32.94614694444444" lon="132.9736861111111">
<ele>9</ele>
</trkpt>
<trkpt lat="32.94588111111111" lon="132.9738238888889">
<ele>9</ele>
</trkpt>
<trkpt lat="32.94524694444444" lon="132.9740111111111">
<ele>9</ele>
</trkpt>
<trkpt lat="32.94506388888889" lon="132.97408611111112">
<ele>9</ele>
</trkpt>
<trkpt lat="32.94493888888889" lon="132.97417388888888">
<ele>9</ele>
</trkpt>
<trkpt lat="32.94478111111111" lon="132.97431111111112">
<ele>9</ele>
</trkpt>
<trkpt lat="32.94455611111111" lon="132.97453611111112">
<ele>9</ele>
</trkpt>
<trkpt lat="32.94438111111111" lon="132.9746738888889">
<ele>9</ele>
</trkpt>
<trkpt lat="32.94405611111111" lon="132.97484888888889">
<ele>9</ele>
</trkpt>
<trkpt lat="32.94373888888889" lon="132.97497388888888">
<ele>9</ele>
</trkpt>
<trkpt lat="32.94358111111111" lon="132.9750238888889">
<ele>9</ele>
</trkpt>
<trkpt lat="32.94336388888889" lon="132.9750738888889">
<ele>9</ele>
</trkpt>
<trkpt lat="32.94306388888889" lon="132.9751361111111">
<ele>9</ele>
</trkpt>
<trkpt lat="32.94289805555555" lon="132.9751488888889">
<ele>9</ele>
</trkpt>
<trkpt lat="32.94278111111111" lon="132.9751238888889">
<ele>9</ele>
</trkpt>
<trkpt lat="32.94267305555555" lon="132.97508611111112">
<ele>9</ele>
</trkpt>
<trkpt lat="32.942573055555556" lon="132.97501111111112">
<ele>8</ele>
</trkpt>
<trkpt lat="32.94245611111111" lon="132.9748988888889">
<ele>8</ele>
</trkpt>
<trkpt lat="32.94201388888889" lon="132.9743488888889">
<ele>5</ele>
</trkpt>
<trkpt lat="32.94123111111111" lon="132.9734611111111">
<ele>5</ele>
</trkpt>
<trkpt lat="32.94094805555556" lon="132.97318611111112">
<ele>5</ele>
</trkpt>
<trkpt lat="32.940871944444446" lon="132.9731238888889">
<ele>5</ele>
</trkpt>
<trkpt lat="32.94070611111111" lon="132.97296194444445">
<ele>5</ele>
</trkpt>
<trkpt lat="32.94043888888889" lon="132.9726738888889">
<ele>5</ele>
</trkpt>
<trkpt lat="32.94033888888889" lon="132.9723238888889">
<ele>5</ele>
</trkpt>
<trkpt lat="32.94030611111111" lon="132.97179888888888">
<ele>5</ele>
</trkpt>
<trkpt lat="32.94031388888889" lon="132.9716738888889">
<ele>5</ele>
</trkpt>
<trkpt lat="32.94029805555556" lon="132.97156194444443">
<ele>5</ele>
</trkpt>
<trkpt lat="32.94027305555556" lon="132.97148694444445">
<ele>5</ele>
</trkpt>
<trkpt lat="32.94018888888889" lon="132.9713238888889">
<ele>5</ele>
</trkpt>
<trkpt lat="32.94002305555556" lon="132.97108694444444">
<ele>5</ele>
</trkpt>
<trkpt lat="32.93943888888889" lon="132.97038694444444">
<ele>5</ele>
</trkpt>
<trkpt lat="32.93888111111111" lon="132.96973694444443">
<ele>5</ele>
</trkpt>
<trkpt lat="32.93873111111111" lon="132.9695738888889">
<ele>5</ele>
</trkpt>
<trkpt lat="32.93861388888889" lon="132.96944888888888">
<ele>5</ele>
</trkpt>
<trkpt lat="32.938406111111114" lon="132.96928694444443">
<ele>5</ele>
</trkpt>
<trkpt lat="32.93817305555555" lon="132.9691488888889">
<ele>5</ele>
</trkpt>
<trkpt lat="32.93797305555555" lon="132.9690488888889">
<ele>5</ele>
</trkpt>
<trkpt lat="32.93753888888889" lon="132.96886194444446">
<ele>5</ele>
</trkpt>
<trkpt lat="32.93687305555556" lon="132.96856194444445">
<ele>5</ele>
</trkpt>
<trkpt lat="32.936506111111115" lon="132.96841194444445">
<ele>5</ele>
</trkpt>
<trkpt lat="32.935473055555555" lon="132.9679988888889">
<ele>5</ele>
</trkpt>
<trkpt lat="32.935365" lon="132.96797388888888">
<ele>5</ele>
</trkpt>
<trkpt lat="32.935223055555554" lon="132.96797388888888">
<ele>5</ele>
</trkpt>
<trkpt lat="32.93509" lon="132.9680238888889">
<ele>5</ele>
</trkpt>
<trkpt lat="32.933098055555554" lon="132.9690738888889">
<ele>7</ele>
</trkpt>
<trkpt lat="32.93289" lon="132.96916194444444">
<ele>7</ele>
</trkpt>
<trkpt lat="32.93278194444444" lon="132.96921194444445">
<ele>7</ele>
</trkpt>
<trkpt lat="32.93233" lon="132.96935">
<ele>6</ele>
</trkpt>
<trkpt lat="32.93233" lon="132.96935">
<ele>6</ele>
</trkpt>
<trkpt lat="32.931965" lon="132.96946194444445">
<ele>5</ele>
</trkpt>
<trkpt lat="32.931615" lon="132.9695738888889">
<ele>6</ele>
</trkpt>
<trkpt lat="32.931398888888886" lon="132.96963694444443">
<ele>6</ele>
</trkpt>
<trkpt lat="32.93128194444444" lon="132.96966194444445">
<ele>6</ele>
</trkpt>
<trkpt lat="32.931165" lon="132.96963694444443">
<ele>7</ele>
</trkpt>
<trkpt lat="32.93104888888889" lon="132.96956194444445">
<ele>7</ele>
</trkpt>
<trkpt lat="32.93098194444445" lon="132.96948694444444">
<ele>6</ele>
</trkpt>
<trkpt lat="32.930773888888886" lon="132.96916194444444">
<ele>5</ele>
</trkpt>
<trkpt lat="32.93060694444444" lon="132.9688988888889">
<ele>5</ele>
</trkpt>
<trkpt lat="32.930065" lon="132.96803694444444">
<ele>7</ele>
</trkpt>
<trkpt lat="32.92984" lon="132.967575">
<ele>8</ele>
</trkpt>
<trkpt lat="32.92959" lon="132.96705">
<ele>9</ele>
</trkpt>
<trkpt lat="32.92952388888889" lon="132.96686194444445">
<ele>9</ele>
</trkpt>
<trkpt lat="32.929415" lon="132.966175">
<ele>9</ele>
</trkpt>
<trkpt lat="32.929415" lon="132.96603694444445">
<ele>9</ele>
</trkpt>
<trkpt lat="32.929431944444445" lon="132.96591194444446">
<ele>9</ele>
</trkpt>
<trkpt lat="32.92982388888889" lon="132.964925">
<ele>9</ele>
</trkpt>
<trkpt lat="32.929881944444446" lon="132.96475">
<ele>9</ele>
</trkpt>
<trkpt lat="32.929898888888886" lon="132.96435">
<ele>9</ele>
</trkpt>
<trkpt lat="32.92992388888889" lon="132.963325">
<ele>9</ele>
</trkpt>
<trkpt lat="32.929898888888886" lon="132.9631">
<ele>9</ele>
</trkpt>
<trkpt lat="32.929806944444444" lon="132.96293805555555">
<ele>9</ele>
</trkpt>
<trkpt lat="32.92934" lon="132.96246194444444">
<ele>14</ele>
</trkpt>
<trkpt lat="32.928865" lon="132.96193805555555">
<ele>12</ele>
</trkpt>
<trkpt lat="32.928515" lon="132.96155">
<ele>13</ele>
</trkpt>
<trkpt lat="32.92832388888889" lon="132.96143694444444">
<ele>15</ele>
</trkpt>
<trkpt lat="32.92808194444444" lon="132.961375">
<ele>17</ele>
</trkpt>
<trkpt lat="32.92789111111111" lon="132.961425">
<ele>18</ele>
</trkpt>
<trkpt lat="32.92749111111111" lon="132.96165">
<ele>24</ele>
</trkpt>
<trkpt lat="32.927348888888886" lon="132.96173694444445">
<ele>23</ele>
</trkpt>
<trkpt lat="32.927216111111115" lon="132.96176305555556">
<ele>25</ele>
</trkpt>
<trkpt lat="32.92707388888889" lon="132.96176305555556">
<ele>27</ele>
</trkpt>
<trkpt lat="32.92694111111111" lon="132.96173694444445">
<ele>28</ele>
</trkpt>
<trkpt lat="32.92677388888889" lon="132.96166305555556">
<ele>28</ele>
</trkpt>
<trkpt lat="32.92613194444444" lon="132.96116305555555">
<ele>26</ele>
</trkpt>
<trkpt lat="32.92549888888889" lon="132.96041305555556">
<ele>32</ele>
</trkpt>
<trkpt lat="32.92512388888889" lon="132.95981305555554">
<ele>36</ele>
</trkpt>
<trkpt lat="32.92458194444445" lon="132.958925">
<ele>38</ele>
</trkpt>
<trkpt lat="32.92440805555555" lon="132.95858805555557">
<ele>42</ele>
</trkpt>
<trkpt lat="32.92438305555556" lon="132.95821305555555">
<ele>45</ele>
</trkpt>
<trkpt lat="32.924323888888885" lon="132.95787611111112">
<ele>43</ele>
</trkpt>
<trkpt lat="32.92420694444444" lon="132.95771305555556">
<ele>42</ele>
</trkpt>
<trkpt lat="32.92398305555555" lon="132.9574761111111">
<ele>42</ele>
</trkpt>
<trkpt lat="32.92354888888889" lon="132.9569261111111">
<ele>43</ele>
</trkpt>
<trkpt lat="32.92306611111111" lon="132.95638805555555">
<ele>28</ele>
</trkpt>
<trkpt lat="32.92194888888889" lon="132.95536305555555">
<ele>56</ele>
</trkpt>
<trkpt lat="32.921033055555554" lon="132.9547261111111">
<ele>54</ele>
</trkpt>
<trkpt lat="32.92072388888889" lon="132.95431305555556">
<ele>52</ele>
</trkpt>
<trkpt lat="32.92037388888889" lon="132.95367611111112">
<ele>52</ele>
</trkpt>
<trkpt lat="32.92009111111111" lon="132.95325111111111">
<ele>51</ele>
</trkpt>
<trkpt lat="32.91840805555555" lon="132.9502261111111">
<ele>59</ele>
</trkpt>
<trkpt lat="32.917341111111114" lon="132.9487388888889">
<ele>58</ele>
</trkpt>
<trkpt lat="32.915675" lon="132.94655194444445">
<ele>55</ele>
</trkpt>
<trkpt lat="32.91495" lon="132.94563888888888">
<ele>54</ele>
</trkpt>
<trkpt lat="32.91275" lon="132.94282694444445">
<ele>50</ele>
</trkpt>
<trkpt lat="32.911825" lon="132.9416388888889">
<ele>49</ele>
</trkpt>
<trkpt lat="32.91121694444445" lon="132.94085194444443">
<ele>48</ele>
</trkpt>
<trkpt lat="32.910675" lon="132.94014">
<ele>47</ele>
</trkpt>
<trkpt lat="32.909933055555555" lon="132.93919">
<ele>46</ele>
</trkpt>
<trkpt lat="32.909025" lon="132.93804">
<ele>44</ele>
</trkpt>
<trkpt lat="32.908525" lon="132.93745305555555">
<ele>44</ele>
</trkpt>
<trkpt lat="32.90809194444444" lon="132.93704">
<ele>37</ele>
</trkpt>
<trkpt lat="32.90770888888889" lon="132.936765">
<ele>37</ele>
</trkpt>
<trkpt lat="32.90696694444444" lon="132.93644">
<ele>33</ele>
</trkpt>
<trkpt lat="32.90515111111111" lon="132.935865">
<ele>19</ele>
</trkpt>
<trkpt lat="32.904941944444445" lon="132.93580194444445">
<ele>18</ele>
</trkpt>
<trkpt lat="32.90477611111111" lon="132.93574">
<ele>22</ele>
</trkpt>
<trkpt lat="32.90405888888889" lon="132.93559">
<ele>23</ele>
</trkpt>
<trkpt lat="32.90336805555555" lon="132.93567694444445">
<ele>21</ele>
</trkpt>
<trkpt lat="32.90269305555555" lon="132.93602694444445">
<ele>21</ele>
</trkpt>
<trkpt lat="32.90247388888889" lon="132.936285">
<ele>24</ele>
</trkpt>
<trkpt lat="32.90247388888889" lon="132.936285">
<ele>24</ele>
</trkpt>
<trkpt lat="32.902301111111115" lon="132.93649">
<ele>27</ele>
</trkpt>
<trkpt lat="32.90205888888889" lon="132.93704">
<ele>27</ele>
</trkpt>
<trkpt lat="32.901876111111115" lon="132.93739">
<ele>28</ele>
</trkpt>
<trkpt lat="32.90170888888889" lon="132.93772694444445">
<ele>25</ele>
</trkpt>
<trkpt lat="32.90105111111111" lon="132.938715">
<ele>25</ele>
</trkpt>
<trkpt lat="32.90095111111111" lon="132.93890194444444">
<ele>26</ele>
</trkpt>
<trkpt lat="32.90079305555555" lon="132.93925194444444">
<ele>24</ele>
</trkpt>
<trkpt lat="32.90065888888889" lon="132.939415">
<ele>29</ele>
</trkpt>
<trkpt lat="32.90045111111111" lon="132.939615">
<ele>26</ele>
</trkpt>
<trkpt lat="32.900266944444446" lon="132.93972694444443">
<ele>26</ele>
</trkpt>
<trkpt lat="32.89970111111111" lon="132.94000194444445">
<ele>22</ele>
</trkpt>
<trkpt lat="32.89939305555556" lon="132.94017694444443">
<ele>23</ele>
</trkpt>
<trkpt lat="32.89900111111111" lon="132.94055194444445">
<ele>24</ele>
</trkpt>
<trkpt lat="32.89843388888889" lon="132.94124">
<ele>24</ele>
</trkpt>
<trkpt lat="32.89827611111111" lon="132.94137694444444">
<ele>24</ele>
</trkpt>
<trkpt lat="32.89810111111111" lon="132.94147694444445">
<ele>20</ele>
</trkpt>
<trkpt lat="32.89792611111111" lon="132.941465">
<ele>18</ele>
</trkpt>
<trkpt lat="32.89767611111111" lon="132.94140194444444">
<ele>18</ele>
</trkpt>
<trkpt lat="32.89720111111111" lon="132.94122694444445">
<ele>18</ele>
</trkpt>
<trkpt lat="32.89693388888889" lon="132.94119">
<ele>19</ele>
</trkpt>
<trkpt lat="32.89662611111111" lon="132.94119">
<ele>19</ele>
</trkpt>
<trkpt lat="32.896208888888886" lon="132.94127694444444">
<ele>18</ele>
</trkpt>
<trkpt lat="32.89556805555556" lon="132.94130194444443">
<ele>18</ele>
</trkpt>
<trkpt lat="32.89536" lon="132.94129">
<ele>18</ele>
</trkpt>
<trkpt lat="32.895226111111114" lon="132.94124">
<ele>18</ele>
</trkpt>
<trkpt lat="32.89501" lon="132.941165">
<ele>18</ele>
</trkpt>
<trkpt lat="32.894843055555555" lon="132.941065">
<ele>18</ele>
</trkpt>
<trkpt lat="32.89451" lon="132.94085194444443">
<ele>16</ele>
</trkpt>
<trkpt lat="32.89434305555555" lon="132.94077694444445">
<ele>16</ele>
</trkpt>
<trkpt lat="32.894151111111114" lon="132.94070194444444">
<ele>12</ele>
</trkpt>
<trkpt lat="32.891618055555554" lon="132.94022805555556">
<ele>12</ele>
</trkpt>
<trkpt lat="32.89064305555556" lon="132.940015">
<ele>9</ele>
</trkpt>
<trkpt lat="32.890185" lon="132.939915">
<ele>9</ele>
</trkpt>
<trkpt lat="32.88919305555556" lon="132.940415">
<ele>9</ele>
</trkpt>
<trkpt lat="32.88836" lon="132.940965">
<ele>14</ele>
</trkpt>
<trkpt lat="32.88816" lon="132.941065">
<ele>16</ele>
</trkpt>
<trkpt lat="32.88791805555555" lon="132.94114">
<ele>18</ele>
</trkpt>
<trkpt lat="32.88767694444444" lon="132.94115194444444">
<ele>18</ele>
</trkpt>
<trkpt lat="32.887476944444444" lon="132.94112694444445">
<ele>17</ele>
</trkpt>
<trkpt lat="32.887285" lon="132.94107694444443">
<ele>12</ele>
</trkpt>
<trkpt lat="32.88700194444444" lon="132.94095305555555">
<ele>9</ele>
</trkpt>
<trkpt lat="32.88644388888889" lon="132.94065194444445">
<ele>6</ele>
</trkpt>
<trkpt lat="32.88636888888889" lon="132.940615">
<ele>6</ele>
</trkpt>
<trkpt lat="32.886068888888886" lon="132.94044">
<ele>14</ele>
</trkpt>
<trkpt lat="32.88585194444445" lon="132.94032805555557">
<ele>14</ele>
</trkpt>
<trkpt lat="32.885485" lon="132.94014">
<ele>14</ele>
</trkpt>
<trkpt lat="32.88531" lon="132.94010194444445">
<ele>11</ele>
</trkpt>
<trkpt lat="32.885185" lon="132.94010194444445">
<ele>11</ele>
</trkpt>
<trkpt lat="32.88496888888889" lon="132.94015305555556">
<ele>11</ele>
</trkpt>
<trkpt lat="32.88401888888889" lon="132.94052805555555">
<ele>11</ele>
</trkpt>
<trkpt lat="32.88290194444444" lon="132.94112694444445">
<ele>12</ele>
</trkpt>
<trkpt lat="32.882511111111114" lon="132.941415">
<ele>12</ele>
</trkpt>
<trkpt lat="32.88226111111111" lon="132.941665">
<ele>12</ele>
</trkpt>
<trkpt lat="32.881901944444444" lon="132.94214">
<ele>17</ele>
</trkpt>
<trkpt lat="32.88146888888889" lon="132.942665">
<ele>15</ele>
</trkpt>
<trkpt lat="32.88126111111111" lon="132.94284">
<ele>14</ele>
</trkpt>
<trkpt lat="32.88084388888889" lon="132.94314">
<ele>16</ele>
</trkpt>
<trkpt lat="32.88050194444445" lon="132.94335194444446">
<ele>18</ele>
</trkpt>
<trkpt lat="32.880293888888886" lon="132.94342694444444">
<ele>14</ele>
</trkpt>
<trkpt lat="32.88001888888889" lon="132.943515">
<ele>16</ele>
</trkpt>
<trkpt lat="32.879736111111114" lon="132.943565">
<ele>17</ele>
</trkpt>
<trkpt lat="32.87954388888889" lon="132.943565">
<ele>16</ele>
</trkpt>
<trkpt lat="32.879376944444445" lon="132.94357694444443">
<ele>16</ele>
</trkpt>
<trkpt lat="32.87907694444444" lon="132.94352694444444">
<ele>14</ele>
</trkpt>
<trkpt lat="32.878861111111114" lon="132.94347694444446">
<ele>16</ele>
</trkpt>
<trkpt lat="32.87865194444444" lon="132.94345194444443">
<ele>17</ele>
</trkpt>
<trkpt lat="32.87842694444444" lon="132.94347694444446">
<ele>13</ele>
</trkpt>
<trkpt lat="32.87806888888889" lon="132.94360194444445">
<ele>14</ele>
</trkpt>
<trkpt lat="32.87730194444445" lon="132.94399">
<ele>13</ele>
</trkpt>
<trkpt lat="32.87684388888889" lon="132.94420194444444">
<ele>12</ele>
</trkpt>
<trkpt lat="32.876511111111114" lon="132.94427694444445">
<ele>10</ele>
</trkpt>
<trkpt lat="32.87537694444445" lon="132.944465">
<ele>8</ele>
</trkpt>
<trkpt lat="32.87448611111111" lon="132.944615">
<ele>6</ele>
</trkpt>
<trkpt lat="32.87411111111111" lon="132.94470194444443">
<ele>5</ele>
</trkpt>
<trkpt lat="32.87359388888889" lon="132.94489">
<ele>5</ele>
</trkpt>
<trkpt lat="32.87323611111111" lon="132.94507694444445">
<ele>5</ele>
</trkpt>
<trkpt lat="32.87251111111111" lon="132.94554">
<ele>5</ele>
</trkpt>
<trkpt lat="32.87211888888889" lon="132.945865">
<ele>5</ele>
</trkpt>
<trkpt lat="32.87121888888889" lon="132.94672694444444">
<ele>4</ele>
</trkpt>
<trkpt lat="32.870961111111114" lon="132.94702694444445">
<ele>4</ele>
</trkpt>
<trkpt lat="32.87016888888889" lon="132.94800194444446">
<ele>4</ele>
</trkpt>
<trkpt lat="32.86989388888889" lon="132.9482888888889">
<ele>4</ele>
</trkpt>
<trkpt lat="32.86963611111111" lon="132.94858888888888">
<ele>5</ele>
</trkpt>
<trkpt lat="32.86937" lon="132.9489638888889">
<ele>5</ele>
</trkpt>
<trkpt lat="32.86912" lon="132.94927694444445">
<ele>6</ele>
</trkpt>
<trkpt lat="32.868811111111114" lon="132.9497388888889">
<ele>6</ele>
</trkpt>
<trkpt lat="32.868395" lon="132.95050194444445">
<ele>6</ele>
</trkpt>
<trkpt lat="32.86772" lon="132.95167694444444">
<ele>6</ele>
</trkpt>
<trkpt lat="32.867328055555554" lon="132.9523638888889">
<ele>5</ele>
</trkpt>
<trkpt lat="32.86725305555556" lon="132.95242694444445">
<ele>5</ele>
</trkpt>
<trkpt lat="32.86717" lon="132.95247694444444">
<ele>5</ele>
</trkpt>
<trkpt lat="32.867045" lon="132.95250194444444">
<ele>4</ele>
</trkpt>
<trkpt lat="32.86692" lon="132.95250194444444">
<ele>4</ele>
</trkpt>
<trkpt lat="32.86682" lon="132.95247694444444">
<ele>4</ele>
</trkpt>
<trkpt lat="32.866745" lon="132.95243888888888">
<ele>4</ele>
</trkpt>
<trkpt lat="32.86667" lon="132.9523638888889">
<ele>4</ele>
</trkpt>
<trkpt lat="32.865428055555554" lon="132.95100194444444">
<ele>4</ele>
</trkpt>
<trkpt lat="32.864795" lon="132.95035194444444">
<ele>4</ele>
</trkpt>
<trkpt lat="32.864736944444445" lon="132.95030194444445">
<ele>4</ele>
</trkpt>
<trkpt lat="32.86468694444444" lon="132.95028888888888">
<ele>4</ele>
</trkpt>
<trkpt lat="32.864595" lon="132.95028888888888">
<ele>4</ele>
</trkpt>
<trkpt lat="32.86452" lon="132.95028888888888">
<ele>5</ele>
</trkpt>
<trkpt lat="32.86442888888889" lon="132.95030194444445">
<ele>7</ele>
</trkpt>
<trkpt lat="32.86332888888889" lon="132.95060194444446">
<ele>9</ele>
</trkpt>
<trkpt lat="32.86312" lon="132.95061388888888">
<ele>9</ele>
</trkpt>
<trkpt lat="32.862878888888886" lon="132.9505888888889">
<ele>9</ele>
</trkpt>
<trkpt lat="32.862586944444445" lon="132.95055194444444">
<ele>14</ele>
</trkpt>
<trkpt lat="32.86202388888889" lon="132.9504711111111">
<ele>18</ele>
</trkpt>
<trkpt lat="32.86202388888889" lon="132.9504711111111">
<ele>18</ele>
</trkpt>
<trkpt lat="32.86118694444445" lon="132.95035194444444">
<ele>24</ele>
</trkpt>
<trkpt lat="32.859721111111114" lon="132.9501388888889">
<ele>22</ele>
</trkpt>
<trkpt lat="32.85919611111111" lon="132.9500888888889">
<ele>21</ele>
</trkpt>
<trkpt lat="32.85902111111111" lon="132.95002694444443">
<ele>21</ele>
</trkpt>
<trkpt lat="32.85884611111111" lon="132.94993888888888">
<ele>22</ele>
</trkpt>
<trkpt lat="32.85859611111111" lon="132.94969">
<ele>25</ele>
</trkpt>
<trkpt lat="32.85776194444445" lon="132.94877694444443">
<ele>20</ele>
</trkpt>
<trkpt lat="32.857503888888886" lon="132.94849">
<ele>15</ele>
</trkpt>
<trkpt lat="32.85677111111111" lon="132.94792694444445">
<ele>13</ele>
</trkpt>
<trkpt lat="32.85646305555556" lon="132.94789">
<ele>11</ele>
</trkpt>
<trkpt lat="32.85597888888889" lon="132.94820194444443">
<ele>6</ele>
</trkpt>
<trkpt lat="32.85549611111111" lon="132.94860194444445">
<ele>20</ele>
</trkpt>
<trkpt lat="32.855338055555556" lon="132.94879">
<ele>23</ele>
</trkpt>
<trkpt lat="32.85517888888889" lon="132.94902694444446">
<ele>26</ele>
</trkpt>
<trkpt lat="32.85499611111111" lon="132.94935194444443">
<ele>28</ele>
</trkpt>
<trkpt lat="32.854705" lon="132.94985194444445">
<ele>28</ele>
</trkpt>
<trkpt lat="32.854463055555556" lon="132.950115">
<ele>27</ele>
</trkpt>
<trkpt lat="32.85392111111111" lon="132.95052694444445">
<ele>22</ele>
</trkpt>
<trkpt lat="32.85371305555555" lon="132.950715">
<ele>24</ele>
</trkpt>
<trkpt lat="32.853455" lon="132.951015">
<ele>24</ele>
</trkpt>
<trkpt lat="32.85333" lon="132.95122694444444">
<ele>26</ele>
</trkpt>
<trkpt lat="32.85283805555556" lon="132.95282694444444">
<ele>27</ele>
</trkpt>
<trkpt lat="32.85278" lon="132.95295194444444">
<ele>27</ele>
</trkpt>
<trkpt lat="32.85258888888889" lon="132.9531388888889">
<ele>24</ele>
</trkpt>
<trkpt lat="32.852105" lon="132.9534138888889">
<ele>18</ele>
</trkpt>
<trkpt lat="32.851955" lon="132.95350194444444">
<ele>13</ele>
</trkpt>
<trkpt lat="32.85141388888889" lon="132.95378888888888">
<ele>11</ele>
</trkpt>
<trkpt lat="32.85124694444445" lon="132.95390194444445">
<ele>11</ele>
</trkpt>
<trkpt lat="32.85106388888889" lon="132.95413888888888">
<ele>16</ele>
</trkpt>
<trkpt lat="32.85076388888889" lon="132.95462694444444">
<ele>18</ele>
</trkpt>
<trkpt lat="32.85061388888889" lon="132.95475194444444">
<ele>19</ele>
</trkpt>
<trkpt lat="32.85041388888889" lon="132.95481388888888">
<ele>18</ele>
</trkpt>
<trkpt lat="32.85019694444444" lon="132.95482694444445">
<ele>18</ele>
</trkpt>
<trkpt lat="32.84945611111111" lon="132.95472694444445">
<ele>18</ele>
</trkpt>
<trkpt lat="32.84876388888889" lon="132.95465194444444">
<ele>17</ele>
</trkpt>
<trkpt lat="32.84815611111111" lon="132.95457694444445">
<ele>16</ele>
</trkpt>
<trkpt lat="32.847948055555555" lon="132.95456388888888">
<ele>15</ele>
</trkpt>
<trkpt lat="32.84760611111111" lon="132.9546138888889">
<ele>16</ele>
</trkpt>
<trkpt lat="32.84702305555555" lon="132.95478888888888">
<ele>15</ele>
</trkpt>
<trkpt lat="32.846806111111114" lon="132.95481388888888">
<ele>16</ele>
</trkpt>
<trkpt lat="32.84655611111111" lon="132.95482694444445">
<ele>16</ele>
</trkpt>
<trkpt lat="32.846288888888886" lon="132.95481388888888">
<ele>15</ele>
</trkpt>
<trkpt lat="32.84606388888889" lon="132.95467694444446">
<ele>15</ele>
</trkpt>
<trkpt lat="32.845956111111114" lon="132.95448888888887">
<ele>16</ele>
</trkpt>
<trkpt lat="32.84585611111111" lon="132.95425194444445">
<ele>14</ele>
</trkpt>
<trkpt lat="32.84587305555556" lon="132.95329">
<ele>13</ele>
</trkpt>
<trkpt lat="32.84589805555556" lon="132.95304">
<ele>13</ele>
</trkpt>
<trkpt lat="32.84588888888889" lon="132.952815">
<ele>8</ele>
</trkpt>
<trkpt lat="32.84580611111111" lon="132.95265194444445">
<ele>6</ele>
</trkpt>
<trkpt lat="32.84568111111111" lon="132.95247694444444">
<ele>6</ele>
</trkpt>
<trkpt lat="32.845573055555555" lon="132.95242694444445">
<ele>5</ele>
</trkpt>
<trkpt lat="32.84493111111111" lon="132.95237694444444">
<ele>2</ele>
</trkpt>
<trkpt lat="32.84460611111111" lon="132.95235194444444">
<ele>0</ele>
</trkpt>
<trkpt lat="32.84437305555556" lon="132.95237694444444">
<ele>0</ele>
</trkpt>
<trkpt lat="32.84418888888889" lon="132.95244">
<ele>1</ele>
</trkpt>
<trkpt lat="32.843898055555556" lon="132.952665">
<ele>1</ele>
</trkpt>
<trkpt lat="32.843673055555556" lon="132.952865">
<ele>1</ele>
</trkpt>
<trkpt lat="32.84345611111111" lon="132.95314">
<ele>10</ele>
</trkpt>
<trkpt lat="32.84333111111111" lon="132.953365">
<ele>15</ele>
</trkpt>
<trkpt lat="32.84314805555555" lon="132.95369">
<ele>14</ele>
</trkpt>
<trkpt lat="32.84292305555555" lon="132.95399">
<ele>13</ele>
</trkpt>
<trkpt lat="32.84274" lon="132.95429">
<ele>16</ele>
</trkpt>
<trkpt lat="32.842565" lon="132.95447694444445">
<ele>15</ele>
</trkpt>
<trkpt lat="32.842373055555555" lon="132.95456388888888">
<ele>17</ele>
</trkpt>
<trkpt lat="32.84222305555556" lon="132.95462694444444">
<ele>18</ele>
</trkpt>
<trkpt lat="32.84189805555555" lon="132.95470194444445">
<ele>18</ele>
</trkpt>
<trkpt lat="32.84153194444445" lon="132.95479">
<ele>15</ele>
</trkpt>
<trkpt lat="32.841365" lon="132.95482694444445">
<ele>14</ele>
</trkpt>
<trkpt lat="32.841115" lon="132.95495194444445">
<ele>15</ele>
</trkpt>
<trkpt lat="32.84065694444445" lon="132.95520194444444">
<ele>20</ele>
</trkpt>
<trkpt lat="32.84029" lon="132.9555138888889">
<ele>24</ele>
</trkpt>
<trkpt lat="32.840156944444445" lon="132.95558888888888">
<ele>24</ele>
</trkpt>
<trkpt lat="32.839998888888886" lon="132.95561388888888">
<ele>22</ele>
</trkpt>
<trkpt lat="32.83989" lon="132.95560194444445">
<ele>22</ele>
</trkpt>
<trkpt lat="32.83949111111111" lon="132.955465">
<ele>22</ele>
</trkpt>
<trkpt lat="32.839216111111114" lon="132.95532694444444">
<ele>19</ele>
</trkpt>
<trkpt lat="32.83906611111111" lon="132.95512694444446">
<ele>17</ele>
</trkpt>
<trkpt lat="32.83889888888889" lon="132.954815">
<ele>17</ele>
</trkpt>
<trkpt lat="32.838723888888886" lon="132.95467694444446">
<ele>18</ele>
</trkpt>
<trkpt lat="32.838481944444446" lon="132.95457694444445">
<ele>17</ele>
</trkpt>
<trkpt lat="32.83779111111111" lon="132.95454">
<ele>18</ele>
</trkpt>
<trkpt lat="32.83762388888889" lon="132.95452694444444">
<ele>17</ele>
</trkpt>
<trkpt lat="32.83746611111111" lon="132.95447694444445">
<ele>15</ele>
</trkpt>
<trkpt lat="32.83732388888889" lon="132.95427694444444">
<ele>15</ele>
</trkpt>
<trkpt lat="32.83676611111111" lon="132.953365">
<ele>14</ele>
</trkpt>
<trkpt lat="32.836573888888886" lon="132.95312694444445">
<ele>15</ele>
</trkpt>
<trkpt lat="32.83645694444444" lon="132.95305194444444">
<ele>13</ele>
</trkpt>
<trkpt lat="32.836281944444444" lon="132.95304">
<ele>9</ele>
</trkpt>
<trkpt lat="32.836056944444444" lon="132.95309">
<ele>15</ele>
</trkpt>
<trkpt lat="32.83509111111111" lon="132.953565">
<ele>14</ele>
</trkpt>
<trkpt lat="32.834941111111114" lon="132.953615">
<ele>14</ele>
</trkpt>
<trkpt lat="32.83482388888889" lon="132.95362805555555">
<ele>14</ele>
</trkpt>
<trkpt lat="32.83450805555555" lon="132.95365305555555">
<ele>8</ele>
</trkpt>
<trkpt lat="32.83423194444445" lon="132.95377805555555">
<ele>6</ele>
</trkpt>
<trkpt lat="32.83408305555555" lon="132.954015">
<ele>14</ele>
</trkpt>
<trkpt lat="32.83404888888889" lon="132.95429">
<ele>14</ele>
</trkpt>
<trkpt lat="32.83404888888889" lon="132.954515">
<ele>14</ele>
</trkpt>
<trkpt lat="32.83411611111111" lon="132.95517694444445">
<ele>14</ele>
</trkpt>
<trkpt lat="32.83414888888889" lon="132.95560194444445">
<ele>13</ele>
</trkpt>
<trkpt lat="32.83408305555555" lon="132.955915">
<ele>14</ele>
</trkpt>
<trkpt lat="32.83394888888889" lon="132.95615194444446">
<ele>14</ele>
</trkpt>
<trkpt lat="32.83295805555556" lon="132.95710194444445">
<ele>21</ele>
</trkpt>
<trkpt lat="32.83273305555556" lon="132.95735194444444">
<ele>20</ele>
</trkpt>
<trkpt lat="32.832525" lon="132.95752694444445">
<ele>21</ele>
</trkpt>
<trkpt lat="32.83241611111111" lon="132.957565">
<ele>21</ele>
</trkpt>
<trkpt lat="32.83224194444445" lon="132.957565">
<ele>21</ele>
</trkpt>
<trkpt lat="32.831125" lon="132.957265">
<ele>13</ele>
</trkpt>
<trkpt lat="32.83076694444444" lon="132.957215">
<ele>13</ele>
</trkpt>
<trkpt lat="32.83063305555556" lon="132.95725194444444">
<ele>12</ele>
</trkpt>
<trkpt lat="32.830475" lon="132.95739">
<ele>13</ele>
</trkpt>
<trkpt lat="32.830241944444445" lon="132.957665">
<ele>16</ele>
</trkpt>
<trkpt lat="32.82986694444445" lon="132.95820194444445">
<ele>22</ele>
</trkpt>
<trkpt lat="32.82975" lon="132.95835194444444">
<ele>21</ele>
</trkpt>
<trkpt lat="32.829625" lon="132.958415">
<ele>21</ele>
</trkpt>
<trkpt lat="32.82881694444445" lon="132.95840194444443">
<ele>21</ele>
</trkpt>
<trkpt lat="32.82818388888889" lon="132.958415">
<ele>22</ele>
</trkpt>
<trkpt lat="32.82801694444444" lon="132.95839">
<ele>22</ele>
</trkpt>
<trkpt lat="32.82785888888889" lon="132.95822694444445">
<ele>22</ele>
</trkpt>
<trkpt lat="32.82756694444444" lon="132.95775194444445">
<ele>22</ele>
</trkpt>
<trkpt lat="32.82748388888889" lon="132.95758388888888">
<ele>22</ele>
</trkpt>
<trkpt lat="32.82748388888889" lon="132.95758305555555">
<ele>22</ele>
</trkpt>
<trkpt lat="32.826858888888886" lon="132.956315">
<ele>22</ele>
</trkpt>
<trkpt lat="32.82667611111111" lon="132.95585305555556">
<ele>22</ele>
</trkpt>
<trkpt lat="32.82655111111111" lon="132.95537694444445">
<ele>21</ele>
</trkpt>
<trkpt lat="32.826391944444445" lon="132.95435305555554">
<ele>22</ele>
</trkpt>
<trkpt lat="32.82631694444444" lon="132.954015">
<ele>21</ele>
</trkpt>
<trkpt lat="32.82618388888889" lon="132.9532661111111">
<ele>13</ele>
</trkpt>
<trkpt lat="32.82615" lon="132.95307805555555">
<ele>14</ele>
</trkpt>
<trkpt lat="32.82615888888889" lon="132.95295305555555">
<ele>14</ele>
</trkpt>
<trkpt lat="32.82625888888889" lon="132.95222805555557">
<ele>16</ele>
</trkpt>
<trkpt lat="32.82625888888889" lon="132.95210305555557">
<ele>15</ele>
</trkpt>
<trkpt lat="32.826233888888886" lon="132.9518911111111">
<ele>15</ele>
</trkpt>
<trkpt lat="32.82618388888889" lon="132.9514661111111">
<ele>12</ele>
</trkpt>
<trkpt lat="32.826166944444445" lon="132.95116611111112">
<ele>15</ele>
</trkpt>
<trkpt lat="32.82613388888889" lon="132.95092805555555">
<ele>16</ele>
</trkpt>
<trkpt lat="32.826058055555556" lon="132.95045305555556">
<ele>14</ele>
</trkpt>
<trkpt lat="32.825975" lon="132.9501161111111">
<ele>12</ele>
</trkpt>
<trkpt lat="32.825925" lon="132.9498911111111">
<ele>14</ele>
</trkpt>
<trkpt lat="32.82584194444444" lon="132.94947805555555">
<ele>9</ele>
</trkpt>
<trkpt lat="32.8253" lon="132.94890388888888">
<ele>5</ele>
</trkpt>
<trkpt lat="32.82519194444444" lon="132.9487411111111">
<ele>5</ele>
</trkpt>
<trkpt lat="32.825091944444445" lon="132.9484911111111">
<ele>5</ele>
</trkpt>
<trkpt lat="32.82501694444444" lon="132.9481911111111">
<ele>5</ele>
</trkpt>
<trkpt lat="32.824958055555555" lon="132.9479038888889">
<ele>5</ele>
</trkpt>
<trkpt lat="32.824733055555555" lon="132.9469038888889">
<ele>5</ele>
</trkpt>
<trkpt lat="32.82465" lon="132.9465661111111">
<ele>5</ele>
</trkpt>
<trkpt lat="32.82461694444444" lon="132.94641611111112">
<ele>5</ele>
</trkpt>
<trkpt lat="32.824558055555556" lon="132.9462161111111">
<ele>5</ele>
</trkpt>
<trkpt lat="32.824491944444446" lon="132.9460411111111">
<ele>5</ele>
</trkpt>
<trkpt lat="32.824241944444445" lon="132.9454661111111">
<ele>5</ele>
</trkpt>
<trkpt lat="32.824066944444446" lon="132.9450911111111">
<ele>5</ele>
</trkpt>
<trkpt lat="32.824" lon="132.9449661111111">
<ele>5</ele>
</trkpt>
<trkpt lat="32.82389194444445" lon="132.94484111111112">
<ele>5</ele>
</trkpt>
<trkpt lat="32.82376694444444" lon="132.9447788888889">
<ele>5</ele>
</trkpt>
<trkpt lat="32.823658888888886" lon="132.9447538888889">
<ele>5</ele>
</trkpt>
<trkpt lat="32.82348388888889" lon="132.9447538888889">
<ele>5</ele>
</trkpt>
<trkpt lat="32.82329194444444" lon="132.9447788888889">
<ele>5</ele>
</trkpt>
<trkpt lat="32.82219194444444" lon="132.94517888888888">
<ele>5</ele>
</trkpt>
<trkpt lat="32.82190888888889" lon="132.94527888888888">
<ele>5</ele>
</trkpt>
<trkpt lat="32.82155888888889" lon="132.94537888888888">
<ele>5</ele>
</trkpt>
<trkpt lat="32.820616944444446" lon="132.9456911111111">
<ele>5</ele>
</trkpt>
<trkpt lat="32.82017611111111" lon="132.9458038888889">
<ele>5</ele>
</trkpt>
<trkpt lat="32.81972611111111" lon="132.94594111111113">
<ele>5</ele>
</trkpt>
<trkpt lat="32.818893055555556" lon="132.9461538888889">
<ele>5</ele>
</trkpt>
<trkpt lat="32.817993055555554" lon="132.94640388888888">
<ele>4</ele>
</trkpt>
<trkpt lat="32.817726111111114" lon="132.9464661111111">
<ele>4</ele>
</trkpt>
<trkpt lat="32.81551805555556" lon="132.94707888888888">
<ele>4</ele>
</trkpt>
<trkpt lat="32.81531805555556" lon="132.9471288888889">
<ele>4</ele>
</trkpt>
<trkpt lat="32.815218055555555" lon="132.9471661111111">
<ele>5</ele>
</trkpt>
<trkpt lat="32.814885" lon="132.94732888888888">
<ele>5</ele>
</trkpt>
<trkpt lat="32.814785" lon="132.9473911111111">
<ele>5</ele>
</trkpt>
<trkpt lat="32.81321888888889" lon="132.9484038888889">
<ele>4</ele>
</trkpt>
<trkpt lat="32.81283611111111" lon="132.9486411111111">
<ele>4</ele>
</trkpt>
<trkpt lat="32.812511111111114" lon="132.9488161111111">
<ele>8</ele>
</trkpt>
<trkpt lat="32.81231888888889" lon="132.9489288888889">
<ele>9</ele>
</trkpt>
<trkpt lat="32.811926944444444" lon="132.9492161111111">
<ele>8</ele>
</trkpt>
<trkpt lat="32.81183611111111" lon="132.94932888888889">
<ele>8</ele>
</trkpt>
<trkpt lat="32.811776944444446" lon="132.9494288888889">
<ele>10</ele>
</trkpt>
<trkpt lat="32.811751944444445" lon="132.9495538888889">
<ele>11</ele>
</trkpt>
<trkpt lat="32.811776944444446" lon="132.94981611111112">
<ele>17</ele>
</trkpt>
<trkpt lat="32.81196888888889" lon="132.9506538888889">
<ele>17</ele>
</trkpt>
<trkpt lat="32.81213611111111" lon="132.9513661111111">
<ele>26</ele>
</trkpt>
<trkpt lat="32.81216111111111" lon="132.95160388888888">
<ele>27</ele>
</trkpt>
<trkpt lat="32.81216888888889" lon="132.95177805555556">
<ele>28</ele>
</trkpt>
<trkpt lat="32.81214388888889" lon="132.9520161111111">
<ele>28</ele>
</trkpt>
<trkpt lat="32.81209388888889" lon="132.95220305555554">
<ele>29</ele>
</trkpt>
<trkpt lat="32.81202694444445" lon="132.95232805555557">
<ele>28</ele>
</trkpt>
<trkpt lat="32.81131111111111" lon="132.95320305555555">
<ele>27</ele>
</trkpt>
<trkpt lat="32.81116111111111" lon="132.95335305555557">
<ele>24</ele>
</trkpt>
<trkpt lat="32.810903055555556" lon="132.95355305555555">
<ele>23</ele>
</trkpt>
<trkpt lat="32.81056111111111" lon="132.95380305555557">
<ele>24</ele>
</trkpt>
<trkpt lat="32.81011888888889" lon="132.95415305555557">
<ele>23</ele>
</trkpt>
<trkpt lat="32.80998611111111" lon="132.95424111111112">
<ele>23</ele>
</trkpt>
<trkpt lat="32.80977" lon="132.95435305555554">
<ele>22</ele>
</trkpt>
<trkpt lat="32.807836944444446" lon="132.95507805555556">
<ele>23</ele>
</trkpt>
<trkpt lat="32.80751194444444" lon="132.95517805555556">
<ele>26</ele>
</trkpt>
<trkpt lat="32.80723388888889" lon="132.95526">
<ele>26</ele>
</trkpt>
<trkpt lat="32.80723388888889" lon="132.95526">
<ele>26</ele>
</trkpt>
<trkpt lat="32.806245" lon="132.95555305555555">
<ele>26</ele>
</trkpt>
<trkpt lat="32.80577" lon="132.95569111111112">
<ele>22</ele>
</trkpt>
<trkpt lat="32.805411944444444" lon="132.95580305555555">
<ele>23</ele>
</trkpt>
<trkpt lat="32.803286944444444" lon="132.95639111111112">
<ele>32</ele>
</trkpt>
<trkpt lat="32.80088805555555" lon="132.95706611111112">
<ele>34</ele>
</trkpt>
<trkpt lat="32.80020388888889" lon="132.95727805555555">
<ele>37</ele>
</trkpt>
<trkpt lat="32.79984611111111" lon="132.95741611111112">
<ele>30</ele>
</trkpt>
<trkpt lat="32.799263055555556" lon="132.95765305555557">
<ele>9</ele>
</trkpt>
<trkpt lat="32.798563055555555" lon="132.95797805555554">
<ele>28</ele>
</trkpt>
<trkpt lat="32.79788805555555" lon="132.95835305555556">
<ele>9</ele>
</trkpt>
<trkpt lat="32.79688" lon="132.9589411111111">
<ele>51</ele>
</trkpt>
<trkpt lat="32.79581694444445" lon="132.9595461111111">
<ele>38</ele>
</trkpt>
<trkpt lat="32.79581694444445" lon="132.9595461111111">
<ele>38</ele>
</trkpt>
<trkpt lat="32.79525611111111" lon="132.9598661111111">
<ele>31</ele>
</trkpt>
<trkpt lat="32.79499694444444" lon="132.96001611111112">
<ele>37</ele>
</trkpt>
<trkpt lat="32.794471944444446" lon="132.96025305555557">
<ele>28</ele>
</trkpt>
<trkpt lat="32.79412194444444" lon="132.96042805555555">
<ele>39</ele>
</trkpt>
<trkpt lat="32.79347305555556" lon="132.960715">
<ele>40</ele>
</trkpt>
<trkpt lat="32.79293888888889" lon="132.96089">
<ele>40</ele>
</trkpt>
<trkpt lat="32.79217305555556" lon="132.961065">
<ele>40</ele>
</trkpt>
<trkpt lat="32.79168888888889" lon="132.961165">
<ele>40</ele>
</trkpt>
<trkpt lat="32.79118111111111" lon="132.96122805555555">
<ele>41</ele>
</trkpt>
<trkpt lat="32.790731111111114" lon="132.961265">
<ele>41</ele>
</trkpt>
<trkpt lat="32.79033111111111" lon="132.96127805555557">
<ele>41</ele>
</trkpt>
<trkpt lat="32.78958111111111" lon="132.96122805555555">
<ele>41</ele>
</trkpt>
<trkpt lat="32.78909" lon="132.96120305555556">
<ele>41</ele>
</trkpt>
<trkpt lat="32.78864" lon="132.9611911111111">
<ele>39</ele>
</trkpt>
<trkpt lat="32.78829805555556" lon="132.96114111111112">
<ele>38</ele>
</trkpt>
<trkpt lat="32.787373055555555" lon="132.9609661111111">
<ele>33</ele>
</trkpt>
<trkpt lat="32.787148888888886" lon="132.96095305555556">
<ele>28</ele>
</trkpt>
<trkpt lat="32.787056944444444" lon="132.96095305555556">
<ele>27</ele>
</trkpt>
<trkpt lat="32.78694" lon="132.96097805555556">
<ele>26</ele>
</trkpt>
<trkpt lat="32.78678194444444" lon="132.96104111111111">
<ele>26</ele>
</trkpt>
<trkpt lat="32.78662388888889" lon="132.96112805555555">
<ele>25</ele>
</trkpt>
<trkpt lat="32.78637388888889" lon="132.9613161111111">
<ele>24</ele>
</trkpt>
<trkpt lat="32.78579111111111" lon="132.96177805555556">
<ele>28</ele>
</trkpt>
<trkpt lat="32.78564111111111" lon="132.96184">
<ele>25</ele>
</trkpt>
<trkpt lat="32.785491111111114" lon="132.96184">
<ele>24</ele>
</trkpt>
<trkpt lat="32.78472388888889" lon="132.96157805555555">
<ele>23</ele>
</trkpt>
<trkpt lat="32.78444888888889" lon="132.9615161111111">
<ele>24</ele>
</trkpt>
<trkpt lat="32.784016111111114" lon="132.9614161111111">
<ele>23</ele>
</trkpt>
<trkpt lat="32.783923888888886" lon="132.96135305555555">
<ele>19</ele>
</trkpt>
<trkpt lat="32.78384111111111" lon="132.9612161111111">
<ele>16</ele>
</trkpt>
<trkpt lat="32.78364888888889" lon="132.9606411111111">
<ele>16</ele>
</trkpt>
<trkpt lat="32.78359888888889" lon="132.96052805555556">
<ele>14</ele>
</trkpt>
<trkpt lat="32.78352388888889" lon="132.96044111111112">
<ele>13</ele>
</trkpt>
<trkpt lat="32.78341611111111" lon="132.96037805555557">
<ele>14</ele>
</trkpt>
<trkpt lat="32.782941111111114" lon="132.96034111111112">
<ele>9</ele>
</trkpt>
<trkpt lat="32.782783055555555" lon="132.96030305555556">
<ele>9</ele>
</trkpt>
<trkpt lat="32.782108055555554" lon="132.96002805555557">
<ele>9</ele>
</trkpt>
<trkpt lat="32.78201611111111" lon="132.9600411111111">
<ele>9</ele>
</trkpt>
<trkpt lat="32.78183305555556" lon="132.9600411111111">
<ele>8</ele>
</trkpt>
<trkpt lat="32.781441111111114" lon="132.96001611111112">
<ele>9</ele>
</trkpt>
<trkpt lat="32.781016111111114" lon="132.95995305555556">
<ele>8</ele>
</trkpt>
<trkpt lat="32.78055" lon="132.95987805555555">
<ele>6</ele>
</trkpt>
<trkpt lat="32.780525" lon="132.95987805555555">
<ele>6</ele>
</trkpt>
<trkpt lat="32.78004111111111" lon="132.95980305555557">
<ele>4</ele>
</trkpt>
<trkpt lat="32.77995" lon="132.95979111111112">
<ele>3</ele>
</trkpt>
<trkpt lat="32.77968305555556" lon="132.95975305555555">
<ele>3</ele>
</trkpt>
<trkpt lat="32.77979111111111" lon="132.96066611111112">
<ele>3</ele>
</trkpt>
<trkpt lat="32.77983305555556" lon="132.9610661111111">
<ele>4</ele>
</trkpt>
<trkpt lat="32.77985805555556" lon="132.9611661111111">
<ele>5</ele>
</trkpt>
<trkpt lat="32.779725" lon="132.96120305555556">
<ele>5</ele>
</trkpt>
<trkpt lat="32.779316944444446" lon="132.96126611111112">
<ele>3</ele>
</trkpt>
<trkpt lat="32.77908305555555" lon="132.9612911111111">
<ele>4</ele>
</trkpt>
<trkpt lat="32.778908055555554" lon="132.9612911111111">
<ele>5</ele>
</trkpt>
<trkpt lat="32.77874194444444" lon="132.96126611111112">
<ele>4</ele>
</trkpt>
<trkpt lat="32.777925" lon="132.96112805555555">
<ele>7</ele>
</trkpt>
<trkpt lat="32.777675" lon="132.9610661111111">
<ele>6</ele>
</trkpt>
<trkpt lat="32.77751694444444" lon="132.96105305555557">
<ele>8</ele>
</trkpt>
<trkpt lat="32.777408888888885" lon="132.9610911111111">
<ele>6</ele>
</trkpt>
<trkpt lat="32.77726694444444" lon="132.9611661111111">
<ele>5</ele>
</trkpt>
<trkpt lat="32.77706694444444" lon="132.96132805555555">
<ele>3</ele>
</trkpt>
<trkpt lat="32.776941944444445" lon="132.9614411111111">
<ele>2</ele>
</trkpt>
<trkpt lat="32.77685" lon="132.96159111111112">
<ele>3</ele>
</trkpt>
<trkpt lat="32.77670888888889" lon="132.9618661111111">
<ele>3</ele>
</trkpt>
<trkpt lat="32.77588388888889" lon="132.96372805555555">
<ele>2</ele>
</trkpt>
<trkpt lat="32.775666944444446" lon="132.96414">
<ele>3</ele>
</trkpt>
<trkpt lat="32.775508888888886" lon="132.964515">
<ele>1</ele>
</trkpt>
<trkpt lat="32.77538388888889" lon="132.964865">
<ele>7</ele>
</trkpt>
<trkpt lat="32.775351111111114" lon="132.96509">
<ele>7</ele>
</trkpt>
<trkpt lat="32.775351111111114" lon="132.96529">
<ele>7</ele>
</trkpt>
<trkpt lat="32.77536805555555" lon="132.96550305555556">
<ele>6</ele>
</trkpt>
<trkpt lat="32.77543388888889" lon="132.96567694444445">
<ele>3</ele>
</trkpt>
<trkpt lat="32.77552611111111" lon="132.96580194444445">
<ele>3</ele>
</trkpt>
<trkpt lat="32.77612611111111" lon="132.96650194444445">
<ele>4</ele>
</trkpt>
<trkpt lat="32.77624194444444" lon="132.96660194444445">
<ele>4</ele>
</trkpt>
<trkpt lat="32.77661694444444" lon="132.96682694444445">
<ele>1</ele>
</trkpt>
<trkpt lat="32.77672611111111" lon="132.966915">
<ele>2</ele>
</trkpt>
<trkpt lat="32.77685888888889" lon="132.96705194444445">
<ele>2</ele>
</trkpt>
<trkpt lat="32.776941944444445" lon="132.967215">
<ele>3</ele>
</trkpt>
<trkpt lat="32.77700111111111" lon="132.96755194444444">
<ele>6</ele>
</trkpt>
<trkpt lat="32.776983888888886" lon="132.96772694444445">
<ele>3</ele>
</trkpt>
<trkpt lat="32.77692611111111" lon="132.96792694444446">
<ele>4</ele>
</trkpt>
<trkpt lat="32.77693388888889" lon="132.968315">
<ele>5</ele>
</trkpt>
<trkpt lat="32.776983888888886" lon="132.9684388888889">
<ele>4</ele>
</trkpt>
<trkpt lat="32.77706694444444" lon="132.96860194444446">
<ele>6</ele>
</trkpt>
<trkpt lat="32.77715888888889" lon="132.96872694444446">
<ele>6</ele>
</trkpt>
<trkpt lat="32.77725888888889" lon="132.96882694444446">
<ele>5</ele>
</trkpt>
<trkpt lat="32.77737611111111" lon="132.96890194444444">
<ele>5</ele>
</trkpt>
<trkpt lat="32.777566944444445" lon="132.9689888888889">
<ele>6</ele>
</trkpt>
<trkpt lat="32.77786694444445" lon="132.96907694444445">
<ele>5</ele>
</trkpt>
<trkpt lat="32.77953388888889" lon="132.96970194444444">
<ele>9</ele>
</trkpt>
<trkpt lat="32.7798" lon="132.96972694444443">
<ele>9</ele>
</trkpt>
<trkpt lat="32.780341944444444" lon="132.96973888888888">
<ele>9</ele>
</trkpt>
<trkpt lat="32.780408055555554" lon="132.96976388888888">
<ele>9</ele>
</trkpt>
<trkpt lat="32.78046694444444" lon="132.96980194444444">
<ele>9</ele>
</trkpt>
<trkpt lat="32.780625" lon="132.96990194444444">
<ele>9</ele>
</trkpt>
<trkpt lat="32.780925" lon="132.97012694444444">
<ele>9</ele>
</trkpt>
<trkpt lat="32.78115" lon="132.97027694444444">
<ele>9</ele>
</trkpt>
<trkpt lat="32.78138305555556" lon="132.97037694444444">
<ele>9</ele>
</trkpt>
<trkpt lat="32.781508055555555" lon="132.97045194444445">
<ele>9</ele>
</trkpt>
<trkpt lat="32.78165" lon="132.97052694444446">
<ele>9</ele>
</trkpt>
<trkpt lat="32.78189111111111" lon="132.97065194444446">
<ele>9</ele>
</trkpt>
<trkpt lat="32.782125" lon="132.97077694444445">
<ele>9</ele>
</trkpt>
<trkpt lat="32.78239111111111" lon="132.9709388888889">
<ele>9</ele>
</trkpt>
<trkpt lat="32.78256" lon="132.9710288888889">
<ele>9</ele>
</trkpt>
<trkpt lat="32.78256" lon="132.9710288888889">
<ele>9</ele>
</trkpt>
<trkpt lat="32.78335" lon="132.97145194444445">
<ele>9</ele>
</trkpt>
<trkpt lat="32.78504888888889" lon="132.9723011111111">
<ele>9</ele>
</trkpt>
<trkpt lat="32.78554111111111" lon="132.97247611111112">
<ele>9</ele>
</trkpt>
<trkpt lat="32.78592388888889" lon="132.97258888888888">
<ele>9</ele>
</trkpt>
<trkpt lat="32.78610694444444" lon="132.9726638888889">
<ele>9</ele>
</trkpt>
<trkpt lat="32.78626611111111" lon="132.9727511111111">
<ele>19</ele>
</trkpt>
<trkpt lat="32.78639888888889" lon="132.9728638888889">
<ele>17</ele>
</trkpt>
<trkpt lat="32.78664111111111" lon="132.9731261111111">
<ele>14</ele>
</trkpt>
<trkpt lat="32.78698305555555" lon="132.9735638888889">
<ele>13</ele>
</trkpt>
<trkpt lat="32.78754111111111" lon="132.9743138888889">
<ele>22</ele>
</trkpt>
<trkpt lat="32.788331944444444" lon="132.9753511111111">
<ele>28</ele>
</trkpt>
<trkpt lat="32.78847388888889" lon="132.9755011111111">
<ele>29</ele>
</trkpt>
<trkpt lat="32.78864111111111" lon="132.97565111111112">
<ele>30</ele>
</trkpt>
<trkpt lat="32.788981944444444" lon="132.97583805555556">
<ele>30</ele>
</trkpt>
<trkpt lat="32.79159888888889" lon="132.97721305555555">
<ele>19</ele>
</trkpt>
<trkpt lat="32.791865" lon="132.9773761111111">
<ele>18</ele>
</trkpt>
<trkpt lat="32.79202388888889" lon="132.9775511111111">
<ele>18</ele>
</trkpt>
<trkpt lat="32.79217305555556" lon="132.97778805555555">
<ele>17</ele>
</trkpt>
<trkpt lat="32.792406944444444" lon="132.97838805555557">
<ele>17</ele>
</trkpt>
<trkpt lat="32.79244888888889" lon="132.97848805555554">
<ele>13</ele>
</trkpt>
<trkpt lat="32.79257305555556" lon="132.97871305555554">
<ele>13</ele>
</trkpt>
<trkpt lat="32.79275694444444" lon="132.97891305555555">
<ele>12</ele>
</trkpt>
<trkpt lat="32.79327305555555" lon="132.9793">
<ele>13</ele>
</trkpt>
<trkpt lat="32.79340694444444" lon="132.9795">
<ele>13</ele>
</trkpt>
<trkpt lat="32.793465" lon="132.97968805555556">
<ele>12</ele>
</trkpt>
<trkpt lat="32.793465" lon="132.97985">
<ele>12</ele>
</trkpt>
<trkpt lat="32.79335694444445" lon="132.98026305555555">
<ele>13</ele>
</trkpt>
<trkpt lat="32.792765" lon="132.98228694444444">
<ele>15</ele>
</trkpt>
<trkpt lat="32.79246611111111" lon="132.98346194444446">
<ele>10</ele>
</trkpt>
<trkpt lat="32.79238194444444" lon="132.9840988888889">
<ele>9</ele>
</trkpt>
<trkpt lat="32.79232388888889" lon="132.98473694444445">
<ele>12</ele>
</trkpt>
<trkpt lat="32.79232388888889" lon="132.98498694444444">
<ele>12</ele>
</trkpt>
<trkpt lat="32.79238194444444" lon="132.98558694444444">
<ele>9</ele>
</trkpt>
<trkpt lat="32.79238194444444" lon="132.98584888888888">
<ele>9</ele>
</trkpt>
<trkpt lat="32.79229888888889" lon="132.98613694444444">
<ele>11</ele>
</trkpt>
<trkpt lat="32.79159111111111" lon="132.98756111111112">
<ele>12</ele>
</trkpt>
<trkpt lat="32.79140694444445" lon="132.9880738888889">
<ele>14</ele>
</trkpt>
<trkpt lat="32.79132388888889" lon="132.98834888888888">
<ele>15</ele>
</trkpt>
<trkpt lat="32.79126611111111" lon="132.9887611111111">
<ele>13</ele>
</trkpt>
<trkpt lat="32.791198888888886" lon="132.9888861111111">
<ele>15</ele>
</trkpt>
<trkpt lat="32.79112388888889" lon="132.9889738888889">
<ele>13</ele>
</trkpt>
<trkpt lat="32.79094888888889" lon="132.98913611111112">
<ele>12</ele>
</trkpt>
<trkpt lat="32.79085805555555" lon="132.98924888888888">
<ele>11</ele>
</trkpt>
<trkpt lat="32.79079111111111" lon="132.98937388888888">
<ele>10</ele>
</trkpt>
<trkpt lat="32.79076611111111" lon="132.9894611111111">
<ele>13</ele>
</trkpt>
<trkpt lat="32.79072388888889" lon="132.98959888888888">
<ele>12</ele>
</trkpt>
<trkpt lat="32.790733055555556" lon="132.9899611111111">
<ele>12</ele>
</trkpt>
<trkpt lat="32.79066611111111" lon="132.9902111111111">
<ele>14</ele>
</trkpt>
<trkpt lat="32.790375" lon="132.9906611111111">
<ele>14</ele>
</trkpt>
<trkpt lat="32.79026611111111" lon="132.99094888888888">
<ele>11</ele>
</trkpt>
<trkpt lat="32.79026611111111" lon="132.9911988888889">
<ele>10</ele>
</trkpt>
<trkpt lat="32.7905" lon="132.99173611111112">
<ele>0</ele>
</trkpt>
<trkpt lat="32.79055" lon="132.9920488888889">
<ele>2</ele>
</trkpt>
<trkpt lat="32.79058305555556" lon="132.99232305555554">
<ele>0</ele>
</trkpt>
<trkpt lat="32.79034111111111" lon="132.9937361111111">
<ele>0</ele>
</trkpt>
<trkpt lat="32.79025" lon="132.99399805555555">
<ele>0</ele>
</trkpt>
<trkpt lat="32.79006694444445" lon="132.99417305555556">
<ele>3</ele>
</trkpt>
<trkpt lat="32.78975" lon="132.9944361111111">
<ele>8</ele>
</trkpt>
<trkpt lat="32.78836694444445" lon="132.99509805555556">
<ele>7</ele>
</trkpt>
<trkpt lat="32.78738388888889" lon="132.9956611111111">
<ele>7</ele>
</trkpt>
<trkpt lat="32.787216944444445" lon="132.99581111111112">
<ele>6</ele>
</trkpt>
<trkpt lat="32.78715" lon="132.9958861111111">
<ele>6</ele>
</trkpt>
<trkpt lat="32.78708388888889" lon="132.9959861111111">
<ele>6</ele>
</trkpt>
<trkpt lat="32.78700111111111" lon="132.99614805555555">
<ele>3</ele>
</trkpt>
<trkpt lat="32.786816944444446" lon="132.99669805555556">
<ele>5</ele>
</trkpt>
<trkpt lat="32.786741944444444" lon="132.99683611111112">
<ele>4</ele>
</trkpt>
<trkpt lat="32.78640111111111" lon="132.9972611111111">
<ele>3</ele>
</trkpt>
<trkpt lat="32.786276111111114" lon="132.9974611111111">
<ele>2</ele>
</trkpt>
<trkpt lat="32.78623388888889" lon="132.99763611111112">
<ele>1</ele>
</trkpt>
<trkpt lat="32.78621694444445" lon="132.9978361111111">
<ele>6</ele>
</trkpt>
<trkpt lat="32.78624194444444" lon="132.9980611111111">
<ele>7</ele>
</trkpt>
<trkpt lat="32.786276111111114" lon="132.99821">
<ele>10</ele>
</trkpt>
<trkpt lat="32.786408888888886" lon="132.998535">
<ele>14</ele>
</trkpt>
<trkpt lat="32.78661694444445" lon="132.99886">
<ele>15</ele>
</trkpt>
<trkpt lat="32.78677611111111" lon="132.99911">
<ele>19</ele>
</trkpt>
<trkpt lat="32.78688388888889" lon="132.99939805555556">
<ele>25</ele>
</trkpt>
<trkpt lat="32.78695888888889" lon="132.999685">
<ele>25</ele>
</trkpt>
<trkpt lat="32.786991944444445" lon="132.99996">
<ele>26</ele>
</trkpt>
<trkpt lat="32.786966944444444" lon="133.00022305555555">
<ele>26</ele>
</trkpt>
<trkpt lat="32.78687611111111" lon="133.00084694444445">
<ele>36</ele>
</trkpt>
<trkpt lat="32.78684194444445" lon="133.00096">
<ele>36</ele>
</trkpt>
<trkpt lat="32.786768055555555" lon="133.00119805555556">
<ele>38</ele>
</trkpt>
<trkpt lat="32.78668388888889" lon="133.00132305555556">
<ele>38</ele>
</trkpt>
<trkpt lat="32.78658388888889" lon="133.001435">
<ele>40</ele>
</trkpt>
<trkpt lat="32.78645111111111" lon="133.00152194444445">
<ele>41</ele>
</trkpt>
<trkpt lat="32.78600888888889" lon="133.00162194444445">
<ele>43</ele>
</trkpt>
<trkpt lat="32.78584305555555" lon="133.001685">
<ele>43</ele>
</trkpt>
<trkpt lat="32.78570888888889" lon="133.00177194444444">
<ele>44</ele>
</trkpt>
<trkpt lat="32.78550111111111" lon="133.00194694444446">
<ele>43</ele>
</trkpt>
<trkpt lat="32.78536805555556" lon="133.00199694444444">
<ele>44</ele>
</trkpt>
<trkpt lat="32.78521805555555" lon="133.00199694444444">
<ele>44</ele>
</trkpt>
<trkpt lat="32.78503388888889" lon="133.00196">
<ele>43</ele>
</trkpt>
<trkpt lat="32.78429305555556" lon="133.00161">
<ele>46</ele>
</trkpt>
<trkpt lat="32.784126111111114" lon="133.001485">
<ele>50</ele>
</trkpt>
<trkpt lat="32.784018055555556" lon="133.001335">
<ele>51</ele>
</trkpt>
<trkpt lat="32.78384305555556" lon="133.000935">
<ele>53</ele>
</trkpt>
<trkpt lat="32.78368388888889" lon="133.00057305555555">
<ele>50</ele>
</trkpt>
<trkpt lat="32.78358388888889" lon="133.00041">
<ele>49</ele>
</trkpt>
<trkpt lat="32.78332611111111" lon="133.000185">
<ele>48</ele>
</trkpt>
<trkpt lat="32.78301805555556" lon="133.00001">
<ele>47</ele>
</trkpt>
<trkpt lat="32.782893055555554" lon="132.99997305555556">
<ele>48</ele>
</trkpt>
<trkpt lat="32.782758888888885" lon="132.99996">
<ele>47</ele>
</trkpt>
<trkpt lat="32.782626111111114" lon="132.99997305555556">
<ele>47</ele>
</trkpt>
<trkpt lat="32.782268055555555" lon="133.000035">
<ele>46</ele>
</trkpt>
<trkpt lat="32.78212611111111" lon="133.00012305555555">
<ele>43</ele>
</trkpt>
<trkpt lat="32.78202611111111" lon="133.000235">
<ele>40</ele>
</trkpt>
<trkpt lat="32.78192611111111" lon="133.00037305555554">
<ele>41</ele>
</trkpt>
<trkpt lat="32.781843055555555" lon="133.00054805555556">
<ele>49</ele>
</trkpt>
<trkpt lat="32.78180111111111" lon="133.00079805555555">
<ele>53</ele>
</trkpt>
<trkpt lat="32.781776111111114" lon="133.00089805555555">
<ele>54</ele>
</trkpt>
<trkpt lat="32.78166" lon="133.00106">
<ele>53</ele>
</trkpt>
<trkpt lat="32.781418055555555" lon="133.001385">
<ele>52</ele>
</trkpt>
<trkpt lat="32.780793055555556" lon="133.00189805555556">
<ele>50</ele>
</trkpt>
<trkpt lat="32.78065194444444" lon="133.001935">
<ele>51</ele>
</trkpt>
<trkpt lat="32.780375" lon="133.00197305555557">
<ele>48</ele>
</trkpt>
<trkpt lat="32.780375" lon="133.0019738888889">
<ele>48</ele>
</trkpt>
<trkpt lat="32.78011" lon="133.00201">
<ele>45</ele>
</trkpt>
<trkpt lat="32.77999305555556" lon="133.00204805555555">
<ele>49</ele>
</trkpt>
<trkpt lat="32.77981805555556" lon="133.00211">
<ele>53</ele>
</trkpt>
<trkpt lat="32.77970194444445" lon="133.00239805555555">
<ele>56</ele>
</trkpt>
<trkpt lat="32.77959305555556" lon="133.002535">
<ele>57</ele>
</trkpt>
<trkpt lat="32.77946" lon="133.002635">
<ele>57</ele>
</trkpt>
<trkpt lat="32.779268888888886" lon="133.00271">
<ele>58</ele>
</trkpt>
<trkpt lat="32.779035" lon="133.00277305555556">
<ele>58</ele>
</trkpt>
<trkpt lat="32.778885" lon="133.00279805555556">
<ele>58</ele>
</trkpt>
<trkpt lat="32.77796" lon="133.003685">
<ele>58</ele>
</trkpt>
<trkpt lat="32.77737694444444" lon="133.00429805555555">
<ele>58</ele>
</trkpt>
<trkpt lat="32.77711111111111" lon="133.00457305555557">
<ele>52</ele>
</trkpt>
<trkpt lat="32.776826944444444" lon="133.00486">
<ele>51</ele>
</trkpt>
<trkpt lat="32.77644388888889" lon="133.00516">
<ele>57</ele>
</trkpt>
<trkpt lat="32.77591888888889" lon="133.00546">
<ele>56</ele>
</trkpt>
<trkpt lat="32.77553611111111" lon="133.00561">
<ele>58</ele>
</trkpt>
<trkpt lat="32.77516888888889" lon="133.00574805555556">
<ele>57</ele>
</trkpt>
<trkpt lat="32.77503611111111" lon="133.00576">
<ele>58</ele>
</trkpt>
<trkpt lat="32.77473611111111" lon="133.00571">
<ele>54</ele>
</trkpt>
<trkpt lat="32.774568888888886" lon="133.00571">
<ele>51</ele>
</trkpt>
<trkpt lat="32.77446111111111" lon="133.00574805555556">
<ele>49</ele>
</trkpt>
<trkpt lat="32.77432694444445" lon="133.00587305555555">
<ele>48</ele>
</trkpt>
<trkpt lat="32.77414388888889" lon="133.00616">
<ele>45</ele>
</trkpt>
<trkpt lat="32.773986111111114" lon="133.00637194444445">
<ele>50</ele>
</trkpt>
<trkpt lat="32.77386111111111" lon="133.00666">
<ele>53</ele>
</trkpt>
<trkpt lat="32.77371111111111" lon="133.006935">
<ele>52</ele>
</trkpt>
<trkpt lat="32.77356888888889" lon="133.007135">
<ele>52</ele>
</trkpt>
<trkpt lat="32.77343611111111" lon="133.00731">
<ele>52</ele>
</trkpt>
<trkpt lat="32.773153055555554" lon="133.007485">
<ele>52</ele>
</trkpt>
<trkpt lat="32.77291888888889" lon="133.00757305555555">
<ele>52</ele>
</trkpt>
<trkpt lat="32.77267805555555" lon="133.007585">
<ele>53</ele>
</trkpt>
<trkpt lat="32.77246888888889" lon="133.00756">
<ele>54</ele>
</trkpt>
<trkpt lat="32.77223611111111" lon="133.007485">
<ele>56</ele>
</trkpt>
<trkpt lat="32.771436111111115" lon="133.00697305555556">
<ele>59</ele>
</trkpt>
<trkpt lat="32.77108611111111" lon="133.00667305555555">
<ele>58</ele>
</trkpt>
<trkpt lat="32.77076111111111" lon="133.00636">
<ele>59</ele>
</trkpt>
<trkpt lat="32.770545" lon="133.006185">
<ele>59</ele>
</trkpt>
<trkpt lat="32.77038611111111" lon="133.00612305555555">
<ele>59</ele>
</trkpt>
<trkpt lat="32.77027" lon="133.00612305555555">
<ele>59</ele>
</trkpt>
<trkpt lat="32.770136111111114" lon="133.00616">
<ele>59</ele>
</trkpt>
<trkpt lat="32.76968611111111" lon="133.006435">
<ele>64</ele>
</trkpt>
<trkpt lat="32.769545" lon="133.006485">
<ele>63</ele>
</trkpt>
<trkpt lat="32.76945305555556" lon="133.00647305555555">
<ele>63</ele>
</trkpt>
<trkpt lat="32.769378055555556" lon="133.006435">
<ele>63</ele>
</trkpt>
<trkpt lat="32.76918611111111" lon="133.006135">
<ele>65</ele>
</trkpt>
<trkpt lat="32.769095" lon="133.00604805555557">
<ele>66</ele>
</trkpt>
<trkpt lat="32.768995" lon="133.00601111111112">
<ele>68</ele>
</trkpt>
<trkpt lat="32.768595" lon="133.00603611111111">
<ele>68</ele>
</trkpt>
<trkpt lat="32.768395" lon="133.00604805555557">
<ele>65</ele>
</trkpt>
<trkpt lat="32.768295" lon="133.00607305555556">
<ele>66</ele>
</trkpt>
<trkpt lat="32.767536944444444" lon="133.0066361111111">
<ele>67</ele>
</trkpt>
<trkpt lat="32.767378055555554" lon="133.00668611111112">
<ele>67</ele>
</trkpt>
<trkpt lat="32.76727" lon="133.00669805555555">
<ele>67</ele>
</trkpt>
<trkpt lat="32.767145" lon="133.0066611111111">
<ele>68</ele>
</trkpt>
<trkpt lat="32.766978055555555" lon="133.0065361111111">
<ele>67</ele>
</trkpt>
<trkpt lat="32.766886944444444" lon="133.0065111111111">
<ele>65</ele>
</trkpt>
<trkpt lat="32.766795" lon="133.0065361111111">
<ele>65</ele>
</trkpt>
<trkpt lat="32.766711944444445" lon="133.0066361111111">
<ele>65</ele>
</trkpt>
<trkpt lat="32.766445" lon="133.0072111111111">
<ele>58</ele>
</trkpt>
<trkpt lat="32.76642888888889" lon="133.00736">
<ele>56</ele>
</trkpt>
<trkpt lat="32.766461944444444" lon="133.007635">
<ele>56</ele>
</trkpt>
<trkpt lat="32.766445" lon="133.00777305555556">
<ele>56</ele>
</trkpt>
<trkpt lat="32.76637888888889" lon="133.00791">
<ele>57</ele>
</trkpt>
<trkpt lat="32.766045" lon="133.00831">
<ele>59</ele>
</trkpt>
<trkpt lat="32.765436944444446" lon="133.00859805555555">
<ele>58</ele>
</trkpt>
<trkpt lat="32.76537" lon="133.00864805555557">
<ele>58</ele>
</trkpt>
<trkpt lat="32.76533694444444" lon="133.008735">
<ele>57</ele>
</trkpt>
<trkpt lat="32.76536194444444" lon="133.00927305555555">
<ele>54</ele>
</trkpt>
<trkpt lat="32.765345" lon="133.00942305555554">
<ele>54</ele>
</trkpt>
<trkpt lat="32.76526194444445" lon="133.009585">
<ele>55</ele>
</trkpt>
<trkpt lat="32.76493694444444" lon="133.00994805555555">
<ele>56</ele>
</trkpt>
<trkpt lat="32.76464611111111" lon="133.01021">
<ele>57</ele>
</trkpt>
<trkpt lat="32.763936944444445" lon="133.01069805555557">
<ele>56</ele>
</trkpt>
<trkpt lat="32.763846111111114" lon="133.01074805555555">
<ele>54</ele>
</trkpt>
<trkpt lat="32.763753888888886" lon="133.01074805555555">
<ele>53</ele>
</trkpt>
<trkpt lat="32.76366194444444" lon="133.01072305555556">
<ele>52</ele>
</trkpt>
<trkpt lat="32.76356194444445" lon="133.010635">
<ele>54</ele>
</trkpt>
<trkpt lat="32.76325388888889" lon="133.01019805555555">
<ele>54</ele>
</trkpt>
<trkpt lat="32.76274611111111" lon="133.009885">
<ele>54</ele>
</trkpt>
<trkpt lat="32.76262888888889" lon="133.009785">
<ele>50</ele>
</trkpt>
<trkpt lat="32.762546111111114" lon="133.00977305555554">
<ele>46</ele>
</trkpt>
<trkpt lat="32.76247111111111" lon="133.00981">
<ele>46</ele>
</trkpt>
<trkpt lat="32.76240388888889" lon="133.01001">
<ele>53</ele>
</trkpt>
<trkpt lat="32.76242888888889" lon="133.01011">
<ele>53</ele>
</trkpt>
<trkpt lat="32.76251194444445" lon="133.010235">
<ele>49</ele>
</trkpt>
<trkpt lat="32.76285388888889" lon="133.01047305555556">
<ele>50</ele>
</trkpt>
<trkpt lat="32.762903888888886" lon="133.01054805555555">
<ele>43</ele>
</trkpt>
<trkpt lat="32.762886944444446" lon="133.01064805555555">
<ele>52</ele>
</trkpt>
<trkpt lat="32.76279611111111" lon="133.01079805555557">
<ele>51</ele>
</trkpt>
<trkpt lat="32.76217888888889" lon="133.01147305555557">
<ele>56</ele>
</trkpt>
<trkpt lat="32.761963055555555" lon="133.01162305555556">
<ele>58</ele>
</trkpt>
<trkpt lat="32.76162111111111" lon="133.01182305555557">
<ele>61</ele>
</trkpt>
<trkpt lat="32.76143805555556" lon="133.01184805555556">
<ele>63</ele>
</trkpt>
<trkpt lat="32.76124611111111" lon="133.01181">
<ele>63</ele>
</trkpt>
<trkpt lat="32.76081305555556" lon="133.01167305555555">
<ele>67</ele>
</trkpt>
<trkpt lat="32.75968805555556" lon="133.01147305555557">
<ele>59</ele>
</trkpt>
<trkpt lat="32.75947111111111" lon="133.01144805555555">
<ele>59</ele>
</trkpt>
<trkpt lat="32.75924611111111" lon="133.011485">
<ele>65</ele>
</trkpt>
<trkpt lat="32.758788055555556" lon="133.01162305555556">
<ele>65</ele>
</trkpt>
<trkpt lat="32.75799694444444" lon="133.011835">
<ele>65</ele>
</trkpt>
<trkpt lat="32.75777194444444" lon="133.01186">
<ele>65</ele>
</trkpt>
<trkpt lat="32.75756305555556" lon="133.01181">
<ele>65</ele>
</trkpt>
<trkpt lat="32.757021944444446" lon="133.01162305555556">
<ele>67</ele>
</trkpt>
<trkpt lat="32.75639694444445" lon="133.01131">
<ele>68</ele>
</trkpt>
<trkpt lat="32.756096944444444" lon="133.01107305555556">
<ele>66</ele>
</trkpt>
<trkpt lat="32.75588" lon="133.01082305555556">
<ele>62</ele>
</trkpt>
<trkpt lat="32.75573888888889" lon="133.0107111111111">
<ele>59</ele>
</trkpt>
<trkpt lat="32.75562194444444" lon="133.01069805555557">
<ele>58</ele>
</trkpt>
<trkpt lat="32.75548888888889" lon="133.0107361111111">
<ele>58</ele>
</trkpt>
<trkpt lat="32.75498888888889" lon="133.01117305555556">
<ele>56</ele>
</trkpt>
<trkpt lat="32.75483888888889" lon="133.01123611111112">
<ele>56</ele>
</trkpt>
<trkpt lat="32.754688888888886" lon="133.01121111111112">
<ele>59</ele>
</trkpt>
<trkpt lat="32.75452194444444" lon="133.01111111111112">
<ele>59</ele>
</trkpt>
<trkpt lat="32.75431388888889" lon="133.01101111111112">
<ele>54</ele>
</trkpt>
<trkpt lat="32.75416388888889" lon="133.01101111111112">
<ele>51</ele>
</trkpt>
<trkpt lat="32.75403111111111" lon="133.01107305555556">
<ele>48</ele>
</trkpt>
<trkpt lat="32.75392194444444" lon="133.01119805555555">
<ele>47</ele>
</trkpt>
<trkpt lat="32.75387194444444" lon="133.0114111111111">
<ele>55</ele>
</trkpt>
<trkpt lat="32.75396388888889" lon="133.0119861111111">
<ele>53</ele>
</trkpt>
<trkpt lat="32.753931111111115" lon="133.01222305555555">
<ele>53</ele>
</trkpt>
<trkpt lat="32.75384694444445" lon="133.01236">
<ele>56</ele>
</trkpt>
<trkpt lat="32.75371388888889" lon="133.01247305555555">
<ele>58</ele>
</trkpt>
<trkpt lat="32.75344694444444" lon="133.01257305555555">
<ele>61</ele>
</trkpt>
<trkpt lat="32.753171944444446" lon="133.01262305555557">
<ele>61</ele>
</trkpt>
<trkpt lat="32.75268111111111" lon="133.0126611111111">
<ele>64</ele>
</trkpt>
<trkpt lat="32.75181388888889" lon="133.0127361111111">
<ele>82</ele>
</trkpt>
<trkpt lat="32.75016388888889" lon="133.01287305555556">
<ele>93</ele>
</trkpt>
<trkpt lat="32.749673055555554" lon="133.01293611111112">
<ele>94</ele>
</trkpt>
<trkpt lat="32.749406111111114" lon="133.0130111111111">
<ele>95</ele>
</trkpt>
<trkpt lat="32.74923111111111" lon="133.01309805555556">
<ele>96</ele>
</trkpt>
<trkpt lat="32.74899805555555" lon="133.01324805555555">
<ele>94</ele>
</trkpt>
<trkpt lat="32.74870611111111" lon="133.01344805555556">
<ele>92</ele>
</trkpt>
<trkpt lat="32.748215" lon="133.01384805555554">
<ele>97</ele>
</trkpt>
<trkpt lat="32.748015" lon="133.0140111111111">
<ele>94</ele>
</trkpt>
<trkpt lat="32.74773111111111" lon="133.01426111111113">
<ele>91</ele>
</trkpt>
<trkpt lat="32.74749805555555" lon="133.01444805555556">
<ele>90</ele>
</trkpt>
<trkpt lat="32.74724" lon="133.01454805555557">
<ele>91</ele>
</trkpt>
<trkpt lat="32.74699805555556" lon="133.01457305555556">
<ele>87</ele>
</trkpt>
<trkpt lat="32.746631944444445" lon="133.01459805555555">
<ele>96</ele>
</trkpt>
<trkpt lat="32.746498055555556" lon="133.01463611111112">
<ele>100</ele>
</trkpt>
<trkpt lat="32.746248055555554" lon="133.01474805555554">
<ele>101</ele>
</trkpt>
<trkpt lat="32.746073055555556" lon="133.0148111111111">
<ele>100</ele>
</trkpt>
<trkpt lat="32.74557305555555" lon="133.01486111111112">
<ele>105</ele>
</trkpt>
<trkpt lat="32.74523194444444" lon="133.0148861111111">
<ele>103</ele>
</trkpt>
<trkpt lat="32.74480694444444" lon="133.0150111111111">
<ele>110</ele>
</trkpt>
<trkpt lat="32.744306944444446" lon="133.01519805555554">
<ele>119</ele>
</trkpt>
<trkpt lat="32.744215" lon="133.01522305555557">
<ele>122</ele>
</trkpt>
<trkpt lat="32.74344888888889" lon="133.0153611111111">
<ele>121</ele>
</trkpt>
<trkpt lat="32.74325694444445" lon="133.0153611111111">
<ele>120</ele>
</trkpt>
<trkpt lat="32.74312388888889" lon="133.01529805555555">
<ele>122</ele>
</trkpt>
<trkpt lat="32.74297388888889" lon="133.01514805555556">
<ele>122</ele>
</trkpt>
<trkpt lat="32.74284888888889" lon="133.01508611111112">
<ele>123</ele>
</trkpt>
<trkpt lat="32.742731944444444" lon="133.01508611111112">
<ele>122</ele>
</trkpt>
<trkpt lat="32.74259111111111" lon="133.01514805555556">
<ele>122</ele>
</trkpt>
<trkpt lat="32.74244111111111" lon="133.01528611111112">
<ele>124</ele>
</trkpt>
<trkpt lat="32.74229111111111" lon="133.0153361111111">
<ele>122</ele>
</trkpt>
<trkpt lat="32.74126611111111" lon="133.01527305555555">
<ele>124</ele>
</trkpt>
<trkpt lat="32.740808055555554" lon="133.01527305555555">
<ele>122</ele>
</trkpt>
<trkpt lat="32.74064111111111" lon="133.01529805555555">
<ele>125</ele>
</trkpt>
<trkpt lat="32.740456944444446" lon="133.01534805555556">
<ele>123</ele>
</trkpt>
<trkpt lat="32.74013305555555" lon="133.01549805555555">
<ele>121</ele>
</trkpt>
<trkpt lat="32.740048888888886" lon="133.01551111111112">
<ele>122</ele>
</trkpt>
<trkpt lat="32.73952388888889" lon="133.01557305555556">
<ele>123</ele>
</trkpt>
<trkpt lat="32.73941611111111" lon="133.0156111111111">
<ele>124</ele>
</trkpt>
<trkpt lat="32.73911611111111" lon="133.01573611111112">
<ele>124</ele>
</trkpt>
<trkpt lat="32.73851611111111" lon="133.01586111111112">
<ele>127</ele>
</trkpt>
<trkpt lat="32.737825" lon="133.01617305555556">
<ele>126</ele>
</trkpt>
<trkpt lat="32.73764111111111" lon="133.0162611111111">
<ele>125</ele>
</trkpt>
<trkpt lat="32.73749111111111" lon="133.0162861111111">
<ele>125</ele>
</trkpt>
<trkpt lat="32.73664111111111" lon="133.01643611111112">
<ele>126</ele>
</trkpt>
<trkpt lat="32.736475" lon="133.01647305555556">
<ele>124</ele>
</trkpt>
<trkpt lat="32.73583305555555" lon="133.01664805555555">
<ele>126</ele>
</trkpt>
<trkpt lat="32.73533111111111" lon="133.01686388888888">
<ele>119</ele>
</trkpt>
<trkpt lat="32.73533111111111" lon="133.01686305555555">
<ele>119</ele>
</trkpt>
<trkpt lat="32.73513305555556" lon="133.01694805555556">
<ele>116</ele>
</trkpt>
<trkpt lat="32.73471694444444" lon="133.0171361111111">
<ele>99</ele>
</trkpt>
<trkpt lat="32.73455805555555" lon="133.01724805555557">
<ele>111</ele>
</trkpt>
<trkpt lat="32.734383888888885" lon="133.0173861111111">
<ele>115</ele>
</trkpt>
<trkpt lat="32.734141944444445" lon="133.0176361111111">
<ele>113</ele>
</trkpt>
<trkpt lat="32.73399194444445" lon="133.0177611111111">
<ele>112</ele>
</trkpt>
<trkpt lat="32.7339" lon="133.01782305555557">
<ele>109</ele>
</trkpt>
<trkpt lat="32.73380888888889" lon="133.01787305555555">
<ele>110</ele>
</trkpt>
<trkpt lat="32.733666944444444" lon="133.01791111111112">
<ele>108</ele>
</trkpt>
<trkpt lat="32.73331694444445" lon="133.01794805555556">
<ele>109</ele>
</trkpt>
<trkpt lat="32.73313388888889" lon="133.01797305555556">
<ele>109</ele>
</trkpt>
<trkpt lat="32.73294194444444" lon="133.0180611111111">
<ele>111</ele>
</trkpt>
<trkpt lat="32.732725" lon="133.01817305555556">
<ele>108</ele>
</trkpt>
<trkpt lat="32.73258388888889" lon="133.01826111111112">
<ele>101</ele>
</trkpt>
<trkpt lat="32.732483888888886" lon="133.0183111111111">
<ele>103</ele>
</trkpt>
<trkpt lat="32.732391944444444" lon="133.01834805555555">
<ele>98</ele>
</trkpt>
<trkpt lat="32.73222611111111" lon="133.01837305555554">
<ele>98</ele>
</trkpt>
<trkpt lat="32.73205111111111" lon="133.0183861111111">
<ele>98</ele>
</trkpt>
<trkpt lat="32.731701111111114" lon="133.0184361111111">
<ele>98</ele>
</trkpt>
<trkpt lat="32.731341944444445" lon="133.0185111111111">
<ele>98</ele>
</trkpt>
<trkpt lat="32.73130888888889" lon="133.01852305555556">
<ele>90</ele>
</trkpt>
<trkpt lat="32.73125111111111" lon="133.01854805555556">
<ele>90</ele>
</trkpt>
<trkpt lat="32.73119194444445" lon="133.01857305555555">
<ele>84</ele>
</trkpt>
<trkpt lat="32.73103388888889" lon="133.01869805555555">
<ele>80</ele>
</trkpt>
<trkpt lat="32.73097611111111" lon="133.0187611111111">
<ele>84</ele>
</trkpt>
<trkpt lat="32.73092611111111" lon="133.01884805555557">
<ele>82</ele>
</trkpt>
<trkpt lat="32.73087611111111" lon="133.0189611111111">
<ele>85</ele>
</trkpt>
<trkpt lat="32.730826111111114" lon="133.01909805555556">
<ele>84</ele>
</trkpt>
<trkpt lat="32.730643055555554" lon="133.0196861111111">
<ele>85</ele>
</trkpt>
<trkpt lat="32.73058388888889" lon="133.0197861111111">
<ele>83</ele>
</trkpt>
<trkpt lat="32.73045111111111" lon="133.01996111111112">
<ele>83</ele>
</trkpt>
<trkpt lat="32.73035888888889" lon="133.02002305555555">
<ele>82</ele>
</trkpt>
<trkpt lat="32.73016805555555" lon="133.02012305555556">
<ele>82</ele>
</trkpt>
<trkpt lat="32.730068055555556" lon="133.02014805555555">
<ele>83</ele>
</trkpt>
<trkpt lat="32.72999305555555" lon="133.02017305555555">
<ele>84</ele>
</trkpt>
<trkpt lat="32.729793055555554" lon="133.02027305555555">
<ele>83</ele>
</trkpt>
<trkpt lat="32.72929194444445" lon="133.02039805555555">
<ele>77</ele>
</trkpt>
<trkpt lat="32.72875111111111" lon="133.02041111111112">
<ele>77</ele>
</trkpt>
<trkpt lat="32.72845888888889" lon="133.02032305555556">
<ele>77</ele>
</trkpt>
<trkpt lat="32.72828388888889" lon="133.02022305555556">
<ele>73</ele>
</trkpt>
<trkpt lat="32.728143055555556" lon="133.02009805555556">
<ele>77</ele>
</trkpt>
<trkpt lat="32.727558888888886" lon="133.01954805555556">
<ele>76</ele>
</trkpt>
<trkpt lat="32.72738388888889" lon="133.0194611111111">
<ele>74</ele>
</trkpt>
<trkpt lat="32.72685888888889" lon="133.01948611111112">
<ele>67</ele>
</trkpt>
<trkpt lat="32.72634305555555" lon="133.01954805555556">
<ele>61</ele>
</trkpt>
<trkpt lat="32.72605111111111" lon="133.01948611111112">
<ele>58</ele>
</trkpt>
<trkpt lat="32.72582611111111" lon="133.01937388888888">
<ele>58</ele>
</trkpt>
<trkpt lat="32.72571" lon="133.0192238888889">
<ele>57</ele>
</trkpt>
<trkpt lat="32.72510111111111" lon="133.01781111111111">
<ele>58</ele>
</trkpt>
<trkpt lat="32.72500111111111" lon="133.0176988888889">
<ele>59</ele>
</trkpt>
<trkpt lat="32.72482611111111" lon="133.0171738888889">
<ele>64</ele>
</trkpt>
<trkpt lat="32.724785" lon="133.01711111111112">
<ele>64</ele>
</trkpt>
<trkpt lat="32.72464305555555" lon="133.0169488888889">
<ele>63</ele>
</trkpt>
<trkpt lat="32.72461" lon="133.0168611111111">
<ele>63</ele>
</trkpt>
<trkpt lat="32.72456" lon="133.0166238888889">
<ele>65</ele>
</trkpt>
<trkpt lat="32.72455111111111" lon="133.0164111111111">
<ele>64</ele>
</trkpt>
<trkpt lat="32.724693055555555" lon="133.01517388888888">
<ele>66</ele>
</trkpt>
<trkpt lat="32.72470111111111" lon="133.01508611111112">
<ele>65</ele>
</trkpt>
<trkpt lat="32.72468388888889" lon="133.0148738888889">
<ele>63</ele>
</trkpt>
<trkpt lat="32.72461805555555" lon="133.01441111111112">
<ele>57</ele>
</trkpt>
<trkpt lat="32.72463388888889" lon="133.01404888888888">
<ele>54</ele>
</trkpt>
<trkpt lat="32.72470111111111" lon="133.01371194444445">
<ele>51</ele>
</trkpt>
<trkpt lat="32.72481805555555" lon="133.01331194444444">
<ele>44</ele>
</trkpt>
<trkpt lat="32.72502611111111" lon="133.0127488888889">
<ele>45</ele>
</trkpt>
<trkpt lat="32.725293055555554" lon="133.01202388888888">
<ele>43</ele>
</trkpt>
<trkpt lat="32.72540111111111" lon="133.01171194444444">
<ele>42</ele>
</trkpt>
<trkpt lat="32.72572611111111" lon="133.01076194444445">
<ele>53</ele>
</trkpt>
<trkpt lat="32.725768055555555" lon="133.01053694444445">
<ele>52</ele>
</trkpt>
<trkpt lat="32.72578388888889" lon="133.0104488888889">
<ele>53</ele>
</trkpt>
<trkpt lat="32.72580111111111" lon="133.0103738888889">
<ele>53</ele>
</trkpt>
<trkpt lat="32.72582611111111" lon="133.00871194444446">
<ele>56</ele>
</trkpt>
<trkpt lat="32.72580888888889" lon="133.00826194444446">
<ele>57</ele>
</trkpt>
<trkpt lat="32.725943055555554" lon="133.008025">
<ele>62</ele>
</trkpt>
<trkpt lat="32.72602611111111" lon="133.00801194444443">
<ele>66</ele>
</trkpt>
<trkpt lat="32.72615111111111" lon="133.00803694444446">
<ele>70</ele>
</trkpt>
<trkpt lat="32.72622611111111" lon="133.008125">
<ele>74</ele>
</trkpt>
<trkpt lat="32.726416944444445" lon="133.0084488888889">
<ele>71</ele>
</trkpt>
<trkpt lat="32.726551111111114" lon="133.00861194444445">
<ele>71</ele>
</trkpt>
<trkpt lat="32.72665888888889" lon="133.00866194444444">
<ele>71</ele>
</trkpt>
<trkpt lat="32.72675888888889" lon="133.00862388888888">
<ele>72</ele>
</trkpt>
<trkpt lat="32.72682611111111" lon="133.0085238888889">
<ele>76</ele>
</trkpt>
<trkpt lat="32.72680888888889" lon="133.0084238888889">
<ele>77</ele>
</trkpt>
<trkpt lat="32.72674305555555" lon="133.0083238888889">
<ele>78</ele>
</trkpt>
<trkpt lat="32.72628388888889" lon="133.007625">
<ele>84</ele>
</trkpt>
<trkpt lat="32.72615111111111" lon="133.00738694444445">
<ele>85</ele>
</trkpt>
<trkpt lat="32.72610111111111" lon="133.0072">
<ele>83</ele>
</trkpt>
<trkpt lat="32.72610111111111" lon="133.00701194444446">
<ele>83</ele>
</trkpt>
<trkpt lat="32.72613388888889" lon="133.006825">
<ele>85</ele>
</trkpt>
<trkpt lat="32.726193055555555" lon="133.006725">
<ele>85</ele>
</trkpt>
<trkpt lat="32.72705888888889" lon="133.00565">
<ele>97</ele>
</trkpt>
<trkpt lat="32.727018055555554" lon="133.00556194444445">
<ele>97</ele>
</trkpt>
<trkpt lat="32.727001111111115" lon="133.00545">
<ele>96</ele>
</trkpt>
<trkpt lat="32.727068055555556" lon="133.004925">
<ele>91</ele>
</trkpt>
<trkpt lat="32.72703388888889" lon="133.00466194444445">
<ele>93</ele>
</trkpt>
<trkpt lat="32.726908888888886" lon="133.004125">
<ele>87</ele>
</trkpt>
<trkpt lat="32.72685111111111" lon="133.0038">
<ele>84</ele>
</trkpt>
<trkpt lat="32.72683388888889" lon="133.003">
<ele>85</ele>
</trkpt>
<trkpt lat="32.72675888888889" lon="133.00266305555556">
<ele>80</ele>
</trkpt>
<trkpt lat="32.72665888888889" lon="133.00246305555555">
<ele>76</ele>
</trkpt>
<trkpt lat="32.72640888888889" lon="133.002225">
<ele>76</ele>
</trkpt>
<trkpt lat="32.725833888888886" lon="133.001725">
<ele>74</ele>
</trkpt>
<trkpt lat="32.72567611111111" lon="133.001375">
<ele>77</ele>
</trkpt>
<trkpt lat="32.72560111111111" lon="133.00111305555555">
<ele>75</ele>
</trkpt>
<trkpt lat="32.725568055555556" lon="133.000875">
<ele>76</ele>
</trkpt>
<trkpt lat="32.725591944444446" lon="133.00063805555556">
<ele>76</ele>
</trkpt>
<trkpt lat="32.72568388888889" lon="133.00001305555554">
<ele>77</ele>
</trkpt>
<trkpt lat="32.725766944444445" lon="132.99966305555554">
<ele>73</ele>
</trkpt>
<trkpt lat="32.725926111111114" lon="132.9992761111111">
<ele>75</ele>
</trkpt>
<trkpt lat="32.72604194444445" lon="132.99911305555557">
<ele>76</ele>
</trkpt>
<trkpt lat="32.72614194444444" lon="132.99903805555556">
<ele>77</ele>
</trkpt>
<trkpt lat="32.72629194444445" lon="132.9990261111111">
<ele>77</ele>
</trkpt>
<trkpt lat="32.726441944444446" lon="132.9990511111111">
<ele>77</ele>
</trkpt>
<trkpt lat="32.72688388888889" lon="132.99926305555556">
<ele>76</ele>
</trkpt>
<trkpt lat="32.72705888888889" lon="132.99930111111112">
<ele>76</ele>
</trkpt>
<trkpt lat="32.72715888888889" lon="132.99930111111112">
<ele>75</ele>
</trkpt>
<trkpt lat="32.72725111111111" lon="132.9992761111111">
<ele>77</ele>
</trkpt>
<trkpt lat="32.72735111111111" lon="132.9991761111111">
<ele>78</ele>
</trkpt>
<trkpt lat="32.72756694444445" lon="132.99875111111112">
<ele>77</ele>
</trkpt>
<trkpt lat="32.72817611111111" lon="132.99746305555556">
<ele>76</ele>
</trkpt>
<trkpt lat="32.72846694444444" lon="132.9969011111111">
<ele>77</ele>
</trkpt>
<trkpt lat="32.72858388888889" lon="132.9967761111111">
<ele>75</ele>
</trkpt>
<trkpt lat="32.728725" lon="132.9966261111111">
<ele>75</ele>
</trkpt>
<trkpt lat="32.72885888888889" lon="132.99658805555555">
<ele>76</ele>
</trkpt>
<trkpt lat="32.72906694444445" lon="132.99663805555556">
<ele>74</ele>
</trkpt>
<trkpt lat="32.72953388888889" lon="132.99686305555556">
<ele>76</ele>
</trkpt>
<trkpt lat="32.7297" lon="132.99692611111112">
<ele>75</ele>
</trkpt>
<trkpt lat="32.72989194444445" lon="132.99695111111112">
<ele>73</ele>
</trkpt>
<trkpt lat="32.7301" lon="132.9969011111111">
<ele>73</ele>
</trkpt>
<trkpt lat="32.73028388888889" lon="132.99680111111113">
<ele>72</ele>
</trkpt>
<trkpt lat="32.731566944444445" lon="132.99557611111112">
<ele>68</ele>
</trkpt>
<trkpt lat="32.73191694444444" lon="132.99513805555554">
<ele>62</ele>
</trkpt>
<trkpt lat="32.73204111111111" lon="132.9949261111111">
<ele>65</ele>
</trkpt>
<trkpt lat="32.7326" lon="132.9929261111111">
<ele>65</ele>
</trkpt>
<trkpt lat="32.732725" lon="132.99268805555556">
<ele>60</ele>
</trkpt>
<trkpt lat="32.73291611111111" lon="132.9923761111111">
<ele>60</ele>
</trkpt>
<trkpt lat="32.733198888888886" lon="132.9920261111111">
<ele>70</ele>
</trkpt>
<trkpt lat="32.73328305555555" lon="132.99182611111112">
<ele>70</ele>
</trkpt>
<trkpt lat="32.733358055555556" lon="132.99150111111112">
<ele>71</ele>
</trkpt>
<trkpt lat="32.73331611111111" lon="132.99113888888888">
<ele>67</ele>
</trkpt>
<trkpt lat="32.733158055555556" lon="132.99057611111112">
<ele>73</ele>
</trkpt>
<trkpt lat="32.73307388888889" lon="132.9902261111111">
<ele>79</ele>
</trkpt>
<trkpt lat="32.73305805555555" lon="132.9899761111111">
<ele>87</ele>
</trkpt>
<trkpt lat="32.73311611111111" lon="132.98967611111112">
<ele>92</ele>
</trkpt>
<trkpt lat="32.73334888888889" lon="132.9892011111111">
<ele>81</ele>
</trkpt>
<trkpt lat="32.73384111111111" lon="132.98842611111112">
<ele>69</ele>
</trkpt>
<trkpt lat="32.73412388888889" lon="132.98812611111111">
<ele>72</ele>
</trkpt>
<trkpt lat="32.73435805555555" lon="132.9879511111111">
<ele>59</ele>
</trkpt>
<trkpt lat="32.73501611111111" lon="132.98775111111112">
<ele>57</ele>
</trkpt>
<trkpt lat="32.73562388888889" lon="132.98765111111112">
<ele>51</ele>
</trkpt>
<trkpt lat="32.73599111111111" lon="132.98751388888888">
<ele>51</ele>
</trkpt>
<trkpt lat="32.73619111111111" lon="132.9873511111111">
<ele>56</ele>
</trkpt>
<trkpt lat="32.73634111111111" lon="132.9870138888889">
<ele>59</ele>
</trkpt>
<trkpt lat="32.73637388888889" lon="132.98695111111113">
<ele>59</ele>
</trkpt>
<trkpt lat="32.736381944444446" lon="132.9866761111111">
<ele>66</ele>
</trkpt>
<trkpt lat="32.73632388888889" lon="132.98641388888888">
<ele>65</ele>
</trkpt>
<trkpt lat="32.73558194444445" lon="132.98537611111112">
<ele>66</ele>
</trkpt>
<trkpt lat="32.73524111111111" lon="132.9848638888889">
<ele>69</ele>
</trkpt>
<trkpt lat="32.73500694444444" lon="132.9843888888889">
<ele>63</ele>
</trkpt>
<trkpt lat="32.73459888888889" lon="132.9833888888889">
<ele>65</ele>
</trkpt>
<trkpt lat="32.73454888888889" lon="132.98321305555555">
<ele>65</ele>
</trkpt>
<trkpt lat="32.73454888888889" lon="132.98321305555555">
<ele>65</ele>
</trkpt>
<trkpt lat="32.73450694444445" lon="132.9830638888889">
<ele>66</ele>
</trkpt>
<trkpt lat="32.73449111111111" lon="132.98288888888888">
<ele>66</ele>
</trkpt>
<trkpt lat="32.73453194444444" lon="132.98272694444444">
<ele>65</ele>
</trkpt>
<trkpt lat="32.734831944444444" lon="132.98196388888888">
<ele>65</ele>
</trkpt>
<trkpt lat="32.73500694444444" lon="132.98150194444443">
<ele>64</ele>
</trkpt>
<trkpt lat="32.73504888888889" lon="132.98127694444443">
<ele>62</ele>
</trkpt>
<trkpt lat="32.73506611111111" lon="132.98108888888888">
<ele>61</ele>
</trkpt>
<trkpt lat="32.73506611111111" lon="132.98090194444444">
<ele>61</ele>
</trkpt>
<trkpt lat="32.73504888888889" lon="132.98070194444443">
<ele>62</ele>
</trkpt>
<trkpt lat="32.734991111111114" lon="132.98030194444445">
<ele>58</ele>
</trkpt>
<trkpt lat="32.73497388888889" lon="132.98009">
<ele>53</ele>
</trkpt>
<trkpt lat="32.73497388888889" lon="132.97990194444444">
<ele>50</ele>
</trkpt>
<trkpt lat="32.734991111111114" lon="132.97970194444446">
<ele>48</ele>
</trkpt>
<trkpt lat="32.735031944444444" lon="132.97954">
<ele>54</ele>
</trkpt>
<trkpt lat="32.73509111111111" lon="132.97937694444445">
<ele>53</ele>
</trkpt>
<trkpt lat="32.73481611111111" lon="132.97924">
<ele>46</ele>
</trkpt>
<trkpt lat="32.73464111111111" lon="132.97914">
<ele>50</ele>
</trkpt>
<trkpt lat="32.73442388888889" lon="132.97895194444445">
<ele>51</ele>
</trkpt>
<trkpt lat="32.73408194444445" lon="132.97860194444445">
<ele>61</ele>
</trkpt>
<trkpt lat="32.73399111111111" lon="132.97849">
<ele>61</ele>
</trkpt>
<trkpt lat="32.73387388888889" lon="132.97832805555555">
<ele>62</ele>
</trkpt>
<trkpt lat="32.73379111111111" lon="132.97814">
<ele>63</ele>
</trkpt>
<trkpt lat="32.73367388888889" lon="132.97770305555557">
<ele>65</ele>
</trkpt>
<trkpt lat="32.73359888888889" lon="132.977315">
<ele>66</ele>
</trkpt>
<trkpt lat="32.733556944444445" lon="132.97710305555555">
<ele>68</ele>
</trkpt>
<trkpt lat="32.73348194444444" lon="132.97694">
<ele>67</ele>
</trkpt>
<trkpt lat="32.73343194444445" lon="132.97687805555555">
<ele>67</ele>
</trkpt>
<trkpt lat="32.73332388888889" lon="132.97677694444445">
<ele>66</ele>
</trkpt>
<trkpt lat="32.733156944444445" lon="132.976515">
<ele>67</ele>
</trkpt>
<trkpt lat="32.73311611111111" lon="132.97634">
<ele>68</ele>
</trkpt>
<trkpt lat="32.733106944444444" lon="132.97622805555557">
<ele>67</ele>
</trkpt>
<trkpt lat="32.73314111111111" lon="132.97595305555555">
<ele>67</ele>
</trkpt>
<trkpt lat="32.73309111111111" lon="132.97569">
<ele>64</ele>
</trkpt>
<trkpt lat="32.732956944444446" lon="132.97522805555556">
<ele>65</ele>
</trkpt>
<trkpt lat="32.73282388888889" lon="132.97494">
<ele>67</ele>
</trkpt>
<trkpt lat="32.73274111111111" lon="132.97485305555554">
<ele>66</ele>
</trkpt>
<trkpt lat="32.73239888888889" lon="132.974615">
<ele>73</ele>
</trkpt>
<trkpt lat="32.73236611111111" lon="132.974515">
<ele>76</ele>
</trkpt>
<trkpt lat="32.73236611111111" lon="132.97445305555556">
<ele>76</ele>
</trkpt>
<trkpt lat="32.73239888888889" lon="132.97440305555557">
<ele>73</ele>
</trkpt>
<trkpt lat="32.73251611111111" lon="132.97440305555557">
<ele>75</ele>
</trkpt>
<trkpt lat="32.73291611111111" lon="132.974465">
<ele>85</ele>
</trkpt>
<trkpt lat="32.733066111111114" lon="132.97445305555556">
<ele>85</ele>
</trkpt>
<trkpt lat="32.73319111111111" lon="132.97437805555555">
<ele>83</ele>
</trkpt>
<trkpt lat="32.73357388888889" lon="132.97390305555555">
<ele>85</ele>
</trkpt>
<trkpt lat="32.73372388888889" lon="132.97377805555556">
<ele>85</ele>
</trkpt>
<trkpt lat="32.73388194444444" lon="132.97367805555555">
<ele>84</ele>
</trkpt>
<trkpt lat="32.734015" lon="132.973665">
<ele>83</ele>
</trkpt>
<trkpt lat="32.734165" lon="132.97370305555555">
<ele>79</ele>
</trkpt>
<trkpt lat="32.73430694444444" lon="132.97380305555555">
<ele>77</ele>
</trkpt>
<trkpt lat="32.73439" lon="132.97382805555554">
<ele>74</ele>
</trkpt>
<trkpt lat="32.73448194444445" lon="132.97380305555555">
<ele>76</ele>
</trkpt>
<trkpt lat="32.73467388888889" lon="132.973615">
<ele>76</ele>
</trkpt>
<trkpt lat="32.73482388888889" lon="132.97352805555556">
<ele>74</ele>
</trkpt>
<trkpt lat="32.735215" lon="132.97339">
<ele>74</ele>
</trkpt>
<trkpt lat="32.73529" lon="132.97332805555556">
<ele>73</ele>
</trkpt>
<trkpt lat="32.73533194444445" lon="132.973215">
<ele>71</ele>
</trkpt>
<trkpt lat="32.735456944444444" lon="132.97300305555555">
<ele>76</ele>
</trkpt>
<trkpt lat="32.73560694444444" lon="132.97287805555555">
<ele>74</ele>
</trkpt>
<trkpt lat="32.73579888888889" lon="132.97272805555556">
<ele>68</ele>
</trkpt>
<trkpt lat="32.73584888888889" lon="132.97265305555555">
<ele>67</ele>
</trkpt>
<trkpt lat="32.73584888888889" lon="132.97255305555555">
<ele>66</ele>
</trkpt>
<trkpt lat="32.73587388888889" lon="132.97246611111112">
<ele>66</ele>
</trkpt>
<trkpt lat="32.735973055555554" lon="132.97222805555555">
<ele>66</ele>
</trkpt>
<trkpt lat="32.73594805555555" lon="132.97210305555555">
<ele>66</ele>
</trkpt>
<trkpt lat="32.73588194444444" lon="132.97201611111112">
<ele>66</ele>
</trkpt>
<trkpt lat="32.735773055555555" lon="132.97200305555555">
<ele>66</ele>
</trkpt>
<trkpt lat="32.735515" lon="132.97200305555555">
<ele>64</ele>
</trkpt>
<trkpt lat="32.73539805555556" lon="132.97197805555555">
<ele>66</ele>
</trkpt>
<trkpt lat="32.73520694444444" lon="132.97185305555556">
<ele>67</ele>
</trkpt>
<trkpt lat="32.73509888888889" lon="132.9718411111111">
<ele>67</ele>
</trkpt>
<trkpt lat="32.73499" lon="132.97187805555555">
<ele>68</ele>
</trkpt>
<trkpt lat="32.73459" lon="132.97217805555556">
<ele>66</ele>
</trkpt>
<trkpt lat="32.734465" lon="132.97220305555555">
<ele>66</ele>
</trkpt>
<trkpt lat="32.73429" lon="132.9721411111111">
<ele>65</ele>
</trkpt>
<trkpt lat="32.733781944444445" lon="132.9720411111111">
<ele>65</ele>
</trkpt>
<trkpt lat="32.73367388888889" lon="132.97201611111112">
<ele>64</ele>
</trkpt>
<trkpt lat="32.733615" lon="132.9719661111111">
<ele>66</ele>
</trkpt>
<trkpt lat="32.73357388888889" lon="132.97187805555555">
<ele>65</ele>
</trkpt>
<trkpt lat="32.73359" lon="132.97177805555555">
<ele>65</ele>
</trkpt>
<trkpt lat="32.73392388888889" lon="132.97134111111112">
<ele>68</ele>
</trkpt>
<trkpt lat="32.73419805555555" lon="132.9709411111111">
<ele>66</ele>
</trkpt>
<trkpt lat="32.734315" lon="132.97086611111112">
<ele>65</ele>
</trkpt>
<trkpt lat="32.73448194444445" lon="132.9708161111111">
<ele>67</ele>
</trkpt>
<trkpt lat="32.735031944444444" lon="132.97065305555554">
<ele>65</ele>
</trkpt>
<trkpt lat="32.735065" lon="132.97057805555556">
<ele>65</ele>
</trkpt>
<trkpt lat="32.735031944444444" lon="132.9704661111111">
<ele>64</ele>
</trkpt>
<trkpt lat="32.73494" lon="132.97032805555557">
<ele>64</ele>
</trkpt>
<trkpt lat="32.734915" lon="132.97017805555555">
<ele>65</ele>
</trkpt>
<trkpt lat="32.734915" lon="132.9699411111111">
<ele>66</ele>
</trkpt>
<trkpt lat="32.73487305555555" lon="132.96982805555555">
<ele>63</ele>
</trkpt>
<trkpt lat="32.73479805555556" lon="132.9697661111111">
<ele>66</ele>
</trkpt>
<trkpt lat="32.734673055555554" lon="132.96977805555557">
<ele>64</ele>
</trkpt>
<trkpt lat="32.73413194444444" lon="132.9699911111111">
<ele>65</ele>
</trkpt>
<trkpt lat="32.73390694444444" lon="132.97000305555557">
<ele>62</ele>
</trkpt>
<trkpt lat="32.733673055555556" lon="132.96982888888888">
<ele>59</ele>
</trkpt>
<trkpt lat="32.733515" lon="132.9697661111111">
<ele>56</ele>
</trkpt>
<trkpt lat="32.73332305555556" lon="132.96974111111112">
<ele>55</ele>
</trkpt>
<trkpt lat="32.73298194444445" lon="132.96964111111112">
<ele>56</ele>
</trkpt>
<trkpt lat="32.73289805555556" lon="132.9695661111111">
<ele>56</ele>
</trkpt>
<trkpt lat="32.73258194444445" lon="132.9689788888889">
<ele>59</ele>
</trkpt>
<trkpt lat="32.732056944444444" lon="132.9684661111111">
<ele>62</ele>
</trkpt>
<trkpt lat="32.73199805555556" lon="132.9683288888889">
<ele>68</ele>
</trkpt>
<trkpt lat="32.731965" lon="132.96814111111112">
<ele>68</ele>
</trkpt>
<trkpt lat="32.73195888888889" lon="132.96778805555556">
<ele>65</ele>
</trkpt>
<trkpt lat="32.73195888888889" lon="132.96778805555556">
<ele>65</ele>
</trkpt>
<trkpt lat="32.73195611111111" lon="132.9676288888889">
<ele>63</ele>
</trkpt>
<trkpt lat="32.73198111111111" lon="132.96735388888888">
<ele>64</ele>
</trkpt>
<trkpt lat="32.73199805555556" lon="132.96725388888888">
<ele>63</ele>
</trkpt>
<trkpt lat="32.73205611111111" lon="132.9671538888889">
<ele>62</ele>
</trkpt>
<trkpt lat="32.732148055555555" lon="132.9670538888889">
<ele>57</ele>
</trkpt>
<trkpt lat="32.732306111111114" lon="132.96701611111112">
<ele>55</ele>
</trkpt>
<trkpt lat="32.732565" lon="132.96700388888888">
<ele>57</ele>
</trkpt>
<trkpt lat="32.73289805555556" lon="132.9670538888889">
<ele>55</ele>
</trkpt>
<trkpt lat="32.73304805555556" lon="132.96702888888888">
<ele>55</ele>
</trkpt>
<trkpt lat="32.733165" lon="132.9669661111111">
<ele>54</ele>
</trkpt>
<trkpt lat="32.73343888888889" lon="132.9667161111111">
<ele>56</ele>
</trkpt>
<trkpt lat="32.73353888888889" lon="132.96665388888889">
<ele>60</ele>
</trkpt>
<trkpt lat="32.733713888888886" lon="132.9666411111111">
<ele>63</ele>
</trkpt>
<trkpt lat="32.73385611111111" lon="132.96665388888889">
<ele>59</ele>
</trkpt>
<trkpt lat="32.734248055555554" lon="132.9668288888889">
<ele>45</ele>
</trkpt>
<trkpt lat="32.734473055555554" lon="132.9669661111111">
<ele>45</ele>
</trkpt>
<trkpt lat="32.73468888888889" lon="132.9669661111111">
<ele>44</ele>
</trkpt>
<trkpt lat="32.73496388888889" lon="132.96691611111112">
<ele>46</ele>
</trkpt>
<trkpt lat="32.73508888888889" lon="132.9669288888889">
<ele>46</ele>
</trkpt>
<trkpt lat="32.73520611111111" lon="132.9669788888889">
<ele>46</ele>
</trkpt>
<trkpt lat="32.735323055555554" lon="132.9670788888889">
<ele>47</ele>
</trkpt>
<trkpt lat="32.73568888888889" lon="132.96780388888888">
<ele>46</ele>
</trkpt>
<trkpt lat="32.73575611111111" lon="132.9678288888889">
<ele>46</ele>
</trkpt>
<trkpt lat="32.73584805555556" lon="132.96780388888888">
<ele>46</ele>
</trkpt>
<trkpt lat="32.73618111111111" lon="132.9673288888889">
<ele>43</ele>
</trkpt>
<trkpt lat="32.73643111111111" lon="132.9671911111111">
<ele>44</ele>
</trkpt>
<trkpt lat="32.73663888888889" lon="132.9671038888889">
<ele>43</ele>
</trkpt>
<trkpt lat="32.736873055555556" lon="132.96702888888888">
<ele>44</ele>
</trkpt>
<trkpt lat="32.737006111111114" lon="132.96701611111112">
<ele>45</ele>
</trkpt>
<trkpt lat="32.737231111111115" lon="132.9670661111111">
<ele>45</ele>
</trkpt>
<trkpt lat="32.73738111111111" lon="132.9670661111111">
<ele>45</ele>
</trkpt>
<trkpt lat="32.737473055555554" lon="132.96701611111112">
<ele>46</ele>
</trkpt>
<trkpt lat="32.73764805555555" lon="132.96677888888888">
<ele>45</ele>
</trkpt>
<trkpt lat="32.73783888888889" lon="132.96659111111111">
<ele>45</ele>
</trkpt>
<trkpt lat="32.73803111111111" lon="132.96646611111112">
<ele>45</ele>
</trkpt>
<trkpt lat="32.738171944444446" lon="132.9664161111111">
<ele>44</ele>
</trkpt>
<trkpt lat="32.73831388888889" lon="132.9664161111111">
<ele>44</ele>
</trkpt>
<trkpt lat="32.738548055555555" lon="132.9665411111111">
<ele>45</ele>
</trkpt>
<trkpt lat="32.738621944444446" lon="132.9667161111111">
<ele>46</ele>
</trkpt>
<trkpt lat="32.73868888888889" lon="132.96679111111112">
<ele>45</ele>
</trkpt>
<trkpt lat="32.738821944444446" lon="132.9668288888889">
<ele>45</ele>
</trkpt>
<trkpt lat="32.73903888888889" lon="132.9668661111111">
<ele>42</ele>
</trkpt>
<trkpt lat="32.73918111111111" lon="132.9669288888889">
<ele>44</ele>
</trkpt>
<trkpt lat="32.739356111111114" lon="132.9671038888889">
<ele>43</ele>
</trkpt>
<trkpt lat="32.73975611111111" lon="132.96726611111112">
<ele>36</ele>
</trkpt>
<trkpt lat="32.740546944444446" lon="132.96770305555555">
<ele>36</ele>
</trkpt>
<trkpt lat="32.740873055555554" lon="132.96812805555555">
<ele>37</ele>
</trkpt>
<trkpt lat="32.74102194444445" lon="132.96825305555555">
<ele>35</ele>
</trkpt>
<trkpt lat="32.74136388888889" lon="132.96850305555554">
<ele>33</ele>
</trkpt>
<trkpt lat="32.74187194444445" lon="132.96880305555555">
<ele>36</ele>
</trkpt>
<trkpt lat="32.741998055555555" lon="132.96892805555555">
<ele>36</ele>
</trkpt>
<trkpt lat="32.742263888888886" lon="132.96925305555555">
<ele>35</ele>
</trkpt>
<trkpt lat="32.74253888888889" lon="132.96947805555556">
<ele>35</ele>
</trkpt>
<trkpt lat="32.74303888888889" lon="132.97012805555556">
<ele>36</ele>
</trkpt>
<trkpt lat="32.74322305555555" lon="132.97032805555557">
<ele>34</ele>
</trkpt>
<trkpt lat="32.74337194444445" lon="132.97045305555557">
<ele>35</ele>
</trkpt>
<trkpt lat="32.74364805555555" lon="132.97070305555556">
<ele>34</ele>
</trkpt>
<trkpt lat="32.74378111111111" lon="132.97085305555555">
<ele>31</ele>
</trkpt>
<trkpt lat="32.74401388888889" lon="132.97122805555554">
<ele>32</ele>
</trkpt>
<trkpt lat="32.74418111111111" lon="132.97142805555555">
<ele>33</ele>
</trkpt>
<trkpt lat="32.74424805555556" lon="132.971465">
<ele>32</ele>
</trkpt>
<trkpt lat="32.74426111111111" lon="132.9714688888889">
<ele>31</ele>
</trkpt>
<trkpt lat="32.74426111111111" lon="132.9714688888889">
<ele>31</ele>
</trkpt>
<trkpt lat="32.74453888888889" lon="132.97155305555555">
<ele>23</ele>
</trkpt>
<trkpt lat="32.745021944444446" lon="132.97179">
<ele>24</ele>
</trkpt>
<trkpt lat="32.745396944444444" lon="132.972015">
<ele>18</ele>
</trkpt>
<trkpt lat="32.74546388888889" lon="132.97207805555556">
<ele>18</ele>
</trkpt>
<trkpt lat="32.74565611111111" lon="132.971965">
<ele>16</ele>
</trkpt>
<trkpt lat="32.74573888888889" lon="132.97190194444445">
<ele>19</ele>
</trkpt>
<trkpt lat="32.74583888888889" lon="132.97174">
<ele>18</ele>
</trkpt>
<trkpt lat="32.74595611111111" lon="132.97140305555556">
<ele>14</ele>
</trkpt>
<trkpt lat="32.74599111111111" lon="132.97132888888888">
<ele>11</ele>
</trkpt>
<trkpt lat="32.74599111111111" lon="132.97132888888888">
<ele>11</ele>
</trkpt>
<trkpt lat="32.74599694444444" lon="132.971315">
<ele>11</ele>
</trkpt>
<trkpt lat="32.74605611111111" lon="132.971265">
<ele>13</ele>
</trkpt>
<trkpt lat="32.74613111111111" lon="132.97125305555556">
<ele>14</ele>
</trkpt>
<trkpt lat="32.746296944444445" lon="132.971315">
<ele>13</ele>
</trkpt>
<trkpt lat="32.74655611111111" lon="132.971515">
<ele>14</ele>
</trkpt>
<trkpt lat="32.74663888888889" lon="132.97155305555555">
<ele>14</ele>
</trkpt>
<trkpt lat="32.746721944444445" lon="132.97157805555557">
<ele>16</ele>
</trkpt>
<trkpt lat="32.74680611111111" lon="132.97159">
<ele>16</ele>
</trkpt>
<trkpt lat="32.747056111111114" lon="132.971565">
<ele>16</ele>
</trkpt>
<trkpt lat="32.74716388888889" lon="132.971615">
<ele>9</ele>
</trkpt>
<trkpt lat="32.74743111111111" lon="132.97172805555556">
<ele>8</ele>
</trkpt>
<trkpt lat="32.747705" lon="132.97180194444445">
<ele>8</ele>
</trkpt>
<trkpt lat="32.74788" lon="132.97177805555555">
<ele>6</ele>
</trkpt>
<trkpt lat="32.74801388888889" lon="132.971715">
<ele>8</ele>
</trkpt>
<trkpt lat="32.74814694444444" lon="132.97162805555556">
<ele>8</ele>
</trkpt>
<trkpt lat="32.74838" lon="132.97140305555556">
<ele>6</ele>
</trkpt>
<trkpt lat="32.74872194444445" lon="132.97114">
<ele>8</ele>
</trkpt>
<trkpt lat="32.748855" lon="132.97095305555555">
<ele>6</ele>
</trkpt>
<trkpt lat="32.749105" lon="132.970715">
<ele>6</ele>
</trkpt>
<trkpt lat="32.74923" lon="132.97060305555556">
<ele>6</ele>
</trkpt>
<trkpt lat="32.749355" lon="132.970515">
<ele>5</ele>
</trkpt>
<trkpt lat="32.74948" lon="132.970465">
<ele>6</ele>
</trkpt>
<trkpt lat="32.749605" lon="132.97044">
<ele>3</ele>
</trkpt>
<trkpt lat="32.749763055555555" lon="132.97045305555557">
<ele>8</ele>
</trkpt>
<trkpt lat="32.749955" lon="132.97049">
<ele>6</ele>
</trkpt>
<trkpt lat="32.75006805555556" lon="132.97050694444445">
<ele>12</ele>
</trkpt>
<trkpt lat="32.75006805555556" lon="132.97050694444445">
<ele>12</ele>
</trkpt>
<trkpt lat="32.750121944444444" lon="132.970515">
<ele>14</ele>
</trkpt>
<trkpt lat="32.75027194444444" lon="132.97050305555555">
<ele>14</ele>
</trkpt>
<trkpt lat="32.75042194444445" lon="132.97044">
<ele>12</ele>
</trkpt>
<trkpt lat="32.75053805555556" lon="132.97034">
<ele>14</ele>
</trkpt>
<trkpt lat="32.750796944444446" lon="132.97007805555555">
<ele>13</ele>
</trkpt>
<trkpt lat="32.75097111111111" lon="132.969915">
<ele>13</ele>
</trkpt>
<trkpt lat="32.751105" lon="132.96982805555555">
<ele>13</ele>
</trkpt>
<trkpt lat="32.751238055555554" lon="132.96979">
<ele>16</ele>
</trkpt>
<trkpt lat="32.75133805555556" lon="132.96979">
<ele>16</ele>
</trkpt>
<trkpt lat="32.75143" lon="132.96980305555556">
<ele>16</ele>
</trkpt>
<trkpt lat="32.75159611111111" lon="132.969865">
<ele>18</ele>
</trkpt>
<trkpt lat="32.75183805555555" lon="132.969965">
<ele>26</ele>
</trkpt>
<trkpt lat="32.75344611111111" lon="132.970715">
<ele>28</ele>
</trkpt>
<trkpt lat="32.75391305555556" lon="132.97092694444444">
<ele>29</ele>
</trkpt>
<trkpt lat="32.75411305555556" lon="132.97099">
<ele>29</ele>
</trkpt>
<trkpt lat="32.754353888888886" lon="132.97099">
<ele>29</ele>
</trkpt>
<trkpt lat="32.75454611111111" lon="132.970965">
<ele>26</ele>
</trkpt>
<trkpt lat="32.75486305555555" lon="132.970865">
<ele>24</ele>
</trkpt>
<trkpt lat="32.75509611111111" lon="132.97072805555555">
<ele>35</ele>
</trkpt>
<trkpt lat="32.755313055555554" lon="132.970565">
<ele>37</ele>
</trkpt>
<trkpt lat="32.75546305555556" lon="132.97037805555556">
<ele>34</ele>
</trkpt>
<trkpt lat="32.75557111111111" lon="132.97019">
<ele>18</ele>
</trkpt>
<trkpt lat="32.75568805555555" lon="132.969915">
<ele>14</ele>
</trkpt>
<trkpt lat="32.755738055555554" lon="132.969765">
<ele>27</ele>
</trkpt>
<trkpt lat="32.75577111111111" lon="132.969615">
<ele>38</ele>
</trkpt>
<trkpt lat="32.75582888888889" lon="132.96910305555556">
<ele>43</ele>
</trkpt>
<trkpt lat="32.75587888888889" lon="132.968865">
<ele>43</ele>
</trkpt>
<trkpt lat="32.75593805555555" lon="132.96869">
<ele>46</ele>
</trkpt>
<trkpt lat="32.75602111111111" lon="132.96854">
<ele>48</ele>
</trkpt>
<trkpt lat="32.756146111111114" lon="132.96839">
<ele>48</ele>
</trkpt>
<trkpt lat="32.75626194444445" lon="132.96830305555557">
<ele>47</ele>
</trkpt>
<trkpt lat="32.75645388888889" lon="132.96820305555556">
<ele>46</ele>
</trkpt>
<trkpt lat="32.75676194444444" lon="132.96815305555555">
<ele>46</ele>
</trkpt>
<trkpt lat="32.757553888888886" lon="132.968115">
<ele>46</ele>
</trkpt>
<trkpt lat="32.75778694444445" lon="132.968065">
<ele>43</ele>
</trkpt>
<trkpt lat="32.757978888888886" lon="132.96800305555556">
<ele>43</ele>
</trkpt>
<trkpt lat="32.758203888888886" lon="132.96789">
<ele>42</ele>
</trkpt>
<trkpt lat="32.75867888888889" lon="132.967465">
<ele>45</ele>
</trkpt>
<trkpt lat="32.75910388888889" lon="132.967065">
<ele>46</ele>
</trkpt>
<trkpt lat="32.75927" lon="132.96694">
<ele>46</ele>
</trkpt>
<trkpt lat="32.759436944444445" lon="132.96685305555556">
<ele>46</ele>
</trkpt>
<trkpt lat="32.75971194444445" lon="132.966765">
<ele>43</ele>
</trkpt>
<trkpt lat="32.760086944444446" lon="132.96675305555556">
<ele>45</ele>
</trkpt>
<trkpt lat="32.760645" lon="132.96680305555554">
<ele>47</ele>
</trkpt>
<trkpt lat="32.760886944444444" lon="132.96677805555555">
<ele>44</ele>
</trkpt>
<trkpt lat="32.76108694444444" lon="132.96672805555556">
<ele>40</ele>
</trkpt>
<trkpt lat="32.76126194444444" lon="132.96665305555555">
<ele>35</ele>
</trkpt>
<trkpt lat="32.761495" lon="132.96650305555556">
<ele>25</ele>
</trkpt>
<trkpt lat="32.761603055555554" lon="132.96640305555556">
<ele>29</ele>
</trkpt>
<trkpt lat="32.76167805555556" lon="132.96632805555555">
<ele>41</ele>
</trkpt>
<trkpt lat="32.76180305555555" lon="132.96617805555556">
<ele>49</ele>
</trkpt>
<trkpt lat="32.761895" lon="132.966015">
<ele>49</ele>
</trkpt>
<trkpt lat="32.76197805555555" lon="132.96584">
<ele>44</ele>
</trkpt>
<trkpt lat="32.762045" lon="132.96565305555555">
<ele>42</ele>
</trkpt>
<trkpt lat="32.762103055555556" lon="132.96539">
<ele>45</ele>
</trkpt>
<trkpt lat="32.76210888888889" lon="132.96520694444445">
<ele>46</ele>
</trkpt>
<trkpt lat="32.76210888888889" lon="132.96520694444445">
<ele>46</ele>
</trkpt>
<trkpt lat="32.76212" lon="132.96490305555557">
<ele>49</ele>
</trkpt>
<trkpt lat="32.76195305555556" lon="132.96326611111112">
<ele>41</ele>
</trkpt>
<trkpt lat="32.76186111111111" lon="132.9622411111111">
<ele>27</ele>
</trkpt>
<trkpt lat="32.761853055555555" lon="132.96215305555555">
<ele>31</ele>
</trkpt>
<trkpt lat="32.761853055555555" lon="132.96172805555557">
<ele>36</ele>
</trkpt>
<trkpt lat="32.76186111111111" lon="132.9615161111111">
<ele>37</ele>
</trkpt>
<trkpt lat="32.761945" lon="132.9610661111111">
<ele>47</ele>
</trkpt>
<trkpt lat="32.76198611111111" lon="132.96091611111112">
<ele>50</ele>
</trkpt>
<trkpt lat="32.76212805555556" lon="132.9605161111111">
<ele>53</ele>
</trkpt>
<trkpt lat="32.76249388888889" lon="132.9597038888889">
<ele>47</ele>
</trkpt>
<trkpt lat="32.76284388888889" lon="132.9589038888889">
<ele>42</ele>
</trkpt>
<trkpt lat="32.76306888888889" lon="132.9579911111111">
<ele>36</ele>
</trkpt>
<trkpt lat="32.76316111111111" lon="132.9578038888889">
<ele>33</ele>
</trkpt>
<trkpt lat="32.76322694444445" lon="132.9576911111111">
<ele>31</ele>
</trkpt>
<trkpt lat="32.76336111111111" lon="132.9575288888889">
<ele>33</ele>
</trkpt>
<trkpt lat="32.76351888888889" lon="132.95740388888888">
<ele>30</ele>
</trkpt>
<trkpt lat="32.76370305555555" lon="132.9573288888889">
<ele>25</ele>
</trkpt>
<trkpt lat="32.76386888888889" lon="132.95729111111112">
<ele>24</ele>
</trkpt>
<trkpt lat="32.76495194444445" lon="132.95727888888888">
<ele>17</ele>
</trkpt>
<trkpt lat="32.76523611111111" lon="132.9572288888889">
<ele>16</ele>
</trkpt>
<trkpt lat="32.765476944444444" lon="132.95715388888888">
<ele>15</ele>
</trkpt>
<trkpt lat="32.76586888888889" lon="132.9570161111111">
<ele>13</ele>
</trkpt>
<trkpt lat="32.766176944444446" lon="132.95695388888888">
<ele>13</ele>
</trkpt>
<trkpt lat="32.76636888888889" lon="132.95695388888888">
<ele>13</ele>
</trkpt>
<trkpt lat="32.766826944444446" lon="132.9570788888889">
<ele>13</ele>
</trkpt>
<trkpt lat="32.767426944444445" lon="132.95729111111112">
<ele>12</ele>
</trkpt>
<trkpt lat="32.768168055555556" lon="132.9575538888889">
<ele>5</ele>
</trkpt>
<trkpt lat="32.768318055555554" lon="132.9575788888889">
<ele>6</ele>
</trkpt>
<trkpt lat="32.768593055555556" lon="132.95760388888888">
<ele>5</ele>
</trkpt>
<trkpt lat="32.76945111111111" lon="132.95762888888888">
<ele>4</ele>
</trkpt>
<trkpt lat="32.769635" lon="132.95762888888888">
<ele>4</ele>
</trkpt>
<trkpt lat="32.76985111111111" lon="132.9575911111111">
<ele>6</ele>
</trkpt>
<trkpt lat="32.77007611111111" lon="132.95751611111112">
<ele>5</ele>
</trkpt>
<trkpt lat="32.77027611111111" lon="132.95742805555557">
<ele>4</ele>
</trkpt>
<trkpt lat="32.77027611111111" lon="132.95742805555557">
<ele>4</ele>
</trkpt>
<trkpt lat="32.77036" lon="132.95739111111112">
<ele>4</ele>
</trkpt>
<trkpt lat="32.77059305555556" lon="132.9573411111111">
<ele>4</ele>
</trkpt>
<trkpt lat="32.770743055555556" lon="132.9573411111111">
<ele>4</ele>
</trkpt>
<trkpt lat="32.770851111111114" lon="132.95737888888888">
<ele>3</ele>
</trkpt>
<trkpt lat="32.77101805555556" lon="132.9574411111111">
<ele>2</ele>
</trkpt>
<trkpt lat="32.77125888888889" lon="132.9575661111111">
<ele>4</ele>
</trkpt>
<trkpt lat="32.77151805555555" lon="132.9576788888889">
<ele>2</ele>
</trkpt>
<trkpt lat="32.77175888888889" lon="132.9578038888889">
<ele>5</ele>
</trkpt>
<trkpt lat="32.771858888888886" lon="132.9578911111111">
<ele>4</ele>
</trkpt>
<trkpt lat="32.77189305555556" lon="132.9579411111111">
<ele>2</ele>
</trkpt>
<trkpt lat="32.771993055555555" lon="132.9581661111111">
<ele>4</ele>
</trkpt>
<trkpt lat="32.77209305555556" lon="132.95851611111112">
<ele>5</ele>
</trkpt>
<trkpt lat="32.77220888888889" lon="132.95874111111112">
<ele>5</ele>
</trkpt>
<trkpt lat="32.77249305555556" lon="132.95895388888889">
<ele>2</ele>
</trkpt>
<trkpt lat="32.77294194444445" lon="132.9591538888889">
<ele>2</ele>
</trkpt>
<trkpt lat="32.77305888888889" lon="132.95921611111112">
<ele>1</ele>
</trkpt>
<trkpt lat="32.77315888888889" lon="132.95932805555555">
<ele>2</ele>
</trkpt>
<trkpt lat="32.77323388888889" lon="132.95945305555554">
<ele>3</ele>
</trkpt>
<trkpt lat="32.77334194444445" lon="132.9597161111111">
<ele>3</ele>
</trkpt>
<trkpt lat="32.77336694444445" lon="132.95987805555555">
<ele>3</ele>
</trkpt>
<trkpt lat="32.77335111111111" lon="132.96002805555557">
<ele>3</ele>
</trkpt>
<trkpt lat="32.77330111111111" lon="132.9601411111111">
<ele>4</ele>
</trkpt>
<trkpt lat="32.77321805555555" lon="132.96022805555555">
<ele>4</ele>
</trkpt>
<trkpt lat="32.77290888888889" lon="132.96044111111112">
<ele>7</ele>
</trkpt>
<trkpt lat="32.77270111111111" lon="132.9605911111111">
<ele>7</ele>
</trkpt>
<trkpt lat="32.77263388888889" lon="132.96066611111112">
<ele>8</ele>
</trkpt>
<trkpt lat="32.772593055555554" lon="132.96077805555555">
<ele>5</ele>
</trkpt>
<trkpt lat="32.77258388888889" lon="132.96089111111112">
<ele>6</ele>
</trkpt>
<trkpt lat="32.77260888888889" lon="132.96100305555555">
<ele>7</ele>
</trkpt>
<trkpt lat="32.77265888888889" lon="132.96110305555555">
<ele>7</ele>
</trkpt>
<trkpt lat="32.77276805555555" lon="132.96124111111112">
<ele>8</ele>
</trkpt>
<trkpt lat="32.77339305555556" lon="132.96169111111112">
<ele>4</ele>
</trkpt>
<trkpt lat="32.773493055555555" lon="132.96177805555556">
<ele>4</ele>
</trkpt>
<trkpt lat="32.77359194444445" lon="132.96194111111112">
<ele>2</ele>
</trkpt>
<trkpt lat="32.77363388888889" lon="132.9620911111111">
<ele>2</ele>
</trkpt>
<trkpt lat="32.77363388888889" lon="132.9622911111111">
<ele>3</ele>
</trkpt>
<trkpt lat="32.77353388888889" lon="132.96324">
<ele>5</ele>
</trkpt>
<trkpt lat="32.773518055555556" lon="132.96342805555557">
<ele>5</ele>
</trkpt>
<trkpt lat="32.77352611111111" lon="132.96362805555555">
<ele>6</ele>
</trkpt>
<trkpt lat="32.77359305555556" lon="132.96402805555556">
<ele>5</ele>
</trkpt>
<trkpt lat="32.77375888888889" lon="132.96457805555556">
<ele>11</ele>
</trkpt>
<trkpt lat="32.77380111111111" lon="132.96479">
<ele>10</ele>
</trkpt>
<trkpt lat="32.77383388888889" lon="132.965065">
<ele>10</ele>
</trkpt>
<trkpt lat="32.77382611111111" lon="132.96534">
<ele>4</ele>
</trkpt>
<trkpt lat="32.77380888888889" lon="132.965615">
<ele>4</ele>
</trkpt>
<trkpt lat="32.773743055555556" lon="132.96627694444445">
<ele>5</ele>
</trkpt>
<trkpt lat="32.773668055555554" lon="132.96714">
<ele>8</ele>
</trkpt>
<trkpt lat="32.77365888888889" lon="132.96735194444443">
<ele>9</ele>
</trkpt>
<trkpt lat="32.773693055555555" lon="132.96757694444443">
<ele>8</ele>
</trkpt>
<trkpt lat="32.773743055555556" lon="132.967715">
<ele>8</ele>
</trkpt>
<trkpt lat="32.773893055555554" lon="132.968015">
<ele>6</ele>
</trkpt>
<trkpt lat="32.77405888888889" lon="132.96820194444444">
<ele>5</ele>
</trkpt>
<trkpt lat="32.774301111111114" lon="132.96834">
<ele>4</ele>
</trkpt>
<trkpt lat="32.77500111111111" lon="132.96860194444446">
<ele>7</ele>
</trkpt>
<trkpt lat="32.77507611111111" lon="132.968615">
<ele>7</ele>
</trkpt>
<trkpt lat="32.77520111111111" lon="132.968615">
<ele>7</ele>
</trkpt>
<trkpt lat="32.77545111111111" lon="132.96859">
<ele>2</ele>
</trkpt>
<trkpt lat="32.775643055555555" lon="132.96859">
<ele>0</ele>
</trkpt>
<trkpt lat="32.77625888888889" lon="132.96845194444444">
<ele>0</ele>
</trkpt>
<trkpt lat="32.77641694444444" lon="132.96839">
<ele>0</ele>
</trkpt>
<trkpt lat="32.77661694444444" lon="132.96827694444445">
<ele>1</ele>
</trkpt>
<trkpt lat="32.77670888888889" lon="132.968215">
<ele>1</ele>
</trkpt>
<trkpt lat="32.77680888888889" lon="132.96809">
<ele>2</ele>
</trkpt>
<trkpt lat="32.77692611111111" lon="132.96792694444446">
<ele>4</ele>
</trkpt>
<trkpt lat="32.776983888888886" lon="132.96772694444445">
<ele>3</ele>
</trkpt>
<trkpt lat="32.77700111111111" lon="132.96755194444444">
<ele>6</ele>
</trkpt>
<trkpt lat="32.776941944444445" lon="132.967215">
<ele>3</ele>
</trkpt>
<trkpt lat="32.77685888888889" lon="132.96705194444445">
<ele>2</ele>
</trkpt>
<trkpt lat="32.77672611111111" lon="132.966915">
<ele>2</ele>
</trkpt>
<trkpt lat="32.77661694444444" lon="132.96682694444445">
<ele>1</ele>
</trkpt>
<trkpt lat="32.77624194444444" lon="132.96660194444445">
<ele>4</ele>
</trkpt>
<trkpt lat="32.77612611111111" lon="132.96650194444445">
<ele>4</ele>
</trkpt>
<trkpt lat="32.77552611111111" lon="132.96580194444445">
<ele>3</ele>
</trkpt>
<trkpt lat="32.77543388888889" lon="132.96567694444445">
<ele>3</ele>
</trkpt>
<trkpt lat="32.77536805555555" lon="132.96550305555556">
<ele>6</ele>
</trkpt>
<trkpt lat="32.775351111111114" lon="132.96529">
<ele>7</ele>
</trkpt>
<trkpt lat="32.775351111111114" lon="132.96509">
<ele>7</ele>
</trkpt>
<trkpt lat="32.77538388888889" lon="132.964865">
<ele>7</ele>
</trkpt>
<trkpt lat="32.775508888888886" lon="132.964515">
<ele>1</ele>
</trkpt>
<trkpt lat="32.775666944444446" lon="132.96414">
<ele>3</ele>
</trkpt>
<trkpt lat="32.77588388888889" lon="132.96372805555555">
<ele>2</ele>
</trkpt>
<trkpt lat="32.77670888888889" lon="132.9618661111111">
<ele>3</ele>
</trkpt>
<trkpt lat="32.77685" lon="132.96159111111112">
<ele>3</ele>
</trkpt>
<trkpt lat="32.776941944444445" lon="132.9614411111111">
<ele>2</ele>
</trkpt>
<trkpt lat="32.77706694444444" lon="132.96132805555555">
<ele>3</ele>
</trkpt>
<trkpt lat="32.77726694444444" lon="132.9611661111111">
<ele>5</ele>
</trkpt>
<trkpt lat="32.777408888888885" lon="132.9610911111111">
<ele>6</ele>
</trkpt>
<trkpt lat="32.77751694444444" lon="132.96105305555557">
<ele>8</ele>
</trkpt>
<trkpt lat="32.777675" lon="132.9610661111111">
<ele>6</ele>
</trkpt>
<trkpt lat="32.777925" lon="132.96112805555555">
<ele>7</ele>
</trkpt>
<trkpt lat="32.77874194444444" lon="132.96126611111112">
<ele>4</ele>
</trkpt>
<trkpt lat="32.778908055555554" lon="132.9612911111111">
<ele>5</ele>
</trkpt>
<trkpt lat="32.77908305555555" lon="132.9612911111111">
<ele>4</ele>
</trkpt>
<trkpt lat="32.779316944444446" lon="132.96126611111112">
<ele>3</ele>
</trkpt>
<trkpt lat="32.779725" lon="132.96120305555556">
<ele>5</ele>
</trkpt>
<trkpt lat="32.77985805555556" lon="132.9611661111111">
<ele>5</ele>
</trkpt>
<trkpt lat="32.77983305555556" lon="132.9610661111111">
<ele>4</ele>
</trkpt>
<trkpt lat="32.77979111111111" lon="132.96066611111112">
<ele>3</ele>
</trkpt>
<trkpt lat="32.77968305555556" lon="132.95975305555555">
<ele>3</ele>
</trkpt>
<trkpt lat="32.779583055555555" lon="132.95886611111112">
<ele>3</ele>
</trkpt>
<trkpt lat="32.77946611111111" lon="132.95786611111112">
<ele>4</ele>
</trkpt>
<trkpt lat="32.77944111111111" lon="132.9576538888889">
<ele>4</ele>
</trkpt>
<trkpt lat="32.77939888888889" lon="132.9572038888889">
<ele>5</ele>
</trkpt>
<trkpt lat="32.77939888888889" lon="132.9572038888889">
<ele>5</ele>
</trkpt>
<trkpt lat="32.77939111111111" lon="132.9571288888889">
<ele>6</ele>
</trkpt>
<trkpt lat="32.779383055555556" lon="132.9569788888889">
<ele>6</ele>
</trkpt>
<trkpt lat="32.77939111111111" lon="132.95684111111112">
<ele>6</ele>
</trkpt>
<trkpt lat="32.77946611111111" lon="132.9564411111111">
<ele>6</ele>
</trkpt>
<trkpt lat="32.77961611111111" lon="132.9557411111111">
<ele>3</ele>
</trkpt>
<trkpt lat="32.77969111111111" lon="132.9553788888889">
<ele>3</ele>
</trkpt>
<trkpt lat="32.77984111111111" lon="132.9547288888889">
<ele>3</ele>
</trkpt>
<trkpt lat="32.78008305555556" lon="132.9536288888889">
<ele>7</ele>
</trkpt>
<trkpt lat="32.78030805555556" lon="132.95259194444444">
<ele>8</ele>
</trkpt>
<trkpt lat="32.78055805555555" lon="132.9514788888889">
<ele>7</ele>
</trkpt>
<trkpt lat="32.78078305555555" lon="132.95044194444444">
<ele>8</ele>
</trkpt>
<trkpt lat="32.78094111111111" lon="132.94968">
<ele>8</ele>
</trkpt>
<trkpt lat="32.78117388888889" lon="132.94863">
<ele>5</ele>
</trkpt>
<trkpt lat="32.78140694444444" lon="132.94761805555555">
<ele>4</ele>
</trkpt>
<trkpt lat="32.78162388888889" lon="132.946655">
<ele>3</ele>
</trkpt>
<trkpt lat="32.78201611111111" lon="132.94678">
<ele>5</ele>
</trkpt>
<trkpt lat="32.78229888888889" lon="132.946855">
<ele>5</ele>
</trkpt>
<trkpt lat="32.782606944444446" lon="132.94689194444445">
<ele>6</ele>
</trkpt>
<trkpt lat="32.78290694444444" lon="132.94691805555556">
<ele>7</ele>
</trkpt>
<trkpt lat="32.78319" lon="132.94694305555555">
<ele>8</ele>
</trkpt>
<trkpt lat="32.78350694444445" lon="132.94698">
<ele>8</ele>
</trkpt>
<trkpt lat="32.78379" lon="132.947005">
<ele>9</ele>
</trkpt>
<trkpt lat="32.78402388888889" lon="132.94701694444444">
<ele>9</ele>
</trkpt>
<trkpt lat="32.78413194444445" lon="132.947055">
<ele>9</ele>
</trkpt>
<trkpt lat="32.784256944444444" lon="132.947105">
<ele>9</ele>
</trkpt>
<trkpt lat="32.784731944444445" lon="132.94736694444444">
<ele>9</ele>
</trkpt>
<trkpt lat="32.78487305555556" lon="132.94741694444446">
<ele>9</ele>
</trkpt>
<trkpt lat="32.785023055555556" lon="132.94741694444446">
<ele>7</ele>
</trkpt>
<trkpt lat="32.78514805555555" lon="132.947355">
<ele>7</ele>
</trkpt>
<trkpt lat="32.785265" lon="132.947255">
<ele>7</ele>
</trkpt>
<trkpt lat="32.785415" lon="132.94708">
<ele>8</ele>
</trkpt>
<trkpt lat="32.78713888888889" lon="132.94508">
<ele>9</ele>
</trkpt>
<trkpt lat="32.78752305555555" lon="132.94463">
<ele>9</ele>
</trkpt>
<trkpt lat="32.787598055555556" lon="132.94451694444444">
<ele>9</ele>
</trkpt>
<trkpt lat="32.787663888888886" lon="132.94436805555554">
<ele>9</ele>
</trkpt>
<trkpt lat="32.787731111111114" lon="132.94418">
<ele>9</ele>
</trkpt>
<trkpt lat="32.787773055555554" lon="132.943955">
<ele>9</ele>
</trkpt>
<trkpt lat="32.78778111111111" lon="132.943755">
<ele>9</ele>
</trkpt>
<trkpt lat="32.787798055555555" lon="132.94106805555555">
<ele>9</ele>
</trkpt>
<trkpt lat="32.78778888888889" lon="132.93949305555554">
<ele>9</ele>
</trkpt>
<trkpt lat="32.78775611111111" lon="132.93936805555555">
<ele>9</ele>
</trkpt>
<trkpt lat="32.78764694444445" lon="132.9392311111111">
<ele>9</ele>
</trkpt>
<trkpt lat="32.78704805555556" lon="132.93876805555556">
<ele>14</ele>
</trkpt>
<trkpt lat="32.786948055555555" lon="132.9386561111111">
<ele>14</ele>
</trkpt>
<trkpt lat="32.78686388888889" lon="132.93854305555556">
<ele>12</ele>
</trkpt>
<trkpt lat="32.78681388888889" lon="132.93839305555557">
<ele>14</ele>
</trkpt>
<trkpt lat="32.78662305555556" lon="132.93720611111112">
<ele>11</ele>
</trkpt>
<trkpt lat="32.78661388888889" lon="132.93709388888888">
<ele>11</ele>
</trkpt>
<trkpt lat="32.786656111111114" lon="132.9369188888889">
<ele>10</ele>
</trkpt>
<trkpt lat="32.786723055555555" lon="132.93676888888888">
<ele>10</ele>
</trkpt>
<trkpt lat="32.786898055555554" lon="132.9364061111111">
<ele>15</ele>
</trkpt>
<trkpt lat="32.786948055555555" lon="132.9362561111111">
<ele>14</ele>
</trkpt>
<trkpt lat="32.78696388888889" lon="132.9361188888889">
<ele>13</ele>
</trkpt>
<trkpt lat="32.78699694444445" lon="132.9353811111111">
<ele>2</ele>
</trkpt>
<trkpt lat="32.78698111111111" lon="132.9351061111111">
<ele>3</ele>
</trkpt>
<trkpt lat="32.786923055555555" lon="132.93494388888888">
<ele>4</ele>
</trkpt>
<trkpt lat="32.78656388888889" lon="132.9342061111111">
<ele>6</ele>
</trkpt>
<trkpt lat="32.78628888888889" lon="132.93380694444446">
<ele>2</ele>
</trkpt>
<trkpt lat="32.78611388888889" lon="132.93359388888888">
<ele>4</ele>
</trkpt>
<trkpt lat="32.78599805555555" lon="132.93349388888888">
<ele>3</ele>
</trkpt>
<trkpt lat="32.785898055555556" lon="132.9334438888889">
<ele>6</ele>
</trkpt>
<trkpt lat="32.78572888888889" lon="132.93340388888888">
<ele>5</ele>
</trkpt>
<trkpt lat="32.78572888888889" lon="132.93340388888888">
<ele>5</ele>
</trkpt>
<trkpt lat="32.78511388888889" lon="132.93325694444445">
<ele>2</ele>
</trkpt>
<trkpt lat="32.78500611111111" lon="132.9331938888889">
<ele>3</ele>
</trkpt>
<trkpt lat="32.78488111111111" lon="132.93308194444444">
<ele>3</ele>
</trkpt>
<trkpt lat="32.784798055555555" lon="132.9329688888889">
<ele>5</ele>
</trkpt>
<trkpt lat="32.78456388888889" lon="132.9327188888889">
<ele>5</ele>
</trkpt>
<trkpt lat="32.78441388888889" lon="132.93258194444445">
<ele>1</ele>
</trkpt>
<trkpt lat="32.784238888888886" lon="132.9324938888889">
<ele>3</ele>
</trkpt>
<trkpt lat="32.783948055555555" lon="132.93238194444444">
<ele>3</ele>
</trkpt>
<trkpt lat="32.783865" lon="132.93233194444446">
<ele>5</ele>
</trkpt>
<trkpt lat="32.78380611111111" lon="132.9322938888889">
<ele>5</ele>
</trkpt>
<trkpt lat="32.783723055555555" lon="132.93218194444444">
<ele>6</ele>
</trkpt>
<trkpt lat="32.78369" lon="132.93211888888888">
<ele>6</ele>
</trkpt>
<trkpt lat="32.783665" lon="132.9320438888889">
<ele>2</ele>
</trkpt>
<trkpt lat="32.78364" lon="132.93186888888889">
<ele>3</ele>
</trkpt>
<trkpt lat="32.78364" lon="132.9313688888889">
<ele>4</ele>
</trkpt>
<trkpt lat="32.78363888888889" lon="132.92980694444444">
<ele>6</ele>
</trkpt>
<trkpt lat="32.78363888888889" lon="132.92972">
<ele>5</ele>
</trkpt>
<trkpt lat="32.78363888888889" lon="132.92877">
<ele>13</ele>
</trkpt>
<trkpt lat="32.783656111111114" lon="132.92855694444444">
<ele>15</ele>
</trkpt>
<trkpt lat="32.783698055555554" lon="132.928295">
<ele>24</ele>
</trkpt>
<trkpt lat="32.783898055555554" lon="132.92753305555556">
<ele>27</ele>
</trkpt>
<trkpt lat="32.78407305555555" lon="132.92690694444445">
<ele>25</ele>
</trkpt>
<trkpt lat="32.78481388888889" lon="132.924045">
<ele>39</ele>
</trkpt>
<trkpt lat="32.785181111111115" lon="132.9226211111111">
<ele>28</ele>
</trkpt>
<trkpt lat="32.785198055555554" lon="132.9225211111111">
<ele>27</ele>
</trkpt>
<trkpt lat="32.785513888888886" lon="132.92130805555556">
<ele>18</ele>
</trkpt>
<trkpt lat="32.785581111111114" lon="132.92095805555556">
<ele>16</ele>
</trkpt>
<trkpt lat="32.78575611111111" lon="132.9198211111111">
<ele>13</ele>
</trkpt>
<trkpt lat="32.78590611111111" lon="132.91943305555554">
<ele>8</ele>
</trkpt>
<trkpt lat="32.78613111111111" lon="132.91898305555554">
<ele>5</ele>
</trkpt>
<trkpt lat="32.78618888888889" lon="132.91885805555555">
<ele>3</ele>
</trkpt>
<trkpt lat="32.78653" lon="132.9182338888889">
<ele>5</ele>
</trkpt>
<trkpt lat="32.786855" lon="132.9175711111111">
<ele>8</ele>
</trkpt>
<trkpt lat="32.786955" lon="132.9172961111111">
<ele>8</ele>
</trkpt>
<trkpt lat="32.78718888888889" lon="132.91649611111112">
<ele>6</ele>
</trkpt>
<trkpt lat="32.78728888888889" lon="132.9160838888889">
<ele>7</ele>
</trkpt>
<trkpt lat="32.787555" lon="132.91500888888888">
<ele>6</ele>
</trkpt>
<trkpt lat="32.78772194444444" lon="132.9143838888889">
<ele>6</ele>
</trkpt>
<trkpt lat="32.787821944444445" lon="132.9140088888889">
<ele>8</ele>
</trkpt>
<trkpt lat="32.78789694444445" lon="132.91375888888888">
<ele>8</ele>
</trkpt>
<trkpt lat="32.78808" lon="132.9132211111111">
<ele>7</ele>
</trkpt>
<trkpt lat="32.78818" lon="132.9129838888889">
<ele>8</ele>
</trkpt>
<trkpt lat="32.788255" lon="132.9127961111111">
<ele>9</ele>
</trkpt>
<trkpt lat="32.78829694444445" lon="132.91252111111112">
<ele>9</ele>
</trkpt>
<trkpt lat="32.78829694444445" lon="132.91234694444444">
<ele>12</ele>
</trkpt>
<trkpt lat="32.788263055555554" lon="132.91218388888888">
<ele>13</ele>
</trkpt>
<trkpt lat="32.78807694444444" lon="132.91172305555557">
<ele>12</ele>
</trkpt>
<trkpt lat="32.78807694444444" lon="132.91172194444445">
<ele>12</ele>
</trkpt>
<trkpt lat="32.78807194444445" lon="132.91170888888888">
<ele>12</ele>
</trkpt>
<trkpt lat="32.787905" lon="132.91132194444444">
<ele>15</ele>
</trkpt>
<trkpt lat="32.787846944444446" lon="132.91112194444443">
<ele>13</ele>
</trkpt>
<trkpt lat="32.78783" lon="132.91099694444443">
<ele>14</ele>
</trkpt>
<trkpt lat="32.78783" lon="132.9107338888889">
<ele>20</ele>
</trkpt>
<trkpt lat="32.787913055555556" lon="132.91048388888888">
<ele>22</ele>
</trkpt>
<trkpt lat="32.78798805555556" lon="132.91032194444443">
<ele>20</ele>
</trkpt>
<trkpt lat="32.78823" lon="132.91002194444445">
<ele>18</ele>
</trkpt>
<trkpt lat="32.78843805555555" lon="132.90967194444445">
<ele>15</ele>
</trkpt>
<trkpt lat="32.78852111111111" lon="132.90945888888888">
<ele>16</ele>
</trkpt>
<trkpt lat="32.78858805555556" lon="132.90923388888888">
<ele>21</ele>
</trkpt>
<trkpt lat="32.78864611111111" lon="132.9088588888889">
<ele>23</ele>
</trkpt>
<trkpt lat="32.788713055555554" lon="132.90842194444446">
<ele>25</ele>
</trkpt>
<trkpt lat="32.788763055555556" lon="132.9082338888889">
<ele>25</ele>
</trkpt>
<trkpt lat="32.78884611111111" lon="132.90808388888888">
<ele>27</ele>
</trkpt>
<trkpt lat="32.789055" lon="132.90782194444444">
<ele>30</ele>
</trkpt>
<trkpt lat="32.78922111111111" lon="132.90750888888888">
<ele>32</ele>
</trkpt>
<trkpt lat="32.789321111111114" lon="132.90732194444445">
<ele>32</ele>
</trkpt>
<trkpt lat="32.789413055555556" lon="132.90707194444445">
<ele>33</ele>
</trkpt>
<trkpt lat="32.78957888888889" lon="132.90664694444445">
<ele>34</ele>
</trkpt>
<trkpt lat="32.78970388888889" lon="132.906435">
<ele>33</ele>
</trkpt>
<trkpt lat="32.789763055555554" lon="132.90637194444443">
<ele>33</ele>
</trkpt>
<trkpt lat="32.78990388888889" lon="132.90627194444446">
<ele>32</ele>
</trkpt>
<trkpt lat="32.78999611111111" lon="132.906235">
<ele>32</ele>
</trkpt>
<trkpt lat="32.79016305555555" lon="132.90619694444445">
<ele>33</ele>
</trkpt>
<trkpt lat="32.79107111111111" lon="132.90611">
<ele>31</ele>
</trkpt>
<trkpt lat="32.791311944444445" lon="132.906035">
<ele>33</ele>
</trkpt>
<trkpt lat="32.79172111111111" lon="132.90569694444446">
<ele>34</ele>
</trkpt>
<trkpt lat="32.79219611111111" lon="132.905285">
<ele>44</ele>
</trkpt>
<trkpt lat="32.79228805555555" lon="132.90521">
<ele>45</ele>
</trkpt>
<trkpt lat="32.792338055555554" lon="132.905185">
<ele>46</ele>
</trkpt>
<trkpt lat="32.792636944444446" lon="132.90491">
<ele>46</ele>
</trkpt>
<trkpt lat="32.79338694444444" lon="132.90429694444444">
<ele>42</ele>
</trkpt>
<trkpt lat="32.79358694444444" lon="132.90419694444444">
<ele>43</ele>
</trkpt>
<trkpt lat="32.79387111111111" lon="132.90407194444444">
<ele>42</ele>
</trkpt>
<trkpt lat="32.79392111111111" lon="132.90406">
<ele>44</ele>
</trkpt>
<trkpt lat="32.79399611111111" lon="132.90407194444444">
<ele>44</ele>
</trkpt>
<trkpt lat="32.79437111111111" lon="132.90427194444445">
<ele>52</ele>
</trkpt>
<trkpt lat="32.79447" lon="132.90434694444446">
<ele>54</ele>
</trkpt>
<trkpt lat="32.794595" lon="132.90442194444444">
<ele>52</ele>
</trkpt>
<trkpt lat="32.794695" lon="132.90444694444443">
<ele>55</ele>
</trkpt>
<trkpt lat="32.79477" lon="132.90447194444445">
<ele>55</ele>
</trkpt>
<trkpt lat="32.79492888888889" lon="132.904435">
<ele>52</ele>
</trkpt>
<trkpt lat="32.79507" lon="132.90437194444445">
<ele>53</ele>
</trkpt>
<trkpt lat="32.795611944444445" lon="132.904035">
<ele>53</ele>
</trkpt>
<trkpt lat="32.795986944444444" lon="132.90379694444445">
<ele>52</ele>
</trkpt>
<trkpt lat="32.79645305555555" lon="132.903485">
<ele>56</ele>
</trkpt>
<trkpt lat="32.79667805555555" lon="132.90337194444444">
<ele>56</ele>
</trkpt>
<trkpt lat="32.797095" lon="132.90309694444446">
<ele>54</ele>
</trkpt>
<trkpt lat="32.797336944444446" lon="132.90296">
<ele>54</ele>
</trkpt>
<trkpt lat="32.797986944444446" lon="132.902635">
<ele>58</ele>
</trkpt>
<trkpt lat="32.79816111111111" lon="132.902585">
<ele>58</ele>
</trkpt>
<trkpt lat="32.79867" lon="132.90244694444445">
<ele>51</ele>
</trkpt>
<trkpt lat="32.799103055555555" lon="132.90229694444446">
<ele>49</ele>
</trkpt>
<trkpt lat="32.79938611111111" lon="132.90224694444444">
<ele>45</ele>
</trkpt>
<trkpt lat="32.799703055555554" lon="132.902235">
<ele>47</ele>
</trkpt>
<trkpt lat="32.801293888888885" lon="132.902635">
<ele>28</ele>
</trkpt>
<trkpt lat="32.80155305555556" lon="132.902635">
<ele>27</ele>
</trkpt>
<trkpt lat="32.80168611111111" lon="132.90254694444445">
<ele>27</ele>
</trkpt>
<trkpt lat="32.80183611111111" lon="132.902435">
<ele>27</ele>
</trkpt>
<trkpt lat="32.80358611111111" lon="132.90071">
<ele>17</ele>
</trkpt>
<trkpt lat="32.803628055555556" lon="132.90056">
<ele>16</ele>
</trkpt>
<trkpt lat="32.80363611111111" lon="132.900335">
<ele>16</ele>
</trkpt>
<trkpt lat="32.80359388888889" lon="132.90009694444444">
<ele>14</ele>
</trkpt>
<trkpt lat="32.80354388888889" lon="132.89994694444445">
<ele>13</ele>
</trkpt>
<trkpt lat="32.803311111111114" lon="132.89934805555555">
<ele>12</ele>
</trkpt>
<trkpt lat="32.803176944444445" lon="132.898935">
<ele>11</ele>
</trkpt>
<trkpt lat="32.80299388888889" lon="132.89841">
<ele>11</ele>
</trkpt>
<trkpt lat="32.80294388888889" lon="132.89829694444444">
<ele>11</ele>
</trkpt>
<trkpt lat="32.80284388888889" lon="132.89812194444445">
<ele>11</ele>
</trkpt>
<trkpt lat="32.80281111111111" lon="132.89807305555556">
<ele>11</ele>
</trkpt>
<trkpt lat="32.80276888888889" lon="132.89802194444445">
<ele>11</ele>
</trkpt>
<trkpt lat="32.80254388888889" lon="132.897835">
<ele>11</ele>
</trkpt>
<trkpt lat="32.80159388888889" lon="132.89714805555556">
<ele>10</ele>
</trkpt>
<trkpt lat="32.801161111111114" lon="132.89684805555555">
<ele>10</ele>
</trkpt>
<trkpt lat="32.80093611111111" lon="132.89662305555555">
<ele>10</ele>
</trkpt>
<trkpt lat="32.800868888888886" lon="132.89654805555554">
<ele>10</ele>
</trkpt>
<trkpt lat="32.80070305555556" lon="132.89629805555555">
<ele>9</ele>
</trkpt>
<trkpt lat="32.80045305555556" lon="132.8958861111111">
<ele>9</ele>
</trkpt>
<trkpt lat="32.79996111111111" lon="132.8951111111111">
<ele>9</ele>
</trkpt>
<trkpt lat="32.79954388888889" lon="132.89454805555556">
<ele>9</ele>
</trkpt>
<trkpt lat="32.79931888888889" lon="132.89427305555554">
<ele>9</ele>
</trkpt>
<trkpt lat="32.79906111111111" lon="132.89399805555556">
<ele>9</ele>
</trkpt>
<trkpt lat="32.798453055555555" lon="132.8933861111111">
<ele>9</ele>
</trkpt>
<trkpt lat="32.79781111111111" lon="132.8927488888889">
<ele>9</ele>
</trkpt>
<trkpt lat="32.796195" lon="132.8911238888889">
<ele>6</ele>
</trkpt>
<trkpt lat="32.79586194444445" lon="132.8907111111111">
<ele>7</ele>
</trkpt>
<trkpt lat="32.79553694444444" lon="132.89018611111112">
<ele>7</ele>
</trkpt>
<trkpt lat="32.795451944444444" lon="132.89001305555556">
<ele>7</ele>
</trkpt>
<trkpt lat="32.795451944444444" lon="132.89001305555556">
<ele>7</ele>
</trkpt>
<trkpt lat="32.79515305555555" lon="132.88939888888888">
<ele>8</ele>
</trkpt>
<trkpt lat="32.795045" lon="132.88901194444443">
<ele>7</ele>
</trkpt>
<trkpt lat="32.795028055555555" lon="132.8888488888889">
<ele>5</ele>
</trkpt>
<trkpt lat="32.79501194444445" lon="132.8884488888889">
<ele>5</ele>
</trkpt>
<trkpt lat="32.794895" lon="132.88696194444444">
<ele>5</ele>
</trkpt>
<trkpt lat="32.794795" lon="132.88577388888888">
<ele>5</ele>
</trkpt>
<trkpt lat="32.79462" lon="132.8852238888889">
<ele>5</ele>
</trkpt>
<trkpt lat="32.79452" lon="132.88494888888889">
<ele>5</ele>
</trkpt>
<trkpt lat="32.79445305555556" lon="132.88481194444444">
<ele>5</ele>
</trkpt>
<trkpt lat="32.79437" lon="132.88468694444444">
<ele>5</ele>
</trkpt>
<trkpt lat="32.79417" lon="132.884425">
<ele>5</ele>
</trkpt>
<trkpt lat="32.79352" lon="132.88371194444446">
<ele>5</ele>
</trkpt>
<trkpt lat="32.79337" lon="132.8836">
<ele>5</ele>
</trkpt>
<trkpt lat="32.792645" lon="132.88313694444443">
<ele>5</ele>
</trkpt>
<trkpt lat="32.791795" lon="132.88261194444445">
<ele>7</ele>
</trkpt>
<trkpt lat="32.791745" lon="132.882575">
<ele>8</ele>
</trkpt>
<trkpt lat="32.79147888888889" lon="132.88231305555556">
<ele>9</ele>
</trkpt>
<trkpt lat="32.791086944444444" lon="132.8819">
<ele>8</ele>
</trkpt>
<trkpt lat="32.79102888888889" lon="132.881775">
<ele>8</ele>
</trkpt>
<trkpt lat="32.79102" lon="132.881725">
<ele>8</ele>
</trkpt>
<trkpt lat="32.79097888888889" lon="132.88125">
<ele>5</ele>
</trkpt>
<trkpt lat="32.79096194444445" lon="132.88105">
<ele>3</ele>
</trkpt>
<trkpt lat="32.790911944444446" lon="132.88088805555554">
<ele>4</ele>
</trkpt>
<trkpt lat="32.79092" lon="132.88071305555556">
<ele>3</ele>
</trkpt>
<trkpt lat="32.79098694444444" lon="132.88046305555557">
<ele>3</ele>
</trkpt>
<trkpt lat="32.791095" lon="132.88">
<ele>4</ele>
</trkpt>
<trkpt lat="32.79112888888889" lon="132.8798">
<ele>3</ele>
</trkpt>
<trkpt lat="32.79112888888889" lon="132.87973805555555">
<ele>3</ele>
</trkpt>
<trkpt lat="32.79112888888889" lon="132.87966305555557">
<ele>3</ele>
</trkpt>
<trkpt lat="32.790945" lon="132.87788805555556">
<ele>4</ele>
</trkpt>
<trkpt lat="32.79081194444444" lon="132.87656305555555">
<ele>4</ele>
</trkpt>
<trkpt lat="32.79062805555556" lon="132.87468805555557">
<ele>4</ele>
</trkpt>
<trkpt lat="32.790528055555555" lon="132.87375111111112">
<ele>8</ele>
</trkpt>
<trkpt lat="32.790486944444446" lon="132.8733388888889">
<ele>9</ele>
</trkpt>
<trkpt lat="32.79042805555556" lon="132.8730261111111">
<ele>9</ele>
</trkpt>
<trkpt lat="32.790395" lon="132.87293888888888">
<ele>9</ele>
</trkpt>
<trkpt lat="32.79031194444445" lon="132.87273888888888">
<ele>9</ele>
</trkpt>
<trkpt lat="32.79018694444444" lon="132.8725388888889">
<ele>9</ele>
</trkpt>
<trkpt lat="32.79013694444444" lon="132.8724761111111">
<ele>9</ele>
</trkpt>
<trkpt lat="32.789995" lon="132.8723138888889">
<ele>9</ele>
</trkpt>
<trkpt lat="32.789586944444444" lon="132.8717888888889">
<ele>9</ele>
</trkpt>
<trkpt lat="32.78952888888889" lon="132.87170111111112">
<ele>9</ele>
</trkpt>
<trkpt lat="32.78946194444445" lon="132.87157611111112">
<ele>9</ele>
</trkpt>
<trkpt lat="32.78942888888889" lon="132.87147611111112">
<ele>9</ele>
</trkpt>
<trkpt lat="32.78940388888889" lon="132.8712888888889">
<ele>9</ele>
</trkpt>
<trkpt lat="32.789428055555554" lon="132.8711888888889">
<ele>9</ele>
</trkpt>
<trkpt lat="32.789453055555555" lon="132.87111388888889">
<ele>9</ele>
</trkpt>
<trkpt lat="32.78962805555555" lon="132.87047611111112">
<ele>8</ele>
</trkpt>
<trkpt lat="32.78967" lon="132.8703261111111">
<ele>8</ele>
</trkpt>
<trkpt lat="32.789695" lon="132.8701388888889">
<ele>8</ele>
</trkpt>
<trkpt lat="32.78968694444445" lon="132.8700511111111">
<ele>8</ele>
</trkpt>
<trkpt lat="32.78966194444445" lon="132.8699261111111">
<ele>9</ele>
</trkpt>
<trkpt lat="32.789586944444444" lon="132.86976388888888">
<ele>9</ele>
</trkpt>
<trkpt lat="32.78902" lon="132.8689261111111">
<ele>8</ele>
</trkpt>
<trkpt lat="32.78897" lon="132.8688511111111">
<ele>7</ele>
</trkpt>
<trkpt lat="32.78890305555556" lon="132.8687011111111">
<ele>8</ele>
</trkpt>
<trkpt lat="32.78882388888889" lon="132.868495">
<ele>7</ele>
</trkpt>
<trkpt lat="32.78882388888889" lon="132.868495">
<ele>7</ele>
</trkpt>
<trkpt lat="32.78881194444445" lon="132.8684638888889">
<ele>7</ele>
</trkpt>
<trkpt lat="32.788778055555554" lon="132.8683388888889">
<ele>7</ele>
</trkpt>
<trkpt lat="32.788761944444445" lon="132.8682388888889">
<ele>7</ele>
</trkpt>
<trkpt lat="32.78875305555555" lon="132.8681261111111">
<ele>7</ele>
</trkpt>
<trkpt lat="32.78875305555555" lon="132.8680011111111">
<ele>7</ele>
</trkpt>
<trkpt lat="32.788778055555554" lon="132.86787611111112">
<ele>7</ele>
</trkpt>
<trkpt lat="32.78882" lon="132.86773888888888">
<ele>7</ele>
</trkpt>
<trkpt lat="32.78901194444445" lon="132.86740111111112">
<ele>8</ele>
</trkpt>
<trkpt lat="32.78908694444444" lon="132.86728888888888">
<ele>8</ele>
</trkpt>
<trkpt lat="32.78923694444445" lon="132.8671138888889">
<ele>9</ele>
</trkpt>
<trkpt lat="32.789645" lon="132.86670194444446">
<ele>9</ele>
</trkpt>
<trkpt lat="32.790036944444445" lon="132.86647694444446">
<ele>8</ele>
</trkpt>
<trkpt lat="32.79066111111111" lon="132.86615194444445">
<ele>9</ele>
</trkpt>
<trkpt lat="32.79083611111111" lon="132.86603888888888">
<ele>9</ele>
</trkpt>
<trkpt lat="32.79098611111111" lon="132.86593888888888">
<ele>9</ele>
</trkpt>
<trkpt lat="32.791195" lon="132.8657388888889">
<ele>9</ele>
</trkpt>
<trkpt lat="32.791378055555555" lon="132.8655388888889">
<ele>9</ele>
</trkpt>
<trkpt lat="32.79146111111111" lon="132.86542694444444">
<ele>8</ele>
</trkpt>
<trkpt lat="32.791536111111114" lon="132.86527694444445">
<ele>9</ele>
</trkpt>
<trkpt lat="32.79166111111111" lon="132.86501388888888">
<ele>8</ele>
</trkpt>
<trkpt lat="32.79173611111111" lon="132.8647638888889">
<ele>8</ele>
</trkpt>
<trkpt lat="32.79176888888889" lon="132.86462694444444">
<ele>7</ele>
</trkpt>
<trkpt lat="32.791803055555555" lon="132.8643638888889">
<ele>7</ele>
</trkpt>
<trkpt lat="32.79181111111111" lon="132.86423888888888">
<ele>6</ele>
</trkpt>
<trkpt lat="32.791803055555555" lon="132.86395194444444">
<ele>5</ele>
</trkpt>
<trkpt lat="32.79171111111111" lon="132.86276388888888">
<ele>5</ele>
</trkpt>
<trkpt lat="32.79168611111111" lon="132.8624638888889">
<ele>5</ele>
</trkpt>
<trkpt lat="32.79166111111111" lon="132.8621388888889">
<ele>5</ele>
</trkpt>
<trkpt lat="32.79163611111111" lon="132.86190194444444">
<ele>5</ele>
</trkpt>
<trkpt lat="32.79156111111111" lon="132.8613388888889">
<ele>4</ele>
</trkpt>
<trkpt lat="32.79150305555556" lon="132.86112694444444">
<ele>5</ele>
</trkpt>
<trkpt lat="32.791428055555556" lon="132.86097694444445">
<ele>6</ele>
</trkpt>
<trkpt lat="32.79123611111111" lon="132.86072694444445">
<ele>7</ele>
</trkpt>
<trkpt lat="32.790618888888886" lon="132.86007694444444">
<ele>7</ele>
</trkpt>
<trkpt lat="32.790078055555554" lon="132.85950194444445">
<ele>6</ele>
</trkpt>
<trkpt lat="32.789745" lon="132.8592138888889">
<ele>6</ele>
</trkpt>
<trkpt lat="32.78915305555556" lon="132.85885194444444">
<ele>9</ele>
</trkpt>
<trkpt lat="32.788745" lon="132.85862694444444">
<ele>9</ele>
</trkpt>
<trkpt lat="32.788561111111115" lon="132.85850194444444">
<ele>9</ele>
</trkpt>
<trkpt lat="32.788395" lon="132.85837694444444">
<ele>9</ele>
</trkpt>
<trkpt lat="32.788353055555554" lon="132.85832694444446">
<ele>9</ele>
</trkpt>
<trkpt lat="32.78822805555556" lon="132.85810194444446">
<ele>8</ele>
</trkpt>
<trkpt lat="32.78770305555555" lon="132.856865">
<ele>8</ele>
</trkpt>
<trkpt lat="32.78761194444444" lon="132.856615">
<ele>8</ele>
</trkpt>
<trkpt lat="32.787553055555556" lon="132.85642694444445">
<ele>8</ele>
</trkpt>
<trkpt lat="32.78752" lon="132.85617805555555">
<ele>8</ele>
</trkpt>
<trkpt lat="32.787495" lon="132.85570305555555">
<ele>8</ele>
</trkpt>
<trkpt lat="32.787486944444446" lon="132.85542694444445">
<ele>7</ele>
</trkpt>
<trkpt lat="32.78747" lon="132.85460194444445">
<ele>13</ele>
</trkpt>
<trkpt lat="32.787445" lon="132.854015">
<ele>16</ele>
</trkpt>
<trkpt lat="32.78743611111111" lon="132.85367805555555">
<ele>14</ele>
</trkpt>
<trkpt lat="32.78741111111111" lon="132.85334">
<ele>17</ele>
</trkpt>
<trkpt lat="32.78728611111111" lon="132.85272805555556">
<ele>18</ele>
</trkpt>
<trkpt lat="32.78718611111111" lon="132.852315">
<ele>18</ele>
</trkpt>
<trkpt lat="32.78711194444445" lon="132.85207805555555">
<ele>20</ele>
</trkpt>
<trkpt lat="32.78698694444444" lon="132.85187805555555">
<ele>14</ele>
</trkpt>
<trkpt lat="32.786861944444446" lon="132.85175305555555">
<ele>12</ele>
</trkpt>
<trkpt lat="32.78631194444444" lon="132.85137805555556">
<ele>14</ele>
</trkpt>
<trkpt lat="32.78613694444444" lon="132.85125305555556">
<ele>15</ele>
</trkpt>
<trkpt lat="32.78587805555556" lon="132.851015">
<ele>14</ele>
</trkpt>
<trkpt lat="32.785153055555554" lon="132.85032805555556">
<ele>18</ele>
</trkpt>
<trkpt lat="32.78503694444444" lon="132.85025305555556">
<ele>15</ele>
</trkpt>
<trkpt lat="32.78472" lon="132.8500911111111">
<ele>15</ele>
</trkpt>
<trkpt lat="32.78405" lon="132.84983305555556">
<ele>13</ele>
</trkpt>
<trkpt lat="32.78405" lon="132.84983305555556">
<ele>13</ele>
</trkpt>
<trkpt lat="32.78400388888889" lon="132.84981611111112">
<ele>13</ele>
</trkpt>
<trkpt lat="32.783811944444444" lon="132.84970305555555">
<ele>11</ele>
</trkpt>
<trkpt lat="32.78365388888889" lon="132.84957805555555">
<ele>10</ele>
</trkpt>
<trkpt lat="32.78350388888889" lon="132.84932805555556">
<ele>11</ele>
</trkpt>
<trkpt lat="32.78337" lon="132.84904111111112">
<ele>7</ele>
</trkpt>
<trkpt lat="32.78320388888889" lon="132.84870305555555">
<ele>6</ele>
</trkpt>
<trkpt lat="32.78288694444444" lon="132.8479911111111">
<ele>3</ele>
</trkpt>
<trkpt lat="32.782445" lon="132.84690305555554">
<ele>16</ele>
</trkpt>
<trkpt lat="32.781686944444445" lon="132.84515305555556">
<ele>14</ele>
</trkpt>
<trkpt lat="32.78167" lon="132.84507805555555">
<ele>9</ele>
</trkpt>
<trkpt lat="32.78152" lon="132.84462888888888">
<ele>5</ele>
</trkpt>
<trkpt lat="32.781511944444446" lon="132.8445538888889">
<ele>4</ele>
</trkpt>
<trkpt lat="32.78150388888889" lon="132.84437888888888">
<ele>3</ele>
</trkpt>
<trkpt lat="32.781528888888886" lon="132.8441038888889">
<ele>2</ele>
</trkpt>
<trkpt lat="32.781595" lon="132.8438788888889">
<ele>2</ele>
</trkpt>
<trkpt lat="32.781911944444445" lon="132.8429911111111">
<ele>2</ele>
</trkpt>
<trkpt lat="32.78212" lon="132.8423788888889">
<ele>3</ele>
</trkpt>
<trkpt lat="32.782195" lon="132.8421038888889">
<ele>4</ele>
</trkpt>
<trkpt lat="32.78222" lon="132.84190388888888">
<ele>5</ele>
</trkpt>
<trkpt lat="32.78222888888889" lon="132.84166611111112">
<ele>7</ele>
</trkpt>
<trkpt lat="32.78222" lon="132.8412911111111">
<ele>4</ele>
</trkpt>
<trkpt lat="32.78212" lon="132.8406788888889">
<ele>7</ele>
</trkpt>
<trkpt lat="32.78202888888889" lon="132.8403788888889">
<ele>7</ele>
</trkpt>
<trkpt lat="32.78190388888889" lon="132.8400538888889">
<ele>9</ele>
</trkpt>
<trkpt lat="32.78181194444444" lon="132.83989111111111">
<ele>9</ele>
</trkpt>
<trkpt lat="32.78160388888889" lon="132.83954111111112">
<ele>17</ele>
</trkpt>
<trkpt lat="32.781461944444445" lon="132.8393538888889">
<ele>16</ele>
</trkpt>
<trkpt lat="32.781095" lon="132.8390411111111">
<ele>13</ele>
</trkpt>
<trkpt lat="32.78077" lon="132.83885388888888">
<ele>15</ele>
</trkpt>
<trkpt lat="32.780436944444446" lon="132.83872888888888">
<ele>15</ele>
</trkpt>
<trkpt lat="32.780386944444444" lon="132.8387038888889">
<ele>15</ele>
</trkpt>
<trkpt lat="32.78017" lon="132.83862888888888">
<ele>15</ele>
</trkpt>
<trkpt lat="32.78006194444445" lon="132.8385911111111">
<ele>13</ele>
</trkpt>
<trkpt lat="32.77798694444444" lon="132.8374288888889">
<ele>15</ele>
</trkpt>
<trkpt lat="32.77690388888889" lon="132.83676694444443">
<ele>15</ele>
</trkpt>
<trkpt lat="32.77667111111111" lon="132.83656694444446">
<ele>7</ele>
</trkpt>
<trkpt lat="32.77649611111111" lon="132.83634194444446">
<ele>3</ele>
</trkpt>
<trkpt lat="32.77619611111111" lon="132.83564194444443">
<ele>2</ele>
</trkpt>
<trkpt lat="32.775953888888886" lon="132.8352788888889">
<ele>2</ele>
</trkpt>
<trkpt lat="32.77577111111111" lon="132.8350788888889">
<ele>3</ele>
</trkpt>
<trkpt lat="32.775528888888886" lon="132.83489194444445">
<ele>0</ele>
</trkpt>
<trkpt lat="32.77532111111111" lon="132.83478">
<ele>0</ele>
</trkpt>
<trkpt lat="32.774478888888886" lon="132.83446694444444">
<ele>3</ele>
</trkpt>
<trkpt lat="32.77417111111111" lon="132.834305">
<ele>14</ele>
</trkpt>
<trkpt lat="32.77408805555555" lon="132.83424194444444">
<ele>18</ele>
</trkpt>
<trkpt lat="32.77174611111111" lon="132.83271805555555">
<ele>23</ele>
</trkpt>
<trkpt lat="32.77022111111111" lon="132.83178">
<ele>26</ele>
</trkpt>
<trkpt lat="32.76891305555556" lon="132.83088">
<ele>28</ele>
</trkpt>
<trkpt lat="32.76838" lon="132.83035611111112">
<ele>30</ele>
</trkpt>
<trkpt lat="32.76698805555556" lon="132.82866805555557">
<ele>33</ele>
</trkpt>
<trkpt lat="32.766713055555556" lon="132.82828111111112">
<ele>12</ele>
</trkpt>
<trkpt lat="32.76642694444445" lon="132.827865">
<ele>10</ele>
</trkpt>
<trkpt lat="32.76642694444445" lon="132.827865">
<ele>10</ele>
</trkpt>
<trkpt lat="32.76596305555555" lon="132.82719305555557">
<ele>6</ele>
</trkpt>
<trkpt lat="32.765438055555556" lon="132.82649305555555">
<ele>14</ele>
</trkpt>
<trkpt lat="32.76543" lon="132.82648111111112">
<ele>14</ele>
</trkpt>
<trkpt lat="32.765155" lon="132.82614388888888">
<ele>15</ele>
</trkpt>
<trkpt lat="32.76479694444444" lon="132.8256311111111">
<ele>15</ele>
</trkpt>
<trkpt lat="32.76389694444445" lon="132.8243811111111">
<ele>16</ele>
</trkpt>
<trkpt lat="32.76312194444444" lon="132.82333111111112">
<ele>17</ele>
</trkpt>
<trkpt lat="32.761955" lon="132.82170694444446">
<ele>18</ele>
</trkpt>
<trkpt lat="32.761738888888885" lon="132.82138194444445">
<ele>18</ele>
</trkpt>
<trkpt lat="32.76159694444444" lon="132.82108194444444">
<ele>10</ele>
</trkpt>
<trkpt lat="32.761496944444445" lon="132.82085694444444">
<ele>13</ele>
</trkpt>
<trkpt lat="32.76146388888889" lon="132.8207688888889">
<ele>13</ele>
</trkpt>
<trkpt lat="32.76137194444444" lon="132.82046888888888">
<ele>12</ele>
</trkpt>
<trkpt lat="32.76134694444445" lon="132.82015694444445">
<ele>14</ele>
</trkpt>
<trkpt lat="32.76128888888889" lon="132.81980694444445">
<ele>10</ele>
</trkpt>
<trkpt lat="32.761255" lon="132.81948194444445">
<ele>10</ele>
</trkpt>
<trkpt lat="32.76126388888889" lon="132.81915694444444">
<ele>10</ele>
</trkpt>
<trkpt lat="32.76133" lon="132.81873194444444">
<ele>10</ele>
</trkpt>
<trkpt lat="32.76138" lon="132.81856888888888">
<ele>14</ele>
</trkpt>
<trkpt lat="32.761446944444444" lon="132.81834388888888">
<ele>17</ele>
</trkpt>
<trkpt lat="32.761538888888886" lon="132.81809388888888">
<ele>13</ele>
</trkpt>
<trkpt lat="32.76183805555556" lon="132.8175938888889">
<ele>8</ele>
</trkpt>
<trkpt lat="32.762163055555554" lon="132.81715694444443">
<ele>6</ele>
</trkpt>
<trkpt lat="32.762438055555556" lon="132.81680694444444">
<ele>5</ele>
</trkpt>
<trkpt lat="32.762521944444444" lon="132.8166938888889">
<ele>6</ele>
</trkpt>
<trkpt lat="32.76278" lon="132.81626888888889">
<ele>7</ele>
</trkpt>
<trkpt lat="32.76293" lon="132.81588194444444">
<ele>8</ele>
</trkpt>
<trkpt lat="32.763013055555554" lon="132.81568194444444">
<ele>8</ele>
</trkpt>
<trkpt lat="32.76307194444444" lon="132.8153188888889">
<ele>8</ele>
</trkpt>
<trkpt lat="32.763055" lon="132.81495694444445">
<ele>8</ele>
</trkpt>
<trkpt lat="32.76297111111111" lon="132.81435694444446">
<ele>8</ele>
</trkpt>
<trkpt lat="32.76288" lon="132.81388194444443">
<ele>4</ele>
</trkpt>
<trkpt lat="32.76278805555555" lon="132.81352">
<ele>5</ele>
</trkpt>
<trkpt lat="32.76266305555556" lon="132.813245">
<ele>6</ele>
</trkpt>
<trkpt lat="32.76253805555555" lon="132.813045">
<ele>6</ele>
</trkpt>
<trkpt lat="32.762346111111114" lon="132.81275694444443">
<ele>7</ele>
</trkpt>
<trkpt lat="32.76218" lon="132.812545">
<ele>8</ele>
</trkpt>
<trkpt lat="32.76206305555556" lon="132.81240694444443">
<ele>8</ele>
</trkpt>
<trkpt lat="32.76188805555555" lon="132.81222">
<ele>9</ele>
</trkpt>
<trkpt lat="32.761401944444444" lon="132.81180111111112">
<ele>8</ele>
</trkpt>
<trkpt lat="32.761401944444444" lon="132.81180111111112">
<ele>8</ele>
</trkpt>
<trkpt lat="32.76138" lon="132.81178194444445">
<ele>8</ele>
</trkpt>
<trkpt lat="32.761071944444446" lon="132.811595">
<ele>9</ele>
</trkpt>
<trkpt lat="32.76076305555556" lon="132.811445">
<ele>9</ele>
</trkpt>
<trkpt lat="32.760663055555554" lon="132.81140805555555">
<ele>9</ele>
</trkpt>
<trkpt lat="32.760455" lon="132.81133194444445">
<ele>10</ele>
</trkpt>
<trkpt lat="32.760205" lon="132.811245">
<ele>10</ele>
</trkpt>
<trkpt lat="32.75923805555556" lon="132.81088305555556">
<ele>11</ele>
</trkpt>
<trkpt lat="32.75882194444444" lon="132.81073305555554">
<ele>12</ele>
</trkpt>
<trkpt lat="32.758405" lon="132.81048305555555">
<ele>12</ele>
</trkpt>
<trkpt lat="32.758046944444445" lon="132.81027">
<ele>13</ele>
</trkpt>
<trkpt lat="32.75733" lon="132.80982">
<ele>14</ele>
</trkpt>
<trkpt lat="32.75653888888889" lon="132.80935805555555">
<ele>15</ele>
</trkpt>
<trkpt lat="32.75628888888889" lon="132.80918305555556">
<ele>15</ele>
</trkpt>
<trkpt lat="32.755721944444446" lon="132.8087461111111">
<ele>16</ele>
</trkpt>
<trkpt lat="32.755446944444444" lon="132.80848305555557">
<ele>16</ele>
</trkpt>
<trkpt lat="32.75469694444445" lon="132.8077461111111">
<ele>17</ele>
</trkpt>
<trkpt lat="32.754421944444445" lon="132.80743305555555">
<ele>18</ele>
</trkpt>
<trkpt lat="32.754021944444446" lon="132.8069461111111">
<ele>18</ele>
</trkpt>
<trkpt lat="32.75367194444444" lon="132.8064961111111">
<ele>19</ele>
</trkpt>
<trkpt lat="32.753571944444445" lon="132.80630805555555">
<ele>19</ele>
</trkpt>
<trkpt lat="32.75351388888889" lon="132.80620805555554">
<ele>16</ele>
</trkpt>
<trkpt lat="32.75343888888889" lon="132.8060461111111">
<ele>14</ele>
</trkpt>
<trkpt lat="32.75333888888889" lon="132.8057961111111">
<ele>15</ele>
</trkpt>
<trkpt lat="32.75326388888889" lon="132.80558305555556">
<ele>14</ele>
</trkpt>
<trkpt lat="32.75315611111111" lon="132.80510805555556">
<ele>16</ele>
</trkpt>
<trkpt lat="32.753121944444445" lon="132.80480805555555">
<ele>16</ele>
</trkpt>
<trkpt lat="32.75306388888889" lon="132.8042461111111">
<ele>9</ele>
</trkpt>
<trkpt lat="32.75303888888889" lon="132.80404611111112">
<ele>7</ele>
</trkpt>
<trkpt lat="32.75299694444445" lon="132.80392111111112">
<ele>4</ele>
</trkpt>
<trkpt lat="32.75295611111111" lon="132.8037961111111">
<ele>4</ele>
</trkpt>
<trkpt lat="32.75290611111111" lon="132.80369611111112">
<ele>7</ele>
</trkpt>
<trkpt lat="32.75268888888889" lon="132.8034088888889">
<ele>10</ele>
</trkpt>
<trkpt lat="32.75255611111111" lon="132.8033088888889">
<ele>4</ele>
</trkpt>
<trkpt lat="32.75246388888889" lon="132.80324611111112">
<ele>4</ele>
</trkpt>
<trkpt lat="32.75230611111111" lon="132.8031838888889">
<ele>3</ele>
</trkpt>
<trkpt lat="32.75217194444444" lon="132.8031588888889">
<ele>3</ele>
</trkpt>
<trkpt lat="32.75186388888889" lon="132.80314611111112">
<ele>4</ele>
</trkpt>
<trkpt lat="32.75110611111111" lon="132.80334611111113">
<ele>20</ele>
</trkpt>
<trkpt lat="32.750931111111115" lon="132.80334611111113">
<ele>22</ele>
</trkpt>
<trkpt lat="32.75081388888889" lon="132.8033338888889">
<ele>22</ele>
</trkpt>
<trkpt lat="32.75071388888889" lon="132.8033088888889">
<ele>24</ele>
</trkpt>
<trkpt lat="32.750548055555555" lon="132.80325888888888">
<ele>24</ele>
</trkpt>
<trkpt lat="32.750413888888886" lon="132.8031711111111">
<ele>25</ele>
</trkpt>
<trkpt lat="32.75028888888889" lon="132.8030711111111">
<ele>29</ele>
</trkpt>
<trkpt lat="32.75016388888889" lon="132.8029461111111">
<ele>38</ele>
</trkpt>
<trkpt lat="32.75003111111111" lon="132.8027588888889">
<ele>42</ele>
</trkpt>
<trkpt lat="32.74991388888889" lon="132.8025211111111">
<ele>43</ele>
</trkpt>
<trkpt lat="32.74988888888889" lon="132.80245888888888">
<ele>43</ele>
</trkpt>
<trkpt lat="32.74980611111111" lon="132.8022588888889">
<ele>45</ele>
</trkpt>
<trkpt lat="32.74963888888889" lon="132.80178388888888">
<ele>49</ele>
</trkpt>
<trkpt lat="32.74938111111111" lon="132.8009088888889">
<ele>58</ele>
</trkpt>
<trkpt lat="32.74935611111111" lon="132.8008211111111">
<ele>57</ele>
</trkpt>
<trkpt lat="32.74926388888889" lon="132.80030888888888">
<ele>55</ele>
</trkpt>
<trkpt lat="32.74923111111111" lon="132.7997838888889">
<ele>54</ele>
</trkpt>
<trkpt lat="32.74925611111111" lon="132.79922194444444">
<ele>56</ele>
</trkpt>
<trkpt lat="32.749296944444446" lon="132.79882194444446">
<ele>55</ele>
</trkpt>
<trkpt lat="32.74965611111111" lon="132.7960838888889">
<ele>51</ele>
</trkpt>
<trkpt lat="32.749721944444445" lon="132.7956838888889">
<ele>50</ele>
</trkpt>
<trkpt lat="32.74984694444444" lon="132.79517194444443">
<ele>48</ele>
</trkpt>
<trkpt lat="32.749896944444444" lon="132.79497194444446">
<ele>40</ele>
</trkpt>
<trkpt lat="32.749955" lon="132.7947838888889">
<ele>42</ele>
</trkpt>
<trkpt lat="32.750055" lon="132.7945588888889">
<ele>41</ele>
</trkpt>
<trkpt lat="32.750205" lon="132.79422194444444">
<ele>41</ele>
</trkpt>
<trkpt lat="32.75051388888889" lon="132.79377194444444">
<ele>40</ele>
</trkpt>
<trkpt lat="32.75064694444445" lon="132.79356">
<ele>39</ele>
</trkpt>
<trkpt lat="32.75088" lon="132.79324694444443">
<ele>38</ele>
</trkpt>
<trkpt lat="32.75109694444444" lon="132.79297194444445">
<ele>37</ele>
</trkpt>
<trkpt lat="32.75123" lon="132.792835">
<ele>37</ele>
</trkpt>
<trkpt lat="32.751446944444446" lon="132.79257194444443">
<ele>36</ele>
</trkpt>
<trkpt lat="32.751871944444446" lon="132.79211">
<ele>35</ele>
</trkpt>
<trkpt lat="32.752538055555554" lon="132.791335">
<ele>33</ele>
</trkpt>
<trkpt lat="32.75283" lon="132.791035">
<ele>32</ele>
</trkpt>
<trkpt lat="32.75306305555556" lon="132.79076">
<ele>31</ele>
</trkpt>
<trkpt lat="32.75339611111111" lon="132.79041">
<ele>30</ele>
</trkpt>
<trkpt lat="32.753438055555556" lon="132.79036">
<ele>30</ele>
</trkpt>
<trkpt lat="32.753613055555554" lon="132.79016">
<ele>29</ele>
</trkpt>
<trkpt lat="32.75409611111111" lon="132.78961">
<ele>28</ele>
</trkpt>
<trkpt lat="32.754238055555554" lon="132.789435">
<ele>27</ele>
</trkpt>
<trkpt lat="32.754421111111114" lon="132.78926">
<ele>24</ele>
</trkpt>
<trkpt lat="32.75459611111111" lon="132.78907305555555">
<ele>14</ele>
</trkpt>
<trkpt lat="32.75475388888889" lon="132.78889694444445">
<ele>12</ele>
</trkpt>
<trkpt lat="32.75518805555556" lon="132.788535">
<ele>13</ele>
</trkpt>
<trkpt lat="32.75544611111111" lon="132.788335">
<ele>12</ele>
</trkpt>
<trkpt lat="32.75564611111111" lon="132.78816">
<ele>7</ele>
</trkpt>
<trkpt lat="32.755763055555555" lon="132.78806">
<ele>6</ele>
</trkpt>
<trkpt lat="32.75586305555556" lon="132.78796">
<ele>7</ele>
</trkpt>
<trkpt lat="32.75595388888889" lon="132.787885">
<ele>7</ele>
</trkpt>
<trkpt lat="32.75608805555556" lon="132.78781">
<ele>7</ele>
</trkpt>
<trkpt lat="32.75640388888889" lon="132.78751">
<ele>1</ele>
</trkpt>
<trkpt lat="32.75673694444444" lon="132.78721">
<ele>2</ele>
</trkpt>
<trkpt lat="32.75692111111111" lon="132.78701">
<ele>5</ele>
</trkpt>
<trkpt lat="32.75707111111111" lon="132.78682194444445">
<ele>5</ele>
</trkpt>
<trkpt lat="32.75716194444445" lon="132.78662194444445">
<ele>7</ele>
</trkpt>
<trkpt lat="32.757311944444446" lon="132.78647305555555">
<ele>14</ele>
</trkpt>
<trkpt lat="32.757353888888886" lon="132.786385">
<ele>16</ele>
</trkpt>
<trkpt lat="32.75736194444445" lon="132.78632305555556">
<ele>14</ele>
</trkpt>
<trkpt lat="32.75737888888889" lon="132.786235">
<ele>14</ele>
</trkpt>
<trkpt lat="32.75756194444445" lon="132.78601">
<ele>19</ele>
</trkpt>
<trkpt lat="32.75763805555555" lon="132.78584805555556">
<ele>16</ele>
</trkpt>
<trkpt lat="32.757688055555555" lon="132.78562194444444">
<ele>19</ele>
</trkpt>
<trkpt lat="32.757713055555556" lon="132.78539694444444">
<ele>17</ele>
</trkpt>
<trkpt lat="32.75776194444445" lon="132.78484805555556">
<ele>12</ele>
</trkpt>
<trkpt lat="32.75776194444445" lon="132.78472305555556">
<ele>7</ele>
</trkpt>
<trkpt lat="32.75775388888889" lon="132.78434805555557">
<ele>3</ele>
</trkpt>
<trkpt lat="32.757711944444445" lon="132.78416">
<ele>1</ele>
</trkpt>
<trkpt lat="32.75766194444444" lon="132.784035">
<ele>1</ele>
</trkpt>
<trkpt lat="32.75760388888889" lon="132.783935">
<ele>2</ele>
</trkpt>
<trkpt lat="32.757486944444445" lon="132.78381">
<ele>2</ele>
</trkpt>
<trkpt lat="32.75721194444444" lon="132.78364805555555">
<ele>2</ele>
</trkpt>
<trkpt lat="32.75702888888889" lon="132.78351">
<ele>3</ele>
</trkpt>
<trkpt lat="32.75671194444445" lon="132.78339805555555">
<ele>3</ele>
</trkpt>
<trkpt lat="32.75630388888889" lon="132.783285">
<ele>5</ele>
</trkpt>
<trkpt lat="32.755986944444444" lon="132.78317305555555">
<ele>6</ele>
</trkpt>
<trkpt lat="32.75584611111111" lon="132.78306">
<ele>7</ele>
</trkpt>
<trkpt lat="32.755563055555555" lon="132.78273611111112">
<ele>9</ele>
</trkpt>
<trkpt lat="32.755313055555554" lon="132.78234805555556">
<ele>5</ele>
</trkpt>
<trkpt lat="32.755296111111114" lon="132.7823361111111">
<ele>5</ele>
</trkpt>
<trkpt lat="32.75499611111111" lon="132.78187305555556">
<ele>4</ele>
</trkpt>
<trkpt lat="32.75472111111111" lon="132.78149805555555">
<ele>4</ele>
</trkpt>
<trkpt lat="32.75463805555555" lon="132.7813361111111">
<ele>3</ele>
</trkpt>
<trkpt lat="32.75458694444445" lon="132.7812111111111">
<ele>6</ele>
</trkpt>
<trkpt lat="32.75447888888889" lon="132.7808611111111">
<ele>6</ele>
</trkpt>
<trkpt lat="32.75443805555555" lon="132.78069805555555">
<ele>3</ele>
</trkpt>
<trkpt lat="32.75434611111111" lon="132.7802861111111">
<ele>7</ele>
</trkpt>
<trkpt lat="32.754263055555555" lon="132.77974805555556">
<ele>5</ele>
</trkpt>
<trkpt lat="32.754238055555554" lon="132.77958611111112">
<ele>5</ele>
</trkpt>
<trkpt lat="32.75424611111111" lon="132.77946111111112">
<ele>5</ele>
</trkpt>
<trkpt lat="32.75432888888889" lon="132.7793111111111">
<ele>2</ele>
</trkpt>
<trkpt lat="32.75444611111111" lon="132.77923611111112">
<ele>13</ele>
</trkpt>
<trkpt lat="32.755386944444446" lon="132.77889805555554">
<ele>15</ele>
</trkpt>
<trkpt lat="32.75545388888889" lon="132.77884805555556">
<ele>14</ele>
</trkpt>
<trkpt lat="32.75555388888889" lon="132.77879805555557">
<ele>14</ele>
</trkpt>
<trkpt lat="32.75575388888889" lon="132.77866111111112">
<ele>12</ele>
</trkpt>
<trkpt lat="32.75627111111111" lon="132.7782361111111">
<ele>15</ele>
</trkpt>
<trkpt lat="32.75649611111111" lon="132.77798611111112">
<ele>14</ele>
</trkpt>
<trkpt lat="32.75662888888889" lon="132.77782305555556">
<ele>14</ele>
</trkpt>
<trkpt lat="32.756771111111114" lon="132.77759805555556">
<ele>11</ele>
</trkpt>
<trkpt lat="32.75707" lon="132.77708611111112">
<ele>13</ele>
</trkpt>
<trkpt lat="32.757128888888886" lon="132.7769861111111">
<ele>14</ele>
</trkpt>
<trkpt lat="32.75782" lon="132.77617388888888">
<ele>6</ele>
</trkpt>
<trkpt lat="32.75795388888889" lon="132.7759111111111">
<ele>6</ele>
</trkpt>
<trkpt lat="32.758161944444446" lon="132.77527388888888">
<ele>5</ele>
</trkpt>
<trkpt lat="32.75827" lon="132.7750988888889">
<ele>4</ele>
</trkpt>
<trkpt lat="32.75828694444444" lon="132.77503611111112">
<ele>4</ele>
</trkpt>
<trkpt lat="32.75832805555556" lon="132.7749988888889">
<ele>2</ele>
</trkpt>
<trkpt lat="32.758395" lon="132.77489888888888">
<ele>5</ele>
</trkpt>
<trkpt lat="32.75848694444444" lon="132.77482388888887">
<ele>4</ele>
</trkpt>
<trkpt lat="32.75942805555555" lon="132.7743361111111">
<ele>6</ele>
</trkpt>
<trkpt lat="32.75955305555556" lon="132.7742111111111">
<ele>2</ele>
</trkpt>
<trkpt lat="32.75997805555556" lon="132.7737111111111">
<ele>3</ele>
</trkpt>
<trkpt lat="32.760178055555556" lon="132.7735111111111">
<ele>4</ele>
</trkpt>
<trkpt lat="32.761195" lon="132.77266111111112">
<ele>4</ele>
</trkpt>
<trkpt lat="32.761361111111114" lon="132.7724611111111">
<ele>11</ele>
</trkpt>
<trkpt lat="32.761586111111114" lon="132.77211111111112">
<ele>9</ele>
</trkpt>
<trkpt lat="32.76206111111111" lon="132.77131111111112">
<ele>7</ele>
</trkpt>
<trkpt lat="32.76229388888889" lon="132.77072388888888">
<ele>8</ele>
</trkpt>
<trkpt lat="32.762343888888886" lon="132.77049888888888">
<ele>9</ele>
</trkpt>
<trkpt lat="32.762453055555554" lon="132.7697738888889">
<ele>8</ele>
</trkpt>
<trkpt lat="32.76401888888889" lon="132.7691738888889">
<ele>9</ele>
</trkpt>
<trkpt lat="32.76483611111111" lon="132.76893611111112">
<ele>9</ele>
</trkpt>
<trkpt lat="32.76487111111111" lon="132.76891805555556">
<ele>9</ele>
</trkpt>
<trkpt lat="32.76487111111111" lon="132.76891805555556">
<ele>9</ele>
</trkpt>
<trkpt lat="32.765028055555554" lon="132.7688361111111">
<ele>9</ele>
</trkpt>
<trkpt lat="32.76513611111111" lon="132.76871111111112">
<ele>9</ele>
</trkpt>
<trkpt lat="32.76536888888889" lon="132.76823611111112">
<ele>9</ele>
</trkpt>
<trkpt lat="32.76571888888889" lon="132.76744888888888">
<ele>9</ele>
</trkpt>
<trkpt lat="32.76668611111111" lon="132.7670738888889">
<ele>9</ele>
</trkpt>
<trkpt lat="32.76695194444444" lon="132.7669238888889">
<ele>9</ele>
</trkpt>
<trkpt lat="32.76733611111111" lon="132.7666861111111">
<ele>9</ele>
</trkpt>
<trkpt lat="32.76757694444444" lon="132.7665738888889">
<ele>9</ele>
</trkpt>
<trkpt lat="32.76792694444445" lon="132.7663988888889">
<ele>9</ele>
</trkpt>
<trkpt lat="32.76840194444444" lon="132.76632388888888">
<ele>9</ele>
</trkpt>
<trkpt lat="32.768526944444446" lon="132.76629888888888">
<ele>9</ele>
</trkpt>
<trkpt lat="32.768701944444445" lon="132.7662738888889">
<ele>9</ele>
</trkpt>
<trkpt lat="32.768993888888886" lon="132.7662861111111">
<ele>9</ele>
</trkpt>
<trkpt lat="32.769176944444446" lon="132.76631111111112">
<ele>9</ele>
</trkpt>
<trkpt lat="32.76944388888889" lon="132.7663738888889">
<ele>9</ele>
</trkpt>
<trkpt lat="32.770226944444445" lon="132.7666238888889">
<ele>9</ele>
</trkpt>
<trkpt lat="32.77101805555556" lon="132.7668611111111">
<ele>9</ele>
</trkpt>
<trkpt lat="32.77146805555556" lon="132.76701111111112">
<ele>13</ele>
</trkpt>
<trkpt lat="32.772351944444445" lon="132.7671488888889">
<ele>9</ele>
</trkpt>
<trkpt lat="32.77375111111111" lon="132.76719888888888">
<ele>9</ele>
</trkpt>
<trkpt lat="32.774143055555555" lon="132.7671738888889">
<ele>9</ele>
</trkpt>
<trkpt lat="32.77526" lon="132.76709888888888">
<ele>12</ele>
</trkpt>
<trkpt lat="32.775443055555556" lon="132.7670738888889">
<ele>13</ele>
</trkpt>
<trkpt lat="32.77581" lon="132.76699888888888">
<ele>14</ele>
</trkpt>
<trkpt lat="32.77611805555556" lon="132.7669361111111">
<ele>16</ele>
</trkpt>
<trkpt lat="32.777318055555554" lon="132.76652388888888">
<ele>19</ele>
</trkpt>
<trkpt lat="32.77830111111111" lon="132.76611111111112">
<ele>17</ele>
</trkpt>
<trkpt lat="32.77856805555555" lon="132.76597388888888">
<ele>19</ele>
</trkpt>
<trkpt lat="32.77905111111111" lon="132.7656861111111">
<ele>26</ele>
</trkpt>
<trkpt lat="32.779466944444444" lon="132.7653488888889">
<ele>38</ele>
</trkpt>
<trkpt lat="32.779668055555554" lon="132.7651488888889">
<ele>31</ele>
</trkpt>
<trkpt lat="32.78004305555555" lon="132.7646611111111">
<ele>24</ele>
</trkpt>
<trkpt lat="32.78019194444445" lon="132.76439888888888">
<ele>22</ele>
</trkpt>
<trkpt lat="32.78033388888889" lon="132.76406111111112">
<ele>26</ele>
</trkpt>
<trkpt lat="32.78053388888889" lon="132.76348611111112">
<ele>26</ele>
</trkpt>
<trkpt lat="32.78078388888889" lon="132.7628238888889">
<ele>28</ele>
</trkpt>
<trkpt lat="32.780926111111114" lon="132.76257388888888">
<ele>27</ele>
</trkpt>
<trkpt lat="32.78129305555556" lon="132.76199888888888">
<ele>27</ele>
</trkpt>
<trkpt lat="32.78163388888889" lon="132.76146111111112">
<ele>28</ele>
</trkpt>
<trkpt lat="32.78215111111111" lon="132.7608361111111">
<ele>34</ele>
</trkpt>
<trkpt lat="32.78240888888889" lon="132.7604738888889">
<ele>44</ele>
</trkpt>
<trkpt lat="32.78290111111111" lon="132.7599111111111">
<ele>47</ele>
</trkpt>
<trkpt lat="32.783141944444445" lon="132.75966111111111">
<ele>42</ele>
</trkpt>
<trkpt lat="32.78344194444445" lon="132.75942388888888">
<ele>43</ele>
</trkpt>
<trkpt lat="32.783791944444445" lon="132.75918611111112">
<ele>45</ele>
</trkpt>
<trkpt lat="32.7858" lon="132.7579111111111">
<ele>46</ele>
</trkpt>
<trkpt lat="32.78581694444444" lon="132.7579111111111">
<ele>46</ele>
</trkpt>
<trkpt lat="32.7861" lon="132.75773611111111">
<ele>44</ele>
</trkpt>
<trkpt lat="32.786208888888886" lon="132.7576361111111">
<ele>43</ele>
</trkpt>
<trkpt lat="32.78655805555555" lon="132.75726111111112">
<ele>47</ele>
</trkpt>
<trkpt lat="32.78678305555555" lon="132.7569738888889">
<ele>46</ele>
</trkpt>
<trkpt lat="32.7871" lon="132.7566111111111">
<ele>46</ele>
</trkpt>
<trkpt lat="32.78731694444444" lon="132.7563111111111">
<ele>46</ele>
</trkpt>
<trkpt lat="32.78746388888889" lon="132.75605388888889">
<ele>47</ele>
</trkpt>
<trkpt lat="32.78746388888889" lon="132.75605388888889">
<ele>47</ele>
</trkpt>
<trkpt lat="32.787575" lon="132.7558611111111">
<ele>48</ele>
</trkpt>
<trkpt lat="32.787883055555554" lon="132.7552738888889">
<ele>46</ele>
</trkpt>
<trkpt lat="32.78815" lon="132.75471194444444">
<ele>53</ele>
</trkpt>
<trkpt lat="32.788333055555555" lon="132.75442388888888">
<ele>51</ele>
</trkpt>
<trkpt lat="32.7887" lon="132.75391194444444">
<ele>52</ele>
</trkpt>
<trkpt lat="32.789275" lon="132.75326194444443">
<ele>55</ele>
</trkpt>
<trkpt lat="32.78945" lon="132.75304888888888">
<ele>55</ele>
</trkpt>
<trkpt lat="32.789633055555555" lon="132.75278694444444">
<ele>54</ele>
</trkpt>
<trkpt lat="32.78986611111111" lon="132.75231194444444">
<ele>53</ele>
</trkpt>
<trkpt lat="32.79004111111111" lon="132.75198694444444">
<ele>55</ele>
</trkpt>
<trkpt lat="32.790075" lon="132.75192388888888">
<ele>55</ele>
</trkpt>
<trkpt lat="32.79051611111111" lon="132.75112388888888">
<ele>66</ele>
</trkpt>
<trkpt lat="32.79125805555555" lon="132.74963694444443">
<ele>74</ele>
</trkpt>
<trkpt lat="32.79143305555556" lon="132.7492738888889">
<ele>64</ele>
</trkpt>
<trkpt lat="32.79144111111111" lon="132.74926194444444">
<ele>64</ele>
</trkpt>
<trkpt lat="32.79196611111111" lon="132.748275">
<ele>59</ele>
</trkpt>
<trkpt lat="32.79225805555556" lon="132.74778694444444">
<ele>73</ele>
</trkpt>
<trkpt lat="32.79241611111111" lon="132.74748694444443">
<ele>76</ele>
</trkpt>
<trkpt lat="32.79276611111111" lon="132.74675">
<ele>84</ele>
</trkpt>
<trkpt lat="32.79299888888889" lon="132.7463">
<ele>90</ele>
</trkpt>
<trkpt lat="32.79331611111111" lon="132.74555">
<ele>74</ele>
</trkpt>
<trkpt lat="32.79339888888889" lon="132.74528694444444">
<ele>73</ele>
</trkpt>
<trkpt lat="32.793481944444444" lon="132.74488805555555">
<ele>73</ele>
</trkpt>
<trkpt lat="32.793573888888886" lon="132.74408805555555">
<ele>74</ele>
</trkpt>
<trkpt lat="32.79358194444445" lon="132.74356194444445">
<ele>75</ele>
</trkpt>
<trkpt lat="32.79363305555555" lon="132.74223805555556">
<ele>76</ele>
</trkpt>
<trkpt lat="32.79364888888889" lon="132.741325">
<ele>77</ele>
</trkpt>
<trkpt lat="32.793706944444445" lon="132.740975">
<ele>77</ele>
</trkpt>
<trkpt lat="32.79379111111111" lon="132.740775">
<ele>77</ele>
</trkpt>
<trkpt lat="32.79394111111111" lon="132.7406">
<ele>77</ele>
</trkpt>
<trkpt lat="32.79405694444444" lon="132.74050111111112">
<ele>78</ele>
</trkpt>
<trkpt lat="32.79424111111111" lon="132.74045">
<ele>78</ele>
</trkpt>
<trkpt lat="32.79454888888889" lon="132.74041305555556">
<ele>78</ele>
</trkpt>
<trkpt lat="32.795181944444444" lon="132.74035">
<ele>80</ele>
</trkpt>
<trkpt lat="32.79614888888889" lon="132.74026305555554">
<ele>84</ele>
</trkpt>
<trkpt lat="32.79626611111111" lon="132.74023805555555">
<ele>85</ele>
</trkpt>
<trkpt lat="32.79647388888889" lon="132.74015">
<ele>89</ele>
</trkpt>
<trkpt lat="32.797465" lon="132.73956305555555">
<ele>88</ele>
</trkpt>
<trkpt lat="32.79784" lon="132.73931305555556">
<ele>88</ele>
</trkpt>
<trkpt lat="32.79813194444444" lon="132.739">
<ele>88</ele>
</trkpt>
<trkpt lat="32.79828194444445" lon="132.738775">
<ele>88</ele>
</trkpt>
<trkpt lat="32.79844" lon="132.7384761111111">
<ele>88</ele>
</trkpt>
<trkpt lat="32.798606944444444" lon="132.73810111111112">
<ele>88</ele>
</trkpt>
<trkpt lat="32.79873194444444" lon="132.7378011111111">
<ele>88</ele>
</trkpt>
<trkpt lat="32.79902305555556" lon="132.7372511111111">
<ele>88</ele>
</trkpt>
<trkpt lat="32.79920694444444" lon="132.73696305555555">
<ele>88</ele>
</trkpt>
<trkpt lat="32.799515" lon="132.73663805555555">
<ele>88</ele>
</trkpt>
<trkpt lat="32.79999" lon="132.73621305555557">
<ele>89</ele>
</trkpt>
<trkpt lat="32.80034805555555" lon="132.73591305555556">
<ele>88</ele>
</trkpt>
<trkpt lat="32.800623055555555" lon="132.73578805555556">
<ele>88</ele>
</trkpt>
<trkpt lat="32.80092305555556" lon="132.7356761111111">
<ele>89</ele>
</trkpt>
<trkpt lat="32.80182305555556" lon="132.73536305555555">
<ele>88</ele>
</trkpt>
<trkpt lat="32.80227305555555" lon="132.7352011111111">
<ele>89</ele>
</trkpt>
<trkpt lat="32.803156111111115" lon="132.73488805555556">
<ele>89</ele>
</trkpt>
<trkpt lat="32.80368111111111" lon="132.73472611111112">
<ele>88</ele>
</trkpt>
<trkpt lat="32.80414805555556" lon="132.7344511111111">
<ele>88</ele>
</trkpt>
<trkpt lat="32.80457305555556" lon="132.73413805555555">
<ele>88</ele>
</trkpt>
<trkpt lat="32.804631111111114" lon="132.7341011111111">
<ele>87</ele>
</trkpt>
<trkpt lat="32.80520611111111" lon="132.73368805555555">
<ele>83</ele>
</trkpt>
<trkpt lat="32.80575611111111" lon="132.7333261111111">
<ele>81</ele>
</trkpt>
<trkpt lat="32.80603111111111" lon="132.73313805555554">
<ele>88</ele>
</trkpt>
<trkpt lat="32.80695611111111" lon="132.73251305555556">
<ele>88</ele>
</trkpt>
<trkpt lat="32.80782194444444" lon="132.7319261111111">
<ele>81</ele>
</trkpt>
<trkpt lat="32.80863" lon="132.73138805555556">
<ele>82</ele>
</trkpt>
<trkpt lat="32.80903" lon="132.73111305555557">
<ele>83</ele>
</trkpt>
<trkpt lat="32.809455" lon="132.73083805555555">
<ele>85</ele>
</trkpt>
<trkpt lat="32.80993888888889" lon="132.7306011111111">
<ele>84</ele>
</trkpt>
<trkpt lat="32.81016388888889" lon="132.73051305555555">
<ele>83</ele>
</trkpt>
<trkpt lat="32.811163055555554" lon="132.73008805555557">
<ele>85</ele>
</trkpt>
<trkpt lat="32.81148" lon="132.72996305555554">
<ele>88</ele>
</trkpt>
<trkpt lat="32.813205" lon="132.72926305555555">
<ele>86</ele>
</trkpt>
<trkpt lat="32.81346305555556" lon="132.72915111111112">
<ele>83</ele>
</trkpt>
<trkpt lat="32.81383" lon="132.7290011111111">
<ele>85</ele>
</trkpt>
<trkpt lat="32.81422111111111" lon="132.72880111111112">
<ele>84</ele>
</trkpt>
<trkpt lat="32.81456305555555" lon="132.72857611111112">
<ele>84</ele>
</trkpt>
<trkpt lat="32.814888055555556" lon="132.72836305555555">
<ele>85</ele>
</trkpt>
<trkpt lat="32.815088055555556" lon="132.72821305555556">
<ele>86</ele>
</trkpt>
<trkpt lat="32.81547111111111" lon="132.7278388888889">
<ele>86</ele>
</trkpt>
<trkpt lat="32.81578805555556" lon="132.7275261111111">
<ele>86</ele>
</trkpt>
<trkpt lat="32.81644611111111" lon="132.72701388888888">
<ele>87</ele>
</trkpt>
<trkpt lat="32.81689611111111" lon="132.72667611111112">
<ele>85</ele>
</trkpt>
<trkpt lat="32.81756305555555" lon="132.72631388888888">
<ele>92</ele>
</trkpt>
<trkpt lat="32.81820388888889" lon="132.72600111111112">
<ele>81</ele>
</trkpt>
<trkpt lat="32.81867888888889" lon="132.72573888888888">
<ele>99</ele>
</trkpt>
<trkpt lat="32.81925388888889" lon="132.7253761111111">
<ele>98</ele>
</trkpt>
<trkpt lat="32.81965388888889" lon="132.7250011111111">
<ele>99</ele>
</trkpt>
<trkpt lat="32.81995388888889" lon="132.7246638888889">
<ele>93</ele>
</trkpt>
<trkpt lat="32.820145" lon="132.72440111111112">
<ele>97</ele>
</trkpt>
<trkpt lat="32.82026194444445" lon="132.7242511111111">
<ele>98</ele>
</trkpt>
<trkpt lat="32.82036194444444" lon="132.7241138888889">
<ele>99</ele>
</trkpt>
<trkpt lat="32.82042" lon="132.72403888888888">
<ele>98</ele>
</trkpt>
<trkpt lat="32.82073694444444" lon="132.7235511111111">
<ele>94</ele>
</trkpt>
<trkpt lat="32.820861944444445" lon="132.72340111111112">
<ele>94</ele>
</trkpt>
<trkpt lat="32.820945" lon="132.7233011111111">
<ele>91</ele>
</trkpt>
<trkpt lat="32.821111944444446" lon="132.72313888888888">
<ele>85</ele>
</trkpt>
<trkpt lat="32.821736944444446" lon="132.7226388888889">
<ele>81</ele>
</trkpt>
<trkpt lat="32.822195" lon="132.72237611111112">
<ele>86</ele>
</trkpt>
<trkpt lat="32.82251194444444" lon="132.7221638888889">
<ele>88</ele>
</trkpt>
<trkpt lat="32.82273694444444" lon="132.7219638888889">
<ele>88</ele>
</trkpt>
<trkpt lat="32.82292805555556" lon="132.7217638888889">
<ele>88</ele>
</trkpt>
<trkpt lat="32.823095" lon="132.7215388888889">
<ele>88</ele>
</trkpt>
<trkpt lat="32.82332" lon="132.7211888888889">
<ele>85</ele>
</trkpt>
<trkpt lat="32.823461944444446" lon="132.7209138888889">
<ele>83</ele>
</trkpt>
<trkpt lat="32.823545" lon="132.72067694444445">
<ele>82</ele>
</trkpt>
<trkpt lat="32.82362805555555" lon="132.72042694444445">
<ele>87</ele>
</trkpt>
<trkpt lat="32.823745" lon="132.71960194444443">
<ele>94</ele>
</trkpt>
<trkpt lat="32.82381111111111" lon="132.71863888888888">
<ele>97</ele>
</trkpt>
<trkpt lat="32.82383611111111" lon="132.71835194444444">
<ele>98</ele>
</trkpt>
<trkpt lat="32.82391111111111" lon="132.71747694444446">
<ele>99</ele>
</trkpt>
<trkpt lat="32.82397805555556" lon="132.71681388888888">
<ele>98</ele>
</trkpt>
<trkpt lat="32.82402805555556" lon="132.71594">
<ele>99</ele>
</trkpt>
<trkpt lat="32.82407805555555" lon="132.71507694444443">
<ele>106</ele>
</trkpt>
<trkpt lat="32.82405305555555" lon="132.71482694444444">
<ele>107</ele>
</trkpt>
<trkpt lat="32.82402805555556" lon="132.71472694444444">
<ele>108</ele>
</trkpt>
<trkpt lat="32.82397805555556" lon="132.714515">
<ele>109</ele>
</trkpt>
<trkpt lat="32.82377805555556" lon="132.714065">
<ele>109</ele>
</trkpt>
<trkpt lat="32.82357" lon="132.71364">
<ele>108</ele>
</trkpt>
<trkpt lat="32.823053055555555" lon="132.71259">
<ele>101</ele>
</trkpt>
<trkpt lat="32.822895" lon="132.712265">
<ele>103</ele>
</trkpt>
<trkpt lat="32.82252805555556" lon="132.71150194444445">
<ele>106</ele>
</trkpt>
<trkpt lat="32.822228055555556" lon="132.71089">
<ele>107</ele>
</trkpt>
<trkpt lat="32.822136111111114" lon="132.71062805555556">
<ele>108</ele>
</trkpt>
<trkpt lat="32.82211111111111" lon="132.710415">
<ele>109</ele>
</trkpt>
<trkpt lat="32.82211111111111" lon="132.71022805555555">
<ele>109</ele>
</trkpt>
<trkpt lat="32.82211111111111" lon="132.71002805555557">
<ele>109</ele>
</trkpt>
<trkpt lat="32.822245" lon="132.70962805555556">
<ele>107</ele>
</trkpt>
<trkpt lat="32.82235305555555" lon="132.70947805555556">
<ele>107</ele>
</trkpt>
<trkpt lat="32.82256888888889" lon="132.70929">
<ele>108</ele>
</trkpt>
<trkpt lat="32.822428055555555" lon="132.709015">
<ele>103</ele>
</trkpt>
<trkpt lat="32.82181888888889" lon="132.70795305555555">
<ele>108</ele>
</trkpt>
<trkpt lat="32.821443888888886" lon="132.70726611111112">
<ele>107</ele>
</trkpt>
<trkpt lat="32.821086111111114" lon="132.70662805555557">
<ele>103</ele>
</trkpt>
<trkpt lat="32.82091111111111" lon="132.70635305555555">
<ele>98</ele>
</trkpt>
<trkpt lat="32.82081888888889" lon="132.70626611111112">
<ele>98</ele>
</trkpt>
<trkpt lat="32.820636111111114" lon="132.70615305555555">
<ele>97</ele>
</trkpt>
<trkpt lat="32.82046111111111" lon="132.70610305555556">
<ele>95</ele>
</trkpt>
<trkpt lat="32.82002" lon="132.70604111111112">
<ele>93</ele>
</trkpt>
<trkpt lat="32.819828055555554" lon="132.70607805555557">
<ele>92</ele>
</trkpt>
<trkpt lat="32.81966111111111" lon="132.70615305555555">
<ele>92</ele>
</trkpt>
<trkpt lat="32.81921111111111" lon="132.7064661111111">
<ele>87</ele>
</trkpt>
<trkpt lat="32.81840305555556" lon="132.70696611111111">
<ele>84</ele>
</trkpt>
<trkpt lat="32.81778694444444" lon="132.7073161111111">
<ele>84</ele>
</trkpt>
<trkpt lat="32.81762805555555" lon="132.70739111111112">
<ele>83</ele>
</trkpt>
<trkpt lat="32.817195" lon="132.7075661111111">
<ele>81</ele>
</trkpt>
<trkpt lat="32.816853055555555" lon="132.70761611111112">
<ele>84</ele>
</trkpt>
<trkpt lat="32.81627805555556" lon="132.7076661111111">
<ele>85</ele>
</trkpt>
<trkpt lat="32.816003055555555" lon="132.7076661111111">
<ele>79</ele>
</trkpt>
<trkpt lat="32.815511944444445" lon="132.70762805555555">
<ele>77</ele>
</trkpt>
<trkpt lat="32.81515388888889" lon="132.7075911111111">
<ele>76</ele>
</trkpt>
<trkpt lat="32.81476194444444" lon="132.70750305555555">
<ele>76</ele>
</trkpt>
<trkpt lat="32.813586944444445" lon="132.7070161111111">
<ele>75</ele>
</trkpt>
<trkpt lat="32.81330388888889" lon="132.7068661111111">
<ele>78</ele>
</trkpt>
<trkpt lat="32.81303694444444" lon="132.70667805555556">
<ele>75</ele>
</trkpt>
<trkpt lat="32.812486944444444" lon="132.70627805555554">
<ele>69</ele>
</trkpt>
<trkpt lat="32.812111944444446" lon="132.7059661111111">
<ele>68</ele>
</trkpt>
<trkpt lat="32.81171194444445" lon="132.70569111111112">
<ele>67</ele>
</trkpt>
<trkpt lat="32.81079611111111" lon="132.70522805555555">
<ele>66</ele>
</trkpt>
<trkpt lat="32.81037111111111" lon="132.70501611111112">
<ele>66</ele>
</trkpt>
<trkpt lat="32.81003694444444" lon="132.7047661111111">
<ele>66</ele>
</trkpt>
<trkpt lat="32.809871111111114" lon="132.7046161111111">
<ele>64</ele>
</trkpt>
<trkpt lat="32.80977111111111" lon="132.7044038888889">
<ele>65</ele>
</trkpt>
<trkpt lat="32.80975388888889" lon="132.7038411111111">
<ele>67</ele>
</trkpt>
<trkpt lat="32.80986194444444" lon="132.70354111111112">
<ele>63</ele>
</trkpt>
<trkpt lat="32.810186944444446" lon="132.70295388888889">
<ele>57</ele>
</trkpt>
<trkpt lat="32.81026194444444" lon="132.70265388888888">
<ele>57</ele>
</trkpt>
<trkpt lat="32.81025388888889" lon="132.7023788888889">
<ele>58</ele>
</trkpt>
<trkpt lat="32.810161944444445" lon="132.7021538888889">
<ele>58</ele>
</trkpt>
<trkpt lat="32.81006194444444" lon="132.70206611111112">
<ele>58</ele>
</trkpt>
<trkpt lat="32.80962111111111" lon="132.70184111111112">
<ele>57</ele>
</trkpt>
<trkpt lat="32.809353888888886" lon="132.7016538888889">
<ele>57</ele>
</trkpt>
<trkpt lat="32.80913694444445" lon="132.70149111111112">
<ele>56</ele>
</trkpt>
<trkpt lat="32.808886944444446" lon="132.7012161111111">
<ele>56</ele>
</trkpt>
<trkpt lat="32.808596111111115" lon="132.70094111111112">
<ele>56</ele>
</trkpt>
<trkpt lat="32.808371111111114" lon="132.7007661111111">
<ele>57</ele>
</trkpt>
<trkpt lat="32.80788694444445" lon="132.70047888888888">
<ele>52</ele>
</trkpt>
<trkpt lat="32.80770388888889" lon="132.7002911111111">
<ele>52</ele>
</trkpt>
<trkpt lat="32.807611944444446" lon="132.7001161111111">
<ele>52</ele>
</trkpt>
<trkpt lat="32.807586944444445" lon="132.70002888888888">
<ele>52</ele>
</trkpt>
<trkpt lat="32.80753694444444" lon="132.6998538888889">
<ele>53</ele>
</trkpt>
<trkpt lat="32.80740388888889" lon="132.6992038888889">
<ele>56</ele>
</trkpt>
<trkpt lat="32.80730388888889" lon="132.6986038888889">
<ele>53</ele>
</trkpt>
<trkpt lat="32.80728694444444" lon="132.69826694444444">
<ele>56</ele>
</trkpt>
<trkpt lat="32.80727888888889" lon="132.69791694444444">
<ele>55</ele>
</trkpt>
<trkpt lat="32.80751194444444" lon="132.69687888888888">
<ele>54</ele>
</trkpt>
<trkpt lat="32.80753694444444" lon="132.6966038888889">
<ele>52</ele>
</trkpt>
<trkpt lat="32.80750388888889" lon="132.6963288888889">
<ele>48</ele>
</trkpt>
<trkpt lat="32.80735388888889" lon="132.6958788888889">
<ele>47</ele>
</trkpt>
<trkpt lat="32.80727111111111" lon="132.6956538888889">
<ele>47</ele>
</trkpt>
<trkpt lat="32.80690388888889" lon="132.69481694444445">
<ele>47</ele>
</trkpt>
<trkpt lat="32.80679611111111" lon="132.6946538888889">
<ele>48</ele>
</trkpt>
<trkpt lat="32.80666194444444" lon="132.69454194444444">
<ele>47</ele>
</trkpt>
<trkpt lat="32.80649611111111" lon="132.6945038888889">
<ele>47</ele>
</trkpt>
<trkpt lat="32.80603694444444" lon="132.69444194444443">
<ele>46</ele>
</trkpt>
<trkpt lat="32.805886944444445" lon="132.69436694444445">
<ele>44</ele>
</trkpt>
<trkpt lat="32.80578694444444" lon="132.69424194444446">
<ele>46</ele>
</trkpt>
<trkpt lat="32.80567888888889" lon="132.69403">
<ele>46</ele>
</trkpt>
<trkpt lat="32.80557888888889" lon="132.69359194444445">
<ele>47</ele>
</trkpt>
<trkpt lat="32.80539611111111" lon="132.69299194444446">
<ele>46</ele>
</trkpt>
<trkpt lat="32.80509611111111" lon="132.69229305555555">
<ele>42</ele>
</trkpt>
<trkpt lat="32.80497111111111" lon="132.69199194444445">
<ele>45</ele>
</trkpt>
<trkpt lat="32.80492111111111" lon="132.69179305555556">
<ele>46</ele>
</trkpt>
<trkpt lat="32.80489611111111" lon="132.69164305555555">
<ele>47</ele>
</trkpt>
<trkpt lat="32.80492888888889" lon="132.69143">
<ele>45</ele>
</trkpt>
<trkpt lat="32.80502888888889" lon="132.69098">
<ele>46</ele>
</trkpt>
<trkpt lat="32.80505388888889" lon="132.69081805555555">
<ele>46</ele>
</trkpt>
<trkpt lat="32.80505388888889" lon="132.69063">
<ele>46</ele>
</trkpt>
<trkpt lat="32.80499611111111" lon="132.69038">
<ele>42</ele>
</trkpt>
<trkpt lat="32.80467111111111" lon="132.68951805555557">
<ele>37</ele>
</trkpt>
<trkpt lat="32.804653888888886" lon="132.689455">
<ele>34</ele>
</trkpt>
<trkpt lat="32.804563055555555" lon="132.68904305555554">
<ele>35</ele>
</trkpt>
<trkpt lat="32.80440388888889" lon="132.68874305555556">
<ele>34</ele>
</trkpt>
<trkpt lat="32.80421194444445" lon="132.688505">
<ele>32</ele>
</trkpt>
<trkpt lat="32.80404611111111" lon="132.6883811111111">
<ele>33</ele>
</trkpt>
<trkpt lat="32.803311944444445" lon="132.6881811111111">
<ele>34</ele>
</trkpt>
<trkpt lat="32.803038055555554" lon="132.6880561111111">
<ele>34</ele>
</trkpt>
<trkpt lat="32.80280388888889" lon="132.68789305555555">
<ele>29</ele>
</trkpt>
<trkpt lat="32.80236305555555" lon="132.68746805555554">
<ele>28</ele>
</trkpt>
<trkpt lat="32.802171111111114" lon="132.68734305555554">
<ele>28</ele>
</trkpt>
<trkpt lat="32.80157111111111" lon="132.68701805555557">
<ele>29</ele>
</trkpt>
<trkpt lat="32.801296111111114" lon="132.68686888888888">
<ele>27</ele>
</trkpt>
<trkpt lat="32.80088" lon="132.6867061111111">
<ele>22</ele>
</trkpt>
<trkpt lat="32.80063" lon="132.6866311111111">
<ele>22</ele>
</trkpt>
<trkpt lat="32.800355" lon="132.6866188888889">
<ele>22</ele>
</trkpt>
<trkpt lat="32.80018805555556" lon="132.68664388888888">
<ele>22</ele>
</trkpt>
<trkpt lat="32.800088055555555" lon="132.6866688888889">
<ele>22</ele>
</trkpt>
<trkpt lat="32.79972194444444" lon="132.68678111111112">
<ele>22</ele>
</trkpt>
<trkpt lat="32.799371944444445" lon="132.6869561111111">
<ele>22</ele>
</trkpt>
<trkpt lat="32.799013055555555" lon="132.6871438888889">
<ele>18</ele>
</trkpt>
<trkpt lat="32.79887194444444" lon="132.6871811111111">
<ele>18</ele>
</trkpt>
<trkpt lat="32.798755" lon="132.6871688888889">
<ele>17</ele>
</trkpt>
<trkpt lat="32.79866305555556" lon="132.6871438888889">
<ele>16</ele>
</trkpt>
<trkpt lat="32.79857194444445" lon="132.6870438888889">
<ele>17</ele>
</trkpt>
<trkpt lat="32.798471944444444" lon="132.6868061111111">
<ele>17</ele>
</trkpt>
<trkpt lat="32.798155" lon="132.68578194444444">
<ele>16</ele>
</trkpt>
<trkpt lat="32.798071944444445" lon="132.68560694444446">
<ele>15</ele>
</trkpt>
<trkpt lat="32.79781388888889" lon="132.6852188888889">
<ele>15</ele>
</trkpt>
<trkpt lat="32.797655" lon="132.68493194444446">
<ele>12</ele>
</trkpt>
<trkpt lat="32.797605" lon="132.68478194444444">
<ele>9</ele>
</trkpt>
<trkpt lat="32.79758" lon="132.6845438888889">
<ele>9</ele>
</trkpt>
<trkpt lat="32.797505" lon="132.68445694444443">
<ele>9</ele>
</trkpt>
<trkpt lat="32.796996944444444" lon="132.6841938888889">
<ele>9</ele>
</trkpt>
<trkpt lat="32.79669694444444" lon="132.6840188888889">
<ele>8</ele>
</trkpt>
<trkpt lat="32.79648888888889" lon="132.6838938888889">
<ele>8</ele>
</trkpt>
<trkpt lat="32.79623888888889" lon="132.68360694444445">
<ele>8</ele>
</trkpt>
<trkpt lat="32.79603111111111" lon="132.68327">
<ele>4</ele>
</trkpt>
<trkpt lat="32.79593888888889" lon="132.68317">
<ele>4</ele>
</trkpt>
<trkpt lat="32.795856111111114" lon="132.68302">
<ele>3</ele>
</trkpt>
<trkpt lat="32.79573888888889" lon="132.682895">
<ele>5</ele>
</trkpt>
<trkpt lat="32.79558888888889" lon="132.68285805555556">
<ele>6</ele>
</trkpt>
<trkpt lat="32.79558888888889" lon="132.68285805555556">
<ele>6</ele>
</trkpt>
<trkpt lat="32.79573888888889" lon="132.682895">
<ele>5</ele>
</trkpt>
<trkpt lat="32.795856111111114" lon="132.68302">
<ele>3</ele>
</trkpt>
<trkpt lat="32.79593888888889" lon="132.68317">
<ele>4</ele>
</trkpt>
<trkpt lat="32.79478888888889" lon="132.68302">
<ele>4</ele>
</trkpt>
<trkpt lat="32.79449694444445" lon="132.68293194444445">
<ele>7</ele>
</trkpt>
<trkpt lat="32.79440611111111" lon="132.68287">
<ele>5</ele>
</trkpt>
<trkpt lat="32.794271944444446" lon="132.68268194444445">
<ele>4</ele>
</trkpt>
<trkpt lat="32.79420611111111" lon="132.68243305555555">
<ele>8</ele>
</trkpt>
<trkpt lat="32.79416388888889" lon="132.682145">
<ele>8</ele>
</trkpt>
<trkpt lat="32.79414805555555" lon="132.681795">
<ele>9</ele>
</trkpt>
<trkpt lat="32.79418111111111" lon="132.681495">
<ele>9</ele>
</trkpt>
<trkpt lat="32.79429694444445" lon="132.68123305555557">
<ele>11</ele>
</trkpt>
<trkpt lat="32.794581111111114" lon="132.680745">
<ele>14</ele>
</trkpt>
<trkpt lat="32.794646944444445" lon="132.68053194444445">
<ele>13</ele>
</trkpt>
<trkpt lat="32.79466388888889" lon="132.680245">
<ele>12</ele>
</trkpt>
<trkpt lat="32.794621944444444" lon="132.67938305555555">
<ele>13</ele>
</trkpt>
<trkpt lat="32.794621944444444" lon="132.67907">
<ele>15</ele>
</trkpt>
<trkpt lat="32.79466388888889" lon="132.67885805555557">
<ele>14</ele>
</trkpt>
<trkpt lat="32.79493111111111" lon="132.67827">
<ele>18</ele>
</trkpt>
<trkpt lat="32.795006111111114" lon="132.67797">
<ele>23</ele>
</trkpt>
<trkpt lat="32.79503111111111" lon="132.677695">
<ele>23</ele>
</trkpt>
<trkpt lat="32.79497194444444" lon="132.67672">
<ele>21</ele>
</trkpt>
<trkpt lat="32.794896944444446" lon="132.675645">
<ele>33</ele>
</trkpt>
<trkpt lat="32.79482194444444" lon="132.67530805555555">
<ele>37</ele>
</trkpt>
<trkpt lat="32.79453888888889" lon="132.67460805555555">
<ele>34</ele>
</trkpt>
<trkpt lat="32.794421944444444" lon="132.67443305555557">
<ele>31</ele>
</trkpt>
<trkpt lat="32.79413111111111" lon="132.67405805555555">
<ele>36</ele>
</trkpt>
<trkpt lat="32.793371944444445" lon="132.67304611111112">
<ele>36</ele>
</trkpt>
<trkpt lat="32.79323888888889" lon="132.67282111111112">
<ele>36</ele>
</trkpt>
<trkpt lat="32.793171944444445" lon="132.67265805555556">
<ele>35</ele>
</trkpt>
<trkpt lat="32.793146944444445" lon="132.67243305555556">
<ele>37</ele>
</trkpt>
<trkpt lat="32.793121944444444" lon="132.6720711111111">
<ele>36</ele>
</trkpt>
<trkpt lat="32.79310611111111" lon="132.67165805555555">
<ele>34</ele>
</trkpt>
<trkpt lat="32.793013888888886" lon="132.67140805555556">
<ele>36</ele>
</trkpt>
<trkpt lat="32.79273111111111" lon="132.67099611111112">
<ele>41</ele>
</trkpt>
<trkpt lat="32.79240611111111" lon="132.67063305555556">
<ele>41</ele>
</trkpt>
<trkpt lat="32.792098055555556" lon="132.67034611111112">
<ele>41</ele>
</trkpt>
<trkpt lat="32.79181388888889" lon="132.67020805555555">
<ele>42</ele>
</trkpt>
<trkpt lat="32.79153888888889" lon="132.6701711111111">
<ele>40</ele>
</trkpt>
<trkpt lat="32.79129694444445" lon="132.6701838888889">
<ele>42</ele>
</trkpt>
<trkpt lat="32.79113888888889" lon="132.6702338888889">
<ele>43</ele>
</trkpt>
<trkpt lat="32.79085611111111" lon="132.6702711111111">
<ele>46</ele>
</trkpt>
<trkpt lat="32.790548055555554" lon="132.6702961111111">
<ele>45</ele>
</trkpt>
<trkpt lat="32.79031388888889" lon="132.6702461111111">
<ele>44</ele>
</trkpt>
<trkpt lat="32.790081111111114" lon="132.6701338888889">
<ele>43</ele>
</trkpt>
<trkpt lat="32.78926388888889" lon="132.66988388888888">
<ele>54</ele>
</trkpt>
<trkpt lat="32.788848055555555" lon="132.66973388888889">
<ele>55</ele>
</trkpt>
<trkpt lat="32.78854805555556" lon="132.6695711111111">
<ele>61</ele>
</trkpt>
<trkpt lat="32.78818111111111" lon="132.66932111111112">
<ele>63</ele>
</trkpt>
<trkpt lat="32.787915" lon="132.66907111111112">
<ele>65</ele>
</trkpt>
<trkpt lat="32.78764805555556" lon="132.66873388888888">
<ele>64</ele>
</trkpt>
<trkpt lat="32.787398055555556" lon="132.6683211111111">
<ele>68</ele>
</trkpt>
<trkpt lat="32.78729805555555" lon="132.66804611111112">
<ele>69</ele>
</trkpt>
<trkpt lat="32.78723111111111" lon="132.66773388888888">
<ele>71</ele>
</trkpt>
<trkpt lat="32.78689" lon="132.66474694444443">
<ele>74</ele>
</trkpt>
<trkpt lat="32.78680611111111" lon="132.66402194444444">
<ele>75</ele>
</trkpt>
<trkpt lat="32.78657305555556" lon="132.66262194444445">
<ele>77</ele>
</trkpt>
<trkpt lat="32.785873055555555" lon="132.65977194444446">
<ele>81</ele>
</trkpt>
<trkpt lat="32.78555611111111" lon="132.65874694444443">
<ele>83</ele>
</trkpt>
<trkpt lat="32.784998055555555" lon="132.65722194444444">
<ele>85</ele>
</trkpt>
<trkpt lat="32.78440611111111" lon="132.65579694444443">
<ele>87</ele>
</trkpt>
<trkpt lat="32.78228111111111" lon="132.650885">
<ele>95</ele>
</trkpt>
<trkpt lat="32.78015611111111" lon="132.64597305555554">
<ele>103</ele>
</trkpt>
<trkpt lat="32.78010611111111" lon="132.64517305555555">
<ele>108</ele>
</trkpt>
<trkpt lat="32.78014805555556" lon="132.64486">
<ele>106</ele>
</trkpt>
<trkpt lat="32.78026388888889" lon="132.64439805555557">
<ele>107</ele>
</trkpt>
<trkpt lat="32.780881111111114" lon="132.64279805555555">
<ele>107</ele>
</trkpt>
<trkpt lat="32.78096388888889" lon="132.642385">
<ele>107</ele>
</trkpt>
<trkpt lat="32.78105611111111" lon="132.641885">
<ele>104</ele>
</trkpt>
<trkpt lat="32.78106388888889" lon="132.641585">
<ele>104</ele>
</trkpt>
<trkpt lat="32.78103111111111" lon="132.64141">
<ele>103</ele>
</trkpt>
<trkpt lat="32.78096388888889" lon="132.64114805555556">
<ele>103</ele>
</trkpt>
<trkpt lat="32.780881111111114" lon="132.64094805555555">
<ele>104</ele>
</trkpt>
<trkpt lat="32.78068888888889" lon="132.64062305555555">
<ele>103</ele>
</trkpt>
<trkpt lat="32.78057305555556" lon="132.64046">
<ele>104</ele>
</trkpt>
<trkpt lat="32.78042305555555" lon="132.64027305555555">
<ele>106</ele>
</trkpt>
<trkpt lat="32.78013111111111" lon="132.64002305555556">
<ele>108</ele>
</trkpt>
<trkpt lat="32.78006388888889" lon="132.639985">
<ele>109</ele>
</trkpt>
<trkpt lat="32.77993111111111" lon="132.63989805555556">
<ele>108</ele>
</trkpt>
<trkpt lat="32.779648055555555" lon="132.63977305555557">
<ele>105</ele>
</trkpt>
<trkpt lat="32.77901388888889" lon="132.63956">
<ele>100</ele>
</trkpt>
<trkpt lat="32.778773055555554" lon="132.63947305555556">
<ele>98</ele>
</trkpt>
<trkpt lat="32.77869805555556" lon="132.63944805555556">
<ele>98</ele>
</trkpt>
<trkpt lat="32.77848888888889" lon="132.63934805555556">
<ele>94</ele>
</trkpt>
<trkpt lat="32.77831388888889" lon="132.6392361111111">
<ele>95</ele>
</trkpt>
<trkpt lat="32.77820611111111" lon="132.63914805555555">
<ele>96</ele>
</trkpt>
<trkpt lat="32.77803111111111" lon="132.6389861111111">
<ele>93</ele>
</trkpt>
<trkpt lat="32.77771388888889" lon="132.63867305555556">
<ele>97</ele>
</trkpt>
<trkpt lat="32.77759805555556" lon="132.63861111111112">
<ele>97</ele>
</trkpt>
<trkpt lat="32.77741388888889" lon="132.63857305555555">
<ele>98</ele>
</trkpt>
<trkpt lat="32.77723888888889" lon="132.63861111111112">
<ele>94</ele>
</trkpt>
<trkpt lat="32.77702305555555" lon="132.63877305555556">
<ele>86</ele>
</trkpt>
<trkpt lat="32.77689" lon="132.63906111111112">
<ele>89</ele>
</trkpt>
<trkpt lat="32.77665611111111" lon="132.63964805555557">
<ele>82</ele>
</trkpt>
<trkpt lat="32.776615" lon="132.63973611111112">
<ele>84</ele>
</trkpt>
<trkpt lat="32.77648111111111" lon="132.63987305555557">
<ele>86</ele>
</trkpt>
<trkpt lat="32.77643111111111" lon="132.6399111111111">
<ele>88</ele>
</trkpt>
<trkpt lat="32.776265" lon="132.6399861111111">
<ele>86</ele>
</trkpt>
<trkpt lat="32.77588111111111" lon="132.6401111111111">
<ele>81</ele>
</trkpt>
<trkpt lat="32.77568111111111" lon="132.6402611111111">
<ele>88</ele>
</trkpt>
<trkpt lat="32.775573055555554" lon="132.64041111111112">
<ele>88</ele>
</trkpt>
<trkpt lat="32.775398055555556" lon="132.64066111111111">
<ele>82</ele>
</trkpt>
<trkpt lat="32.77532305555555" lon="132.6407111111111">
<ele>83</ele>
</trkpt>
<trkpt lat="32.77508111111111" lon="132.64079805555556">
<ele>85</ele>
</trkpt>
<trkpt lat="32.77479" lon="132.64082305555556">
<ele>81</ele>
</trkpt>
<trkpt lat="32.774615" lon="132.64079805555556">
<ele>82</ele>
</trkpt>
<trkpt lat="32.77437305555556" lon="132.64069805555556">
<ele>83</ele>
</trkpt>
<trkpt lat="32.774256944444446" lon="132.6405861111111">
<ele>81</ele>
</trkpt>
<trkpt lat="32.774165" lon="132.6404861111111">
<ele>77</ele>
</trkpt>
<trkpt lat="32.77372305555556" lon="132.6398111111111">
<ele>79</ele>
</trkpt>
<trkpt lat="32.773665" lon="132.63973611111112">
<ele>79</ele>
</trkpt>
<trkpt lat="32.77357305555556" lon="132.6396861111111">
<ele>79</ele>
</trkpt>
<trkpt lat="32.77348194444444" lon="132.6396611111111">
<ele>75</ele>
</trkpt>
<trkpt lat="32.77337305555555" lon="132.63964805555557">
<ele>74</ele>
</trkpt>
<trkpt lat="32.77289805555556" lon="132.63977305555557">
<ele>75</ele>
</trkpt>
<trkpt lat="32.772715" lon="132.63989805555556">
<ele>78</ele>
</trkpt>
<trkpt lat="32.77264" lon="132.63999805555557">
<ele>74</ele>
</trkpt>
<trkpt lat="32.772565" lon="132.6401361111111">
<ele>78</ele>
</trkpt>
<trkpt lat="32.77244" lon="132.64043611111111">
<ele>74</ele>
</trkpt>
<trkpt lat="32.772348055555554" lon="132.6405611111111">
<ele>83</ele>
</trkpt>
<trkpt lat="32.772215" lon="132.64064805555554">
<ele>75</ele>
</trkpt>
<trkpt lat="32.772056944444444" lon="132.64069805555556">
<ele>78</ele>
</trkpt>
<trkpt lat="32.77179805555556" lon="132.64067305555557">
<ele>76</ele>
</trkpt>
<trkpt lat="32.771431944444444" lon="132.64066111111111">
<ele>65</ele>
</trkpt>
<trkpt lat="32.771256944444445" lon="132.64067305555557">
<ele>68</ele>
</trkpt>
<trkpt lat="32.77090694444444" lon="132.64076111111112">
<ele>67</ele>
</trkpt>
<trkpt lat="32.77079888888889" lon="132.6408111111111">
<ele>68</ele>
</trkpt>
<trkpt lat="32.77059888888889" lon="132.6409361111111">
<ele>64</ele>
</trkpt>
<trkpt lat="32.770215" lon="132.6412361111111">
<ele>58</ele>
</trkpt>
<trkpt lat="32.76999" lon="132.64134805555557">
<ele>58</ele>
</trkpt>
<trkpt lat="32.76979" lon="132.64144805555554">
<ele>59</ele>
</trkpt>
<trkpt lat="32.76964888888889" lon="132.64156111111112">
<ele>56</ele>
</trkpt>
<trkpt lat="32.769598888888886" lon="132.64162305555556">
<ele>56</ele>
</trkpt>
<trkpt lat="32.769531944444445" lon="132.6416861111111">
<ele>56</ele>
</trkpt>
<trkpt lat="32.76947388888889" lon="132.64178611111112">
<ele>58</ele>
</trkpt>
<trkpt lat="32.76920694444444" lon="132.64227305555556">
<ele>55</ele>
</trkpt>
<trkpt lat="32.769106944444445" lon="132.6424111111111">
<ele>54</ele>
</trkpt>
<trkpt lat="32.768906944444446" lon="132.64266111111112">
<ele>58</ele>
</trkpt>
<trkpt lat="32.768706944444446" lon="132.64287305555555">
<ele>59</ele>
</trkpt>
<trkpt lat="32.76784888888889" lon="132.64358611111112">
<ele>58</ele>
</trkpt>
<trkpt lat="32.76773194444444" lon="132.64358611111112">
<ele>57</ele>
</trkpt>
<trkpt lat="32.767673888888886" lon="132.64357305555555">
<ele>57</ele>
</trkpt>
<trkpt lat="32.76759888888889" lon="132.6433861111111">
<ele>57</ele>
</trkpt>
<trkpt lat="32.76757388888889" lon="132.64312305555555">
<ele>54</ele>
</trkpt>
<trkpt lat="32.76754888888889" lon="132.64284805555556">
<ele>56</ele>
</trkpt>
<trkpt lat="32.76750694444444" lon="132.6420611111111">
<ele>45</ele>
</trkpt>
<trkpt lat="32.76750694444444" lon="132.64134805555557">
<ele>44</ele>
</trkpt>
<trkpt lat="32.76739111111111" lon="132.64111111111112">
<ele>46</ele>
</trkpt>
<trkpt lat="32.76707388888889" lon="132.64067305555557">
<ele>46</ele>
</trkpt>
<trkpt lat="32.766931944444444" lon="132.64037305555556">
<ele>44</ele>
</trkpt>
<trkpt lat="32.76696611111111" lon="132.64009805555557">
<ele>42</ele>
</trkpt>
<trkpt lat="32.76707388888889" lon="132.63982305555555">
<ele>42</ele>
</trkpt>
<trkpt lat="32.767248888888886" lon="132.63972305555555">
<ele>41</ele>
</trkpt>
<trkpt lat="32.76753194444444" lon="132.63962305555555">
<ele>42</ele>
</trkpt>
<trkpt lat="32.767856944444446" lon="132.6394861111111">
<ele>43</ele>
</trkpt>
<trkpt lat="32.76797388888889" lon="132.63939805555555">
<ele>44</ele>
</trkpt>
<trkpt lat="32.768015" lon="132.6393111111111">
<ele>42</ele>
</trkpt>
<trkpt lat="32.768056944444446" lon="132.63883611111112">
<ele>44</ele>
</trkpt>
<trkpt lat="32.76814888888889" lon="132.63819805555556">
<ele>35</ele>
</trkpt>
<trkpt lat="32.76822388888889" lon="132.63792305555555">
<ele>34</ele>
</trkpt>
<trkpt lat="32.76829" lon="132.63768611111112">
<ele>37</ele>
</trkpt>
<trkpt lat="32.76829" lon="132.6375611111111">
<ele>40</ele>
</trkpt>
<trkpt lat="32.76824888888889" lon="132.63742305555556">
<ele>42</ele>
</trkpt>
<trkpt lat="32.76799" lon="132.6369611111111">
<ele>44</ele>
</trkpt>
<trkpt lat="32.767815" lon="132.63658611111111">
<ele>43</ele>
</trkpt>
<trkpt lat="32.76769888888889" lon="132.63629805555556">
<ele>42</ele>
</trkpt>
<trkpt lat="32.76754" lon="132.6359111111111">
<ele>40</ele>
</trkpt>
<trkpt lat="32.76734" lon="132.63567305555554">
<ele>35</ele>
</trkpt>
<trkpt lat="32.767265" lon="132.63554805555555">
<ele>35</ele>
</trkpt>
<trkpt lat="32.767215" lon="132.63541111111113">
<ele>38</ele>
</trkpt>
<trkpt lat="32.767206944444446" lon="132.63521111111112">
<ele>38</ele>
</trkpt>
<trkpt lat="32.767223888888886" lon="132.6350361111111">
<ele>33</ele>
</trkpt>
<trkpt lat="32.76729" lon="132.63472305555555">
<ele>26</ele>
</trkpt>
<trkpt lat="32.76739" lon="132.63452305555555">
<ele>24</ele>
</trkpt>
<trkpt lat="32.767565" lon="132.63414805555556">
<ele>20</ele>
</trkpt>
<trkpt lat="32.76759" lon="132.63317388888888">
<ele>22</ele>
</trkpt>
<trkpt lat="32.76748194444444" lon="132.63279888888889">
<ele>25</ele>
</trkpt>
<trkpt lat="32.767448055555555" lon="132.63236111111112">
<ele>21</ele>
</trkpt>
<trkpt lat="32.76753194444444" lon="132.6319861111111">
<ele>14</ele>
</trkpt>
<trkpt lat="32.767581944444444" lon="132.6314988888889">
<ele>13</ele>
</trkpt>
<trkpt lat="32.76759" lon="132.6311611111111">
<ele>12</ele>
</trkpt>
<trkpt lat="32.767465" lon="132.6298488888889">
<ele>0</ele>
</trkpt>
<trkpt lat="32.767365" lon="132.6290611111111">
<ele>4</ele>
</trkpt>
<trkpt lat="32.767406944444446" lon="132.6286111111111">
<ele>3</ele>
</trkpt>
<trkpt lat="32.76754805555556" lon="132.6276861111111">
<ele>3</ele>
</trkpt>
<trkpt lat="32.76759" lon="132.6275238888889">
<ele>3</ele>
</trkpt>
<trkpt lat="32.76774805555556" lon="132.62728611111112">
<ele>3</ele>
</trkpt>
<trkpt lat="32.76843111111111" lon="132.62649888888888">
<ele>5</ele>
</trkpt>
<trkpt lat="32.76875611111111" lon="132.62614888888888">
<ele>5</ele>
</trkpt>
<trkpt lat="32.76891388888889" lon="132.6260488888889">
<ele>4</ele>
</trkpt>
<trkpt lat="32.769038888888886" lon="132.62602388888888">
<ele>3</ele>
</trkpt>
<trkpt lat="32.76928888888889" lon="132.6259861111111">
<ele>5</ele>
</trkpt>
<trkpt lat="32.76948888888889" lon="132.62603611111112">
<ele>3</ele>
</trkpt>
<trkpt lat="32.76963888888889" lon="132.6260988888889">
<ele>4</ele>
</trkpt>
<trkpt lat="32.76985611111111" lon="132.62624888888888">
<ele>5</ele>
</trkpt>
<trkpt lat="32.77018388888889" lon="132.626585">
<ele>5</ele>
</trkpt>
<trkpt lat="32.77018388888889" lon="132.6265838888889">
<ele>5</ele>
</trkpt>
<trkpt lat="32.76985611111111" lon="132.62624888888888">
<ele>5</ele>
</trkpt>
<trkpt lat="32.76963888888889" lon="132.6260988888889">
<ele>4</ele>
</trkpt>
<trkpt lat="32.76948888888889" lon="132.62603611111112">
<ele>3</ele>
</trkpt>
<trkpt lat="32.76928888888889" lon="132.6259861111111">
<ele>5</ele>
</trkpt>
<trkpt lat="32.769038888888886" lon="132.62602388888888">
<ele>3</ele>
</trkpt>
<trkpt lat="32.76891388888889" lon="132.6260488888889">
<ele>4</ele>
</trkpt>
<trkpt lat="32.76875611111111" lon="132.62614888888888">
<ele>5</ele>
</trkpt>
<trkpt lat="32.76843111111111" lon="132.62649888888888">
<ele>5</ele>
</trkpt>
<trkpt lat="32.76774805555556" lon="132.62728611111112">
<ele>3</ele>
</trkpt>
<trkpt lat="32.76759" lon="132.6275238888889">
<ele>3</ele>
</trkpt>
<trkpt lat="32.76754805555556" lon="132.6276861111111">
<ele>3</ele>
</trkpt>
<trkpt lat="32.767406944444446" lon="132.6286111111111">
<ele>3</ele>
</trkpt>
<trkpt lat="32.767365" lon="132.6290611111111">
<ele>4</ele>
</trkpt>
<trkpt lat="32.767465" lon="132.6298488888889">
<ele>0</ele>
</trkpt>
<trkpt lat="32.76759" lon="132.6311611111111">
<ele>12</ele>
</trkpt>
<trkpt lat="32.767581944444444" lon="132.6314988888889">
<ele>13</ele>
</trkpt>
<trkpt lat="32.76753194444444" lon="132.6319861111111">
<ele>14</ele>
</trkpt>
<trkpt lat="32.767448055555555" lon="132.63236111111112">
<ele>21</ele>
</trkpt>
<trkpt lat="32.76748194444444" lon="132.63279888888889">
<ele>25</ele>
</trkpt>
<trkpt lat="32.76759" lon="132.63317388888888">
<ele>22</ele>
</trkpt>
<trkpt lat="32.767565" lon="132.63414805555556">
<ele>20</ele>
</trkpt>
<trkpt lat="32.76739" lon="132.63452305555555">
<ele>24</ele>
</trkpt>
<trkpt lat="32.76729" lon="132.63472305555555">
<ele>26</ele>
</trkpt>
<trkpt lat="32.767223888888886" lon="132.6350361111111">
<ele>33</ele>
</trkpt>
<trkpt lat="32.767206944444446" lon="132.63521111111112">
<ele>38</ele>
</trkpt>
<trkpt lat="32.767215" lon="132.63541111111113">
<ele>38</ele>
</trkpt>
<trkpt lat="32.767265" lon="132.63554805555555">
<ele>35</ele>
</trkpt>
<trkpt lat="32.76734" lon="132.63567305555554">
<ele>35</ele>
</trkpt>
<trkpt lat="32.76754" lon="132.6359111111111">
<ele>40</ele>
</trkpt>
<trkpt lat="32.76769888888889" lon="132.63629805555556">
<ele>42</ele>
</trkpt>
<trkpt lat="32.767815" lon="132.63658611111111">
<ele>43</ele>
</trkpt>
<trkpt lat="32.76799" lon="132.6369611111111">
<ele>44</ele>
</trkpt>
<trkpt lat="32.76824888888889" lon="132.63742305555556">
<ele>42</ele>
</trkpt>
<trkpt lat="32.76829" lon="132.6375611111111">
<ele>40</ele>
</trkpt>
<trkpt lat="32.76829" lon="132.63768611111112">
<ele>37</ele>
</trkpt>
<trkpt lat="32.76822388888889" lon="132.63792305555555">
<ele>34</ele>
</trkpt>
<trkpt lat="32.76814888888889" lon="132.63819805555556">
<ele>35</ele>
</trkpt>
<trkpt lat="32.768056944444446" lon="132.63883611111112">
<ele>44</ele>
</trkpt>
<trkpt lat="32.768015" lon="132.6393111111111">
<ele>42</ele>
</trkpt>
<trkpt lat="32.76797388888889" lon="132.63939805555555">
<ele>44</ele>
</trkpt>
<trkpt lat="32.767856944444446" lon="132.6394861111111">
<ele>43</ele>
</trkpt>
<trkpt lat="32.76753194444444" lon="132.63962305555555">
<ele>42</ele>
</trkpt>
<trkpt lat="32.767248888888886" lon="132.63972305555555">
<ele>41</ele>
</trkpt>
<trkpt lat="32.76707388888889" lon="132.63982305555555">
<ele>42</ele>
</trkpt>
<trkpt lat="32.76696611111111" lon="132.64009805555557">
<ele>42</ele>
</trkpt>
<trkpt lat="32.766931944444444" lon="132.64037305555556">
<ele>44</ele>
</trkpt>
<trkpt lat="32.76707388888889" lon="132.64067305555557">
<ele>46</ele>
</trkpt>
<trkpt lat="32.76739111111111" lon="132.64111111111112">
<ele>46</ele>
</trkpt>
<trkpt lat="32.76750694444444" lon="132.64134805555557">
<ele>44</ele>
</trkpt>
<trkpt lat="32.76750694444444" lon="132.6420611111111">
<ele>45</ele>
</trkpt>
<trkpt lat="32.76754888888889" lon="132.64284805555556">
<ele>56</ele>
</trkpt>
<trkpt lat="32.76757388888889" lon="132.64312305555555">
<ele>54</ele>
</trkpt>
<trkpt lat="32.76759888888889" lon="132.6433861111111">
<ele>57</ele>
</trkpt>
<trkpt lat="32.767673888888886" lon="132.64357305555555">
<ele>57</ele>
</trkpt>
<trkpt lat="32.76773194444444" lon="132.64358611111112">
<ele>57</ele>
</trkpt>
<trkpt lat="32.76784888888889" lon="132.64358611111112">
<ele>58</ele>
</trkpt>
<trkpt lat="32.768706944444446" lon="132.64287305555555">
<ele>59</ele>
</trkpt>
<trkpt lat="32.768906944444446" lon="132.64266111111112">
<ele>58</ele>
</trkpt>
<trkpt lat="32.769106944444445" lon="132.6424111111111">
<ele>54</ele>
</trkpt>
<trkpt lat="32.76920694444444" lon="132.64227305555556">
<ele>55</ele>
</trkpt>
<trkpt lat="32.76947388888889" lon="132.64178611111112">
<ele>58</ele>
</trkpt>
<trkpt lat="32.769531944444445" lon="132.6416861111111">
<ele>56</ele>
</trkpt>
<trkpt lat="32.769598888888886" lon="132.64162305555556">
<ele>56</ele>
</trkpt>
<trkpt lat="32.76964888888889" lon="132.64156111111112">
<ele>56</ele>
</trkpt>
<trkpt lat="32.76979" lon="132.64144805555554">
<ele>59</ele>
</trkpt>
<trkpt lat="32.76999" lon="132.64134805555557">
<ele>58</ele>
</trkpt>
<trkpt lat="32.770215" lon="132.6412361111111">
<ele>58</ele>
</trkpt>
<trkpt lat="32.77059888888889" lon="132.6409361111111">
<ele>64</ele>
</trkpt>
<trkpt lat="32.77079888888889" lon="132.6408111111111">
<ele>68</ele>
</trkpt>
<trkpt lat="32.77090694444444" lon="132.64076111111112">
<ele>67</ele>
</trkpt>
<trkpt lat="32.771256944444445" lon="132.64067305555557">
<ele>68</ele>
</trkpt>
<trkpt lat="32.771431944444444" lon="132.64066111111111">
<ele>65</ele>
</trkpt>
<trkpt lat="32.77179805555556" lon="132.64067305555557">
<ele>76</ele>
</trkpt>
<trkpt lat="32.772056944444444" lon="132.64069805555556">
<ele>78</ele>
</trkpt>
<trkpt lat="32.772215" lon="132.64064805555554">
<ele>75</ele>
</trkpt>
<trkpt lat="32.772348055555554" lon="132.6405611111111">
<ele>83</ele>
</trkpt>
<trkpt lat="32.77244" lon="132.64043611111111">
<ele>74</ele>
</trkpt>
<trkpt lat="32.772565" lon="132.6401361111111">
<ele>78</ele>
</trkpt>
<trkpt lat="32.77264" lon="132.63999805555557">
<ele>74</ele>
</trkpt>
<trkpt lat="32.772715" lon="132.63989805555556">
<ele>78</ele>
</trkpt>
<trkpt lat="32.77289805555556" lon="132.63977305555557">
<ele>75</ele>
</trkpt>
<trkpt lat="32.77337305555555" lon="132.63964805555557">
<ele>74</ele>
</trkpt>
<trkpt lat="32.77348194444444" lon="132.6396611111111">
<ele>75</ele>
</trkpt>
<trkpt lat="32.77357305555556" lon="132.6396861111111">
<ele>79</ele>
</trkpt>
<trkpt lat="32.773665" lon="132.63973611111112">
<ele>79</ele>
</trkpt>
<trkpt lat="32.77372305555556" lon="132.6398111111111">
<ele>79</ele>
</trkpt>
<trkpt lat="32.774165" lon="132.6404861111111">
<ele>77</ele>
</trkpt>
<trkpt lat="32.774256944444446" lon="132.6405861111111">
<ele>81</ele>
</trkpt>
<trkpt lat="32.77437305555556" lon="132.64069805555556">
<ele>83</ele>
</trkpt>
<trkpt lat="32.774615" lon="132.64079805555556">
<ele>82</ele>
</trkpt>
<trkpt lat="32.77479" lon="132.64082305555556">
<ele>81</ele>
</trkpt>
<trkpt lat="32.77508111111111" lon="132.64079805555556">
<ele>85</ele>
</trkpt>
<trkpt lat="32.77532305555555" lon="132.6407111111111">
<ele>83</ele>
</trkpt>
<trkpt lat="32.775398055555556" lon="132.64066111111111">
<ele>82</ele>
</trkpt>
<trkpt lat="32.775573055555554" lon="132.64041111111112">
<ele>88</ele>
</trkpt>
<trkpt lat="32.77568111111111" lon="132.6402611111111">
<ele>88</ele>
</trkpt>
<trkpt lat="32.77588111111111" lon="132.6401111111111">
<ele>81</ele>
</trkpt>
<trkpt lat="32.776265" lon="132.6399861111111">
<ele>86</ele>
</trkpt>
<trkpt lat="32.77643111111111" lon="132.6399111111111">
<ele>88</ele>
</trkpt>
<trkpt lat="32.77648111111111" lon="132.63987305555557">
<ele>86</ele>
</trkpt>
<trkpt lat="32.776615" lon="132.63973611111112">
<ele>84</ele>
</trkpt>
<trkpt lat="32.77665611111111" lon="132.63964805555557">
<ele>82</ele>
</trkpt>
<trkpt lat="32.77689" lon="132.63906111111112">
<ele>89</ele>
</trkpt>
<trkpt lat="32.77702305555555" lon="132.63877305555556">
<ele>86</ele>
</trkpt>
<trkpt lat="32.77723888888889" lon="132.63861111111112">
<ele>94</ele>
</trkpt>
<trkpt lat="32.77741388888889" lon="132.63857305555555">
<ele>98</ele>
</trkpt>
<trkpt lat="32.77759805555556" lon="132.63861111111112">
<ele>97</ele>
</trkpt>
<trkpt lat="32.77771388888889" lon="132.63867305555556">
<ele>97</ele>
</trkpt>
<trkpt lat="32.77803111111111" lon="132.6389861111111">
<ele>93</ele>
</trkpt>
<trkpt lat="32.77820611111111" lon="132.63914805555555">
<ele>96</ele>
</trkpt>
<trkpt lat="32.77831388888889" lon="132.6392361111111">
<ele>95</ele>
</trkpt>
<trkpt lat="32.77848888888889" lon="132.63934805555556">
<ele>94</ele>
</trkpt>
<trkpt lat="32.77869805555556" lon="132.63944805555556">
<ele>98</ele>
</trkpt>
<trkpt lat="32.778773055555554" lon="132.63947305555556">
<ele>98</ele>
</trkpt>
<trkpt lat="32.77901388888889" lon="132.63956">
<ele>100</ele>
</trkpt>
<trkpt lat="32.779648055555555" lon="132.63977305555557">
<ele>105</ele>
</trkpt>
<trkpt lat="32.77993111111111" lon="132.63989805555556">
<ele>108</ele>
</trkpt>
<trkpt lat="32.78006388888889" lon="132.639985">
<ele>109</ele>
</trkpt>
<trkpt lat="32.78013111111111" lon="132.64002305555556">
<ele>108</ele>
</trkpt>
<trkpt lat="32.78042305555555" lon="132.64027305555555">
<ele>106</ele>
</trkpt>
<trkpt lat="32.78057305555556" lon="132.64046">
<ele>104</ele>
</trkpt>
<trkpt lat="32.78068888888889" lon="132.64062305555555">
<ele>103</ele>
</trkpt>
<trkpt lat="32.780881111111114" lon="132.64094805555555">
<ele>104</ele>
</trkpt>
<trkpt lat="32.78096388888889" lon="132.64114805555556">
<ele>103</ele>
</trkpt>
<trkpt lat="32.78103111111111" lon="132.64141">
<ele>103</ele>
</trkpt>
<trkpt lat="32.78106388888889" lon="132.641585">
<ele>104</ele>
</trkpt>
<trkpt lat="32.78105611111111" lon="132.641885">
<ele>104</ele>
</trkpt>
<trkpt lat="32.78096388888889" lon="132.642385">
<ele>107</ele>
</trkpt>
<trkpt lat="32.780881111111114" lon="132.64279805555555">
<ele>107</ele>
</trkpt>
<trkpt lat="32.78026388888889" lon="132.64439805555557">
<ele>107</ele>
</trkpt>
<trkpt lat="32.78014805555556" lon="132.64486">
<ele>106</ele>
</trkpt>
<trkpt lat="32.78010611111111" lon="132.64517305555555">
<ele>108</ele>
</trkpt>
<trkpt lat="32.78015611111111" lon="132.64597305555554">
<ele>103</ele>
</trkpt>
<trkpt lat="32.78228111111111" lon="132.650885">
<ele>95</ele>
</trkpt>
<trkpt lat="32.78440611111111" lon="132.65579694444443">
<ele>87</ele>
</trkpt>
<trkpt lat="32.784998055555555" lon="132.65722194444444">
<ele>85</ele>
</trkpt>
<trkpt lat="32.78555611111111" lon="132.65874694444443">
<ele>83</ele>
</trkpt>
<trkpt lat="32.785873055555555" lon="132.65977194444446">
<ele>81</ele>
</trkpt>
<trkpt lat="32.78657305555556" lon="132.66262194444445">
<ele>77</ele>
</trkpt>
<trkpt lat="32.78680611111111" lon="132.66402194444444">
<ele>75</ele>
</trkpt>
<trkpt lat="32.78689" lon="132.66474694444443">
<ele>74</ele>
</trkpt>
<trkpt lat="32.78723111111111" lon="132.66773388888888">
<ele>71</ele>
</trkpt>
<trkpt lat="32.78729805555555" lon="132.66804611111112">
<ele>69</ele>
</trkpt>
<trkpt lat="32.787398055555556" lon="132.6683211111111">
<ele>68</ele>
</trkpt>
<trkpt lat="32.78764805555556" lon="132.66873388888888">
<ele>64</ele>
</trkpt>
<trkpt lat="32.787915" lon="132.66907111111112">
<ele>65</ele>
</trkpt>
<trkpt lat="32.78818111111111" lon="132.66932111111112">
<ele>63</ele>
</trkpt>
<trkpt lat="32.78854805555556" lon="132.6695711111111">
<ele>61</ele>
</trkpt>
<trkpt lat="32.788848055555555" lon="132.66973388888889">
<ele>55</ele>
</trkpt>
<trkpt lat="32.78926388888889" lon="132.66988388888888">
<ele>54</ele>
</trkpt>
<trkpt lat="32.790081111111114" lon="132.6701338888889">
<ele>43</ele>
</trkpt>
<trkpt lat="32.79031388888889" lon="132.6702461111111">
<ele>44</ele>
</trkpt>
<trkpt lat="32.790548055555554" lon="132.6702961111111">
<ele>45</ele>
</trkpt>
<trkpt lat="32.79085611111111" lon="132.6702711111111">
<ele>46</ele>
</trkpt>
<trkpt lat="32.79113888888889" lon="132.6702338888889">
<ele>43</ele>
</trkpt>
<trkpt lat="32.79129694444445" lon="132.6701838888889">
<ele>42</ele>
</trkpt>
<trkpt lat="32.79153888888889" lon="132.6701711111111">
<ele>40</ele>
</trkpt>
<trkpt lat="32.79181388888889" lon="132.67020805555555">
<ele>42</ele>
</trkpt>
<trkpt lat="32.792098055555556" lon="132.67034611111112">
<ele>41</ele>
</trkpt>
<trkpt lat="32.79240611111111" lon="132.67063305555556">
<ele>41</ele>
</trkpt>
<trkpt lat="32.79273111111111" lon="132.67099611111112">
<ele>41</ele>
</trkpt>
<trkpt lat="32.793013888888886" lon="132.67140805555556">
<ele>36</ele>
</trkpt>
<trkpt lat="32.79310611111111" lon="132.67165805555555">
<ele>34</ele>
</trkpt>
<trkpt lat="32.793121944444444" lon="132.6720711111111">
<ele>36</ele>
</trkpt>
<trkpt lat="32.793146944444445" lon="132.67243305555556">
<ele>37</ele>
</trkpt>
<trkpt lat="32.793171944444445" lon="132.67265805555556">
<ele>35</ele>
</trkpt>
<trkpt lat="32.79323888888889" lon="132.67282111111112">
<ele>36</ele>
</trkpt>
<trkpt lat="32.793371944444445" lon="132.67304611111112">
<ele>36</ele>
</trkpt>
<trkpt lat="32.79413111111111" lon="132.67405805555555">
<ele>36</ele>
</trkpt>
<trkpt lat="32.794421944444444" lon="132.67443305555557">
<ele>31</ele>
</trkpt>
<trkpt lat="32.79453888888889" lon="132.67460805555555">
<ele>34</ele>
</trkpt>
<trkpt lat="32.79482194444444" lon="132.67530805555555">
<ele>37</ele>
</trkpt>
<trkpt lat="32.794896944444446" lon="132.675645">
<ele>33</ele>
</trkpt>
<trkpt lat="32.79497194444444" lon="132.67672">
<ele>21</ele>
</trkpt>
<trkpt lat="32.79503111111111" lon="132.677695">
<ele>23</ele>
</trkpt>
<trkpt lat="32.795006111111114" lon="132.67797">
<ele>23</ele>
</trkpt>
<trkpt lat="32.79493111111111" lon="132.67827">
<ele>18</ele>
</trkpt>
<trkpt lat="32.79466388888889" lon="132.67885805555557">
<ele>14</ele>
</trkpt>
<trkpt lat="32.794621944444444" lon="132.67907">
<ele>15</ele>
</trkpt>
<trkpt lat="32.794621944444444" lon="132.67938305555555">
<ele>13</ele>
</trkpt>
<trkpt lat="32.79466388888889" lon="132.680245">
<ele>12</ele>
</trkpt>
<trkpt lat="32.794646944444445" lon="132.68053194444445">
<ele>13</ele>
</trkpt>
<trkpt lat="32.794581111111114" lon="132.680745">
<ele>14</ele>
</trkpt>
<trkpt lat="32.79429694444445" lon="132.68123305555557">
<ele>11</ele>
</trkpt>
<trkpt lat="32.79418111111111" lon="132.681495">
<ele>9</ele>
</trkpt>
<trkpt lat="32.79414805555555" lon="132.681795">
<ele>9</ele>
</trkpt>
<trkpt lat="32.79416388888889" lon="132.682145">
<ele>8</ele>
</trkpt>
<trkpt lat="32.79420611111111" lon="132.68243305555555">
<ele>8</ele>
</trkpt>
<trkpt lat="32.794271944444446" lon="132.68268194444445">
<ele>4</ele>
</trkpt>
<trkpt lat="32.79440611111111" lon="132.68287">
<ele>5</ele>
</trkpt>
<trkpt lat="32.79449694444445" lon="132.68293194444445">
<ele>7</ele>
</trkpt>
<trkpt lat="32.79478888888889" lon="132.68302">
<ele>4</ele>
</trkpt>
<trkpt lat="32.79593888888889" lon="132.68317">
<ele>4</ele>
</trkpt>
<trkpt lat="32.79603111111111" lon="132.68327">
<ele>4</ele>
</trkpt>
<trkpt lat="32.79623888888889" lon="132.68360694444445">
<ele>8</ele>
</trkpt>
<trkpt lat="32.79648888888889" lon="132.6838938888889">
<ele>8</ele>
</trkpt>
<trkpt lat="32.79669694444444" lon="132.6840188888889">
<ele>8</ele>
</trkpt>
<trkpt lat="32.796996944444444" lon="132.6841938888889">
<ele>9</ele>
</trkpt>
<trkpt lat="32.797505" lon="132.68445694444443">
<ele>9</ele>
</trkpt>
<trkpt lat="32.79758" lon="132.6845438888889">
<ele>9</ele>
</trkpt>
<trkpt lat="32.797605" lon="132.68478194444444">
<ele>9</ele>
</trkpt>
<trkpt lat="32.797655" lon="132.68493194444446">
<ele>12</ele>
</trkpt>
<trkpt lat="32.79781388888889" lon="132.6852188888889">
<ele>15</ele>
</trkpt>
<trkpt lat="32.798071944444445" lon="132.68560694444446">
<ele>15</ele>
</trkpt>
<trkpt lat="32.798155" lon="132.68578194444444">
<ele>16</ele>
</trkpt>
<trkpt lat="32.798471944444444" lon="132.6868061111111">
<ele>17</ele>
</trkpt>
<trkpt lat="32.79857194444445" lon="132.6870438888889">
<ele>17</ele>
</trkpt>
<trkpt lat="32.79866305555556" lon="132.6871438888889">
<ele>16</ele>
</trkpt>
<trkpt lat="32.798755" lon="132.6871688888889">
<ele>17</ele>
</trkpt>
<trkpt lat="32.79887194444444" lon="132.6871811111111">
<ele>18</ele>
</trkpt>
<trkpt lat="32.799013055555555" lon="132.6871438888889">
<ele>18</ele>
</trkpt>
<trkpt lat="32.799371944444445" lon="132.6869561111111">
<ele>22</ele>
</trkpt>
<trkpt lat="32.79972194444444" lon="132.68678111111112">
<ele>22</ele>
</trkpt>
<trkpt lat="32.800088055555555" lon="132.6866688888889">
<ele>22</ele>
</trkpt>
<trkpt lat="32.80018805555556" lon="132.68664388888888">
<ele>22</ele>
</trkpt>
<trkpt lat="32.800355" lon="132.6866188888889">
<ele>22</ele>
</trkpt>
<trkpt lat="32.80063" lon="132.6866311111111">
<ele>22</ele>
</trkpt>
<trkpt lat="32.80088" lon="132.6867061111111">
<ele>22</ele>
</trkpt>
<trkpt lat="32.801296111111114" lon="132.68686888888888">
<ele>27</ele>
</trkpt>
<trkpt lat="32.80157111111111" lon="132.68701805555557">
<ele>29</ele>
</trkpt>
<trkpt lat="32.802171111111114" lon="132.68734305555554">
<ele>28</ele>
</trkpt>
<trkpt lat="32.80236305555555" lon="132.68746805555554">
<ele>28</ele>
</trkpt>
<trkpt lat="32.80280388888889" lon="132.68789305555555">
<ele>29</ele>
</trkpt>
<trkpt lat="32.803038055555554" lon="132.6880561111111">
<ele>34</ele>
</trkpt>
<trkpt lat="32.803311944444445" lon="132.6881811111111">
<ele>34</ele>
</trkpt>
<trkpt lat="32.80404611111111" lon="132.6883811111111">
<ele>33</ele>
</trkpt>
<trkpt lat="32.80421194444445" lon="132.688505">
<ele>32</ele>
</trkpt>
<trkpt lat="32.80440388888889" lon="132.68874305555556">
<ele>34</ele>
</trkpt>
<trkpt lat="32.804563055555555" lon="132.68904305555554">
<ele>35</ele>
</trkpt>
<trkpt lat="32.804653888888886" lon="132.689455">
<ele>34</ele>
</trkpt>
<trkpt lat="32.80467111111111" lon="132.68951805555557">
<ele>37</ele>
</trkpt>
<trkpt lat="32.80499611111111" lon="132.69038">
<ele>42</ele>
</trkpt>
<trkpt lat="32.80505388888889" lon="132.69063">
<ele>46</ele>
</trkpt>
<trkpt lat="32.80505388888889" lon="132.69081805555555">
<ele>46</ele>
</trkpt>
<trkpt lat="32.80502888888889" lon="132.69098">
<ele>46</ele>
</trkpt>
<trkpt lat="32.80492888888889" lon="132.69143">
<ele>45</ele>
</trkpt>
<trkpt lat="32.80489611111111" lon="132.69164305555555">
<ele>47</ele>
</trkpt>
<trkpt lat="32.80492111111111" lon="132.69179305555556">
<ele>46</ele>
</trkpt>
<trkpt lat="32.80497111111111" lon="132.69199194444445">
<ele>45</ele>
</trkpt>
<trkpt lat="32.80509611111111" lon="132.69229305555555">
<ele>42</ele>
</trkpt>
<trkpt lat="32.80539611111111" lon="132.69299194444446">
<ele>46</ele>
</trkpt>
<trkpt lat="32.80557888888889" lon="132.69359194444445">
<ele>47</ele>
</trkpt>
<trkpt lat="32.80567888888889" lon="132.69403">
<ele>46</ele>
</trkpt>
<trkpt lat="32.80578694444444" lon="132.69424194444446">
<ele>46</ele>
</trkpt>
<trkpt lat="32.805886944444445" lon="132.69436694444445">
<ele>44</ele>
</trkpt>
<trkpt lat="32.80603694444444" lon="132.69444194444443">
<ele>46</ele>
</trkpt>
<trkpt lat="32.80649611111111" lon="132.6945038888889">
<ele>47</ele>
</trkpt>
<trkpt lat="32.80666194444444" lon="132.69454194444444">
<ele>47</ele>
</trkpt>
<trkpt lat="32.80679611111111" lon="132.6946538888889">
<ele>48</ele>
</trkpt>
<trkpt lat="32.80690388888889" lon="132.69481694444445">
<ele>47</ele>
</trkpt>
<trkpt lat="32.80727111111111" lon="132.6956538888889">
<ele>47</ele>
</trkpt>
<trkpt lat="32.80735388888889" lon="132.6958788888889">
<ele>47</ele>
</trkpt>
<trkpt lat="32.80750388888889" lon="132.6963288888889">
<ele>48</ele>
</trkpt>
<trkpt lat="32.80753694444444" lon="132.6966038888889">
<ele>52</ele>
</trkpt>
<trkpt lat="32.80751194444444" lon="132.69687888888888">
<ele>54</ele>
</trkpt>
<trkpt lat="32.80727888888889" lon="132.69791694444444">
<ele>55</ele>
</trkpt>
<trkpt lat="32.80728694444444" lon="132.69826694444444">
<ele>56</ele>
</trkpt>
<trkpt lat="32.80730388888889" lon="132.6986038888889">
<ele>53</ele>
</trkpt>
<trkpt lat="32.80740388888889" lon="132.6992038888889">
<ele>56</ele>
</trkpt>
<trkpt lat="32.80753694444444" lon="132.6998538888889">
<ele>53</ele>
</trkpt>
<trkpt lat="32.807586944444445" lon="132.70002888888888">
<ele>52</ele>
</trkpt>
<trkpt lat="32.807611944444446" lon="132.7001161111111">
<ele>52</ele>
</trkpt>
<trkpt lat="32.80770388888889" lon="132.7002911111111">
<ele>52</ele>
</trkpt>
<trkpt lat="32.80788694444445" lon="132.70047888888888">
<ele>52</ele>
</trkpt>
<trkpt lat="32.808371111111114" lon="132.7007661111111">
<ele>57</ele>
</trkpt>
<trkpt lat="32.808596111111115" lon="132.70094111111112">
<ele>56</ele>
</trkpt>
<trkpt lat="32.808886944444446" lon="132.7012161111111">
<ele>56</ele>
</trkpt>
<trkpt lat="32.80913694444445" lon="132.70149111111112">
<ele>56</ele>
</trkpt>
<trkpt lat="32.809353888888886" lon="132.7016538888889">
<ele>57</ele>
</trkpt>
<trkpt lat="32.80962111111111" lon="132.70184111111112">
<ele>57</ele>
</trkpt>
<trkpt lat="32.81006194444444" lon="132.70206611111112">
<ele>58</ele>
</trkpt>
<trkpt lat="32.810161944444445" lon="132.7021538888889">
<ele>58</ele>
</trkpt>
<trkpt lat="32.81025388888889" lon="132.7023788888889">
<ele>58</ele>
</trkpt>
<trkpt lat="32.81026194444444" lon="132.70265388888888">
<ele>57</ele>
</trkpt>
<trkpt lat="32.810186944444446" lon="132.70295388888889">
<ele>57</ele>
</trkpt>
<trkpt lat="32.80986194444444" lon="132.70354111111112">
<ele>63</ele>
</trkpt>
<trkpt lat="32.80975388888889" lon="132.7038411111111">
<ele>67</ele>
</trkpt>
<trkpt lat="32.80977111111111" lon="132.7044038888889">
<ele>65</ele>
</trkpt>
<trkpt lat="32.809871111111114" lon="132.7046161111111">
<ele>64</ele>
</trkpt>
<trkpt lat="32.81003694444444" lon="132.7047661111111">
<ele>66</ele>
</trkpt>
<trkpt lat="32.81037111111111" lon="132.70501611111112">
<ele>66</ele>
</trkpt>
<trkpt lat="32.81079611111111" lon="132.70522805555555">
<ele>66</ele>
</trkpt>
<trkpt lat="32.81171194444445" lon="132.70569111111112">
<ele>67</ele>
</trkpt>
<trkpt lat="32.812111944444446" lon="132.7059661111111">
<ele>68</ele>
</trkpt>
<trkpt lat="32.812486944444444" lon="132.70627805555554">
<ele>69</ele>
</trkpt>
<trkpt lat="32.81303694444444" lon="132.70667805555556">
<ele>75</ele>
</trkpt>
<trkpt lat="32.81330388888889" lon="132.7068661111111">
<ele>78</ele>
</trkpt>
<trkpt lat="32.813586944444445" lon="132.7070161111111">
<ele>75</ele>
</trkpt>
<trkpt lat="32.81476194444444" lon="132.70750305555555">
<ele>76</ele>
</trkpt>
<trkpt lat="32.81515388888889" lon="132.7075911111111">
<ele>76</ele>
</trkpt>
<trkpt lat="32.815511944444445" lon="132.70762805555555">
<ele>77</ele>
</trkpt>
<trkpt lat="32.816003055555555" lon="132.7076661111111">
<ele>79</ele>
</trkpt>
<trkpt lat="32.81627805555556" lon="132.7076661111111">
<ele>85</ele>
</trkpt>
<trkpt lat="32.816853055555555" lon="132.70761611111112">
<ele>84</ele>
</trkpt>
<trkpt lat="32.817195" lon="132.7075661111111">
<ele>81</ele>
</trkpt>
<trkpt lat="32.81762805555555" lon="132.70739111111112">
<ele>83</ele>
</trkpt>
<trkpt lat="32.81778694444444" lon="132.7073161111111">
<ele>84</ele>
</trkpt>
<trkpt lat="32.81840305555556" lon="132.70696611111111">
<ele>84</ele>
</trkpt>
<trkpt lat="32.81921111111111" lon="132.7064661111111">
<ele>87</ele>
</trkpt>
<trkpt lat="32.81966111111111" lon="132.70615305555555">
<ele>92</ele>
</trkpt>
<trkpt lat="32.819828055555554" lon="132.70607805555557">
<ele>92</ele>
</trkpt>
<trkpt lat="32.82002" lon="132.70604111111112">
<ele>93</ele>
</trkpt>
<trkpt lat="32.82046111111111" lon="132.70610305555556">
<ele>95</ele>
</trkpt>
<trkpt lat="32.820636111111114" lon="132.70615305555555">
<ele>97</ele>
</trkpt>
<trkpt lat="32.82081888888889" lon="132.70626611111112">
<ele>98</ele>
</trkpt>
<trkpt lat="32.82091111111111" lon="132.70635305555555">
<ele>98</ele>
</trkpt>
<trkpt lat="32.821086111111114" lon="132.70662805555557">
<ele>103</ele>
</trkpt>
<trkpt lat="32.821443888888886" lon="132.70726611111112">
<ele>107</ele>
</trkpt>
<trkpt lat="32.82181888888889" lon="132.70795305555555">
<ele>108</ele>
</trkpt>
<trkpt lat="32.822428055555555" lon="132.709015">
<ele>103</ele>
</trkpt>
<trkpt lat="32.82256888888889" lon="132.70929">
<ele>108</ele>
</trkpt>
<trkpt lat="32.82298611111111" lon="132.70900305555554">
<ele>109</ele>
</trkpt>
<trkpt lat="32.82353611111111" lon="132.70862805555555">
<ele>108</ele>
</trkpt>
<trkpt lat="32.824193888888885" lon="132.70815305555556">
<ele>106</ele>
</trkpt>
<trkpt lat="32.82442805555556" lon="132.70804">
<ele>104</ele>
</trkpt>
<trkpt lat="32.82461111111111" lon="132.70799">
<ele>100</ele>
</trkpt>
<trkpt lat="32.82491111111111" lon="132.70797805555554">
<ele>97</ele>
</trkpt>
<trkpt lat="32.82512805555555" lon="132.70799">
<ele>95</ele>
</trkpt>
<trkpt lat="32.82539388888889" lon="132.70805305555555">
<ele>96</ele>
</trkpt>
<trkpt lat="32.82620305555555" lon="132.70830305555555">
<ele>95</ele>
</trkpt>
<trkpt lat="32.82724388888889" lon="132.70860305555556">
<ele>88</ele>
</trkpt>
<trkpt lat="32.82795194444444" lon="132.70882805555556">
<ele>85</ele>
</trkpt>
<trkpt lat="32.82897694444444" lon="132.70914">
<ele>83</ele>
</trkpt>
<trkpt lat="32.83147694444445" lon="132.70995305555556">
<ele>76</ele>
</trkpt>
<trkpt lat="32.83180194444444" lon="132.71005194444444">
<ele>73</ele>
</trkpt>
<trkpt lat="32.83241" lon="132.71025194444445">
<ele>73</ele>
</trkpt>
<trkpt lat="32.832726944444445" lon="132.71029">
<ele>72</ele>
</trkpt>
<trkpt lat="32.83289388888889" lon="132.710265">
<ele>71</ele>
</trkpt>
<trkpt lat="32.833235" lon="132.710165">
<ele>69</ele>
</trkpt>
<trkpt lat="32.835326944444446" lon="132.70950305555556">
<ele>65</ele>
</trkpt>
<trkpt lat="32.83561805555556" lon="132.70947694444445">
<ele>63</ele>
</trkpt>
<trkpt lat="32.83556" lon="132.70965194444443">
<ele>65</ele>
</trkpt>
<trkpt lat="32.83544305555556" lon="132.70979">
<ele>69</ele>
</trkpt>
<trkpt lat="32.83533611111111" lon="132.70982805555556">
<ele>69</ele>
</trkpt>
<trkpt lat="32.83533611111111" lon="132.70982805555556">
<ele>69</ele>
</trkpt>
<trkpt lat="32.83544305555556" lon="132.70979">
<ele>69</ele>
</trkpt>
<trkpt lat="32.83556" lon="132.70965194444443">
<ele>65</ele>
</trkpt>
<trkpt lat="32.83561805555556" lon="132.70947694444445">
<ele>63</ele>
</trkpt>
<trkpt lat="32.83602611111111" lon="132.70945194444445">
<ele>59</ele>
</trkpt>
<trkpt lat="32.83652611111111" lon="132.70940194444444">
<ele>59</ele>
</trkpt>
<trkpt lat="32.83676" lon="132.70937694444444">
<ele>59</ele>
</trkpt>
<trkpt lat="32.83800111111111" lon="132.709315">
<ele>58</ele>
</trkpt>
<trkpt lat="32.83822611111111" lon="132.70925194444445">
<ele>57</ele>
</trkpt>
<trkpt lat="32.83918388888889" lon="132.708465">
<ele>56</ele>
</trkpt>
<trkpt lat="32.83940111111111" lon="132.708365">
<ele>54</ele>
</trkpt>
<trkpt lat="32.83985111111111" lon="132.70827694444444">
<ele>51</ele>
</trkpt>
<trkpt lat="32.83998388888889" lon="132.70825194444444">
<ele>54</ele>
</trkpt>
<trkpt lat="32.84155888888889" lon="132.707965">
<ele>52</ele>
</trkpt>
<trkpt lat="32.84288388888889" lon="132.707715">
<ele>47</ele>
</trkpt>
<trkpt lat="32.84294194444445" lon="132.70770194444444">
<ele>47</ele>
</trkpt>
<trkpt lat="32.84332611111111" lon="132.70764">
<ele>46</ele>
</trkpt>
<trkpt lat="32.843558888888886" lon="132.707665">
<ele>46</ele>
</trkpt>
<trkpt lat="32.84365888888889" lon="132.70770194444444">
<ele>46</ele>
</trkpt>
<trkpt lat="32.84376694444445" lon="132.70779">
<ele>46</ele>
</trkpt>
<trkpt lat="32.84386694444444" lon="132.70789">
<ele>46</ele>
</trkpt>
<trkpt lat="32.844701111111114" lon="132.7089388888889">
<ele>46</ele>
</trkpt>
<trkpt lat="32.84500888888889" lon="132.70933888888888">
<ele>45</ele>
</trkpt>
<trkpt lat="32.845258888888885" lon="132.70975194444443">
<ele>45</ele>
</trkpt>
<trkpt lat="32.845816944444444" lon="132.7102888888889">
<ele>46</ele>
</trkpt>
<trkpt lat="32.8464" lon="132.7108638888889">
<ele>46</ele>
</trkpt>
<trkpt lat="32.846541944444446" lon="132.71100194444443">
<ele>46</ele>
</trkpt>
<trkpt lat="32.846741944444446" lon="132.71130194444444">
<ele>45</ele>
</trkpt>
<trkpt lat="32.8469" lon="132.71148888888888">
<ele>45</ele>
</trkpt>
<trkpt lat="32.847475" lon="132.71217694444445">
<ele>45</ele>
</trkpt>
<trkpt lat="32.84761694444445" lon="132.71245194444444">
<ele>45</ele>
</trkpt>
<trkpt lat="32.847741944444444" lon="132.7127888888889">
<ele>45</ele>
</trkpt>
<trkpt lat="32.847825" lon="132.71297694444445">
<ele>44</ele>
</trkpt>
<trkpt lat="32.848" lon="132.71317611111112">
<ele>42</ele>
</trkpt>
<trkpt lat="32.849025" lon="132.71420111111112">
<ele>42</ele>
</trkpt>
<trkpt lat="32.849308055555554" lon="132.71442611111112">
<ele>42</ele>
</trkpt>
<trkpt lat="32.849983055555555" lon="132.7147511111111">
<ele>42</ele>
</trkpt>
<trkpt lat="32.85025805555556" lon="132.71488888888888">
<ele>41</ele>
</trkpt>
<trkpt lat="32.850525" lon="132.71510111111112">
<ele>41</ele>
</trkpt>
<trkpt lat="32.850775" lon="132.7154138888889">
<ele>42</ele>
</trkpt>
<trkpt lat="32.85120805555555" lon="132.7163261111111">
<ele>44</ele>
</trkpt>
<trkpt lat="32.8513" lon="132.7165138888889">
<ele>44</ele>
</trkpt>
<trkpt lat="32.85145" lon="132.71671388888888">
<ele>43</ele>
</trkpt>
<trkpt lat="32.8516" lon="132.71680111111112">
<ele>43</ele>
</trkpt>
<trkpt lat="32.85215" lon="132.7170011111111">
<ele>44</ele>
</trkpt>
<trkpt lat="32.852733055555554" lon="132.71715111111112">
<ele>44</ele>
</trkpt>
<trkpt lat="32.85308305555556" lon="132.7173511111111">
<ele>45</ele>
</trkpt>
<trkpt lat="32.85313305555555" lon="132.71737611111112">
<ele>43</ele>
</trkpt>
<trkpt lat="32.85354111111111" lon="132.71751305555554">
<ele>37</ele>
</trkpt>
<trkpt lat="32.85438305555556" lon="132.71756305555556">
<ele>38</ele>
</trkpt>
<trkpt lat="32.85462388888889" lon="132.71761305555555">
<ele>37</ele>
</trkpt>
<trkpt lat="32.854866111111114" lon="132.71776305555557">
<ele>38</ele>
</trkpt>
<trkpt lat="32.855108055555554" lon="132.71803805555555">
<ele>37</ele>
</trkpt>
<trkpt lat="32.85548305555555" lon="132.71863805555554">
<ele>39</ele>
</trkpt>
<trkpt lat="32.85560805555556" lon="132.7187011111111">
<ele>42</ele>
</trkpt>
<trkpt lat="32.85608305555556" lon="132.71878805555556">
<ele>44</ele>
</trkpt>
<trkpt lat="32.85626611111111" lon="132.71888805555557">
<ele>47</ele>
</trkpt>
<trkpt lat="32.85689111111111" lon="132.7195011111111">
<ele>56</ele>
</trkpt>
<trkpt lat="32.85700805555555" lon="132.71958805555556">
<ele>54</ele>
</trkpt>
<trkpt lat="32.857123888888886" lon="132.71961305555556">
<ele>54</ele>
</trkpt>
<trkpt lat="32.857731944444446" lon="132.71938805555556">
<ele>55</ele>
</trkpt>
<trkpt lat="32.857933055555556" lon="132.7193511111111">
<ele>55</ele>
</trkpt>
<trkpt lat="32.85814888888889" lon="132.71938805555556">
<ele>52</ele>
</trkpt>
<trkpt lat="32.859606944444444" lon="132.7209511111111">
<ele>30</ele>
</trkpt>
<trkpt lat="32.85987388888889" lon="132.72111305555555">
<ele>27</ele>
</trkpt>
<trkpt lat="32.86026611111111" lon="132.721175">
<ele>23</ele>
</trkpt>
<trkpt lat="32.86064888888889" lon="132.72113805555554">
<ele>25</ele>
</trkpt>
<trkpt lat="32.86082388888889" lon="132.72105">
<ele>26</ele>
</trkpt>
<trkpt lat="32.86154111111111" lon="132.72018805555555">
<ele>24</ele>
</trkpt>
<trkpt lat="32.86179111111111" lon="132.71998805555555">
<ele>19</ele>
</trkpt>
<trkpt lat="32.86199111111111" lon="132.71987611111112">
<ele>19</ele>
</trkpt>
<trkpt lat="32.86284888888889" lon="132.71966305555554">
<ele>13</ele>
</trkpt>
<trkpt lat="32.86339" lon="132.71946305555556">
<ele>15</ele>
</trkpt>
<trkpt lat="32.86392388888889" lon="132.71932611111112">
<ele>10</ele>
</trkpt>
<trkpt lat="32.864131944444445" lon="132.7193">
<ele>9</ele>
</trkpt>
<trkpt lat="32.86450694444444" lon="132.71931305555555">
<ele>9</ele>
</trkpt>
<trkpt lat="32.865015" lon="132.719425">
<ele>8</ele>
</trkpt>
<trkpt lat="32.865181944444444" lon="132.71946305555556">
<ele>8</ele>
</trkpt>
<trkpt lat="32.86532305555556" lon="132.719525">
<ele>9</ele>
</trkpt>
<trkpt lat="32.866348055555555" lon="132.72001305555557">
<ele>8</ele>
</trkpt>
<trkpt lat="32.86694" lon="132.7202">
<ele>9</ele>
</trkpt>
<trkpt lat="32.86838111111111" lon="132.72043805555555">
<ele>9</ele>
</trkpt>
<trkpt lat="32.86910611111111" lon="132.720825">
<ele>7</ele>
</trkpt>
<trkpt lat="32.869373055555556" lon="132.72093694444445">
<ele>7</ele>
</trkpt>
<trkpt lat="32.869773055555555" lon="132.720925">
<ele>7</ele>
</trkpt>
<trkpt lat="32.871206111111114" lon="132.72048694444445">
<ele>4</ele>
</trkpt>
<trkpt lat="32.87134805555556" lon="132.72045">
<ele>4</ele>
</trkpt>
<trkpt lat="32.87162305555555" lon="132.720375">
<ele>3</ele>
</trkpt>
<trkpt lat="32.871873055555554" lon="132.720375">
<ele>3</ele>
</trkpt>
<trkpt lat="32.871988888888886" lon="132.72048694444445">
<ele>3</ele>
</trkpt>
<trkpt lat="32.87227305555555" lon="132.72098694444443">
<ele>4</ele>
</trkpt>
<trkpt lat="32.87365611111111" lon="132.7234488888889">
<ele>7</ele>
</trkpt>
<trkpt lat="32.873823055555555" lon="132.7236738888889">
<ele>7</ele>
</trkpt>
<trkpt lat="32.87383888888889" lon="132.72371194444443">
<ele>7</ele>
</trkpt>
<trkpt lat="32.87390611111111" lon="132.72378694444444">
<ele>7</ele>
</trkpt>
<trkpt lat="32.874073055555556" lon="132.72396194444445">
<ele>7</ele>
</trkpt>
<trkpt lat="32.87430611111111" lon="132.72406194444446">
<ele>7</ele>
</trkpt>
<trkpt lat="32.87446388888889" lon="132.72411194444445">
<ele>8</ele>
</trkpt>
<trkpt lat="32.875323055555555" lon="132.72442388888888">
<ele>8</ele>
</trkpt>
<trkpt lat="32.87559805555556" lon="132.72452388888888">
<ele>9</ele>
</trkpt>
<trkpt lat="32.87578888888889" lon="132.72407388888888">
<ele>9</ele>
</trkpt>
<trkpt lat="32.87608888888889" lon="132.72366194444444">
<ele>9</ele>
</trkpt>
<trkpt lat="32.877113888888886" lon="132.7226738888889">
<ele>7</ele>
</trkpt>
<trkpt lat="32.87721388888889" lon="132.72261194444445">
<ele>7</ele>
</trkpt>
<trkpt lat="32.877563888888886" lon="132.72238694444445">
<ele>8</ele>
</trkpt>
<trkpt lat="32.879021944444446" lon="132.7217738888889">
<ele>7</ele>
</trkpt>
<trkpt lat="32.879356111111115" lon="132.72178694444443">
<ele>7</ele>
</trkpt>
<trkpt lat="32.879621944444445" lon="132.72193694444445">
<ele>7</ele>
</trkpt>
<trkpt lat="32.87990611111111" lon="132.7221988888889">
<ele>6</ele>
</trkpt>
<trkpt lat="32.880096944444446" lon="132.72237388888888">
<ele>7</ele>
</trkpt>
<trkpt lat="32.880671944444444" lon="132.72293694444446">
<ele>3</ele>
</trkpt>
<trkpt lat="32.88099694444445" lon="132.7231238888889">
<ele>5</ele>
</trkpt>
<trkpt lat="32.88108" lon="132.7231238888889">
<ele>5</ele>
</trkpt>
<trkpt lat="32.881346944444445" lon="132.7231238888889">
<ele>5</ele>
</trkpt>
<trkpt lat="32.881613888888886" lon="132.72304888888888">
<ele>6</ele>
</trkpt>
<trkpt lat="32.88198888888889" lon="132.7227488888889">
<ele>5</ele>
</trkpt>
<trkpt lat="32.88256388888889" lon="132.72224888888888">
<ele>8</ele>
</trkpt>
<trkpt lat="32.882688888888886" lon="132.72221194444444">
<ele>6</ele>
</trkpt>
<trkpt lat="32.88273888888889" lon="132.72218694444445">
<ele>6</ele>
</trkpt>
<trkpt lat="32.88283" lon="132.7221988888889">
<ele>6</ele>
</trkpt>
<trkpt lat="32.88319694444444" lon="132.7222238888889">
<ele>8</ele>
</trkpt>
<trkpt lat="32.88351388888889" lon="132.72223694444443">
<ele>8</ele>
</trkpt>
<trkpt lat="32.88354694444445" lon="132.72223694444443">
<ele>8</ele>
</trkpt>
<trkpt lat="32.88379694444444" lon="132.72231194444444">
<ele>9</ele>
</trkpt>
<trkpt lat="32.88439694444445" lon="132.72306111111112">
<ele>16</ele>
</trkpt>
<trkpt lat="32.884521944444444" lon="132.72318611111112">
<ele>15</ele>
</trkpt>
<trkpt lat="32.88516305555556" lon="132.72327388888888">
<ele>8</ele>
</trkpt>
<trkpt lat="32.88567194444445" lon="132.72328611111112">
<ele>8</ele>
</trkpt>
<trkpt lat="32.886338055555555" lon="132.72327388888888">
<ele>7</ele>
</trkpt>
<trkpt lat="32.88664694444444" lon="132.72327388888888">
<ele>6</ele>
</trkpt>
<trkpt lat="32.887413055555555" lon="132.7233361111111">
<ele>6</ele>
</trkpt>
<trkpt lat="32.887771111111114" lon="132.72338611111113">
<ele>6</ele>
</trkpt>
<trkpt lat="32.88827111111111" lon="132.7235488888889">
<ele>6</ele>
</trkpt>
<trkpt lat="32.888688055555555" lon="132.72376111111112">
<ele>6</ele>
</trkpt>
<trkpt lat="32.89027111111111" lon="132.7245861111111">
<ele>8</ele>
</trkpt>
<trkpt lat="32.89052111111111" lon="132.7247111111111">
<ele>8</ele>
</trkpt>
<trkpt lat="32.89056305555555" lon="132.72474805555555">
<ele>8</ele>
</trkpt>
<trkpt lat="32.89095388888889" lon="132.72497305555555">
<ele>8</ele>
</trkpt>
<trkpt lat="32.891488055555556" lon="132.72597305555556">
<ele>8</ele>
</trkpt>
<trkpt lat="32.891663055555554" lon="132.72613611111112">
<ele>6</ele>
</trkpt>
<trkpt lat="32.89182111111111" lon="132.7261611111111">
<ele>6</ele>
</trkpt>
<trkpt lat="32.891938055555556" lon="132.72614805555557">
<ele>5</ele>
</trkpt>
<trkpt lat="32.89257111111111" lon="132.7258611111111">
<ele>5</ele>
</trkpt>
<trkpt lat="32.892761944444445" lon="132.72574805555556">
<ele>5</ele>
</trkpt>
<trkpt lat="32.893253888888886" lon="132.7254111111111">
<ele>5</ele>
</trkpt>
<trkpt lat="32.89332111111111" lon="132.7252611111111">
<ele>5</ele>
</trkpt>
<trkpt lat="32.89333805555555" lon="132.72489805555554">
<ele>5</ele>
</trkpt>
<trkpt lat="32.89335388888889" lon="132.7244861111111">
<ele>5</ele>
</trkpt>
<trkpt lat="32.89337111111111" lon="132.72387305555554">
<ele>9</ele>
</trkpt>
<trkpt lat="32.893478888888886" lon="132.72267305555556">
<ele>9</ele>
</trkpt>
<trkpt lat="32.893588055555554" lon="132.72228611111112">
<ele>8</ele>
</trkpt>
<trkpt lat="32.89369611111111" lon="132.7220111111111">
<ele>8</ele>
</trkpt>
<trkpt lat="32.89405388888889" lon="132.72148611111112">
<ele>4</ele>
</trkpt>
<trkpt lat="32.89427888888889" lon="132.72114888888888">
<ele>2</ele>
</trkpt>
<trkpt lat="32.89456194444445" lon="132.72101111111112">
<ele>1</ele>
</trkpt>
<trkpt lat="32.894846111111114" lon="132.7209988888889">
<ele>1</ele>
</trkpt>
<trkpt lat="32.89544611111111" lon="132.72114888888888">
<ele>1</ele>
</trkpt>
<trkpt lat="32.89564611111111" lon="132.7212111111111">
<ele>2</ele>
</trkpt>
<trkpt lat="32.895761944444445" lon="132.72123611111112">
<ele>3</ele>
</trkpt>
<trkpt lat="32.89657111111111" lon="132.72127305555554">
<ele>6</ele>
</trkpt>
<trkpt lat="32.89671194444445" lon="132.7212861111111">
<ele>5</ele>
</trkpt>
<trkpt lat="32.897328888888886" lon="132.72136111111112">
<ele>6</ele>
</trkpt>
<trkpt lat="32.89760388888889" lon="132.72147305555555">
<ele>4</ele>
</trkpt>
<trkpt lat="32.89855388888889" lon="132.7219861111111">
<ele>3</ele>
</trkpt>
<trkpt lat="32.898745" lon="132.72207305555557">
<ele>2</ele>
</trkpt>
<trkpt lat="32.899011944444446" lon="132.72203611111112">
<ele>0</ele>
</trkpt>
<trkpt lat="32.901086944444444" lon="132.7213111111111">
<ele>2</ele>
</trkpt>
<trkpt lat="32.90227" lon="132.7208861111111">
<ele>4</ele>
</trkpt>
<trkpt lat="32.902661944444446" lon="132.72074805555556">
<ele>7</ele>
</trkpt>
<trkpt lat="32.90280305555556" lon="132.7206611111111">
<ele>5</ele>
</trkpt>
<trkpt lat="32.90293611111111" lon="132.72058611111112">
<ele>5</ele>
</trkpt>
<trkpt lat="32.90425305555556" lon="132.71992305555557">
<ele>8</ele>
</trkpt>
<trkpt lat="32.90473611111111" lon="132.71989805555555">
<ele>9</ele>
</trkpt>
<trkpt lat="32.90493611111111" lon="132.71991111111112">
<ele>10</ele>
</trkpt>
<trkpt lat="32.90602805555555" lon="132.72022305555555">
<ele>10</ele>
</trkpt>
<trkpt lat="32.90618611111111" lon="132.72024805555554">
<ele>11</ele>
</trkpt>
<trkpt lat="32.90646111111111" lon="132.72022305555555">
<ele>21</ele>
</trkpt>
<trkpt lat="32.90656888888889" lon="132.720185">
<ele>18</ele>
</trkpt>
<trkpt lat="32.90676111111111" lon="132.720085">
<ele>17</ele>
</trkpt>
<trkpt lat="32.90696888888889" lon="132.71994805555556">
<ele>18</ele>
</trkpt>
<trkpt lat="32.907403055555555" lon="132.719635">
<ele>8</ele>
</trkpt>
<trkpt lat="32.90814388888889" lon="132.71909805555555">
<ele>4</ele>
</trkpt>
<trkpt lat="32.90846111111111" lon="132.71888611111112">
<ele>4</ele>
</trkpt>
<trkpt lat="32.90858611111111" lon="132.7188361111111">
<ele>4</ele>
</trkpt>
<trkpt lat="32.90889388888889" lon="132.71877305555554">
<ele>4</ele>
</trkpt>
<trkpt lat="32.90937805555556" lon="132.71872305555556">
<ele>4</ele>
</trkpt>
<trkpt lat="32.90966111111111" lon="132.71869805555556">
<ele>4</ele>
</trkpt>
<trkpt lat="32.90989388888889" lon="132.71867305555554">
<ele>5</ele>
</trkpt>
<trkpt lat="32.90996111111111" lon="132.71866">
<ele>4</ele>
</trkpt>
<trkpt lat="32.910026944444446" lon="132.718635">
<ele>5</ele>
</trkpt>
<trkpt lat="32.91016888888889" lon="132.71856">
<ele>7</ele>
</trkpt>
<trkpt lat="32.91035194444444" lon="132.718435">
<ele>5</ele>
</trkpt>
<trkpt lat="32.910426944444445" lon="132.718385">
<ele>5</ele>
</trkpt>
<trkpt lat="32.91055194444444" lon="132.71827305555556">
<ele>5</ele>
</trkpt>
<trkpt lat="32.91076888888889" lon="132.71804805555556">
<ele>6</ele>
</trkpt>
<trkpt lat="32.910801944444444" lon="132.71802305555556">
<ele>6</ele>
</trkpt>
<trkpt lat="32.91112694444445" lon="132.717685">
<ele>7</ele>
</trkpt>
<trkpt lat="32.91129388888889" lon="132.717585">
<ele>7</ele>
</trkpt>
<trkpt lat="32.911451944444444" lon="132.71752305555555">
<ele>7</ele>
</trkpt>
<trkpt lat="32.91157694444444" lon="132.717485">
<ele>7</ele>
</trkpt>
<trkpt lat="32.91191888888889" lon="132.717435">
<ele>7</ele>
</trkpt>
<trkpt lat="32.912526944444444" lon="132.71736">
<ele>11</ele>
</trkpt>
<trkpt lat="32.91274388888889" lon="132.717255">
<ele>11</ele>
</trkpt>
<trkpt lat="32.91274388888889" lon="132.717255">
<ele>11</ele>
</trkpt>
<trkpt lat="32.91276" lon="132.71724805555556">
<ele>11</ele>
</trkpt>
<trkpt lat="32.91286888888889" lon="132.71714805555555">
<ele>11</ele>
</trkpt>
<trkpt lat="32.91296888888889" lon="132.71701">
<ele>10</ele>
</trkpt>
<trkpt lat="32.913085" lon="132.71676">
<ele>13</ele>
</trkpt>
<trkpt lat="32.91327694444445" lon="132.71621">
<ele>7</ele>
</trkpt>
<trkpt lat="32.91351888888889" lon="132.7156611111111">
<ele>2</ele>
</trkpt>
<trkpt lat="32.913626944444445" lon="132.7154111111111">
<ele>3</ele>
</trkpt>
<trkpt lat="32.91376805555556" lon="132.71512305555555">
<ele>3</ele>
</trkpt>
<trkpt lat="32.913826944444445" lon="132.71502305555555">
<ele>4</ele>
</trkpt>
<trkpt lat="32.913935" lon="132.7148861111111">
<ele>2</ele>
</trkpt>
<trkpt lat="32.914118055555555" lon="132.7147361111111">
<ele>4</ele>
</trkpt>
<trkpt lat="32.91452694444445" lon="132.71447305555554">
<ele>2</ele>
</trkpt>
<trkpt lat="32.914651944444444" lon="132.7143861111111">
<ele>0</ele>
</trkpt>
<trkpt lat="32.91517694444445" lon="132.71404805555557">
<ele>0</ele>
</trkpt>
<trkpt lat="32.915593055555554" lon="132.71377305555555">
<ele>1</ele>
</trkpt>
<trkpt lat="32.91656" lon="132.7131361111111">
<ele>8</ele>
</trkpt>
<trkpt lat="32.917051111111114" lon="132.71284805555555">
<ele>4</ele>
</trkpt>
<trkpt lat="32.91740111111111" lon="132.71267305555557">
<ele>4</ele>
</trkpt>
<trkpt lat="32.91760111111111" lon="132.71257305555557">
<ele>4</ele>
</trkpt>
<trkpt lat="32.91807611111111" lon="132.7123361111111">
<ele>3</ele>
</trkpt>
<trkpt lat="32.91833388888889" lon="132.71221111111112">
<ele>4</ele>
</trkpt>
<trkpt lat="32.91872611111111" lon="132.7120111111111">
<ele>5</ele>
</trkpt>
<trkpt lat="32.918908888888886" lon="132.71189805555557">
<ele>3</ele>
</trkpt>
<trkpt lat="32.91903388888889" lon="132.7118361111111">
<ele>0</ele>
</trkpt>
<trkpt lat="32.91958388888889" lon="132.71159805555556">
<ele>2</ele>
</trkpt>
<trkpt lat="32.91974305555556" lon="132.71154805555557">
<ele>0</ele>
</trkpt>
<trkpt lat="32.92008388888889" lon="132.7114861111111">
<ele>4</ele>
</trkpt>
<trkpt lat="32.92013388888889" lon="132.71147305555556">
<ele>4</ele>
</trkpt>
<trkpt lat="32.92101805555556" lon="132.7113361111111">
<ele>7</ele>
</trkpt>
<trkpt lat="32.92156694444444" lon="132.7112361111111">
<ele>4</ele>
</trkpt>
<trkpt lat="32.92346694444444" lon="132.71092305555555">
<ele>3</ele>
</trkpt>
<trkpt lat="32.92365111111111" lon="132.71091">
<ele>3</ele>
</trkpt>
<trkpt lat="32.92382611111111" lon="132.710935">
<ele>2</ele>
</trkpt>
<trkpt lat="32.92397611111111" lon="132.71097305555554">
<ele>1</ele>
</trkpt>
<trkpt lat="32.92414194444444" lon="132.71107305555554">
<ele>0</ele>
</trkpt>
<trkpt lat="32.92426694444445" lon="132.71117305555555">
<ele>1</ele>
</trkpt>
<trkpt lat="32.924925" lon="132.71179805555556">
<ele>2</ele>
</trkpt>
<trkpt lat="32.92528388888889" lon="132.71214694444444">
<ele>8</ele>
</trkpt>
<trkpt lat="32.92555888888889" lon="132.71244694444445">
<ele>8</ele>
</trkpt>
<trkpt lat="32.92570888888889" lon="132.71269805555556">
<ele>8</ele>
</trkpt>
<trkpt lat="32.92583388888889" lon="132.712935">
<ele>8</ele>
</trkpt>
<trkpt lat="32.925958888888886" lon="132.713185">
<ele>9</ele>
</trkpt>
<trkpt lat="32.92621694444444" lon="132.71392194444445">
<ele>7</ele>
</trkpt>
<trkpt lat="32.926425" lon="132.71446">
<ele>9</ele>
</trkpt>
<trkpt lat="32.92645" lon="132.714535">
<ele>9</ele>
</trkpt>
<trkpt lat="32.9265" lon="132.714635">
<ele>8</ele>
</trkpt>
<trkpt lat="32.92663388888889" lon="132.71496">
<ele>8</ele>
</trkpt>
<trkpt lat="32.926725" lon="132.7151088888889">
<ele>8</ele>
</trkpt>
<trkpt lat="32.926925" lon="132.7153338888889">
<ele>8</ele>
</trkpt>
<trkpt lat="32.92720888888889" lon="132.71539694444445">
<ele>9</ele>
</trkpt>
<trkpt lat="32.92799194444444" lon="132.71537194444446">
<ele>8</ele>
</trkpt>
<trkpt lat="32.92906694444444" lon="132.71532194444444">
<ele>7</ele>
</trkpt>
<trkpt lat="32.929141944444446" lon="132.71532194444444">
<ele>7</ele>
</trkpt>
<trkpt lat="32.92926694444444" lon="132.7153338888889">
<ele>7</ele>
</trkpt>
<trkpt lat="32.929383055555554" lon="132.71532194444444">
<ele>7</ele>
</trkpt>
<trkpt lat="32.92984194444445" lon="132.71527194444445">
<ele>7</ele>
</trkpt>
<trkpt lat="32.93069111111111" lon="132.71634694444444">
<ele>3</ele>
</trkpt>
<trkpt lat="32.93075" lon="132.71640888888888">
<ele>3</ele>
</trkpt>
<trkpt lat="32.93205" lon="132.71812111111112">
<ele>2</ele>
</trkpt>
<trkpt lat="32.93231611111111" lon="132.71845888888888">
<ele>3</ele>
</trkpt>
<trkpt lat="32.93239111111111" lon="132.71855888888888">
<ele>3</ele>
</trkpt>
<trkpt lat="32.93248305555556" lon="132.71867111111112">
<ele>3</ele>
</trkpt>
<trkpt lat="32.932608055555555" lon="132.7188211111111">
<ele>3</ele>
</trkpt>
<trkpt lat="32.93293305555556" lon="132.7192588888889">
<ele>4</ele>
</trkpt>
<trkpt lat="32.93335" lon="132.71979611111112">
<ele>5</ele>
</trkpt>
<trkpt lat="32.933075" lon="132.7204211111111">
<ele>5</ele>
</trkpt>
<trkpt lat="32.932925" lon="132.72088305555556">
<ele>5</ele>
</trkpt>
<trkpt lat="32.932825" lon="132.7212461111111">
<ele>4</ele>
</trkpt>
<trkpt lat="32.93279111111111" lon="132.7214211111111">
<ele>4</ele>
</trkpt>
<trkpt lat="32.932775" lon="132.7215711111111">
<ele>4</ele>
</trkpt>
<trkpt lat="32.93273305555556" lon="132.7219961111111">
<ele>4</ele>
</trkpt>
<trkpt lat="32.93271611111111" lon="132.72243305555557">
<ele>5</ele>
</trkpt>
<trkpt lat="32.932725" lon="132.7226711111111">
<ele>5</ele>
</trkpt>
<trkpt lat="32.93275" lon="132.72313305555556">
<ele>5</ele>
</trkpt>
<trkpt lat="32.93279111111111" lon="132.7234961111111">
<ele>5</ele>
</trkpt>
<trkpt lat="32.932858055555556" lon="132.72388305555555">
<ele>5</ele>
</trkpt>
<trkpt lat="32.93294111111111" lon="132.72423305555554">
<ele>5</ele>
</trkpt>
<trkpt lat="32.93313305555556" lon="132.72505805555556">
<ele>5</ele>
</trkpt>
<trkpt lat="32.93315805555556" lon="132.72512">
<ele>5</ele>
</trkpt>
<trkpt lat="32.933233055555554" lon="132.725495">
<ele>6</ele>
</trkpt>
<trkpt lat="32.933375" lon="132.726145">
<ele>6</ele>
</trkpt>
<trkpt lat="32.933791944444444" lon="132.72805805555555">
<ele>6</ele>
</trkpt>
<trkpt lat="32.9339" lon="132.728495">
<ele>6</ele>
</trkpt>
<trkpt lat="32.93451694444445" lon="132.73097">
<ele>4</ele>
</trkpt>
<trkpt lat="32.93513305555555" lon="132.7333688888889">
<ele>7</ele>
</trkpt>
<trkpt lat="32.93528305555556" lon="132.73393194444444">
<ele>7</ele>
</trkpt>
<trkpt lat="32.93544194444444" lon="132.73451888888889">
<ele>8</ele>
</trkpt>
<trkpt lat="32.93555" lon="132.73490694444445">
<ele>8</ele>
</trkpt>
<trkpt lat="32.93569194444444" lon="132.73528194444444">
<ele>8</ele>
</trkpt>
<trkpt lat="32.93581694444445" lon="132.7355938888889">
<ele>8</ele>
</trkpt>
<trkpt lat="32.935966944444445" lon="132.73589388888888">
<ele>8</ele>
</trkpt>
<trkpt lat="32.93609194444444" lon="132.73610694444446">
<ele>8</ele>
</trkpt>
<trkpt lat="32.93624194444445" lon="132.73634388888888">
<ele>9</ele>
</trkpt>
<trkpt lat="32.936433055555554" lon="132.7366688888889">
<ele>9</ele>
</trkpt>
<trkpt lat="32.9373" lon="132.7380061111111">
<ele>9</ele>
</trkpt>
<trkpt lat="32.937866944444444" lon="132.7389061111111">
<ele>8</ele>
</trkpt>
<trkpt lat="32.93888305555556" lon="132.7404811111111">
<ele>8</ele>
</trkpt>
<trkpt lat="32.93995" lon="132.74213111111112">
<ele>9</ele>
</trkpt>
<trkpt lat="32.94106611111111" lon="132.74386805555557">
<ele>9</ele>
</trkpt>
<trkpt lat="32.94125805555556" lon="132.74428111111112">
<ele>9</ele>
</trkpt>
<trkpt lat="32.941425" lon="132.74461805555555">
<ele>9</ele>
</trkpt>
<trkpt lat="32.94155" lon="132.74485611111112">
<ele>9</ele>
</trkpt>
<trkpt lat="32.94166611111111" lon="132.74501805555556">
<ele>9</ele>
</trkpt>
<trkpt lat="32.94195805555555" lon="132.7453561111111">
<ele>9</ele>
</trkpt>
<trkpt lat="32.94209111111111" lon="132.7454561111111">
<ele>9</ele>
</trkpt>
<trkpt lat="32.94234111111111" lon="132.74564305555555">
<ele>17</ele>
</trkpt>
<trkpt lat="32.94341611111111" lon="132.74641805555555">
<ele>14</ele>
</trkpt>
<trkpt lat="32.943625" lon="132.7465811111111">
<ele>16</ele>
</trkpt>
<trkpt lat="32.94390805555555" lon="132.74676805555555">
<ele>18</ele>
</trkpt>
<trkpt lat="32.944075" lon="132.74690611111112">
<ele>16</ele>
</trkpt>
<trkpt lat="32.944225" lon="132.74709305555555">
<ele>17</ele>
</trkpt>
<trkpt lat="32.94435" lon="132.7472561111111">
<ele>16</ele>
</trkpt>
<trkpt lat="32.94443305555556" lon="132.74739305555556">
<ele>15</ele>
</trkpt>
<trkpt lat="32.94448305555556" lon="132.7474811111111">
<ele>14</ele>
</trkpt>
<trkpt lat="32.94451611111111" lon="132.74758111111112">
<ele>13</ele>
</trkpt>
<trkpt lat="32.944583055555555" lon="132.74778111111112">
<ele>12</ele>
</trkpt>
<trkpt lat="32.944625" lon="132.74789305555555">
<ele>11</ele>
</trkpt>
<trkpt lat="32.94466611111111" lon="132.7480561111111">
<ele>10</ele>
</trkpt>
<trkpt lat="32.9447" lon="132.74823111111112">
<ele>11</ele>
</trkpt>
<trkpt lat="32.94471611111111" lon="132.74831805555556">
<ele>11</ele>
</trkpt>
<trkpt lat="32.944741111111114" lon="132.748505">
<ele>11</ele>
</trkpt>
<trkpt lat="32.94475" lon="132.74908">
<ele>14</ele>
</trkpt>
<trkpt lat="32.94475" lon="132.74936805555555">
<ele>16</ele>
</trkpt>
<trkpt lat="32.94475" lon="132.74943">
<ele>16</ele>
</trkpt>
<trkpt lat="32.94475" lon="132.749455">
<ele>17</ele>
</trkpt>
<trkpt lat="32.944808055555555" lon="132.75009305555557">
<ele>17</ele>
</trkpt>
<trkpt lat="32.94481611111111" lon="132.75016805555555">
<ele>17</ele>
</trkpt>
<trkpt lat="32.944925" lon="132.75088">
<ele>18</ele>
</trkpt>
<trkpt lat="32.94495805555555" lon="132.75109305555554">
<ele>18</ele>
</trkpt>
<trkpt lat="32.944966111111114" lon="132.75126805555556">
<ele>18</ele>
</trkpt>
<trkpt lat="32.94495" lon="132.751555">
<ele>18</ele>
</trkpt>
<trkpt lat="32.9449" lon="132.75183">
<ele>18</ele>
</trkpt>
<trkpt lat="32.94481611111111" lon="132.752105">
<ele>17</ele>
</trkpt>
<trkpt lat="32.94471611111111" lon="132.752355">
<ele>18</ele>
</trkpt>
<trkpt lat="32.944608055555555" lon="132.75254305555555">
<ele>18</ele>
</trkpt>
<trkpt lat="32.944408055555556" lon="132.752805">
<ele>18</ele>
</trkpt>
<trkpt lat="32.94425" lon="132.753005">
<ele>19</ele>
</trkpt>
<trkpt lat="32.943575" lon="132.753605">
<ele>25</ele>
</trkpt>
<trkpt lat="32.943416944444444" lon="132.75376694444444">
<ele>22</ele>
</trkpt>
<trkpt lat="32.943125" lon="132.75411805555555">
<ele>21</ele>
</trkpt>
<trkpt lat="32.94295" lon="132.75443">
<ele>22</ele>
</trkpt>
<trkpt lat="32.942858055555554" lon="132.754655">
<ele>24</ele>
</trkpt>
<trkpt lat="32.94280805555555" lon="132.754855">
<ele>25</ele>
</trkpt>
<trkpt lat="32.94275805555556" lon="132.75511694444444">
<ele>25</ele>
</trkpt>
<trkpt lat="32.94274194444444" lon="132.755355">
<ele>29</ele>
</trkpt>
<trkpt lat="32.94275" lon="132.755605">
<ele>31</ele>
</trkpt>
<trkpt lat="32.94278305555556" lon="132.755855">
<ele>28</ele>
</trkpt>
<trkpt lat="32.943216944444444" lon="132.75804194444444">
<ele>33</ele>
</trkpt>
<trkpt lat="32.94378388888889" lon="132.759955">
<ele>41</ele>
</trkpt>
<trkpt lat="32.943825" lon="132.76008">
<ele>41</ele>
</trkpt>
<trkpt lat="32.9439" lon="132.76033">
<ele>40</ele>
</trkpt>
<trkpt lat="32.94421694444444" lon="132.7614288888889">
<ele>44</ele>
</trkpt>
<trkpt lat="32.944541944444445" lon="132.76206694444446">
<ele>47</ele>
</trkpt>
<trkpt lat="32.9449" lon="132.76279194444444">
<ele>48</ele>
</trkpt>
<trkpt lat="32.94518388888889" lon="132.7632788888889">
<ele>50</ele>
</trkpt>
<trkpt lat="32.94580805555555" lon="132.76429194444444">
<ele>59</ele>
</trkpt>
<trkpt lat="32.94636694444444" lon="132.7652038888889">
<ele>57</ele>
</trkpt>
<trkpt lat="32.94665805555555" lon="132.76556694444446">
<ele>49</ele>
</trkpt>
<trkpt lat="32.94701694444444" lon="132.76594194444445">
<ele>49</ele>
</trkpt>
<trkpt lat="32.94745" lon="132.76637888888888">
<ele>49</ele>
</trkpt>
<trkpt lat="32.94769194444444" lon="132.76674194444445">
<ele>47</ele>
</trkpt>
<trkpt lat="32.947983055555554" lon="132.76717888888888">
<ele>41</ele>
</trkpt>
<trkpt lat="32.948391944444445" lon="132.7678038888889">
<ele>38</ele>
</trkpt>
<trkpt lat="32.948858055555554" lon="132.7685538888889">
<ele>34</ele>
</trkpt>
<trkpt lat="32.94934194444444" lon="132.76934111111112">
<ele>31</ele>
</trkpt>
<trkpt lat="32.949558055555556" lon="132.76967888888888">
<ele>33</ele>
</trkpt>
<trkpt lat="32.949725" lon="132.76989111111112">
<ele>32</ele>
</trkpt>
<trkpt lat="32.94988305555555" lon="132.7700288888889">
<ele>29</ele>
</trkpt>
<trkpt lat="32.950525" lon="132.77036611111112">
<ele>27</ele>
</trkpt>
<trkpt lat="32.95066611111111" lon="132.77046611111112">
<ele>27</ele>
</trkpt>
<trkpt lat="32.950783055555554" lon="132.77055388888888">
<ele>29</ele>
</trkpt>
<trkpt lat="32.95138305555555" lon="132.77114111111112">
<ele>28</ele>
</trkpt>
<trkpt lat="32.95221611111111" lon="132.7720911111111">
<ele>24</ele>
</trkpt>
<trkpt lat="32.952308055555555" lon="132.7722038888889">
<ele>24</ele>
</trkpt>
<trkpt lat="32.95259111111111" lon="132.77251611111112">
<ele>25</ele>
</trkpt>
<trkpt lat="32.952758055555556" lon="132.77275305555557">
<ele>24</ele>
</trkpt>
<trkpt lat="32.95285" lon="132.77294111111112">
<ele>23</ele>
</trkpt>
<trkpt lat="32.95325805555556" lon="132.7741661111111">
<ele>19</ele>
</trkpt>
<trkpt lat="32.9535" lon="132.77492805555556">
<ele>17</ele>
</trkpt>
<trkpt lat="32.95368305555556" lon="132.7755161111111">
<ele>16</ele>
</trkpt>
<trkpt lat="32.95389111111111" lon="132.7761661111111">
<ele>14</ele>
</trkpt>
<trkpt lat="32.954033055555556" lon="132.77669111111112">
<ele>14</ele>
</trkpt>
<trkpt lat="32.95410805555556" lon="132.77724111111112">
<ele>15</ele>
</trkpt>
<trkpt lat="32.95415" lon="132.77781611111112">
<ele>15</ele>
</trkpt>
<trkpt lat="32.95418305555555" lon="132.77835305555556">
<ele>14</ele>
</trkpt>
<trkpt lat="32.954175" lon="132.78040305555555">
<ele>14</ele>
</trkpt>
<trkpt lat="32.954191944444446" lon="132.780865">
<ele>14</ele>
</trkpt>
<trkpt lat="32.9542" lon="132.781265">
<ele>14</ele>
</trkpt>
<trkpt lat="32.954175" lon="132.781615">
<ele>14</ele>
</trkpt>
<trkpt lat="32.95411694444444" lon="132.781915">
<ele>14</ele>
</trkpt>
<trkpt lat="32.95409194444444" lon="132.78205194444445">
<ele>14</ele>
</trkpt>
<trkpt lat="32.95405" lon="132.78222805555555">
<ele>14</ele>
</trkpt>
<trkpt lat="32.95401694444445" lon="132.78234">
<ele>14</ele>
</trkpt>
<trkpt lat="32.95390805555556" lon="132.78275305555556">
<ele>13</ele>
</trkpt>
<trkpt lat="32.95368305555556" lon="132.783415">
<ele>12</ele>
</trkpt>
<trkpt lat="32.953608055555556" lon="132.783665">
<ele>12</ele>
</trkpt>
<trkpt lat="32.9535" lon="132.78402805555555">
<ele>12</ele>
</trkpt>
<trkpt lat="32.953491944444444" lon="132.78404">
<ele>12</ele>
</trkpt>
<trkpt lat="32.953425" lon="132.78432805555556">
<ele>13</ele>
</trkpt>
<trkpt lat="32.95339194444445" lon="132.78459">
<ele>16</ele>
</trkpt>
<trkpt lat="32.953383055555555" lon="132.784815">
<ele>17</ele>
</trkpt>
<trkpt lat="32.95338388888889" lon="132.78497694444445">
<ele>17</ele>
</trkpt>
<trkpt lat="32.95339194444445" lon="132.785115">
<ele>17</ele>
</trkpt>
<trkpt lat="32.95344194444444" lon="132.785365">
<ele>17</ele>
</trkpt>
<trkpt lat="32.95355" lon="132.785665">
<ele>16</ele>
</trkpt>
<trkpt lat="32.95364194444444" lon="132.78585194444443">
<ele>14</ele>
</trkpt>
<trkpt lat="32.95365888888889" lon="132.78589">
<ele>13</ele>
</trkpt>
<trkpt lat="32.9537" lon="132.78595194444443">
<ele>13</ele>
</trkpt>
<trkpt lat="32.953825" lon="132.786165">
<ele>13</ele>
</trkpt>
<trkpt lat="32.95395" lon="132.78637694444444">
<ele>13</ele>
</trkpt>
<trkpt lat="32.95435805555555" lon="132.78689">
<ele>11</ele>
</trkpt>
<trkpt lat="32.95469194444444" lon="132.78732694444443">
<ele>13</ele>
</trkpt>
<trkpt lat="32.954725" lon="132.78736388888888">
<ele>12</ele>
</trkpt>
<trkpt lat="32.95485" lon="132.78752694444444">
<ele>13</ele>
</trkpt>
<trkpt lat="32.95495805555556" lon="132.78770194444445">
<ele>13</ele>
</trkpt>
<trkpt lat="32.955058055555554" lon="132.78791388888888">
<ele>13</ele>
</trkpt>
<trkpt lat="32.95511694444444" lon="132.78810194444443">
<ele>14</ele>
</trkpt>
<trkpt lat="32.95520805555556" lon="132.7885138888889">
<ele>13</ele>
</trkpt>
<trkpt lat="32.95525" lon="132.7887638888889">
<ele>14</ele>
</trkpt>
<trkpt lat="32.95529194444445" lon="132.78895194444445">
<ele>12</ele>
</trkpt>
<trkpt lat="32.9553" lon="132.78902694444446">
<ele>11</ele>
</trkpt>
<trkpt lat="32.9554" lon="132.7896388888889">
<ele>9</ele>
</trkpt>
<trkpt lat="32.955466944444446" lon="132.78990194444444">
<ele>9</ele>
</trkpt>
<trkpt lat="32.9555" lon="132.7900138888889">
<ele>9</ele>
</trkpt>
<trkpt lat="32.95558305555556" lon="132.79020194444445">
<ele>9</ele>
</trkpt>
<trkpt lat="32.955725" lon="132.79052694444445">
<ele>9</ele>
</trkpt>
<trkpt lat="32.955733055555555" lon="132.79053888888888">
<ele>9</ele>
</trkpt>
<trkpt lat="32.955875" lon="132.79082694444443">
<ele>9</ele>
</trkpt>
<trkpt lat="32.956175" lon="132.79145194444445">
<ele>9</ele>
</trkpt>
<trkpt lat="32.95621694444444" lon="132.79153888888888">
<ele>9</ele>
</trkpt>
<trkpt lat="32.95668305555556" lon="132.7924888888889">
<ele>9</ele>
</trkpt>
<trkpt lat="32.95681694444445" lon="132.79276388888889">
<ele>9</ele>
</trkpt>
<trkpt lat="32.95715805555555" lon="132.79347611111112">
<ele>9</ele>
</trkpt>
<trkpt lat="32.957175" lon="132.7935011111111">
<ele>9</ele>
</trkpt>
<trkpt lat="32.95735805555555" lon="132.7938888888889">
<ele>9</ele>
</trkpt>
<trkpt lat="32.957575" lon="132.7943388888889">
<ele>9</ele>
</trkpt>
<trkpt lat="32.95760805555555" lon="132.7944138888889">
<ele>9</ele>
</trkpt>
<trkpt lat="32.95770805555556" lon="132.7946388888889">
<ele>9</ele>
</trkpt>
<trkpt lat="32.957875" lon="132.79507611111111">
<ele>9</ele>
</trkpt>
<trkpt lat="32.95798305555556" lon="132.7953388888889">
<ele>9</ele>
</trkpt>
<trkpt lat="32.958016944444445" lon="132.7954388888889">
<ele>9</ele>
</trkpt>
<trkpt lat="32.958225" lon="132.7960261111111">
<ele>9</ele>
</trkpt>
<trkpt lat="32.958333055555556" lon="132.7962761111111">
<ele>9</ele>
</trkpt>
<trkpt lat="32.95855805555556" lon="132.79668805555556">
<ele>9</ele>
</trkpt>
<trkpt lat="32.95875" lon="132.7969511111111">
<ele>9</ele>
</trkpt>
<trkpt lat="32.95879194444444" lon="132.79698805555554">
<ele>9</ele>
</trkpt>
<trkpt lat="32.958875" lon="132.79706305555555">
<ele>9</ele>
</trkpt>
<trkpt lat="32.959325" lon="132.79738805555556">
<ele>9</ele>
</trkpt>
<trkpt lat="32.95944194444444" lon="132.7974761111111">
<ele>9</ele>
</trkpt>
<trkpt lat="32.959725" lon="132.79768805555557">
<ele>9</ele>
</trkpt>
<trkpt lat="32.96009194444444" lon="132.7979511111111">
<ele>9</ele>
</trkpt>
<trkpt lat="32.960116944444444" lon="132.79796305555556">
<ele>9</ele>
</trkpt>
<trkpt lat="32.960883055555556" lon="132.79857611111112">
<ele>9</ele>
</trkpt>
<trkpt lat="32.961475" lon="132.7990761111111">
<ele>9</ele>
</trkpt>
<trkpt lat="32.961725" lon="132.7992761111111">
<ele>9</ele>
</trkpt>
<trkpt lat="32.96204111111111" lon="132.79958805555555">
<ele>9</ele>
</trkpt>
<trkpt lat="32.962225" lon="132.79982611111112">
<ele>9</ele>
</trkpt>
<trkpt lat="32.96241611111111" lon="132.8001261111111">
<ele>9</ele>
</trkpt>
<trkpt lat="32.96243305555556" lon="132.80015111111112">
<ele>9</ele>
</trkpt>
<trkpt lat="32.96276611111111" lon="132.800675">
<ele>9</ele>
</trkpt>
<trkpt lat="32.96286611111111" lon="132.800875">
<ele>9</ele>
</trkpt>
<trkpt lat="32.96291611111111" lon="132.8011">
<ele>9</ele>
</trkpt>
<trkpt lat="32.96281611111111" lon="132.802025">
<ele>9</ele>
</trkpt>
<trkpt lat="32.962808055555556" lon="132.80208805555554">
<ele>9</ele>
</trkpt>
<trkpt lat="32.962716944444445" lon="132.80285">
<ele>9</ele>
</trkpt>
<trkpt lat="32.9627" lon="132.803025">
<ele>9</ele>
</trkpt>
<trkpt lat="32.96265" lon="132.8034">
<ele>9</ele>
</trkpt>
<trkpt lat="32.96261694444444" lon="132.80363805555555">
<ele>9</ele>
</trkpt>
<trkpt lat="32.962608055555556" lon="132.80393694444444">
<ele>9</ele>
</trkpt>
<trkpt lat="32.962608055555556" lon="132.80411305555555">
<ele>9</ele>
</trkpt>
<trkpt lat="32.962675" lon="132.80438805555556">
<ele>11</ele>
</trkpt>
<trkpt lat="32.962725" lon="132.80456305555555">
<ele>12</ele>
</trkpt>
<trkpt lat="32.962775" lon="132.80466194444443">
<ele>12</ele>
</trkpt>
<trkpt lat="32.96295" lon="132.80493694444445">
<ele>11</ele>
</trkpt>
<trkpt lat="32.96346694444444" lon="132.8056">
<ele>16</ele>
</trkpt>
<trkpt lat="32.963591944444445" lon="132.80578694444443">
<ele>18</ele>
</trkpt>
<trkpt lat="32.963658055555555" lon="132.80586194444444">
<ele>18</ele>
</trkpt>
<trkpt lat="32.963683055555556" lon="132.80588694444444">
<ele>18</ele>
</trkpt>
<trkpt lat="32.96384194444445" lon="132.80598694444444">
<ele>19</ele>
</trkpt>
<trkpt lat="32.96395805555556" lon="132.80606194444445">
<ele>18</ele>
</trkpt>
<trkpt lat="32.964325" lon="132.80621194444444">
<ele>19</ele>
</trkpt>
<trkpt lat="32.96458305555556" lon="132.80628694444445">
<ele>18</ele>
</trkpt>
<trkpt lat="32.96469111111111" lon="132.80635">
<ele>18</ele>
</trkpt>
<trkpt lat="32.96480805555556" lon="132.80645">
<ele>19</ele>
</trkpt>
<trkpt lat="32.964975" lon="132.80662388888888">
<ele>19</ele>
</trkpt>
<trkpt lat="32.96505" lon="132.80674888888888">
<ele>19</ele>
</trkpt>
<trkpt lat="32.9653" lon="132.80713694444444">
<ele>19</ele>
</trkpt>
<trkpt lat="32.96554111111111" lon="132.80753694444445">
<ele>18</ele>
</trkpt>
<trkpt lat="32.96559111111111" lon="132.80761194444443">
<ele>18</ele>
</trkpt>
<trkpt lat="32.965975" lon="132.80826194444444">
<ele>18</ele>
</trkpt>
<trkpt lat="32.96603611111111" lon="132.80838194444445">
<ele>17</ele>
</trkpt>
<trkpt lat="32.96603611111111" lon="132.80838194444445">
<ele>17</ele>
</trkpt>
<trkpt lat="32.96624111111111" lon="132.80878694444445">
<ele>16</ele>
</trkpt>
<trkpt lat="32.9666" lon="132.80956194444445">
<ele>10</ele>
</trkpt>
<trkpt lat="32.96670805555556" lon="132.80979888888888">
<ele>9</ele>
</trkpt>
<trkpt lat="32.96678305555555" lon="132.80998694444443">
<ele>9</ele>
</trkpt>
<trkpt lat="32.96684111111111" lon="132.81011194444446">
<ele>9</ele>
</trkpt>
<trkpt lat="32.96689111111111" lon="132.8102988888889">
<ele>9</ele>
</trkpt>
<trkpt lat="32.96694111111111" lon="132.8106361111111">
<ele>9</ele>
</trkpt>
<trkpt lat="32.96695" lon="132.8107611111111">
<ele>9</ele>
</trkpt>
<trkpt lat="32.96695" lon="132.8110111111111">
<ele>9</ele>
</trkpt>
<trkpt lat="32.966925" lon="132.8113361111111">
<ele>9</ele>
</trkpt>
<trkpt lat="32.96690805555556" lon="132.81169888888888">
<ele>9</ele>
</trkpt>
<trkpt lat="32.9669" lon="132.8118738888889">
<ele>9</ele>
</trkpt>
<trkpt lat="32.96685" lon="132.81218611111112">
<ele>9</ele>
</trkpt>
<trkpt lat="32.96680805555555" lon="132.81239888888888">
<ele>9</ele>
</trkpt>
<trkpt lat="32.966683055555556" lon="132.8126488888889">
<ele>9</ele>
</trkpt>
<trkpt lat="32.966475" lon="132.81308611111112">
<ele>9</ele>
</trkpt>
<trkpt lat="32.96606694444444" lon="132.8138111111111">
<ele>9</ele>
</trkpt>
<trkpt lat="32.966033055555556" lon="132.81387388888888">
<ele>9</ele>
</trkpt>
<trkpt lat="32.96568305555556" lon="132.81452388888889">
<ele>9</ele>
</trkpt>
<trkpt lat="32.965533055555554" lon="132.8148111111111">
<ele>9</ele>
</trkpt>
<trkpt lat="32.964975" lon="132.81582305555557">
<ele>9</ele>
</trkpt>
<trkpt lat="32.96471694444445" lon="132.81636111111112">
<ele>9</ele>
</trkpt>
<trkpt lat="32.964641944444445" lon="132.81659805555554">
<ele>9</ele>
</trkpt>
<trkpt lat="32.964525" lon="132.8171861111111">
<ele>8</ele>
</trkpt>
<trkpt lat="32.96445" lon="132.81761111111112">
<ele>7</ele>
</trkpt>
<trkpt lat="32.96438388888889" lon="132.8179861111111">
<ele>7</ele>
</trkpt>
<trkpt lat="32.96431694444444" lon="132.8183611111111">
<ele>7</ele>
</trkpt>
<trkpt lat="32.964283888888886" lon="132.81864805555554">
<ele>7</ele>
</trkpt>
<trkpt lat="32.96425888888889" lon="132.81884805555555">
<ele>8</ele>
</trkpt>
<trkpt lat="32.96425" lon="132.8191111111111">
<ele>8</ele>
</trkpt>
<trkpt lat="32.964283888888886" lon="132.81972305555556">
<ele>8</ele>
</trkpt>
<trkpt lat="32.96435" lon="132.820885">
<ele>8</ele>
</trkpt>
<trkpt lat="32.96440888888889" lon="132.82187194444444">
<ele>9</ele>
</trkpt>
<trkpt lat="32.96440888888889" lon="132.82194805555557">
<ele>9</ele>
</trkpt>
<trkpt lat="32.964416944444444" lon="132.82209805555556">
<ele>9</ele>
</trkpt>
<trkpt lat="32.96443388888889" lon="132.82236">
<ele>9</ele>
</trkpt>
<trkpt lat="32.964441944444445" lon="132.82252194444445">
<ele>9</ele>
</trkpt>
<trkpt lat="32.964483888888886" lon="132.823285">
<ele>9</ele>
</trkpt>
<trkpt lat="32.96450111111111" lon="132.82357305555556">
<ele>9</ele>
</trkpt>
<trkpt lat="32.96452611111111" lon="132.824135">
<ele>9</ele>
</trkpt>
<trkpt lat="32.96453388888889" lon="132.82439694444443">
<ele>9</ele>
</trkpt>
<trkpt lat="32.96454194444444" lon="132.82464694444445">
<ele>9</ele>
</trkpt>
<trkpt lat="32.96454194444444" lon="132.82476">
<ele>10</ele>
</trkpt>
<trkpt lat="32.96453388888889" lon="132.82506">
<ele>10</ele>
</trkpt>
<trkpt lat="32.96451694444445" lon="132.82531">
<ele>10</ele>
</trkpt>
<trkpt lat="32.964466944444446" lon="132.82546">
<ele>10</ele>
</trkpt>
<trkpt lat="32.964351111111114" lon="132.82569694444445">
<ele>10</ele>
</trkpt>
<trkpt lat="32.96411694444444" lon="132.82600888888888">
<ele>11</ele>
</trkpt>
<trkpt lat="32.96393388888889" lon="132.82619694444443">
<ele>11</ele>
</trkpt>
<trkpt lat="32.963591944444445" lon="132.82645888888888">
<ele>11</ele>
</trkpt>
<trkpt lat="32.96345888888889" lon="132.82655888888888">
<ele>11</ele>
</trkpt>
<trkpt lat="32.96324194444445" lon="132.82677194444443">
<ele>10</ele>
</trkpt>
<trkpt lat="32.96305111111111" lon="132.8269588888889">
<ele>10</ele>
</trkpt>
<trkpt lat="32.962916944444444" lon="132.82714694444445">
<ele>11</ele>
</trkpt>
<trkpt lat="32.96280888888889" lon="132.82734694444446">
<ele>11</ele>
</trkpt>
<trkpt lat="32.962651111111114" lon="132.82782194444445">
<ele>13</ele>
</trkpt>
<trkpt lat="32.962651111111114" lon="132.8280838888889">
<ele>12</ele>
</trkpt>
<trkpt lat="32.96268388888889" lon="132.82869694444443">
<ele>15</ele>
</trkpt>
<trkpt lat="32.96279194444445" lon="132.8292338888889">
<ele>13</ele>
</trkpt>
<trkpt lat="32.96289194444444" lon="132.82962194444445">
<ele>13</ele>
</trkpt>
<trkpt lat="32.96301694444445" lon="132.83005888888889">
<ele>14</ele>
</trkpt>
<trkpt lat="32.963141944444445" lon="132.83064611111112">
<ele>17</ele>
</trkpt>
<trkpt lat="32.96328388888889" lon="132.8313838888889">
<ele>15</ele>
</trkpt>
<trkpt lat="32.96337611111111" lon="132.8317211111111">
<ele>16</ele>
</trkpt>
<trkpt lat="32.963591944444445" lon="132.8326088888889">
<ele>9</ele>
</trkpt>
<trkpt lat="32.963791944444445" lon="132.8334338888889">
<ele>9</ele>
</trkpt>
<trkpt lat="32.96384194444445" lon="132.83369611111112">
<ele>9</ele>
</trkpt>
<trkpt lat="32.96386694444445" lon="132.8337588888889">
<ele>9</ele>
</trkpt>
<trkpt lat="32.96390888888889" lon="132.8338711111111">
<ele>9</ele>
</trkpt>
<trkpt lat="32.96407611111111" lon="132.83410805555556">
<ele>9</ele>
</trkpt>
<trkpt lat="32.96410111111111" lon="132.83415805555555">
<ele>9</ele>
</trkpt>
<trkpt lat="32.96425111111111" lon="132.8344211111111">
<ele>9</ele>
</trkpt>
<trkpt lat="32.96470111111111" lon="132.8351461111111">
<ele>9</ele>
</trkpt>
<trkpt lat="32.96483388888889" lon="132.83540805555555">
<ele>9</ele>
</trkpt>
<trkpt lat="32.965175" lon="132.83610805555554">
<ele>8</ele>
</trkpt>
<trkpt lat="32.96528388888889" lon="132.83633305555554">
<ele>7</ele>
</trkpt>
<trkpt lat="32.96544194444444" lon="132.8368461111111">
<ele>9</ele>
</trkpt>
<trkpt lat="32.96565" lon="132.83763305555556">
<ele>9</ele>
</trkpt>
<trkpt lat="32.965725" lon="132.83814611111112">
<ele>8</ele>
</trkpt>
<trkpt lat="32.965725" lon="132.83845805555555">
<ele>9</ele>
</trkpt>
<trkpt lat="32.96570888888889" lon="132.838695">
<ele>9</ele>
</trkpt>
<trkpt lat="32.96565" lon="132.83892">
<ele>9</ele>
</trkpt>
<trkpt lat="32.965541944444446" lon="132.83913305555555">
<ele>9</ele>
</trkpt>
<trkpt lat="32.96523388888889" lon="132.83962">
<ele>9</ele>
</trkpt>
<trkpt lat="32.96514194444445" lon="132.83985805555557">
<ele>9</ele>
</trkpt>
<trkpt lat="32.96475888888889" lon="132.841395">
<ele>9</ele>
</trkpt>
<trkpt lat="32.964708888888886" lon="132.84163305555555">
<ele>9</ele>
</trkpt>
<trkpt lat="32.964666944444446" lon="132.84192">
<ele>9</ele>
</trkpt>
<trkpt lat="32.96465111111111" lon="132.84213305555556">
<ele>9</ele>
</trkpt>
<trkpt lat="32.96465111111111" lon="132.842345">
<ele>9</ele>
</trkpt>
<trkpt lat="32.964691944444446" lon="132.84260805555556">
<ele>9</ele>
</trkpt>
<trkpt lat="32.96487611111111" lon="132.84298305555555">
<ele>9</ele>
</trkpt>
<trkpt lat="32.96498388888889" lon="132.843145">
<ele>9</ele>
</trkpt>
<trkpt lat="32.96508388888889" lon="132.843245">
<ele>9</ele>
</trkpt>
<trkpt lat="32.965466944444444" lon="132.84340805555556">
<ele>9</ele>
</trkpt>
<trkpt lat="32.96562611111111" lon="132.84345694444445">
<ele>9</ele>
</trkpt>
<trkpt lat="32.96577611111111" lon="132.843495">
<ele>9</ele>
</trkpt>
<trkpt lat="32.96587611111111" lon="132.843545">
<ele>9</ele>
</trkpt>
<trkpt lat="32.96604194444444" lon="132.843645">
<ele>9</ele>
</trkpt>
<trkpt lat="32.966141944444445" lon="132.843695">
<ele>9</ele>
</trkpt>
<trkpt lat="32.96626694444444" lon="132.843745">
<ele>9</ele>
</trkpt>
<trkpt lat="32.966408888888886" lon="132.843845">
<ele>8</ele>
</trkpt>
<trkpt lat="32.96652611111111" lon="132.84400694444443">
<ele>8</ele>
</trkpt>
<trkpt lat="32.96665888888889" lon="132.84430694444444">
<ele>9</ele>
</trkpt>
<trkpt lat="32.96675111111111" lon="132.84463194444444">
<ele>9</ele>
</trkpt>
<trkpt lat="32.96675888888889" lon="132.845395">
<ele>9</ele>
</trkpt>
<trkpt lat="32.96669194444444" lon="132.845945">
<ele>9</ele>
</trkpt>
<trkpt lat="32.96665888888889" lon="132.846195">
<ele>9</ele>
</trkpt>
<trkpt lat="32.96664194444445" lon="132.846445">
<ele>9</ele>
</trkpt>
<trkpt lat="32.96667611111111" lon="132.84685694444445">
<ele>9</ele>
</trkpt>
<trkpt lat="32.96674194444444" lon="132.84703194444444">
<ele>9</ele>
</trkpt>
<trkpt lat="32.96706694444445" lon="132.84778194444445">
<ele>9</ele>
</trkpt>
<trkpt lat="32.967258888888885" lon="132.84820694444446">
<ele>9</ele>
</trkpt>
<trkpt lat="32.96808388888889" lon="132.84953194444444">
<ele>9</ele>
</trkpt>
<trkpt lat="32.96866694444444" lon="132.85045694444443">
<ele>9</ele>
</trkpt>
<trkpt lat="32.96884194444444" lon="132.85063194444444">
<ele>9</ele>
</trkpt>
<trkpt lat="32.969325" lon="132.8507688888889">
<ele>9</ele>
</trkpt>
<trkpt lat="32.969825" lon="132.85098194444444">
<ele>9</ele>
</trkpt>
<trkpt lat="32.970258888888885" lon="132.85120694444444">
<ele>9</ele>
</trkpt>
<trkpt lat="32.970575" lon="132.85143194444444">
<ele>8</ele>
</trkpt>
<trkpt lat="32.970841944444444" lon="132.85171888888888">
<ele>9</ele>
</trkpt>
<trkpt lat="32.97119194444444" lon="132.8522438888889">
<ele>9</ele>
</trkpt>
<trkpt lat="32.971575" lon="132.85283194444443">
<ele>9</ele>
</trkpt>
<trkpt lat="32.971983888888886" lon="132.8534938888889">
<ele>9</ele>
</trkpt>
<trkpt lat="32.972141944444445" lon="132.8537938888889">
<ele>9</ele>
</trkpt>
<trkpt lat="32.97230888888889" lon="132.85415694444444">
<ele>9</ele>
</trkpt>
<trkpt lat="32.972366944444445" lon="132.85434388888888">
<ele>9</ele>
</trkpt>
<trkpt lat="32.9724" lon="132.85458194444445">
<ele>9</ele>
</trkpt>
<trkpt lat="32.972391944444446" lon="132.8548561111111">
<ele>9</ele>
</trkpt>
<trkpt lat="32.972375" lon="132.85570611111112">
<ele>9</ele>
</trkpt>
<trkpt lat="32.972391944444446" lon="132.85604388888888">
<ele>9</ele>
</trkpt>
<trkpt lat="32.97266694444444" lon="132.8565438888889">
<ele>9</ele>
</trkpt>
<trkpt lat="32.97280888888889" lon="132.8567561111111">
<ele>9</ele>
</trkpt>
<trkpt lat="32.97375" lon="132.8579061111111">
<ele>9</ele>
</trkpt>
<trkpt lat="32.973925" lon="132.85818111111112">
<ele>9</ele>
</trkpt>
<trkpt lat="32.97399194444444" lon="132.8583311111111">
<ele>9</ele>
</trkpt>
<trkpt lat="32.97411694444445" lon="132.85876888888887">
<ele>9</ele>
</trkpt>
<trkpt lat="32.974266944444445" lon="132.8594688888889">
<ele>9</ele>
</trkpt>
<trkpt lat="32.97440111111111" lon="132.8601688888889">
<ele>9</ele>
</trkpt>
<trkpt lat="32.974466944444444" lon="132.86076888888888">
<ele>9</ele>
</trkpt>
<trkpt lat="32.97450888888889" lon="132.8613938888889">
<ele>9</ele>
</trkpt>
<trkpt lat="32.97454194444445" lon="132.8625561111111">
<ele>9</ele>
</trkpt>
<trkpt lat="32.974558888888886" lon="132.8626688888889">
<ele>9</ele>
</trkpt>
<trkpt lat="32.97457611111111" lon="132.8627938888889">
<ele>9</ele>
</trkpt>
<trkpt lat="32.97465888888889" lon="132.86305611111112">
<ele>9</ele>
</trkpt>
<trkpt lat="32.97482611111111" lon="132.86340611111112">
<ele>8</ele>
</trkpt>
<trkpt lat="32.97497611111111" lon="132.8635938888889">
<ele>9</ele>
</trkpt>
<trkpt lat="32.97523388888889" lon="132.8638061111111">
<ele>9</ele>
</trkpt>
<trkpt lat="32.97609194444444" lon="132.86439388888888">
<ele>8</ele>
</trkpt>
<trkpt lat="32.976441944444446" lon="132.86466805555557">
<ele>9</ele>
</trkpt>
<trkpt lat="32.976641944444445" lon="132.8649061111111">
<ele>9</ele>
</trkpt>
<trkpt lat="32.97685888888889" lon="132.86526805555556">
<ele>9</ele>
</trkpt>
<trkpt lat="32.976976111111114" lon="132.86561805555556">
<ele>8</ele>
</trkpt>
<trkpt lat="32.97712611111111" lon="132.8660561111111">
<ele>8</ele>
</trkpt>
<trkpt lat="32.977241944444444" lon="132.86621805555555">
<ele>8</ele>
</trkpt>
<trkpt lat="32.977466944444444" lon="132.86646805555554">
<ele>8</ele>
</trkpt>
<trkpt lat="32.97779194444445" lon="132.8668311111111">
<ele>8</ele>
</trkpt>
<trkpt lat="32.97819194444445" lon="132.86723111111112">
<ele>8</ele>
</trkpt>
<trkpt lat="32.978375" lon="132.86745611111112">
<ele>8</ele>
</trkpt>
<trkpt lat="32.97848388888889" lon="132.86761805555557">
<ele>9</ele>
</trkpt>
<trkpt lat="32.978625" lon="132.86789305555556">
<ele>9</ele>
</trkpt>
<trkpt lat="32.97865888888889" lon="132.8680811111111">
<ele>9</ele>
</trkpt>
<trkpt lat="32.97865888888889" lon="132.86849305555555">
<ele>9</ele>
</trkpt>
<trkpt lat="32.978566944444445" lon="132.86959305555555">
<ele>9</ele>
</trkpt>
<trkpt lat="32.978566944444445" lon="132.87020611111112">
<ele>9</ele>
</trkpt>
<trkpt lat="32.97860111111111" lon="132.87051805555555">
<ele>9</ele>
</trkpt>
<trkpt lat="32.97865888888889" lon="132.8708061111111">
<ele>9</ele>
</trkpt>
<trkpt lat="32.97873388888889" lon="132.87108111111112">
<ele>9</ele>
</trkpt>
<trkpt lat="32.97890888888889" lon="132.87156805555554">
<ele>9</ele>
</trkpt>
<trkpt lat="32.979241944444446" lon="132.87246805555554">
<ele>8</ele>
</trkpt>
<trkpt lat="32.979351111111114" lon="132.8727311111111">
<ele>9</ele>
</trkpt>
<trkpt lat="32.97950111111111" lon="132.87294305555557">
<ele>9</ele>
</trkpt>
<trkpt lat="32.979816944444444" lon="132.8732811111111">
<ele>8</ele>
</trkpt>
<trkpt lat="32.98007611111111" lon="132.87349305555554">
<ele>8</ele>
</trkpt>
<trkpt lat="32.980758888888886" lon="132.87406805555557">
<ele>9</ele>
</trkpt>
<trkpt lat="32.98095111111111" lon="132.874305">
<ele>9</ele>
</trkpt>
<trkpt lat="32.98107611111111" lon="132.87469305555555">
<ele>9</ele>
</trkpt>
<trkpt lat="32.981116944444445" lon="132.87503">
<ele>8</ele>
</trkpt>
<trkpt lat="32.981116944444445" lon="132.875455">
<ele>8</ele>
</trkpt>
<trkpt lat="32.98110111111111" lon="132.87568">
<ele>8</ele>
</trkpt>
<trkpt lat="32.98108388888889" lon="132.87584305555555">
<ele>8</ele>
</trkpt>
<trkpt lat="32.98100888888889" lon="132.87636805555556">
<ele>9</ele>
</trkpt>
<trkpt lat="32.980851111111114" lon="132.876855">
<ele>9</ele>
</trkpt>
<trkpt lat="32.98073388888889" lon="132.87726805555556">
<ele>9</ele>
</trkpt>
<trkpt lat="32.980666944444444" lon="132.87746805555557">
<ele>9</ele>
</trkpt>
<trkpt lat="32.98061694444444" lon="132.87756805555554">
<ele>9</ele>
</trkpt>
<trkpt lat="32.98050888888889" lon="132.87778">
<ele>9</ele>
</trkpt>
<trkpt lat="32.98022611111111" lon="132.87828">
<ele>9</ele>
</trkpt>
<trkpt lat="32.97995888888889" lon="132.87874305555556">
<ele>8</ele>
</trkpt>
<trkpt lat="32.97960888888889" lon="132.87939194444445">
<ele>9</ele>
</trkpt>
<trkpt lat="32.97947611111111" lon="132.87966805555556">
<ele>9</ele>
</trkpt>
<trkpt lat="32.97937611111111" lon="132.87991805555555">
<ele>9</ele>
</trkpt>
<trkpt lat="32.97935888888889" lon="132.87996694444445">
<ele>9</ele>
</trkpt>
<trkpt lat="32.97929194444445" lon="132.88018">
<ele>9</ele>
</trkpt>
<trkpt lat="32.97918388888889" lon="132.88051694444445">
<ele>8</ele>
</trkpt>
<trkpt lat="32.97911805555555" lon="132.88078">
<ele>8</ele>
</trkpt>
<trkpt lat="32.97904305555556" lon="132.881255">
<ele>9</ele>
</trkpt>
<trkpt lat="32.97901805555556" lon="132.88148">
<ele>9</ele>
</trkpt>
<trkpt lat="32.978966944444444" lon="132.88196805555555">
<ele>9</ele>
</trkpt>
<trkpt lat="32.97894194444444" lon="132.882155">
<ele>9</ele>
</trkpt>
<trkpt lat="32.97886694444445" lon="132.88271805555556">
<ele>9</ele>
</trkpt>
<trkpt lat="32.97880888888889" lon="132.883105">
<ele>9</ele>
</trkpt>
<trkpt lat="32.97878388888889" lon="132.883255">
<ele>9</ele>
</trkpt>
<trkpt lat="32.97866805555555" lon="132.88363">
<ele>9</ele>
</trkpt>
<trkpt lat="32.97865888888889" lon="132.883655">
<ele>9</ele>
</trkpt>
<trkpt lat="32.978408888888886" lon="132.88414194444445">
<ele>9</ele>
</trkpt>
<trkpt lat="32.97815888888889" lon="132.88456694444446">
<ele>9</ele>
</trkpt>
<trkpt lat="32.97801805555556" lon="132.88481694444445">
<ele>9</ele>
</trkpt>
<trkpt lat="32.977943055555556" lon="132.88496694444444">
<ele>9</ele>
</trkpt>
<trkpt lat="32.97787611111111" lon="132.88514194444446">
<ele>9</ele>
</trkpt>
<trkpt lat="32.97780888888889" lon="132.88538">
<ele>9</ele>
</trkpt>
<trkpt lat="32.97775111111111" lon="132.88566694444444">
<ele>9</ele>
</trkpt>
<trkpt lat="32.97770111111111" lon="132.88598">
<ele>9</ele>
</trkpt>
<trkpt lat="32.977626111111114" lon="132.88649194444446">
<ele>9</ele>
</trkpt>
<trkpt lat="32.97761805555555" lon="132.886555">
<ele>9</ele>
</trkpt>
<trkpt lat="32.97757611111111" lon="132.88699194444445">
<ele>9</ele>
</trkpt>
<trkpt lat="32.97757611111111" lon="132.88724194444444">
<ele>9</ele>
</trkpt>
<trkpt lat="32.97760111111111" lon="132.88749194444443">
<ele>9</ele>
</trkpt>
<trkpt lat="32.97765888888889" lon="132.88771694444443">
<ele>9</ele>
</trkpt>
<trkpt lat="32.977718055555556" lon="132.88786694444445">
<ele>9</ele>
</trkpt>
<trkpt lat="32.97788388888889" lon="132.888305">
<ele>9</ele>
</trkpt>
<trkpt lat="32.97810111111111" lon="132.88889194444445">
<ele>9</ele>
</trkpt>
<trkpt lat="32.978118055555555" lon="132.8889288888889">
<ele>9</ele>
</trkpt>
<trkpt lat="32.97813388888889" lon="132.88900388888888">
<ele>9</ele>
</trkpt>
<trkpt lat="32.97815888888889" lon="132.88919194444443">
<ele>9</ele>
</trkpt>
<trkpt lat="32.97812611111111" lon="132.88936694444445">
<ele>9</ele>
</trkpt>
<trkpt lat="32.977918055555556" lon="132.8901788888889">
<ele>8</ele>
</trkpt>
<trkpt lat="32.97767611111111" lon="132.89115388888888">
<ele>8</ele>
</trkpt>
<trkpt lat="32.977626111111114" lon="132.89139194444445">
<ele>8</ele>
</trkpt>
<trkpt lat="32.977468055555555" lon="132.89207888888888">
<ele>9</ele>
</trkpt>
<trkpt lat="32.977401111111114" lon="132.89231694444445">
<ele>8</ele>
</trkpt>
<trkpt lat="32.97735888888889" lon="132.89244194444444">
<ele>8</ele>
</trkpt>
<trkpt lat="32.97721" lon="132.89261694444446">
<ele>8</ele>
</trkpt>
<trkpt lat="32.977001111111115" lon="132.89275388888888">
<ele>9</ele>
</trkpt>
<trkpt lat="32.976793055555554" lon="132.89286694444445">
<ele>9</ele>
</trkpt>
<trkpt lat="32.97669305555556" lon="132.89295388888888">
<ele>9</ele>
</trkpt>
<trkpt lat="32.976585" lon="132.89307888888888">
<ele>9</ele>
</trkpt>
<trkpt lat="32.976443055555556" lon="132.89331694444445">
<ele>9</ele>
</trkpt>
<trkpt lat="32.976418055555555" lon="132.89339194444443">
<ele>9</ele>
</trkpt>
<trkpt lat="32.976235" lon="132.89386694444445">
<ele>8</ele>
</trkpt>
<trkpt lat="32.975985" lon="132.89452888888889">
<ele>9</ele>
</trkpt>
<trkpt lat="32.97595111111111" lon="132.89464194444443">
<ele>9</ele>
</trkpt>
<trkpt lat="32.97591" lon="132.8948038888889">
<ele>9</ele>
</trkpt>
<trkpt lat="32.97591805555555" lon="132.89490388888888">
<ele>9</ele>
</trkpt>
<trkpt lat="32.975968055555555" lon="132.89500388888888">
<ele>9</ele>
</trkpt>
<trkpt lat="32.97642611111111" lon="132.8954288888889">
<ele>9</ele>
</trkpt>
<trkpt lat="32.97660111111111" lon="132.8956538888889">
<ele>9</ele>
</trkpt>
<trkpt lat="32.97666" lon="132.89579194444445">
<ele>8</ele>
</trkpt>
<trkpt lat="32.97670111111111" lon="132.89594194444444">
<ele>8</ele>
</trkpt>
<trkpt lat="32.97681" lon="132.8963288888889">
<ele>8</ele>
</trkpt>
<trkpt lat="32.97690111111111" lon="132.89671694444445">
<ele>8</ele>
</trkpt>
<trkpt lat="32.977018055555554" lon="132.89699194444444">
<ele>9</ele>
</trkpt>
<trkpt lat="32.97709305555556" lon="132.8970788888889">
<ele>8</ele>
</trkpt>
<trkpt lat="32.97716805555556" lon="132.89714111111113">
<ele>8</ele>
</trkpt>
<trkpt lat="32.977285" lon="132.8971911111111">
<ele>8</ele>
</trkpt>
<trkpt lat="32.97779305555556" lon="132.89726611111112">
<ele>7</ele>
</trkpt>
<trkpt lat="32.97837611111111" lon="132.8973538888889">
<ele>7</ele>
</trkpt>
<trkpt lat="32.97865888888889" lon="132.8974288888889">
<ele>8</ele>
</trkpt>
<trkpt lat="32.978743055555555" lon="132.8974661111111">
<ele>9</ele>
</trkpt>
<trkpt lat="32.97890888888889" lon="132.8975411111111">
<ele>9</ele>
</trkpt>
<trkpt lat="32.979168055555554" lon="132.8976538888889">
<ele>9</ele>
</trkpt>
<trkpt lat="32.97933388888889" lon="132.89772888888888">
<ele>9</ele>
</trkpt>
<trkpt lat="32.979351111111114" lon="132.89772888888888">
<ele>9</ele>
</trkpt>
<trkpt lat="32.97954305555555" lon="132.89782888888888">
<ele>9</ele>
</trkpt>
<trkpt lat="32.979643055555556" lon="132.8978788888889">
<ele>9</ele>
</trkpt>
<trkpt lat="32.97980888888889" lon="132.8980161111111">
<ele>8</ele>
</trkpt>
<trkpt lat="32.97987611111111" lon="132.89807888888888">
<ele>8</ele>
</trkpt>
<trkpt lat="32.98000888888889" lon="132.8982538888889">
<ele>8</ele>
</trkpt>
<trkpt lat="32.98011805555556" lon="132.8984288888889">
<ele>8</ele>
</trkpt>
<trkpt lat="32.98015888888889" lon="132.89850388888888">
<ele>9</ele>
</trkpt>
<trkpt lat="32.98023388888889" lon="132.89864111111112">
<ele>9</ele>
</trkpt>
<trkpt lat="32.98032611111111" lon="132.8988911111111">
<ele>9</ele>
</trkpt>
<trkpt lat="32.98034305555556" lon="132.8989288888889">
<ele>9</ele>
</trkpt>
<trkpt lat="32.98039305555555" lon="132.8991411111111">
<ele>9</ele>
</trkpt>
<trkpt lat="32.980426111111115" lon="132.89942888888888">
<ele>9</ele>
</trkpt>
<trkpt lat="32.980426111111115" lon="132.89954111111112">
<ele>9</ele>
</trkpt>
<trkpt lat="32.98043194444445" lon="132.89965194444446">
<ele>9</ele>
</trkpt>
<trkpt lat="32.98043194444445" lon="132.89965194444446">
<ele>9</ele>
</trkpt>
<trkpt lat="32.980443055555554" lon="132.89985388888888">
<ele>8</ele>
</trkpt>
<trkpt lat="32.98045111111111" lon="132.9000538888889">
<ele>8</ele>
</trkpt>
<trkpt lat="32.98047611111111" lon="132.9004911111111">
<ele>9</ele>
</trkpt>
<trkpt lat="32.98047611111111" lon="132.9005161111111">
<ele>9</ele>
</trkpt>
<trkpt lat="32.98050111111111" lon="132.90101611111112">
<ele>9</ele>
</trkpt>
<trkpt lat="32.98051805555556" lon="132.9014161111111">
<ele>9</ele>
</trkpt>
<trkpt lat="32.98051805555556" lon="132.9016038888889">
<ele>9</ele>
</trkpt>
<trkpt lat="32.98050111111111" lon="132.9017538888889">
<ele>9</ele>
</trkpt>
<trkpt lat="32.98050111111111" lon="132.90177888888888">
<ele>8</ele>
</trkpt>
<trkpt lat="32.98041805555555" lon="132.90214111111112">
<ele>8</ele>
</trkpt>
<trkpt lat="32.980293055555556" lon="132.90260388888888">
<ele>9</ele>
</trkpt>
<trkpt lat="32.980268055555555" lon="132.90271611111112">
<ele>9</ele>
</trkpt>
<trkpt lat="32.98022611111111" lon="132.9028911111111">
<ele>9</ele>
</trkpt>
<trkpt lat="32.98020888888889" lon="132.9030161111111">
<ele>9</ele>
</trkpt>
<trkpt lat="32.980201111111114" lon="132.9031911111111">
<ele>8</ele>
</trkpt>
<trkpt lat="32.98020888888889" lon="132.90325305555555">
<ele>8</ele>
</trkpt>
<trkpt lat="32.98022611111111" lon="132.90335305555556">
<ele>9</ele>
</trkpt>
<trkpt lat="32.98025888888889" lon="132.90349111111112">
<ele>9</ele>
</trkpt>
<trkpt lat="32.98034305555556" lon="132.90367805555556">
<ele>9</ele>
</trkpt>
<trkpt lat="32.98048388888889" lon="132.90405305555555">
<ele>9</ele>
</trkpt>
<trkpt lat="32.98052611111111" lon="132.90417805555555">
<ele>8</ele>
</trkpt>
<trkpt lat="32.98070111111111" lon="132.90465305555554">
<ele>8</ele>
</trkpt>
<trkpt lat="32.98078388888889" lon="132.9049161111111">
<ele>8</ele>
</trkpt>
<trkpt lat="32.98084305555555" lon="132.9051411111111">
<ele>8</ele>
</trkpt>
<trkpt lat="32.98088388888889" lon="132.90530305555555">
<ele>8</ele>
</trkpt>
<trkpt lat="32.98094305555556" lon="132.90557805555557">
<ele>8</ele>
</trkpt>
<trkpt lat="32.980983888888886" lon="132.9057911111111">
<ele>8</ele>
</trkpt>
<trkpt lat="32.98122611111111" lon="132.90722805555555">
<ele>9</ele>
</trkpt>
<trkpt lat="32.98124305555555" lon="132.90735305555555">
<ele>9</ele>
</trkpt>
<trkpt lat="32.981276111111114" lon="132.9077661111111">
<ele>9</ele>
</trkpt>
<trkpt lat="32.98128388888889" lon="132.90816611111111">
<ele>8</ele>
</trkpt>
<trkpt lat="32.98128388888889" lon="132.9086411111111">
<ele>9</ele>
</trkpt>
<trkpt lat="32.98125888888889" lon="132.90906611111112">
<ele>9</ele>
</trkpt>
<trkpt lat="32.98121805555556" lon="132.90945305555556">
<ele>9</ele>
</trkpt>
<trkpt lat="32.98097611111111" lon="132.91129">
<ele>8</ele>
</trkpt>
<trkpt lat="32.980718055555556" lon="132.91335305555555">
<ele>9</ele>
</trkpt>
<trkpt lat="32.980668055555554" lon="132.91375305555556">
<ele>9</ele>
</trkpt>
<trkpt lat="32.98060111111111" lon="132.914315">
<ele>9</ele>
</trkpt>
<trkpt lat="32.98050111111111" lon="132.915015">
<ele>9</ele>
</trkpt>
<trkpt lat="32.98032611111111" lon="132.91534">
<ele>8</ele>
</trkpt>
<trkpt lat="32.98016805555555" lon="132.915615">
<ele>8</ele>
</trkpt>
<trkpt lat="32.98012611111111" lon="132.915665">
<ele>8</ele>
</trkpt>
<trkpt lat="32.97949305555556" lon="132.916465">
<ele>7</ele>
</trkpt>
<trkpt lat="32.979435" lon="132.91655194444445">
<ele>7</ele>
</trkpt>
<trkpt lat="32.97937611111111" lon="132.91664">
<ele>7</ele>
</trkpt>
<trkpt lat="32.97924305555556" lon="132.91689">
<ele>7</ele>
</trkpt>
<trkpt lat="32.97916" lon="132.91712694444445">
<ele>7</ele>
</trkpt>
<trkpt lat="32.97911" lon="132.917315">
<ele>7</ele>
</trkpt>
<trkpt lat="32.97907611111111" lon="132.91749">
<ele>7</ele>
</trkpt>
<trkpt lat="32.97905111111111" lon="132.917665">
<ele>7</ele>
</trkpt>
<trkpt lat="32.97906" lon="132.91935194444446">
<ele>9</ele>
</trkpt>
<trkpt lat="32.979085" lon="132.919665">
<ele>9</ele>
</trkpt>
<trkpt lat="32.97910111111111" lon="132.91982694444445">
<ele>9</ele>
</trkpt>
<trkpt lat="32.979143055555554" lon="132.92027694444445">
<ele>9</ele>
</trkpt>
<trkpt lat="32.979168055555554" lon="132.9204138888889">
<ele>9</ele>
</trkpt>
<trkpt lat="32.979235" lon="132.92083888888888">
<ele>9</ele>
</trkpt>
<trkpt lat="32.979335" lon="132.9212138888889">
<ele>9</ele>
</trkpt>
<trkpt lat="32.97951805555556" lon="132.92185194444446">
<ele>9</ele>
</trkpt>
<trkpt lat="32.979593055555554" lon="132.9221388888889">
<ele>9</ele>
</trkpt>
<trkpt lat="32.97965111111111" lon="132.9223388888889">
<ele>9</ele>
</trkpt>
<trkpt lat="32.97975111111111" lon="132.92275194444446">
<ele>9</ele>
</trkpt>
<trkpt lat="32.979818055555555" lon="132.92311388888888">
<ele>9</ele>
</trkpt>
<trkpt lat="32.97987611111111" lon="132.92352694444443">
<ele>9</ele>
</trkpt>
<trkpt lat="32.97991" lon="132.92382694444444">
<ele>9</ele>
</trkpt>
<trkpt lat="32.97991805555556" lon="132.92427694444444">
<ele>9</ele>
</trkpt>
<trkpt lat="32.97991805555556" lon="132.92507694444444">
<ele>8</ele>
</trkpt>
<trkpt lat="32.97991" lon="132.92561388888888">
<ele>8</ele>
</trkpt>
<trkpt lat="32.97989305555556" lon="132.9265761111111">
<ele>8</ele>
</trkpt>
<trkpt lat="32.979935" lon="132.9269261111111">
<ele>8</ele>
</trkpt>
<trkpt lat="32.979985" lon="132.9272261111111">
<ele>8</ele>
</trkpt>
<trkpt lat="32.980043055555555" lon="132.9274511111111">
<ele>8</ele>
</trkpt>
<trkpt lat="32.98011" lon="132.92762611111112">
<ele>7</ele>
</trkpt>
<trkpt lat="32.98025111111111" lon="132.9279388888889">
<ele>7</ele>
</trkpt>
<trkpt lat="32.98034305555556" lon="132.9281388888889">
<ele>7</ele>
</trkpt>
<trkpt lat="32.98101805555556" lon="132.92935111111112">
<ele>5</ele>
</trkpt>
<trkpt lat="32.98256" lon="132.93223805555556">
<ele>5</ele>
</trkpt>
<trkpt lat="32.98336805555556" lon="132.9337011111111">
<ele>9</ele>
</trkpt>
<trkpt lat="32.98360888888889" lon="132.93416305555556">
<ele>11</ele>
</trkpt>
<trkpt lat="32.983693055555555" lon="132.9343511111111">
<ele>12</ele>
</trkpt>
<trkpt lat="32.98376805555556" lon="132.9346011111111">
<ele>10</ele>
</trkpt>
<trkpt lat="32.98380111111111" lon="132.93476305555555">
<ele>12</ele>
</trkpt>
<trkpt lat="32.98381805555555" lon="132.93491305555557">
<ele>13</ele>
</trkpt>
<trkpt lat="32.98380888888889" lon="132.93523805555554">
<ele>15</ele>
</trkpt>
<trkpt lat="32.98378388888889" lon="132.93533805555555">
<ele>15</ele>
</trkpt>
<trkpt lat="32.983693055555555" lon="132.93566305555555">
<ele>13</ele>
</trkpt>
<trkpt lat="32.98355111111111" lon="132.9359511111111">
<ele>12</ele>
</trkpt>
<trkpt lat="32.98336805555556" lon="132.9362761111111">
<ele>13</ele>
</trkpt>
<trkpt lat="32.983135" lon="132.93663805555556">
<ele>11</ele>
</trkpt>
<trkpt lat="32.98296805555555" lon="132.93692611111112">
<ele>15</ele>
</trkpt>
<trkpt lat="32.982568055555554" lon="132.9375261111111">
<ele>20</ele>
</trkpt>
<trkpt lat="32.98242611111111" lon="132.93778805555556">
<ele>15</ele>
</trkpt>
<trkpt lat="32.98231" lon="132.93801305555556">
<ele>12</ele>
</trkpt>
<trkpt lat="32.982168055555555" lon="132.93828805555555">
<ele>16</ele>
</trkpt>
<trkpt lat="32.98211805555555" lon="132.93838805555555">
<ele>18</ele>
</trkpt>
<trkpt lat="32.98206805555556" lon="132.93848805555555">
<ele>20</ele>
</trkpt>
<trkpt lat="32.98181805555556" lon="132.93908805555554">
<ele>20</ele>
</trkpt>
<trkpt lat="32.98167611111111" lon="132.93953805555554">
<ele>19</ele>
</trkpt>
<trkpt lat="32.981543055555555" lon="132.93993805555556">
<ele>19</ele>
</trkpt>
<trkpt lat="32.981518055555554" lon="132.93998805555555">
<ele>19</ele>
</trkpt>
<trkpt lat="32.98126805555555" lon="132.940725">
<ele>14</ele>
</trkpt>
<trkpt lat="32.98115111111111" lon="132.94105">
<ele>15</ele>
</trkpt>
<trkpt lat="32.98094305555556" lon="132.941725">
<ele>9</ele>
</trkpt>
<trkpt lat="32.98087694444445" lon="132.942125">
<ele>9</ele>
</trkpt>
<trkpt lat="32.980868055555554" lon="132.94235">
<ele>9</ele>
</trkpt>
<trkpt lat="32.98087694444445" lon="132.94255">
<ele>9</ele>
</trkpt>
<trkpt lat="32.98090194444445" lon="132.94276305555556">
<ele>9</ele>
</trkpt>
<trkpt lat="32.98097694444444" lon="132.943">
<ele>8</ele>
</trkpt>
<trkpt lat="32.98104305555555" lon="132.94316194444446">
<ele>8</ele>
</trkpt>
<trkpt lat="32.981226944444444" lon="132.94351305555554">
<ele>7</ele>
</trkpt>
<trkpt lat="32.98131" lon="132.94365">
<ele>7</ele>
</trkpt>
<trkpt lat="32.981543055555555" lon="132.94405">
<ele>7</ele>
</trkpt>
<trkpt lat="32.981885" lon="132.94456194444444">
<ele>6</ele>
</trkpt>
<trkpt lat="32.981718055555554" lon="132.94468694444444">
<ele>6</ele>
</trkpt>
<trkpt lat="32.981451944444444" lon="132.945025">
<ele>7</ele>
</trkpt>
<trkpt lat="32.98113" lon="132.94547694444444">
<ele>7</ele>
</trkpt>
    </trkseg>
  </trk>
</gpx>