<?xml version="1.0" encoding="UTF-8"?>
<gpx version="1.1"
     creator="KMLtoGPX"
     xmlns="http://www.topografix.com/GPX/1/1">
  <metadata>
    <name>Hashi Ling Long (around the peninsula)</name>
    <desc>はしリンロング（半島一周）</desc>
    <bounds minlat="34.57883861111111" minlon="137.0161077777778" maxlat="34.71314916666667" maxlon="137.33964444444445"/>
  </metadata>
  <trk>
    <name>Hashi Ling Long (around the peninsula)</name>
    <trkseg>
<trkpt lat="34.6668225" lon="137.1894275">
<ele>10</ele>
</trkpt>
<trkpt lat="34.6668525" lon="137.1893175">
<ele>11</ele>
</trkpt>
<trkpt lat="34.6668825" lon="137.1892075">
<ele>12</ele>
</trkpt>
<trkpt lat="34.6669125" lon="137.1890975">
<ele>12</ele>
</trkpt>
<trkpt lat="34.6669425" lon="137.1889875">
<ele>13</ele>
</trkpt>
<trkpt lat="34.6669725" lon="137.1888775">
<ele>12</ele>
</trkpt>
<trkpt lat="34.66700222222222" lon="137.1887675">
<ele>11</ele>
</trkpt>
<trkpt lat="34.667032222222225" lon="137.1886577777778">
<ele>12</ele>
</trkpt>
<trkpt lat="34.66706222222222" lon="137.18854777777779">
<ele>12</ele>
</trkpt>
<trkpt lat="34.66709222222222" lon="137.18843777777778">
<ele>12</ele>
</trkpt>
<trkpt lat="34.667122222222226" lon="137.18832777777777">
<ele>12</ele>
</trkpt>
<trkpt lat="34.66715222222222" lon="137.18821777777777">
<ele>13</ele>
</trkpt>
<trkpt lat="34.66718222222222" lon="137.1881077777778">
<ele>13</ele>
</trkpt>
<trkpt lat="34.667211944444446" lon="137.18799777777778">
<ele>13</ele>
</trkpt>
<trkpt lat="34.66724194444444" lon="137.18788777777777">
<ele>12</ele>
</trkpt>
<trkpt lat="34.667271944444444" lon="137.18777777777777">
<ele>12</ele>
</trkpt>
<trkpt lat="34.667301944444446" lon="137.1876677777778">
<ele>13</ele>
</trkpt>
<trkpt lat="34.66733194444444" lon="137.18755805555554">
<ele>12</ele>
</trkpt>
<trkpt lat="34.667361944444444" lon="137.18744805555556">
<ele>10</ele>
</trkpt>
<trkpt lat="34.66739166666667" lon="137.18733805555556">
<ele>11</ele>
</trkpt>
<trkpt lat="34.66739166666667" lon="137.18733805555556">
<ele>11</ele>
</trkpt>
<trkpt lat="34.66739166666667" lon="137.18728222222222">
<ele>11</ele>
</trkpt>
<trkpt lat="34.66739166666667" lon="137.1872261111111">
<ele>11</ele>
</trkpt>
<trkpt lat="34.66739166666667" lon="137.18717027777777">
<ele>13</ele>
</trkpt>
<trkpt lat="34.66739166666667" lon="137.18711444444443">
<ele>13</ele>
</trkpt>
<trkpt lat="34.66739166666667" lon="137.1870586111111">
<ele>15</ele>
</trkpt>
<trkpt lat="34.66739166666667" lon="137.1870025">
<ele>15</ele>
</trkpt>
<trkpt lat="34.66739166666667" lon="137.18694666666667">
<ele>16</ele>
</trkpt>
<trkpt lat="34.66739166666667" lon="137.18689083333334">
<ele>16</ele>
</trkpt>
<trkpt lat="34.66739166666667" lon="137.186835">
<ele>16</ele>
</trkpt>
<trkpt lat="34.66739166666667" lon="137.18677888888888">
<ele>16</ele>
</trkpt>
<trkpt lat="34.66739166666667" lon="137.18672305555555">
<ele>17</ele>
</trkpt>
<trkpt lat="34.66739166666667" lon="137.1866672222222">
<ele>17</ele>
</trkpt>
<trkpt lat="34.66739166666667" lon="137.18661138888888">
<ele>18</ele>
</trkpt>
<trkpt lat="34.66739166666667" lon="137.18655527777779">
<ele>18</ele>
</trkpt>
<trkpt lat="34.66739166666667" lon="137.18649944444445">
<ele>18</ele>
</trkpt>
<trkpt lat="34.66739166666667" lon="137.18644361111112">
<ele>18</ele>
</trkpt>
<trkpt lat="34.66739166666667" lon="137.18638777777778">
<ele>18</ele>
</trkpt>
<trkpt lat="34.66739166666667" lon="137.18633166666666">
<ele>18</ele>
</trkpt>
<trkpt lat="34.66739166666667" lon="137.18627583333333">
<ele>18</ele>
</trkpt>
<trkpt lat="34.66739166666667" lon="137.18627583333333">
<ele>18</ele>
</trkpt>
<trkpt lat="34.66737361111111" lon="137.18622055555556">
<ele>18</ele>
</trkpt>
<trkpt lat="34.66735555555555" lon="137.18616527777777">
<ele>17</ele>
</trkpt>
<trkpt lat="34.6673375" lon="137.18610972222223">
<ele>18</ele>
</trkpt>
<trkpt lat="34.667319444444445" lon="137.18605444444444">
<ele>17</ele>
</trkpt>
<trkpt lat="34.66730111111111" lon="137.18599916666668">
<ele>17</ele>
</trkpt>
<trkpt lat="34.66728305555556" lon="137.1859438888889">
<ele>17</ele>
</trkpt>
<trkpt lat="34.667265" lon="137.18588861111112">
<ele>17</ele>
</trkpt>
<trkpt lat="34.66724694444444" lon="137.18583305555555">
<ele>17</ele>
</trkpt>
<trkpt lat="34.667228888888886" lon="137.1857777777778">
<ele>17</ele>
</trkpt>
<trkpt lat="34.667210555555556" lon="137.1857225">
<ele>17</ele>
</trkpt>
<trkpt lat="34.6671925" lon="137.18566722222224">
<ele>16</ele>
</trkpt>
<trkpt lat="34.66717444444444" lon="137.18561166666666">
<ele>16</ele>
</trkpt>
<trkpt lat="34.66715638888889" lon="137.1855563888889">
<ele>15</ele>
</trkpt>
<trkpt lat="34.667138333333334" lon="137.1855011111111">
<ele>15</ele>
</trkpt>
<trkpt lat="34.66712" lon="137.18544583333335">
<ele>15</ele>
</trkpt>
<trkpt lat="34.66710194444445" lon="137.18539055555556">
<ele>15</ele>
</trkpt>
<trkpt lat="34.66708388888889" lon="137.185335">
<ele>14</ele>
</trkpt>
<trkpt lat="34.66706583333333" lon="137.18527972222222">
<ele>14</ele>
</trkpt>
<trkpt lat="34.6670475" lon="137.18522444444446">
<ele>14</ele>
</trkpt>
<trkpt lat="34.6670475" lon="137.18522444444446">
<ele>14</ele>
</trkpt>
<trkpt lat="34.6670475" lon="137.18522444444446">
<ele>14</ele>
</trkpt>
<trkpt lat="34.66686138888889" lon="137.18501388888888">
<ele>15</ele>
</trkpt>
<trkpt lat="34.66667527777778" lon="137.18480333333332">
<ele>14</ele>
</trkpt>
<trkpt lat="34.666488888888885" lon="137.18459277777777">
<ele>15</ele>
</trkpt>
<trkpt lat="34.66630277777778" lon="137.1843822222222">
<ele>15</ele>
</trkpt>
<trkpt lat="34.66611638888889" lon="137.18417166666666">
<ele>14</ele>
</trkpt>
<trkpt lat="34.665930277777775" lon="137.1839611111111">
<ele>15</ele>
</trkpt>
<trkpt lat="34.66574388888889" lon="137.18375055555555">
<ele>14</ele>
</trkpt>
<trkpt lat="34.66555777777778" lon="137.18354">
<ele>13</ele>
</trkpt>
<trkpt lat="34.665371388888886" lon="137.18332944444444">
<ele>13</ele>
</trkpt>
<trkpt lat="34.66518527777778" lon="137.18311888888888">
<ele>15</ele>
</trkpt>
<trkpt lat="34.66499888888889" lon="137.18290833333333">
<ele>15</ele>
</trkpt>
<trkpt lat="34.664812777777776" lon="137.18269777777778">
<ele>14</ele>
</trkpt>
<trkpt lat="34.66462638888889" lon="137.18248722222222">
<ele>14</ele>
</trkpt>
<trkpt lat="34.66444027777778" lon="137.18227666666667">
<ele>14</ele>
</trkpt>
<trkpt lat="34.664254166666666" lon="137.1820661111111">
<ele>13</ele>
</trkpt>
<trkpt lat="34.66406777777778" lon="137.18185555555556">
<ele>13</ele>
</trkpt>
<trkpt lat="34.66388166666667" lon="137.18164472222222">
<ele>14</ele>
</trkpt>
<trkpt lat="34.66369527777778" lon="137.18143416666666">
<ele>13</ele>
</trkpt>
<trkpt lat="34.663509166666664" lon="137.1812236111111">
<ele>14</ele>
</trkpt>
<trkpt lat="34.663509166666664" lon="137.1812236111111">
<ele>14</ele>
</trkpt>
<trkpt lat="34.663509166666664" lon="137.1812236111111">
<ele>14</ele>
</trkpt>
<trkpt lat="34.66331666666667" lon="137.18105777777777">
<ele>14</ele>
</trkpt>
<trkpt lat="34.66312444444444" lon="137.18089166666667">
<ele>14</ele>
</trkpt>
<trkpt lat="34.662932222222224" lon="137.18072555555557">
<ele>14</ele>
</trkpt>
<trkpt lat="34.66274" lon="137.18055972222223">
<ele>14</ele>
</trkpt>
<trkpt lat="34.662547777777775" lon="137.1803936111111">
<ele>16</ele>
</trkpt>
<trkpt lat="34.66235527777778" lon="137.1802277777778">
<ele>16</ele>
</trkpt>
<trkpt lat="34.66216305555555" lon="137.18006166666666">
<ele>16</ele>
</trkpt>
<trkpt lat="34.661970833333335" lon="137.17989555555556">
<ele>16</ele>
</trkpt>
<trkpt lat="34.66177861111111" lon="137.17972972222222">
<ele>15</ele>
</trkpt>
<trkpt lat="34.66158611111111" lon="137.17956361111112">
<ele>9</ele>
</trkpt>
<trkpt lat="34.66139388888889" lon="137.1793975">
<ele>7</ele>
</trkpt>
<trkpt lat="34.66120166666666" lon="137.17923166666668">
<ele>6</ele>
</trkpt>
<trkpt lat="34.661009444444446" lon="137.17906555555555">
<ele>8</ele>
</trkpt>
<trkpt lat="34.66081694444444" lon="137.17889944444445">
<ele>6</ele>
</trkpt>
<trkpt lat="34.660624722222224" lon="137.1787336111111">
<ele>8</ele>
</trkpt>
<trkpt lat="34.6604325" lon="137.1785675">
<ele>7</ele>
</trkpt>
<trkpt lat="34.66024027777778" lon="137.1784013888889">
<ele>8</ele>
</trkpt>
<trkpt lat="34.660048055555556" lon="137.17823555555555">
<ele>7</ele>
</trkpt>
<trkpt lat="34.65985555555555" lon="137.17806944444445">
<ele>7</ele>
</trkpt>
<trkpt lat="34.65985555555555" lon="137.17806944444445">
<ele>7</ele>
</trkpt>
<trkpt lat="34.65982666666667" lon="137.17802777777777">
<ele>7</ele>
</trkpt>
<trkpt lat="34.659797777777776" lon="137.17798583333334">
<ele>7</ele>
</trkpt>
<trkpt lat="34.65976888888889" lon="137.17794416666666">
<ele>7</ele>
</trkpt>
<trkpt lat="34.65973972222222" lon="137.1779025">
<ele>7</ele>
</trkpt>
<trkpt lat="34.659710833333335" lon="137.17786055555555">
<ele>7</ele>
</trkpt>
<trkpt lat="34.65968194444444" lon="137.17781888888888">
<ele>7</ele>
</trkpt>
<trkpt lat="34.65965305555556" lon="137.17777694444445">
<ele>7</ele>
</trkpt>
<trkpt lat="34.65962416666667" lon="137.17773527777777">
<ele>7</ele>
</trkpt>
<trkpt lat="34.659595277777775" lon="137.17769361111112">
<ele>7</ele>
</trkpt>
<trkpt lat="34.6595925" lon="137.17768944444444">
<ele>6</ele>
</trkpt>
<trkpt lat="34.6595925" lon="137.17768944444444">
<ele>6</ele>
</trkpt>
<trkpt lat="34.65956972222222" lon="137.1776425">
<ele>6</ele>
</trkpt>
<trkpt lat="34.65954694444444" lon="137.17759527777778">
<ele>6</ele>
</trkpt>
<trkpt lat="34.659524166666664" lon="137.17754805555555">
<ele>6</ele>
</trkpt>
<trkpt lat="34.659501666666664" lon="137.1775011111111">
<ele>6</ele>
</trkpt>
<trkpt lat="34.65947888888889" lon="137.1774538888889">
<ele>6</ele>
</trkpt>
<trkpt lat="34.65945611111111" lon="137.17740694444444">
<ele>6</ele>
</trkpt>
<trkpt lat="34.65943333333333" lon="137.17735972222223">
<ele>6</ele>
</trkpt>
<trkpt lat="34.65941083333333" lon="137.1773125">
<ele>6</ele>
</trkpt>
<trkpt lat="34.65938805555555" lon="137.17726555555555">
<ele>5</ele>
</trkpt>
<trkpt lat="34.65936527777778" lon="137.17721833333334">
<ele>5</ele>
</trkpt>
<trkpt lat="34.65934277777778" lon="137.1771713888889">
<ele>5</ele>
</trkpt>
<trkpt lat="34.65932" lon="137.17712416666666">
<ele>5</ele>
</trkpt>
<trkpt lat="34.65929722222222" lon="137.17707694444445">
<ele>5</ele>
</trkpt>
<trkpt lat="34.65927444444444" lon="137.17703">
<ele>5</ele>
</trkpt>
<trkpt lat="34.65925194444444" lon="137.17698277777777">
<ele>5</ele>
</trkpt>
<trkpt lat="34.659237777777776" lon="137.17695361111112">
<ele>5</ele>
</trkpt>
<trkpt lat="34.659237777777776" lon="137.17695361111112">
<ele>5</ele>
</trkpt>
<trkpt lat="34.659219444444446" lon="137.1768361111111">
<ele>5</ele>
</trkpt>
<trkpt lat="34.65920083333334" lon="137.1767186111111">
<ele>6</ele>
</trkpt>
<trkpt lat="34.6591825" lon="137.1766011111111">
<ele>6</ele>
</trkpt>
<trkpt lat="34.65916416666666" lon="137.1764836111111">
<ele>6</ele>
</trkpt>
<trkpt lat="34.659145555555554" lon="137.17636583333334">
<ele>6</ele>
</trkpt>
<trkpt lat="34.659127222222224" lon="137.17624833333332">
<ele>6</ele>
</trkpt>
<trkpt lat="34.65910861111111" lon="137.17613083333333">
<ele>6</ele>
</trkpt>
<trkpt lat="34.65909027777778" lon="137.17601333333334">
<ele>6</ele>
</trkpt>
<trkpt lat="34.65907166666667" lon="137.17589583333333">
<ele>6</ele>
</trkpt>
<trkpt lat="34.65905333333333" lon="137.17577833333334">
<ele>5</ele>
</trkpt>
<trkpt lat="34.65903472222222" lon="137.17566055555557">
<ele>5</ele>
</trkpt>
<trkpt lat="34.65901638888889" lon="137.17554305555555">
<ele>5</ele>
</trkpt>
<trkpt lat="34.65899777777778" lon="137.17542555555556">
<ele>4</ele>
</trkpt>
<trkpt lat="34.65897944444445" lon="137.17530805555555">
<ele>6</ele>
</trkpt>
<trkpt lat="34.65896083333333" lon="137.17519055555556">
<ele>5</ele>
</trkpt>
<trkpt lat="34.6589425" lon="137.17507305555554">
<ele>5</ele>
</trkpt>
<trkpt lat="34.658923888888886" lon="137.17495527777777">
<ele>5</ele>
</trkpt>
<trkpt lat="34.658905555555556" lon="137.17483777777778">
<ele>5</ele>
</trkpt>
<trkpt lat="34.65888722222222" lon="137.17472027777777">
<ele>4</ele>
</trkpt>
<trkpt lat="34.65888722222222" lon="137.17472027777777">
<ele>4</ele>
</trkpt>
<trkpt lat="34.6588725" lon="137.17466861111112">
<ele>6</ele>
</trkpt>
<trkpt lat="34.658858055555555" lon="137.17461694444444">
<ele>5</ele>
</trkpt>
<trkpt lat="34.65884333333333" lon="137.1745652777778">
<ele>5</ele>
</trkpt>
<trkpt lat="34.65882888888889" lon="137.1745136111111">
<ele>5</ele>
</trkpt>
<trkpt lat="34.658814444444445" lon="137.17446194444443">
<ele>5</ele>
</trkpt>
<trkpt lat="34.65879972222222" lon="137.17441027777778">
<ele>4</ele>
</trkpt>
<trkpt lat="34.65878527777778" lon="137.1743586111111">
<ele>4</ele>
</trkpt>
<trkpt lat="34.658770555555556" lon="137.17430694444445">
<ele>5</ele>
</trkpt>
<trkpt lat="34.65875611111111" lon="137.17425527777777">
<ele>5</ele>
</trkpt>
<trkpt lat="34.65874138888889" lon="137.17420361111112">
<ele>5</ele>
</trkpt>
<trkpt lat="34.658726944444446" lon="137.17415194444445">
<ele>5</ele>
</trkpt>
<trkpt lat="34.6587125" lon="137.17410027777777">
<ele>4</ele>
</trkpt>
<trkpt lat="34.658697777777775" lon="137.17404861111112">
<ele>4</ele>
</trkpt>
<trkpt lat="34.65869083333333" lon="137.17402361111112">
<ele>4</ele>
</trkpt>
<trkpt lat="34.65869083333333" lon="137.17402361111112">
<ele>4</ele>
</trkpt>
<trkpt lat="34.65867083333333" lon="137.17397444444444">
<ele>4</ele>
</trkpt>
<trkpt lat="34.65865111111111" lon="137.17392555555554">
<ele>5</ele>
</trkpt>
<trkpt lat="34.65863111111111" lon="137.17387666666667">
<ele>5</ele>
</trkpt>
<trkpt lat="34.658611388888886" lon="137.1738275">
<ele>5</ele>
</trkpt>
<trkpt lat="34.65859138888889" lon="137.17377861111112">
<ele>5</ele>
</trkpt>
<trkpt lat="34.65857166666667" lon="137.17372972222222">
<ele>6</ele>
</trkpt>
<trkpt lat="34.65855194444445" lon="137.17368055555556">
<ele>8</ele>
</trkpt>
<trkpt lat="34.65853194444445" lon="137.17363166666667">
<ele>9</ele>
</trkpt>
<trkpt lat="34.65851222222222" lon="137.1735825">
<ele>9</ele>
</trkpt>
<trkpt lat="34.65849222222222" lon="137.1735336111111">
<ele>8</ele>
</trkpt>
<trkpt lat="34.6584725" lon="137.1734847222222">
<ele>8</ele>
</trkpt>
<trkpt lat="34.6584525" lon="137.17343555555556">
<ele>6</ele>
</trkpt>
<trkpt lat="34.658432777777776" lon="137.17338666666666">
<ele>8</ele>
</trkpt>
<trkpt lat="34.65841277777778" lon="137.1733377777778">
<ele>8</ele>
</trkpt>
<trkpt lat="34.65839944444444" lon="137.1733047222222">
<ele>11</ele>
</trkpt>
<trkpt lat="34.65839944444444" lon="137.1733047222222">
<ele>11</ele>
</trkpt>
<trkpt lat="34.658364444444445" lon="137.17326972222222">
<ele>11</ele>
</trkpt>
<trkpt lat="34.65832972222222" lon="137.17323472222222">
<ele>14</ele>
</trkpt>
<trkpt lat="34.65829472222222" lon="137.17319944444444">
<ele>14</ele>
</trkpt>
<trkpt lat="34.65825972222222" lon="137.17316444444444">
<ele>14</ele>
</trkpt>
<trkpt lat="34.65822472222222" lon="137.17312944444444">
<ele>13</ele>
</trkpt>
<trkpt lat="34.658189722222225" lon="137.17309444444444">
<ele>13</ele>
</trkpt>
<trkpt lat="34.65815472222222" lon="137.17305944444445">
<ele>13</ele>
</trkpt>
<trkpt lat="34.65812" lon="137.17302444444445">
<ele>12</ele>
</trkpt>
<trkpt lat="34.658085" lon="137.17298944444445">
<ele>12</ele>
</trkpt>
<trkpt lat="34.65805" lon="137.17295416666667">
<ele>12</ele>
</trkpt>
<trkpt lat="34.658015" lon="137.17291916666667">
<ele>13</ele>
</trkpt>
<trkpt lat="34.65798" lon="137.17288416666668">
<ele>12</ele>
</trkpt>
<trkpt lat="34.657945" lon="137.17284916666668">
<ele>12</ele>
</trkpt>
<trkpt lat="34.65791027777778" lon="137.17281416666665">
<ele>13</ele>
</trkpt>
<trkpt lat="34.65787527777778" lon="137.17277916666666">
<ele>12</ele>
</trkpt>
<trkpt lat="34.65784027777778" lon="137.1727438888889">
<ele>12</ele>
</trkpt>
<trkpt lat="34.657805277777776" lon="137.17270888888888">
<ele>12</ele>
</trkpt>
<trkpt lat="34.65777027777778" lon="137.17267388888888">
<ele>12</ele>
</trkpt>
<trkpt lat="34.657735555555554" lon="137.17263888888888">
<ele>12</ele>
</trkpt>
<trkpt lat="34.657735555555554" lon="137.17263888888888">
<ele>12</ele>
</trkpt>
<trkpt lat="34.65770194444445" lon="137.17260222222222">
<ele>12</ele>
</trkpt>
<trkpt lat="34.65766861111111" lon="137.17256583333332">
<ele>12</ele>
</trkpt>
<trkpt lat="34.65763527777778" lon="137.17252916666666">
<ele>12</ele>
</trkpt>
<trkpt lat="34.657601944444444" lon="137.1724927777778">
<ele>12</ele>
</trkpt>
<trkpt lat="34.65756861111111" lon="137.1724561111111">
<ele>12</ele>
</trkpt>
<trkpt lat="34.657535277777775" lon="137.17241972222223">
<ele>13</ele>
</trkpt>
<trkpt lat="34.65750194444445" lon="137.17238305555554">
<ele>13</ele>
</trkpt>
<trkpt lat="34.657468333333334" lon="137.17234638888888">
<ele>13</ele>
</trkpt>
<trkpt lat="34.657435" lon="137.17231">
<ele>13</ele>
</trkpt>
<trkpt lat="34.657401666666665" lon="137.17227333333332">
<ele>13</ele>
</trkpt>
<trkpt lat="34.65736833333333" lon="137.17223694444445">
<ele>13</ele>
</trkpt>
<trkpt lat="34.657335" lon="137.1722002777778">
<ele>13</ele>
</trkpt>
<trkpt lat="34.65730166666667" lon="137.1721636111111">
<ele>15</ele>
</trkpt>
<trkpt lat="34.657268333333334" lon="137.17212722222223">
<ele>15</ele>
</trkpt>
<trkpt lat="34.657235" lon="137.17209055555554">
<ele>14</ele>
</trkpt>
<trkpt lat="34.65720805555556" lon="137.1720613888889">
<ele>15</ele>
</trkpt>
<trkpt lat="34.65720805555556" lon="137.1720613888889">
<ele>15</ele>
</trkpt>
<trkpt lat="34.65716944444444" lon="137.17199166666666">
<ele>15</ele>
</trkpt>
<trkpt lat="34.65713111111111" lon="137.17192222222224">
<ele>14</ele>
</trkpt>
<trkpt lat="34.6570925" lon="137.1718527777778">
<ele>14</ele>
</trkpt>
<trkpt lat="34.65705388888889" lon="137.17178333333334">
<ele>14</ele>
</trkpt>
<trkpt lat="34.65701527777778" lon="137.1717136111111">
<ele>14</ele>
</trkpt>
<trkpt lat="34.656976666666665" lon="137.17164416666665">
<ele>14</ele>
</trkpt>
<trkpt lat="34.656938333333336" lon="137.17157472222223">
<ele>14</ele>
</trkpt>
<trkpt lat="34.65689972222222" lon="137.17150527777778">
<ele>14</ele>
</trkpt>
<trkpt lat="34.65686111111111" lon="137.17143555555555">
<ele>15</ele>
</trkpt>
<trkpt lat="34.6568225" lon="137.1713661111111">
<ele>14</ele>
</trkpt>
<trkpt lat="34.65678416666667" lon="137.17129666666668">
<ele>13</ele>
</trkpt>
<trkpt lat="34.65674555555555" lon="137.17122722222223">
<ele>14</ele>
</trkpt>
<trkpt lat="34.656706944444444" lon="137.1711575">
<ele>14</ele>
</trkpt>
<trkpt lat="34.656668333333336" lon="137.17108805555554">
<ele>15</ele>
</trkpt>
<trkpt lat="34.65662972222222" lon="137.17101861111112">
<ele>15</ele>
</trkpt>
<trkpt lat="34.65659138888889" lon="137.17094916666667">
<ele>14</ele>
</trkpt>
<trkpt lat="34.656552777777776" lon="137.17087944444444">
<ele>14</ele>
</trkpt>
<trkpt lat="34.65651416666667" lon="137.17081">
<ele>14</ele>
</trkpt>
<trkpt lat="34.65647555555555" lon="137.17074055555557">
<ele>14</ele>
</trkpt>
<trkpt lat="34.65647555555555" lon="137.17074055555557">
<ele>14</ele>
</trkpt>
<trkpt lat="34.65646805555556" lon="137.17068416666666">
<ele>14</ele>
</trkpt>
<trkpt lat="34.656460277777775" lon="137.17062805555557">
<ele>13</ele>
</trkpt>
<trkpt lat="34.65645277777778" lon="137.17057194444445">
<ele>13</ele>
</trkpt>
<trkpt lat="34.65644527777778" lon="137.17051555555557">
<ele>13</ele>
</trkpt>
<trkpt lat="34.6564375" lon="137.17045944444445">
<ele>14</ele>
</trkpt>
<trkpt lat="34.65643" lon="137.17040333333333">
<ele>14</ele>
</trkpt>
<trkpt lat="34.6564225" lon="137.17034694444445">
<ele>14</ele>
</trkpt>
<trkpt lat="34.65641472222222" lon="137.17029083333333">
<ele>13</ele>
</trkpt>
<trkpt lat="34.65640722222222" lon="137.17023472222223">
<ele>13</ele>
</trkpt>
<trkpt lat="34.656399444444446" lon="137.1701786111111">
<ele>12</ele>
</trkpt>
<trkpt lat="34.656391944444444" lon="137.17012222222223">
<ele>12</ele>
</trkpt>
<trkpt lat="34.65638444444444" lon="137.1700661111111">
<ele>11</ele>
</trkpt>
<trkpt lat="34.65637666666667" lon="137.17001">
<ele>11</ele>
</trkpt>
<trkpt lat="34.656369166666664" lon="137.1699536111111">
<ele>11</ele>
</trkpt>
<trkpt lat="34.65636166666667" lon="137.1698975">
<ele>11</ele>
</trkpt>
<trkpt lat="34.65635388888889" lon="137.1698413888889">
<ele>10</ele>
</trkpt>
<trkpt lat="34.65634638888889" lon="137.169785">
<ele>10</ele>
</trkpt>
<trkpt lat="34.65633861111111" lon="137.1697288888889">
<ele>10</ele>
</trkpt>
<trkpt lat="34.65633111111111" lon="137.16967277777778">
<ele>10</ele>
</trkpt>
<trkpt lat="34.65632361111111" lon="137.1696163888889">
<ele>10</ele>
</trkpt>
<trkpt lat="34.65631583333333" lon="137.16956027777778">
<ele>10</ele>
</trkpt>
<trkpt lat="34.656308333333335" lon="137.16950416666666">
<ele>10</ele>
</trkpt>
<trkpt lat="34.65630055555555" lon="137.16944777777778">
<ele>10</ele>
</trkpt>
<trkpt lat="34.65629305555556" lon="137.16939166666666">
<ele>10</ele>
</trkpt>
<trkpt lat="34.656285555555556" lon="137.16933555555556">
<ele>10</ele>
</trkpt>
<trkpt lat="34.65627777777778" lon="137.16927916666666">
<ele>11</ele>
</trkpt>
<trkpt lat="34.65627027777778" lon="137.16922305555556">
<ele>11</ele>
</trkpt>
<trkpt lat="34.656262777777776" lon="137.16916694444444">
<ele>11</ele>
</trkpt>
<trkpt lat="34.656255" lon="137.16911055555556">
<ele>11</ele>
</trkpt>
<trkpt lat="34.6562475" lon="137.16905444444444">
<ele>11</ele>
</trkpt>
<trkpt lat="34.656239722222224" lon="137.16899833333332">
<ele>11</ele>
</trkpt>
<trkpt lat="34.65623222222222" lon="137.16894194444444">
<ele>11</ele>
</trkpt>
<trkpt lat="34.65622472222222" lon="137.16888583333332">
<ele>11</ele>
</trkpt>
<trkpt lat="34.656216944444445" lon="137.16882972222223">
<ele>12</ele>
</trkpt>
<trkpt lat="34.65620944444444" lon="137.16877333333332">
<ele>12</ele>
</trkpt>
<trkpt lat="34.65620166666667" lon="137.16871722222223">
<ele>12</ele>
</trkpt>
<trkpt lat="34.656194166666666" lon="137.1686611111111">
<ele>12</ele>
</trkpt>
<trkpt lat="34.65618666666666" lon="137.16860472222223">
<ele>12</ele>
</trkpt>
<trkpt lat="34.65618666666666" lon="137.16860472222223">
<ele>12</ele>
</trkpt>
<trkpt lat="34.65618666666666" lon="137.16860472222223">
<ele>12</ele>
</trkpt>
<trkpt lat="34.656170833333334" lon="137.16855388888888">
<ele>12</ele>
</trkpt>
<trkpt lat="34.656155" lon="137.16850277777777">
<ele>12</ele>
</trkpt>
<trkpt lat="34.65613916666667" lon="137.16845166666667">
<ele>12</ele>
</trkpt>
<trkpt lat="34.65612333333333" lon="137.16840055555556">
<ele>12</ele>
</trkpt>
<trkpt lat="34.6561075" lon="137.16834944444443">
<ele>13</ele>
</trkpt>
<trkpt lat="34.65609166666667" lon="137.16829833333333">
<ele>13</ele>
</trkpt>
<trkpt lat="34.65607583333333" lon="137.16824722222222">
<ele>13</ele>
</trkpt>
<trkpt lat="34.65606" lon="137.16819611111111">
<ele>12</ele>
</trkpt>
<trkpt lat="34.65604416666667" lon="137.168145">
<ele>12</ele>
</trkpt>
<trkpt lat="34.65602833333333" lon="137.16809388888888">
<ele>12</ele>
</trkpt>
<trkpt lat="34.6560125" lon="137.16804277777777">
<ele>12</ele>
</trkpt>
<trkpt lat="34.65599666666667" lon="137.16799166666667">
<ele>13</ele>
</trkpt>
<trkpt lat="34.65598083333333" lon="137.16794055555556">
<ele>13</ele>
</trkpt>
<trkpt lat="34.655965" lon="137.16788944444446">
<ele>13</ele>
</trkpt>
<trkpt lat="34.655949166666666" lon="137.16783833333332">
<ele>13</ele>
</trkpt>
<trkpt lat="34.65593361111111" lon="137.16778722222222">
<ele>13</ele>
</trkpt>
<trkpt lat="34.65591777777778" lon="137.1677361111111">
<ele>12</ele>
</trkpt>
<trkpt lat="34.655901944444444" lon="137.167685">
<ele>12</ele>
</trkpt>
<trkpt lat="34.65588611111111" lon="137.1676338888889">
<ele>13</ele>
</trkpt>
<trkpt lat="34.65587027777778" lon="137.16758277777777">
<ele>13</ele>
</trkpt>
<trkpt lat="34.655854444444444" lon="137.16753166666666">
<ele>13</ele>
</trkpt>
<trkpt lat="34.65583861111111" lon="137.16748055555556">
<ele>13</ele>
</trkpt>
<trkpt lat="34.65582277777778" lon="137.16742944444445">
<ele>12</ele>
</trkpt>
<trkpt lat="34.65580694444444" lon="137.16737833333335">
<ele>12</ele>
</trkpt>
<trkpt lat="34.655791111111114" lon="137.1673272222222">
<ele>12</ele>
</trkpt>
<trkpt lat="34.65577527777778" lon="137.1672761111111">
<ele>14</ele>
</trkpt>
<trkpt lat="34.65575944444444" lon="137.167225">
<ele>14</ele>
</trkpt>
<trkpt lat="34.65574361111111" lon="137.1671738888889">
<ele>14</ele>
</trkpt>
<trkpt lat="34.65572777777778" lon="137.1671227777778">
<ele>14</ele>
</trkpt>
<trkpt lat="34.65571194444444" lon="137.16707166666666">
<ele>13</ele>
</trkpt>
<trkpt lat="34.65571" lon="137.16706527777777">
<ele>13</ele>
</trkpt>
<trkpt lat="34.65571" lon="137.16706527777777">
<ele>13</ele>
</trkpt>
<trkpt lat="34.65567277777778" lon="137.16687638888888">
<ele>12</ele>
</trkpt>
<trkpt lat="34.655635555555556" lon="137.16668777777778">
<ele>13</ele>
</trkpt>
<trkpt lat="34.65559833333333" lon="137.1664988888889">
<ele>13</ele>
</trkpt>
<trkpt lat="34.65556083333333" lon="137.16631">
<ele>12</ele>
</trkpt>
<trkpt lat="34.655523611111114" lon="137.16612138888888">
<ele>14</ele>
</trkpt>
<trkpt lat="34.65548638888889" lon="137.1659325">
<ele>10</ele>
</trkpt>
<trkpt lat="34.65544916666666" lon="137.1657436111111">
<ele>8</ele>
</trkpt>
<trkpt lat="34.655411944444445" lon="137.165555">
<ele>8</ele>
</trkpt>
<trkpt lat="34.65537444444445" lon="137.1653661111111">
<ele>6</ele>
</trkpt>
<trkpt lat="34.65533722222222" lon="137.1651772222222">
<ele>5</ele>
</trkpt>
<trkpt lat="34.6553" lon="137.1649886111111">
<ele>6</ele>
</trkpt>
<trkpt lat="34.65526277777778" lon="137.16479972222223">
<ele>6</ele>
</trkpt>
<trkpt lat="34.65522555555555" lon="137.1646111111111">
<ele>6</ele>
</trkpt>
<trkpt lat="34.655188055555556" lon="137.1644222222222">
<ele>6</ele>
</trkpt>
<trkpt lat="34.65515083333333" lon="137.16423333333333">
<ele>6</ele>
</trkpt>
<trkpt lat="34.65511361111111" lon="137.16404472222223">
<ele>5</ele>
</trkpt>
<trkpt lat="34.65507638888889" lon="137.16385583333334">
<ele>5</ele>
</trkpt>
<trkpt lat="34.65503916666667" lon="137.16366694444446">
<ele>5</ele>
</trkpt>
<trkpt lat="34.655001666666664" lon="137.16347833333333">
<ele>3</ele>
</trkpt>
<trkpt lat="34.655001666666664" lon="137.16347833333333">
<ele>3</ele>
</trkpt>
<trkpt lat="34.655001666666664" lon="137.16347833333333">
<ele>3</ele>
</trkpt>
<trkpt lat="34.654943333333335" lon="137.16335444444445">
<ele>5</ele>
</trkpt>
<trkpt lat="34.65488472222222" lon="137.16323055555554">
<ele>6</ele>
</trkpt>
<trkpt lat="34.654826388888885" lon="137.16310666666666">
<ele>4</ele>
</trkpt>
<trkpt lat="34.65476777777778" lon="137.16298277777778">
<ele>6</ele>
</trkpt>
<trkpt lat="34.65470944444444" lon="137.16285888888888">
<ele>5</ele>
</trkpt>
<trkpt lat="34.654651111111114" lon="137.162735">
<ele>6</ele>
</trkpt>
<trkpt lat="34.6545925" lon="137.16261111111112">
<ele>5</ele>
</trkpt>
<trkpt lat="34.654534166666664" lon="137.1624872222222">
<ele>5</ele>
</trkpt>
<trkpt lat="34.65447555555556" lon="137.16236333333333">
<ele>5</ele>
</trkpt>
<trkpt lat="34.65441722222222" lon="137.16223944444445">
<ele>5</ele>
</trkpt>
<trkpt lat="34.654358888888886" lon="137.16211555555554">
<ele>5</ele>
</trkpt>
<trkpt lat="34.65430027777778" lon="137.16199138888888">
<ele>6</ele>
</trkpt>
<trkpt lat="34.65424194444444" lon="137.1618675">
<ele>6</ele>
</trkpt>
<trkpt lat="34.65418361111111" lon="137.16174361111112">
<ele>6</ele>
</trkpt>
<trkpt lat="34.654125" lon="137.1616197222222">
<ele>6</ele>
</trkpt>
<trkpt lat="34.654066666666665" lon="137.16149583333333">
<ele>7</ele>
</trkpt>
<trkpt lat="34.65400805555556" lon="137.16137194444445">
<ele>7</ele>
</trkpt>
<trkpt lat="34.65394972222222" lon="137.16124805555555">
<ele>7</ele>
</trkpt>
<trkpt lat="34.65389138888889" lon="137.16112416666667">
<ele>6</ele>
</trkpt>
<trkpt lat="34.65389138888889" lon="137.16112416666667">
<ele>6</ele>
</trkpt>
<trkpt lat="34.65384777777778" lon="137.16111083333334">
<ele>6</ele>
</trkpt>
<trkpt lat="34.65380416666667" lon="137.16109722222222">
<ele>6</ele>
</trkpt>
<trkpt lat="34.65376055555556" lon="137.1610838888889">
<ele>6</ele>
</trkpt>
<trkpt lat="34.65371722222222" lon="137.16107055555557">
<ele>6</ele>
</trkpt>
<trkpt lat="34.65367361111111" lon="137.16105694444445">
<ele>6</ele>
</trkpt>
<trkpt lat="34.65363" lon="137.1610436111111">
<ele>7</ele>
</trkpt>
<trkpt lat="34.65358666666667" lon="137.16103">
<ele>7</ele>
</trkpt>
<trkpt lat="34.65354305555555" lon="137.16101666666665">
<ele>8</ele>
</trkpt>
<trkpt lat="34.65349944444444" lon="137.16100333333333">
<ele>8</ele>
</trkpt>
<trkpt lat="34.65345583333333" lon="137.1609897222222">
<ele>8</ele>
</trkpt>
<trkpt lat="34.6534125" lon="137.16097638888888">
<ele>8</ele>
</trkpt>
<trkpt lat="34.65336888888889" lon="137.16096305555556">
<ele>8</ele>
</trkpt>
<trkpt lat="34.65333527777778" lon="137.1609525">
<ele>9</ele>
</trkpt>
<trkpt lat="34.65333527777778" lon="137.1609525">
<ele>9</ele>
</trkpt>
<trkpt lat="34.65329722222222" lon="137.16092333333333">
<ele>9</ele>
</trkpt>
<trkpt lat="34.653259444444444" lon="137.16089416666668">
<ele>9</ele>
</trkpt>
<trkpt lat="34.65322138888889" lon="137.160865">
<ele>9</ele>
</trkpt>
<trkpt lat="34.65318333333333" lon="137.16083583333332">
<ele>9</ele>
</trkpt>
<trkpt lat="34.653145277777774" lon="137.16080666666667">
<ele>9</ele>
</trkpt>
<trkpt lat="34.6531075" lon="137.1607775">
<ele>9</ele>
</trkpt>
<trkpt lat="34.65306944444445" lon="137.16074833333334">
<ele>9</ele>
</trkpt>
<trkpt lat="34.65303138888889" lon="137.16071916666667">
<ele>9</ele>
</trkpt>
<trkpt lat="34.652993611111114" lon="137.16069">
<ele>8</ele>
</trkpt>
<trkpt lat="34.65295555555556" lon="137.16066111111112">
<ele>8</ele>
</trkpt>
<trkpt lat="34.6529175" lon="137.16063194444445">
<ele>9</ele>
</trkpt>
<trkpt lat="34.652879444444444" lon="137.16060277777777">
<ele>9</ele>
</trkpt>
<trkpt lat="34.65284166666667" lon="137.16057361111112">
<ele>9</ele>
</trkpt>
<trkpt lat="34.65283222222222" lon="137.1605663888889">
<ele>9</ele>
</trkpt>
<trkpt lat="34.65283222222222" lon="137.1605663888889">
<ele>9</ele>
</trkpt>
<trkpt lat="34.65279" lon="137.16052944444445">
<ele>8</ele>
</trkpt>
<trkpt lat="34.652747777777776" lon="137.16049222222222">
<ele>9</ele>
</trkpt>
<trkpt lat="34.65270527777778" lon="137.16045527777777">
<ele>9</ele>
</trkpt>
<trkpt lat="34.65266305555556" lon="137.16041833333333">
<ele>9</ele>
</trkpt>
<trkpt lat="34.65262083333333" lon="137.16038138888888">
<ele>9</ele>
</trkpt>
<trkpt lat="34.65257861111111" lon="137.16034444444443">
<ele>9</ele>
</trkpt>
<trkpt lat="34.65253638888889" lon="137.1603075">
<ele>9</ele>
</trkpt>
<trkpt lat="34.65249416666666" lon="137.16027055555554">
<ele>9</ele>
</trkpt>
<trkpt lat="34.652451666666664" lon="137.16023333333334">
<ele>9</ele>
</trkpt>
<trkpt lat="34.652409444444444" lon="137.1601963888889">
<ele>9</ele>
</trkpt>
<trkpt lat="34.652367222222225" lon="137.16015944444445">
<ele>9</ele>
</trkpt>
<trkpt lat="34.652325" lon="137.1601225">
<ele>9</ele>
</trkpt>
<trkpt lat="34.65228277777778" lon="137.16008555555555">
<ele>9</ele>
</trkpt>
<trkpt lat="34.65224027777778" lon="137.1600486111111">
<ele>9</ele>
</trkpt>
<trkpt lat="34.65219805555556" lon="137.16001138888888">
<ele>9</ele>
</trkpt>
<trkpt lat="34.65215583333333" lon="137.15997444444446">
<ele>9</ele>
</trkpt>
<trkpt lat="34.65211361111111" lon="137.1599375">
<ele>9</ele>
</trkpt>
<trkpt lat="34.65207138888889" lon="137.15990055555557">
<ele>9</ele>
</trkpt>
<trkpt lat="34.652029166666665" lon="137.15986361111112">
<ele>9</ele>
</trkpt>
<trkpt lat="34.651986666666666" lon="137.15982666666667">
<ele>9</ele>
</trkpt>
<trkpt lat="34.651944444444446" lon="137.15978972222223">
<ele>9</ele>
</trkpt>
<trkpt lat="34.65190222222222" lon="137.1597525">
<ele>9</ele>
</trkpt>
<trkpt lat="34.65186" lon="137.15971555555555">
<ele>9</ele>
</trkpt>
<trkpt lat="34.65181777777778" lon="137.1596786111111">
<ele>9</ele>
</trkpt>
<trkpt lat="34.65177555555555" lon="137.15964166666666">
<ele>9</ele>
</trkpt>
<trkpt lat="34.65173305555555" lon="137.1596047222222">
<ele>9</ele>
</trkpt>
<trkpt lat="34.65169083333333" lon="137.15956777777777">
<ele>9</ele>
</trkpt>
<trkpt lat="34.65164861111111" lon="137.15953055555556">
<ele>9</ele>
</trkpt>
<trkpt lat="34.65160638888889" lon="137.15949361111112">
<ele>9</ele>
</trkpt>
<trkpt lat="34.65156416666667" lon="137.15945666666667">
<ele>9</ele>
</trkpt>
<trkpt lat="34.65152194444445" lon="137.15941972222222">
<ele>9</ele>
</trkpt>
<trkpt lat="34.65147944444445" lon="137.15938277777778">
<ele>9</ele>
</trkpt>
<trkpt lat="34.65143722222222" lon="137.15934583333333">
<ele>9</ele>
</trkpt>
<trkpt lat="34.651395" lon="137.1593088888889">
<ele>9</ele>
</trkpt>
<trkpt lat="34.65135277777778" lon="137.15927166666665">
<ele>9</ele>
</trkpt>
<trkpt lat="34.651310555555554" lon="137.1592347222222">
<ele>9</ele>
</trkpt>
<trkpt lat="34.651268055555555" lon="137.1591977777778">
<ele>9</ele>
</trkpt>
<trkpt lat="34.651225833333335" lon="137.15916083333335">
<ele>9</ele>
</trkpt>
<trkpt lat="34.651225833333335" lon="137.15916083333335">
<ele>9</ele>
</trkpt>
<trkpt lat="34.651183055555556" lon="137.159145">
<ele>9</ele>
</trkpt>
<trkpt lat="34.65114" lon="137.15912916666667">
<ele>9</ele>
</trkpt>
<trkpt lat="34.65109694444445" lon="137.15911305555557">
<ele>9</ele>
</trkpt>
<trkpt lat="34.65105416666667" lon="137.15909722222221">
<ele>9</ele>
</trkpt>
<trkpt lat="34.65101111111111" lon="137.1590813888889">
<ele>9</ele>
</trkpt>
<trkpt lat="34.65096805555556" lon="137.15906555555554">
<ele>9</ele>
</trkpt>
<trkpt lat="34.650925" lon="137.15904944444443">
<ele>9</ele>
</trkpt>
<trkpt lat="34.65088222222222" lon="137.1590336111111">
<ele>9</ele>
</trkpt>
<trkpt lat="34.650839166666664" lon="137.1590177777778">
<ele>9</ele>
</trkpt>
<trkpt lat="34.65079611111111" lon="137.15900194444444">
<ele>9</ele>
</trkpt>
<trkpt lat="34.650753333333334" lon="137.15898583333333">
<ele>9</ele>
</trkpt>
<trkpt lat="34.650710277777776" lon="137.15897">
<ele>9</ele>
</trkpt>
<trkpt lat="34.650667222222225" lon="137.15895416666666">
<ele>9</ele>
</trkpt>
<trkpt lat="34.650624444444446" lon="137.15893833333334">
<ele>9</ele>
</trkpt>
<trkpt lat="34.65058138888889" lon="137.1589225">
<ele>9</ele>
</trkpt>
<trkpt lat="34.65053833333333" lon="137.15890638888888">
<ele>9</ele>
</trkpt>
<trkpt lat="34.65049555555556" lon="137.15889055555556">
<ele>9</ele>
</trkpt>
<trkpt lat="34.6504525" lon="137.1588747222222">
<ele>9</ele>
</trkpt>
<trkpt lat="34.65041388888889" lon="137.15886055555555">
<ele>9</ele>
</trkpt>
<trkpt lat="34.65041388888889" lon="137.15886055555555">
<ele>9</ele>
</trkpt>
<trkpt lat="34.650376666666666" lon="137.1587847222222">
<ele>9</ele>
</trkpt>
<trkpt lat="34.65033972222222" lon="137.15870916666665">
<ele>9</ele>
</trkpt>
<trkpt lat="34.6503025" lon="137.15863333333334">
<ele>8</ele>
</trkpt>
<trkpt lat="34.65026527777778" lon="137.1585577777778">
<ele>8</ele>
</trkpt>
<trkpt lat="34.65022805555556" lon="137.15848222222223">
<ele>8</ele>
</trkpt>
<trkpt lat="34.65019083333333" lon="137.1584063888889">
<ele>8</ele>
</trkpt>
<trkpt lat="34.65015388888889" lon="137.15833083333334">
<ele>7</ele>
</trkpt>
<trkpt lat="34.65011666666667" lon="137.158255">
<ele>7</ele>
</trkpt>
<trkpt lat="34.650079444444444" lon="137.15817944444444">
<ele>7</ele>
</trkpt>
<trkpt lat="34.650042222222226" lon="137.1581038888889">
<ele>7</ele>
</trkpt>
<trkpt lat="34.65000527777778" lon="137.15802805555555">
<ele>7</ele>
</trkpt>
<trkpt lat="34.649968055555554" lon="137.1579525">
<ele>7</ele>
</trkpt>
<trkpt lat="34.649930833333336" lon="137.15787666666668">
<ele>6</ele>
</trkpt>
<trkpt lat="34.64989361111111" lon="137.1578011111111">
<ele>6</ele>
</trkpt>
<trkpt lat="34.64985638888889" lon="137.15772555555554">
<ele>6</ele>
</trkpt>
<trkpt lat="34.64981944444445" lon="137.15764972222223">
<ele>6</ele>
</trkpt>
<trkpt lat="34.64978222222222" lon="137.15757416666668">
<ele>6</ele>
</trkpt>
<trkpt lat="34.649745" lon="137.15749833333334">
<ele>6</ele>
</trkpt>
<trkpt lat="34.64970777777778" lon="137.15742277777778">
<ele>5</ele>
</trkpt>
<trkpt lat="34.64970777777778" lon="137.15742277777778">
<ele>5</ele>
</trkpt>
<trkpt lat="34.649656944444445" lon="137.1573111111111">
<ele>5</ele>
</trkpt>
<trkpt lat="34.64960611111111" lon="137.15719944444444">
<ele>5</ele>
</trkpt>
<trkpt lat="34.64955527777778" lon="137.15708777777778">
<ele>5</ele>
</trkpt>
<trkpt lat="34.649504444444446" lon="137.1569761111111">
<ele>4</ele>
</trkpt>
<trkpt lat="34.64945361111111" lon="137.15686444444444">
<ele>4</ele>
</trkpt>
<trkpt lat="34.64940305555555" lon="137.15675277777777">
<ele>4</ele>
</trkpt>
<trkpt lat="34.64935222222222" lon="137.1566411111111">
<ele>4</ele>
</trkpt>
<trkpt lat="34.64930138888889" lon="137.15652944444443">
<ele>4</ele>
</trkpt>
<trkpt lat="34.649250555555554" lon="137.1564177777778">
<ele>4</ele>
</trkpt>
<trkpt lat="34.64919972222222" lon="137.15630611111112">
<ele>4</ele>
</trkpt>
<trkpt lat="34.64914888888889" lon="137.15619444444445">
<ele>4</ele>
</trkpt>
<trkpt lat="34.649098055555555" lon="137.15608277777778">
<ele>4</ele>
</trkpt>
<trkpt lat="34.64904722222222" lon="137.1559711111111">
<ele>4</ele>
</trkpt>
<trkpt lat="34.64899638888889" lon="137.15585944444445">
<ele>4</ele>
</trkpt>
<trkpt lat="34.64894555555556" lon="137.15574777777778">
<ele>4</ele>
</trkpt>
<trkpt lat="34.648894722222224" lon="137.1556361111111">
<ele>4</ele>
</trkpt>
<trkpt lat="34.64884388888889" lon="137.15552444444444">
<ele>4</ele>
</trkpt>
<trkpt lat="34.64879305555556" lon="137.15541277777777">
<ele>4</ele>
</trkpt>
<trkpt lat="34.648742222222225" lon="137.1553011111111">
<ele>4</ele>
</trkpt>
<trkpt lat="34.648742222222225" lon="137.1553011111111">
<ele>4</ele>
</trkpt>
<trkpt lat="34.648715" lon="137.1552436111111">
<ele>4</ele>
</trkpt>
<trkpt lat="34.64868805555555" lon="137.15518583333332">
<ele>4</ele>
</trkpt>
<trkpt lat="34.64866083333333" lon="137.15512833333332">
<ele>4</ele>
</trkpt>
<trkpt lat="34.64863388888889" lon="137.15507083333333">
<ele>4</ele>
</trkpt>
<trkpt lat="34.648606944444445" lon="137.15501305555554">
<ele>4</ele>
</trkpt>
<trkpt lat="34.64857972222222" lon="137.15495555555555">
<ele>4</ele>
</trkpt>
<trkpt lat="34.64855277777778" lon="137.15489805555555">
<ele>4</ele>
</trkpt>
<trkpt lat="34.64852555555556" lon="137.15484027777777">
<ele>4</ele>
</trkpt>
<trkpt lat="34.64849861111111" lon="137.15478277777777">
<ele>4</ele>
</trkpt>
<trkpt lat="34.648471388888886" lon="137.154725">
<ele>4</ele>
</trkpt>
<trkpt lat="34.64844444444444" lon="137.1546675">
<ele>4</ele>
</trkpt>
<trkpt lat="34.6484175" lon="137.15461">
<ele>4</ele>
</trkpt>
<trkpt lat="34.64839027777778" lon="137.15455222222224">
<ele>4</ele>
</trkpt>
<trkpt lat="34.648363333333336" lon="137.1544947222222">
<ele>4</ele>
</trkpt>
<trkpt lat="34.648336111111114" lon="137.1544372222222">
<ele>4</ele>
</trkpt>
<trkpt lat="34.648309166666664" lon="137.15437944444446">
<ele>4</ele>
</trkpt>
<trkpt lat="34.64828222222222" lon="137.15432194444443">
<ele>4</ele>
</trkpt>
<trkpt lat="34.648255" lon="137.15426444444444">
<ele>4</ele>
</trkpt>
<trkpt lat="34.648228055555556" lon="137.15420666666665">
<ele>4</ele>
</trkpt>
<trkpt lat="34.648200833333334" lon="137.15414916666666">
<ele>4</ele>
</trkpt>
<trkpt lat="34.64817388888889" lon="137.15409166666666">
<ele>4</ele>
</trkpt>
<trkpt lat="34.64814666666667" lon="137.15403388888888">
<ele>4</ele>
</trkpt>
<trkpt lat="34.64811972222222" lon="137.15397638888888">
<ele>4</ele>
</trkpt>
<trkpt lat="34.64809277777778" lon="137.15391888888888">
<ele>4</ele>
</trkpt>
<trkpt lat="34.648065555555554" lon="137.1538611111111">
<ele>4</ele>
</trkpt>
<trkpt lat="34.64803861111111" lon="137.1538036111111">
<ele>4</ele>
</trkpt>
<trkpt lat="34.64801138888889" lon="137.1537461111111">
<ele>4</ele>
</trkpt>
<trkpt lat="34.64798444444445" lon="137.15368833333332">
<ele>4</ele>
</trkpt>
<trkpt lat="34.6479575" lon="137.15363083333332">
<ele>4</ele>
</trkpt>
<trkpt lat="34.647930277777775" lon="137.15357333333333">
<ele>4</ele>
</trkpt>
<trkpt lat="34.64790333333333" lon="137.15351555555554">
<ele>4</ele>
</trkpt>
<trkpt lat="34.64787611111111" lon="137.15345805555555">
<ele>4</ele>
</trkpt>
<trkpt lat="34.64784916666667" lon="137.1534002777778">
<ele>4</ele>
</trkpt>
<trkpt lat="34.647822222222224" lon="137.15334277777777">
<ele>4</ele>
</trkpt>
<trkpt lat="34.647795" lon="137.15328527777777">
<ele>4</ele>
</trkpt>
<trkpt lat="34.64776805555555" lon="137.1532275">
<ele>4</ele>
</trkpt>
<trkpt lat="34.64774083333333" lon="137.15317">
<ele>4</ele>
</trkpt>
<trkpt lat="34.64771388888889" lon="137.1531125">
<ele>4</ele>
</trkpt>
<trkpt lat="34.64771388888889" lon="137.1531125">
<ele>4</ele>
</trkpt>
<trkpt lat="34.64762" lon="137.15317333333334">
<ele>4</ele>
</trkpt>
<trkpt lat="34.64752611111111" lon="137.15323416666666">
<ele>4</ele>
</trkpt>
<trkpt lat="34.64743222222222" lon="137.15329527777777">
<ele>4</ele>
</trkpt>
<trkpt lat="34.64733861111111" lon="137.15335611111112">
<ele>4</ele>
</trkpt>
<trkpt lat="34.647244722222226" lon="137.15341694444444">
<ele>4</ele>
</trkpt>
<trkpt lat="34.647150833333335" lon="137.15347805555555">
<ele>4</ele>
</trkpt>
<trkpt lat="34.647056944444444" lon="137.15353888888887">
<ele>4</ele>
</trkpt>
<trkpt lat="34.64696305555555" lon="137.15359972222222">
<ele>4</ele>
</trkpt>
<trkpt lat="34.64686944444444" lon="137.15366083333333">
<ele>4</ele>
</trkpt>
<trkpt lat="34.64677555555556" lon="137.15372166666666">
<ele>4</ele>
</trkpt>
<trkpt lat="34.646681666666666" lon="137.15378277777776">
<ele>4</ele>
</trkpt>
<trkpt lat="34.646587777777775" lon="137.1538436111111">
<ele>4</ele>
</trkpt>
<trkpt lat="34.64649388888889" lon="137.15390444444444">
<ele>5</ele>
</trkpt>
<trkpt lat="34.6464" lon="137.15396555555554">
<ele>5</ele>
</trkpt>
<trkpt lat="34.64630638888889" lon="137.1540263888889">
<ele>6</ele>
</trkpt>
<trkpt lat="34.6462125" lon="137.15408722222222">
<ele>6</ele>
</trkpt>
<trkpt lat="34.64611861111111" lon="137.15414833333332">
<ele>6</ele>
</trkpt>
<trkpt lat="34.64602472222222" lon="137.15420916666667">
<ele>7</ele>
</trkpt>
<trkpt lat="34.64593083333333" lon="137.15427">
<ele>7</ele>
</trkpt>
<trkpt lat="34.64583694444445" lon="137.1543311111111">
<ele>7</ele>
</trkpt>
<trkpt lat="34.645743333333336" lon="137.15439194444446">
<ele>7</ele>
</trkpt>
<trkpt lat="34.645649444444444" lon="137.15445277777778">
<ele>7</ele>
</trkpt>
<trkpt lat="34.64555555555555" lon="137.15451388888889">
<ele>7</ele>
</trkpt>
<trkpt lat="34.64546166666667" lon="137.15457472222224">
<ele>7</ele>
</trkpt>
<trkpt lat="34.64536777777778" lon="137.15463555555556">
<ele>7</ele>
</trkpt>
<trkpt lat="34.64527416666667" lon="137.15469666666667">
<ele>7</ele>
</trkpt>
<trkpt lat="34.645180277777776" lon="137.1547575">
<ele>7</ele>
</trkpt>
<trkpt lat="34.64508638888889" lon="137.15481833333334">
<ele>7</ele>
</trkpt>
<trkpt lat="34.6449925" lon="137.15487944444445">
<ele>8</ele>
</trkpt>
<trkpt lat="34.64489861111111" lon="137.15494027777777">
<ele>8</ele>
</trkpt>
<trkpt lat="34.644804722222226" lon="137.15500111111112">
<ele>8</ele>
</trkpt>
<trkpt lat="34.644711111111114" lon="137.15506222222223">
<ele>8</ele>
</trkpt>
<trkpt lat="34.64461722222222" lon="137.15512305555555">
<ele>8</ele>
</trkpt>
<trkpt lat="34.64452333333333" lon="137.15518416666666">
<ele>8</ele>
</trkpt>
<trkpt lat="34.64442944444444" lon="137.155245">
<ele>8</ele>
</trkpt>
<trkpt lat="34.64433555555556" lon="137.15530583333333">
<ele>8</ele>
</trkpt>
<trkpt lat="34.644241944444445" lon="137.15536694444444">
<ele>9</ele>
</trkpt>
<trkpt lat="34.644148055555554" lon="137.1554277777778">
<ele>9</ele>
</trkpt>
<trkpt lat="34.644148055555554" lon="137.1554277777778">
<ele>9</ele>
</trkpt>
<trkpt lat="34.644148055555554" lon="137.1554277777778">
<ele>9</ele>
</trkpt>
<trkpt lat="34.644104722222224" lon="137.15547305555555">
<ele>9</ele>
</trkpt>
<trkpt lat="34.644061388888886" lon="137.15551833333333">
<ele>9</ele>
</trkpt>
<trkpt lat="34.644018055555556" lon="137.15556361111112">
<ele>9</ele>
</trkpt>
<trkpt lat="34.643974722222225" lon="137.15560888888888">
<ele>9</ele>
</trkpt>
<trkpt lat="34.64393138888889" lon="137.15565444444445">
<ele>9</ele>
</trkpt>
<trkpt lat="34.64388805555556" lon="137.1556997222222">
<ele>9</ele>
</trkpt>
<trkpt lat="34.64384472222222" lon="137.155745">
<ele>9</ele>
</trkpt>
<trkpt lat="34.64380138888889" lon="137.15579027777778">
<ele>9</ele>
</trkpt>
<trkpt lat="34.64375805555556" lon="137.15583555555557">
<ele>9</ele>
</trkpt>
<trkpt lat="34.64371472222222" lon="137.15588083333333">
<ele>9</ele>
</trkpt>
<trkpt lat="34.64367138888889" lon="137.1559261111111">
<ele>9</ele>
</trkpt>
<trkpt lat="34.64362805555555" lon="137.15597166666666">
<ele>9</ele>
</trkpt>
<trkpt lat="34.64358472222222" lon="137.15601694444445">
<ele>9</ele>
</trkpt>
<trkpt lat="34.64354138888889" lon="137.15606222222223">
<ele>9</ele>
</trkpt>
<trkpt lat="34.643498055555554" lon="137.1561075">
<ele>9</ele>
</trkpt>
<trkpt lat="34.643455" lon="137.15615277777778">
<ele>9</ele>
</trkpt>
<trkpt lat="34.643411666666665" lon="137.15619805555556">
<ele>9</ele>
</trkpt>
<trkpt lat="34.643368333333335" lon="137.15624333333332">
<ele>9</ele>
</trkpt>
<trkpt lat="34.643325" lon="137.1562886111111">
<ele>9</ele>
</trkpt>
<trkpt lat="34.643325" lon="137.1562886111111">
<ele>9</ele>
</trkpt>
<trkpt lat="34.64326138888889" lon="137.15633722222222">
<ele>9</ele>
</trkpt>
<trkpt lat="34.6431975" lon="137.15638583333333">
<ele>9</ele>
</trkpt>
<trkpt lat="34.64313388888889" lon="137.15643444444444">
<ele>9</ele>
</trkpt>
<trkpt lat="34.64307027777778" lon="137.15648305555555">
<ele>9</ele>
</trkpt>
<trkpt lat="34.643006666666665" lon="137.15653166666667">
<ele>9</ele>
</trkpt>
<trkpt lat="34.642943055555556" lon="137.15658">
<ele>9</ele>
</trkpt>
<trkpt lat="34.642879444444446" lon="137.1566286111111">
<ele>9</ele>
</trkpt>
<trkpt lat="34.64281583333333" lon="137.1566772222222">
<ele>9</ele>
</trkpt>
<trkpt lat="34.64275222222222" lon="137.15672583333333">
<ele>9</ele>
</trkpt>
<trkpt lat="34.64268833333333" lon="137.15677444444444">
<ele>9</ele>
</trkpt>
<trkpt lat="34.64262472222222" lon="137.15682305555555">
<ele>9</ele>
</trkpt>
<trkpt lat="34.642561111111114" lon="137.1568713888889">
<ele>9</ele>
</trkpt>
<trkpt lat="34.6424975" lon="137.15692">
<ele>9</ele>
</trkpt>
<trkpt lat="34.64243388888889" lon="137.15696861111113">
<ele>9</ele>
</trkpt>
<trkpt lat="34.64237027777778" lon="137.1570172222222">
<ele>9</ele>
</trkpt>
<trkpt lat="34.64230666666667" lon="137.15706583333332">
<ele>9</ele>
</trkpt>
<trkpt lat="34.642243055555554" lon="137.15711416666667">
<ele>9</ele>
</trkpt>
<trkpt lat="34.642179166666665" lon="137.15716277777778">
<ele>9</ele>
</trkpt>
<trkpt lat="34.642115555555556" lon="137.1572113888889">
<ele>9</ele>
</trkpt>
<trkpt lat="34.642115555555556" lon="137.1572113888889">
<ele>9</ele>
</trkpt>
<trkpt lat="34.642115555555556" lon="137.1572113888889">
<ele>9</ele>
</trkpt>
<trkpt lat="34.64204361111111" lon="137.1572211111111">
<ele>9</ele>
</trkpt>
<trkpt lat="34.64197166666667" lon="137.15723055555554">
<ele>9</ele>
</trkpt>
<trkpt lat="34.64189972222222" lon="137.1572402777778">
<ele>9</ele>
</trkpt>
<trkpt lat="34.6418275" lon="137.15724972222222">
<ele>9</ele>
</trkpt>
<trkpt lat="34.641755555555555" lon="137.15725944444443">
<ele>9</ele>
</trkpt>
<trkpt lat="34.64168361111111" lon="137.1572688888889">
<ele>9</ele>
</trkpt>
<trkpt lat="34.64161166666667" lon="137.1572786111111">
<ele>9</ele>
</trkpt>
<trkpt lat="34.64153944444445" lon="137.15728833333333">
<ele>9</ele>
</trkpt>
<trkpt lat="34.6414675" lon="137.15729777777779">
<ele>9</ele>
</trkpt>
<trkpt lat="34.641395555555555" lon="137.1573075">
<ele>9</ele>
</trkpt>
<trkpt lat="34.64132361111111" lon="137.15731694444443">
<ele>9</ele>
</trkpt>
<trkpt lat="34.64125166666667" lon="137.15732666666668">
<ele>9</ele>
</trkpt>
<trkpt lat="34.64117944444445" lon="137.1573361111111">
<ele>9</ele>
</trkpt>
<trkpt lat="34.6411075" lon="137.15734583333332">
<ele>9</ele>
</trkpt>
<trkpt lat="34.641035555555554" lon="137.15735527777778">
<ele>9</ele>
</trkpt>
<trkpt lat="34.64096361111111" lon="137.157365">
<ele>9</ele>
</trkpt>
<trkpt lat="34.64089138888889" lon="137.15737472222222">
<ele>9</ele>
</trkpt>
<trkpt lat="34.640819444444446" lon="137.15738416666667">
<ele>9</ele>
</trkpt>
<trkpt lat="34.6407475" lon="137.1573938888889">
<ele>9</ele>
</trkpt>
<trkpt lat="34.6407475" lon="137.1573938888889">
<ele>9</ele>
</trkpt>
<trkpt lat="34.64063055555555" lon="137.1574752777778">
<ele>9</ele>
</trkpt>
<trkpt lat="34.64051388888889" lon="137.15755666666666">
<ele>9</ele>
</trkpt>
<trkpt lat="34.64039694444445" lon="137.15763805555557">
<ele>9</ele>
</trkpt>
<trkpt lat="34.64028" lon="137.15771944444444">
<ele>9</ele>
</trkpt>
<trkpt lat="34.640163333333334" lon="137.15780055555555">
<ele>9</ele>
</trkpt>
<trkpt lat="34.64004638888889" lon="137.15788194444445">
<ele>9</ele>
</trkpt>
<trkpt lat="34.63992944444445" lon="137.15796333333333">
<ele>9</ele>
</trkpt>
<trkpt lat="34.63981277777778" lon="137.15804472222223">
<ele>9</ele>
</trkpt>
<trkpt lat="34.639695833333334" lon="137.1581261111111">
<ele>9</ele>
</trkpt>
<trkpt lat="34.639579166666664" lon="137.1582075">
<ele>9</ele>
</trkpt>
<trkpt lat="34.63946222222222" lon="137.15828888888888">
<ele>9</ele>
</trkpt>
<trkpt lat="34.63934527777778" lon="137.15837027777778">
<ele>9</ele>
</trkpt>
<trkpt lat="34.63922861111111" lon="137.15845166666668">
<ele>9</ele>
</trkpt>
<trkpt lat="34.639111666666665" lon="137.15853305555555">
<ele>9</ele>
</trkpt>
<trkpt lat="34.63899472222222" lon="137.15861444444445">
<ele>9</ele>
</trkpt>
<trkpt lat="34.63887805555556" lon="137.15869583333333">
<ele>9</ele>
</trkpt>
<trkpt lat="34.63876111111111" lon="137.15877722222223">
<ele>9</ele>
</trkpt>
<trkpt lat="34.638644166666666" lon="137.1588586111111">
<ele>9</ele>
</trkpt>
<trkpt lat="34.6385275" lon="137.15894">
<ele>9</ele>
</trkpt>
<trkpt lat="34.6385275" lon="137.15894">
<ele>9</ele>
</trkpt>
<trkpt lat="34.63834694444444" lon="137.15893527777777">
<ele>9</ele>
</trkpt>
<trkpt lat="34.63816666666666" lon="137.15893055555554">
<ele>9</ele>
</trkpt>
<trkpt lat="34.63798638888889" lon="137.15892583333334">
<ele>9</ele>
</trkpt>
<trkpt lat="34.63780583333333" lon="137.1589211111111">
<ele>9</ele>
</trkpt>
<trkpt lat="34.63762555555556" lon="137.15891638888888">
<ele>9</ele>
</trkpt>
<trkpt lat="34.63744527777778" lon="137.15891166666665">
<ele>9</ele>
</trkpt>
<trkpt lat="34.63726472222222" lon="137.15890694444445">
<ele>9</ele>
</trkpt>
<trkpt lat="34.63708444444445" lon="137.15890222222222">
<ele>9</ele>
</trkpt>
<trkpt lat="34.63690416666667" lon="137.1588975">
<ele>9</ele>
</trkpt>
<trkpt lat="34.63672361111111" lon="137.15889277777777">
<ele>9</ele>
</trkpt>
<trkpt lat="34.636543333333336" lon="137.15888805555556">
<ele>9</ele>
</trkpt>
<trkpt lat="34.63636277777778" lon="137.15888333333334">
<ele>9</ele>
</trkpt>
<trkpt lat="34.6361825" lon="137.1588786111111">
<ele>9</ele>
</trkpt>
<trkpt lat="34.636002222222224" lon="137.15887388888888">
<ele>9</ele>
</trkpt>
<trkpt lat="34.635821666666665" lon="137.15886916666668">
<ele>9</ele>
</trkpt>
<trkpt lat="34.63564138888889" lon="137.15886444444445">
<ele>9</ele>
</trkpt>
<trkpt lat="34.63546111111111" lon="137.15885972222222">
<ele>9</ele>
</trkpt>
<trkpt lat="34.63528055555555" lon="137.158855">
<ele>9</ele>
</trkpt>
<trkpt lat="34.63510027777778" lon="137.1588502777778">
<ele>9</ele>
</trkpt>
<trkpt lat="34.63510027777778" lon="137.1588502777778">
<ele>9</ele>
</trkpt>
<trkpt lat="34.63509111111111" lon="137.15879694444445">
<ele>9</ele>
</trkpt>
<trkpt lat="34.635081944444444" lon="137.15874333333332">
<ele>9</ele>
</trkpt>
<trkpt lat="34.6350725" lon="137.15869">
<ele>9</ele>
</trkpt>
<trkpt lat="34.635063333333335" lon="137.15863638888888">
<ele>9</ele>
</trkpt>
<trkpt lat="34.63505416666667" lon="137.15858305555557">
<ele>9</ele>
</trkpt>
<trkpt lat="34.635045" lon="137.15852972222223">
<ele>9</ele>
</trkpt>
<trkpt lat="34.63503583333333" lon="137.1584761111111">
<ele>9</ele>
</trkpt>
<trkpt lat="34.63502666666667" lon="137.1584227777778">
<ele>9</ele>
</trkpt>
<trkpt lat="34.6350175" lon="137.15836944444445">
<ele>9</ele>
</trkpt>
<trkpt lat="34.63500833333333" lon="137.15831583333335">
<ele>9</ele>
</trkpt>
<trkpt lat="34.63499888888889" lon="137.1582625">
<ele>9</ele>
</trkpt>
<trkpt lat="34.63498972222222" lon="137.15820916666667">
<ele>9</ele>
</trkpt>
<trkpt lat="34.63498055555556" lon="137.15815555555557">
<ele>9</ele>
</trkpt>
<trkpt lat="34.634971388888886" lon="137.15810222222223">
<ele>9</ele>
</trkpt>
<trkpt lat="34.63496222222222" lon="137.15804888888889">
<ele>9</ele>
</trkpt>
<trkpt lat="34.634953055555556" lon="137.1579952777778">
<ele>9</ele>
</trkpt>
<trkpt lat="34.63494388888889" lon="137.15794194444445">
<ele>9</ele>
</trkpt>
<trkpt lat="34.63494138888889" lon="137.1579275">
<ele>9</ele>
</trkpt>
<trkpt lat="34.63494138888889" lon="137.1579275">
<ele>9</ele>
</trkpt>
<trkpt lat="34.63496138888889" lon="137.1578225">
<ele>9</ele>
</trkpt>
<trkpt lat="34.63498138888889" lon="137.1577175">
<ele>9</ele>
</trkpt>
<trkpt lat="34.63500138888889" lon="137.1576125">
<ele>9</ele>
</trkpt>
<trkpt lat="34.63502111111111" lon="137.1575075">
<ele>9</ele>
</trkpt>
<trkpt lat="34.635041111111114" lon="137.1574025">
<ele>9</ele>
</trkpt>
<trkpt lat="34.63506111111111" lon="137.1572975">
<ele>9</ele>
</trkpt>
<trkpt lat="34.63508111111111" lon="137.1571925">
<ele>9</ele>
</trkpt>
<trkpt lat="34.63510111111111" lon="137.15708722222223">
<ele>9</ele>
</trkpt>
<trkpt lat="34.63512111111111" lon="137.1569822222222">
<ele>9</ele>
</trkpt>
<trkpt lat="34.63514111111111" lon="137.15687722222222">
<ele>9</ele>
</trkpt>
<trkpt lat="34.63516111111111" lon="137.15677222222223">
<ele>9</ele>
</trkpt>
<trkpt lat="34.63518111111111" lon="137.1566672222222">
<ele>9</ele>
</trkpt>
<trkpt lat="34.63520111111111" lon="137.15656222222222">
<ele>9</ele>
</trkpt>
<trkpt lat="34.635221111111115" lon="137.15645722222223">
<ele>9</ele>
</trkpt>
<trkpt lat="34.635241111111114" lon="137.1563522222222">
<ele>9</ele>
</trkpt>
<trkpt lat="34.63526111111111" lon="137.15624722222222">
<ele>9</ele>
</trkpt>
<trkpt lat="34.63528083333333" lon="137.15614194444444">
<ele>9</ele>
</trkpt>
<trkpt lat="34.63530083333333" lon="137.15603694444445">
<ele>9</ele>
</trkpt>
<trkpt lat="34.63532083333333" lon="137.15593194444443">
<ele>9</ele>
</trkpt>
<trkpt lat="34.63534083333333" lon="137.15582694444444">
<ele>9</ele>
</trkpt>
<trkpt lat="34.63536083333333" lon="137.15572194444445">
<ele>9</ele>
</trkpt>
<trkpt lat="34.635380833333336" lon="137.15561694444443">
<ele>9</ele>
</trkpt>
<trkpt lat="34.635400833333335" lon="137.15551194444444">
<ele>9</ele>
</trkpt>
<trkpt lat="34.635420833333335" lon="137.15540694444445">
<ele>9</ele>
</trkpt>
<trkpt lat="34.635440833333334" lon="137.15530194444443">
<ele>9</ele>
</trkpt>
<trkpt lat="34.63546083333333" lon="137.15519666666665">
<ele>9</ele>
</trkpt>
<trkpt lat="34.63548083333333" lon="137.15509166666666">
<ele>9</ele>
</trkpt>
<trkpt lat="34.63550083333333" lon="137.15498666666667">
<ele>9</ele>
</trkpt>
<trkpt lat="34.63552083333333" lon="137.15488166666665">
<ele>9</ele>
</trkpt>
<trkpt lat="34.63554055555556" lon="137.15477666666666">
<ele>9</ele>
</trkpt>
<trkpt lat="34.63556055555556" lon="137.15467166666667">
<ele>9</ele>
</trkpt>
<trkpt lat="34.635580555555556" lon="137.15456666666665">
<ele>9</ele>
</trkpt>
<trkpt lat="34.635600555555556" lon="137.15446166666666">
<ele>9</ele>
</trkpt>
<trkpt lat="34.635620555555555" lon="137.15435666666667">
<ele>9</ele>
</trkpt>
<trkpt lat="34.635640555555554" lon="137.15425166666665">
<ele>9</ele>
</trkpt>
<trkpt lat="34.63566055555555" lon="137.15414638888888">
<ele>9</ele>
</trkpt>
<trkpt lat="34.63568055555555" lon="137.15404138888888">
<ele>9</ele>
</trkpt>
<trkpt lat="34.63570055555556" lon="137.1539363888889">
<ele>9</ele>
</trkpt>
<trkpt lat="34.63570055555556" lon="137.1539363888889">
<ele>9</ele>
</trkpt>
<trkpt lat="34.63570638888889" lon="137.15380944444445">
<ele>9</ele>
</trkpt>
<trkpt lat="34.635712222222224" lon="137.1536825">
<ele>9</ele>
</trkpt>
<trkpt lat="34.63571833333334" lon="137.15355583333334">
<ele>9</ele>
</trkpt>
<trkpt lat="34.63572416666667" lon="137.1534288888889">
<ele>9</ele>
</trkpt>
<trkpt lat="34.63573" lon="137.15330194444445">
<ele>9</ele>
</trkpt>
<trkpt lat="34.635736111111115" lon="137.153175">
<ele>10</ele>
</trkpt>
<trkpt lat="34.63574194444445" lon="137.15304805555556">
<ele>10</ele>
</trkpt>
<trkpt lat="34.63574777777778" lon="137.1529211111111">
<ele>11</ele>
</trkpt>
<trkpt lat="34.635753888888885" lon="137.15279416666667">
<ele>11</ele>
</trkpt>
<trkpt lat="34.635759722222225" lon="137.15266722222222">
<ele>11</ele>
</trkpt>
<trkpt lat="34.63576555555556" lon="137.15254055555556">
<ele>12</ele>
</trkpt>
<trkpt lat="34.63577166666666" lon="137.15241361111111">
<ele>11</ele>
</trkpt>
<trkpt lat="34.6357775" lon="137.15228666666667">
<ele>11</ele>
</trkpt>
<trkpt lat="34.635783333333336" lon="137.15215972222222">
<ele>11</ele>
</trkpt>
<trkpt lat="34.63578944444444" lon="137.15203277777778">
<ele>11</ele>
</trkpt>
<trkpt lat="34.63579527777778" lon="137.15190583333333">
<ele>10</ele>
</trkpt>
<trkpt lat="34.635801111111114" lon="137.15177888888888">
<ele>10</ele>
</trkpt>
<trkpt lat="34.63580722222222" lon="137.15165194444444">
<ele>10</ele>
</trkpt>
<trkpt lat="34.63581305555556" lon="137.15152527777778">
<ele>10</ele>
</trkpt>
<trkpt lat="34.63581305555556" lon="137.15152527777778">
<ele>10</ele>
</trkpt>
<trkpt lat="34.63578388888889" lon="137.15132472222223">
<ele>11</ele>
</trkpt>
<trkpt lat="34.635755" lon="137.15112444444443">
<ele>11</ele>
</trkpt>
<trkpt lat="34.63572583333333" lon="137.15092388888888">
<ele>11</ele>
</trkpt>
<trkpt lat="34.63569694444445" lon="137.15072361111112">
<ele>11</ele>
</trkpt>
<trkpt lat="34.635667777777776" lon="137.15052305555557">
<ele>11</ele>
</trkpt>
<trkpt lat="34.63563888888889" lon="137.15032277777777">
<ele>10</ele>
</trkpt>
<trkpt lat="34.63560972222222" lon="137.15012222222222">
<ele>10</ele>
</trkpt>
<trkpt lat="34.635580833333336" lon="137.14992194444446">
<ele>10</ele>
</trkpt>
<trkpt lat="34.635551666666665" lon="137.14972166666666">
<ele>10</ele>
</trkpt>
<trkpt lat="34.63552277777778" lon="137.1495211111111">
<ele>10</ele>
</trkpt>
<trkpt lat="34.63549361111111" lon="137.14932083333332">
<ele>10</ele>
</trkpt>
<trkpt lat="34.635464722222224" lon="137.14912027777777">
<ele>9</ele>
</trkpt>
<trkpt lat="34.63543555555555" lon="137.14892">
<ele>9</ele>
</trkpt>
<trkpt lat="34.63540638888889" lon="137.14871944444445">
<ele>9</ele>
</trkpt>
<trkpt lat="34.6353775" lon="137.14851916666666">
<ele>9</ele>
</trkpt>
<trkpt lat="34.63534833333333" lon="137.1483188888889">
<ele>9</ele>
</trkpt>
<trkpt lat="34.63531944444444" lon="137.14811833333334">
<ele>9</ele>
</trkpt>
<trkpt lat="34.63529027777778" lon="137.14791805555555">
<ele>9</ele>
</trkpt>
<trkpt lat="34.635261388888885" lon="137.1477175">
<ele>9</ele>
</trkpt>
<trkpt lat="34.635261388888885" lon="137.1477175">
<ele>9</ele>
</trkpt>
<trkpt lat="34.63527222222222" lon="137.14766472222223">
<ele>9</ele>
</trkpt>
<trkpt lat="34.635283055555554" lon="137.14761166666668">
<ele>9</ele>
</trkpt>
<trkpt lat="34.63529388888889" lon="137.14755861111112">
<ele>9</ele>
</trkpt>
<trkpt lat="34.635305" lon="137.14750583333333">
<ele>9</ele>
</trkpt>
<trkpt lat="34.63531583333334" lon="137.14745277777777">
<ele>9</ele>
</trkpt>
<trkpt lat="34.635326666666664" lon="137.14739972222222">
<ele>9</ele>
</trkpt>
<trkpt lat="34.6353375" lon="137.14734694444445">
<ele>9</ele>
</trkpt>
<trkpt lat="34.63534861111111" lon="137.1472938888889">
<ele>9</ele>
</trkpt>
<trkpt lat="34.63535944444445" lon="137.14724083333334">
<ele>9</ele>
</trkpt>
<trkpt lat="34.63537027777778" lon="137.14718805555555">
<ele>9</ele>
</trkpt>
<trkpt lat="34.63538111111111" lon="137.147135">
<ele>9</ele>
</trkpt>
<trkpt lat="34.63539194444444" lon="137.14708194444444">
<ele>9</ele>
</trkpt>
<trkpt lat="34.63540305555556" lon="137.14702916666667">
<ele>9</ele>
</trkpt>
<trkpt lat="34.63541388888889" lon="137.14697611111112">
<ele>9</ele>
</trkpt>
<trkpt lat="34.635424722222226" lon="137.14692305555556">
<ele>9</ele>
</trkpt>
<trkpt lat="34.63543555555555" lon="137.14687027777777">
<ele>9</ele>
</trkpt>
<trkpt lat="34.63543777777778" lon="137.14685916666667">
<ele>9</ele>
</trkpt>
<trkpt lat="34.63543777777778" lon="137.14685916666667">
<ele>9</ele>
</trkpt>
<trkpt lat="34.63554388888889" lon="137.1466922222222">
<ele>9</ele>
</trkpt>
<trkpt lat="34.63564972222222" lon="137.146525">
<ele>9</ele>
</trkpt>
<trkpt lat="34.635755555555555" lon="137.14635777777778">
<ele>9</ele>
</trkpt>
<trkpt lat="34.63586166666666" lon="137.14619055555556">
<ele>9</ele>
</trkpt>
<trkpt lat="34.6359675" lon="137.1460236111111">
<ele>9</ele>
</trkpt>
<trkpt lat="34.636073333333336" lon="137.1458563888889">
<ele>9</ele>
</trkpt>
<trkpt lat="34.636179444444444" lon="137.14568916666667">
<ele>9</ele>
</trkpt>
<trkpt lat="34.63628527777778" lon="137.1455222222222">
<ele>9</ele>
</trkpt>
<trkpt lat="34.63639111111111" lon="137.145355">
<ele>9</ele>
</trkpt>
<trkpt lat="34.636497222222225" lon="137.14518777777778">
<ele>9</ele>
</trkpt>
<trkpt lat="34.636603055555554" lon="137.14502055555556">
<ele>9</ele>
</trkpt>
<trkpt lat="34.63670916666667" lon="137.1448536111111">
<ele>9</ele>
</trkpt>
<trkpt lat="34.636815" lon="137.14468638888889">
<ele>8</ele>
</trkpt>
<trkpt lat="34.636920833333335" lon="137.14451916666667">
<ele>8</ele>
</trkpt>
<trkpt lat="34.63702694444444" lon="137.1443522222222">
<ele>8</ele>
</trkpt>
<trkpt lat="34.63713277777778" lon="137.144185">
<ele>8</ele>
</trkpt>
<trkpt lat="34.63723861111111" lon="137.14401777777778">
<ele>8</ele>
</trkpt>
<trkpt lat="34.637344722222224" lon="137.14385055555556">
<ele>8</ele>
</trkpt>
<trkpt lat="34.63745055555555" lon="137.1436836111111">
<ele>8</ele>
</trkpt>
<trkpt lat="34.63745055555555" lon="137.1436836111111">
<ele>8</ele>
</trkpt>
<trkpt lat="34.63758" lon="137.14352444444444">
<ele>8</ele>
</trkpt>
<trkpt lat="34.63770944444445" lon="137.14336527777778">
<ele>8</ele>
</trkpt>
<trkpt lat="34.637839166666666" lon="137.1432061111111">
<ele>8</ele>
</trkpt>
<trkpt lat="34.63796861111111" lon="137.14304722222224">
<ele>8</ele>
</trkpt>
<trkpt lat="34.63809805555555" lon="137.14288805555555">
<ele>9</ele>
</trkpt>
<trkpt lat="34.6382275" lon="137.14272888888888">
<ele>9</ele>
</trkpt>
<trkpt lat="34.638356944444446" lon="137.14256972222222">
<ele>9</ele>
</trkpt>
<trkpt lat="34.638486666666665" lon="137.14241083333334">
<ele>9</ele>
</trkpt>
<trkpt lat="34.63861611111111" lon="137.14225166666668">
<ele>9</ele>
</trkpt>
<trkpt lat="34.63874555555556" lon="137.1420925">
<ele>9</ele>
</trkpt>
<trkpt lat="34.638875" lon="137.14193333333333">
<ele>8</ele>
</trkpt>
<trkpt lat="34.639004444444446" lon="137.14177444444445">
<ele>8</ele>
</trkpt>
<trkpt lat="34.639134166666665" lon="137.1416152777778">
<ele>8</ele>
</trkpt>
<trkpt lat="34.63926361111111" lon="137.1414561111111">
<ele>9</ele>
</trkpt>
<trkpt lat="34.63939305555556" lon="137.14129694444443">
<ele>9</ele>
</trkpt>
<trkpt lat="34.6395225" lon="137.14113805555556">
<ele>9</ele>
</trkpt>
<trkpt lat="34.639652222222225" lon="137.1409788888889">
<ele>9</ele>
</trkpt>
<trkpt lat="34.639781666666664" lon="137.14081972222223">
<ele>9</ele>
</trkpt>
<trkpt lat="34.63991111111111" lon="137.14066055555554">
<ele>9</ele>
</trkpt>
<trkpt lat="34.63991111111111" lon="137.14066055555554">
<ele>9</ele>
</trkpt>
<trkpt lat="34.63991111111111" lon="137.14066055555554">
<ele>9</ele>
</trkpt>
<trkpt lat="34.6398775" lon="137.1406247222222">
<ele>9</ele>
</trkpt>
<trkpt lat="34.63984361111111" lon="137.1405886111111">
<ele>9</ele>
</trkpt>
<trkpt lat="34.63981" lon="137.1405525">
<ele>9</ele>
</trkpt>
<trkpt lat="34.63977611111111" lon="137.1405163888889">
<ele>9</ele>
</trkpt>
<trkpt lat="34.6397425" lon="137.14048027777778">
<ele>9</ele>
</trkpt>
<trkpt lat="34.63970888888889" lon="137.14044416666667">
<ele>9</ele>
</trkpt>
<trkpt lat="34.639675" lon="137.14040833333334">
<ele>9</ele>
</trkpt>
<trkpt lat="34.63964138888889" lon="137.14037222222223">
<ele>9</ele>
</trkpt>
<trkpt lat="34.6396075" lon="137.1403361111111">
<ele>9</ele>
</trkpt>
<trkpt lat="34.63957388888889" lon="137.1403">
<ele>9</ele>
</trkpt>
<trkpt lat="34.63955138888889" lon="137.14027583333333">
<ele>9</ele>
</trkpt>
<trkpt lat="34.63955138888889" lon="137.14027583333333">
<ele>9</ele>
</trkpt>
<trkpt lat="34.63950888888889" lon="137.14025777777778">
<ele>9</ele>
</trkpt>
<trkpt lat="34.639466666666664" lon="137.14024">
<ele>9</ele>
</trkpt>
<trkpt lat="34.639424166666664" lon="137.14022194444445">
<ele>9</ele>
</trkpt>
<trkpt lat="34.639381666666665" lon="137.1402038888889">
<ele>9</ele>
</trkpt>
<trkpt lat="34.63935444444444" lon="137.14019222222223">
<ele>9</ele>
</trkpt>
<trkpt lat="34.63935444444444" lon="137.14019222222223">
<ele>9</ele>
</trkpt>
<trkpt lat="34.63932194444445" lon="137.14015444444445">
<ele>9</ele>
</trkpt>
<trkpt lat="34.639289444444444" lon="137.14011666666667">
<ele>9</ele>
</trkpt>
<trkpt lat="34.63925722222222" lon="137.1400788888889">
<ele>9</ele>
</trkpt>
<trkpt lat="34.639224722222224" lon="137.14004111111112">
<ele>9</ele>
</trkpt>
<trkpt lat="34.63919222222222" lon="137.14000333333334">
<ele>9</ele>
</trkpt>
<trkpt lat="34.63916" lon="137.13996527777778">
<ele>9</ele>
</trkpt>
<trkpt lat="34.63913361111111" lon="137.13993472222222">
<ele>9</ele>
</trkpt>
<trkpt lat="34.63913361111111" lon="137.13993472222222">
<ele>9</ele>
</trkpt>
<trkpt lat="34.63909694444445" lon="137.13990361111112">
<ele>9</ele>
</trkpt>
<trkpt lat="34.63906" lon="137.1398722222222">
<ele>9</ele>
</trkpt>
<trkpt lat="34.639023055555555" lon="137.13984083333332">
<ele>9</ele>
</trkpt>
<trkpt lat="34.63898638888889" lon="137.13980972222222">
<ele>9</ele>
</trkpt>
<trkpt lat="34.63894944444444" lon="137.13977833333334">
<ele>9</ele>
</trkpt>
<trkpt lat="34.638912777777776" lon="137.1397472222222">
<ele>9</ele>
</trkpt>
<trkpt lat="34.63887583333333" lon="137.13971583333333">
<ele>9</ele>
</trkpt>
<trkpt lat="34.63883916666666" lon="137.13968444444444">
<ele>9</ele>
</trkpt>
<trkpt lat="34.638802222222225" lon="137.13965333333334">
<ele>9</ele>
</trkpt>
<trkpt lat="34.63876555555556" lon="137.13962194444446">
<ele>9</ele>
</trkpt>
<trkpt lat="34.63872861111111" lon="137.13959055555554">
<ele>9</ele>
</trkpt>
<trkpt lat="34.638691944444446" lon="137.13955944444444">
<ele>9</ele>
</trkpt>
<trkpt lat="34.638655" lon="137.13952805555556">
<ele>9</ele>
</trkpt>
<trkpt lat="34.63861833333333" lon="137.13949694444443">
<ele>9</ele>
</trkpt>
<trkpt lat="34.63858138888889" lon="137.13946555555555">
<ele>9</ele>
</trkpt>
<trkpt lat="34.63856277777778" lon="137.13944972222222">
<ele>9</ele>
</trkpt>
<trkpt lat="34.63856277777778" lon="137.13944972222222">
<ele>9</ele>
</trkpt>
<trkpt lat="34.63856833333333" lon="137.13939555555555">
<ele>9</ele>
</trkpt>
<trkpt lat="34.63857388888889" lon="137.13934138888888">
<ele>9</ele>
</trkpt>
<trkpt lat="34.638579722222225" lon="137.1392872222222">
<ele>9</ele>
</trkpt>
<trkpt lat="34.63858527777778" lon="137.13923305555556">
<ele>9</ele>
</trkpt>
<trkpt lat="34.63859083333333" lon="137.1391788888889">
<ele>9</ele>
</trkpt>
<trkpt lat="34.63859638888889" lon="137.13912472222222">
<ele>9</ele>
</trkpt>
<trkpt lat="34.638602222222225" lon="137.13907055555555">
<ele>9</ele>
</trkpt>
<trkpt lat="34.63860777777778" lon="137.13901638888888">
<ele>9</ele>
</trkpt>
<trkpt lat="34.63861333333333" lon="137.13896222222223">
<ele>9</ele>
</trkpt>
<trkpt lat="34.63861888888889" lon="137.13890805555556">
<ele>9</ele>
</trkpt>
<trkpt lat="34.638624722222225" lon="137.1388538888889">
<ele>9</ele>
</trkpt>
<trkpt lat="34.63863027777778" lon="137.13879972222222">
<ele>9</ele>
</trkpt>
<trkpt lat="34.63863055555556" lon="137.1387975">
<ele>9</ele>
</trkpt>
<trkpt lat="34.63863055555556" lon="137.1387975">
<ele>9</ele>
</trkpt>
<trkpt lat="34.63864777777778" lon="137.13874722222224">
<ele>9</ele>
</trkpt>
<trkpt lat="34.638665" lon="137.13869666666668">
<ele>9</ele>
</trkpt>
<trkpt lat="34.63868222222222" lon="137.1386463888889">
<ele>10</ele>
</trkpt>
<trkpt lat="34.63869944444444" lon="137.13859583333334">
<ele>10</ele>
</trkpt>
<trkpt lat="34.63871694444445" lon="137.13854555555557">
<ele>10</ele>
</trkpt>
<trkpt lat="34.638734166666666" lon="137.13849527777776">
<ele>10</ele>
</trkpt>
<trkpt lat="34.63875138888889" lon="137.13844472222223">
<ele>10</ele>
</trkpt>
<trkpt lat="34.63876861111111" lon="137.13839444444446">
<ele>10</ele>
</trkpt>
<trkpt lat="34.63878583333333" lon="137.1383438888889">
<ele>10</ele>
</trkpt>
<trkpt lat="34.638803333333335" lon="137.13829361111112">
<ele>11</ele>
</trkpt>
<trkpt lat="34.63880694444445" lon="137.1382825">
<ele>11</ele>
</trkpt>
<trkpt lat="34.63880694444445" lon="137.1382825">
<ele>11</ele>
</trkpt>
<trkpt lat="34.63880972222222" lon="137.13820694444445">
<ele>12</ele>
</trkpt>
<trkpt lat="34.63881277777778" lon="137.1381311111111">
<ele>12</ele>
</trkpt>
<trkpt lat="34.63881555555555" lon="137.13805555555555">
<ele>12</ele>
</trkpt>
<trkpt lat="34.63881833333333" lon="137.13798">
<ele>13</ele>
</trkpt>
<trkpt lat="34.63882111111111" lon="137.13790416666666">
<ele>13</ele>
</trkpt>
<trkpt lat="34.638823888888886" lon="137.1378286111111">
<ele>13</ele>
</trkpt>
<trkpt lat="34.63882666666667" lon="137.13775305555555">
<ele>13</ele>
</trkpt>
<trkpt lat="34.63882944444445" lon="137.1376775">
<ele>13</ele>
</trkpt>
<trkpt lat="34.6388325" lon="137.13760166666665">
<ele>14</ele>
</trkpt>
<trkpt lat="34.63883527777778" lon="137.1375261111111">
<ele>14</ele>
</trkpt>
<trkpt lat="34.63883805555555" lon="137.13745055555555">
<ele>14</ele>
</trkpt>
<trkpt lat="34.63884083333333" lon="137.13737472222223">
<ele>13</ele>
</trkpt>
<trkpt lat="34.63884361111111" lon="137.13729916666668">
<ele>13</ele>
</trkpt>
<trkpt lat="34.63884638888889" lon="137.13722361111112">
<ele>13</ele>
</trkpt>
<trkpt lat="34.63884916666667" lon="137.13714777777778">
<ele>13</ele>
</trkpt>
<trkpt lat="34.63885222222222" lon="137.13707222222223">
<ele>13</ele>
</trkpt>
<trkpt lat="34.638855" lon="137.13699666666668">
<ele>12</ele>
</trkpt>
<trkpt lat="34.63885777777778" lon="137.13692083333333">
<ele>12</ele>
</trkpt>
<trkpt lat="34.63886055555555" lon="137.13684527777778">
<ele>12</ele>
</trkpt>
<trkpt lat="34.63886055555555" lon="137.13684527777778">
<ele>12</ele>
</trkpt>
<trkpt lat="34.63883583333333" lon="137.1368">
<ele>12</ele>
</trkpt>
<trkpt lat="34.63881111111111" lon="137.13675444444445">
<ele>11</ele>
</trkpt>
<trkpt lat="34.63878638888889" lon="137.13670888888888">
<ele>11</ele>
</trkpt>
<trkpt lat="34.63876166666667" lon="137.13666333333333">
<ele>11</ele>
</trkpt>
<trkpt lat="34.63873666666667" lon="137.1366177777778">
<ele>11</ele>
</trkpt>
<trkpt lat="34.638711944444445" lon="137.1365722222222">
<ele>11</ele>
</trkpt>
<trkpt lat="34.638687222222224" lon="137.13652666666667">
<ele>11</ele>
</trkpt>
<trkpt lat="34.6386625" lon="137.13648111111112">
<ele>11</ele>
</trkpt>
<trkpt lat="34.6386375" lon="137.13643555555555">
<ele>10</ele>
</trkpt>
<trkpt lat="34.63861277777778" lon="137.13639027777776">
<ele>10</ele>
</trkpt>
<trkpt lat="34.63858805555556" lon="137.13634472222222">
<ele>10</ele>
</trkpt>
<trkpt lat="34.63856333333333" lon="137.13629916666667">
<ele>10</ele>
</trkpt>
<trkpt lat="34.63853833333334" lon="137.1362536111111">
<ele>10</ele>
</trkpt>
<trkpt lat="34.63851361111111" lon="137.13620805555556">
<ele>9</ele>
</trkpt>
<trkpt lat="34.63848888888889" lon="137.1361625">
<ele>9</ele>
</trkpt>
<trkpt lat="34.638464166666665" lon="137.13611694444444">
<ele>9</ele>
</trkpt>
<trkpt lat="34.63844805555556" lon="137.1360875">
<ele>7</ele>
</trkpt>
<trkpt lat="34.63844805555556" lon="137.1360875">
<ele>7</ele>
</trkpt>
<trkpt lat="34.63845027777778" lon="137.13603305555554">
<ele>7</ele>
</trkpt>
<trkpt lat="34.6384525" lon="137.13597833333333">
<ele>9</ele>
</trkpt>
<trkpt lat="34.63845472222222" lon="137.1359238888889">
<ele>9</ele>
</trkpt>
<trkpt lat="34.63845694444444" lon="137.13586944444444">
<ele>11</ele>
</trkpt>
<trkpt lat="34.638459166666664" lon="137.135815">
<ele>11</ele>
</trkpt>
<trkpt lat="34.63846138888889" lon="137.1357602777778">
<ele>11</ele>
</trkpt>
<trkpt lat="34.63846361111111" lon="137.13570583333333">
<ele>11</ele>
</trkpt>
<trkpt lat="34.638465555555555" lon="137.13565833333334">
<ele>16</ele>
</trkpt>
<trkpt lat="34.638465555555555" lon="137.13565833333334">
<ele>11</ele>
</trkpt>
<trkpt lat="34.63842694444445" lon="137.1355863888889">
<ele>13</ele>
</trkpt>
<trkpt lat="34.63838805555555" lon="137.13551444444445">
<ele>13</ele>
</trkpt>
<trkpt lat="34.638349444444444" lon="137.1354425">
<ele>14</ele>
</trkpt>
<trkpt lat="34.638310833333335" lon="137.13537055555557">
<ele>15</ele>
</trkpt>
<trkpt lat="34.63827194444445" lon="137.13529861111112">
<ele>15</ele>
</trkpt>
<trkpt lat="34.63823333333333" lon="137.13522666666665">
<ele>15</ele>
</trkpt>
<trkpt lat="34.638194722222224" lon="137.1351547222222">
<ele>16</ele>
</trkpt>
<trkpt lat="34.638155833333336" lon="137.13508277777777">
<ele>16</ele>
</trkpt>
<trkpt lat="34.63811722222222" lon="137.13501083333333">
<ele>16</ele>
</trkpt>
<trkpt lat="34.63807861111111" lon="137.13493888888888">
<ele>16</ele>
</trkpt>
<trkpt lat="34.638039722222224" lon="137.13486694444444">
<ele>16</ele>
</trkpt>
<trkpt lat="34.63800111111111" lon="137.134795">
<ele>16</ele>
</trkpt>
<trkpt lat="34.63796222222222" lon="137.13472305555555">
<ele>16</ele>
</trkpt>
<trkpt lat="34.63792361111111" lon="137.1346511111111">
<ele>15</ele>
</trkpt>
<trkpt lat="34.637885" lon="137.13457916666667">
<ele>16</ele>
</trkpt>
<trkpt lat="34.63784611111111" lon="137.13450722222223">
<ele>16</ele>
</trkpt>
<trkpt lat="34.6378075" lon="137.13443527777778">
<ele>15</ele>
</trkpt>
<trkpt lat="34.637768888888885" lon="137.13436333333334">
<ele>17</ele>
</trkpt>
<trkpt lat="34.63773" lon="137.1342913888889">
<ele>17</ele>
</trkpt>
<trkpt lat="34.63773" lon="137.1342913888889">
<ele>17</ele>
</trkpt>
<trkpt lat="34.637724166666665" lon="137.13423722222223">
<ele>17</ele>
</trkpt>
<trkpt lat="34.63771833333333" lon="137.13418305555555">
<ele>16</ele>
</trkpt>
<trkpt lat="34.6377125" lon="137.13412916666667">
<ele>16</ele>
</trkpt>
<trkpt lat="34.63770638888889" lon="137.134075">
<ele>16</ele>
</trkpt>
<trkpt lat="34.637700555555554" lon="137.13402083333332">
<ele>16</ele>
</trkpt>
<trkpt lat="34.63769472222222" lon="137.13396666666668">
<ele>16</ele>
</trkpt>
<trkpt lat="34.63768888888889" lon="137.1339125">
<ele>16</ele>
</trkpt>
<trkpt lat="34.637682777777776" lon="137.13385833333334">
<ele>16</ele>
</trkpt>
<trkpt lat="34.63767694444444" lon="137.13380444444445">
<ele>16</ele>
</trkpt>
<trkpt lat="34.63767111111111" lon="137.13375027777778">
<ele>16</ele>
</trkpt>
<trkpt lat="34.63766527777778" lon="137.1336961111111">
<ele>18</ele>
</trkpt>
<trkpt lat="34.637659166666666" lon="137.13364194444443">
<ele>18</ele>
</trkpt>
<trkpt lat="34.63765333333333" lon="137.1335877777778">
<ele>18</ele>
</trkpt>
<trkpt lat="34.6376475" lon="137.13353361111112">
<ele>17</ele>
</trkpt>
<trkpt lat="34.63764166666667" lon="137.13347972222223">
<ele>17</ele>
</trkpt>
<trkpt lat="34.637635555555555" lon="137.13342555555556">
<ele>17</ele>
</trkpt>
<trkpt lat="34.63762972222222" lon="137.1333713888889">
<ele>17</ele>
</trkpt>
<trkpt lat="34.63762388888889" lon="137.13331722222222">
<ele>16</ele>
</trkpt>
<trkpt lat="34.63762277777778" lon="137.1333075">
<ele>16</ele>
</trkpt>
<trkpt lat="34.63762277777778" lon="137.1333075">
<ele>16</ele>
</trkpt>
<trkpt lat="34.63760361111111" lon="137.13325805555556">
<ele>16</ele>
</trkpt>
<trkpt lat="34.63758472222222" lon="137.13320861111112">
<ele>16</ele>
</trkpt>
<trkpt lat="34.637565555555554" lon="137.13315916666667">
<ele>16</ele>
</trkpt>
<trkpt lat="34.637546666666665" lon="137.13310972222223">
<ele>15</ele>
</trkpt>
<trkpt lat="34.6375275" lon="137.1330602777778">
<ele>15</ele>
</trkpt>
<trkpt lat="34.63750861111111" lon="137.13301083333334">
<ele>17</ele>
</trkpt>
<trkpt lat="34.63748972222222" lon="137.1329613888889">
<ele>17</ele>
</trkpt>
<trkpt lat="34.63747055555555" lon="137.13291194444446">
<ele>17</ele>
</trkpt>
<trkpt lat="34.637451666666664" lon="137.1328625">
<ele>16</ele>
</trkpt>
<trkpt lat="34.6374325" lon="137.13281305555554">
<ele>16</ele>
</trkpt>
<trkpt lat="34.637413611111114" lon="137.1327636111111">
<ele>15</ele>
</trkpt>
<trkpt lat="34.637394444444446" lon="137.13271416666666">
<ele>18</ele>
</trkpt>
<trkpt lat="34.63737555555556" lon="137.13266472222222">
<ele>17</ele>
</trkpt>
<trkpt lat="34.63735666666667" lon="137.132615">
<ele>17</ele>
</trkpt>
<trkpt lat="34.6373375" lon="137.13256555555554">
<ele>16</ele>
</trkpt>
<trkpt lat="34.637324722222225" lon="137.1325325">
<ele>16</ele>
</trkpt>
<trkpt lat="34.637324722222225" lon="137.1325325">
<ele>16</ele>
</trkpt>
<trkpt lat="34.63728555555556" lon="137.1324913888889">
<ele>17</ele>
</trkpt>
<trkpt lat="34.63724638888889" lon="137.13245027777776">
<ele>17</ele>
</trkpt>
<trkpt lat="34.63720722222222" lon="137.13240916666666">
<ele>18</ele>
</trkpt>
<trkpt lat="34.637168055555556" lon="137.13236805555556">
<ele>18</ele>
</trkpt>
<trkpt lat="34.63712916666667" lon="137.13232694444446">
<ele>16</ele>
</trkpt>
<trkpt lat="34.63709" lon="137.13228583333333">
<ele>18</ele>
</trkpt>
<trkpt lat="34.63705083333333" lon="137.13224472222223">
<ele>18</ele>
</trkpt>
<trkpt lat="34.637011666666666" lon="137.13220361111112">
<ele>17</ele>
</trkpt>
<trkpt lat="34.6369725" lon="137.1321625">
<ele>18</ele>
</trkpt>
<trkpt lat="34.63693333333333" lon="137.1321213888889">
<ele>18</ele>
</trkpt>
<trkpt lat="34.636894166666664" lon="137.1320802777778">
<ele>17</ele>
</trkpt>
<trkpt lat="34.636855" lon="137.13203916666666">
<ele>18</ele>
</trkpt>
<trkpt lat="34.63681583333333" lon="137.13199805555556">
<ele>17</ele>
</trkpt>
<trkpt lat="34.63677666666667" lon="137.13195694444445">
<ele>17</ele>
</trkpt>
<trkpt lat="34.6367375" lon="137.13191583333332">
<ele>17</ele>
</trkpt>
<trkpt lat="34.636698333333335" lon="137.13187472222222">
<ele>16</ele>
</trkpt>
<trkpt lat="34.63665944444445" lon="137.13183361111112">
<ele>17</ele>
</trkpt>
<trkpt lat="34.63662027777778" lon="137.1317925">
<ele>17</ele>
</trkpt>
<trkpt lat="34.63658111111111" lon="137.1317513888889">
<ele>15</ele>
</trkpt>
<trkpt lat="34.63658111111111" lon="137.1317513888889">
<ele>15</ele>
</trkpt>
<trkpt lat="34.63658111111111" lon="137.1317513888889">
<ele>15</ele>
</trkpt>
<trkpt lat="34.636609722222225" lon="137.13170916666667">
<ele>15</ele>
</trkpt>
<trkpt lat="34.63663833333333" lon="137.13166722222223">
<ele>15</ele>
</trkpt>
<trkpt lat="34.63666694444444" lon="137.13162527777777">
<ele>14</ele>
</trkpt>
<trkpt lat="34.636695555555555" lon="137.13158305555555">
<ele>14</ele>
</trkpt>
<trkpt lat="34.63672416666667" lon="137.13154111111112">
<ele>13</ele>
</trkpt>
<trkpt lat="34.63675305555556" lon="137.13149916666666">
<ele>13</ele>
</trkpt>
<trkpt lat="34.636781666666664" lon="137.13145694444444">
<ele>12</ele>
</trkpt>
<trkpt lat="34.636810277777776" lon="137.131415">
<ele>12</ele>
</trkpt>
<trkpt lat="34.636815" lon="137.13140805555557">
<ele>10</ele>
</trkpt>
<trkpt lat="34.636815" lon="137.13140805555557">
<ele>10</ele>
</trkpt>
<trkpt lat="34.63675583333333" lon="137.13131222222222">
<ele>11</ele>
</trkpt>
<trkpt lat="34.636696388888886" lon="137.13121666666666">
<ele>12</ele>
</trkpt>
<trkpt lat="34.63663722222222" lon="137.13112083333334">
<ele>12</ele>
</trkpt>
<trkpt lat="34.63657805555555" lon="137.131025">
<ele>11</ele>
</trkpt>
<trkpt lat="34.63651888888889" lon="137.13092944444443">
<ele>11</ele>
</trkpt>
<trkpt lat="34.63645944444445" lon="137.13083361111111">
<ele>11</ele>
</trkpt>
<trkpt lat="34.63640027777778" lon="137.13073805555555">
<ele>11</ele>
</trkpt>
<trkpt lat="34.63634111111111" lon="137.13064222222224">
<ele>11</ele>
</trkpt>
<trkpt lat="34.63628194444444" lon="137.13054666666667">
<ele>11</ele>
</trkpt>
<trkpt lat="34.6362225" lon="137.13045083333333">
<ele>11</ele>
</trkpt>
<trkpt lat="34.636163333333336" lon="137.13035527777777">
<ele>11</ele>
</trkpt>
<trkpt lat="34.63610416666667" lon="137.13025944444445">
<ele>11</ele>
</trkpt>
<trkpt lat="34.636045" lon="137.1301636111111">
<ele>11</ele>
</trkpt>
<trkpt lat="34.63598555555556" lon="137.13006805555557">
<ele>11</ele>
</trkpt>
<trkpt lat="34.63592638888889" lon="137.12997222222222">
<ele>11</ele>
</trkpt>
<trkpt lat="34.635867222222224" lon="137.12987666666666">
<ele>11</ele>
</trkpt>
<trkpt lat="34.63580805555556" lon="137.12978083333334">
<ele>11</ele>
</trkpt>
<trkpt lat="34.63574861111111" lon="137.12968527777778">
<ele>11</ele>
</trkpt>
<trkpt lat="34.635689444444445" lon="137.12958944444443">
<ele>11</ele>
</trkpt>
<trkpt lat="34.635689444444445" lon="137.12958944444443">
<ele>11</ele>
</trkpt>
<trkpt lat="34.635689444444445" lon="137.12958944444443">
<ele>11</ele>
</trkpt>
<trkpt lat="34.63567722222222" lon="137.12953694444445">
<ele>10</ele>
</trkpt>
<trkpt lat="34.635665" lon="137.12948444444444">
<ele>10</ele>
</trkpt>
<trkpt lat="34.6356525" lon="137.12943194444443">
<ele>10</ele>
</trkpt>
<trkpt lat="34.635640277777775" lon="137.12937944444445">
<ele>10</ele>
</trkpt>
<trkpt lat="34.63562805555556" lon="137.12932694444444">
<ele>10</ele>
</trkpt>
<trkpt lat="34.63561583333333" lon="137.12927444444443">
<ele>10</ele>
</trkpt>
<trkpt lat="34.63560361111111" lon="137.12922194444445">
<ele>10</ele>
</trkpt>
<trkpt lat="34.63559111111111" lon="137.12916944444444">
<ele>10</ele>
</trkpt>
<trkpt lat="34.63557888888889" lon="137.12911694444443">
<ele>10</ele>
</trkpt>
<trkpt lat="34.63556666666667" lon="137.12906444444445">
<ele>10</ele>
</trkpt>
<trkpt lat="34.635554444444445" lon="137.12901194444444">
<ele>11</ele>
</trkpt>
<trkpt lat="34.63554194444445" lon="137.12895944444443">
<ele>10</ele>
</trkpt>
<trkpt lat="34.63552972222222" lon="137.12890694444445">
<ele>10</ele>
</trkpt>
<trkpt lat="34.6355175" lon="137.12885444444444">
<ele>10</ele>
</trkpt>
<trkpt lat="34.635505277777774" lon="137.12880194444443">
<ele>10</ele>
</trkpt>
<trkpt lat="34.63549277777778" lon="137.12874944444445">
<ele>10</ele>
</trkpt>
<trkpt lat="34.63548055555555" lon="137.12869666666666">
<ele>10</ele>
</trkpt>
<trkpt lat="34.635468333333336" lon="137.12864416666667">
<ele>9</ele>
</trkpt>
<trkpt lat="34.63545611111111" lon="137.12859166666667">
<ele>9</ele>
</trkpt>
<trkpt lat="34.63544388888889" lon="137.12853916666666">
<ele>9</ele>
</trkpt>
<trkpt lat="34.63543138888889" lon="137.12848666666667">
<ele>9</ele>
</trkpt>
<trkpt lat="34.635419166666665" lon="137.12843416666666">
<ele>8</ele>
</trkpt>
<trkpt lat="34.63540694444445" lon="137.12838166666666">
<ele>8</ele>
</trkpt>
<trkpt lat="34.63539472222222" lon="137.12832916666667">
<ele>7</ele>
</trkpt>
<trkpt lat="34.63538222222222" lon="137.12827666666666">
<ele>7</ele>
</trkpt>
<trkpt lat="34.63537" lon="137.12822416666666">
<ele>7</ele>
</trkpt>
<trkpt lat="34.63535777777778" lon="137.12817166666667">
<ele>8</ele>
</trkpt>
<trkpt lat="34.63534555555555" lon="137.12811916666666">
<ele>8</ele>
</trkpt>
<trkpt lat="34.635333333333335" lon="137.12806666666665">
<ele>8</ele>
</trkpt>
<trkpt lat="34.63532083333333" lon="137.12801416666667">
<ele>8</ele>
</trkpt>
<trkpt lat="34.635308611111114" lon="137.12796166666666">
<ele>9</ele>
</trkpt>
<trkpt lat="34.63529666666667" lon="137.12791027777777">
<ele>9</ele>
</trkpt>
<trkpt lat="34.63529666666667" lon="137.12791027777777">
<ele>9</ele>
</trkpt>
<trkpt lat="34.63534111111111" lon="137.12790305555555">
<ele>8</ele>
</trkpt>
<trkpt lat="34.63538555555556" lon="137.12789555555557">
<ele>8</ele>
</trkpt>
<trkpt lat="34.63543" lon="137.12788805555556">
<ele>9</ele>
</trkpt>
<trkpt lat="34.63547472222222" lon="137.12788055555555">
<ele>8</ele>
</trkpt>
<trkpt lat="34.63551916666667" lon="137.12787333333333">
<ele>8</ele>
</trkpt>
<trkpt lat="34.63556361111111" lon="137.12786583333335">
<ele>8</ele>
</trkpt>
<trkpt lat="34.63560805555556" lon="137.12785833333334">
<ele>8</ele>
</trkpt>
<trkpt lat="34.6356525" lon="137.12785083333333">
<ele>8</ele>
</trkpt>
<trkpt lat="34.63569722222222" lon="137.1278436111111">
<ele>7</ele>
</trkpt>
<trkpt lat="34.63574166666667" lon="137.12783611111112">
<ele>7</ele>
</trkpt>
<trkpt lat="34.63578611111111" lon="137.1278286111111">
<ele>7</ele>
</trkpt>
<trkpt lat="34.63583055555556" lon="137.1278213888889">
<ele>7</ele>
</trkpt>
<trkpt lat="34.635875" lon="137.12781388888888">
<ele>7</ele>
</trkpt>
<trkpt lat="34.63591972222222" lon="137.1278063888889">
<ele>6</ele>
</trkpt>
<trkpt lat="34.63596416666667" lon="137.1277988888889">
<ele>6</ele>
</trkpt>
<trkpt lat="34.63600861111111" lon="137.12779166666667">
<ele>6</ele>
</trkpt>
<trkpt lat="34.63605305555556" lon="137.12778416666666">
<ele>6</ele>
</trkpt>
<trkpt lat="34.6360975" lon="137.12777666666668">
<ele>6</ele>
</trkpt>
<trkpt lat="34.63614222222222" lon="137.12776916666667">
<ele>6</ele>
</trkpt>
<trkpt lat="34.63618666666667" lon="137.12776194444444">
<ele>6</ele>
</trkpt>
<trkpt lat="34.63623111111111" lon="137.12775444444443">
<ele>5</ele>
</trkpt>
<trkpt lat="34.63627555555556" lon="137.12774694444445">
<ele>5</ele>
</trkpt>
<trkpt lat="34.63632" lon="137.12773944444444">
<ele>5</ele>
</trkpt>
<trkpt lat="34.636325" lon="137.1277386111111">
<ele>5</ele>
</trkpt>
<trkpt lat="34.636325" lon="137.1277386111111">
<ele>5</ele>
</trkpt>
<trkpt lat="34.63627638888889" lon="137.12761555555556">
<ele>5</ele>
</trkpt>
<trkpt lat="34.6362275" lon="137.1274925">
<ele>5</ele>
</trkpt>
<trkpt lat="34.63617861111111" lon="137.12736944444444">
<ele>5</ele>
</trkpt>
<trkpt lat="34.63613" lon="137.1272463888889">
<ele>5</ele>
</trkpt>
<trkpt lat="34.63608111111111" lon="137.12712333333334">
<ele>6</ele>
</trkpt>
<trkpt lat="34.63603222222222" lon="137.12700027777777">
<ele>5</ele>
</trkpt>
<trkpt lat="34.63598361111111" lon="137.12687722222222">
<ele>6</ele>
</trkpt>
<trkpt lat="34.635934722222224" lon="137.12675416666667">
<ele>5</ele>
</trkpt>
<trkpt lat="34.63588611111111" lon="137.12663111111112">
<ele>6</ele>
</trkpt>
<trkpt lat="34.63583722222222" lon="137.12650805555555">
<ele>5</ele>
</trkpt>
<trkpt lat="34.63578833333333" lon="137.126385">
<ele>5</ele>
</trkpt>
<trkpt lat="34.63573972222222" lon="137.12626194444445">
<ele>5</ele>
</trkpt>
<trkpt lat="34.635690833333335" lon="137.1261388888889">
<ele>5</ele>
</trkpt>
<trkpt lat="34.635641944444444" lon="137.12601583333333">
<ele>5</ele>
</trkpt>
<trkpt lat="34.63559333333333" lon="137.12589277777778">
<ele>5</ele>
</trkpt>
<trkpt lat="34.63554444444444" lon="137.12576972222223">
<ele>5</ele>
</trkpt>
<trkpt lat="34.63549583333333" lon="137.12564666666665">
<ele>5</ele>
</trkpt>
<trkpt lat="34.635446944444446" lon="137.1255236111111">
<ele>5</ele>
</trkpt>
<trkpt lat="34.635398055555555" lon="137.12540055555556">
<ele>5</ele>
</trkpt>
<trkpt lat="34.635398055555555" lon="137.12540055555556">
<ele>5</ele>
</trkpt>
<trkpt lat="34.63533694444445" lon="137.12528944444443">
<ele>5</ele>
</trkpt>
<trkpt lat="34.63527583333333" lon="137.12517805555555">
<ele>5</ele>
</trkpt>
<trkpt lat="34.63521444444444" lon="137.12506694444446">
<ele>6</ele>
</trkpt>
<trkpt lat="34.635153333333335" lon="137.12495583333333">
<ele>5</ele>
</trkpt>
<trkpt lat="34.63509222222222" lon="137.12484472222224">
<ele>6</ele>
</trkpt>
<trkpt lat="34.63503083333333" lon="137.1247336111111">
<ele>5</ele>
</trkpt>
<trkpt lat="34.63496972222222" lon="137.1246225">
<ele>5</ele>
</trkpt>
<trkpt lat="34.634908333333335" lon="137.1245113888889">
<ele>5</ele>
</trkpt>
<trkpt lat="34.63484722222222" lon="137.12440027777777">
<ele>5</ele>
</trkpt>
<trkpt lat="34.63478611111111" lon="137.12428916666667">
<ele>5</ele>
</trkpt>
<trkpt lat="34.634724722222224" lon="137.12417805555555">
<ele>5</ele>
</trkpt>
<trkpt lat="34.63466361111111" lon="137.12406694444445">
<ele>5</ele>
</trkpt>
<trkpt lat="34.6346025" lon="137.12395583333333">
<ele>5</ele>
</trkpt>
<trkpt lat="34.63454111111111" lon="137.12384472222223">
<ele>5</ele>
</trkpt>
<trkpt lat="34.63448" lon="137.1237336111111">
<ele>5</ele>
</trkpt>
<trkpt lat="34.63441888888889" lon="137.1236225">
<ele>6</ele>
</trkpt>
<trkpt lat="34.6343575" lon="137.1235113888889">
<ele>6</ele>
</trkpt>
<trkpt lat="34.63429638888889" lon="137.1234002777778">
<ele>7</ele>
</trkpt>
<trkpt lat="34.634235" lon="137.12328916666667">
<ele>7</ele>
</trkpt>
<trkpt lat="34.63417388888889" lon="137.12317805555554">
<ele>6</ele>
</trkpt>
<trkpt lat="34.63411277777778" lon="137.12306694444445">
<ele>6</ele>
</trkpt>
<trkpt lat="34.63405138888889" lon="137.12295583333332">
<ele>6</ele>
</trkpt>
<trkpt lat="34.63399027777778" lon="137.12284472222223">
<ele>6</ele>
</trkpt>
<trkpt lat="34.63392916666667" lon="137.1227336111111">
<ele>6</ele>
</trkpt>
<trkpt lat="34.63386777777778" lon="137.1226225">
<ele>6</ele>
</trkpt>
<trkpt lat="34.633806666666665" lon="137.12251138888888">
<ele>7</ele>
</trkpt>
<trkpt lat="34.63374527777778" lon="137.12240027777779">
<ele>7</ele>
</trkpt>
<trkpt lat="34.63368416666667" lon="137.12228916666666">
<ele>7</ele>
</trkpt>
<trkpt lat="34.63362305555555" lon="137.12217805555557">
<ele>8</ele>
</trkpt>
<trkpt lat="34.633561666666665" lon="137.12206694444444">
<ele>8</ele>
</trkpt>
<trkpt lat="34.63350055555556" lon="137.12195583333335">
<ele>7</ele>
</trkpt>
<trkpt lat="34.63343944444444" lon="137.12184472222222">
<ele>8</ele>
</trkpt>
<trkpt lat="34.63337805555555" lon="137.12173361111113">
<ele>7</ele>
</trkpt>
<trkpt lat="34.633316944444445" lon="137.1216225">
<ele>8</ele>
</trkpt>
<trkpt lat="34.63325583333334" lon="137.12151138888888">
<ele>8</ele>
</trkpt>
<trkpt lat="34.63319444444444" lon="137.12140027777778">
<ele>8</ele>
</trkpt>
<trkpt lat="34.63313333333333" lon="137.12128916666666">
<ele>7</ele>
</trkpt>
<trkpt lat="34.633071944444445" lon="137.12117805555556">
<ele>8</ele>
</trkpt>
<trkpt lat="34.633071944444445" lon="137.12117805555556">
<ele>8</ele>
</trkpt>
<trkpt lat="34.633044166666664" lon="137.12111416666667">
<ele>8</ele>
</trkpt>
<trkpt lat="34.63301638888889" lon="137.12105">
<ele>7</ele>
</trkpt>
<trkpt lat="34.63298833333333" lon="137.1209861111111">
<ele>8</ele>
</trkpt>
<trkpt lat="34.632960555555556" lon="137.12092194444443">
<ele>8</ele>
</trkpt>
<trkpt lat="34.632932777777775" lon="137.12085805555554">
<ele>7</ele>
</trkpt>
<trkpt lat="34.63290472222222" lon="137.12079416666666">
<ele>7</ele>
</trkpt>
<trkpt lat="34.63287694444445" lon="137.12073">
<ele>8</ele>
</trkpt>
<trkpt lat="34.63284916666667" lon="137.12066611111112">
<ele>8</ele>
</trkpt>
<trkpt lat="34.63282111111111" lon="137.12060194444445">
<ele>8</ele>
</trkpt>
<trkpt lat="34.63279333333333" lon="137.12053805555556">
<ele>7</ele>
</trkpt>
<trkpt lat="34.63276555555556" lon="137.12047416666667">
<ele>8</ele>
</trkpt>
<trkpt lat="34.6327375" lon="137.12041">
<ele>8</ele>
</trkpt>
<trkpt lat="34.63270972222222" lon="137.1203461111111">
<ele>8</ele>
</trkpt>
<trkpt lat="34.63268166666667" lon="137.12028194444446">
<ele>8</ele>
</trkpt>
<trkpt lat="34.63265388888889" lon="137.12021805555557">
<ele>8</ele>
</trkpt>
<trkpt lat="34.63262611111111" lon="137.12015416666668">
<ele>8</ele>
</trkpt>
<trkpt lat="34.632598055555555" lon="137.12009">
<ele>8</ele>
</trkpt>
<trkpt lat="34.63257027777778" lon="137.12002611111112">
<ele>8</ele>
</trkpt>
<trkpt lat="34.6325425" lon="137.11996194444444">
<ele>8</ele>
</trkpt>
<trkpt lat="34.6325425" lon="137.11996194444444">
<ele>8</ele>
</trkpt>
<trkpt lat="34.63248388888889" lon="137.11963">
<ele>8</ele>
</trkpt>
<trkpt lat="34.63242527777778" lon="137.11929805555556">
<ele>7</ele>
</trkpt>
<trkpt lat="34.63236666666667" lon="137.11896611111112">
<ele>7</ele>
</trkpt>
<trkpt lat="34.632308333333334" lon="137.1186338888889">
<ele>6</ele>
</trkpt>
<trkpt lat="34.63224972222222" lon="137.11830194444445">
<ele>6</ele>
</trkpt>
<trkpt lat="34.63219111111111" lon="137.11797">
<ele>7</ele>
</trkpt>
<trkpt lat="34.6321325" lon="137.1176377777778">
<ele>7</ele>
</trkpt>
<trkpt lat="34.63207416666667" lon="137.11730583333335">
<ele>8</ele>
</trkpt>
<trkpt lat="34.632015555555554" lon="137.11697388888888">
<ele>8</ele>
</trkpt>
<trkpt lat="34.63195694444445" lon="137.11664166666668">
<ele>9</ele>
</trkpt>
<trkpt lat="34.63189833333333" lon="137.1163097222222">
<ele>9</ele>
</trkpt>
<trkpt lat="34.63184" lon="137.11597777777777">
<ele>9</ele>
</trkpt>
<trkpt lat="34.63178138888889" lon="137.11564583333333">
<ele>9</ele>
</trkpt>
<trkpt lat="34.631722777777775" lon="137.1153136111111">
<ele>9</ele>
</trkpt>
<trkpt lat="34.63166416666667" lon="137.11498166666667">
<ele>8</ele>
</trkpt>
<trkpt lat="34.63160583333333" lon="137.11464972222223">
<ele>8</ele>
</trkpt>
<trkpt lat="34.631547222222224" lon="137.1143175">
<ele>9</ele>
</trkpt>
<trkpt lat="34.63148861111111" lon="137.11398555555556">
<ele>9</ele>
</trkpt>
<trkpt lat="34.63143" lon="137.11365361111112">
<ele>9</ele>
</trkpt>
<trkpt lat="34.63143" lon="137.11365361111112">
<ele>9</ele>
</trkpt>
<trkpt lat="34.63139416666667" lon="137.11341083333335">
<ele>9</ele>
</trkpt>
<trkpt lat="34.63135805555556" lon="137.11316805555555">
<ele>9</ele>
</trkpt>
<trkpt lat="34.631321944444444" lon="137.11292555555556">
<ele>9</ele>
</trkpt>
<trkpt lat="34.63128611111111" lon="137.1126827777778">
<ele>9</ele>
</trkpt>
<trkpt lat="34.63125" lon="137.11244027777778">
<ele>9</ele>
</trkpt>
<trkpt lat="34.631214166666666" lon="137.1121975">
<ele>9</ele>
</trkpt>
<trkpt lat="34.63117805555556" lon="137.1119547222222">
<ele>9</ele>
</trkpt>
<trkpt lat="34.631141944444444" lon="137.11171222222222">
<ele>9</ele>
</trkpt>
<trkpt lat="34.63110611111111" lon="137.11146944444445">
<ele>9</ele>
</trkpt>
<trkpt lat="34.63107" lon="137.11122694444444">
<ele>9</ele>
</trkpt>
<trkpt lat="34.63103388888889" lon="137.11098416666667">
<ele>9</ele>
</trkpt>
<trkpt lat="34.63099805555556" lon="137.1107413888889">
<ele>9</ele>
</trkpt>
<trkpt lat="34.630961944444444" lon="137.11049888888888">
<ele>9</ele>
</trkpt>
<trkpt lat="34.630925833333336" lon="137.1102561111111">
<ele>9</ele>
</trkpt>
<trkpt lat="34.63089" lon="137.1100136111111">
<ele>9</ele>
</trkpt>
<trkpt lat="34.630853888888886" lon="137.10977083333333">
<ele>9</ele>
</trkpt>
<trkpt lat="34.63081805555556" lon="137.10952805555556">
<ele>9</ele>
</trkpt>
<trkpt lat="34.63078194444444" lon="137.10928555555554">
<ele>9</ele>
</trkpt>
<trkpt lat="34.630745833333336" lon="137.10904277777777">
<ele>9</ele>
</trkpt>
<trkpt lat="34.630745833333336" lon="137.10904277777777">
<ele>9</ele>
</trkpt>
<trkpt lat="34.63060194444444" lon="137.10879222222223">
<ele>8</ele>
</trkpt>
<trkpt lat="34.63045777777778" lon="137.10854138888888">
<ele>8</ele>
</trkpt>
<trkpt lat="34.63031388888889" lon="137.10829055555556">
<ele>9</ele>
</trkpt>
<trkpt lat="34.63016972222222" lon="137.10804">
<ele>8</ele>
</trkpt>
<trkpt lat="34.630025833333335" lon="137.10778916666666">
<ele>8</ele>
</trkpt>
<trkpt lat="34.62988166666667" lon="137.10753861111112">
<ele>8</ele>
</trkpt>
<trkpt lat="34.62973777777778" lon="137.10728777777777">
<ele>8</ele>
</trkpt>
<trkpt lat="34.62959361111111" lon="137.10703694444445">
<ele>8</ele>
</trkpt>
<trkpt lat="34.62944944444445" lon="137.10678638888888">
<ele>8</ele>
</trkpt>
<trkpt lat="34.629305555555554" lon="137.10653555555555">
<ele>8</ele>
</trkpt>
<trkpt lat="34.62916138888889" lon="137.106285">
<ele>8</ele>
</trkpt>
<trkpt lat="34.6290175" lon="137.10603416666666">
<ele>8</ele>
</trkpt>
<trkpt lat="34.62887333333333" lon="137.10578361111112">
<ele>8</ele>
</trkpt>
<trkpt lat="34.628729444444446" lon="137.10553277777777">
<ele>8</ele>
</trkpt>
<trkpt lat="34.62858527777778" lon="137.10528194444444">
<ele>8</ele>
</trkpt>
<trkpt lat="34.62844138888889" lon="137.10503138888888">
<ele>8</ele>
</trkpt>
<trkpt lat="34.62829722222222" lon="137.10478055555555">
<ele>8</ele>
</trkpt>
<trkpt lat="34.62815333333333" lon="137.10453">
<ele>8</ele>
</trkpt>
<trkpt lat="34.628009166666665" lon="137.10427916666666">
<ele>8</ele>
</trkpt>
<trkpt lat="34.628009166666665" lon="137.10427916666666">
<ele>8</ele>
</trkpt>
<trkpt lat="34.628009166666665" lon="137.10427916666666">
<ele>8</ele>
</trkpt>
<trkpt lat="34.62798166666666" lon="137.1042361111111">
<ele>8</ele>
</trkpt>
<trkpt lat="34.62795388888889" lon="137.10419305555556">
<ele>8</ele>
</trkpt>
<trkpt lat="34.62792638888889" lon="137.10415">
<ele>8</ele>
</trkpt>
<trkpt lat="34.627898611111114" lon="137.10410694444445">
<ele>8</ele>
</trkpt>
<trkpt lat="34.62787111111111" lon="137.1040638888889">
<ele>8</ele>
</trkpt>
<trkpt lat="34.62784361111111" lon="137.10402083333332">
<ele>8</ele>
</trkpt>
<trkpt lat="34.62781583333334" lon="137.10397777777777">
<ele>8</ele>
</trkpt>
<trkpt lat="34.627788333333335" lon="137.10393472222222">
<ele>8</ele>
</trkpt>
<trkpt lat="34.627760555555554" lon="137.10389166666667">
<ele>8</ele>
</trkpt>
<trkpt lat="34.62773305555555" lon="137.10384861111112">
<ele>8</ele>
</trkpt>
<trkpt lat="34.62770527777778" lon="137.10380555555557">
<ele>8</ele>
</trkpt>
<trkpt lat="34.62770472222222" lon="137.10380444444445">
<ele>8</ele>
</trkpt>
<trkpt lat="34.62770472222222" lon="137.10380444444445">
<ele>8</ele>
</trkpt>
<trkpt lat="34.627629444444445" lon="137.10376027777778">
<ele>8</ele>
</trkpt>
<trkpt lat="34.62755416666667" lon="137.1037163888889">
<ele>8</ele>
</trkpt>
<trkpt lat="34.62747888888889" lon="137.10367222222223">
<ele>8</ele>
</trkpt>
<trkpt lat="34.62740361111111" lon="137.10362833333335">
<ele>8</ele>
</trkpt>
<trkpt lat="34.62732833333333" lon="137.10358416666668">
<ele>8</ele>
</trkpt>
<trkpt lat="34.627253055555556" lon="137.10354027777777">
<ele>8</ele>
</trkpt>
<trkpt lat="34.627177777777774" lon="137.1034961111111">
<ele>8</ele>
</trkpt>
<trkpt lat="34.6271025" lon="137.10345222222222">
<ele>8</ele>
</trkpt>
<trkpt lat="34.627027222222225" lon="137.10340805555555">
<ele>8</ele>
</trkpt>
<trkpt lat="34.62695194444444" lon="137.10336388888888">
<ele>8</ele>
</trkpt>
<trkpt lat="34.62687666666667" lon="137.10332">
<ele>8</ele>
</trkpt>
<trkpt lat="34.626801388888886" lon="137.10327583333333">
<ele>8</ele>
</trkpt>
<trkpt lat="34.62672611111111" lon="137.10323194444445">
<ele>9</ele>
</trkpt>
<trkpt lat="34.626650833333336" lon="137.10318777777778">
<ele>9</ele>
</trkpt>
<trkpt lat="34.626575555555554" lon="137.1031438888889">
<ele>9</ele>
</trkpt>
<trkpt lat="34.62650027777778" lon="137.10309972222223">
<ele>9</ele>
</trkpt>
<trkpt lat="34.626425" lon="137.10305555555556">
<ele>9</ele>
</trkpt>
<trkpt lat="34.62634972222222" lon="137.10301166666667">
<ele>9</ele>
</trkpt>
<trkpt lat="34.62627444444445" lon="137.1029675">
<ele>9</ele>
</trkpt>
<trkpt lat="34.62627444444445" lon="137.1029675">
<ele>9</ele>
</trkpt>
<trkpt lat="34.62627444444445" lon="137.1029675">
<ele>9</ele>
</trkpt>
<trkpt lat="34.6262375" lon="137.10286527777777">
<ele>9</ele>
</trkpt>
<trkpt lat="34.626200555555556" lon="137.10276305555556">
<ele>9</ele>
</trkpt>
<trkpt lat="34.62616361111111" lon="137.10266083333335">
<ele>9</ele>
</trkpt>
<trkpt lat="34.626126666666664" lon="137.1025586111111">
<ele>9</ele>
</trkpt>
<trkpt lat="34.626089722222225" lon="137.1024563888889">
<ele>9</ele>
</trkpt>
<trkpt lat="34.62605277777778" lon="137.1023538888889">
<ele>9</ele>
</trkpt>
<trkpt lat="34.626015833333334" lon="137.10225166666666">
<ele>9</ele>
</trkpt>
<trkpt lat="34.62597888888889" lon="137.10214944444445">
<ele>9</ele>
</trkpt>
<trkpt lat="34.62594194444444" lon="137.1020472222222">
<ele>9</ele>
</trkpt>
<trkpt lat="34.625905" lon="137.101945">
<ele>9</ele>
</trkpt>
<trkpt lat="34.62586805555556" lon="137.1018427777778">
<ele>9</ele>
</trkpt>
<trkpt lat="34.62583111111111" lon="137.10174027777776">
<ele>9</ele>
</trkpt>
<trkpt lat="34.625794166666665" lon="137.10163805555555">
<ele>9</ele>
</trkpt>
<trkpt lat="34.62575722222222" lon="137.10153583333334">
<ele>9</ele>
</trkpt>
<trkpt lat="34.62572027777778" lon="137.1014336111111">
<ele>9</ele>
</trkpt>
<trkpt lat="34.625683333333335" lon="137.1013313888889">
<ele>9</ele>
</trkpt>
<trkpt lat="34.62564638888889" lon="137.10122916666666">
<ele>9</ele>
</trkpt>
<trkpt lat="34.62560944444444" lon="137.10112666666666">
<ele>9</ele>
</trkpt>
<trkpt lat="34.6255725" lon="137.10102444444445">
<ele>9</ele>
</trkpt>
<trkpt lat="34.6255725" lon="137.10102444444445">
<ele>9</ele>
</trkpt>
<trkpt lat="34.6255725" lon="137.10102444444445">
<ele>9</ele>
</trkpt>
<trkpt lat="34.6254475" lon="137.10076416666666">
<ele>8</ele>
</trkpt>
<trkpt lat="34.6253225" lon="137.10050388888888">
<ele>8</ele>
</trkpt>
<trkpt lat="34.6251975" lon="137.10024361111113">
<ele>8</ele>
</trkpt>
<trkpt lat="34.6250725" lon="137.09998333333334">
<ele>8</ele>
</trkpt>
<trkpt lat="34.6249475" lon="137.09972305555556">
<ele>8</ele>
</trkpt>
<trkpt lat="34.6248225" lon="137.0994625">
<ele>8</ele>
</trkpt>
<trkpt lat="34.6246975" lon="137.09920222222223">
<ele>8</ele>
</trkpt>
<trkpt lat="34.6245725" lon="137.09894194444445">
<ele>8</ele>
</trkpt>
<trkpt lat="34.6244475" lon="137.09868166666666">
<ele>8</ele>
</trkpt>
<trkpt lat="34.6243225" lon="137.09842138888888">
<ele>8</ele>
</trkpt>
<trkpt lat="34.6241975" lon="137.09816111111112">
<ele>8</ele>
</trkpt>
<trkpt lat="34.6240725" lon="137.09790083333334">
<ele>8</ele>
</trkpt>
<trkpt lat="34.6239475" lon="137.09764027777777">
<ele>8</ele>
</trkpt>
<trkpt lat="34.6238225" lon="137.09738">
<ele>8</ele>
</trkpt>
<trkpt lat="34.6236975" lon="137.09711972222223">
<ele>7</ele>
</trkpt>
<trkpt lat="34.6235725" lon="137.09685944444445">
<ele>7</ele>
</trkpt>
<trkpt lat="34.6234475" lon="137.09659916666666">
<ele>7</ele>
</trkpt>
<trkpt lat="34.6233225" lon="137.09633888888888">
<ele>7</ele>
</trkpt>
<trkpt lat="34.6231975" lon="137.09607861111112">
<ele>7</ele>
</trkpt>
<trkpt lat="34.6231975" lon="137.09607861111112">
<ele>7</ele>
</trkpt>
<trkpt lat="34.6231975" lon="137.09607861111112">
<ele>7</ele>
</trkpt>
<trkpt lat="34.623165" lon="137.0959975">
<ele>7</ele>
</trkpt>
<trkpt lat="34.6231325" lon="137.09591666666665">
<ele>7</ele>
</trkpt>
<trkpt lat="34.6231" lon="137.09583583333333">
<ele>7</ele>
</trkpt>
<trkpt lat="34.6230675" lon="137.095755">
<ele>7</ele>
</trkpt>
<trkpt lat="34.623035" lon="137.09567416666667">
<ele>7</ele>
</trkpt>
<trkpt lat="34.6230025" lon="137.09559305555555">
<ele>7</ele>
</trkpt>
<trkpt lat="34.62297" lon="137.09551222222223">
<ele>7</ele>
</trkpt>
<trkpt lat="34.6229375" lon="137.0954313888889">
<ele>7</ele>
</trkpt>
<trkpt lat="34.622905" lon="137.09535055555557">
<ele>7</ele>
</trkpt>
<trkpt lat="34.62287222222222" lon="137.0952697222222">
<ele>7</ele>
</trkpt>
<trkpt lat="34.622839722222224" lon="137.0951886111111">
<ele>7</ele>
</trkpt>
<trkpt lat="34.62280722222222" lon="137.09510777777777">
<ele>7</ele>
</trkpt>
<trkpt lat="34.622774722222225" lon="137.09502694444444">
<ele>7</ele>
</trkpt>
<trkpt lat="34.62274222222222" lon="137.0949461111111">
<ele>7</ele>
</trkpt>
<trkpt lat="34.622709722222226" lon="137.09486527777779">
<ele>7</ele>
</trkpt>
<trkpt lat="34.62267722222222" lon="137.09478416666667">
<ele>7</ele>
</trkpt>
<trkpt lat="34.62264472222222" lon="137.09470333333334">
<ele>7</ele>
</trkpt>
<trkpt lat="34.62261222222222" lon="137.0946225">
<ele>7</ele>
</trkpt>
<trkpt lat="34.62257972222222" lon="137.09454166666666">
<ele>7</ele>
</trkpt>
<trkpt lat="34.62257972222222" lon="137.09454166666666">
<ele>7</ele>
</trkpt>
<trkpt lat="34.622535" lon="137.09454722222222">
<ele>7</ele>
</trkpt>
<trkpt lat="34.62249027777778" lon="137.09455305555556">
<ele>7</ele>
</trkpt>
<trkpt lat="34.62244555555556" lon="137.09455888888888">
<ele>7</ele>
</trkpt>
<trkpt lat="34.62240083333333" lon="137.09456472222223">
<ele>7</ele>
</trkpt>
<trkpt lat="34.62235638888889" lon="137.0945702777778">
<ele>7</ele>
</trkpt>
<trkpt lat="34.62231166666667" lon="137.0945761111111">
<ele>7</ele>
</trkpt>
<trkpt lat="34.62226694444445" lon="137.09458194444446">
<ele>7</ele>
</trkpt>
<trkpt lat="34.62222222222222" lon="137.0945875">
<ele>7</ele>
</trkpt>
<trkpt lat="34.6221775" lon="137.09459333333334">
<ele>7</ele>
</trkpt>
<trkpt lat="34.62213305555556" lon="137.09459916666665">
<ele>7</ele>
</trkpt>
<trkpt lat="34.62208833333333" lon="137.09460472222221">
<ele>7</ele>
</trkpt>
<trkpt lat="34.62204361111111" lon="137.09461055555556">
<ele>7</ele>
</trkpt>
<trkpt lat="34.62199888888889" lon="137.09461638888888">
<ele>7</ele>
</trkpt>
<trkpt lat="34.621966111111114" lon="137.09462055555557">
<ele>7</ele>
</trkpt>
<trkpt lat="34.621966111111114" lon="137.09462055555557">
<ele>7</ele>
</trkpt>
<trkpt lat="34.6218975" lon="137.0946486111111">
<ele>7</ele>
</trkpt>
<trkpt lat="34.62182888888889" lon="137.09467666666666">
<ele>7</ele>
</trkpt>
<trkpt lat="34.62176027777778" lon="137.09470472222222">
<ele>7</ele>
</trkpt>
<trkpt lat="34.62169194444444" lon="137.09473277777778">
<ele>7</ele>
</trkpt>
<trkpt lat="34.62162333333333" lon="137.09476083333334">
<ele>8</ele>
</trkpt>
<trkpt lat="34.62155472222222" lon="137.0947888888889">
<ele>8</ele>
</trkpt>
<trkpt lat="34.62148611111111" lon="137.09481666666667">
<ele>8</ele>
</trkpt>
<trkpt lat="34.62141777777778" lon="137.09484472222223">
<ele>8</ele>
</trkpt>
<trkpt lat="34.62134916666667" lon="137.09487277777777">
<ele>8</ele>
</trkpt>
<trkpt lat="34.62128055555556" lon="137.09490083333333">
<ele>8</ele>
</trkpt>
<trkpt lat="34.62121194444445" lon="137.0949288888889">
<ele>8</ele>
</trkpt>
<trkpt lat="34.62114361111111" lon="137.09495694444445">
<ele>8</ele>
</trkpt>
<trkpt lat="34.621075" lon="137.094985">
<ele>8</ele>
</trkpt>
<trkpt lat="34.62100638888889" lon="137.09501305555557">
<ele>8</ele>
</trkpt>
<trkpt lat="34.620937777777776" lon="137.0950411111111">
<ele>8</ele>
</trkpt>
<trkpt lat="34.620869444444445" lon="137.09506916666666">
<ele>8</ele>
</trkpt>
<trkpt lat="34.620800833333334" lon="137.09509722222222">
<ele>8</ele>
</trkpt>
<trkpt lat="34.62073222222222" lon="137.095125">
<ele>8</ele>
</trkpt>
<trkpt lat="34.62066361111111" lon="137.09515305555556">
<ele>8</ele>
</trkpt>
<trkpt lat="34.62066361111111" lon="137.09515305555556">
<ele>8</ele>
</trkpt>
<trkpt lat="34.62066361111111" lon="137.09515305555556">
<ele>8</ele>
</trkpt>
<trkpt lat="34.62061861111111" lon="137.09515777777779">
<ele>8</ele>
</trkpt>
<trkpt lat="34.62057361111111" lon="137.09516222222223">
<ele>8</ele>
</trkpt>
<trkpt lat="34.62052861111111" lon="137.09516666666667">
<ele>8</ele>
</trkpt>
<trkpt lat="34.62048333333333" lon="137.0951711111111">
<ele>8</ele>
</trkpt>
<trkpt lat="34.62043833333333" lon="137.09517583333334">
<ele>8</ele>
</trkpt>
<trkpt lat="34.62039333333333" lon="137.09518027777779">
<ele>8</ele>
</trkpt>
<trkpt lat="34.62034805555555" lon="137.09518472222223">
<ele>8</ele>
</trkpt>
<trkpt lat="34.62030305555555" lon="137.09518916666667">
<ele>8</ele>
</trkpt>
<trkpt lat="34.62025805555555" lon="137.0951938888889">
<ele>8</ele>
</trkpt>
<trkpt lat="34.62021305555555" lon="137.09519833333334">
<ele>8</ele>
</trkpt>
<trkpt lat="34.62016777777778" lon="137.09520277777779">
<ele>8</ele>
</trkpt>
<trkpt lat="34.62012277777778" lon="137.0952075">
<ele>8</ele>
</trkpt>
<trkpt lat="34.62007777777778" lon="137.09521194444446">
<ele>8</ele>
</trkpt>
<trkpt lat="34.62003277777778" lon="137.0952163888889">
<ele>8</ele>
</trkpt>
<trkpt lat="34.6199875" lon="137.09522083333334">
<ele>8</ele>
</trkpt>
<trkpt lat="34.6199425" lon="137.09522555555554">
<ele>8</ele>
</trkpt>
<trkpt lat="34.6198975" lon="137.09523">
<ele>8</ele>
</trkpt>
<trkpt lat="34.61985222222222" lon="137.09523444444446">
<ele>8</ele>
</trkpt>
<trkpt lat="34.61980722222222" lon="137.0952388888889">
<ele>8</ele>
</trkpt>
<trkpt lat="34.61980722222222" lon="137.0952388888889">
<ele>8</ele>
</trkpt>
<trkpt lat="34.61973944444444" lon="137.0952611111111">
<ele>9</ele>
</trkpt>
<trkpt lat="34.61967166666667" lon="137.09528333333333">
<ele>9</ele>
</trkpt>
<trkpt lat="34.61960361111111" lon="137.09530555555557">
<ele>9</ele>
</trkpt>
<trkpt lat="34.61953583333333" lon="137.0953275">
<ele>9</ele>
</trkpt>
<trkpt lat="34.61946805555556" lon="137.0953497222222">
<ele>9</ele>
</trkpt>
<trkpt lat="34.61940027777778" lon="137.09537194444445">
<ele>9</ele>
</trkpt>
<trkpt lat="34.61933222222222" lon="137.09539416666667">
<ele>10</ele>
</trkpt>
<trkpt lat="34.61926444444445" lon="137.09541638888888">
<ele>10</ele>
</trkpt>
<trkpt lat="34.61919666666667" lon="137.09543833333333">
<ele>10</ele>
</trkpt>
<trkpt lat="34.61912888888889" lon="137.09546055555555">
<ele>10</ele>
</trkpt>
<trkpt lat="34.619060833333336" lon="137.0954827777778">
<ele>10</ele>
</trkpt>
<trkpt lat="34.618993055555556" lon="137.095505">
<ele>10</ele>
</trkpt>
<trkpt lat="34.61892527777778" lon="137.09552722222222">
<ele>10</ele>
</trkpt>
<trkpt lat="34.6188575" lon="137.09554916666667">
<ele>10</ele>
</trkpt>
<trkpt lat="34.618789722222225" lon="137.09557138888889">
<ele>10</ele>
</trkpt>
<trkpt lat="34.618721666666666" lon="137.0955936111111">
<ele>10</ele>
</trkpt>
<trkpt lat="34.618653888888886" lon="137.09561583333334">
<ele>10</ele>
</trkpt>
<trkpt lat="34.618586111111114" lon="137.09563805555555">
<ele>10</ele>
</trkpt>
<trkpt lat="34.618518333333334" lon="137.09566">
<ele>10</ele>
</trkpt>
<trkpt lat="34.618518333333334" lon="137.09566">
<ele>10</ele>
</trkpt>
<trkpt lat="34.6183875" lon="137.09558166666667">
<ele>11</ele>
</trkpt>
<trkpt lat="34.61825666666667" lon="137.09550333333334">
<ele>11</ele>
</trkpt>
<trkpt lat="34.61812583333333" lon="137.09542472222222">
<ele>11</ele>
</trkpt>
<trkpt lat="34.617995" lon="137.09534638888888">
<ele>11</ele>
</trkpt>
<trkpt lat="34.61786416666666" lon="137.09526805555555">
<ele>11</ele>
</trkpt>
<trkpt lat="34.617733333333334" lon="137.09518944444446">
<ele>11</ele>
</trkpt>
<trkpt lat="34.6176025" lon="137.09511111111112">
<ele>11</ele>
</trkpt>
<trkpt lat="34.61747166666667" lon="137.0950327777778">
<ele>11</ele>
</trkpt>
<trkpt lat="34.61734083333333" lon="137.09495416666667">
<ele>11</ele>
</trkpt>
<trkpt lat="34.61721" lon="137.09487583333333">
<ele>10</ele>
</trkpt>
<trkpt lat="34.61707916666667" lon="137.0947975">
<ele>11</ele>
</trkpt>
<trkpt lat="34.61694833333333" lon="137.09471888888888">
<ele>11</ele>
</trkpt>
<trkpt lat="34.6168175" lon="137.09464055555554">
<ele>11</ele>
</trkpt>
<trkpt lat="34.616686666666666" lon="137.0945622222222">
<ele>11</ele>
</trkpt>
<trkpt lat="34.61655611111111" lon="137.09448361111112">
<ele>11</ele>
</trkpt>
<trkpt lat="34.61642527777778" lon="137.09440527777778">
<ele>12</ele>
</trkpt>
<trkpt lat="34.61629444444444" lon="137.09432694444445">
<ele>12</ele>
</trkpt>
<trkpt lat="34.61616361111111" lon="137.09424833333333">
<ele>12</ele>
</trkpt>
<trkpt lat="34.616032777777775" lon="137.09417">
<ele>12</ele>
</trkpt>
<trkpt lat="34.616032777777775" lon="137.09417">
<ele>12</ele>
</trkpt>
<trkpt lat="34.61593222222222" lon="137.0941202777778">
<ele>12</ele>
</trkpt>
<trkpt lat="34.615831944444444" lon="137.09407055555556">
<ele>13</ele>
</trkpt>
<trkpt lat="34.61573166666667" lon="137.09402083333333">
<ele>13</ele>
</trkpt>
<trkpt lat="34.615631111111114" lon="137.0939711111111">
<ele>13</ele>
</trkpt>
<trkpt lat="34.61553083333333" lon="137.0939213888889">
<ele>13</ele>
</trkpt>
<trkpt lat="34.615430555555555" lon="137.09387194444443">
<ele>14</ele>
</trkpt>
<trkpt lat="34.61533" lon="137.09382222222223">
<ele>14</ele>
</trkpt>
<trkpt lat="34.615229722222224" lon="137.0937725">
<ele>14</ele>
</trkpt>
<trkpt lat="34.61512916666667" lon="137.09372277777777">
<ele>14</ele>
</trkpt>
<trkpt lat="34.61502888888889" lon="137.09367305555554">
<ele>14</ele>
</trkpt>
<trkpt lat="34.61492861111111" lon="137.09362333333334">
<ele>14</ele>
</trkpt>
<trkpt lat="34.614828055555556" lon="137.0935736111111">
<ele>15</ele>
</trkpt>
<trkpt lat="34.61472777777778" lon="137.09352388888888">
<ele>15</ele>
</trkpt>
<trkpt lat="34.6146275" lon="137.09347416666665">
<ele>15</ele>
</trkpt>
<trkpt lat="34.61452694444444" lon="137.0934247222222">
<ele>15</ele>
</trkpt>
<trkpt lat="34.61442666666667" lon="137.093375">
<ele>15</ele>
</trkpt>
<trkpt lat="34.61432638888889" lon="137.09332527777778">
<ele>15</ele>
</trkpt>
<trkpt lat="34.614225833333336" lon="137.09327555555555">
<ele>15</ele>
</trkpt>
<trkpt lat="34.61412555555555" lon="137.09322583333332">
<ele>15</ele>
</trkpt>
<trkpt lat="34.61412555555555" lon="137.09322583333332">
<ele>15</ele>
</trkpt>
<trkpt lat="34.613979722222226" lon="137.09304777777777">
<ele>15</ele>
</trkpt>
<trkpt lat="34.61383416666666" lon="137.09287">
<ele>15</ele>
</trkpt>
<trkpt lat="34.613688333333336" lon="137.09269194444445">
<ele>15</ele>
</trkpt>
<trkpt lat="34.61354277777778" lon="137.09251416666666">
<ele>15</ele>
</trkpt>
<trkpt lat="34.613396944444446" lon="137.0923361111111">
<ele>16</ele>
</trkpt>
<trkpt lat="34.61325138888889" lon="137.09215833333334">
<ele>16</ele>
</trkpt>
<trkpt lat="34.613105555555556" lon="137.09198027777776">
<ele>16</ele>
</trkpt>
<trkpt lat="34.61296" lon="137.0918022222222">
<ele>16</ele>
</trkpt>
<trkpt lat="34.612814166666666" lon="137.09162444444445">
<ele>16</ele>
</trkpt>
<trkpt lat="34.61266861111111" lon="137.0914463888889">
<ele>16</ele>
</trkpt>
<trkpt lat="34.61252277777778" lon="137.0912686111111">
<ele>16</ele>
</trkpt>
<trkpt lat="34.61237722222222" lon="137.09109055555555">
<ele>16</ele>
</trkpt>
<trkpt lat="34.61223138888889" lon="137.0909127777778">
<ele>16</ele>
</trkpt>
<trkpt lat="34.61208583333333" lon="137.0907347222222">
<ele>16</ele>
</trkpt>
<trkpt lat="34.61194" lon="137.09055666666666">
<ele>15</ele>
</trkpt>
<trkpt lat="34.61179444444444" lon="137.0903788888889">
<ele>15</ele>
</trkpt>
<trkpt lat="34.611648611111114" lon="137.09020083333334">
<ele>15</ele>
</trkpt>
<trkpt lat="34.61150305555555" lon="137.09002305555555">
<ele>15</ele>
</trkpt>
<trkpt lat="34.611357222222225" lon="137.089845">
<ele>15</ele>
</trkpt>
<trkpt lat="34.611357222222225" lon="137.089845">
<ele>15</ele>
</trkpt>
<trkpt lat="34.611357222222225" lon="137.089845">
<ele>15</ele>
</trkpt>
<trkpt lat="34.61096166666667" lon="137.0897163888889">
<ele>15</ele>
</trkpt>
<trkpt lat="34.61056583333333" lon="137.08958777777778">
<ele>15</ele>
</trkpt>
<trkpt lat="34.61017" lon="137.08945888888888">
<ele>15</ele>
</trkpt>
<trkpt lat="34.60977444444445" lon="137.08933027777778">
<ele>15</ele>
</trkpt>
<trkpt lat="34.60937861111111" lon="137.08920166666667">
<ele>14</ele>
</trkpt>
<trkpt lat="34.608982777777776" lon="137.08907305555556">
<ele>14</ele>
</trkpt>
<trkpt lat="34.60858722222222" lon="137.08894416666666">
<ele>14</ele>
</trkpt>
<trkpt lat="34.60819138888889" lon="137.08881555555556">
<ele>15</ele>
</trkpt>
<trkpt lat="34.607795555555555" lon="137.08868694444445">
<ele>15</ele>
</trkpt>
<trkpt lat="34.60739972222222" lon="137.08855833333334">
<ele>16</ele>
</trkpt>
<trkpt lat="34.60700416666667" lon="137.08842944444444">
<ele>17</ele>
</trkpt>
<trkpt lat="34.606608333333334" lon="137.08830083333334">
<ele>17</ele>
</trkpt>
<trkpt lat="34.6062125" lon="137.08817222222223">
<ele>17</ele>
</trkpt>
<trkpt lat="34.60581694444444" lon="137.08804361111112">
<ele>17</ele>
</trkpt>
<trkpt lat="34.60542111111111" lon="137.08791472222222">
<ele>18</ele>
</trkpt>
<trkpt lat="34.60502527777778" lon="137.08778611111111">
<ele>19</ele>
</trkpt>
<trkpt lat="34.60462972222222" lon="137.0876575">
<ele>19</ele>
</trkpt>
<trkpt lat="34.60423388888889" lon="137.0875286111111">
<ele>19</ele>
</trkpt>
<trkpt lat="34.603838055555556" lon="137.0874">
<ele>19</ele>
</trkpt>
<trkpt lat="34.603838055555556" lon="137.0874">
<ele>19</ele>
</trkpt>
<trkpt lat="34.60379722222222" lon="137.0873777777778">
<ele>19</ele>
</trkpt>
<trkpt lat="34.60375611111111" lon="137.08735555555555">
<ele>19</ele>
</trkpt>
<trkpt lat="34.60371527777778" lon="137.08733305555555">
<ele>19</ele>
</trkpt>
<trkpt lat="34.603674166666664" lon="137.08731083333333">
<ele>19</ele>
</trkpt>
<trkpt lat="34.603633333333335" lon="137.08728833333333">
<ele>19</ele>
</trkpt>
<trkpt lat="34.603592222222225" lon="137.08726611111112">
<ele>19</ele>
</trkpt>
<trkpt lat="34.60355111111111" lon="137.08724388888888">
<ele>19</ele>
</trkpt>
<trkpt lat="34.60351027777778" lon="137.08722138888888">
<ele>19</ele>
</trkpt>
<trkpt lat="34.60346916666666" lon="137.08719916666666">
<ele>19</ele>
</trkpt>
<trkpt lat="34.60342833333333" lon="137.08717694444445">
<ele>19</ele>
</trkpt>
<trkpt lat="34.603387222222224" lon="137.08715444444445">
<ele>19</ele>
</trkpt>
<trkpt lat="34.60334638888889" lon="137.0871322222222">
<ele>19</ele>
</trkpt>
<trkpt lat="34.60330527777778" lon="137.08711">
<ele>19</ele>
</trkpt>
<trkpt lat="34.60326444444444" lon="137.0870875">
<ele>19</ele>
</trkpt>
<trkpt lat="34.60325972222222" lon="137.087085">
<ele>19</ele>
</trkpt>
<trkpt lat="34.60325972222222" lon="137.087085">
<ele>19</ele>
</trkpt>
<trkpt lat="34.603120833333335" lon="137.08692944444445">
<ele>19</ele>
</trkpt>
<trkpt lat="34.602981666666665" lon="137.0867736111111">
<ele>18</ele>
</trkpt>
<trkpt lat="34.60284277777778" lon="137.08661805555556">
<ele>18</ele>
</trkpt>
<trkpt lat="34.60270388888889" lon="137.08646222222222">
<ele>18</ele>
</trkpt>
<trkpt lat="34.60256472222222" lon="137.0863063888889">
<ele>17</ele>
</trkpt>
<trkpt lat="34.602425833333335" lon="137.08615083333333">
<ele>16</ele>
</trkpt>
<trkpt lat="34.602286944444444" lon="137.085995">
<ele>15</ele>
</trkpt>
<trkpt lat="34.60214805555555" lon="137.08583944444445">
<ele>15</ele>
</trkpt>
<trkpt lat="34.60200888888889" lon="137.0856836111111">
<ele>14</ele>
</trkpt>
<trkpt lat="34.60187" lon="137.08552805555556">
<ele>13</ele>
</trkpt>
<trkpt lat="34.601731111111114" lon="137.08537222222222">
<ele>13</ele>
</trkpt>
<trkpt lat="34.60159194444444" lon="137.08521666666667">
<ele>13</ele>
</trkpt>
<trkpt lat="34.60145305555555" lon="137.08506083333333">
<ele>13</ele>
</trkpt>
<trkpt lat="34.60131416666667" lon="137.084905">
<ele>13</ele>
</trkpt>
<trkpt lat="34.601175" lon="137.08474944444444">
<ele>13</ele>
</trkpt>
<trkpt lat="34.601036111111114" lon="137.0845936111111">
<ele>13</ele>
</trkpt>
<trkpt lat="34.60089722222222" lon="137.08443805555555">
<ele>12</ele>
</trkpt>
<trkpt lat="34.60075833333333" lon="137.0842822222222">
<ele>12</ele>
</trkpt>
<trkpt lat="34.60061916666667" lon="137.08412666666666">
<ele>12</ele>
</trkpt>
<trkpt lat="34.60061916666667" lon="137.08412666666666">
<ele>12</ele>
</trkpt>
<trkpt lat="34.60061916666667" lon="137.08412666666666">
<ele>12</ele>
</trkpt>
<trkpt lat="34.60051638888889" lon="137.08397916666667">
<ele>12</ele>
</trkpt>
<trkpt lat="34.60041388888889" lon="137.08383194444446">
<ele>12</ele>
</trkpt>
<trkpt lat="34.60031111111111" lon="137.08368444444446">
<ele>12</ele>
</trkpt>
<trkpt lat="34.600208333333335" lon="137.08353694444443">
<ele>12</ele>
</trkpt>
<trkpt lat="34.60010555555556" lon="137.08338972222222">
<ele>11</ele>
</trkpt>
<trkpt lat="34.600002777777775" lon="137.08324222222222">
<ele>11</ele>
</trkpt>
<trkpt lat="34.59990027777778" lon="137.083095">
<ele>11</ele>
</trkpt>
<trkpt lat="34.5997975" lon="137.0829475">
<ele>11</ele>
</trkpt>
<trkpt lat="34.599694722222225" lon="137.08280027777778">
<ele>11</ele>
</trkpt>
<trkpt lat="34.59959194444444" lon="137.08265277777778">
<ele>10</ele>
</trkpt>
<trkpt lat="34.599489166666665" lon="137.08250527777778">
<ele>10</ele>
</trkpt>
<trkpt lat="34.59938666666667" lon="137.08235805555555">
<ele>10</ele>
</trkpt>
<trkpt lat="34.59928388888889" lon="137.08221055555555">
<ele>10</ele>
</trkpt>
<trkpt lat="34.59918111111111" lon="137.08206333333334">
<ele>10</ele>
</trkpt>
<trkpt lat="34.59907833333333" lon="137.08191583333334">
<ele>10</ele>
</trkpt>
<trkpt lat="34.598975555555555" lon="137.0817686111111">
<ele>10</ele>
</trkpt>
<trkpt lat="34.59887305555556" lon="137.0816211111111">
<ele>10</ele>
</trkpt>
<trkpt lat="34.59877027777778" lon="137.0814736111111">
<ele>10</ele>
</trkpt>
<trkpt lat="34.5986675" lon="137.0813263888889">
<ele>10</ele>
</trkpt>
<trkpt lat="34.5986675" lon="137.0813263888889">
<ele>10</ele>
</trkpt>
<trkpt lat="34.5986675" lon="137.0813263888889">
<ele>10</ele>
</trkpt>
<trkpt lat="34.59862555555556" lon="137.08122527777778">
<ele>10</ele>
</trkpt>
<trkpt lat="34.59858388888889" lon="137.0811238888889">
<ele>10</ele>
</trkpt>
<trkpt lat="34.59854194444444" lon="137.08102277777778">
<ele>10</ele>
</trkpt>
<trkpt lat="34.59850027777778" lon="137.0809213888889">
<ele>10</ele>
</trkpt>
<trkpt lat="34.59845833333333" lon="137.08082027777778">
<ele>10</ele>
</trkpt>
<trkpt lat="34.598416388888886" lon="137.08071916666665">
<ele>10</ele>
</trkpt>
<trkpt lat="34.598374722222225" lon="137.08061777777777">
<ele>10</ele>
</trkpt>
<trkpt lat="34.59833277777778" lon="137.08051666666665">
<ele>9</ele>
</trkpt>
<trkpt lat="34.59829111111111" lon="137.08041527777777">
<ele>9</ele>
</trkpt>
<trkpt lat="34.59824916666667" lon="137.08031416666665">
<ele>9</ele>
</trkpt>
<trkpt lat="34.59820722222222" lon="137.08021305555556">
<ele>9</ele>
</trkpt>
<trkpt lat="34.59816555555555" lon="137.08011166666665">
<ele>9</ele>
</trkpt>
<trkpt lat="34.59812361111111" lon="137.08001055555556">
<ele>9</ele>
</trkpt>
<trkpt lat="34.598081944444445" lon="137.07990944444444">
<ele>9</ele>
</trkpt>
<trkpt lat="34.59804" lon="137.07980805555556">
<ele>8</ele>
</trkpt>
<trkpt lat="34.59799805555556" lon="137.07970694444444">
<ele>8</ele>
</trkpt>
<trkpt lat="34.59795638888889" lon="137.07960555555556">
<ele>8</ele>
</trkpt>
<trkpt lat="34.59791444444444" lon="137.07950444444444">
<ele>8</ele>
</trkpt>
<trkpt lat="34.59787277777778" lon="137.07940333333335">
<ele>8</ele>
</trkpt>
<trkpt lat="34.59787277777778" lon="137.07940333333335">
<ele>8</ele>
</trkpt>
<trkpt lat="34.59784666666667" lon="137.07930222222222">
<ele>7</ele>
</trkpt>
<trkpt lat="34.59782055555556" lon="137.0792011111111">
<ele>7</ele>
</trkpt>
<trkpt lat="34.597794722222226" lon="137.0791">
<ele>7</ele>
</trkpt>
<trkpt lat="34.597768611111114" lon="137.0789988888889">
<ele>7</ele>
</trkpt>
<trkpt lat="34.5977425" lon="137.07889777777777">
<ele>7</ele>
</trkpt>
<trkpt lat="34.59771638888889" lon="137.07879666666668">
<ele>7</ele>
</trkpt>
<trkpt lat="34.59769055555556" lon="137.07869555555556">
<ele>7</ele>
</trkpt>
<trkpt lat="34.59766444444445" lon="137.07859472222222">
<ele>6</ele>
</trkpt>
<trkpt lat="34.597638333333336" lon="137.0784936111111">
<ele>6</ele>
</trkpt>
<trkpt lat="34.5976125" lon="137.0783925">
<ele>6</ele>
</trkpt>
<trkpt lat="34.59758638888889" lon="137.07829138888889">
<ele>6</ele>
</trkpt>
<trkpt lat="34.59756027777778" lon="137.07819027777776">
<ele>6</ele>
</trkpt>
<trkpt lat="34.59753416666667" lon="137.07808916666667">
<ele>6</ele>
</trkpt>
<trkpt lat="34.59750833333333" lon="137.07798805555555">
<ele>6</ele>
</trkpt>
<trkpt lat="34.59748222222222" lon="137.07788694444446">
<ele>6</ele>
</trkpt>
<trkpt lat="34.597456111111114" lon="137.07778611111112">
<ele>6</ele>
</trkpt>
<trkpt lat="34.597430277777775" lon="137.077685">
<ele>6</ele>
</trkpt>
<trkpt lat="34.597404166666664" lon="137.07758388888888">
<ele>5</ele>
</trkpt>
<trkpt lat="34.59737805555555" lon="137.0774827777778">
<ele>5</ele>
</trkpt>
<trkpt lat="34.59737805555555" lon="137.0774827777778">
<ele>5</ele>
</trkpt>
<trkpt lat="34.59737805555555" lon="137.0774827777778">
<ele>5</ele>
</trkpt>
<trkpt lat="34.59728305555556" lon="137.0774638888889">
<ele>5</ele>
</trkpt>
<trkpt lat="34.597188055555556" lon="137.07744472222222">
<ele>5</ele>
</trkpt>
<trkpt lat="34.597093055555554" lon="137.07742583333334">
<ele>5</ele>
</trkpt>
<trkpt lat="34.59699777777778" lon="137.07740666666666">
<ele>5</ele>
</trkpt>
<trkpt lat="34.59690277777778" lon="137.07738777777777">
<ele>5</ele>
</trkpt>
<trkpt lat="34.59680777777778" lon="137.07736888888888">
<ele>5</ele>
</trkpt>
<trkpt lat="34.596712777777775" lon="137.0773497222222">
<ele>5</ele>
</trkpt>
<trkpt lat="34.59661777777778" lon="137.07733083333332">
<ele>5</ele>
</trkpt>
<trkpt lat="34.5965225" lon="137.07731166666667">
<ele>5</ele>
</trkpt>
<trkpt lat="34.5964275" lon="137.07729277777779">
<ele>5</ele>
</trkpt>
<trkpt lat="34.5963325" lon="137.0772738888889">
<ele>5</ele>
</trkpt>
<trkpt lat="34.5962375" lon="137.07725472222222">
<ele>5</ele>
</trkpt>
<trkpt lat="34.5961425" lon="137.07723583333333">
<ele>5</ele>
</trkpt>
<trkpt lat="34.596047222222225" lon="137.07721694444444">
<ele>5</ele>
</trkpt>
<trkpt lat="34.59595222222222" lon="137.07719777777777">
<ele>5</ele>
</trkpt>
<trkpt lat="34.59585722222222" lon="137.07717888888888">
<ele>5</ele>
</trkpt>
<trkpt lat="34.59576222222222" lon="137.07715972222223">
<ele>5</ele>
</trkpt>
<trkpt lat="34.595667222222225" lon="137.07714083333335">
<ele>5</ele>
</trkpt>
<trkpt lat="34.595571944444444" lon="137.07712194444446">
<ele>5</ele>
</trkpt>
<trkpt lat="34.595571944444444" lon="137.07712194444446">
<ele>5</ele>
</trkpt>
<trkpt lat="34.59550055555555" lon="137.0770877777778">
<ele>5</ele>
</trkpt>
<trkpt lat="34.59542944444444" lon="137.07705388888888">
<ele>5</ele>
</trkpt>
<trkpt lat="34.59535805555556" lon="137.07702">
<ele>5</ele>
</trkpt>
<trkpt lat="34.59528666666667" lon="137.0769861111111">
<ele>4</ele>
</trkpt>
<trkpt lat="34.595215277777775" lon="137.07695222222222">
<ele>3</ele>
</trkpt>
<trkpt lat="34.59514388888889" lon="137.07691805555555">
<ele>3</ele>
</trkpt>
<trkpt lat="34.5950725" lon="137.07688416666667">
<ele>3</ele>
</trkpt>
<trkpt lat="34.59500111111111" lon="137.07685027777777">
<ele>3</ele>
</trkpt>
<trkpt lat="34.59493" lon="137.0768163888889">
<ele>2</ele>
</trkpt>
<trkpt lat="34.594858611111114" lon="137.0767825">
<ele>2</ele>
</trkpt>
<trkpt lat="34.59478722222222" lon="137.07674833333334">
<ele>2</ele>
</trkpt>
<trkpt lat="34.59471583333333" lon="137.07671444444443">
<ele>2</ele>
</trkpt>
<trkpt lat="34.59464444444444" lon="137.07668055555555">
<ele>2</ele>
</trkpt>
<trkpt lat="34.59457305555556" lon="137.07664666666668">
<ele>2</ele>
</trkpt>
<trkpt lat="34.594501666666666" lon="137.07661277777777">
<ele>2</ele>
</trkpt>
<trkpt lat="34.594430277777775" lon="137.0765788888889">
<ele>2</ele>
</trkpt>
<trkpt lat="34.59435916666666" lon="137.07654472222222">
<ele>2</ele>
</trkpt>
<trkpt lat="34.59428777777778" lon="137.07651083333334">
<ele>2</ele>
</trkpt>
<trkpt lat="34.59421638888889" lon="137.07647694444444">
<ele>2</ele>
</trkpt>
<trkpt lat="34.59421638888889" lon="137.07647694444444">
<ele>2</ele>
</trkpt>
<trkpt lat="34.594091666666664" lon="137.07643638888888">
<ele>3</ele>
</trkpt>
<trkpt lat="34.593967222222226" lon="137.07639555555556">
<ele>3</ele>
</trkpt>
<trkpt lat="34.5938425" lon="137.076355">
<ele>3</ele>
</trkpt>
<trkpt lat="34.593718055555556" lon="137.07631444444445">
<ele>3</ele>
</trkpt>
<trkpt lat="34.59359333333333" lon="137.0762736111111">
<ele>3</ele>
</trkpt>
<trkpt lat="34.593468888888886" lon="137.07623305555555">
<ele>4</ele>
</trkpt>
<trkpt lat="34.59334416666667" lon="137.07619222222223">
<ele>4</ele>
</trkpt>
<trkpt lat="34.59321972222222" lon="137.07615166666668">
<ele>4</ele>
</trkpt>
<trkpt lat="34.59309527777778" lon="137.07611111111112">
<ele>4</ele>
</trkpt>
<trkpt lat="34.59297055555555" lon="137.07607027777777">
<ele>5</ele>
</trkpt>
<trkpt lat="34.59284611111111" lon="137.07602972222222">
<ele>5</ele>
</trkpt>
<trkpt lat="34.59272138888889" lon="137.07598916666666">
<ele>5</ele>
</trkpt>
<trkpt lat="34.592596944444445" lon="137.07594833333334">
<ele>5</ele>
</trkpt>
<trkpt lat="34.59247222222222" lon="137.0759077777778">
<ele>5</ele>
</trkpt>
<trkpt lat="34.592347777777775" lon="137.07586694444444">
<ele>5</ele>
</trkpt>
<trkpt lat="34.59222305555556" lon="137.07582638888888">
<ele>5</ele>
</trkpt>
<trkpt lat="34.59209861111111" lon="137.07578583333333">
<ele>5</ele>
</trkpt>
<trkpt lat="34.59197388888889" lon="137.075745">
<ele>5</ele>
</trkpt>
<trkpt lat="34.59184944444444" lon="137.07570444444445">
<ele>5</ele>
</trkpt>
<trkpt lat="34.59184944444444" lon="137.07570444444445">
<ele>5</ele>
</trkpt>
<trkpt lat="34.59179694444445" lon="137.075645">
<ele>5</ele>
</trkpt>
<trkpt lat="34.591744722222224" lon="137.07558527777778">
<ele>5</ele>
</trkpt>
<trkpt lat="34.5916925" lon="137.07552583333333">
<ele>5</ele>
</trkpt>
<trkpt lat="34.59164027777778" lon="137.0754661111111">
<ele>5</ele>
</trkpt>
<trkpt lat="34.591587777777775" lon="137.07540666666668">
<ele>5</ele>
</trkpt>
<trkpt lat="34.59153555555555" lon="137.07534694444445">
<ele>5</ele>
</trkpt>
<trkpt lat="34.591483333333336" lon="137.0752875">
<ele>5</ele>
</trkpt>
<trkpt lat="34.59143111111111" lon="137.07522777777777">
<ele>5</ele>
</trkpt>
<trkpt lat="34.59137861111111" lon="137.07516833333332">
<ele>5</ele>
</trkpt>
<trkpt lat="34.59132638888889" lon="137.07510861111112">
<ele>5</ele>
</trkpt>
<trkpt lat="34.591274166666665" lon="137.07504916666667">
<ele>5</ele>
</trkpt>
<trkpt lat="34.59122194444444" lon="137.07498944444444">
<ele>5</ele>
</trkpt>
<trkpt lat="34.591169444444446" lon="137.07493">
<ele>5</ele>
</trkpt>
<trkpt lat="34.59111722222222" lon="137.07487055555555">
<ele>5</ele>
</trkpt>
<trkpt lat="34.591065" lon="137.07481083333334">
<ele>5</ele>
</trkpt>
<trkpt lat="34.5910125" lon="137.0747513888889">
<ele>5</ele>
</trkpt>
<trkpt lat="34.590960277777775" lon="137.07469166666667">
<ele>5</ele>
</trkpt>
<trkpt lat="34.59090805555556" lon="137.07463222222222">
<ele>5</ele>
</trkpt>
<trkpt lat="34.590855833333336" lon="137.0745725">
<ele>5</ele>
</trkpt>
<trkpt lat="34.590855833333336" lon="137.0745725">
<ele>5</ele>
</trkpt>
<trkpt lat="34.590803888888885" lon="137.07462027777777">
<ele>5</ele>
</trkpt>
<trkpt lat="34.59075194444444" lon="137.07466805555555">
<ele>5</ele>
</trkpt>
<trkpt lat="34.59070027777778" lon="137.07471583333333">
<ele>5</ele>
</trkpt>
<trkpt lat="34.590648333333334" lon="137.07476333333332">
<ele>5</ele>
</trkpt>
<trkpt lat="34.59059666666667" lon="137.0748111111111">
<ele>5</ele>
</trkpt>
<trkpt lat="34.59054472222222" lon="137.07485888888888">
<ele>5</ele>
</trkpt>
<trkpt lat="34.590492777777776" lon="137.07490666666666">
<ele>4</ele>
</trkpt>
<trkpt lat="34.59044111111111" lon="137.07495416666666">
<ele>4</ele>
</trkpt>
<trkpt lat="34.59038916666667" lon="137.07500194444444">
<ele>4</ele>
</trkpt>
<trkpt lat="34.5903375" lon="137.07504972222222">
<ele>4</ele>
</trkpt>
<trkpt lat="34.59028555555555" lon="137.0750975">
<ele>4</ele>
</trkpt>
<trkpt lat="34.59023388888889" lon="137.07514527777778">
<ele>4</ele>
</trkpt>
<trkpt lat="34.590181944444446" lon="137.07519277777777">
<ele>4</ele>
</trkpt>
<trkpt lat="34.59013" lon="137.07524055555555">
<ele>3</ele>
</trkpt>
<trkpt lat="34.59007833333333" lon="137.07528833333333">
<ele>3</ele>
</trkpt>
<trkpt lat="34.59002638888889" lon="137.0753361111111">
<ele>3</ele>
</trkpt>
<trkpt lat="34.58997472222222" lon="137.0753836111111">
<ele>3</ele>
</trkpt>
<trkpt lat="34.58992277777778" lon="137.0754313888889">
<ele>3</ele>
</trkpt>
<trkpt lat="34.589870833333336" lon="137.07547916666667">
<ele>3</ele>
</trkpt>
<trkpt lat="34.589870833333336" lon="137.07547916666667">
<ele>3</ele>
</trkpt>
<trkpt lat="34.589870833333336" lon="137.07547916666667">
<ele>3</ele>
</trkpt>
<trkpt lat="34.58980305555556" lon="137.07550055555555">
<ele>3</ele>
</trkpt>
<trkpt lat="34.58973527777778" lon="137.07552166666667">
<ele>3</ele>
</trkpt>
<trkpt lat="34.589667222222225" lon="137.07554305555556">
<ele>3</ele>
</trkpt>
<trkpt lat="34.589599444444445" lon="137.07556444444444">
<ele>3</ele>
</trkpt>
<trkpt lat="34.589531666666666" lon="137.07558583333332">
<ele>3</ele>
</trkpt>
<trkpt lat="34.589463611111114" lon="137.07560694444444">
<ele>3</ele>
</trkpt>
<trkpt lat="34.589395833333334" lon="137.07562833333333">
<ele>3</ele>
</trkpt>
<trkpt lat="34.589328055555555" lon="137.0756497222222">
<ele>3</ele>
</trkpt>
<trkpt lat="34.58926" lon="137.07567111111112">
<ele>3</ele>
</trkpt>
<trkpt lat="34.58919222222222" lon="137.07569222222222">
<ele>3</ele>
</trkpt>
<trkpt lat="34.589124444444444" lon="137.0757136111111">
<ele>3</ele>
</trkpt>
<trkpt lat="34.58905638888889" lon="137.075735">
<ele>3</ele>
</trkpt>
<trkpt lat="34.58898861111111" lon="137.0757563888889">
<ele>4</ele>
</trkpt>
<trkpt lat="34.58892083333333" lon="137.0757775">
<ele>4</ele>
</trkpt>
<trkpt lat="34.58885277777778" lon="137.0757988888889">
<ele>4</ele>
</trkpt>
<trkpt lat="34.588785" lon="137.07582027777778">
<ele>4</ele>
</trkpt>
<trkpt lat="34.58871722222222" lon="137.07584166666666">
<ele>4</ele>
</trkpt>
<trkpt lat="34.58864916666667" lon="137.0758627777778">
<ele>4</ele>
</trkpt>
<trkpt lat="34.58858138888889" lon="137.07588416666667">
<ele>4</ele>
</trkpt>
<trkpt lat="34.58858138888889" lon="137.07588416666667">
<ele>4</ele>
</trkpt>
<trkpt lat="34.58851972222222" lon="137.07555694444446">
<ele>4</ele>
</trkpt>
<trkpt lat="34.588458333333335" lon="137.07522944444443">
<ele>4</ele>
</trkpt>
<trkpt lat="34.58839666666667" lon="137.07490222222222">
<ele>4</ele>
</trkpt>
<trkpt lat="34.588335" lon="137.074575">
<ele>4</ele>
</trkpt>
<trkpt lat="34.58827333333333" lon="137.0742475">
<ele>4</ele>
</trkpt>
<trkpt lat="34.588211944444446" lon="137.07392027777777">
<ele>4</ele>
</trkpt>
<trkpt lat="34.58815027777778" lon="137.07359305555556">
<ele>4</ele>
</trkpt>
<trkpt lat="34.58808861111111" lon="137.07326555555557">
<ele>4</ele>
</trkpt>
<trkpt lat="34.588026944444444" lon="137.07293833333333">
<ele>4</ele>
</trkpt>
<trkpt lat="34.587965555555556" lon="137.07261111111112">
<ele>4</ele>
</trkpt>
<trkpt lat="34.58790388888889" lon="137.07228388888888">
<ele>4</ele>
</trkpt>
<trkpt lat="34.58784222222222" lon="137.07195638888888">
<ele>4</ele>
</trkpt>
<trkpt lat="34.587780555555554" lon="137.07162916666667">
<ele>4</ele>
</trkpt>
<trkpt lat="34.587719166666666" lon="137.07130194444446">
<ele>4</ele>
</trkpt>
<trkpt lat="34.5876575" lon="137.07097444444443">
<ele>5</ele>
</trkpt>
<trkpt lat="34.58759583333333" lon="137.07064722222222">
<ele>5</ele>
</trkpt>
<trkpt lat="34.587534166666664" lon="137.07032">
<ele>5</ele>
</trkpt>
<trkpt lat="34.587472777777776" lon="137.0699925">
<ele>5</ele>
</trkpt>
<trkpt lat="34.58741111111111" lon="137.06966527777777">
<ele>5</ele>
</trkpt>
<trkpt lat="34.58741111111111" lon="137.06966527777777">
<ele>5</ele>
</trkpt>
<trkpt lat="34.5873025" lon="137.0691675">
<ele>6</ele>
</trkpt>
<trkpt lat="34.58719388888889" lon="137.06867">
<ele>6</ele>
</trkpt>
<trkpt lat="34.587085555555554" lon="137.06817222222222">
<ele>6</ele>
</trkpt>
<trkpt lat="34.586976944444444" lon="137.06767444444444">
<ele>8</ele>
</trkpt>
<trkpt lat="34.586868333333335" lon="137.06717694444444">
<ele>9</ele>
</trkpt>
<trkpt lat="34.58675972222222" lon="137.06667916666666">
<ele>9</ele>
</trkpt>
<trkpt lat="34.58665111111111" lon="137.06618138888888">
<ele>9</ele>
</trkpt>
<trkpt lat="34.58654277777778" lon="137.06568388888888">
<ele>6</ele>
</trkpt>
<trkpt lat="34.58643416666666" lon="137.0651861111111">
<ele>4</ele>
</trkpt>
<trkpt lat="34.586325555555554" lon="137.0646886111111">
<ele>3</ele>
</trkpt>
<trkpt lat="34.586216944444445" lon="137.06419083333333">
<ele>3</ele>
</trkpt>
<trkpt lat="34.58610861111111" lon="137.06369305555555">
<ele>3</ele>
</trkpt>
<trkpt lat="34.586" lon="137.06319555555555">
<ele>3</ele>
</trkpt>
<trkpt lat="34.58589138888889" lon="137.06269777777777">
<ele>3</ele>
</trkpt>
<trkpt lat="34.58578277777778" lon="137.0622">
<ele>3</ele>
</trkpt>
<trkpt lat="34.585674166666664" lon="137.0617025">
<ele>3</ele>
</trkpt>
<trkpt lat="34.585565833333334" lon="137.06120472222221">
<ele>3</ele>
</trkpt>
<trkpt lat="34.585457222222225" lon="137.06070694444443">
<ele>3</ele>
</trkpt>
<trkpt lat="34.58534861111111" lon="137.06020944444444">
<ele>3</ele>
</trkpt>
<trkpt lat="34.58534861111111" lon="137.06020944444444">
<ele>3</ele>
</trkpt>
<trkpt lat="34.58534861111111" lon="137.06020944444444">
<ele>3</ele>
</trkpt>
<trkpt lat="34.58533666666667" lon="137.06006916666666">
<ele>4</ele>
</trkpt>
<trkpt lat="34.585324444444446" lon="137.05992916666668">
<ele>4</ele>
</trkpt>
<trkpt lat="34.5853125" lon="137.05978916666666">
<ele>4</ele>
</trkpt>
<trkpt lat="34.585300277777776" lon="137.05964916666667">
<ele>5</ele>
</trkpt>
<trkpt lat="34.58528833333333" lon="137.05950916666666">
<ele>6</ele>
</trkpt>
<trkpt lat="34.58527611111111" lon="137.05936916666667">
<ele>6</ele>
</trkpt>
<trkpt lat="34.58526388888889" lon="137.05922916666665">
<ele>6</ele>
</trkpt>
<trkpt lat="34.585251944444444" lon="137.05908888888888">
<ele>7</ele>
</trkpt>
<trkpt lat="34.58523972222222" lon="137.0589488888889">
<ele>8</ele>
</trkpt>
<trkpt lat="34.585227777777774" lon="137.05880888888888">
<ele>8</ele>
</trkpt>
<trkpt lat="34.58521555555556" lon="137.0586688888889">
<ele>8</ele>
</trkpt>
<trkpt lat="34.58520361111111" lon="137.0585288888889">
<ele>9</ele>
</trkpt>
<trkpt lat="34.58519138888889" lon="137.05838888888889">
<ele>9</ele>
</trkpt>
<trkpt lat="34.58517944444444" lon="137.0582488888889">
<ele>9</ele>
</trkpt>
<trkpt lat="34.585167222222225" lon="137.05810861111112">
<ele>8</ele>
</trkpt>
<trkpt lat="34.58515527777778" lon="137.0579686111111">
<ele>8</ele>
</trkpt>
<trkpt lat="34.585143055555555" lon="137.05782861111112">
<ele>7</ele>
</trkpt>
<trkpt lat="34.58513111111111" lon="137.0576886111111">
<ele>7</ele>
</trkpt>
<trkpt lat="34.585118888888886" lon="137.05754861111112">
<ele>9</ele>
</trkpt>
<trkpt lat="34.58510694444445" lon="137.0574086111111">
<ele>9</ele>
</trkpt>
<trkpt lat="34.58509472222222" lon="137.0572686111111">
<ele>10</ele>
</trkpt>
<trkpt lat="34.58508277777778" lon="137.05712833333334">
<ele>10</ele>
</trkpt>
<trkpt lat="34.58507055555555" lon="137.05698833333332">
<ele>10</ele>
</trkpt>
<trkpt lat="34.58505861111111" lon="137.05684833333333">
<ele>10</ele>
</trkpt>
<trkpt lat="34.58504638888889" lon="137.05670833333335">
<ele>10</ele>
</trkpt>
<trkpt lat="34.585034444444446" lon="137.05656833333333">
<ele>10</ele>
</trkpt>
<trkpt lat="34.58502222222222" lon="137.05642833333334">
<ele>10</ele>
</trkpt>
<trkpt lat="34.585010277777776" lon="137.05628833333333">
<ele>10</ele>
</trkpt>
<trkpt lat="34.58499805555556" lon="137.05614805555555">
<ele>12</ele>
</trkpt>
<trkpt lat="34.584986111111114" lon="137.05600805555557">
<ele>12</ele>
</trkpt>
<trkpt lat="34.58497388888889" lon="137.05586805555555">
<ele>9</ele>
</trkpt>
<trkpt lat="34.584961944444444" lon="137.05572805555556">
<ele>9</ele>
</trkpt>
<trkpt lat="34.58494972222222" lon="137.05558805555555">
<ele>9</ele>
</trkpt>
<trkpt lat="34.584937777777775" lon="137.05544805555556">
<ele>9</ele>
</trkpt>
<trkpt lat="34.58492555555556" lon="137.05530805555554">
<ele>9</ele>
</trkpt>
<trkpt lat="34.58491361111111" lon="137.05516777777777">
<ele>9</ele>
</trkpt>
<trkpt lat="34.58490138888889" lon="137.05502777777778">
<ele>9</ele>
</trkpt>
<trkpt lat="34.58488944444444" lon="137.05488777777776">
<ele>9</ele>
</trkpt>
<trkpt lat="34.58488944444444" lon="137.05488777777776">
<ele>9</ele>
</trkpt>
<trkpt lat="34.58488944444444" lon="137.05488777777776">
<ele>9</ele>
</trkpt>
<trkpt lat="34.584897777777776" lon="137.05480305555557">
<ele>9</ele>
</trkpt>
<trkpt lat="34.58490611111111" lon="137.05471833333334">
<ele>9</ele>
</trkpt>
<trkpt lat="34.58491444444444" lon="137.05463361111111">
<ele>9</ele>
</trkpt>
<trkpt lat="34.58492277777778" lon="137.0545488888889">
<ele>9</ele>
</trkpt>
<trkpt lat="34.58493111111111" lon="137.05446444444445">
<ele>9</ele>
</trkpt>
<trkpt lat="34.584939444444444" lon="137.05437972222222">
<ele>9</ele>
</trkpt>
<trkpt lat="34.58494777777778" lon="137.054295">
<ele>9</ele>
</trkpt>
<trkpt lat="34.58495638888889" lon="137.05421027777777">
<ele>9</ele>
</trkpt>
<trkpt lat="34.584964722222225" lon="137.05412555555554">
<ele>9</ele>
</trkpt>
<trkpt lat="34.58497305555556" lon="137.05404083333335">
<ele>9</ele>
</trkpt>
<trkpt lat="34.58498138888889" lon="137.05395611111112">
<ele>9</ele>
</trkpt>
<trkpt lat="34.584989722222225" lon="137.0538713888889">
<ele>9</ele>
</trkpt>
<trkpt lat="34.58499805555556" lon="137.05378666666667">
<ele>9</ele>
</trkpt>
<trkpt lat="34.585006388888885" lon="137.05370194444444">
<ele>9</ele>
</trkpt>
<trkpt lat="34.58501472222222" lon="137.05361722222221">
<ele>9</ele>
</trkpt>
<trkpt lat="34.58502333333333" lon="137.0535325">
<ele>9</ele>
</trkpt>
<trkpt lat="34.585031666666666" lon="137.0534477777778">
<ele>9</ele>
</trkpt>
<trkpt lat="34.58504" lon="137.05336333333332">
<ele>9</ele>
</trkpt>
<trkpt lat="34.58504833333333" lon="137.05327861111112">
<ele>9</ele>
</trkpt>
<trkpt lat="34.58504833333333" lon="137.05327861111112">
<ele>9</ele>
</trkpt>
<trkpt lat="34.58504833333333" lon="137.05327861111112">
<ele>9</ele>
</trkpt>
<trkpt lat="34.58497638888889" lon="137.05314305555555">
<ele>9</ele>
</trkpt>
<trkpt lat="34.58490416666667" lon="137.0530075">
<ele>9</ele>
</trkpt>
<trkpt lat="34.584832222222225" lon="137.05287194444443">
<ele>10</ele>
</trkpt>
<trkpt lat="34.58476" lon="137.0527363888889">
<ele>10</ele>
</trkpt>
<trkpt lat="34.58468805555555" lon="137.05260083333334">
<ele>10</ele>
</trkpt>
<trkpt lat="34.58461583333333" lon="137.05246527777777">
<ele>10</ele>
</trkpt>
<trkpt lat="34.58454388888889" lon="137.05232972222223">
<ele>10</ele>
</trkpt>
<trkpt lat="34.584471944444445" lon="137.05219444444444">
<ele>10</ele>
</trkpt>
<trkpt lat="34.58439972222222" lon="137.0520588888889">
<ele>10</ele>
</trkpt>
<trkpt lat="34.58432777777778" lon="137.05192333333332">
<ele>10</ele>
</trkpt>
<trkpt lat="34.58425555555556" lon="137.05178777777778">
<ele>10</ele>
</trkpt>
<trkpt lat="34.58418361111111" lon="137.05165222222223">
<ele>10</ele>
</trkpt>
<trkpt lat="34.584111666666665" lon="137.05151666666666">
<ele>10</ele>
</trkpt>
<trkpt lat="34.58403944444444" lon="137.0513811111111">
<ele>10</ele>
</trkpt>
<trkpt lat="34.5839675" lon="137.05124555555557">
<ele>10</ele>
</trkpt>
<trkpt lat="34.58389527777778" lon="137.05111027777778">
<ele>10</ele>
</trkpt>
<trkpt lat="34.583823333333335" lon="137.05097472222224">
<ele>10</ele>
</trkpt>
<trkpt lat="34.58375138888889" lon="137.05083916666666">
<ele>10</ele>
</trkpt>
<trkpt lat="34.58367916666667" lon="137.05070361111112">
<ele>10</ele>
</trkpt>
<trkpt lat="34.58360722222222" lon="137.05056805555554">
<ele>10</ele>
</trkpt>
<trkpt lat="34.583535" lon="137.0504325">
<ele>10</ele>
</trkpt>
<trkpt lat="34.583463055555555" lon="137.05029694444445">
<ele>10</ele>
</trkpt>
<trkpt lat="34.58339083333333" lon="137.05016138888888">
<ele>10</ele>
</trkpt>
<trkpt lat="34.58331888888889" lon="137.05002611111112">
<ele>10</ele>
</trkpt>
<trkpt lat="34.58324694444445" lon="137.04989055555555">
<ele>10</ele>
</trkpt>
<trkpt lat="34.583174722222225" lon="137.049755">
<ele>10</ele>
</trkpt>
<trkpt lat="34.583102777777775" lon="137.04961944444443">
<ele>10</ele>
</trkpt>
<trkpt lat="34.58303055555555" lon="137.0494838888889">
<ele>10</ele>
</trkpt>
<trkpt lat="34.58295861111111" lon="137.04934833333334">
<ele>10</ele>
</trkpt>
<trkpt lat="34.58288666666667" lon="137.04921277777777">
<ele>10</ele>
</trkpt>
<trkpt lat="34.582814444444445" lon="137.04907722222222">
<ele>10</ele>
</trkpt>
<trkpt lat="34.5827425" lon="137.04894166666668">
<ele>10</ele>
</trkpt>
<trkpt lat="34.58267027777778" lon="137.0488063888889">
<ele>10</ele>
</trkpt>
<trkpt lat="34.58259833333334" lon="137.04867083333335">
<ele>8</ele>
</trkpt>
<trkpt lat="34.58252638888889" lon="137.04853527777777">
<ele>8</ele>
</trkpt>
<trkpt lat="34.582454166666665" lon="137.04839972222223">
<ele>10</ele>
</trkpt>
<trkpt lat="34.58238222222222" lon="137.04826416666666">
<ele>10</ele>
</trkpt>
<trkpt lat="34.58231" lon="137.0481286111111">
<ele>10</ele>
</trkpt>
<trkpt lat="34.58231" lon="137.0481286111111">
<ele>10</ele>
</trkpt>
<trkpt lat="34.58228361111111" lon="137.0480386111111">
<ele>10</ele>
</trkpt>
<trkpt lat="34.582256944444445" lon="137.0479486111111">
<ele>10</ele>
</trkpt>
<trkpt lat="34.582230555555554" lon="137.0478586111111">
<ele>10</ele>
</trkpt>
<trkpt lat="34.58220416666666" lon="137.0477686111111">
<ele>10</ele>
</trkpt>
<trkpt lat="34.5821775" lon="137.0476786111111">
<ele>10</ele>
</trkpt>
<trkpt lat="34.58215111111111" lon="137.0475886111111">
<ele>10</ele>
</trkpt>
<trkpt lat="34.582124444444446" lon="137.0474986111111">
<ele>10</ele>
</trkpt>
<trkpt lat="34.582098055555555" lon="137.0474086111111">
<ele>10</ele>
</trkpt>
<trkpt lat="34.582071666666664" lon="137.0473186111111">
<ele>10</ele>
</trkpt>
<trkpt lat="34.582045" lon="137.0472286111111">
<ele>10</ele>
</trkpt>
<trkpt lat="34.58201861111111" lon="137.0471386111111">
<ele>10</ele>
</trkpt>
<trkpt lat="34.58199194444445" lon="137.0470486111111">
<ele>10</ele>
</trkpt>
<trkpt lat="34.581965555555556" lon="137.0469586111111">
<ele>10</ele>
</trkpt>
<trkpt lat="34.581939166666665" lon="137.0468686111111">
<ele>10</ele>
</trkpt>
<trkpt lat="34.5819125" lon="137.0467786111111">
<ele>10</ele>
</trkpt>
<trkpt lat="34.58188611111111" lon="137.0466886111111">
<ele>10</ele>
</trkpt>
<trkpt lat="34.58185944444445" lon="137.0465986111111">
<ele>10</ele>
</trkpt>
<trkpt lat="34.581833055555556" lon="137.0465086111111">
<ele>10</ele>
</trkpt>
<trkpt lat="34.581806666666665" lon="137.0464186111111">
<ele>10</ele>
</trkpt>
<trkpt lat="34.581806666666665" lon="137.0464186111111">
<ele>10</ele>
</trkpt>
<trkpt lat="34.581962222222224" lon="137.04631388888887">
<ele>11</ele>
</trkpt>
<trkpt lat="34.5821175" lon="137.04620944444446">
<ele>11</ele>
</trkpt>
<trkpt lat="34.582273055555554" lon="137.04610472222222">
<ele>11</ele>
</trkpt>
<trkpt lat="34.58242861111111" lon="137.04600027777778">
<ele>12</ele>
</trkpt>
<trkpt lat="34.58258416666666" lon="137.04589555555555">
<ele>12</ele>
</trkpt>
<trkpt lat="34.58273972222222" lon="137.04579083333334">
<ele>12</ele>
</trkpt>
<trkpt lat="34.58289527777778" lon="137.0456863888889">
<ele>12</ele>
</trkpt>
<trkpt lat="34.58305055555556" lon="137.04558166666666">
<ele>12</ele>
</trkpt>
<trkpt lat="34.58320611111111" lon="137.04547722222222">
<ele>12</ele>
</trkpt>
<trkpt lat="34.58336166666667" lon="137.0453725">
<ele>12</ele>
</trkpt>
<trkpt lat="34.58351722222222" lon="137.04526805555557">
<ele>12</ele>
</trkpt>
<trkpt lat="34.58367277777778" lon="137.04516333333333">
<ele>12</ele>
</trkpt>
<trkpt lat="34.58382805555556" lon="137.0450586111111">
<ele>11</ele>
</trkpt>
<trkpt lat="34.58398361111111" lon="137.04495416666666">
<ele>11</ele>
</trkpt>
<trkpt lat="34.58413916666667" lon="137.04484944444445">
<ele>11</ele>
</trkpt>
<trkpt lat="34.584294722222225" lon="137.044745">
<ele>11</ele>
</trkpt>
<trkpt lat="34.584450277777776" lon="137.04464027777777">
<ele>11</ele>
</trkpt>
<trkpt lat="34.584605833333335" lon="137.04453555555557">
<ele>11</ele>
</trkpt>
<trkpt lat="34.58476111111111" lon="137.04443111111112">
<ele>11</ele>
</trkpt>
<trkpt lat="34.58476111111111" lon="137.04443111111112">
<ele>11</ele>
</trkpt>
<trkpt lat="34.584895" lon="137.04430527777777">
<ele>12</ele>
</trkpt>
<trkpt lat="34.58502861111111" lon="137.04417944444444">
<ele>12</ele>
</trkpt>
<trkpt lat="34.58516222222222" lon="137.0440536111111">
<ele>13</ele>
</trkpt>
<trkpt lat="34.58529583333333" lon="137.04392805555557">
<ele>13</ele>
</trkpt>
<trkpt lat="34.58542944444444" lon="137.0438022222222">
<ele>13</ele>
</trkpt>
<trkpt lat="34.58556305555555" lon="137.04367638888888">
<ele>13</ele>
</trkpt>
<trkpt lat="34.58569694444444" lon="137.04355055555556">
<ele>13</ele>
</trkpt>
<trkpt lat="34.58583055555555" lon="137.04342472222223">
<ele>14</ele>
</trkpt>
<trkpt lat="34.58596416666666" lon="137.04329916666666">
<ele>14</ele>
</trkpt>
<trkpt lat="34.58609777777778" lon="137.04317333333333">
<ele>15</ele>
</trkpt>
<trkpt lat="34.58623138888889" lon="137.0430475">
<ele>15</ele>
</trkpt>
<trkpt lat="34.586365" lon="137.04292166666667">
<ele>15</ele>
</trkpt>
<trkpt lat="34.58649861111111" lon="137.04279583333334">
<ele>14</ele>
</trkpt>
<trkpt lat="34.5866325" lon="137.04267">
<ele>15</ele>
</trkpt>
<trkpt lat="34.58676611111111" lon="137.04254444444445">
<ele>14</ele>
</trkpt>
<trkpt lat="34.58689972222222" lon="137.04241861111112">
<ele>14</ele>
</trkpt>
<trkpt lat="34.58703333333333" lon="137.0422927777778">
<ele>14</ele>
</trkpt>
<trkpt lat="34.58716694444445" lon="137.04216694444443">
<ele>14</ele>
</trkpt>
<trkpt lat="34.58730055555556" lon="137.0420411111111">
<ele>14</ele>
</trkpt>
<trkpt lat="34.58730055555556" lon="137.0420411111111">
<ele>14</ele>
</trkpt>
<trkpt lat="34.58730055555556" lon="137.0420411111111">
<ele>14</ele>
</trkpt>
<trkpt lat="34.58722916666667" lon="137.04194083333334">
<ele>14</ele>
</trkpt>
<trkpt lat="34.5871575" lon="137.04184027777777">
<ele>15</ele>
</trkpt>
<trkpt lat="34.58708583333333" lon="137.04173972222222">
<ele>15</ele>
</trkpt>
<trkpt lat="34.58701416666667" lon="137.04163916666667">
<ele>15</ele>
</trkpt>
<trkpt lat="34.58694277777778" lon="137.04153861111112">
<ele>16</ele>
</trkpt>
<trkpt lat="34.58687111111111" lon="137.04143805555555">
<ele>16</ele>
</trkpt>
<trkpt lat="34.586799444444445" lon="137.0413375">
<ele>16</ele>
</trkpt>
<trkpt lat="34.586728055555554" lon="137.04123722222224">
<ele>17</ele>
</trkpt>
<trkpt lat="34.58665638888889" lon="137.04113666666666">
<ele>18</ele>
</trkpt>
<trkpt lat="34.58658472222222" lon="137.0410361111111">
<ele>18</ele>
</trkpt>
<trkpt lat="34.58651305555556" lon="137.04093555555556">
<ele>18</ele>
</trkpt>
<trkpt lat="34.586441666666666" lon="137.040835">
<ele>19</ele>
</trkpt>
<trkpt lat="34.58637" lon="137.04073444444444">
<ele>18</ele>
</trkpt>
<trkpt lat="34.58629833333333" lon="137.04063416666668">
<ele>19</ele>
</trkpt>
<trkpt lat="34.58622666666667" lon="137.0405336111111">
<ele>18</ele>
</trkpt>
<trkpt lat="34.58615527777778" lon="137.04043305555555">
<ele>19</ele>
</trkpt>
<trkpt lat="34.586083611111114" lon="137.0403325">
<ele>19</ele>
</trkpt>
<trkpt lat="34.586011944444444" lon="137.04023194444446">
<ele>19</ele>
</trkpt>
<trkpt lat="34.58594055555555" lon="137.04013138888888">
<ele>18</ele>
</trkpt>
<trkpt lat="34.58594055555555" lon="137.04013138888888">
<ele>18</ele>
</trkpt>
<trkpt lat="34.586017222222225" lon="137.04012944444443">
<ele>18</ele>
</trkpt>
<trkpt lat="34.58609388888889" lon="137.0401275">
<ele>18</ele>
</trkpt>
<trkpt lat="34.586170555555555" lon="137.04012527777778">
<ele>18</ele>
</trkpt>
<trkpt lat="34.58624722222222" lon="137.04012333333333">
<ele>17</ele>
</trkpt>
<trkpt lat="34.58632388888889" lon="137.04012138888888">
<ele>17</ele>
</trkpt>
<trkpt lat="34.58640055555556" lon="137.04011916666667">
<ele>17</ele>
</trkpt>
<trkpt lat="34.5864775" lon="137.04011722222222">
<ele>16</ele>
</trkpt>
<trkpt lat="34.586554166666666" lon="137.04011527777777">
<ele>16</ele>
</trkpt>
<trkpt lat="34.58663083333333" lon="137.04011305555557">
<ele>16</ele>
</trkpt>
<trkpt lat="34.5867075" lon="137.04011111111112">
<ele>15</ele>
</trkpt>
<trkpt lat="34.58678416666667" lon="137.04010916666667">
<ele>15</ele>
</trkpt>
<trkpt lat="34.58686083333333" lon="137.04010694444443">
<ele>15</ele>
</trkpt>
<trkpt lat="34.5869375" lon="137.040105">
<ele>15</ele>
</trkpt>
<trkpt lat="34.58701416666667" lon="137.04010305555556">
<ele>15</ele>
</trkpt>
<trkpt lat="34.587091111111114" lon="137.04010083333333">
<ele>15</ele>
</trkpt>
<trkpt lat="34.58716777777778" lon="137.04009888888888">
<ele>15</ele>
</trkpt>
<trkpt lat="34.587244444444444" lon="137.04009694444446">
<ele>15</ele>
</trkpt>
<trkpt lat="34.58732111111111" lon="137.04009472222222">
<ele>15</ele>
</trkpt>
<trkpt lat="34.58739777777778" lon="137.04009277777777">
<ele>15</ele>
</trkpt>
<trkpt lat="34.58739777777778" lon="137.04009277777777">
<ele>15</ele>
</trkpt>
<trkpt lat="34.58739777777778" lon="137.04009277777777">
<ele>15</ele>
</trkpt>
<trkpt lat="34.58745138888889" lon="137.04013277777779">
<ele>15</ele>
</trkpt>
<trkpt lat="34.58750527777778" lon="137.04017305555556">
<ele>15</ele>
</trkpt>
<trkpt lat="34.587558888888886" lon="137.04021305555557">
<ele>15</ele>
</trkpt>
<trkpt lat="34.5876125" lon="137.04025305555555">
<ele>14</ele>
</trkpt>
<trkpt lat="34.58766638888889" lon="137.04029333333332">
<ele>14</ele>
</trkpt>
<trkpt lat="34.58772" lon="137.04033333333334">
<ele>15</ele>
</trkpt>
<trkpt lat="34.58777361111111" lon="137.04037333333332">
<ele>14</ele>
</trkpt>
<trkpt lat="34.5878275" lon="137.04041361111112">
<ele>14</ele>
</trkpt>
<trkpt lat="34.58788111111111" lon="137.0404536111111">
<ele>14</ele>
</trkpt>
<trkpt lat="34.58793472222222" lon="137.04049361111112">
<ele>14</ele>
</trkpt>
<trkpt lat="34.587988333333335" lon="137.0405338888889">
<ele>14</ele>
</trkpt>
<trkpt lat="34.58804222222222" lon="137.0405738888889">
<ele>13</ele>
</trkpt>
<trkpt lat="34.588095833333334" lon="137.04061388888888">
<ele>13</ele>
</trkpt>
<trkpt lat="34.58814944444445" lon="137.04065416666666">
<ele>13</ele>
</trkpt>
<trkpt lat="34.58820333333333" lon="137.04069416666667">
<ele>13</ele>
</trkpt>
<trkpt lat="34.588256944444446" lon="137.04073416666665">
<ele>13</ele>
</trkpt>
<trkpt lat="34.58831055555556" lon="137.04077444444445">
<ele>13</ele>
</trkpt>
<trkpt lat="34.588364166666665" lon="137.04081444444444">
<ele>12</ele>
</trkpt>
<trkpt lat="34.58841805555556" lon="137.04085444444445">
<ele>12</ele>
</trkpt>
<trkpt lat="34.58847166666666" lon="137.04089472222222">
<ele>12</ele>
</trkpt>
<trkpt lat="34.58852527777778" lon="137.04093472222223">
<ele>12</ele>
</trkpt>
<trkpt lat="34.58857916666667" lon="137.04097472222222">
<ele>12</ele>
</trkpt>
<trkpt lat="34.588632777777775" lon="137.041015">
<ele>12</ele>
</trkpt>
<trkpt lat="34.58868638888889" lon="137.041055">
<ele>12</ele>
</trkpt>
<trkpt lat="34.58874027777778" lon="137.041095">
<ele>12</ele>
</trkpt>
<trkpt lat="34.58879388888889" lon="137.04113527777778">
<ele>11</ele>
</trkpt>
<trkpt lat="34.5888475" lon="137.04117527777777">
<ele>11</ele>
</trkpt>
<trkpt lat="34.58890111111111" lon="137.04121527777778">
<ele>11</ele>
</trkpt>
<trkpt lat="34.588955" lon="137.04125555555555">
<ele>10</ele>
</trkpt>
<trkpt lat="34.58900861111111" lon="137.04129555555556">
<ele>10</ele>
</trkpt>
<trkpt lat="34.589062222222225" lon="137.04133555555555">
<ele>10</ele>
</trkpt>
<trkpt lat="34.58911611111111" lon="137.04137583333332">
<ele>10</ele>
</trkpt>
<trkpt lat="34.58916972222222" lon="137.04141583333333">
<ele>10</ele>
</trkpt>
<trkpt lat="34.58922333333334" lon="137.04145583333334">
<ele>10</ele>
</trkpt>
<trkpt lat="34.58927694444444" lon="137.04149611111112">
<ele>10</ele>
</trkpt>
<trkpt lat="34.589330833333335" lon="137.0415361111111">
<ele>10</ele>
</trkpt>
<trkpt lat="34.58938444444444" lon="137.0415761111111">
<ele>9</ele>
</trkpt>
<trkpt lat="34.589438055555554" lon="137.04161638888888">
<ele>9</ele>
</trkpt>
<trkpt lat="34.589438055555554" lon="137.04161638888888">
<ele>9</ele>
</trkpt>
<trkpt lat="34.58997" lon="137.04194333333334">
<ele>7</ele>
</trkpt>
<trkpt lat="34.59050222222222" lon="137.0422702777778">
<ele>5</ele>
</trkpt>
<trkpt lat="34.59103416666667" lon="137.0425972222222">
<ele>4</ele>
</trkpt>
<trkpt lat="34.59156611111111" lon="137.04292416666667">
<ele>4</ele>
</trkpt>
<trkpt lat="34.59209805555555" lon="137.04325111111112">
<ele>4</ele>
</trkpt>
<trkpt lat="34.59263" lon="137.04357805555554">
<ele>4</ele>
</trkpt>
<trkpt lat="34.59316194444445" lon="137.043905">
<ele>4</ele>
</trkpt>
<trkpt lat="34.593693888888886" lon="137.04423194444445">
<ele>4</ele>
</trkpt>
<trkpt lat="34.59422583333333" lon="137.0445588888889">
<ele>4</ele>
</trkpt>
<trkpt lat="34.59475777777778" lon="137.04488583333332">
<ele>4</ele>
</trkpt>
<trkpt lat="34.59528972222222" lon="137.04521277777778">
<ele>4</ele>
</trkpt>
<trkpt lat="34.595821944444445" lon="137.04553972222223">
<ele>4</ele>
</trkpt>
<trkpt lat="34.59635388888889" lon="137.04586666666665">
<ele>4</ele>
</trkpt>
<trkpt lat="34.59688583333333" lon="137.0461936111111">
<ele>4</ele>
</trkpt>
<trkpt lat="34.59741777777778" lon="137.04652055555556">
<ele>4</ele>
</trkpt>
<trkpt lat="34.597949722222225" lon="137.0468475">
<ele>4</ele>
</trkpt>
<trkpt lat="34.598481666666665" lon="137.04717444444444">
<ele>4</ele>
</trkpt>
<trkpt lat="34.59901361111111" lon="137.0475013888889">
<ele>4</ele>
</trkpt>
<trkpt lat="34.59954555555556" lon="137.04782833333334">
<ele>4</ele>
</trkpt>
<trkpt lat="34.6000775" lon="137.04815527777777">
<ele>4</ele>
</trkpt>
<trkpt lat="34.600609444444444" lon="137.04848222222222">
<ele>4</ele>
</trkpt>
<trkpt lat="34.60114166666666" lon="137.04880916666667">
<ele>4</ele>
</trkpt>
<trkpt lat="34.60167361111111" lon="137.04913611111112">
<ele>4</ele>
</trkpt>
<trkpt lat="34.60220555555556" lon="137.04946305555555">
<ele>4</ele>
</trkpt>
<trkpt lat="34.6027375" lon="137.04979">
<ele>4</ele>
</trkpt>
<trkpt lat="34.60326944444444" lon="137.05011694444445">
<ele>4</ele>
</trkpt>
<trkpt lat="34.60380138888889" lon="137.05044388888888">
<ele>4</ele>
</trkpt>
<trkpt lat="34.60433333333334" lon="137.05077083333333">
<ele>4</ele>
</trkpt>
<trkpt lat="34.604865277777776" lon="137.05109777777778">
<ele>4</ele>
</trkpt>
<trkpt lat="34.60539722222222" lon="137.0514247222222">
<ele>4</ele>
</trkpt>
<trkpt lat="34.60592916666667" lon="137.05175166666666">
<ele>4</ele>
</trkpt>
<trkpt lat="34.60646138888889" lon="137.0520786111111">
<ele>4</ele>
</trkpt>
<trkpt lat="34.606993333333335" lon="137.05240555555557">
<ele>4</ele>
</trkpt>
<trkpt lat="34.607525277777775" lon="137.0527325">
<ele>4</ele>
</trkpt>
<trkpt lat="34.60805722222222" lon="137.05305944444444">
<ele>5</ele>
</trkpt>
<trkpt lat="34.60858916666667" lon="137.0533863888889">
<ele>6</ele>
</trkpt>
<trkpt lat="34.60912111111111" lon="137.05371333333332">
<ele>6</ele>
</trkpt>
<trkpt lat="34.609653055555555" lon="137.05404027777777">
<ele>6</ele>
</trkpt>
<trkpt lat="34.609653055555555" lon="137.05404027777777">
<ele>6</ele>
</trkpt>
<trkpt lat="34.609653055555555" lon="137.05404027777777">
<ele>6</ele>
</trkpt>
<trkpt lat="34.6097625" lon="137.05410694444444">
<ele>6</ele>
</trkpt>
<trkpt lat="34.60987194444444" lon="137.0541736111111">
<ele>6</ele>
</trkpt>
<trkpt lat="34.60998138888889" lon="137.05424027777778">
<ele>6</ele>
</trkpt>
<trkpt lat="34.61009083333333" lon="137.05430666666666">
<ele>5</ele>
</trkpt>
<trkpt lat="34.61020027777778" lon="137.05437333333333">
<ele>6</ele>
</trkpt>
<trkpt lat="34.61030972222222" lon="137.05444">
<ele>6</ele>
</trkpt>
<trkpt lat="34.61041916666667" lon="137.05450666666667">
<ele>6</ele>
</trkpt>
<trkpt lat="34.610528611111114" lon="137.05457333333334">
<ele>6</ele>
</trkpt>
<trkpt lat="34.610638055555555" lon="137.05464">
<ele>5</ele>
</trkpt>
<trkpt lat="34.6107475" lon="137.05470666666668">
<ele>5</ele>
</trkpt>
<trkpt lat="34.61085694444444" lon="137.05477333333334">
<ele>5</ele>
</trkpt>
<trkpt lat="34.61096638888889" lon="137.05483972222223">
<ele>5</ele>
</trkpt>
<trkpt lat="34.61107583333333" lon="137.0549063888889">
<ele>5</ele>
</trkpt>
<trkpt lat="34.61118527777778" lon="137.05497305555556">
<ele>5</ele>
</trkpt>
<trkpt lat="34.61129472222222" lon="137.05503972222223">
<ele>5</ele>
</trkpt>
<trkpt lat="34.61140416666667" lon="137.0551063888889">
<ele>5</ele>
</trkpt>
<trkpt lat="34.611513611111114" lon="137.05517305555554">
<ele>5</ele>
</trkpt>
<trkpt lat="34.611623055555555" lon="137.0552397222222">
<ele>5</ele>
</trkpt>
<trkpt lat="34.6117325" lon="137.05530638888888">
<ele>4</ele>
</trkpt>
<trkpt lat="34.61184194444444" lon="137.0553727777778">
<ele>4</ele>
</trkpt>
<trkpt lat="34.61195138888889" lon="137.05543944444443">
<ele>4</ele>
</trkpt>
<trkpt lat="34.61206083333333" lon="137.0555061111111">
<ele>4</ele>
</trkpt>
<trkpt lat="34.61217027777778" lon="137.05557277777777">
<ele>4</ele>
</trkpt>
<trkpt lat="34.61227972222222" lon="137.05563944444444">
<ele>4</ele>
</trkpt>
<trkpt lat="34.61238916666667" lon="137.0557061111111">
<ele>4</ele>
</trkpt>
<trkpt lat="34.612498611111114" lon="137.05577277777778">
<ele>4</ele>
</trkpt>
<trkpt lat="34.612608055555555" lon="137.05583944444444">
<ele>4</ele>
</trkpt>
<trkpt lat="34.6127175" lon="137.05590583333333">
<ele>4</ele>
</trkpt>
<trkpt lat="34.61282694444444" lon="137.0559725">
<ele>4</ele>
</trkpt>
<trkpt lat="34.61293638888889" lon="137.05603916666666">
<ele>4</ele>
</trkpt>
<trkpt lat="34.61304583333333" lon="137.05610583333333">
<ele>4</ele>
</trkpt>
<trkpt lat="34.61315527777778" lon="137.0561725">
<ele>4</ele>
</trkpt>
<trkpt lat="34.61326472222222" lon="137.05623916666667">
<ele>4</ele>
</trkpt>
<trkpt lat="34.61337416666667" lon="137.05630583333334">
<ele>4</ele>
</trkpt>
<trkpt lat="34.613483611111114" lon="137.0563725">
<ele>4</ele>
</trkpt>
<trkpt lat="34.613593055555555" lon="137.0564388888889">
<ele>4</ele>
</trkpt>
<trkpt lat="34.6137025" lon="137.05650555555556">
<ele>4</ele>
</trkpt>
<trkpt lat="34.61381194444444" lon="137.05657222222223">
<ele>4</ele>
</trkpt>
<trkpt lat="34.61381194444444" lon="137.05657222222223">
<ele>4</ele>
</trkpt>
<trkpt lat="34.61381194444444" lon="137.05657222222223">
<ele>4</ele>
</trkpt>
<trkpt lat="34.614245277777776" lon="137.05683527777776">
<ele>3</ele>
</trkpt>
<trkpt lat="34.61467833333333" lon="137.05709833333333">
<ele>3</ele>
</trkpt>
<trkpt lat="34.615111666666664" lon="137.0573613888889">
<ele>3</ele>
</trkpt>
<trkpt lat="34.615544722222225" lon="137.05762444444446">
<ele>3</ele>
</trkpt>
<trkpt lat="34.61597805555556" lon="137.0578875">
<ele>3</ele>
</trkpt>
<trkpt lat="34.61641111111111" lon="137.05815055555556">
<ele>3</ele>
</trkpt>
<trkpt lat="34.616844444444446" lon="137.05841361111112">
<ele>3</ele>
</trkpt>
<trkpt lat="34.6172775" lon="137.05867666666666">
<ele>3</ele>
</trkpt>
<trkpt lat="34.617710833333334" lon="137.05893972222222">
<ele>3</ele>
</trkpt>
<trkpt lat="34.61814416666667" lon="137.05920277777778">
<ele>3</ele>
</trkpt>
<trkpt lat="34.61857722222222" lon="137.05946583333332">
<ele>3</ele>
</trkpt>
<trkpt lat="34.619010555555555" lon="137.05972888888888">
<ele>3</ele>
</trkpt>
<trkpt lat="34.61944361111111" lon="137.05999194444445">
<ele>3</ele>
</trkpt>
<trkpt lat="34.61987694444444" lon="137.060255">
<ele>3</ele>
</trkpt>
<trkpt lat="34.62031" lon="137.06051805555555">
<ele>3</ele>
</trkpt>
<trkpt lat="34.62074333333333" lon="137.0607811111111">
<ele>3</ele>
</trkpt>
<trkpt lat="34.62117638888889" lon="137.06104416666668">
<ele>3</ele>
</trkpt>
<trkpt lat="34.621609722222225" lon="137.0613072222222">
<ele>3</ele>
</trkpt>
<trkpt lat="34.62204277777778" lon="137.06157027777778">
<ele>3</ele>
</trkpt>
<trkpt lat="34.62247611111111" lon="137.06183333333334">
<ele>3</ele>
</trkpt>
<trkpt lat="34.622909166666666" lon="137.06209638888888">
<ele>3</ele>
</trkpt>
<trkpt lat="34.6233425" lon="137.06235944444444">
<ele>2</ele>
</trkpt>
<trkpt lat="34.623775555555554" lon="137.0626225">
<ele>2</ele>
</trkpt>
<trkpt lat="34.62420888888889" lon="137.06288555555557">
<ele>2</ele>
</trkpt>
<trkpt lat="34.62464194444444" lon="137.0631486111111">
<ele>2</ele>
</trkpt>
<trkpt lat="34.625075277777775" lon="137.06341166666667">
<ele>2</ele>
</trkpt>
<trkpt lat="34.625508333333336" lon="137.06367472222223">
<ele>2</ele>
</trkpt>
<trkpt lat="34.62594166666667" lon="137.06393777777777">
<ele>2</ele>
</trkpt>
<trkpt lat="34.626374722222224" lon="137.06420083333333">
<ele>2</ele>
</trkpt>
<trkpt lat="34.62680805555556" lon="137.0644638888889">
<ele>2</ele>
</trkpt>
<trkpt lat="34.62724111111111" lon="137.06472694444443">
<ele>2</ele>
</trkpt>
<trkpt lat="34.627674444444445" lon="137.06499">
<ele>2</ele>
</trkpt>
<trkpt lat="34.6281075" lon="137.06525305555556">
<ele>3</ele>
</trkpt>
<trkpt lat="34.62854083333333" lon="137.06551611111112">
<ele>2</ele>
</trkpt>
<trkpt lat="34.628973888888886" lon="137.06577916666666">
<ele>2</ele>
</trkpt>
<trkpt lat="34.62940722222222" lon="137.06604222222222">
<ele>2</ele>
</trkpt>
<trkpt lat="34.62984055555555" lon="137.0663052777778">
<ele>2</ele>
</trkpt>
<trkpt lat="34.630273611111114" lon="137.06656833333332">
<ele>2</ele>
</trkpt>
<trkpt lat="34.630273611111114" lon="137.06656833333332">
<ele>2</ele>
</trkpt>
<trkpt lat="34.630273611111114" lon="137.06656833333332">
<ele>2</ele>
</trkpt>
<trkpt lat="34.630316944444445" lon="137.06658222222222">
<ele>2</ele>
</trkpt>
<trkpt lat="34.630360555555555" lon="137.06659583333334">
<ele>2</ele>
</trkpt>
<trkpt lat="34.630403888888885" lon="137.0666097222222">
<ele>2</ele>
</trkpt>
<trkpt lat="34.6304475" lon="137.0666236111111">
<ele>2</ele>
</trkpt>
<trkpt lat="34.63049083333333" lon="137.0666375">
<ele>2</ele>
</trkpt>
<trkpt lat="34.63053444444444" lon="137.0666511111111">
<ele>2</ele>
</trkpt>
<trkpt lat="34.63057777777778" lon="137.066665">
<ele>2</ele>
</trkpt>
<trkpt lat="34.63062111111111" lon="137.0666788888889">
<ele>2</ele>
</trkpt>
<trkpt lat="34.63066472222222" lon="137.06669277777777">
<ele>2</ele>
</trkpt>
<trkpt lat="34.63070805555556" lon="137.0667063888889">
<ele>2</ele>
</trkpt>
<trkpt lat="34.63075166666667" lon="137.0667202777778">
<ele>2</ele>
</trkpt>
<trkpt lat="34.630795" lon="137.06673416666666">
<ele>2</ele>
</trkpt>
<trkpt lat="34.63083861111111" lon="137.06674805555556">
<ele>2</ele>
</trkpt>
<trkpt lat="34.63088194444445" lon="137.06676166666668">
<ele>2</ele>
</trkpt>
<trkpt lat="34.63092527777778" lon="137.06677555555555">
<ele>2</ele>
</trkpt>
<trkpt lat="34.63096888888889" lon="137.06678944444445">
<ele>2</ele>
</trkpt>
<trkpt lat="34.631012222222225" lon="137.06680333333333">
<ele>2</ele>
</trkpt>
<trkpt lat="34.631055833333335" lon="137.06681722222223">
<ele>2</ele>
</trkpt>
<trkpt lat="34.631099166666665" lon="137.06683083333334">
<ele>2</ele>
</trkpt>
<trkpt lat="34.631116666666664" lon="137.0668363888889">
<ele>2</ele>
</trkpt>
<trkpt lat="34.631116666666664" lon="137.0668363888889">
<ele>2</ele>
</trkpt>
<trkpt lat="34.63151861111111" lon="137.06707777777777">
<ele>2</ele>
</trkpt>
<trkpt lat="34.63192055555555" lon="137.06731888888888">
<ele>2</ele>
</trkpt>
<trkpt lat="34.63232222222222" lon="137.06756">
<ele>2</ele>
</trkpt>
<trkpt lat="34.63272416666667" lon="137.06780138888888">
<ele>2</ele>
</trkpt>
<trkpt lat="34.63312611111111" lon="137.0680425">
<ele>2</ele>
</trkpt>
<trkpt lat="34.63352805555556" lon="137.0682836111111">
<ele>2</ele>
</trkpt>
<trkpt lat="34.63393" lon="137.068525">
<ele>2</ele>
</trkpt>
<trkpt lat="34.63433166666667" lon="137.0687661111111">
<ele>2</ele>
</trkpt>
<trkpt lat="34.63473361111111" lon="137.0690075">
<ele>2</ele>
</trkpt>
<trkpt lat="34.63513555555556" lon="137.0692486111111">
<ele>2</ele>
</trkpt>
<trkpt lat="34.6355375" lon="137.06948972222222">
<ele>2</ele>
</trkpt>
<trkpt lat="34.635939444444446" lon="137.0697311111111">
<ele>2</ele>
</trkpt>
<trkpt lat="34.63634111111111" lon="137.06997222222222">
<ele>2</ele>
</trkpt>
<trkpt lat="34.636743055555556" lon="137.07021333333333">
<ele>2</ele>
</trkpt>
<trkpt lat="34.637145" lon="137.07045472222222">
<ele>2</ele>
</trkpt>
<trkpt lat="34.637546944444445" lon="137.07069583333333">
<ele>2</ele>
</trkpt>
<trkpt lat="34.637948888888886" lon="137.07093694444444">
<ele>2</ele>
</trkpt>
<trkpt lat="34.638350555555554" lon="137.07117833333334">
<ele>2</ele>
</trkpt>
<trkpt lat="34.6387525" lon="137.07141944444444">
<ele>2</ele>
</trkpt>
<trkpt lat="34.6387525" lon="137.07141944444444">
<ele>2</ele>
</trkpt>
<trkpt lat="34.63912055555556" lon="137.07162277777778">
<ele>2</ele>
</trkpt>
<trkpt lat="34.63948833333333" lon="137.0718261111111">
<ele>2</ele>
</trkpt>
<trkpt lat="34.63985638888889" lon="137.07202944444444">
<ele>2</ele>
</trkpt>
<trkpt lat="34.64022416666667" lon="137.0722325">
<ele>2</ele>
</trkpt>
<trkpt lat="34.640592222222224" lon="137.07243583333334">
<ele>2</ele>
</trkpt>
<trkpt lat="34.64096027777778" lon="137.07263916666668">
<ele>2</ele>
</trkpt>
<trkpt lat="34.641328055555554" lon="137.0728425">
<ele>2</ele>
</trkpt>
<trkpt lat="34.64169611111111" lon="137.07304583333334">
<ele>2</ele>
</trkpt>
<trkpt lat="34.64206388888889" lon="137.07324888888888">
<ele>2</ele>
</trkpt>
<trkpt lat="34.642431944444446" lon="137.07345222222222">
<ele>2</ele>
</trkpt>
<trkpt lat="34.6428" lon="137.07365555555555">
<ele>2</ele>
</trkpt>
<trkpt lat="34.64316777777778" lon="137.07385888888888">
<ele>2</ele>
</trkpt>
<trkpt lat="34.64353583333333" lon="137.0740622222222">
<ele>2</ele>
</trkpt>
<trkpt lat="34.643903611111114" lon="137.07426555555554">
<ele>2</ele>
</trkpt>
<trkpt lat="34.64427166666667" lon="137.07446861111112">
<ele>2</ele>
</trkpt>
<trkpt lat="34.644639444444444" lon="137.07467194444445">
<ele>2</ele>
</trkpt>
<trkpt lat="34.6450075" lon="137.07487527777778">
<ele>2</ele>
</trkpt>
<trkpt lat="34.64537555555555" lon="137.0750786111111">
<ele>2</ele>
</trkpt>
<trkpt lat="34.645743333333336" lon="137.07528194444444">
<ele>2</ele>
</trkpt>
<trkpt lat="34.645743333333336" lon="137.07528194444444">
<ele>2</ele>
</trkpt>
<trkpt lat="34.645876944444446" lon="137.0753675">
<ele>2</ele>
</trkpt>
<trkpt lat="34.646010277777776" lon="137.07545305555556">
<ele>2</ele>
</trkpt>
<trkpt lat="34.646143611111114" lon="137.0755386111111">
<ele>2</ele>
</trkpt>
<trkpt lat="34.646277222222224" lon="137.07562416666667">
<ele>2</ele>
</trkpt>
<trkpt lat="34.646410555555555" lon="137.07570972222223">
<ele>2</ele>
</trkpt>
<trkpt lat="34.646543888888885" lon="137.0757952777778">
<ele>2</ele>
</trkpt>
<trkpt lat="34.6466775" lon="137.07588083333334">
<ele>2</ele>
</trkpt>
<trkpt lat="34.64681083333333" lon="137.07596666666666">
<ele>2</ele>
</trkpt>
<trkpt lat="34.64694444444444" lon="137.07605222222222">
<ele>2</ele>
</trkpt>
<trkpt lat="34.64707777777778" lon="137.07613777777777">
<ele>2</ele>
</trkpt>
<trkpt lat="34.64721111111111" lon="137.07622333333333">
<ele>2</ele>
</trkpt>
<trkpt lat="34.64734472222222" lon="137.0763088888889">
<ele>2</ele>
</trkpt>
<trkpt lat="34.64747805555555" lon="137.07639444444445">
<ele>2</ele>
</trkpt>
<trkpt lat="34.64761138888889" lon="137.07648">
<ele>2</ele>
</trkpt>
<trkpt lat="34.647745" lon="137.07656555555556">
<ele>2</ele>
</trkpt>
<trkpt lat="34.64787833333333" lon="137.07665111111112">
<ele>2</ele>
</trkpt>
<trkpt lat="34.64801194444444" lon="137.07673694444443">
<ele>2</ele>
</trkpt>
<trkpt lat="34.64814527777778" lon="137.0768225">
<ele>2</ele>
</trkpt>
<trkpt lat="34.64827861111111" lon="137.07690805555555">
<ele>2</ele>
</trkpt>
<trkpt lat="34.64841222222222" lon="137.0769936111111">
<ele>2</ele>
</trkpt>
<trkpt lat="34.64854555555556" lon="137.07707916666666">
<ele>2</ele>
</trkpt>
<trkpt lat="34.64867888888889" lon="137.07716472222222">
<ele>2</ele>
</trkpt>
<trkpt lat="34.6488125" lon="137.07725027777778">
<ele>1</ele>
</trkpt>
<trkpt lat="34.648945833333336" lon="137.07733583333334">
<ele>1</ele>
</trkpt>
<trkpt lat="34.649079444444446" lon="137.07742166666668">
<ele>1</ele>
</trkpt>
<trkpt lat="34.64921277777778" lon="137.0775072222222">
<ele>1</ele>
</trkpt>
<trkpt lat="34.649346111111115" lon="137.07759277777777">
<ele>1</ele>
</trkpt>
<trkpt lat="34.649479722222225" lon="137.07767833333332">
<ele>1</ele>
</trkpt>
<trkpt lat="34.649613055555555" lon="137.07776388888888">
<ele>1</ele>
</trkpt>
<trkpt lat="34.649746388888886" lon="137.07784944444444">
<ele>1</ele>
</trkpt>
<trkpt lat="34.64988" lon="137.077935">
<ele>1</ele>
</trkpt>
<trkpt lat="34.650013333333334" lon="137.07802055555555">
<ele>1</ele>
</trkpt>
<trkpt lat="34.650146944444444" lon="137.0781061111111">
<ele>1</ele>
</trkpt>
<trkpt lat="34.650280277777775" lon="137.07819194444446">
<ele>1</ele>
</trkpt>
<trkpt lat="34.65041361111111" lon="137.0782775">
<ele>1</ele>
</trkpt>
<trkpt lat="34.65054722222222" lon="137.07836305555554">
<ele>1</ele>
</trkpt>
<trkpt lat="34.65068055555555" lon="137.0784486111111">
<ele>1</ele>
</trkpt>
<trkpt lat="34.65081388888889" lon="137.07853416666666">
<ele>1</ele>
</trkpt>
<trkpt lat="34.65081388888889" lon="137.07853416666666">
<ele>1</ele>
</trkpt>
<trkpt lat="34.65092611111111" lon="137.07857194444443">
<ele>1</ele>
</trkpt>
<trkpt lat="34.65103833333333" lon="137.0786097222222">
<ele>1</ele>
</trkpt>
<trkpt lat="34.65115055555555" lon="137.0786475">
<ele>1</ele>
</trkpt>
<trkpt lat="34.65126277777778" lon="137.07868527777777">
<ele>1</ele>
</trkpt>
<trkpt lat="34.651375" lon="137.07872305555554">
<ele>1</ele>
</trkpt>
<trkpt lat="34.65148722222222" lon="137.07876083333332">
<ele>1</ele>
</trkpt>
<trkpt lat="34.651599166666664" lon="137.07879833333334">
<ele>1</ele>
</trkpt>
<trkpt lat="34.65171138888889" lon="137.07883611111112">
<ele>1</ele>
</trkpt>
<trkpt lat="34.65182361111111" lon="137.0788738888889">
<ele>1</ele>
</trkpt>
<trkpt lat="34.65193583333333" lon="137.07891166666667">
<ele>1</ele>
</trkpt>
<trkpt lat="34.652048055555554" lon="137.07894944444445">
<ele>1</ele>
</trkpt>
<trkpt lat="34.652160277777774" lon="137.07898722222222">
<ele>1</ele>
</trkpt>
<trkpt lat="34.65227222222222" lon="137.079025">
<ele>1</ele>
</trkpt>
<trkpt lat="34.65238444444444" lon="137.07906277777778">
<ele>1</ele>
</trkpt>
<trkpt lat="34.652496666666664" lon="137.07910055555556">
<ele>1</ele>
</trkpt>
<trkpt lat="34.65260888888889" lon="137.07913833333333">
<ele>1</ele>
</trkpt>
<trkpt lat="34.65272111111111" lon="137.0791761111111">
<ele>1</ele>
</trkpt>
<trkpt lat="34.652833333333334" lon="137.0792138888889">
<ele>1</ele>
</trkpt>
<trkpt lat="34.652945555555554" lon="137.07925138888888">
<ele>1</ele>
</trkpt>
<trkpt lat="34.652945555555554" lon="137.07925138888888">
<ele>1</ele>
</trkpt>
<trkpt lat="34.65298694444444" lon="137.07927916666668">
<ele>1</ele>
</trkpt>
<trkpt lat="34.65302861111111" lon="137.07930694444445">
<ele>1</ele>
</trkpt>
<trkpt lat="34.65307027777778" lon="137.07933472222223">
<ele>1</ele>
</trkpt>
<trkpt lat="34.65311166666667" lon="137.0793625">
<ele>1</ele>
</trkpt>
<trkpt lat="34.653153333333336" lon="137.07939027777778">
<ele>1</ele>
</trkpt>
<trkpt lat="34.653195" lon="137.07941805555555">
<ele>1</ele>
</trkpt>
<trkpt lat="34.65323638888889" lon="137.07944583333332">
<ele>1</ele>
</trkpt>
<trkpt lat="34.65327805555555" lon="137.0794736111111">
<ele>1</ele>
</trkpt>
<trkpt lat="34.65331972222222" lon="137.0795011111111">
<ele>1</ele>
</trkpt>
<trkpt lat="34.65336111111111" lon="137.0795288888889">
<ele>1</ele>
</trkpt>
<trkpt lat="34.65340277777778" lon="137.07955666666666">
<ele>1</ele>
</trkpt>
<trkpt lat="34.653444444444446" lon="137.07958444444444">
<ele>1</ele>
</trkpt>
<trkpt lat="34.653485833333335" lon="137.0796122222222">
<ele>1</ele>
</trkpt>
<trkpt lat="34.6535275" lon="137.07964">
<ele>1</ele>
</trkpt>
<trkpt lat="34.653569166666664" lon="137.0796677777778">
<ele>1</ele>
</trkpt>
<trkpt lat="34.65361055555555" lon="137.07969555555556">
<ele>1</ele>
</trkpt>
<trkpt lat="34.65365222222222" lon="137.07972333333333">
<ele>1</ele>
</trkpt>
<trkpt lat="34.65369361111111" lon="137.0797511111111">
<ele>1</ele>
</trkpt>
<trkpt lat="34.65373527777778" lon="137.07977861111112">
<ele>1</ele>
</trkpt>
<trkpt lat="34.65373527777778" lon="137.07977861111112">
<ele>1</ele>
</trkpt>
<trkpt lat="34.65373527777778" lon="137.07977861111112">
<ele>1</ele>
</trkpt>
<trkpt lat="34.65376361111111" lon="137.07973611111112">
<ele>1</ele>
</trkpt>
<trkpt lat="34.65379166666666" lon="137.0796936111111">
<ele>1</ele>
</trkpt>
<trkpt lat="34.65382" lon="137.0796511111111">
<ele>1</ele>
</trkpt>
<trkpt lat="34.65384805555556" lon="137.0796086111111">
<ele>1</ele>
</trkpt>
<trkpt lat="34.65387638888889" lon="137.07956611111112">
<ele>1</ele>
</trkpt>
<trkpt lat="34.65390444444444" lon="137.0795236111111">
<ele>1</ele>
</trkpt>
<trkpt lat="34.653932777777776" lon="137.0794811111111">
<ele>1</ele>
</trkpt>
<trkpt lat="34.653960833333336" lon="137.0794386111111">
<ele>1</ele>
</trkpt>
<trkpt lat="34.65398916666667" lon="137.07939611111112">
<ele>1</ele>
</trkpt>
<trkpt lat="34.65401722222222" lon="137.07935361111112">
<ele>1</ele>
</trkpt>
<trkpt lat="34.654045555555555" lon="137.0793111111111">
<ele>1</ele>
</trkpt>
<trkpt lat="34.65407361111111" lon="137.0792686111111">
<ele>1</ele>
</trkpt>
<trkpt lat="34.65410194444444" lon="137.0792261111111">
<ele>1</ele>
</trkpt>
<trkpt lat="34.65413" lon="137.07918361111112">
<ele>1</ele>
</trkpt>
<trkpt lat="34.654158333333335" lon="137.0791411111111">
<ele>1</ele>
</trkpt>
<trkpt lat="34.654176666666665" lon="137.0791136111111">
<ele>1</ele>
</trkpt>
<trkpt lat="34.654176666666665" lon="137.0791136111111">
<ele>1</ele>
</trkpt>
<trkpt lat="34.654205833333336" lon="137.07904944444445">
<ele>1</ele>
</trkpt>
<trkpt lat="34.654235" lon="137.07898527777778">
<ele>1</ele>
</trkpt>
<trkpt lat="34.65426444444444" lon="137.0789213888889">
<ele>1</ele>
</trkpt>
<trkpt lat="34.654293611111115" lon="137.0788572222222">
<ele>1</ele>
</trkpt>
<trkpt lat="34.65432305555556" lon="137.07879305555556">
<ele>1</ele>
</trkpt>
<trkpt lat="34.65435222222222" lon="137.0787288888889">
<ele>1</ele>
</trkpt>
<trkpt lat="34.654381388888886" lon="137.078665">
<ele>1</ele>
</trkpt>
<trkpt lat="34.65441083333333" lon="137.07860083333333">
<ele>1</ele>
</trkpt>
<trkpt lat="34.65444" lon="137.07853666666668">
<ele>1</ele>
</trkpt>
<trkpt lat="34.654469166666665" lon="137.0784725">
<ele>1</ele>
</trkpt>
<trkpt lat="34.65449861111111" lon="137.07840861111112">
<ele>1</ele>
</trkpt>
<trkpt lat="34.65452777777778" lon="137.07834444444444">
<ele>1</ele>
</trkpt>
<trkpt lat="34.654556944444444" lon="137.07828027777776">
<ele>1</ele>
</trkpt>
<trkpt lat="34.65458638888889" lon="137.07821638888888">
<ele>1</ele>
</trkpt>
<trkpt lat="34.65461555555556" lon="137.07815222222223">
<ele>1</ele>
</trkpt>
<trkpt lat="34.65464472222222" lon="137.07808805555555">
<ele>1</ele>
</trkpt>
<trkpt lat="34.654674166666666" lon="137.07802388888888">
<ele>1</ele>
</trkpt>
<trkpt lat="34.65470333333333" lon="137.07796">
<ele>1</ele>
</trkpt>
<trkpt lat="34.6547325" lon="137.07789583333334">
<ele>1</ele>
</trkpt>
<trkpt lat="34.654761944444445" lon="137.07783166666667">
<ele>1</ele>
</trkpt>
<trkpt lat="34.65479111111111" lon="137.07776777777778">
<ele>1</ele>
</trkpt>
<trkpt lat="34.65482027777778" lon="137.0777036111111">
<ele>1</ele>
</trkpt>
<trkpt lat="34.654849722222224" lon="137.07763944444446">
<ele>1</ele>
</trkpt>
<trkpt lat="34.65487888888889" lon="137.07757527777778">
<ele>1</ele>
</trkpt>
<trkpt lat="34.65490805555556" lon="137.0775113888889">
<ele>1</ele>
</trkpt>
<trkpt lat="34.6549375" lon="137.07744722222222">
<ele>1</ele>
</trkpt>
<trkpt lat="34.65496666666667" lon="137.07738305555554">
<ele>1</ele>
</trkpt>
<trkpt lat="34.65499611111111" lon="137.0773188888889">
<ele>1</ele>
</trkpt>
<trkpt lat="34.655025277777774" lon="137.077255">
<ele>1</ele>
</trkpt>
<trkpt lat="34.655054444444445" lon="137.07719083333333">
<ele>1</ele>
</trkpt>
<trkpt lat="34.65508388888889" lon="137.07712666666666">
<ele>1</ele>
</trkpt>
<trkpt lat="34.65511305555555" lon="137.07706277777777">
<ele>1</ele>
</trkpt>
<trkpt lat="34.655142222222224" lon="137.07699861111112">
<ele>1</ele>
</trkpt>
<trkpt lat="34.65517166666667" lon="137.07693444444445">
<ele>1</ele>
</trkpt>
<trkpt lat="34.65520083333333" lon="137.07687027777777">
<ele>1</ele>
</trkpt>
<trkpt lat="34.65523" lon="137.07680638888888">
<ele>1</ele>
</trkpt>
<trkpt lat="34.65525944444445" lon="137.0767422222222">
<ele>1</ele>
</trkpt>
<trkpt lat="34.65528861111111" lon="137.07667805555556">
<ele>1</ele>
</trkpt>
<trkpt lat="34.65528861111111" lon="137.07667805555556">
<ele>1</ele>
</trkpt>
<trkpt lat="34.65528861111111" lon="137.07667805555556">
<ele>1</ele>
</trkpt>
<trkpt lat="34.6552725" lon="137.0766272222222">
<ele>1</ele>
</trkpt>
<trkpt lat="34.65525638888889" lon="137.0765761111111">
<ele>1</ele>
</trkpt>
<trkpt lat="34.65524027777778" lon="137.0765252777778">
<ele>1</ele>
</trkpt>
<trkpt lat="34.65522416666666" lon="137.07647416666666">
<ele>1</ele>
</trkpt>
<trkpt lat="34.655207777777775" lon="137.07642333333334">
<ele>1</ele>
</trkpt>
<trkpt lat="34.65519166666667" lon="137.0763725">
<ele>1</ele>
</trkpt>
<trkpt lat="34.65517555555556" lon="137.07632138888889">
<ele>1</ele>
</trkpt>
<trkpt lat="34.65515944444444" lon="137.07627055555557">
<ele>1</ele>
</trkpt>
<trkpt lat="34.655143333333335" lon="137.07621944444443">
<ele>1</ele>
</trkpt>
<trkpt lat="34.65512722222222" lon="137.07616861111111">
<ele>1</ele>
</trkpt>
<trkpt lat="34.65511111111111" lon="137.0761175">
<ele>1</ele>
</trkpt>
<trkpt lat="34.655095" lon="137.07606666666666">
<ele>1</ele>
</trkpt>
<trkpt lat="34.65507888888889" lon="137.07601555555556">
<ele>1</ele>
</trkpt>
<trkpt lat="34.6550625" lon="137.0759647222222">
<ele>1</ele>
</trkpt>
<trkpt lat="34.65504638888889" lon="137.0759138888889">
<ele>1</ele>
</trkpt>
<trkpt lat="34.655030277777776" lon="137.0758627777778">
<ele>1</ele>
</trkpt>
<trkpt lat="34.65501416666667" lon="137.07581194444444">
<ele>1</ele>
</trkpt>
<trkpt lat="34.65499805555555" lon="137.07576083333333">
<ele>1</ele>
</trkpt>
<trkpt lat="34.654981944444444" lon="137.07571">
<ele>1</ele>
</trkpt>
<trkpt lat="34.654965833333335" lon="137.07565888888888">
<ele>1</ele>
</trkpt>
<trkpt lat="34.65494972222222" lon="137.07560805555556">
<ele>1</ele>
</trkpt>
<trkpt lat="34.65493361111111" lon="137.07555722222222">
<ele>1</ele>
</trkpt>
<trkpt lat="34.654917222222224" lon="137.0755061111111">
<ele>1</ele>
</trkpt>
<trkpt lat="34.65490111111111" lon="137.0754552777778">
<ele>1</ele>
</trkpt>
<trkpt lat="34.654885" lon="137.07540416666666">
<ele>1</ele>
</trkpt>
<trkpt lat="34.65486888888889" lon="137.07535333333334">
<ele>1</ele>
</trkpt>
<trkpt lat="34.654852777777776" lon="137.07530222222223">
<ele>1</ele>
</trkpt>
<trkpt lat="34.65483666666667" lon="137.0752513888889">
<ele>1</ele>
</trkpt>
<trkpt lat="34.65482055555555" lon="137.07520027777778">
<ele>1</ele>
</trkpt>
<trkpt lat="34.654804444444444" lon="137.07514944444443">
<ele>1</ele>
</trkpt>
<trkpt lat="34.654788333333336" lon="137.07509861111112">
<ele>1</ele>
</trkpt>
<trkpt lat="34.65477222222222" lon="137.0750475">
<ele>1</ele>
</trkpt>
<trkpt lat="34.65475583333333" lon="137.07499666666666">
<ele>1</ele>
</trkpt>
<trkpt lat="34.65474138888889" lon="137.07495083333333">
<ele>1</ele>
</trkpt>
<trkpt lat="34.65474138888889" lon="137.07495083333333">
<ele>1</ele>
</trkpt>
<trkpt lat="34.65478638888889" lon="137.07486666666668">
<ele>1</ele>
</trkpt>
<trkpt lat="34.65483111111111" lon="137.0747822222222">
<ele>1</ele>
</trkpt>
<trkpt lat="34.654875833333335" lon="137.07469805555556">
<ele>1</ele>
</trkpt>
<trkpt lat="34.654920833333335" lon="137.07461388888888">
<ele>1</ele>
</trkpt>
<trkpt lat="34.654965555555556" lon="137.07452972222222">
<ele>1</ele>
</trkpt>
<trkpt lat="34.65501027777778" lon="137.07444555555554">
<ele>1</ele>
</trkpt>
<trkpt lat="34.65505527777778" lon="137.0743611111111">
<ele>1</ele>
</trkpt>
<trkpt lat="34.6551" lon="137.07427694444445">
<ele>1</ele>
</trkpt>
<trkpt lat="34.655144722222225" lon="137.07419277777777">
<ele>1</ele>
</trkpt>
<trkpt lat="34.655189722222225" lon="137.07410861111111">
<ele>1</ele>
</trkpt>
<trkpt lat="34.655234444444446" lon="137.07402444444443">
<ele>1</ele>
</trkpt>
<trkpt lat="34.655279444444446" lon="137.07394027777778">
<ele>1</ele>
</trkpt>
<trkpt lat="34.65532416666667" lon="137.07385583333334">
<ele>1</ele>
</trkpt>
<trkpt lat="34.65536888888889" lon="137.07377166666666">
<ele>1</ele>
</trkpt>
<trkpt lat="34.65541388888889" lon="137.0736875">
<ele>1</ele>
</trkpt>
<trkpt lat="34.65545861111111" lon="137.07360333333332">
<ele>0</ele>
</trkpt>
<trkpt lat="34.655503333333336" lon="137.07351916666667">
<ele>1</ele>
</trkpt>
<trkpt lat="34.655548333333336" lon="137.073435">
<ele>1</ele>
</trkpt>
<trkpt lat="34.655593055555556" lon="137.07335055555555">
<ele>1</ele>
</trkpt>
<trkpt lat="34.655593055555556" lon="137.07335055555555">
<ele>1</ele>
</trkpt>
<trkpt lat="34.65562583333333" lon="137.0732486111111">
<ele>1</ele>
</trkpt>
<trkpt lat="34.655658611111114" lon="137.0731463888889">
<ele>0</ele>
</trkpt>
<trkpt lat="34.65569138888889" lon="137.07304416666668">
<ele>1</ele>
</trkpt>
<trkpt lat="34.655724166666666" lon="137.07294222222222">
<ele>1</ele>
</trkpt>
<trkpt lat="34.65575694444444" lon="137.07284">
<ele>1</ele>
</trkpt>
<trkpt lat="34.655789444444444" lon="137.07273777777777">
<ele>1</ele>
</trkpt>
<trkpt lat="34.65582222222222" lon="137.07263583333332">
<ele>1</ele>
</trkpt>
<trkpt lat="34.655855" lon="137.0725336111111">
<ele>1</ele>
</trkpt>
<trkpt lat="34.65588777777778" lon="137.0724313888889">
<ele>1</ele>
</trkpt>
<trkpt lat="34.655920555555554" lon="137.07232944444445">
<ele>1</ele>
</trkpt>
<trkpt lat="34.655953333333336" lon="137.0722272222222">
<ele>1</ele>
</trkpt>
<trkpt lat="34.65598611111111" lon="137.072125">
<ele>1</ele>
</trkpt>
<trkpt lat="34.65601888888889" lon="137.07202305555555">
<ele>1</ele>
</trkpt>
<trkpt lat="34.65605166666667" lon="137.07192083333334">
<ele>1</ele>
</trkpt>
<trkpt lat="34.656084166666666" lon="137.0718186111111">
<ele>1</ele>
</trkpt>
<trkpt lat="34.65611694444444" lon="137.07171666666667">
<ele>1</ele>
</trkpt>
<trkpt lat="34.656149722222224" lon="137.07161444444444">
<ele>1</ele>
</trkpt>
<trkpt lat="34.6561825" lon="137.0715125">
<ele>1</ele>
</trkpt>
<trkpt lat="34.656215277777775" lon="137.07141027777777">
<ele>1</ele>
</trkpt>
<trkpt lat="34.656215277777775" lon="137.07141027777777">
<ele>1</ele>
</trkpt>
<trkpt lat="34.656215277777775" lon="137.07141027777777">
<ele>1</ele>
</trkpt>
<trkpt lat="34.6558425" lon="137.07118222222223">
<ele>1</ele>
</trkpt>
<trkpt lat="34.65546972222222" lon="137.07095444444445">
<ele>1</ele>
</trkpt>
<trkpt lat="34.655096944444445" lon="137.0707263888889">
<ele>1</ele>
</trkpt>
<trkpt lat="34.65472416666667" lon="137.07049833333335">
<ele>2</ele>
</trkpt>
<trkpt lat="34.65435138888889" lon="137.07027055555557">
<ele>2</ele>
</trkpt>
<trkpt lat="34.653978611111114" lon="137.0700425">
<ele>2</ele>
</trkpt>
<trkpt lat="34.65360583333333" lon="137.06981444444443">
<ele>2</ele>
</trkpt>
<trkpt lat="34.65323305555555" lon="137.06958666666668">
<ele>2</ele>
</trkpt>
<trkpt lat="34.652860277777776" lon="137.0693586111111">
<ele>3</ele>
</trkpt>
<trkpt lat="34.6524875" lon="137.06913055555555">
<ele>3</ele>
</trkpt>
<trkpt lat="34.65211472222222" lon="137.06890277777777">
<ele>3</ele>
</trkpt>
<trkpt lat="34.651741944444446" lon="137.06867472222223">
<ele>3</ele>
</trkpt>
<trkpt lat="34.65136916666667" lon="137.06844666666666">
<ele>3</ele>
</trkpt>
<trkpt lat="34.65099638888889" lon="137.06821888888888">
<ele>3</ele>
</trkpt>
<trkpt lat="34.65062361111111" lon="137.06799083333334">
<ele>3</ele>
</trkpt>
<trkpt lat="34.65025083333333" lon="137.06776305555556">
<ele>3</ele>
</trkpt>
<trkpt lat="34.649878055555554" lon="137.067535">
<ele>3</ele>
</trkpt>
<trkpt lat="34.64950527777778" lon="137.06730694444445">
<ele>3</ele>
</trkpt>
<trkpt lat="34.64913222222222" lon="137.06707916666667">
<ele>3</ele>
</trkpt>
<trkpt lat="34.648759444444444" lon="137.0668511111111">
<ele>2</ele>
</trkpt>
<trkpt lat="34.64838666666667" lon="137.06662305555557">
<ele>2</ele>
</trkpt>
<trkpt lat="34.64801388888889" lon="137.0663952777778">
<ele>2</ele>
</trkpt>
<trkpt lat="34.64764111111111" lon="137.06616722222222">
<ele>2</ele>
</trkpt>
<trkpt lat="34.647268333333336" lon="137.06593916666668">
<ele>2</ele>
</trkpt>
<trkpt lat="34.64689555555555" lon="137.0657113888889">
<ele>2</ele>
</trkpt>
<trkpt lat="34.646522777777776" lon="137.06548333333333">
<ele>2</ele>
</trkpt>
<trkpt lat="34.64615" lon="137.06525527777777">
<ele>2</ele>
</trkpt>
<trkpt lat="34.64577722222222" lon="137.0650275">
<ele>2</ele>
</trkpt>
<trkpt lat="34.645404444444445" lon="137.06479944444445">
<ele>2</ele>
</trkpt>
<trkpt lat="34.64503166666667" lon="137.06457166666667">
<ele>2</ele>
</trkpt>
<trkpt lat="34.64465888888889" lon="137.0643436111111">
<ele>2</ele>
</trkpt>
<trkpt lat="34.644286111111114" lon="137.06411555555556">
<ele>2</ele>
</trkpt>
<trkpt lat="34.64391333333333" lon="137.06388777777778">
<ele>2</ele>
</trkpt>
<trkpt lat="34.64354055555555" lon="137.0636597222222">
<ele>2</ele>
</trkpt>
<trkpt lat="34.64316777777778" lon="137.06343166666667">
<ele>2</ele>
</trkpt>
<trkpt lat="34.642795" lon="137.0632038888889">
<ele>2</ele>
</trkpt>
<trkpt lat="34.64242222222222" lon="137.06297583333333">
<ele>2</ele>
</trkpt>
<trkpt lat="34.642049444444446" lon="137.0627477777778">
<ele>2</ele>
</trkpt>
<trkpt lat="34.642049444444446" lon="137.0627477777778">
<ele>2</ele>
</trkpt>
<trkpt lat="34.642021666666665" lon="137.06281666666666">
<ele>2</ele>
</trkpt>
<trkpt lat="34.64199361111111" lon="137.06288555555557">
<ele>2</ele>
</trkpt>
<trkpt lat="34.64196583333333" lon="137.06295444444444">
<ele>2</ele>
</trkpt>
<trkpt lat="34.641938055555556" lon="137.06302333333332">
<ele>2</ele>
</trkpt>
<trkpt lat="34.64191" lon="137.06309222222222">
<ele>2</ele>
</trkpt>
<trkpt lat="34.64188222222222" lon="137.0631611111111">
<ele>2</ele>
</trkpt>
<trkpt lat="34.64185444444445" lon="137.06323">
<ele>2</ele>
</trkpt>
<trkpt lat="34.64182638888889" lon="137.06329888888888">
<ele>2</ele>
</trkpt>
<trkpt lat="34.64179861111111" lon="137.06336777777778">
<ele>2</ele>
</trkpt>
<trkpt lat="34.64177055555555" lon="137.06343666666666">
<ele>2</ele>
</trkpt>
<trkpt lat="34.64174277777778" lon="137.06350555555557">
<ele>2</ele>
</trkpt>
<trkpt lat="34.641715" lon="137.06357444444444">
<ele>2</ele>
</trkpt>
<trkpt lat="34.641686944444444" lon="137.06364333333335">
<ele>2</ele>
</trkpt>
<trkpt lat="34.64165916666666" lon="137.06371222222222">
<ele>2</ele>
</trkpt>
<trkpt lat="34.64163138888889" lon="137.0637811111111">
<ele>2</ele>
</trkpt>
<trkpt lat="34.641603333333336" lon="137.06385">
<ele>2</ele>
</trkpt>
<trkpt lat="34.641575555555555" lon="137.06391888888888">
<ele>2</ele>
</trkpt>
<trkpt lat="34.64154777777778" lon="137.06398777777778">
<ele>2</ele>
</trkpt>
<trkpt lat="34.64151972222222" lon="137.06405666666666">
<ele>2</ele>
</trkpt>
<trkpt lat="34.64151972222222" lon="137.06405666666666">
<ele>2</ele>
</trkpt>
<trkpt lat="34.64132388888889" lon="137.06394166666666">
<ele>2</ele>
</trkpt>
<trkpt lat="34.641128055555555" lon="137.06382666666667">
<ele>2</ele>
</trkpt>
<trkpt lat="34.64093222222222" lon="137.06371166666668">
<ele>2</ele>
</trkpt>
<trkpt lat="34.64073666666667" lon="137.06359666666665">
<ele>2</ele>
</trkpt>
<trkpt lat="34.64054083333333" lon="137.06348166666666">
<ele>2</ele>
</trkpt>
<trkpt lat="34.640345" lon="137.06336638888888">
<ele>2</ele>
</trkpt>
<trkpt lat="34.64014916666667" lon="137.0632513888889">
<ele>2</ele>
</trkpt>
<trkpt lat="34.63995333333333" lon="137.0631363888889">
<ele>2</ele>
</trkpt>
<trkpt lat="34.6397575" lon="137.0630213888889">
<ele>2</ele>
</trkpt>
<trkpt lat="34.639561666666665" lon="137.06290638888888">
<ele>2</ele>
</trkpt>
<trkpt lat="34.639365833333336" lon="137.06279111111112">
<ele>2</ele>
</trkpt>
<trkpt lat="34.63917" lon="137.0626761111111">
<ele>2</ele>
</trkpt>
<trkpt lat="34.638974166666664" lon="137.0625611111111">
<ele>2</ele>
</trkpt>
<trkpt lat="34.638778333333335" lon="137.06244611111111">
<ele>2</ele>
</trkpt>
<trkpt lat="34.6385825" lon="137.06233111111112">
<ele>2</ele>
</trkpt>
<trkpt lat="34.63838666666667" lon="137.06221583333334">
<ele>2</ele>
</trkpt>
<trkpt lat="34.63819083333333" lon="137.06210083333335">
<ele>2</ele>
</trkpt>
<trkpt lat="34.637995" lon="137.06198583333332">
<ele>2</ele>
</trkpt>
<trkpt lat="34.63779916666667" lon="137.06187083333333">
<ele>2</ele>
</trkpt>
<trkpt lat="34.63779916666667" lon="137.06187083333333">
<ele>2</ele>
</trkpt>
<trkpt lat="34.637392222222225" lon="137.0615738888889">
<ele>2</ele>
</trkpt>
<trkpt lat="34.636985277777775" lon="137.06127666666666">
<ele>2</ele>
</trkpt>
<trkpt lat="34.63657833333333" lon="137.0609797222222">
<ele>2</ele>
</trkpt>
<trkpt lat="34.63617111111111" lon="137.06068277777777">
<ele>2</ele>
</trkpt>
<trkpt lat="34.63576416666667" lon="137.06038583333333">
<ele>3</ele>
</trkpt>
<trkpt lat="34.635357222222225" lon="137.0600886111111">
<ele>3</ele>
</trkpt>
<trkpt lat="34.634950277777776" lon="137.05979166666665">
<ele>3</ele>
</trkpt>
<trkpt lat="34.634543055555554" lon="137.0594947222222">
<ele>3</ele>
</trkpt>
<trkpt lat="34.63413611111111" lon="137.0591975">
<ele>3</ele>
</trkpt>
<trkpt lat="34.63372916666667" lon="137.05890055555557">
<ele>4</ele>
</trkpt>
<trkpt lat="34.63332222222222" lon="137.05860361111112">
<ele>4</ele>
</trkpt>
<trkpt lat="34.63291527777778" lon="137.05830666666665">
<ele>4</ele>
</trkpt>
<trkpt lat="34.632508055555554" lon="137.05800944444445">
<ele>4</ele>
</trkpt>
<trkpt lat="34.63210111111111" lon="137.0577125">
<ele>4</ele>
</trkpt>
<trkpt lat="34.63169416666667" lon="137.05741555555556">
<ele>4</ele>
</trkpt>
<trkpt lat="34.63128722222222" lon="137.05711861111112">
<ele>4</ele>
</trkpt>
<trkpt lat="34.63088027777778" lon="137.0568213888889">
<ele>4</ele>
</trkpt>
<trkpt lat="34.630473055555555" lon="137.05652444444445">
<ele>4</ele>
</trkpt>
<trkpt lat="34.63006611111111" lon="137.0562275">
<ele>4</ele>
</trkpt>
<trkpt lat="34.63006611111111" lon="137.0562275">
<ele>4</ele>
</trkpt>
<trkpt lat="34.63006611111111" lon="137.0562275">
<ele>4</ele>
</trkpt>
<trkpt lat="34.6299675" lon="137.05616694444444">
<ele>4</ele>
</trkpt>
<trkpt lat="34.629868611111114" lon="137.05610666666666">
<ele>4</ele>
</trkpt>
<trkpt lat="34.62977" lon="137.0560461111111">
<ele>4</ele>
</trkpt>
<trkpt lat="34.62967111111111" lon="137.05598555555557">
<ele>4</ele>
</trkpt>
<trkpt lat="34.6295725" lon="137.0559252777778">
<ele>4</ele>
</trkpt>
<trkpt lat="34.62947361111111" lon="137.05586472222222">
<ele>4</ele>
</trkpt>
<trkpt lat="34.629375" lon="137.05580444444445">
<ele>4</ele>
</trkpt>
<trkpt lat="34.62927638888889" lon="137.05574388888888">
<ele>4</ele>
</trkpt>
<trkpt lat="34.6291775" lon="137.0556836111111">
<ele>4</ele>
</trkpt>
<trkpt lat="34.62907888888889" lon="137.05562305555554">
<ele>4</ele>
</trkpt>
<trkpt lat="34.62898" lon="137.0555625">
<ele>4</ele>
</trkpt>
<trkpt lat="34.628881388888885" lon="137.05550222222223">
<ele>4</ele>
</trkpt>
<trkpt lat="34.6287825" lon="137.05544166666667">
<ele>4</ele>
</trkpt>
<trkpt lat="34.62868388888889" lon="137.0553813888889">
<ele>4</ele>
</trkpt>
<trkpt lat="34.628585" lon="137.05532083333333">
<ele>4</ele>
</trkpt>
<trkpt lat="34.62848638888889" lon="137.05526055555555">
<ele>4</ele>
</trkpt>
<trkpt lat="34.628387777777775" lon="137.0552">
<ele>4</ele>
</trkpt>
<trkpt lat="34.62828888888889" lon="137.05513944444445">
<ele>4</ele>
</trkpt>
<trkpt lat="34.628190277777776" lon="137.05507916666667">
<ele>4</ele>
</trkpt>
<trkpt lat="34.628190277777776" lon="137.05507916666667">
<ele>4</ele>
</trkpt>
<trkpt lat="34.62833805555555" lon="137.0547238888889">
<ele>5</ele>
</trkpt>
<trkpt lat="34.62848611111111" lon="137.0543688888889">
<ele>5</ele>
</trkpt>
<trkpt lat="34.628634166666664" lon="137.05401361111112">
<ele>5</ele>
</trkpt>
<trkpt lat="34.62878222222222" lon="137.05365833333335">
<ele>5</ele>
</trkpt>
<trkpt lat="34.62893" lon="137.05330333333333">
<ele>5</ele>
</trkpt>
<trkpt lat="34.62907805555555" lon="137.05294805555556">
<ele>5</ele>
</trkpt>
<trkpt lat="34.62922611111111" lon="137.05259305555555">
<ele>5</ele>
</trkpt>
<trkpt lat="34.629374166666665" lon="137.05223777777778">
<ele>5</ele>
</trkpt>
<trkpt lat="34.62952194444444" lon="137.0518825">
<ele>5</ele>
</trkpt>
<trkpt lat="34.62967" lon="137.0515275">
<ele>5</ele>
</trkpt>
<trkpt lat="34.62981805555555" lon="137.05117222222222">
<ele>5</ele>
</trkpt>
<trkpt lat="34.62996611111111" lon="137.05081722222224">
<ele>5</ele>
</trkpt>
<trkpt lat="34.630113888888886" lon="137.05046194444444">
<ele>5</ele>
</trkpt>
<trkpt lat="34.63026194444444" lon="137.05010694444445">
<ele>5</ele>
</trkpt>
<trkpt lat="34.63041" lon="137.04975166666668">
<ele>4</ele>
</trkpt>
<trkpt lat="34.630558055555554" lon="137.04939638888888">
<ele>3</ele>
</trkpt>
<trkpt lat="34.63070583333333" lon="137.0490413888889">
<ele>3</ele>
</trkpt>
<trkpt lat="34.630853888888886" lon="137.04868611111112">
<ele>2</ele>
</trkpt>
<trkpt lat="34.63100194444444" lon="137.0483311111111">
<ele>1</ele>
</trkpt>
<trkpt lat="34.63100194444444" lon="137.0483311111111">
<ele>1</ele>
</trkpt>
<trkpt lat="34.62971833333334" lon="137.04757777777778">
<ele>1</ele>
</trkpt>
<trkpt lat="34.628435" lon="137.04682444444444">
<ele>1</ele>
</trkpt>
<trkpt lat="34.62715138888889" lon="137.0460711111111">
<ele>1</ele>
</trkpt>
<trkpt lat="34.62586805555556" lon="137.04531777777777">
<ele>1</ele>
</trkpt>
<trkpt lat="34.624584444444444" lon="137.04456472222222">
<ele>1</ele>
</trkpt>
<trkpt lat="34.62330083333333" lon="137.04381138888888">
<ele>1</ele>
</trkpt>
<trkpt lat="34.6220175" lon="137.04305805555555">
<ele>1</ele>
</trkpt>
<trkpt lat="34.620733888888886" lon="137.0423047222222">
<ele>1</ele>
</trkpt>
<trkpt lat="34.61945055555555" lon="137.04155138888888">
<ele>1</ele>
</trkpt>
<trkpt lat="34.61816694444445" lon="137.04079833333333">
<ele>3</ele>
</trkpt>
<trkpt lat="34.616883333333334" lon="137.040045">
<ele>1</ele>
</trkpt>
<trkpt lat="34.6156" lon="137.03929166666666">
<ele>1</ele>
</trkpt>
<trkpt lat="34.61431638888889" lon="137.03853833333332">
<ele>0</ele>
</trkpt>
<trkpt lat="34.613033055555555" lon="137.037785">
<ele>0</ele>
</trkpt>
<trkpt lat="34.61174944444444" lon="137.03703194444444">
<ele>0</ele>
</trkpt>
<trkpt lat="34.610465833333336" lon="137.0362786111111">
<ele>0</ele>
</trkpt>
<trkpt lat="34.6091825" lon="137.03552527777777">
<ele>0</ele>
</trkpt>
<trkpt lat="34.60789888888889" lon="137.03477194444446">
<ele>0</ele>
</trkpt>
<trkpt lat="34.60661555555556" lon="137.03401861111112">
<ele>0</ele>
</trkpt>
<trkpt lat="34.60661555555556" lon="137.03401861111112">
<ele>0</ele>
</trkpt>
<trkpt lat="34.60661555555556" lon="137.03401861111112">
<ele>0</ele>
</trkpt>
<trkpt lat="34.6063875" lon="137.03385916666667">
<ele>0</ele>
</trkpt>
<trkpt lat="34.60615972222222" lon="137.03369944444444">
<ele>0</ele>
</trkpt>
<trkpt lat="34.60593194444444" lon="137.03353972222223">
<ele>0</ele>
</trkpt>
<trkpt lat="34.60570388888889" lon="137.03338">
<ele>0</ele>
</trkpt>
<trkpt lat="34.60547611111111" lon="137.03322055555554">
<ele>1</ele>
</trkpt>
<trkpt lat="34.605248333333336" lon="137.03306083333334">
<ele>0</ele>
</trkpt>
<trkpt lat="34.605020277777776" lon="137.0329011111111">
<ele>0</ele>
</trkpt>
<trkpt lat="34.6047925" lon="137.0327413888889">
<ele>1</ele>
</trkpt>
<trkpt lat="34.60456472222222" lon="137.03258166666666">
<ele>0</ele>
</trkpt>
<trkpt lat="34.60433694444445" lon="137.0324222222222">
<ele>0</ele>
</trkpt>
<trkpt lat="34.60410888888889" lon="137.0322625">
<ele>0</ele>
</trkpt>
<trkpt lat="34.603881111111114" lon="137.03210277777777">
<ele>0</ele>
</trkpt>
<trkpt lat="34.603653333333334" lon="137.03194305555556">
<ele>0</ele>
</trkpt>
<trkpt lat="34.60342527777778" lon="137.03178333333332">
<ele>0</ele>
</trkpt>
<trkpt lat="34.6031975" lon="137.0316238888889">
<ele>0</ele>
</trkpt>
<trkpt lat="34.60296972222222" lon="137.03146416666667">
<ele>0</ele>
</trkpt>
<trkpt lat="34.602741944444446" lon="137.03130444444446">
<ele>0</ele>
</trkpt>
<trkpt lat="34.602513888888886" lon="137.03114472222222">
<ele>0</ele>
</trkpt>
<trkpt lat="34.60228611111111" lon="137.03098527777777">
<ele>0</ele>
</trkpt>
<trkpt lat="34.60228611111111" lon="137.03098527777777">
<ele>0</ele>
</trkpt>
<trkpt lat="34.602019444444444" lon="137.0309472222222">
<ele>0</ele>
</trkpt>
<trkpt lat="34.601752777777776" lon="137.03090916666667">
<ele>0</ele>
</trkpt>
<trkpt lat="34.601486111111114" lon="137.0308711111111">
<ele>0</ele>
</trkpt>
<trkpt lat="34.601219444444446" lon="137.03083333333333">
<ele>0</ele>
</trkpt>
<trkpt lat="34.60095277777778" lon="137.03079527777777">
<ele>0</ele>
</trkpt>
<trkpt lat="34.60068611111111" lon="137.03075722222223">
<ele>0</ele>
</trkpt>
<trkpt lat="34.60041944444445" lon="137.03071944444446">
<ele>0</ele>
</trkpt>
<trkpt lat="34.60015277777778" lon="137.0306813888889">
<ele>0</ele>
</trkpt>
<trkpt lat="34.59988583333333" lon="137.03064333333333">
<ele>0</ele>
</trkpt>
<trkpt lat="34.59961916666666" lon="137.03060527777777">
<ele>0</ele>
</trkpt>
<trkpt lat="34.5993525" lon="137.0305675">
<ele>0</ele>
</trkpt>
<trkpt lat="34.59908583333333" lon="137.03052944444445">
<ele>0</ele>
</trkpt>
<trkpt lat="34.598819166666665" lon="137.0304913888889">
<ele>0</ele>
</trkpt>
<trkpt lat="34.5985525" lon="137.0304536111111">
<ele>0</ele>
</trkpt>
<trkpt lat="34.598285833333335" lon="137.03041555555555">
<ele>0</ele>
</trkpt>
<trkpt lat="34.59801916666667" lon="137.0303775">
<ele>0</ele>
</trkpt>
<trkpt lat="34.5977525" lon="137.0303397222222">
<ele>0</ele>
</trkpt>
<trkpt lat="34.59748583333333" lon="137.03030166666667">
<ele>0</ele>
</trkpt>
<trkpt lat="34.59721916666667" lon="137.0302636111111">
<ele>0</ele>
</trkpt>
<trkpt lat="34.59721916666667" lon="137.0302636111111">
<ele>0</ele>
</trkpt>
<trkpt lat="34.59721916666667" lon="137.0302636111111">
<ele>0</ele>
</trkpt>
<trkpt lat="34.59703416666667" lon="137.03020166666667">
<ele>0</ele>
</trkpt>
<trkpt lat="34.596849166666665" lon="137.03013944444444">
<ele>0</ele>
</trkpt>
<trkpt lat="34.59666416666666" lon="137.03007722222222">
<ele>0</ele>
</trkpt>
<trkpt lat="34.59647916666667" lon="137.03001527777778">
<ele>0</ele>
</trkpt>
<trkpt lat="34.59629416666667" lon="137.02995305555555">
<ele>0</ele>
</trkpt>
<trkpt lat="34.596109166666665" lon="137.02989083333333">
<ele>0</ele>
</trkpt>
<trkpt lat="34.59592416666667" lon="137.0298288888889">
<ele>0</ele>
</trkpt>
<trkpt lat="34.59573916666667" lon="137.02976666666666">
<ele>0</ele>
</trkpt>
<trkpt lat="34.595554166666666" lon="137.02970472222222">
<ele>0</ele>
</trkpt>
<trkpt lat="34.595369166666664" lon="137.0296425">
<ele>0</ele>
</trkpt>
<trkpt lat="34.59518416666667" lon="137.02958027777777">
<ele>0</ele>
</trkpt>
<trkpt lat="34.59499916666667" lon="137.02951833333333">
<ele>0</ele>
</trkpt>
<trkpt lat="34.594814166666666" lon="137.0294561111111">
<ele>0</ele>
</trkpt>
<trkpt lat="34.594629166666664" lon="137.02939416666666">
<ele>0</ele>
</trkpt>
<trkpt lat="34.59444416666667" lon="137.02933194444444">
<ele>0</ele>
</trkpt>
<trkpt lat="34.59425916666667" lon="137.0292697222222">
<ele>0</ele>
</trkpt>
<trkpt lat="34.594074166666665" lon="137.02920777777777">
<ele>0</ele>
</trkpt>
<trkpt lat="34.59388916666666" lon="137.02914555555554">
<ele>0</ele>
</trkpt>
<trkpt lat="34.59370416666667" lon="137.0290836111111">
<ele>0</ele>
</trkpt>
<trkpt lat="34.59370416666667" lon="137.0290836111111">
<ele>0</ele>
</trkpt>
<trkpt lat="34.593469722222224" lon="137.0289786111111">
<ele>0</ele>
</trkpt>
<trkpt lat="34.59323555555556" lon="137.02887388888888">
<ele>0</ele>
</trkpt>
<trkpt lat="34.593001111111114" lon="137.02876916666668">
<ele>0</ele>
</trkpt>
<trkpt lat="34.59276694444444" lon="137.02866444444444">
<ele>1</ele>
</trkpt>
<trkpt lat="34.59253277777778" lon="137.02855944444445">
<ele>1</ele>
</trkpt>
<trkpt lat="34.59229833333333" lon="137.02845472222222">
<ele>1</ele>
</trkpt>
<trkpt lat="34.59206416666667" lon="137.02835">
<ele>1</ele>
</trkpt>
<trkpt lat="34.59182972222222" lon="137.02824527777778">
<ele>1</ele>
</trkpt>
<trkpt lat="34.59159555555556" lon="137.02814027777777">
<ele>1</ele>
</trkpt>
<trkpt lat="34.59136111111111" lon="137.02803555555556">
<ele>1</ele>
</trkpt>
<trkpt lat="34.59112694444445" lon="137.02793083333333">
<ele>1</ele>
</trkpt>
<trkpt lat="34.590892777777775" lon="137.02782611111112">
<ele>3</ele>
</trkpt>
<trkpt lat="34.59065833333333" lon="137.0277213888889">
<ele>4</ele>
</trkpt>
<trkpt lat="34.590424166666665" lon="137.0276163888889">
<ele>4</ele>
</trkpt>
<trkpt lat="34.59018972222222" lon="137.02751166666667">
<ele>5</ele>
</trkpt>
<trkpt lat="34.589955555555555" lon="137.02740694444444">
<ele>6</ele>
</trkpt>
<trkpt lat="34.58972111111111" lon="137.02730222222223">
<ele>6</ele>
</trkpt>
<trkpt lat="34.589486944444445" lon="137.0271972222222">
<ele>6</ele>
</trkpt>
<trkpt lat="34.58925277777778" lon="137.0270925">
<ele>6</ele>
</trkpt>
<trkpt lat="34.58925277777778" lon="137.0270925">
<ele>6</ele>
</trkpt>
<trkpt lat="34.58925277777778" lon="137.0270925">
<ele>6</ele>
</trkpt>
<trkpt lat="34.58920861111111" lon="137.02710277777777">
<ele>6</ele>
</trkpt>
<trkpt lat="34.58916444444444" lon="137.02711305555556">
<ele>7</ele>
</trkpt>
<trkpt lat="34.58912027777778" lon="137.02712333333332">
<ele>7</ele>
</trkpt>
<trkpt lat="34.58907611111111" lon="137.0271336111111">
<ele>7</ele>
</trkpt>
<trkpt lat="34.58903194444444" lon="137.02714361111111">
<ele>7</ele>
</trkpt>
<trkpt lat="34.588988055555554" lon="137.02715388888888">
<ele>7</ele>
</trkpt>
<trkpt lat="34.58894388888889" lon="137.02716416666667">
<ele>7</ele>
</trkpt>
<trkpt lat="34.58889972222222" lon="137.02717444444446">
<ele>7</ele>
</trkpt>
<trkpt lat="34.588855555555554" lon="137.02718472222222">
<ele>8</ele>
</trkpt>
<trkpt lat="34.58881138888889" lon="137.027195">
<ele>8</ele>
</trkpt>
<trkpt lat="34.58876722222222" lon="137.027205">
<ele>9</ele>
</trkpt>
<trkpt lat="34.588723333333334" lon="137.02721527777777">
<ele>9</ele>
</trkpt>
<trkpt lat="34.588679166666665" lon="137.02722555555556">
<ele>10</ele>
</trkpt>
<trkpt lat="34.588635" lon="137.02723583333332">
<ele>11</ele>
</trkpt>
<trkpt lat="34.588590833333335" lon="137.0272461111111">
<ele>11</ele>
</trkpt>
<trkpt lat="34.588546666666666" lon="137.0272563888889">
<ele>11</ele>
</trkpt>
<trkpt lat="34.58850277777778" lon="137.02726638888888">
<ele>11</ele>
</trkpt>
<trkpt lat="34.58845861111111" lon="137.02727666666667">
<ele>11</ele>
</trkpt>
<trkpt lat="34.58844" lon="137.0272811111111">
<ele>12</ele>
</trkpt>
<trkpt lat="34.58844" lon="137.0272811111111">
<ele>12</ele>
</trkpt>
<trkpt lat="34.5884075" lon="137.02731888888889">
<ele>12</ele>
</trkpt>
<trkpt lat="34.58837472222222" lon="137.02735694444445">
<ele>11</ele>
</trkpt>
<trkpt lat="34.588342222222224" lon="137.027395">
<ele>11</ele>
</trkpt>
<trkpt lat="34.58830944444444" lon="137.02743305555555">
<ele>11</ele>
</trkpt>
<trkpt lat="34.588276666666665" lon="137.02747083333333">
<ele>11</ele>
</trkpt>
<trkpt lat="34.58824416666667" lon="137.0275088888889">
<ele>11</ele>
</trkpt>
<trkpt lat="34.58821138888889" lon="137.02754694444445">
<ele>11</ele>
</trkpt>
<trkpt lat="34.58817888888889" lon="137.02758472222223">
<ele>10</ele>
</trkpt>
<trkpt lat="34.58814611111111" lon="137.02762277777776">
<ele>10</ele>
</trkpt>
<trkpt lat="34.58811361111111" lon="137.02766083333333">
<ele>10</ele>
</trkpt>
<trkpt lat="34.588080833333336" lon="137.0276986111111">
<ele>10</ele>
</trkpt>
<trkpt lat="34.588048055555554" lon="137.02773666666667">
<ele>10</ele>
</trkpt>
<trkpt lat="34.58801555555556" lon="137.02777472222223">
<ele>10</ele>
</trkpt>
<trkpt lat="34.587982777777775" lon="137.02781277777777">
<ele>11</ele>
</trkpt>
<trkpt lat="34.58795027777778" lon="137.02785055555555">
<ele>11</ele>
</trkpt>
<trkpt lat="34.5879175" lon="137.0278886111111">
<ele>11</ele>
</trkpt>
<trkpt lat="34.587885" lon="137.02792666666667">
<ele>12</ele>
</trkpt>
<trkpt lat="34.587852222222224" lon="137.02796444444445">
<ele>12</ele>
</trkpt>
<trkpt lat="34.58781972222222" lon="137.0280025">
<ele>13</ele>
</trkpt>
<trkpt lat="34.58781972222222" lon="137.0280025">
<ele>13</ele>
</trkpt>
<trkpt lat="34.58775277777778" lon="137.02793916666667">
<ele>13</ele>
</trkpt>
<trkpt lat="34.58768583333333" lon="137.0278761111111">
<ele>12</ele>
</trkpt>
<trkpt lat="34.58761888888889" lon="137.02781277777777">
<ele>13</ele>
</trkpt>
<trkpt lat="34.58755194444444" lon="137.02774944444445">
<ele>13</ele>
</trkpt>
<trkpt lat="34.587485" lon="137.0276863888889">
<ele>13</ele>
</trkpt>
<trkpt lat="34.58741805555555" lon="137.02762305555555">
<ele>14</ele>
</trkpt>
<trkpt lat="34.58735111111111" lon="137.02755972222224">
<ele>14</ele>
</trkpt>
<trkpt lat="34.58728416666667" lon="137.02749666666668">
<ele>15</ele>
</trkpt>
<trkpt lat="34.58721722222222" lon="137.02743333333333">
<ele>16</ele>
</trkpt>
<trkpt lat="34.58715027777778" lon="137.02737">
<ele>16</ele>
</trkpt>
<trkpt lat="34.58708333333333" lon="137.02730694444443">
<ele>17</ele>
</trkpt>
<trkpt lat="34.58701638888889" lon="137.02724361111112">
<ele>17</ele>
</trkpt>
<trkpt lat="34.58694944444444" lon="137.02718027777777">
<ele>18</ele>
</trkpt>
<trkpt lat="34.5868825" lon="137.02711722222222">
<ele>18</ele>
</trkpt>
<trkpt lat="34.58681555555555" lon="137.0270538888889">
<ele>18</ele>
</trkpt>
<trkpt lat="34.58674861111111" lon="137.02699055555556">
<ele>18</ele>
</trkpt>
<trkpt lat="34.586681666666664" lon="137.0269275">
<ele>18</ele>
</trkpt>
<trkpt lat="34.58661472222222" lon="137.02686416666666">
<ele>18</ele>
</trkpt>
<trkpt lat="34.58654777777778" lon="137.02680083333334">
<ele>18</ele>
</trkpt>
<trkpt lat="34.58654777777778" lon="137.02680083333334">
<ele>18</ele>
</trkpt>
<trkpt lat="34.586495" lon="137.0267663888889">
<ele>18</ele>
</trkpt>
<trkpt lat="34.5864425" lon="137.02673166666668">
<ele>19</ele>
</trkpt>
<trkpt lat="34.58639" lon="137.02669694444444">
<ele>19</ele>
</trkpt>
<trkpt lat="34.58633722222222" lon="137.02666222222223">
<ele>19</ele>
</trkpt>
<trkpt lat="34.586284722222224" lon="137.0266275">
<ele>19</ele>
</trkpt>
<trkpt lat="34.58623222222222" lon="137.02659305555557">
<ele>19</ele>
</trkpt>
<trkpt lat="34.58617944444445" lon="137.02655833333333">
<ele>20</ele>
</trkpt>
<trkpt lat="34.586126944444445" lon="137.02652361111112">
<ele>21</ele>
</trkpt>
<trkpt lat="34.58607444444444" lon="137.02648888888888">
<ele>22</ele>
</trkpt>
<trkpt lat="34.58602166666667" lon="137.02645444444445">
<ele>22</ele>
</trkpt>
<trkpt lat="34.585969166666665" lon="137.02641972222222">
<ele>23</ele>
</trkpt>
<trkpt lat="34.58591666666667" lon="137.026385">
<ele>23</ele>
</trkpt>
<trkpt lat="34.58586388888889" lon="137.02635027777777">
<ele>23</ele>
</trkpt>
<trkpt lat="34.58581138888889" lon="137.02631583333334">
<ele>23</ele>
</trkpt>
<trkpt lat="34.58575888888889" lon="137.0262811111111">
<ele>23</ele>
</trkpt>
<trkpt lat="34.58570611111111" lon="137.0262463888889">
<ele>23</ele>
</trkpt>
<trkpt lat="34.58565361111111" lon="137.02621166666665">
<ele>22</ele>
</trkpt>
<trkpt lat="34.58560111111111" lon="137.02617722222223">
<ele>22</ele>
</trkpt>
<trkpt lat="34.585548333333335" lon="137.0261425">
<ele>22</ele>
</trkpt>
<trkpt lat="34.58549583333333" lon="137.02610777777778">
<ele>21</ele>
</trkpt>
<trkpt lat="34.58544333333333" lon="137.02607305555554">
<ele>22</ele>
</trkpt>
<trkpt lat="34.585390833333335" lon="137.02603833333333">
<ele>22</ele>
</trkpt>
<trkpt lat="34.58533805555555" lon="137.02600388888888">
<ele>22</ele>
</trkpt>
<trkpt lat="34.58528555555556" lon="137.02596916666667">
<ele>22</ele>
</trkpt>
<trkpt lat="34.585233055555555" lon="137.02593444444443">
<ele>22</ele>
</trkpt>
<trkpt lat="34.58518027777778" lon="137.02589972222222">
<ele>23</ele>
</trkpt>
<trkpt lat="34.58512777777778" lon="137.02586527777777">
<ele>22</ele>
</trkpt>
<trkpt lat="34.585075277777776" lon="137.02583055555556">
<ele>22</ele>
</trkpt>
<trkpt lat="34.5850225" lon="137.02579583333332">
<ele>22</ele>
</trkpt>
<trkpt lat="34.58497" lon="137.0257611111111">
<ele>22</ele>
</trkpt>
<trkpt lat="34.5849175" lon="137.02572666666666">
<ele>22</ele>
</trkpt>
<trkpt lat="34.58486472222222" lon="137.02569194444445">
<ele>22</ele>
</trkpt>
<trkpt lat="34.58481222222222" lon="137.02565722222224">
<ele>21</ele>
</trkpt>
<trkpt lat="34.58475972222222" lon="137.0256225">
<ele>22</ele>
</trkpt>
<trkpt lat="34.58470694444444" lon="137.02558805555554">
<ele>22</ele>
</trkpt>
<trkpt lat="34.584654444444446" lon="137.02555333333333">
<ele>21</ele>
</trkpt>
<trkpt lat="34.584601944444444" lon="137.02551861111112">
<ele>21</ele>
</trkpt>
<trkpt lat="34.58454916666667" lon="137.02548388888889">
<ele>22</ele>
</trkpt>
<trkpt lat="34.58454916666667" lon="137.02548388888889">
<ele>22</ele>
</trkpt>
<trkpt lat="34.58454916666667" lon="137.02548388888889">
<ele>22</ele>
</trkpt>
<trkpt lat="34.58456555555556" lon="137.02543305555557">
<ele>20</ele>
</trkpt>
<trkpt lat="34.584581666666665" lon="137.02538222222222">
<ele>20</ele>
</trkpt>
<trkpt lat="34.58459805555555" lon="137.0253313888889">
<ele>20</ele>
</trkpt>
<trkpt lat="34.58461444444445" lon="137.02528055555555">
<ele>20</ele>
</trkpt>
<trkpt lat="34.584630555555556" lon="137.02522972222224">
<ele>20</ele>
</trkpt>
<trkpt lat="34.584646944444444" lon="137.0251788888889">
<ele>19</ele>
</trkpt>
<trkpt lat="34.58466305555555" lon="137.02512805555557">
<ele>19</ele>
</trkpt>
<trkpt lat="34.58467944444445" lon="137.02507722222222">
<ele>16</ele>
</trkpt>
<trkpt lat="34.584695555555555" lon="137.02502638888888">
<ele>16</ele>
</trkpt>
<trkpt lat="34.58471194444444" lon="137.02497555555556">
<ele>14</ele>
</trkpt>
<trkpt lat="34.58472833333333" lon="137.02492444444445">
<ele>14</ele>
</trkpt>
<trkpt lat="34.584744444444446" lon="137.0248736111111">
<ele>13</ele>
</trkpt>
<trkpt lat="34.584760833333334" lon="137.02482277777779">
<ele>13</ele>
</trkpt>
<trkpt lat="34.58477694444444" lon="137.02477194444444">
<ele>11</ele>
</trkpt>
<trkpt lat="34.58479333333333" lon="137.02472111111112">
<ele>10</ele>
</trkpt>
<trkpt lat="34.584809444444446" lon="137.02467027777777">
<ele>10</ele>
</trkpt>
<trkpt lat="34.58482583333333" lon="137.02461944444445">
<ele>9</ele>
</trkpt>
<trkpt lat="34.58484083333333" lon="137.02457305555555">
<ele>9</ele>
</trkpt>
<trkpt lat="34.58484083333333" lon="137.02457305555555">
<ele>9</ele>
</trkpt>
<trkpt lat="34.58489361111111" lon="137.02459805555554">
<ele>9</ele>
</trkpt>
<trkpt lat="34.58494638888889" lon="137.02462305555557">
<ele>9</ele>
</trkpt>
<trkpt lat="34.58499916666667" lon="137.02464833333335">
<ele>9</ele>
</trkpt>
<trkpt lat="34.585051666666665" lon="137.02467333333334">
<ele>9</ele>
</trkpt>
<trkpt lat="34.58510444444445" lon="137.02469861111112">
<ele>9</ele>
</trkpt>
<trkpt lat="34.58515722222222" lon="137.0247236111111">
<ele>9</ele>
</trkpt>
<trkpt lat="34.58521" lon="137.0247488888889">
<ele>9</ele>
</trkpt>
<trkpt lat="34.58526277777778" lon="137.0247738888889">
<ele>9</ele>
</trkpt>
<trkpt lat="34.58531555555555" lon="137.02479916666667">
<ele>9</ele>
</trkpt>
<trkpt lat="34.585368333333335" lon="137.02482416666666">
<ele>9</ele>
</trkpt>
<trkpt lat="34.58542111111111" lon="137.02484944444444">
<ele>9</ele>
</trkpt>
<trkpt lat="34.58547388888889" lon="137.02487444444444">
<ele>9</ele>
</trkpt>
<trkpt lat="34.58552666666667" lon="137.02489972222222">
<ele>9</ele>
</trkpt>
<trkpt lat="34.58557944444444" lon="137.0249247222222">
<ele>9</ele>
</trkpt>
<trkpt lat="34.58563222222222" lon="137.02494972222223">
<ele>9</ele>
</trkpt>
<trkpt lat="34.585685" lon="137.024975">
<ele>9</ele>
</trkpt>
<trkpt lat="34.58573777777778" lon="137.025">
<ele>9</ele>
</trkpt>
<trkpt lat="34.585790555555555" lon="137.0250252777778">
<ele>9</ele>
</trkpt>
<trkpt lat="34.58584333333334" lon="137.02505027777778">
<ele>9</ele>
</trkpt>
<trkpt lat="34.58584333333334" lon="137.02505027777778">
<ele>9</ele>
</trkpt>
<trkpt lat="34.585859444444445" lon="137.02499944444443">
<ele>9</ele>
</trkpt>
<trkpt lat="34.58587583333333" lon="137.0249486111111">
<ele>9</ele>
</trkpt>
<trkpt lat="34.58589194444444" lon="137.02489777777777">
<ele>9</ele>
</trkpt>
<trkpt lat="34.585908333333336" lon="137.02484694444445">
<ele>9</ele>
</trkpt>
<trkpt lat="34.585924722222224" lon="137.0247961111111">
<ele>9</ele>
</trkpt>
<trkpt lat="34.58594083333333" lon="137.02474527777778">
<ele>9</ele>
</trkpt>
<trkpt lat="34.58595722222222" lon="137.02469444444444">
<ele>8</ele>
</trkpt>
<trkpt lat="34.585973333333335" lon="137.02464361111112">
<ele>8</ele>
</trkpt>
<trkpt lat="34.58598972222222" lon="137.02459277777777">
<ele>8</ele>
</trkpt>
<trkpt lat="34.58600583333333" lon="137.02454194444445">
<ele>7</ele>
</trkpt>
<trkpt lat="34.58602222222222" lon="137.02449083333335">
<ele>7</ele>
</trkpt>
<trkpt lat="34.586038333333335" lon="137.02444">
<ele>7</ele>
</trkpt>
<trkpt lat="34.58605472222222" lon="137.02438916666668">
<ele>7</ele>
</trkpt>
<trkpt lat="34.58607111111111" lon="137.02433833333333">
<ele>6</ele>
</trkpt>
<trkpt lat="34.586081666666665" lon="137.0243047222222">
<ele>6</ele>
</trkpt>
<trkpt lat="34.586081666666665" lon="137.0243047222222">
<ele>6</ele>
</trkpt>
<trkpt lat="34.585973055555556" lon="137.02424666666667">
<ele>6</ele>
</trkpt>
<trkpt lat="34.58586416666667" lon="137.02418833333334">
<ele>6</ele>
</trkpt>
<trkpt lat="34.58575527777778" lon="137.02413027777777">
<ele>6</ele>
</trkpt>
<trkpt lat="34.58564666666667" lon="137.02407194444444">
<ele>6</ele>
</trkpt>
<trkpt lat="34.58553777777778" lon="137.0240138888889">
<ele>6</ele>
</trkpt>
<trkpt lat="34.585429166666664" lon="137.02395583333333">
<ele>5</ele>
</trkpt>
<trkpt lat="34.585320277777775" lon="137.0238975">
<ele>6</ele>
</trkpt>
<trkpt lat="34.58521138888889" lon="137.02383944444443">
<ele>5</ele>
</trkpt>
<trkpt lat="34.58510277777778" lon="137.0237811111111">
<ele>5</ele>
</trkpt>
<trkpt lat="34.58499388888889" lon="137.02372305555556">
<ele>5</ele>
</trkpt>
<trkpt lat="34.584885" lon="137.023665">
<ele>6</ele>
</trkpt>
<trkpt lat="34.58477638888889" lon="137.02360666666667">
<ele>5</ele>
</trkpt>
<trkpt lat="34.5846675" lon="137.02354861111112">
<ele>6</ele>
</trkpt>
<trkpt lat="34.584558888888886" lon="137.02349055555555">
<ele>5</ele>
</trkpt>
<trkpt lat="34.58445" lon="137.02343222222223">
<ele>5</ele>
</trkpt>
<trkpt lat="34.58434111111111" lon="137.02337416666666">
<ele>5</ele>
</trkpt>
<trkpt lat="34.5842325" lon="137.02331583333333">
<ele>5</ele>
</trkpt>
<trkpt lat="34.58412361111111" lon="137.0232577777778">
<ele>5</ele>
</trkpt>
<trkpt lat="34.584015" lon="137.02319972222222">
<ele>5</ele>
</trkpt>
<trkpt lat="34.584015" lon="137.02319972222222">
<ele>5</ele>
</trkpt>
<trkpt lat="34.584015" lon="137.02319972222222">
<ele>5</ele>
</trkpt>
<trkpt lat="34.58397" lon="137.0230686111111">
<ele>5</ele>
</trkpt>
<trkpt lat="34.58392527777778" lon="137.0229375">
<ele>5</ele>
</trkpt>
<trkpt lat="34.58388027777778" lon="137.02280611111112">
<ele>6</ele>
</trkpt>
<trkpt lat="34.58383527777778" lon="137.022675">
<ele>5</ele>
</trkpt>
<trkpt lat="34.58379055555555" lon="137.0225438888889">
<ele>5</ele>
</trkpt>
<trkpt lat="34.58374555555555" lon="137.0224127777778">
<ele>6</ele>
</trkpt>
<trkpt lat="34.58370055555555" lon="137.0222813888889">
<ele>5</ele>
</trkpt>
<trkpt lat="34.58365583333333" lon="137.02215027777777">
<ele>6</ele>
</trkpt>
<trkpt lat="34.58361083333333" lon="137.02201916666667">
<ele>6</ele>
</trkpt>
<trkpt lat="34.58356583333333" lon="137.02188805555556">
<ele>5</ele>
</trkpt>
<trkpt lat="34.58352111111111" lon="137.02175666666668">
<ele>6</ele>
</trkpt>
<trkpt lat="34.58347611111111" lon="137.02162555555554">
<ele>6</ele>
</trkpt>
<trkpt lat="34.58343111111111" lon="137.02149444444444">
<ele>6</ele>
</trkpt>
<trkpt lat="34.58338638888889" lon="137.02136333333334">
<ele>6</ele>
</trkpt>
<trkpt lat="34.58334138888889" lon="137.02123194444445">
<ele>6</ele>
</trkpt>
<trkpt lat="34.58329638888889" lon="137.02110083333332">
<ele>6</ele>
</trkpt>
<trkpt lat="34.58325166666667" lon="137.02096972222222">
<ele>6</ele>
</trkpt>
<trkpt lat="34.58320666666667" lon="137.02083861111112">
<ele>6</ele>
</trkpt>
<trkpt lat="34.58316166666667" lon="137.02070722222223">
<ele>6</ele>
</trkpt>
<trkpt lat="34.58316166666667" lon="137.02070722222223">
<ele>6</ele>
</trkpt>
<trkpt lat="34.58317638888889" lon="137.02065555555555">
<ele>6</ele>
</trkpt>
<trkpt lat="34.58319083333333" lon="137.02060416666666">
<ele>6</ele>
</trkpt>
<trkpt lat="34.58320555555556" lon="137.0205525">
<ele>6</ele>
</trkpt>
<trkpt lat="34.58322" lon="137.02050083333333">
<ele>6</ele>
</trkpt>
<trkpt lat="34.58323444444444" lon="137.02044916666668">
<ele>6</ele>
</trkpt>
<trkpt lat="34.58324916666667" lon="137.0203975">
<ele>6</ele>
</trkpt>
<trkpt lat="34.583263611111114" lon="137.0203461111111">
<ele>6</ele>
</trkpt>
<trkpt lat="34.58327833333333" lon="137.02029444444443">
<ele>6</ele>
</trkpt>
<trkpt lat="34.58329277777778" lon="137.02024277777778">
<ele>6</ele>
</trkpt>
<trkpt lat="34.583307222222224" lon="137.0201911111111">
<ele>6</ele>
</trkpt>
<trkpt lat="34.58332194444444" lon="137.02013944444445">
<ele>6</ele>
</trkpt>
<trkpt lat="34.58333638888889" lon="137.02008805555556">
<ele>6</ele>
</trkpt>
<trkpt lat="34.583351111111114" lon="137.02003638888888">
<ele>6</ele>
</trkpt>
<trkpt lat="34.58336555555555" lon="137.01998472222223">
<ele>6</ele>
</trkpt>
<trkpt lat="34.58338" lon="137.01993305555555">
<ele>6</ele>
</trkpt>
<trkpt lat="34.58339472222222" lon="137.01988138888888">
<ele>6</ele>
</trkpt>
<trkpt lat="34.58340916666667" lon="137.01983">
<ele>6</ele>
</trkpt>
<trkpt lat="34.58342388888889" lon="137.01977833333333">
<ele>6</ele>
</trkpt>
<trkpt lat="34.58343555555555" lon="137.0197363888889">
<ele>6</ele>
</trkpt>
<trkpt lat="34.58343555555555" lon="137.0197363888889">
<ele>6</ele>
</trkpt>
<trkpt lat="34.58347972222222" lon="137.01974722222224">
<ele>6</ele>
</trkpt>
<trkpt lat="34.58352361111111" lon="137.01975805555554">
<ele>7</ele>
</trkpt>
<trkpt lat="34.5835675" lon="137.01976916666666">
<ele>7</ele>
</trkpt>
<trkpt lat="34.58361166666667" lon="137.01978">
<ele>6</ele>
</trkpt>
<trkpt lat="34.58365555555555" lon="137.01979083333333">
<ele>6</ele>
</trkpt>
<trkpt lat="34.58369972222222" lon="137.01980166666667">
<ele>5</ele>
</trkpt>
<trkpt lat="34.58374361111111" lon="137.0198127777778">
<ele>5</ele>
</trkpt>
<trkpt lat="34.58378777777778" lon="137.01982361111112">
<ele>5</ele>
</trkpt>
<trkpt lat="34.58383166666667" lon="137.01983444444446">
<ele>5</ele>
</trkpt>
<trkpt lat="34.58387583333333" lon="137.0198452777778">
<ele>5</ele>
</trkpt>
<trkpt lat="34.58391972222222" lon="137.01985638888888">
<ele>3</ele>
</trkpt>
<trkpt lat="34.58396361111111" lon="137.01986722222222">
<ele>3</ele>
</trkpt>
<trkpt lat="34.58400777777778" lon="137.01987805555555">
<ele>3</ele>
</trkpt>
<trkpt lat="34.58405166666667" lon="137.0198888888889">
<ele>2</ele>
</trkpt>
<trkpt lat="34.584095833333336" lon="137.0199">
<ele>2</ele>
</trkpt>
<trkpt lat="34.584111944444444" lon="137.01990388888888">
<ele>1</ele>
</trkpt>
<trkpt lat="34.584111944444444" lon="137.01990388888888">
<ele>0</ele>
</trkpt>
<trkpt lat="34.584067777777776" lon="137.01989305555554">
<ele>0</ele>
</trkpt>
<trkpt lat="34.584023888888886" lon="137.0198825">
<ele>1</ele>
</trkpt>
<trkpt lat="34.583979722222224" lon="137.01987166666666">
<ele>2</ele>
</trkpt>
<trkpt lat="34.583935833333335" lon="137.0198611111111">
<ele>2</ele>
</trkpt>
<trkpt lat="34.583891666666666" lon="137.01985027777778">
<ele>2</ele>
</trkpt>
<trkpt lat="34.58384777777778" lon="137.01983972222223">
<ele>3</ele>
</trkpt>
<trkpt lat="34.58380361111111" lon="137.0198288888889">
<ele>3</ele>
</trkpt>
<trkpt lat="34.583759722222226" lon="137.01981833333335">
<ele>5</ele>
</trkpt>
<trkpt lat="34.58371555555556" lon="137.0198075">
<ele>5</ele>
</trkpt>
<trkpt lat="34.58367138888889" lon="137.01979694444444">
<ele>5</ele>
</trkpt>
<trkpt lat="34.5836275" lon="137.0197861111111">
<ele>5</ele>
</trkpt>
<trkpt lat="34.58358333333333" lon="137.01977555555555">
<ele>5</ele>
</trkpt>
<trkpt lat="34.58353944444445" lon="137.01976472222222">
<ele>6</ele>
</trkpt>
<trkpt lat="34.58349527777778" lon="137.01975416666667">
<ele>6</ele>
</trkpt>
<trkpt lat="34.58346638888889" lon="137.01974694444445">
<ele>6</ele>
</trkpt>
<trkpt lat="34.58346638888889" lon="137.01974694444445">
<ele>6</ele>
</trkpt>
<trkpt lat="34.58345111111111" lon="137.01980083333333">
<ele>6</ele>
</trkpt>
<trkpt lat="34.58343583333333" lon="137.01985444444443">
<ele>6</ele>
</trkpt>
<trkpt lat="34.583420555555556" lon="137.01990805555556">
<ele>6</ele>
</trkpt>
<trkpt lat="34.58340527777778" lon="137.01996166666666">
<ele>6</ele>
</trkpt>
<trkpt lat="34.58338972222222" lon="137.0200152777778">
<ele>6</ele>
</trkpt>
<trkpt lat="34.583374444444445" lon="137.0200688888889">
<ele>6</ele>
</trkpt>
<trkpt lat="34.58335916666667" lon="137.0201225">
<ele>6</ele>
</trkpt>
<trkpt lat="34.58334388888889" lon="137.0201761111111">
<ele>6</ele>
</trkpt>
<trkpt lat="34.583328333333334" lon="137.02023">
<ele>6</ele>
</trkpt>
<trkpt lat="34.58331305555556" lon="137.02028361111113">
<ele>6</ele>
</trkpt>
<trkpt lat="34.58329777777778" lon="137.02033722222222">
<ele>6</ele>
</trkpt>
<trkpt lat="34.5832825" lon="137.02039083333332">
<ele>6</ele>
</trkpt>
<trkpt lat="34.583266944444446" lon="137.02044444444445">
<ele>6</ele>
</trkpt>
<trkpt lat="34.58325166666667" lon="137.02049805555555">
<ele>6</ele>
</trkpt>
<trkpt lat="34.58323638888889" lon="137.02055166666668">
<ele>6</ele>
</trkpt>
<trkpt lat="34.58322111111111" lon="137.02060527777778">
<ele>6</ele>
</trkpt>
<trkpt lat="34.58320583333333" lon="137.0206588888889">
<ele>6</ele>
</trkpt>
<trkpt lat="34.58319027777778" lon="137.0207127777778">
<ele>6</ele>
</trkpt>
<trkpt lat="34.583175" lon="137.0207663888889">
<ele>6</ele>
</trkpt>
<trkpt lat="34.583175" lon="137.0207663888889">
<ele>6</ele>
</trkpt>
<trkpt lat="34.583175" lon="137.0207663888889">
<ele>6</ele>
</trkpt>
<trkpt lat="34.58320027777778" lon="137.0208113888889">
<ele>6</ele>
</trkpt>
<trkpt lat="34.58322555555556" lon="137.0208563888889">
<ele>6</ele>
</trkpt>
<trkpt lat="34.58325083333333" lon="137.02090166666667">
<ele>6</ele>
</trkpt>
<trkpt lat="34.58327611111111" lon="137.02094666666667">
<ele>6</ele>
</trkpt>
<trkpt lat="34.58330138888889" lon="137.02099166666667">
<ele>6</ele>
</trkpt>
<trkpt lat="34.583326666666665" lon="137.02103694444443">
<ele>6</ele>
</trkpt>
<trkpt lat="34.583351944444445" lon="137.02108194444443">
<ele>5</ele>
</trkpt>
<trkpt lat="34.583377222222225" lon="137.02112694444443">
<ele>5</ele>
</trkpt>
<trkpt lat="34.58338916666667" lon="137.02114833333334">
<ele>5</ele>
</trkpt>
<trkpt lat="34.58338916666667" lon="137.02114833333334">
<ele>5</ele>
</trkpt>
<trkpt lat="34.58340611111111" lon="137.02119861111112">
<ele>5</ele>
</trkpt>
<trkpt lat="34.583423333333336" lon="137.02124916666668">
<ele>5</ele>
</trkpt>
<trkpt lat="34.583440277777775" lon="137.0212997222222">
<ele>5</ele>
</trkpt>
<trkpt lat="34.58345722222222" lon="137.02135027777777">
<ele>6</ele>
</trkpt>
<trkpt lat="34.58347416666667" lon="137.02140083333333">
<ele>5</ele>
</trkpt>
<trkpt lat="34.58349111111111" lon="137.0214511111111">
<ele>5</ele>
</trkpt>
<trkpt lat="34.583508055555555" lon="137.02150166666667">
<ele>5</ele>
</trkpt>
<trkpt lat="34.583525" lon="137.02155222222223">
<ele>5</ele>
</trkpt>
<trkpt lat="34.58354222222222" lon="137.0216027777778">
<ele>5</ele>
</trkpt>
<trkpt lat="34.58355916666667" lon="137.02165333333335">
<ele>5</ele>
</trkpt>
<trkpt lat="34.583576111111114" lon="137.02170388888888">
<ele>5</ele>
</trkpt>
<trkpt lat="34.58359305555555" lon="137.02175416666665">
<ele>5</ele>
</trkpt>
<trkpt lat="34.58361" lon="137.0218047222222">
<ele>5</ele>
</trkpt>
<trkpt lat="34.583621111111114" lon="137.0218375">
<ele>5</ele>
</trkpt>
<trkpt lat="34.583621111111114" lon="137.0218375">
<ele>5</ele>
</trkpt>
<trkpt lat="34.58361333333333" lon="137.02178388888888">
<ele>5</ele>
</trkpt>
<trkpt lat="34.58360527777778" lon="137.02173027777778">
<ele>5</ele>
</trkpt>
<trkpt lat="34.583598888888886" lon="137.02168722222223">
<ele>5</ele>
</trkpt>
<trkpt lat="34.583598888888886" lon="137.02168722222223">
<ele>5</ele>
</trkpt>
<trkpt lat="34.58358305555556" lon="137.02163638888888">
<ele>5</ele>
</trkpt>
<trkpt lat="34.58356722222222" lon="137.02158527777777">
<ele>5</ele>
</trkpt>
<trkpt lat="34.583551388888885" lon="137.02153416666667">
<ele>5</ele>
</trkpt>
<trkpt lat="34.58353555555556" lon="137.02148333333332">
<ele>5</ele>
</trkpt>
<trkpt lat="34.58351972222222" lon="137.02143222222222">
<ele>5</ele>
</trkpt>
<trkpt lat="34.58350361111111" lon="137.0213811111111">
<ele>5</ele>
</trkpt>
<trkpt lat="34.583487777777776" lon="137.02133">
<ele>5</ele>
</trkpt>
<trkpt lat="34.58347194444445" lon="137.02127916666666">
<ele>5</ele>
</trkpt>
<trkpt lat="34.58345611111111" lon="137.02122805555555">
<ele>5</ele>
</trkpt>
<trkpt lat="34.583440277777775" lon="137.02117694444445">
<ele>5</ele>
</trkpt>
<trkpt lat="34.58343194444444" lon="137.02115055555555">
<ele>5</ele>
</trkpt>
<trkpt lat="34.58343194444444" lon="137.02115055555555">
<ele>5</ele>
</trkpt>
<trkpt lat="34.5834" lon="137.02111222222223">
<ele>5</ele>
</trkpt>
<trkpt lat="34.58336777777778" lon="137.02107388888888">
<ele>5</ele>
</trkpt>
<trkpt lat="34.58333583333334" lon="137.02103555555556">
<ele>5</ele>
</trkpt>
<trkpt lat="34.58330388888889" lon="137.02099722222223">
<ele>5</ele>
</trkpt>
<trkpt lat="34.58327194444445" lon="137.02095888888888">
<ele>5</ele>
</trkpt>
<trkpt lat="34.58324" lon="137.02092055555556">
<ele>6</ele>
</trkpt>
<trkpt lat="34.58320805555555" lon="137.0208822222222">
<ele>6</ele>
</trkpt>
<trkpt lat="34.58317611111111" lon="137.02084416666668">
<ele>6</ele>
</trkpt>
<trkpt lat="34.58314388888889" lon="137.02080583333333">
<ele>6</ele>
</trkpt>
<trkpt lat="34.58312277777778" lon="137.0207802777778">
<ele>6</ele>
</trkpt>
<trkpt lat="34.58312277777778" lon="137.0207802777778">
<ele>6</ele>
</trkpt>
<trkpt lat="34.58308111111111" lon="137.02076027777778">
<ele>7</ele>
</trkpt>
<trkpt lat="34.583039166666666" lon="137.02074">
<ele>7</ele>
</trkpt>
<trkpt lat="34.5829975" lon="137.02072">
<ele>8</ele>
</trkpt>
<trkpt lat="34.58295583333334" lon="137.02069972222222">
<ele>8</ele>
</trkpt>
<trkpt lat="34.58291388888889" lon="137.0206797222222">
<ele>8</ele>
</trkpt>
<trkpt lat="34.58287222222222" lon="137.02065944444445">
<ele>8</ele>
</trkpt>
<trkpt lat="34.58283055555555" lon="137.02063944444444">
<ele>8</ele>
</trkpt>
<trkpt lat="34.58278861111111" lon="137.02061944444443">
<ele>8</ele>
</trkpt>
<trkpt lat="34.582746944444445" lon="137.02059916666667">
<ele>9</ele>
</trkpt>
<trkpt lat="34.58270527777778" lon="137.02057916666666">
<ele>9</ele>
</trkpt>
<trkpt lat="34.582663333333336" lon="137.0205588888889">
<ele>13</ele>
</trkpt>
<trkpt lat="34.58262166666667" lon="137.0205388888889">
<ele>16</ele>
</trkpt>
<trkpt lat="34.582588333333334" lon="137.02052277777778">
<ele>16</ele>
</trkpt>
<trkpt lat="34.582588333333334" lon="137.02052277777778">
<ele>16</ele>
</trkpt>
<trkpt lat="34.582544444444444" lon="137.02051055555555">
<ele>23</ele>
</trkpt>
<trkpt lat="34.582500833333334" lon="137.02049805555555">
<ele>23</ele>
</trkpt>
<trkpt lat="34.582456944444445" lon="137.02048583333334">
<ele>23</ele>
</trkpt>
<trkpt lat="34.582413333333335" lon="137.02047333333334">
<ele>28</ele>
</trkpt>
<trkpt lat="34.582369444444446" lon="137.0204611111111">
<ele>28</ele>
</trkpt>
<trkpt lat="34.582325833333336" lon="137.0204486111111">
<ele>30</ele>
</trkpt>
<trkpt lat="34.582281944444446" lon="137.0204363888889">
<ele>28</ele>
</trkpt>
<trkpt lat="34.582238333333336" lon="137.0204238888889">
<ele>28</ele>
</trkpt>
<trkpt lat="34.58219444444445" lon="137.02041166666666">
<ele>30</ele>
</trkpt>
<trkpt lat="34.58215111111111" lon="137.02039944444445">
<ele>30</ele>
</trkpt>
<trkpt lat="34.58215111111111" lon="137.02039944444445">
<ele>30</ele>
</trkpt>
<trkpt lat="34.582140277777775" lon="137.0203463888889">
<ele>30</ele>
</trkpt>
<trkpt lat="34.58212916666667" lon="137.0202936111111">
<ele>28</ele>
</trkpt>
<trkpt lat="34.582124444444446" lon="137.02027055555556">
<ele>21</ele>
</trkpt>
<trkpt lat="34.582124444444446" lon="137.02027055555556">
<ele>21</ele>
</trkpt>
<trkpt lat="34.582164166666665" lon="137.02024472222223">
<ele>25</ele>
</trkpt>
<trkpt lat="34.58220361111111" lon="137.02021888888888">
<ele>25</ele>
</trkpt>
<trkpt lat="34.58224305555556" lon="137.02019305555555">
<ele>21</ele>
</trkpt>
<trkpt lat="34.58228277777778" lon="137.02016694444444">
<ele>21</ele>
</trkpt>
<trkpt lat="34.582322222222224" lon="137.02014111111112">
<ele>21</ele>
</trkpt>
<trkpt lat="34.582361666666664" lon="137.0201152777778">
<ele>21</ele>
</trkpt>
<trkpt lat="34.58240138888889" lon="137.02008944444444">
<ele>21</ele>
</trkpt>
<trkpt lat="34.58244083333334" lon="137.02006333333333">
<ele>21</ele>
</trkpt>
<trkpt lat="34.58246027777778" lon="137.02005083333333">
<ele>21</ele>
</trkpt>
<trkpt lat="34.58246027777778" lon="137.02005083333333">
<ele>21</ele>
</trkpt>
<trkpt lat="34.582477777777775" lon="137.02000055555555">
<ele>21</ele>
</trkpt>
<trkpt lat="34.58249527777778" lon="137.01995027777778">
<ele>26</ele>
</trkpt>
<trkpt lat="34.58251305555556" lon="137.0199">
<ele>26</ele>
</trkpt>
<trkpt lat="34.58253055555556" lon="137.01985">
<ele>31</ele>
</trkpt>
<trkpt lat="34.582548055555556" lon="137.01979972222222">
<ele>31</ele>
</trkpt>
<trkpt lat="34.58254861111111" lon="137.0197986111111">
<ele>31</ele>
</trkpt>
<trkpt lat="34.58254861111111" lon="137.0197986111111">
<ele>31</ele>
</trkpt>
<trkpt lat="34.582547777777776" lon="137.01974361111112">
<ele>34</ele>
</trkpt>
<trkpt lat="34.582546666666666" lon="137.01968861111112">
<ele>34</ele>
</trkpt>
<trkpt lat="34.582545833333334" lon="137.01963333333333">
<ele>35</ele>
</trkpt>
<trkpt lat="34.582544722222224" lon="137.01957833333333">
<ele>35</ele>
</trkpt>
<trkpt lat="34.582543888888885" lon="137.01952333333332">
<ele>36</ele>
</trkpt>
<trkpt lat="34.582543055555554" lon="137.01946833333332">
<ele>36</ele>
</trkpt>
<trkpt lat="34.58254194444444" lon="137.01941333333335">
<ele>36</ele>
</trkpt>
<trkpt lat="34.58254111111111" lon="137.01935805555556">
<ele>36</ele>
</trkpt>
<trkpt lat="34.58254027777778" lon="137.01930305555555">
<ele>37</ele>
</trkpt>
<trkpt lat="34.58253916666666" lon="137.01924805555555">
<ele>37</ele>
</trkpt>
<trkpt lat="34.58253833333333" lon="137.01919305555555">
<ele>37</ele>
</trkpt>
<trkpt lat="34.5825375" lon="137.0191377777778">
<ele>37</ele>
</trkpt>
<trkpt lat="34.58253638888889" lon="137.01908277777778">
<ele>36</ele>
</trkpt>
<trkpt lat="34.58253555555556" lon="137.01902777777778">
<ele>36</ele>
</trkpt>
<trkpt lat="34.58253472222222" lon="137.01897277777778">
<ele>38</ele>
</trkpt>
<trkpt lat="34.58253361111111" lon="137.01891777777777">
<ele>38</ele>
</trkpt>
<trkpt lat="34.58253277777778" lon="137.0188625">
<ele>40</ele>
</trkpt>
<trkpt lat="34.58253194444445" lon="137.0188075">
<ele>40</ele>
</trkpt>
<trkpt lat="34.58253083333334" lon="137.0187525">
<ele>37</ele>
</trkpt>
<trkpt lat="34.58253083333334" lon="137.0187525">
<ele>37</ele>
</trkpt>
<trkpt lat="34.58251694444444" lon="137.01870083333333">
<ele>37</ele>
</trkpt>
<trkpt lat="34.582502777777776" lon="137.0186488888889">
<ele>37</ele>
</trkpt>
<trkpt lat="34.58248888888889" lon="137.01859694444445">
<ele>36</ele>
</trkpt>
<trkpt lat="34.58247472222222" lon="137.01854527777778">
<ele>36</ele>
</trkpt>
<trkpt lat="34.582460555555556" lon="137.01849333333334">
<ele>38</ele>
</trkpt>
<trkpt lat="34.58244666666667" lon="137.01844166666666">
<ele>38</ele>
</trkpt>
<trkpt lat="34.5824325" lon="137.01838972222222">
<ele>40</ele>
</trkpt>
<trkpt lat="34.58241861111111" lon="137.01833805555555">
<ele>40</ele>
</trkpt>
<trkpt lat="34.582411666666665" lon="137.01831277777777">
<ele>41</ele>
</trkpt>
<trkpt lat="34.582411666666665" lon="137.01831277777777">
<ele>41</ele>
</trkpt>
<trkpt lat="34.58237833333333" lon="137.0182761111111">
<ele>41</ele>
</trkpt>
<trkpt lat="34.582344722222224" lon="137.01823972222223">
<ele>41</ele>
</trkpt>
<trkpt lat="34.58231138888889" lon="137.01820333333333">
<ele>42</ele>
</trkpt>
<trkpt lat="34.582277777777776" lon="137.01816694444443">
<ele>42</ele>
</trkpt>
<trkpt lat="34.58224444444444" lon="137.01813055555556">
<ele>42</ele>
</trkpt>
<trkpt lat="34.582210833333335" lon="137.01809416666666">
<ele>44</ele>
</trkpt>
<trkpt lat="34.58219972222222" lon="137.01808194444445">
<ele>44</ele>
</trkpt>
<trkpt lat="34.58219972222222" lon="137.01808194444445">
<ele>44</ele>
</trkpt>
<trkpt lat="34.582164722222224" lon="137.01804777777778">
<ele>44</ele>
</trkpt>
<trkpt lat="34.58212972222222" lon="137.01801333333333">
<ele>45</ele>
</trkpt>
<trkpt lat="34.582095" lon="137.01797888888888">
<ele>45</ele>
</trkpt>
<trkpt lat="34.58206" lon="137.0179447222222">
<ele>45</ele>
</trkpt>
<trkpt lat="34.582025" lon="137.0179102777778">
<ele>44</ele>
</trkpt>
<trkpt lat="34.58199027777778" lon="137.01787611111112">
<ele>44</ele>
</trkpt>
<trkpt lat="34.58195527777778" lon="137.01784166666667">
<ele>44</ele>
</trkpt>
<trkpt lat="34.58192138888889" lon="137.01780833333333">
<ele>44</ele>
</trkpt>
<trkpt lat="34.58192138888889" lon="137.01780833333333">
<ele>44</ele>
</trkpt>
<trkpt lat="34.581876666666666" lon="137.01780305555556">
<ele>46</ele>
</trkpt>
<trkpt lat="34.581831944444446" lon="137.0177977777778">
<ele>46</ele>
</trkpt>
<trkpt lat="34.581787222222225" lon="137.0177925">
<ele>46</ele>
</trkpt>
<trkpt lat="34.5817425" lon="137.01778694444445">
<ele>46</ele>
</trkpt>
<trkpt lat="34.58169777777778" lon="137.01778166666668">
<ele>46</ele>
</trkpt>
<trkpt lat="34.581653333333335" lon="137.01777638888888">
<ele>43</ele>
</trkpt>
<trkpt lat="34.581651944444445" lon="137.01777611111112">
<ele>43</ele>
</trkpt>
<trkpt lat="34.581651944444445" lon="137.01777611111112">
<ele>43</ele>
</trkpt>
<trkpt lat="34.58163277777778" lon="137.01772694444443">
<ele>43</ele>
</trkpt>
<trkpt lat="34.58161361111111" lon="137.0176775">
<ele>43</ele>
</trkpt>
<trkpt lat="34.58159444444444" lon="137.01762833333333">
<ele>43</ele>
</trkpt>
<trkpt lat="34.58157527777778" lon="137.0175788888889">
<ele>41</ele>
</trkpt>
<trkpt lat="34.58155611111111" lon="137.01752972222224">
<ele>41</ele>
</trkpt>
<trkpt lat="34.581537222222224" lon="137.01748111111112">
<ele>45</ele>
</trkpt>
<trkpt lat="34.581537222222224" lon="137.01748111111112">
<ele>45</ele>
</trkpt>
<trkpt lat="34.58150972222222" lon="137.01743805555554">
<ele>45</ele>
</trkpt>
<trkpt lat="34.58148222222222" lon="137.017395">
<ele>45</ele>
</trkpt>
<trkpt lat="34.58145472222222" lon="137.01735166666666">
<ele>45</ele>
</trkpt>
<trkpt lat="34.581427222222224" lon="137.0173086111111">
<ele>49</ele>
</trkpt>
<trkpt lat="34.581400277777774" lon="137.01726666666667">
<ele>49</ele>
</trkpt>
<trkpt lat="34.581400277777774" lon="137.01726666666667">
<ele>49</ele>
</trkpt>
<trkpt lat="34.5813575" lon="137.01724972222223">
<ele>54</ele>
</trkpt>
<trkpt lat="34.581315" lon="137.01723277777776">
<ele>50</ele>
</trkpt>
<trkpt lat="34.581272222222225" lon="137.01721555555557">
<ele>50</ele>
</trkpt>
<trkpt lat="34.581229444444446" lon="137.0171986111111">
<ele>50</ele>
</trkpt>
<trkpt lat="34.58118694444445" lon="137.01718166666666">
<ele>50</ele>
</trkpt>
<trkpt lat="34.581157222222224" lon="137.01717">
<ele>50</ele>
</trkpt>
<trkpt lat="34.581157222222224" lon="137.01717">
<ele>50</ele>
</trkpt>
<trkpt lat="34.5811125" lon="137.01717333333335">
<ele>45</ele>
</trkpt>
<trkpt lat="34.581067777777776" lon="137.01717638888888">
<ele>47</ele>
</trkpt>
<trkpt lat="34.581022777777775" lon="137.0171797222222">
<ele>47</ele>
</trkpt>
<trkpt lat="34.580978055555555" lon="137.01718277777778">
<ele>47</ele>
</trkpt>
<trkpt lat="34.580933055555555" lon="137.0171861111111">
<ele>47</ele>
</trkpt>
<trkpt lat="34.580888333333334" lon="137.01718916666667">
<ele>47</ele>
</trkpt>
<trkpt lat="34.580843333333334" lon="137.0171925">
<ele>47</ele>
</trkpt>
<trkpt lat="34.58079861111111" lon="137.01719555555556">
<ele>47</ele>
</trkpt>
<trkpt lat="34.580781944444446" lon="137.01719694444444">
<ele>47</ele>
</trkpt>
<trkpt lat="34.580781944444446" lon="137.01719694444444">
<ele>47</ele>
</trkpt>
<trkpt lat="34.58076111111111" lon="137.0171486111111">
<ele>52</ele>
</trkpt>
<trkpt lat="34.58074" lon="137.01710027777779">
<ele>50</ele>
</trkpt>
<trkpt lat="34.58073777777778" lon="137.017095">
<ele>50</ele>
</trkpt>
<trkpt lat="34.58073777777778" lon="137.017095">
<ele>50</ele>
</trkpt>
<trkpt lat="34.580753333333334" lon="137.01704361111112">
<ele>50</ele>
</trkpt>
<trkpt lat="34.58076861111111" lon="137.0169925">
<ele>49</ele>
</trkpt>
<trkpt lat="34.58078416666667" lon="137.01694138888888">
<ele>43</ele>
</trkpt>
<trkpt lat="34.580799722222224" lon="137.01689">
<ele>43</ele>
</trkpt>
<trkpt lat="34.580815" lon="137.01683888888888">
<ele>44</ele>
</trkpt>
<trkpt lat="34.58083055555556" lon="137.0167875">
<ele>44</ele>
</trkpt>
<trkpt lat="34.580835" lon="137.01677305555555">
<ele>46</ele>
</trkpt>
<trkpt lat="34.580835" lon="137.01677305555555">
<ele>46</ele>
</trkpt>
<trkpt lat="34.58083277777778" lon="137.01671861111112">
<ele>46</ele>
</trkpt>
<trkpt lat="34.58083055555556" lon="137.01666416666666">
<ele>48</ele>
</trkpt>
<trkpt lat="34.58082861111111" lon="137.01660944444444">
<ele>48</ele>
</trkpt>
<trkpt lat="34.58082638888889" lon="137.016555">
<ele>50</ele>
</trkpt>
<trkpt lat="34.580824444444445" lon="137.01650055555555">
<ele>50</ele>
</trkpt>
<trkpt lat="34.580822222222224" lon="137.01644611111112">
<ele>50</ele>
</trkpt>
<trkpt lat="34.58082" lon="137.01639166666666">
<ele>51</ele>
</trkpt>
<trkpt lat="34.580818055555554" lon="137.01633722222223">
<ele>51</ele>
</trkpt>
<trkpt lat="34.58081583333333" lon="137.0162825">
<ele>51</ele>
</trkpt>
<trkpt lat="34.58081388888889" lon="137.01622805555556">
<ele>51</ele>
</trkpt>
<trkpt lat="34.58081277777778" lon="137.01620444444444">
<ele>50</ele>
</trkpt>
<trkpt lat="34.58081277777778" lon="137.01620444444444">
<ele>50</ele>
</trkpt>
<trkpt lat="34.580779444444445" lon="137.01616805555557">
<ele>50</ele>
</trkpt>
<trkpt lat="34.58074611111111" lon="137.01613138888888">
<ele>51</ele>
</trkpt>
<trkpt lat="34.58072444444444" lon="137.0161077777778">
<ele>50</ele>
</trkpt>
<trkpt lat="34.58072444444444" lon="137.0161077777778">
<ele>50</ele>
</trkpt>
<trkpt lat="34.58068222222222" lon="137.01612666666668">
<ele>46</ele>
</trkpt>
<trkpt lat="34.580640277777775" lon="137.01614555555557">
<ele>46</ele>
</trkpt>
<trkpt lat="34.580598055555555" lon="137.01616416666667">
<ele>50</ele>
</trkpt>
<trkpt lat="34.580555833333335" lon="137.01618305555556">
<ele>50</ele>
</trkpt>
<trkpt lat="34.58051361111111" lon="137.01620166666666">
<ele>50</ele>
</trkpt>
<trkpt lat="34.58047138888889" lon="137.01622055555555">
<ele>50</ele>
</trkpt>
<trkpt lat="34.58045944444444" lon="137.01622583333332">
<ele>50</ele>
</trkpt>
<trkpt lat="34.58045944444444" lon="137.01622583333332">
<ele>50</ele>
</trkpt>
<trkpt lat="34.580422222222225" lon="137.01625638888888">
<ele>49</ele>
</trkpt>
<trkpt lat="34.580385" lon="137.01628666666667">
<ele>49</ele>
</trkpt>
<trkpt lat="34.5803475" lon="137.01631694444444">
<ele>49</ele>
</trkpt>
<trkpt lat="34.58031027777778" lon="137.0163475">
<ele>50</ele>
</trkpt>
<trkpt lat="34.58027305555556" lon="137.0163777777778">
<ele>50</ele>
</trkpt>
<trkpt lat="34.58023583333333" lon="137.01640833333335">
<ele>50</ele>
</trkpt>
<trkpt lat="34.580198333333335" lon="137.0164386111111">
<ele>44</ele>
</trkpt>
<trkpt lat="34.58016111111111" lon="137.01646916666667">
<ele>50</ele>
</trkpt>
<trkpt lat="34.58012388888889" lon="137.01649944444443">
<ele>50</ele>
</trkpt>
<trkpt lat="34.58012388888889" lon="137.01649944444443">
<ele>50</ele>
</trkpt>
<trkpt lat="34.58009305555556" lon="137.01653944444445">
<ele>45</ele>
</trkpt>
<trkpt lat="34.5800625" lon="137.01657916666667">
<ele>50</ele>
</trkpt>
<trkpt lat="34.58003194444444" lon="137.01661916666666">
<ele>50</ele>
</trkpt>
<trkpt lat="34.58000111111111" lon="137.01665888888888">
<ele>50</ele>
</trkpt>
<trkpt lat="34.579970555555555" lon="137.0166988888889">
<ele>48</ele>
</trkpt>
<trkpt lat="34.57993972222222" lon="137.01673861111112">
<ele>48</ele>
</trkpt>
<trkpt lat="34.57990916666667" lon="137.0167786111111">
<ele>49</ele>
</trkpt>
<trkpt lat="34.57987861111111" lon="137.01681833333333">
<ele>40</ele>
</trkpt>
<trkpt lat="34.57984777777778" lon="137.01685833333335">
<ele>40</ele>
</trkpt>
<trkpt lat="34.579817222222225" lon="137.01689805555554">
<ele>42</ele>
</trkpt>
<trkpt lat="34.57978638888889" lon="137.01693805555556">
<ele>42</ele>
</trkpt>
<trkpt lat="34.57975583333333" lon="137.01697777777778">
<ele>34</ele>
</trkpt>
<trkpt lat="34.579725277777776" lon="137.01701777777777">
<ele>37</ele>
</trkpt>
<trkpt lat="34.57969444444444" lon="137.0170575">
<ele>37</ele>
</trkpt>
<trkpt lat="34.57966388888889" lon="137.0170975">
<ele>31</ele>
</trkpt>
<trkpt lat="34.579633055555554" lon="137.01713722222223">
<ele>34</ele>
</trkpt>
<trkpt lat="34.57962027777778" lon="137.01715388888888">
<ele>34</ele>
</trkpt>
<trkpt lat="34.57962027777778" lon="137.01715388888888">
<ele>34</ele>
</trkpt>
<trkpt lat="34.57960138888889" lon="137.01720333333333">
<ele>34</ele>
</trkpt>
<trkpt lat="34.5795825" lon="137.01725305555556">
<ele>34</ele>
</trkpt>
<trkpt lat="34.57956361111111" lon="137.0173025">
<ele>34</ele>
</trkpt>
<trkpt lat="34.579545" lon="137.01735194444444">
<ele>37</ele>
</trkpt>
<trkpt lat="34.579526111111115" lon="137.01740138888889">
<ele>37</ele>
</trkpt>
<trkpt lat="34.57950722222222" lon="137.01745111111111">
<ele>35</ele>
</trkpt>
<trkpt lat="34.57948833333333" lon="137.01750055555556">
<ele>35</ele>
</trkpt>
<trkpt lat="34.57946944444444" lon="137.01755">
<ele>37</ele>
</trkpt>
<trkpt lat="34.57945055555555" lon="137.01759944444444">
<ele>37</ele>
</trkpt>
<trkpt lat="34.579431666666665" lon="137.01764916666667">
<ele>37</ele>
</trkpt>
<trkpt lat="34.579412777777776" lon="137.01769861111111">
<ele>38</ele>
</trkpt>
<trkpt lat="34.57939388888889" lon="137.01774805555556">
<ele>32</ele>
</trkpt>
<trkpt lat="34.579375" lon="137.0177975">
<ele>33</ele>
</trkpt>
<trkpt lat="34.57935638888889" lon="137.01784694444444">
<ele>33</ele>
</trkpt>
<trkpt lat="34.57934638888889" lon="137.01787277777777">
<ele>32</ele>
</trkpt>
<trkpt lat="34.57934638888889" lon="137.01787277777777">
<ele>32</ele>
</trkpt>
<trkpt lat="34.57934222222222" lon="137.01792694444444">
<ele>29</ele>
</trkpt>
<trkpt lat="34.57933777777778" lon="137.0179813888889">
<ele>29</ele>
</trkpt>
<trkpt lat="34.57933333333333" lon="137.01803555555554">
<ele>23</ele>
</trkpt>
<trkpt lat="34.57932888888889" lon="137.01809">
<ele>23</ele>
</trkpt>
<trkpt lat="34.579324444444445" lon="137.01814416666667">
<ele>22</ele>
</trkpt>
<trkpt lat="34.579320277777775" lon="137.0181986111111">
<ele>22</ele>
</trkpt>
<trkpt lat="34.57931583333333" lon="137.01825277777778">
<ele>20</ele>
</trkpt>
<trkpt lat="34.57931138888889" lon="137.01830722222223">
<ele>20</ele>
</trkpt>
<trkpt lat="34.57930694444445" lon="137.01836138888888">
<ele>19</ele>
</trkpt>
<trkpt lat="34.5793025" lon="137.01841555555555">
<ele>19</ele>
</trkpt>
<trkpt lat="34.579298333333334" lon="137.01847">
<ele>18</ele>
</trkpt>
<trkpt lat="34.579297777777775" lon="137.01847361111112">
<ele>18</ele>
</trkpt>
<trkpt lat="34.579297777777775" lon="137.01847361111112">
<ele>18</ele>
</trkpt>
<trkpt lat="34.579316666666664" lon="137.01852333333332">
<ele>18</ele>
</trkpt>
<trkpt lat="34.57933527777778" lon="137.0185727777778">
<ele>22</ele>
</trkpt>
<trkpt lat="34.57935388888889" lon="137.0186225">
<ele>22</ele>
</trkpt>
<trkpt lat="34.5793725" lon="137.01867194444443">
<ele>21</ele>
</trkpt>
<trkpt lat="34.579391111111114" lon="137.01872166666666">
<ele>21</ele>
</trkpt>
<trkpt lat="34.57941" lon="137.0187713888889">
<ele>21</ele>
</trkpt>
<trkpt lat="34.57942861111111" lon="137.01882083333334">
<ele>18</ele>
</trkpt>
<trkpt lat="34.57944722222222" lon="137.01887055555557">
<ele>21</ele>
</trkpt>
<trkpt lat="34.57946138888889" lon="137.01890805555556">
<ele>17</ele>
</trkpt>
<trkpt lat="34.57946138888889" lon="137.01890805555556">
<ele>17</ele>
</trkpt>
<trkpt lat="34.57948388888889" lon="137.0189552777778">
<ele>17</ele>
</trkpt>
<trkpt lat="34.57950638888889" lon="137.0190025">
<ele>13</ele>
</trkpt>
<trkpt lat="34.57952888888889" lon="137.01904972222223">
<ele>13</ele>
</trkpt>
<trkpt lat="34.57955138888889" lon="137.01909694444444">
<ele>13</ele>
</trkpt>
<trkpt lat="34.57957388888889" lon="137.01914416666668">
<ele>15</ele>
</trkpt>
<trkpt lat="34.57959638888889" lon="137.01919138888888">
<ele>15</ele>
</trkpt>
<trkpt lat="34.57961888888889" lon="137.01923861111112">
<ele>13</ele>
</trkpt>
<trkpt lat="34.57964138888889" lon="137.01928583333333">
<ele>13</ele>
</trkpt>
<trkpt lat="34.57966388888889" lon="137.01933305555556">
<ele>13</ele>
</trkpt>
<trkpt lat="34.57968638888889" lon="137.01938027777777">
<ele>15</ele>
</trkpt>
<trkpt lat="34.57970888888889" lon="137.0194275">
<ele>15</ele>
</trkpt>
<trkpt lat="34.57973138888889" lon="137.0194747222222">
<ele>15</ele>
</trkpt>
<trkpt lat="34.57975388888889" lon="137.01952194444445">
<ele>15</ele>
</trkpt>
<trkpt lat="34.57977638888889" lon="137.01956916666666">
<ele>13</ele>
</trkpt>
<trkpt lat="34.57979861111111" lon="137.0196163888889">
<ele>17</ele>
</trkpt>
<trkpt lat="34.57982111111111" lon="137.0196636111111">
<ele>17</ele>
</trkpt>
<trkpt lat="34.57984361111111" lon="137.01971083333333">
<ele>16</ele>
</trkpt>
<trkpt lat="34.57986611111111" lon="137.01975805555554">
<ele>16</ele>
</trkpt>
<trkpt lat="34.57986777777778" lon="137.0197611111111">
<ele>17</ele>
</trkpt>
<trkpt lat="34.57986777777778" lon="137.0197611111111">
<ele>17</ele>
</trkpt>
<trkpt lat="34.57989583333333" lon="137.01981">
<ele>17</ele>
</trkpt>
<trkpt lat="34.57992388888889" lon="137.01985861111112">
<ele>15</ele>
</trkpt>
<trkpt lat="34.579951944444446" lon="137.0199075">
<ele>15</ele>
</trkpt>
<trkpt lat="34.57998027777778" lon="137.0199563888889">
<ele>16</ele>
</trkpt>
<trkpt lat="34.58000833333333" lon="137.02000527777778">
<ele>16</ele>
</trkpt>
<trkpt lat="34.58003638888889" lon="137.02005416666665">
<ele>16</ele>
</trkpt>
<trkpt lat="34.580064444444446" lon="137.02010305555555">
<ele>14</ele>
</trkpt>
<trkpt lat="34.58009277777778" lon="137.02015166666666">
<ele>17</ele>
</trkpt>
<trkpt lat="34.58012083333333" lon="137.02020055555556">
<ele>16</ele>
</trkpt>
<trkpt lat="34.580148888888885" lon="137.02024944444443">
<ele>16</ele>
</trkpt>
<trkpt lat="34.580176944444446" lon="137.02029833333333">
<ele>14</ele>
</trkpt>
<trkpt lat="34.58020527777778" lon="137.02034722222223">
<ele>14</ele>
</trkpt>
<trkpt lat="34.58023333333333" lon="137.0203961111111">
<ele>12</ele>
</trkpt>
<trkpt lat="34.580261388888886" lon="137.0204447222222">
<ele>12</ele>
</trkpt>
<trkpt lat="34.580289444444446" lon="137.0204936111111">
<ele>12</ele>
</trkpt>
<trkpt lat="34.58031777777778" lon="137.0205425">
<ele>12</ele>
</trkpt>
<trkpt lat="34.58034583333333" lon="137.0205913888889">
<ele>12</ele>
</trkpt>
<trkpt lat="34.580373888888886" lon="137.02064027777777">
<ele>12</ele>
</trkpt>
<trkpt lat="34.58040222222222" lon="137.02068916666667">
<ele>12</ele>
</trkpt>
<trkpt lat="34.58040222222222" lon="137.02068916666667">
<ele>12</ele>
</trkpt>
<trkpt lat="34.58040222222222" lon="137.02068916666667">
<ele>12</ele>
</trkpt>
<trkpt lat="34.58039055555555" lon="137.02074194444444">
<ele>12</ele>
</trkpt>
<trkpt lat="34.58037916666667" lon="137.02079472222223">
<ele>12</ele>
</trkpt>
<trkpt lat="34.58036777777778" lon="137.0208475">
<ele>12</ele>
</trkpt>
<trkpt lat="34.58035638888889" lon="137.02090027777777">
<ele>11</ele>
</trkpt>
<trkpt lat="34.580345" lon="137.02095305555557">
<ele>11</ele>
</trkpt>
<trkpt lat="34.58033361111111" lon="137.02100555555555">
<ele>11</ele>
</trkpt>
<trkpt lat="34.58033138888889" lon="137.02101638888888">
<ele>10</ele>
</trkpt>
<trkpt lat="34.58033138888889" lon="137.02101638888888">
<ele>10</ele>
</trkpt>
<trkpt lat="34.580332222222225" lon="137.02107083333334">
<ele>10</ele>
</trkpt>
<trkpt lat="34.580333055555556" lon="137.02112527777777">
<ele>10</ele>
</trkpt>
<trkpt lat="34.58033388888889" lon="137.02118">
<ele>10</ele>
</trkpt>
<trkpt lat="34.580334722222226" lon="137.02123444444445">
<ele>10</ele>
</trkpt>
<trkpt lat="34.58033555555556" lon="137.02128916666666">
<ele>10</ele>
</trkpt>
<trkpt lat="34.580335833333336" lon="137.0213061111111">
<ele>10</ele>
</trkpt>
<trkpt lat="34.580335833333336" lon="137.0213061111111">
<ele>10</ele>
</trkpt>
<trkpt lat="34.58036222222222" lon="137.02136555555555">
<ele>10</ele>
</trkpt>
<trkpt lat="34.58038833333333" lon="137.021425">
<ele>10</ele>
</trkpt>
<trkpt lat="34.58041472222222" lon="137.02148472222223">
<ele>9</ele>
</trkpt>
<trkpt lat="34.580440833333334" lon="137.02154416666667">
<ele>9</ele>
</trkpt>
<trkpt lat="34.580467222222225" lon="137.02160388888888">
<ele>10</ele>
</trkpt>
<trkpt lat="34.58049333333334" lon="137.02166333333332">
<ele>10</ele>
</trkpt>
<trkpt lat="34.58051972222222" lon="137.02172305555555">
<ele>10</ele>
</trkpt>
<trkpt lat="34.58054611111111" lon="137.0217825">
<ele>9</ele>
</trkpt>
<trkpt lat="34.58057222222222" lon="137.02184222222223">
<ele>10</ele>
</trkpt>
<trkpt lat="34.580598611111114" lon="137.02190166666668">
<ele>10</ele>
</trkpt>
<trkpt lat="34.580624722222225" lon="137.02196138888888">
<ele>10</ele>
</trkpt>
<trkpt lat="34.58065111111111" lon="137.02202083333333">
<ele>9</ele>
</trkpt>
<trkpt lat="34.58067722222222" lon="137.02208055555556">
<ele>10</ele>
</trkpt>
<trkpt lat="34.58070361111111" lon="137.02214">
<ele>10</ele>
</trkpt>
<trkpt lat="34.58072972222222" lon="137.0221997222222">
<ele>10</ele>
</trkpt>
<trkpt lat="34.580756111111114" lon="137.02225916666666">
<ele>9</ele>
</trkpt>
<trkpt lat="34.5807825" lon="137.0223186111111">
<ele>10</ele>
</trkpt>
<trkpt lat="34.58080861111111" lon="137.02237833333334">
<ele>10</ele>
</trkpt>
<trkpt lat="34.580835" lon="137.02243777777778">
<ele>10</ele>
</trkpt>
<trkpt lat="34.580835" lon="137.02243777777778">
<ele>10</ele>
</trkpt>
<trkpt lat="34.58087638888889" lon="137.02245916666666">
<ele>9</ele>
</trkpt>
<trkpt lat="34.5809175" lon="137.02248055555555">
<ele>10</ele>
</trkpt>
<trkpt lat="34.58095888888889" lon="137.02250194444446">
<ele>10</ele>
</trkpt>
<trkpt lat="34.581000277777775" lon="137.02252333333334">
<ele>10</ele>
</trkpt>
<trkpt lat="34.581041666666664" lon="137.02254472222222">
<ele>10</ele>
</trkpt>
<trkpt lat="34.58108305555555" lon="137.02256583333335">
<ele>10</ele>
</trkpt>
<trkpt lat="34.58112416666667" lon="137.02258722222223">
<ele>10</ele>
</trkpt>
<trkpt lat="34.58116555555556" lon="137.0226086111111">
<ele>10</ele>
</trkpt>
<trkpt lat="34.581206944444446" lon="137.02263">
<ele>10</ele>
</trkpt>
<trkpt lat="34.581248333333335" lon="137.0226513888889">
<ele>10</ele>
</trkpt>
<trkpt lat="34.58128972222222" lon="137.02267277777779">
<ele>10</ele>
</trkpt>
<trkpt lat="34.58133083333333" lon="137.02269388888888">
<ele>10</ele>
</trkpt>
<trkpt lat="34.58137222222222" lon="137.0227152777778">
<ele>10</ele>
</trkpt>
<trkpt lat="34.581380277777775" lon="137.02271944444445">
<ele>10</ele>
</trkpt>
<trkpt lat="34.581380277777775" lon="137.02271944444445">
<ele>10</ele>
</trkpt>
<trkpt lat="34.581425" lon="137.02272472222222">
<ele>10</ele>
</trkpt>
<trkpt lat="34.581469722222224" lon="137.02273">
<ele>11</ele>
</trkpt>
<trkpt lat="34.581514444444444" lon="137.02273555555556">
<ele>11</ele>
</trkpt>
<trkpt lat="34.581559166666665" lon="137.02274083333333">
<ele>11</ele>
</trkpt>
<trkpt lat="34.581603888888885" lon="137.0227461111111">
<ele>11</ele>
</trkpt>
<trkpt lat="34.58164861111111" lon="137.02275138888888">
<ele>11</ele>
</trkpt>
<trkpt lat="34.581693333333334" lon="137.02275666666668">
<ele>12</ele>
</trkpt>
<trkpt lat="34.581738055555554" lon="137.02276194444445">
<ele>12</ele>
</trkpt>
<trkpt lat="34.581782777777775" lon="137.02276722222223">
<ele>13</ele>
</trkpt>
<trkpt lat="34.581786666666666" lon="137.02276777777777">
<ele>13</ele>
</trkpt>
<trkpt lat="34.581786666666666" lon="137.02276777777777">
<ele>13</ele>
</trkpt>
<trkpt lat="34.58176916666667" lon="137.02281805555555">
<ele>12</ele>
</trkpt>
<trkpt lat="34.58175194444444" lon="137.02286833333332">
<ele>12</ele>
</trkpt>
<trkpt lat="34.58173444444444" lon="137.02291861111112">
<ele>13</ele>
</trkpt>
<trkpt lat="34.581716944444445" lon="137.0229688888889">
<ele>13</ele>
</trkpt>
<trkpt lat="34.581699444444446" lon="137.02301916666667">
<ele>13</ele>
</trkpt>
<trkpt lat="34.58168194444445" lon="137.02306944444445">
<ele>13</ele>
</trkpt>
<trkpt lat="34.58166472222222" lon="137.02311972222222">
<ele>13</ele>
</trkpt>
<trkpt lat="34.58164722222222" lon="137.02317">
<ele>13</ele>
</trkpt>
<trkpt lat="34.58163888888889" lon="137.02319416666666">
<ele>13</ele>
</trkpt>
<trkpt lat="34.58163888888889" lon="137.02319416666666">
<ele>13</ele>
</trkpt>
<trkpt lat="34.581632222222225" lon="137.02324833333333">
<ele>13</ele>
</trkpt>
<trkpt lat="34.581625833333334" lon="137.0233022222222">
<ele>13</ele>
</trkpt>
<trkpt lat="34.58161944444444" lon="137.0233561111111">
<ele>13</ele>
</trkpt>
<trkpt lat="34.58161277777778" lon="137.02341027777777">
<ele>14</ele>
</trkpt>
<trkpt lat="34.581606388888886" lon="137.02346416666666">
<ele>14</ele>
</trkpt>
<trkpt lat="34.5816" lon="137.02351805555554">
<ele>14</ele>
</trkpt>
<trkpt lat="34.58159333333333" lon="137.0235722222222">
<ele>14</ele>
</trkpt>
<trkpt lat="34.581586944444446" lon="137.0236261111111">
<ele>14</ele>
</trkpt>
<trkpt lat="34.581580555555554" lon="137.02368">
<ele>14</ele>
</trkpt>
<trkpt lat="34.58157472222222" lon="137.02372805555555">
<ele>14</ele>
</trkpt>
<trkpt lat="34.58157472222222" lon="137.02372805555555">
<ele>14</ele>
</trkpt>
<trkpt lat="34.58156888888889" lon="137.02382305555557">
<ele>13</ele>
</trkpt>
<trkpt lat="34.581563055555556" lon="137.02391833333334">
<ele>13</ele>
</trkpt>
<trkpt lat="34.58155722222222" lon="137.02401333333333">
<ele>13</ele>
</trkpt>
<trkpt lat="34.58155138888889" lon="137.0241086111111">
<ele>13</ele>
</trkpt>
<trkpt lat="34.58154555555556" lon="137.02420388888888">
<ele>14</ele>
</trkpt>
<trkpt lat="34.581539722222224" lon="137.0242988888889">
<ele>14</ele>
</trkpt>
<trkpt lat="34.581534166666664" lon="137.02439416666667">
<ele>15</ele>
</trkpt>
<trkpt lat="34.58152833333333" lon="137.02448916666665">
<ele>16</ele>
</trkpt>
<trkpt lat="34.5815225" lon="137.02458444444446">
<ele>17</ele>
</trkpt>
<trkpt lat="34.581516666666666" lon="137.02467944444444">
<ele>17</ele>
</trkpt>
<trkpt lat="34.58151083333333" lon="137.02477472222222">
<ele>17</ele>
</trkpt>
<trkpt lat="34.581505" lon="137.02486972222223">
<ele>17</ele>
</trkpt>
<trkpt lat="34.58149916666667" lon="137.024965">
<ele>17</ele>
</trkpt>
<trkpt lat="34.581493333333334" lon="137.02506">
<ele>17</ele>
</trkpt>
<trkpt lat="34.5814875" lon="137.02515527777777">
<ele>17</ele>
</trkpt>
<trkpt lat="34.58148166666667" lon="137.0252502777778">
<ele>17</ele>
</trkpt>
<trkpt lat="34.581475833333336" lon="137.02534555555556">
<ele>17</ele>
</trkpt>
<trkpt lat="34.58147" lon="137.02544055555555">
<ele>17</ele>
</trkpt>
<trkpt lat="34.58146416666666" lon="137.02553583333332">
<ele>17</ele>
</trkpt>
<trkpt lat="34.58146416666666" lon="137.02553583333332">
<ele>17</ele>
</trkpt>
<trkpt lat="34.58146416666666" lon="137.02559027777778">
<ele>17</ele>
</trkpt>
<trkpt lat="34.58146388888889" lon="137.025645">
<ele>17</ele>
</trkpt>
<trkpt lat="34.58146361111111" lon="137.02569944444446">
<ele>17</ele>
</trkpt>
<trkpt lat="34.58146333333333" lon="137.02575416666667">
<ele>17</ele>
</trkpt>
<trkpt lat="34.58146333333333" lon="137.0258086111111">
<ele>17</ele>
</trkpt>
<trkpt lat="34.58146305555555" lon="137.02586305555556">
<ele>17</ele>
</trkpt>
<trkpt lat="34.58146277777778" lon="137.02591777777778">
<ele>17</ele>
</trkpt>
<trkpt lat="34.5814625" lon="137.0259722222222">
<ele>17</ele>
</trkpt>
<trkpt lat="34.58146222222222" lon="137.02602694444445">
<ele>17</ele>
</trkpt>
<trkpt lat="34.58146222222222" lon="137.02608138888888">
<ele>17</ele>
</trkpt>
<trkpt lat="34.58146222222222" lon="137.0260963888889">
<ele>18</ele>
</trkpt>
<trkpt lat="34.58146222222222" lon="137.0260963888889">
<ele>18</ele>
</trkpt>
<trkpt lat="34.581474166666666" lon="137.02614888888888">
<ele>18</ele>
</trkpt>
<trkpt lat="34.58148611111111" lon="137.02620166666668">
<ele>18</ele>
</trkpt>
<trkpt lat="34.58149805555556" lon="137.02625416666666">
<ele>18</ele>
</trkpt>
<trkpt lat="34.58151" lon="137.02630666666667">
<ele>19</ele>
</trkpt>
<trkpt lat="34.58152194444445" lon="137.02635916666668">
<ele>20</ele>
</trkpt>
<trkpt lat="34.58153388888889" lon="137.02641194444445">
<ele>21</ele>
</trkpt>
<trkpt lat="34.58154583333334" lon="137.02646444444446">
<ele>21</ele>
</trkpt>
<trkpt lat="34.581558055555554" lon="137.02651694444444">
<ele>22</ele>
</trkpt>
<trkpt lat="34.58157" lon="137.02656972222223">
<ele>22</ele>
</trkpt>
<trkpt lat="34.581581944444444" lon="137.02662222222222">
<ele>24</ele>
</trkpt>
<trkpt lat="34.58159388888889" lon="137.02667472222223">
<ele>24</ele>
</trkpt>
<trkpt lat="34.581605833333334" lon="137.02672722222223">
<ele>24</ele>
</trkpt>
<trkpt lat="34.58161777777778" lon="137.02678">
<ele>24</ele>
</trkpt>
<trkpt lat="34.581627777777776" lon="137.02682333333334">
<ele>24</ele>
</trkpt>
<trkpt lat="34.581627777777776" lon="137.02682333333334">
<ele>24</ele>
</trkpt>
<trkpt lat="34.581646666666664" lon="137.02687277777778">
<ele>24</ele>
</trkpt>
<trkpt lat="34.58166527777778" lon="137.02692222222223">
<ele>25</ele>
</trkpt>
<trkpt lat="34.58168416666667" lon="137.02697194444445">
<ele>26</ele>
</trkpt>
<trkpt lat="34.58170305555556" lon="137.0270213888889">
<ele>27</ele>
</trkpt>
<trkpt lat="34.581721944444446" lon="137.02707083333334">
<ele>27</ele>
</trkpt>
<trkpt lat="34.581740833333335" lon="137.02712027777778">
<ele>27</ele>
</trkpt>
<trkpt lat="34.58175972222222" lon="137.02717">
<ele>27</ele>
</trkpt>
<trkpt lat="34.58177861111111" lon="137.02721944444446">
<ele>28</ele>
</trkpt>
<trkpt lat="34.58179722222222" lon="137.0272688888889">
<ele>28</ele>
</trkpt>
<trkpt lat="34.58181611111111" lon="137.0273186111111">
<ele>28</ele>
</trkpt>
<trkpt lat="34.581835" lon="137.02736805555554">
<ele>29</ele>
</trkpt>
<trkpt lat="34.58185388888889" lon="137.0274175">
<ele>29</ele>
</trkpt>
<trkpt lat="34.581872777777775" lon="137.02746694444446">
<ele>29</ele>
</trkpt>
<trkpt lat="34.581891666666664" lon="137.02751666666666">
<ele>31</ele>
</trkpt>
<trkpt lat="34.58191055555555" lon="137.0275661111111">
<ele>31</ele>
</trkpt>
<trkpt lat="34.58192916666667" lon="137.02761555555554">
<ele>31</ele>
</trkpt>
<trkpt lat="34.58194805555556" lon="137.027665">
<ele>31</ele>
</trkpt>
<trkpt lat="34.581966944444446" lon="137.0277147222222">
<ele>32</ele>
</trkpt>
<trkpt lat="34.581985833333334" lon="137.02776416666666">
<ele>32</ele>
</trkpt>
<trkpt lat="34.58200472222222" lon="137.0278136111111">
<ele>35</ele>
</trkpt>
<trkpt lat="34.58202361111111" lon="137.02786305555554">
<ele>35</ele>
</trkpt>
<trkpt lat="34.582034166666666" lon="137.02789083333334">
<ele>36</ele>
</trkpt>
<trkpt lat="34.582034166666666" lon="137.02789083333334">
<ele>36</ele>
</trkpt>
<trkpt lat="34.58204" lon="137.027945">
<ele>36</ele>
</trkpt>
<trkpt lat="34.58204583333333" lon="137.0279988888889">
<ele>36</ele>
</trkpt>
<trkpt lat="34.582051666666665" lon="137.02805305555555">
<ele>37</ele>
</trkpt>
<trkpt lat="34.58205777777778" lon="137.02810722222222">
<ele>37</ele>
</trkpt>
<trkpt lat="34.58206361111111" lon="137.0281611111111">
<ele>37</ele>
</trkpt>
<trkpt lat="34.58206944444444" lon="137.02821527777778">
<ele>37</ele>
</trkpt>
<trkpt lat="34.582075555555555" lon="137.02826944444445">
<ele>37</ele>
</trkpt>
<trkpt lat="34.582076111111114" lon="137.02827444444443">
<ele>37</ele>
</trkpt>
<trkpt lat="34.582076111111114" lon="137.02827444444443">
<ele>37</ele>
</trkpt>
<trkpt lat="34.58207083333333" lon="137.0283286111111">
<ele>37</ele>
</trkpt>
<trkpt lat="34.58206583333333" lon="137.02838277777778">
<ele>37</ele>
</trkpt>
<trkpt lat="34.58206083333334" lon="137.02843694444445">
<ele>37</ele>
</trkpt>
<trkpt lat="34.582055833333335" lon="137.02849111111112">
<ele>36</ele>
</trkpt>
<trkpt lat="34.582050833333334" lon="137.02854555555555">
<ele>36</ele>
</trkpt>
<trkpt lat="34.58204583333333" lon="137.02859972222222">
<ele>36</ele>
</trkpt>
<trkpt lat="34.582045" lon="137.02860694444445">
<ele>36</ele>
</trkpt>
<trkpt lat="34.582045" lon="137.02860694444445">
<ele>36</ele>
</trkpt>
<trkpt lat="34.582030555555555" lon="137.02865972222222">
<ele>36</ele>
</trkpt>
<trkpt lat="34.58201611111111" lon="137.02871222222223">
<ele>35</ele>
</trkpt>
<trkpt lat="34.58200138888889" lon="137.028765">
<ele>35</ele>
</trkpt>
<trkpt lat="34.581986944444445" lon="137.0288175">
<ele>33</ele>
</trkpt>
<trkpt lat="34.5819725" lon="137.02887027777777">
<ele>33</ele>
</trkpt>
<trkpt lat="34.58195777777778" lon="137.02892277777778">
<ele>33</ele>
</trkpt>
<trkpt lat="34.581943333333335" lon="137.02897555555555">
<ele>29</ele>
</trkpt>
<trkpt lat="34.58192888888889" lon="137.02902833333334">
<ele>29</ele>
</trkpt>
<trkpt lat="34.58191444444444" lon="137.02908083333332">
<ele>29</ele>
</trkpt>
<trkpt lat="34.581899722222225" lon="137.02913361111112">
<ele>29</ele>
</trkpt>
<trkpt lat="34.58188527777778" lon="137.0291861111111">
<ele>29</ele>
</trkpt>
<trkpt lat="34.58187083333333" lon="137.0292388888889">
<ele>29</ele>
</trkpt>
<trkpt lat="34.58185611111111" lon="137.02929138888888">
<ele>29</ele>
</trkpt>
<trkpt lat="34.58184166666667" lon="137.02934416666668">
<ele>29</ele>
</trkpt>
<trkpt lat="34.58182722222222" lon="137.02939666666666">
<ele>29</ele>
</trkpt>
<trkpt lat="34.5818125" lon="137.02944944444445">
<ele>29</ele>
</trkpt>
<trkpt lat="34.58179805555555" lon="137.02950222222222">
<ele>29</ele>
</trkpt>
<trkpt lat="34.58178361111111" lon="137.02955472222223">
<ele>29</ele>
</trkpt>
<trkpt lat="34.58176916666667" lon="137.0296075">
<ele>29</ele>
</trkpt>
<trkpt lat="34.58176916666667" lon="137.0296075">
<ele>29</ele>
</trkpt>
<trkpt lat="34.581768333333336" lon="137.02966194444446">
<ele>29</ele>
</trkpt>
<trkpt lat="34.58176777777778" lon="137.0297163888889">
<ele>27</ele>
</trkpt>
<trkpt lat="34.581766944444446" lon="137.0297711111111">
<ele>27</ele>
</trkpt>
<trkpt lat="34.58176638888889" lon="137.02982555555556">
<ele>27</ele>
</trkpt>
<trkpt lat="34.581765555555556" lon="137.02988027777778">
<ele>27</ele>
</trkpt>
<trkpt lat="34.581765" lon="137.0299347222222">
<ele>28</ele>
</trkpt>
<trkpt lat="34.581764166666666" lon="137.02998916666667">
<ele>28</ele>
</trkpt>
<trkpt lat="34.581763611111114" lon="137.03004388888888">
<ele>28</ele>
</trkpt>
<trkpt lat="34.581763055555555" lon="137.03009833333334">
<ele>28</ele>
</trkpt>
<trkpt lat="34.581762222222224" lon="137.03015277777777">
<ele>28</ele>
</trkpt>
<trkpt lat="34.581761666666665" lon="137.0302075">
<ele>28</ele>
</trkpt>
<trkpt lat="34.581760833333334" lon="137.03026194444445">
<ele>27</ele>
</trkpt>
<trkpt lat="34.581760277777775" lon="137.03031666666666">
<ele>27</ele>
</trkpt>
<trkpt lat="34.581759444444444" lon="137.03037111111112">
<ele>27</ele>
</trkpt>
<trkpt lat="34.58175888888889" lon="137.03042555555555">
<ele>27</ele>
</trkpt>
<trkpt lat="34.581758055555554" lon="137.03048027777777">
<ele>26</ele>
</trkpt>
<trkpt lat="34.581758055555554" lon="137.0304952777778">
<ele>26</ele>
</trkpt>
<trkpt lat="34.581758055555554" lon="137.0304952777778">
<ele>26</ele>
</trkpt>
<trkpt lat="34.581768333333336" lon="137.03059166666668">
<ele>27</ele>
</trkpt>
<trkpt lat="34.58177861111111" lon="137.03068805555554">
<ele>27</ele>
</trkpt>
<trkpt lat="34.58178916666667" lon="137.03078444444444">
<ele>27</ele>
</trkpt>
<trkpt lat="34.58179944444444" lon="137.03088083333333">
<ele>28</ele>
</trkpt>
<trkpt lat="34.581809722222225" lon="137.03097722222222">
<ele>30</ele>
</trkpt>
<trkpt lat="34.58182" lon="137.0310736111111">
<ele>34</ele>
</trkpt>
<trkpt lat="34.581830277777776" lon="137.0311702777778">
<ele>35</ele>
</trkpt>
<trkpt lat="34.58184083333333" lon="137.03126666666665">
<ele>35</ele>
</trkpt>
<trkpt lat="34.58185111111111" lon="137.03136305555554">
<ele>35</ele>
</trkpt>
<trkpt lat="34.58186138888889" lon="137.03145944444444">
<ele>35</ele>
</trkpt>
<trkpt lat="34.581871666666665" lon="137.03155583333333">
<ele>39</ele>
</trkpt>
<trkpt lat="34.58188222222222" lon="137.03165222222222">
<ele>39</ele>
</trkpt>
<trkpt lat="34.5818925" lon="137.0317486111111">
<ele>41</ele>
</trkpt>
<trkpt lat="34.58190277777778" lon="137.031845">
<ele>44</ele>
</trkpt>
<trkpt lat="34.58191305555555" lon="137.0319413888889">
<ele>45</ele>
</trkpt>
<trkpt lat="34.58192361111111" lon="137.03203805555555">
<ele>44</ele>
</trkpt>
<trkpt lat="34.58193388888889" lon="137.03213444444444">
<ele>44</ele>
</trkpt>
<trkpt lat="34.581944166666666" lon="137.03223083333333">
<ele>44</ele>
</trkpt>
<trkpt lat="34.58195444444444" lon="137.03232722222222">
<ele>44</ele>
</trkpt>
<trkpt lat="34.58195444444444" lon="137.03232722222222">
<ele>44</ele>
</trkpt>
<trkpt lat="34.58195166666667" lon="137.03238166666668">
<ele>45</ele>
</trkpt>
<trkpt lat="34.58194888888889" lon="137.0324361111111">
<ele>45</ele>
</trkpt>
<trkpt lat="34.58194611111111" lon="137.03249055555557">
<ele>45</ele>
</trkpt>
<trkpt lat="34.581943333333335" lon="137.032545">
<ele>45</ele>
</trkpt>
<trkpt lat="34.581940555555555" lon="137.03259944444446">
<ele>45</ele>
</trkpt>
<trkpt lat="34.581937777777775" lon="137.0326538888889">
<ele>45</ele>
</trkpt>
<trkpt lat="34.581935" lon="137.03270833333335">
<ele>45</ele>
</trkpt>
<trkpt lat="34.58193222222222" lon="137.03276277777778">
<ele>45</ele>
</trkpt>
<trkpt lat="34.58193027777778" lon="137.03280194444446">
<ele>45</ele>
</trkpt>
<trkpt lat="34.58193027777778" lon="137.03280194444446">
<ele>45</ele>
</trkpt>
<trkpt lat="34.581919444444445" lon="137.032855">
<ele>45</ele>
</trkpt>
<trkpt lat="34.58190861111111" lon="137.03290777777778">
<ele>45</ele>
</trkpt>
<trkpt lat="34.581897777777776" lon="137.03296083333333">
<ele>45</ele>
</trkpt>
<trkpt lat="34.58188722222222" lon="137.0330138888889">
<ele>43</ele>
</trkpt>
<trkpt lat="34.58187638888889" lon="137.03306666666666">
<ele>43</ele>
</trkpt>
<trkpt lat="34.58186555555555" lon="137.0331197222222">
<ele>43</ele>
</trkpt>
<trkpt lat="34.581854722222225" lon="137.03317277777776">
<ele>43</ele>
</trkpt>
<trkpt lat="34.58184388888889" lon="137.03322555555556">
<ele>43</ele>
</trkpt>
<trkpt lat="34.581833333333336" lon="137.03327861111111">
<ele>43</ele>
</trkpt>
<trkpt lat="34.5818225" lon="137.03333166666667">
<ele>43</ele>
</trkpt>
<trkpt lat="34.58181166666667" lon="137.03338444444444">
<ele>43</ele>
</trkpt>
<trkpt lat="34.58180083333333" lon="137.0334375">
<ele>43</ele>
</trkpt>
<trkpt lat="34.58179" lon="137.0334902777778">
<ele>44</ele>
</trkpt>
<trkpt lat="34.58177944444444" lon="137.03354333333334">
<ele>44</ele>
</trkpt>
<trkpt lat="34.58176861111111" lon="137.0335963888889">
<ele>42</ele>
</trkpt>
<trkpt lat="34.581757777777774" lon="137.03364916666666">
<ele>42</ele>
</trkpt>
<trkpt lat="34.58174694444445" lon="137.03370222222222">
<ele>43</ele>
</trkpt>
<trkpt lat="34.58173611111111" lon="137.03375527777777">
<ele>43</ele>
</trkpt>
<trkpt lat="34.58173138888889" lon="137.03377833333334">
<ele>43</ele>
</trkpt>
<trkpt lat="34.58173138888889" lon="137.03377833333334">
<ele>43</ele>
</trkpt>
<trkpt lat="34.58170972222222" lon="137.03382611111113">
<ele>43</ele>
</trkpt>
<trkpt lat="34.58168805555555" lon="137.03387361111112">
<ele>43</ele>
</trkpt>
<trkpt lat="34.58166611111111" lon="137.0339213888889">
<ele>44</ele>
</trkpt>
<trkpt lat="34.58164444444444" lon="137.03396916666668">
<ele>44</ele>
</trkpt>
<trkpt lat="34.58162277777778" lon="137.03401694444443">
<ele>42</ele>
</trkpt>
<trkpt lat="34.58160083333333" lon="137.03406444444445">
<ele>42</ele>
</trkpt>
<trkpt lat="34.581579166666664" lon="137.03411222222223">
<ele>43</ele>
</trkpt>
<trkpt lat="34.58155722222222" lon="137.03416">
<ele>43</ele>
</trkpt>
<trkpt lat="34.581539444444445" lon="137.03419944444445">
<ele>43</ele>
</trkpt>
<trkpt lat="34.581539444444445" lon="137.03419944444445">
<ele>43</ele>
</trkpt>
<trkpt lat="34.58150472222222" lon="137.03423416666666">
<ele>45</ele>
</trkpt>
<trkpt lat="34.58147" lon="137.0342688888889">
<ele>45</ele>
</trkpt>
<trkpt lat="34.58143527777778" lon="137.0343036111111">
<ele>43</ele>
</trkpt>
<trkpt lat="34.58140083333333" lon="137.03433805555557">
<ele>44</ele>
</trkpt>
<trkpt lat="34.58136611111111" lon="137.03437277777778">
<ele>44</ele>
</trkpt>
<trkpt lat="34.58133138888889" lon="137.0344075">
<ele>44</ele>
</trkpt>
<trkpt lat="34.58129666666667" lon="137.03444222222222">
<ele>44</ele>
</trkpt>
<trkpt lat="34.58126222222222" lon="137.03447694444444">
<ele>45</ele>
</trkpt>
<trkpt lat="34.5812275" lon="137.03451166666667">
<ele>45</ele>
</trkpt>
<trkpt lat="34.58119277777778" lon="137.03454638888888">
<ele>45</ele>
</trkpt>
<trkpt lat="34.58116166666667" lon="137.0345775">
<ele>52</ele>
</trkpt>
<trkpt lat="34.58116166666667" lon="137.0345775">
<ele>52</ele>
</trkpt>
<trkpt lat="34.58111861111111" lon="137.03460055555556">
<ele>52</ele>
</trkpt>
<trkpt lat="34.58107555555556" lon="137.0346236111111">
<ele>52</ele>
</trkpt>
<trkpt lat="34.5810325" lon="137.03464666666667">
<ele>52</ele>
</trkpt>
<trkpt lat="34.58098916666667" lon="137.03466972222222">
<ele>52</ele>
</trkpt>
<trkpt lat="34.58094611111111" lon="137.0346925">
<ele>53</ele>
</trkpt>
<trkpt lat="34.58090305555555" lon="137.03471555555555">
<ele>52</ele>
</trkpt>
<trkpt lat="34.58086" lon="137.03473861111112">
<ele>52</ele>
</trkpt>
<trkpt lat="34.580816666666664" lon="137.03476166666667">
<ele>52</ele>
</trkpt>
<trkpt lat="34.58077361111111" lon="137.0347847222222">
<ele>52</ele>
</trkpt>
<trkpt lat="34.580730555555554" lon="137.0348077777778">
<ele>53</ele>
</trkpt>
<trkpt lat="34.5806875" lon="137.03483055555554">
<ele>53</ele>
</trkpt>
<trkpt lat="34.580644444444445" lon="137.03485361111112">
<ele>53</ele>
</trkpt>
<trkpt lat="34.58060111111111" lon="137.03487666666666">
<ele>53</ele>
</trkpt>
<trkpt lat="34.58055805555556" lon="137.03489972222224">
<ele>53</ele>
</trkpt>
<trkpt lat="34.580515" lon="137.03492277777778">
<ele>53</ele>
</trkpt>
<trkpt lat="34.58047194444445" lon="137.03494583333332">
<ele>53</ele>
</trkpt>
<trkpt lat="34.58042861111111" lon="137.0349686111111">
<ele>53</ele>
</trkpt>
<trkpt lat="34.58038555555556" lon="137.03499166666666">
<ele>53</ele>
</trkpt>
<trkpt lat="34.5803425" lon="137.03501472222223">
<ele>53</ele>
</trkpt>
<trkpt lat="34.5803425" lon="137.03501472222223">
<ele>53</ele>
</trkpt>
<trkpt lat="34.5803425" lon="137.03501472222223">
<ele>53</ele>
</trkpt>
<trkpt lat="34.58029555555556" lon="137.0350525">
<ele>52</ele>
</trkpt>
<trkpt lat="34.58024888888889" lon="137.03509027777778">
<ele>52</ele>
</trkpt>
<trkpt lat="34.58020194444445" lon="137.03512777777777">
<ele>53</ele>
</trkpt>
<trkpt lat="34.580155" lon="137.03516555555555">
<ele>53</ele>
</trkpt>
<trkpt lat="34.580108333333335" lon="137.03520333333333">
<ele>52</ele>
</trkpt>
<trkpt lat="34.580061388888886" lon="137.03524083333335">
<ele>54</ele>
</trkpt>
<trkpt lat="34.580014444444444" lon="137.03527861111112">
<ele>54</ele>
</trkpt>
<trkpt lat="34.579967777777775" lon="137.0353163888889">
<ele>53</ele>
</trkpt>
<trkpt lat="34.57992083333333" lon="137.0353538888889">
<ele>57</ele>
</trkpt>
<trkpt lat="34.57987416666667" lon="137.03539166666667">
<ele>57</ele>
</trkpt>
<trkpt lat="34.57982722222222" lon="137.03542944444445">
<ele>57</ele>
</trkpt>
<trkpt lat="34.57978027777778" lon="137.03546694444444">
<ele>60</ele>
</trkpt>
<trkpt lat="34.57973361111111" lon="137.0355047222222">
<ele>61</ele>
</trkpt>
<trkpt lat="34.57968666666667" lon="137.0355425">
<ele>61</ele>
</trkpt>
<trkpt lat="34.579639722222225" lon="137.03558027777777">
<ele>62</ele>
</trkpt>
<trkpt lat="34.579593055555556" lon="137.0356177777778">
<ele>62</ele>
</trkpt>
<trkpt lat="34.579546111111114" lon="137.03565555555556">
<ele>60</ele>
</trkpt>
<trkpt lat="34.579499444444444" lon="137.03569333333334">
<ele>62</ele>
</trkpt>
<trkpt lat="34.5794525" lon="137.03573083333333">
<ele>62</ele>
</trkpt>
<trkpt lat="34.5794525" lon="137.03573083333333">
<ele>62</ele>
</trkpt>
<trkpt lat="34.579413055555555" lon="137.03575666666666">
<ele>60</ele>
</trkpt>
<trkpt lat="34.579373333333336" lon="137.0357825">
<ele>63</ele>
</trkpt>
<trkpt lat="34.57933388888889" lon="137.03580861111112">
<ele>63</ele>
</trkpt>
<trkpt lat="34.57929444444444" lon="137.03583444444445">
<ele>61</ele>
</trkpt>
<trkpt lat="34.579254722222224" lon="137.03586027777777">
<ele>61</ele>
</trkpt>
<trkpt lat="34.57921527777778" lon="137.03588611111113">
<ele>59</ele>
</trkpt>
<trkpt lat="34.57917555555556" lon="137.03591194444445">
<ele>62</ele>
</trkpt>
<trkpt lat="34.57913611111111" lon="137.03593777777778">
<ele>62</ele>
</trkpt>
<trkpt lat="34.579096666666665" lon="137.0359636111111">
<ele>61</ele>
</trkpt>
<trkpt lat="34.579056944444446" lon="137.03598944444445">
<ele>61</ele>
</trkpt>
<trkpt lat="34.5790175" lon="137.03601527777778">
<ele>63</ele>
</trkpt>
<trkpt lat="34.57899305555556" lon="137.0360313888889">
<ele>61</ele>
</trkpt>
<trkpt lat="34.57899305555556" lon="137.0360313888889">
<ele>61</ele>
</trkpt>
<trkpt lat="34.57897416666667" lon="137.03608083333333">
<ele>61</ele>
</trkpt>
<trkpt lat="34.57895527777778" lon="137.03613027777777">
<ele>62</ele>
</trkpt>
<trkpt lat="34.57893611111111" lon="137.03617972222222">
<ele>62</ele>
</trkpt>
<trkpt lat="34.57891722222222" lon="137.03622916666666">
<ele>63</ele>
</trkpt>
<trkpt lat="34.578898055555555" lon="137.0362786111111">
<ele>63</ele>
</trkpt>
<trkpt lat="34.57887916666667" lon="137.03632805555554">
<ele>61</ele>
</trkpt>
<trkpt lat="34.57886027777778" lon="137.03637722222223">
<ele>61</ele>
</trkpt>
<trkpt lat="34.57884111111111" lon="137.03642666666667">
<ele>61</ele>
</trkpt>
<trkpt lat="34.57883861111111" lon="137.0364336111111">
<ele>61</ele>
</trkpt>
<trkpt lat="34.57883861111111" lon="137.0364336111111">
<ele>61</ele>
</trkpt>
<trkpt lat="34.57884444444444" lon="137.03648777777778">
<ele>61</ele>
</trkpt>
<trkpt lat="34.57885" lon="137.03654194444445">
<ele>61</ele>
</trkpt>
<trkpt lat="34.578855833333336" lon="137.03659583333334">
<ele>61</ele>
</trkpt>
<trkpt lat="34.57886166666667" lon="137.03665">
<ele>60</ele>
</trkpt>
<trkpt lat="34.5788675" lon="137.03670416666668">
<ele>60</ele>
</trkpt>
<trkpt lat="34.578873333333334" lon="137.03675833333332">
<ele>60</ele>
</trkpt>
<trkpt lat="34.57887916666667" lon="137.0368122222222">
<ele>60</ele>
</trkpt>
<trkpt lat="34.57888277777778" lon="137.03684666666666">
<ele>60</ele>
</trkpt>
<trkpt lat="34.57888277777778" lon="137.03684666666666">
<ele>60</ele>
</trkpt>
<trkpt lat="34.5789075" lon="137.03689222222224">
<ele>60</ele>
</trkpt>
<trkpt lat="34.57893222222222" lon="137.03693777777778">
<ele>60</ele>
</trkpt>
<trkpt lat="34.57895666666667" lon="137.03698333333332">
<ele>60</ele>
</trkpt>
<trkpt lat="34.57898138888889" lon="137.0370288888889">
<ele>61</ele>
</trkpt>
<trkpt lat="34.57900611111111" lon="137.03707472222223">
<ele>61</ele>
</trkpt>
<trkpt lat="34.579030833333334" lon="137.03712027777777">
<ele>61</ele>
</trkpt>
<trkpt lat="34.57904388888889" lon="137.03714444444444">
<ele>60</ele>
</trkpt>
<trkpt lat="34.57904388888889" lon="137.03714444444444">
<ele>60</ele>
</trkpt>
<trkpt lat="34.57908416666667" lon="137.03716888888889">
<ele>62</ele>
</trkpt>
<trkpt lat="34.579124166666666" lon="137.03719333333333">
<ele>58</ele>
</trkpt>
<trkpt lat="34.579164444444444" lon="137.0372175">
<ele>58</ele>
</trkpt>
<trkpt lat="34.57917638888889" lon="137.037225">
<ele>58</ele>
</trkpt>
<trkpt lat="34.57917638888889" lon="137.037225">
<ele>58</ele>
</trkpt>
<trkpt lat="34.5792175" lon="137.03720305555555">
<ele>60</ele>
</trkpt>
<trkpt lat="34.57925888888889" lon="137.03718138888888">
<ele>56</ele>
</trkpt>
<trkpt lat="34.5793" lon="137.03715944444446">
<ele>56</ele>
</trkpt>
<trkpt lat="34.57934111111111" lon="137.0371377777778">
<ele>60</ele>
</trkpt>
<trkpt lat="34.57938222222222" lon="137.03711611111112">
<ele>63</ele>
</trkpt>
<trkpt lat="34.57942361111111" lon="137.03709416666666">
<ele>63</ele>
</trkpt>
<trkpt lat="34.57945027777778" lon="137.03708">
<ele>68</ele>
</trkpt>
<trkpt lat="34.57945027777778" lon="137.03708">
<ele>68</ele>
</trkpt>
<trkpt lat="34.5794925" lon="137.03709833333335">
<ele>68</ele>
</trkpt>
<trkpt lat="34.579535" lon="137.03711638888888">
<ele>66</ele>
</trkpt>
<trkpt lat="34.57957722222222" lon="137.03713472222222">
<ele>67</ele>
</trkpt>
<trkpt lat="34.57961972222222" lon="137.03715277777778">
<ele>67</ele>
</trkpt>
<trkpt lat="34.579661944444446" lon="137.03717083333333">
<ele>67</ele>
</trkpt>
<trkpt lat="34.579704444444445" lon="137.03718916666668">
<ele>67</ele>
</trkpt>
<trkpt lat="34.57974388888889" lon="137.03720611111112">
<ele>58</ele>
</trkpt>
<trkpt lat="34.57974388888889" lon="137.03720611111112">
<ele>58</ele>
</trkpt>
<trkpt lat="34.57977138888889" lon="137.03724944444446">
<ele>58</ele>
</trkpt>
<trkpt lat="34.57979861111111" lon="137.03729277777776">
<ele>58</ele>
</trkpt>
<trkpt lat="34.57982583333333" lon="137.0373361111111">
<ele>58</ele>
</trkpt>
<trkpt lat="34.57985305555555" lon="137.03737944444444">
<ele>59</ele>
</trkpt>
<trkpt lat="34.579880277777775" lon="137.03742305555556">
<ele>59</ele>
</trkpt>
<trkpt lat="34.5799075" lon="137.0374663888889">
<ele>58</ele>
</trkpt>
<trkpt lat="34.57993472222222" lon="137.0375097222222">
<ele>58</ele>
</trkpt>
<trkpt lat="34.57996194444444" lon="137.03755305555555">
<ele>58</ele>
</trkpt>
<trkpt lat="34.579989166666664" lon="137.0375963888889">
<ele>58</ele>
</trkpt>
<trkpt lat="34.580016666666666" lon="137.03763972222222">
<ele>58</ele>
</trkpt>
<trkpt lat="34.58004388888889" lon="137.03768305555556">
<ele>58</ele>
</trkpt>
<trkpt lat="34.58007111111111" lon="137.0377263888889">
<ele>58</ele>
</trkpt>
<trkpt lat="34.58009833333333" lon="137.0377697222222">
<ele>58</ele>
</trkpt>
<trkpt lat="34.580125555555554" lon="137.03781333333333">
<ele>58</ele>
</trkpt>
<trkpt lat="34.580152777777776" lon="137.03785666666667">
<ele>58</ele>
</trkpt>
<trkpt lat="34.58018" lon="137.0379">
<ele>58</ele>
</trkpt>
<trkpt lat="34.58018555555556" lon="137.0379088888889">
<ele>58</ele>
</trkpt>
<trkpt lat="34.58018555555556" lon="137.0379088888889">
<ele>58</ele>
</trkpt>
<trkpt lat="34.58021611111111" lon="137.03794888888888">
<ele>59</ele>
</trkpt>
<trkpt lat="34.58024666666667" lon="137.0379888888889">
<ele>58</ele>
</trkpt>
<trkpt lat="34.58027722222222" lon="137.0380288888889">
<ele>58</ele>
</trkpt>
<trkpt lat="34.580307777777776" lon="137.0380688888889">
<ele>58</ele>
</trkpt>
<trkpt lat="34.58033833333333" lon="137.0381088888889">
<ele>59</ele>
</trkpt>
<trkpt lat="34.58036888888889" lon="137.03814888888888">
<ele>58</ele>
</trkpt>
<trkpt lat="34.580399444444446" lon="137.0381888888889">
<ele>58</ele>
</trkpt>
<trkpt lat="34.58043" lon="137.03822888888888">
<ele>61</ele>
</trkpt>
<trkpt lat="34.580460555555554" lon="137.0382688888889">
<ele>59</ele>
</trkpt>
<trkpt lat="34.58049111111111" lon="137.03830888888888">
<ele>59</ele>
</trkpt>
<trkpt lat="34.58052166666667" lon="137.0383488888889">
<ele>58</ele>
</trkpt>
<trkpt lat="34.580551944444444" lon="137.03838888888887">
<ele>60</ele>
</trkpt>
<trkpt lat="34.5805825" lon="137.0384288888889">
<ele>60</ele>
</trkpt>
<trkpt lat="34.58061305555555" lon="137.0384688888889">
<ele>58</ele>
</trkpt>
<trkpt lat="34.58063388888889" lon="137.0384963888889">
<ele>59</ele>
</trkpt>
<trkpt lat="34.58063388888889" lon="137.0384963888889">
<ele>59</ele>
</trkpt>
<trkpt lat="34.58067444444445" lon="137.03852027777776">
<ele>65</ele>
</trkpt>
<trkpt lat="34.580714722222226" lon="137.03854416666667">
<ele>65</ele>
</trkpt>
<trkpt lat="34.580755" lon="137.03856805555554">
<ele>59</ele>
</trkpt>
<trkpt lat="34.580795555555554" lon="137.03859194444445">
<ele>65</ele>
</trkpt>
<trkpt lat="34.58083583333333" lon="137.03861583333332">
<ele>65</ele>
</trkpt>
<trkpt lat="34.58087611111111" lon="137.03863972222223">
<ele>65</ele>
</trkpt>
<trkpt lat="34.58091666666667" lon="137.0386636111111">
<ele>70</ele>
</trkpt>
<trkpt lat="34.580956944444445" lon="137.0386875">
<ele>62</ele>
</trkpt>
<trkpt lat="34.5809975" lon="137.03871138888888">
<ele>62</ele>
</trkpt>
<trkpt lat="34.58103777777778" lon="137.0387352777778">
<ele>67</ele>
</trkpt>
<trkpt lat="34.58107805555556" lon="137.03875916666667">
<ele>67</ele>
</trkpt>
<trkpt lat="34.58111861111111" lon="137.03878305555557">
<ele>63</ele>
</trkpt>
<trkpt lat="34.581158888888886" lon="137.03880694444445">
<ele>63</ele>
</trkpt>
<trkpt lat="34.581199166666664" lon="137.03883083333332">
<ele>63</ele>
</trkpt>
<trkpt lat="34.58123694444444" lon="137.03885305555556">
<ele>62</ele>
</trkpt>
<trkpt lat="34.58123694444444" lon="137.03885305555556">
<ele>62</ele>
</trkpt>
<trkpt lat="34.58127972222222" lon="137.03886944444446">
<ele>67</ele>
</trkpt>
<trkpt lat="34.5813225" lon="137.03888583333332">
<ele>67</ele>
</trkpt>
<trkpt lat="34.58136527777778" lon="137.03890222222222">
<ele>63</ele>
</trkpt>
<trkpt lat="34.581408333333336" lon="137.03891861111111">
<ele>63</ele>
</trkpt>
<trkpt lat="34.581451111111114" lon="137.038935">
<ele>63</ele>
</trkpt>
<trkpt lat="34.581493888888886" lon="137.03895138888888">
<ele>64</ele>
</trkpt>
<trkpt lat="34.581536666666665" lon="137.03896777777777">
<ele>64</ele>
</trkpt>
<trkpt lat="34.581559166666665" lon="137.0389763888889">
<ele>64</ele>
</trkpt>
<trkpt lat="34.581559166666665" lon="137.0389763888889">
<ele>64</ele>
</trkpt>
<trkpt lat="34.581603888888885" lon="137.03898194444446">
<ele>61</ele>
</trkpt>
<trkpt lat="34.58164861111111" lon="137.03898722222223">
<ele>57</ele>
</trkpt>
<trkpt lat="34.581693333333334" lon="137.03899277777776">
<ele>57</ele>
</trkpt>
<trkpt lat="34.581738055555554" lon="137.03899805555557">
<ele>57</ele>
</trkpt>
<trkpt lat="34.581782777777775" lon="137.0390036111111">
<ele>58</ele>
</trkpt>
<trkpt lat="34.5818275" lon="137.0390088888889">
<ele>58</ele>
</trkpt>
<trkpt lat="34.58187222222222" lon="137.03901444444443">
<ele>59</ele>
</trkpt>
<trkpt lat="34.581916666666665" lon="137.03901972222224">
<ele>59</ele>
</trkpt>
<trkpt lat="34.58196138888889" lon="137.03902527777777">
<ele>59</ele>
</trkpt>
<trkpt lat="34.58200611111111" lon="137.03903055555554">
<ele>59</ele>
</trkpt>
<trkpt lat="34.582045" lon="137.03903527777777">
<ele>59</ele>
</trkpt>
<trkpt lat="34.582045" lon="137.03903527777777">
<ele>59</ele>
</trkpt>
<trkpt lat="34.58208361111111" lon="137.03906305555554">
<ele>59</ele>
</trkpt>
<trkpt lat="34.5821225" lon="137.03909083333335">
<ele>62</ele>
</trkpt>
<trkpt lat="34.58216111111111" lon="137.03911861111112">
<ele>58</ele>
</trkpt>
<trkpt lat="34.58219972222222" lon="137.0391463888889">
<ele>58</ele>
</trkpt>
<trkpt lat="34.582238333333336" lon="137.03917416666667">
<ele>62</ele>
</trkpt>
<trkpt lat="34.582277222222224" lon="137.03920194444444">
<ele>62</ele>
</trkpt>
<trkpt lat="34.58231583333333" lon="137.03922972222222">
<ele>58</ele>
</trkpt>
<trkpt lat="34.58235444444445" lon="137.0392575">
<ele>61</ele>
</trkpt>
<trkpt lat="34.582393055555556" lon="137.03928527777776">
<ele>61</ele>
</trkpt>
<trkpt lat="34.582431666666665" lon="137.03931305555557">
<ele>61</ele>
</trkpt>
<trkpt lat="34.582433611111114" lon="137.03931444444444">
<ele>61</ele>
</trkpt>
<trkpt lat="34.582433611111114" lon="137.03931444444444">
<ele>61</ele>
</trkpt>
<trkpt lat="34.5824725" lon="137.03934194444443">
<ele>61</ele>
</trkpt>
<trkpt lat="34.58251111111111" lon="137.03936972222223">
<ele>61</ele>
</trkpt>
<trkpt lat="34.582549722222225" lon="137.0393975">
<ele>61</ele>
</trkpt>
<trkpt lat="34.58258861111111" lon="137.039425">
<ele>61</ele>
</trkpt>
<trkpt lat="34.58262722222222" lon="137.03945277777777">
<ele>61</ele>
</trkpt>
<trkpt lat="34.58266583333333" lon="137.03948055555554">
<ele>64</ele>
</trkpt>
<trkpt lat="34.582704722222225" lon="137.03950805555556">
<ele>60</ele>
</trkpt>
<trkpt lat="34.58274333333333" lon="137.03953583333333">
<ele>60</ele>
</trkpt>
<trkpt lat="34.58275611111111" lon="137.039545">
<ele>60</ele>
</trkpt>
<trkpt lat="34.58275611111111" lon="137.039545">
<ele>60</ele>
</trkpt>
<trkpt lat="34.58279972222222" lon="137.03953194444443">
<ele>60</ele>
</trkpt>
<trkpt lat="34.58284333333334" lon="137.0395188888889">
<ele>60</ele>
</trkpt>
<trkpt lat="34.582886944444446" lon="137.03950583333332">
<ele>60</ele>
</trkpt>
<trkpt lat="34.582930555555556" lon="137.03949305555557">
<ele>60</ele>
</trkpt>
<trkpt lat="34.582974166666666" lon="137.03948">
<ele>59</ele>
</trkpt>
<trkpt lat="34.583017777777776" lon="137.03946694444446">
<ele>59</ele>
</trkpt>
<trkpt lat="34.583061388888886" lon="137.0394538888889">
<ele>59</ele>
</trkpt>
<trkpt lat="34.583105" lon="137.03944083333334">
<ele>58</ele>
</trkpt>
<trkpt lat="34.5831425" lon="137.03942972222222">
<ele>58</ele>
</trkpt>
<trkpt lat="34.5831425" lon="137.03942972222222">
<ele>58</ele>
</trkpt>
<trkpt lat="34.58318083333333" lon="137.03940083333333">
<ele>51</ele>
</trkpt>
<trkpt lat="34.58321888888889" lon="137.03937194444444">
<ele>51</ele>
</trkpt>
<trkpt lat="34.58325694444444" lon="137.03934305555555">
<ele>51</ele>
</trkpt>
<trkpt lat="34.583295" lon="137.03931444444444">
<ele>47</ele>
</trkpt>
<trkpt lat="34.583333333333336" lon="137.03928555555555">
<ele>47</ele>
</trkpt>
<trkpt lat="34.58337138888889" lon="137.03925666666666">
<ele>47</ele>
</trkpt>
<trkpt lat="34.58340944444444" lon="137.03922777777777">
<ele>47</ele>
</trkpt>
<trkpt lat="34.58344777777778" lon="137.03919916666666">
<ele>47</ele>
</trkpt>
<trkpt lat="34.583485833333334" lon="137.03917027777777">
<ele>47</ele>
</trkpt>
<trkpt lat="34.58352388888889" lon="137.03914138888888">
<ele>47</ele>
</trkpt>
<trkpt lat="34.58356194444445" lon="137.0391125">
<ele>47</ele>
</trkpt>
<trkpt lat="34.583575555555555" lon="137.0391025">
<ele>47</ele>
</trkpt>
<trkpt lat="34.583575555555555" lon="137.0391025">
<ele>47</ele>
</trkpt>
<trkpt lat="34.5836125" lon="137.03907194444446">
<ele>47</ele>
</trkpt>
<trkpt lat="34.58364972222222" lon="137.03904138888888">
<ele>47</ele>
</trkpt>
<trkpt lat="34.583686944444445" lon="137.03901083333332">
<ele>44</ele>
</trkpt>
<trkpt lat="34.58372416666667" lon="137.03898">
<ele>45</ele>
</trkpt>
<trkpt lat="34.58376138888889" lon="137.03894944444446">
<ele>45</ele>
</trkpt>
<trkpt lat="34.583794166666664" lon="137.03892277777777">
<ele>42</ele>
</trkpt>
<trkpt lat="34.583794166666664" lon="137.03892277777777">
<ele>42</ele>
</trkpt>
<trkpt lat="34.58378777777778" lon="137.0388686111111">
<ele>42</ele>
</trkpt>
<trkpt lat="34.58378166666667" lon="137.0388147222222">
<ele>42</ele>
</trkpt>
<trkpt lat="34.583775277777775" lon="137.03876055555557">
<ele>42</ele>
</trkpt>
<trkpt lat="34.58376916666667" lon="137.03870666666666">
<ele>45</ele>
</trkpt>
<trkpt lat="34.58376527777778" lon="137.03867333333332">
<ele>45</ele>
</trkpt>
<trkpt lat="34.58376527777778" lon="137.03867333333332">
<ele>45</ele>
</trkpt>
<trkpt lat="34.58374166666667" lon="137.03862694444445">
<ele>44</ele>
</trkpt>
<trkpt lat="34.58371833333333" lon="137.03858027777778">
<ele>44</ele>
</trkpt>
<trkpt lat="34.58369472222222" lon="137.03853388888888">
<ele>44</ele>
</trkpt>
<trkpt lat="34.58367111111111" lon="137.0384875">
<ele>44</ele>
</trkpt>
<trkpt lat="34.5836475" lon="137.0384411111111">
<ele>46</ele>
</trkpt>
<trkpt lat="34.58362416666667" lon="137.03839444444444">
<ele>46</ele>
</trkpt>
<trkpt lat="34.583600555555556" lon="137.03834805555556">
<ele>46</ele>
</trkpt>
<trkpt lat="34.58358861111111" lon="137.03832472222223">
<ele>45</ele>
</trkpt>
<trkpt lat="34.58358861111111" lon="137.03832472222223">
<ele>45</ele>
</trkpt>
<trkpt lat="34.583618888888886" lon="137.03828416666667">
<ele>45</ele>
</trkpt>
<trkpt lat="34.58364916666667" lon="137.0382438888889">
<ele>45</ele>
</trkpt>
<trkpt lat="34.58367694444444" lon="137.03820666666667">
<ele>40</ele>
</trkpt>
<trkpt lat="34.58367694444444" lon="137.03820666666667">
<ele>40</ele>
</trkpt>
<trkpt lat="34.58369888888889" lon="137.03825416666666">
<ele>41</ele>
</trkpt>
<trkpt lat="34.58372111111111" lon="137.03830166666665">
<ele>41</ele>
</trkpt>
<trkpt lat="34.58374305555556" lon="137.03834916666668">
<ele>43</ele>
</trkpt>
<trkpt lat="34.583765" lon="137.03839694444446">
<ele>43</ele>
</trkpt>
<trkpt lat="34.58378694444445" lon="137.03844444444445">
<ele>40</ele>
</trkpt>
<trkpt lat="34.58380888888889" lon="137.03849194444444">
<ele>41</ele>
</trkpt>
<trkpt lat="34.58383083333333" lon="137.03853944444444">
<ele>41</ele>
</trkpt>
<trkpt lat="34.58385305555556" lon="137.03858722222222">
<ele>42</ele>
</trkpt>
<trkpt lat="34.58385805555555" lon="137.03859805555555">
<ele>42</ele>
</trkpt>
<trkpt lat="34.58385805555555" lon="137.03859805555555">
<ele>42</ele>
</trkpt>
<trkpt lat="34.583869444444446" lon="137.03865083333332">
<ele>42</ele>
</trkpt>
<trkpt lat="34.58388083333333" lon="137.03870361111112">
<ele>42</ele>
</trkpt>
<trkpt lat="34.5838925" lon="137.03875638888888">
<ele>39</ele>
</trkpt>
<trkpt lat="34.58390388888889" lon="137.03880916666665">
<ele>39</ele>
</trkpt>
<trkpt lat="34.58391527777778" lon="137.03886194444445">
<ele>39</ele>
</trkpt>
<trkpt lat="34.58392444444444" lon="137.03890388888888">
<ele>39</ele>
</trkpt>
<trkpt lat="34.58392444444444" lon="137.03890388888888">
<ele>39</ele>
</trkpt>
<trkpt lat="34.583911388888886" lon="137.0389561111111">
<ele>39</ele>
</trkpt>
<trkpt lat="34.58389861111111" lon="137.03900861111111">
<ele>38</ele>
</trkpt>
<trkpt lat="34.58388583333333" lon="137.03906083333334">
<ele>41</ele>
</trkpt>
<trkpt lat="34.58387361111111" lon="137.03911055555557">
<ele>41</ele>
</trkpt>
<trkpt lat="34.58387361111111" lon="137.03911055555557">
<ele>41</ele>
</trkpt>
<trkpt lat="34.58384777777778" lon="137.03915527777778">
<ele>40</ele>
</trkpt>
<trkpt lat="34.583821944444445" lon="137.0392">
<ele>40</ele>
</trkpt>
<trkpt lat="34.58379638888889" lon="137.03924444444445">
<ele>39</ele>
</trkpt>
<trkpt lat="34.58377055555555" lon="137.03928916666666">
<ele>42</ele>
</trkpt>
<trkpt lat="34.58374472222222" lon="137.03933388888888">
<ele>41</ele>
</trkpt>
<trkpt lat="34.58371888888889" lon="137.03937861111112">
<ele>41</ele>
</trkpt>
<trkpt lat="34.58371888888889" lon="137.03937861111112">
<ele>43</ele>
</trkpt>
<trkpt lat="34.58371888888889" lon="137.03937861111112">
<ele>43</ele>
</trkpt>
<trkpt lat="34.58372638888889" lon="137.0394325">
<ele>43</ele>
</trkpt>
<trkpt lat="34.58373388888889" lon="137.0394863888889">
<ele>40</ele>
</trkpt>
<trkpt lat="34.58374138888889" lon="137.03954">
<ele>40</ele>
</trkpt>
<trkpt lat="34.58374888888889" lon="137.0395938888889">
<ele>41</ele>
</trkpt>
<trkpt lat="34.58375638888889" lon="137.0396477777778">
<ele>41</ele>
</trkpt>
<trkpt lat="34.58376388888889" lon="137.0397013888889">
<ele>40</ele>
</trkpt>
<trkpt lat="34.58377138888889" lon="137.03975527777777">
<ele>40</ele>
</trkpt>
<trkpt lat="34.583778611111114" lon="137.03980916666666">
<ele>40</ele>
</trkpt>
<trkpt lat="34.58378611111111" lon="137.03986277777778">
<ele>40</ele>
</trkpt>
<trkpt lat="34.58379361111111" lon="137.03991666666667">
<ele>40</ele>
</trkpt>
<trkpt lat="34.583801111111114" lon="137.03997055555556">
<ele>40</ele>
</trkpt>
<trkpt lat="34.58380861111111" lon="137.04002416666665">
<ele>40</ele>
</trkpt>
<trkpt lat="34.58380944444445" lon="137.04003055555555">
<ele>40</ele>
</trkpt>
<trkpt lat="34.58380944444445" lon="137.04003055555555">
<ele>40</ele>
</trkpt>
<trkpt lat="34.58382527777778" lon="137.0400813888889">
<ele>40</ele>
</trkpt>
<trkpt lat="34.58384138888889" lon="137.0401325">
<ele>39</ele>
</trkpt>
<trkpt lat="34.58385722222222" lon="137.0401836111111">
<ele>39</ele>
</trkpt>
<trkpt lat="34.58387305555556" lon="137.0402347222222">
<ele>39</ele>
</trkpt>
<trkpt lat="34.583888888888886" lon="137.04028555555556">
<ele>37</ele>
</trkpt>
<trkpt lat="34.58390472222222" lon="137.04033666666666">
<ele>38</ele>
</trkpt>
<trkpt lat="34.58392083333333" lon="137.04038777777777">
<ele>38</ele>
</trkpt>
<trkpt lat="34.583936666666666" lon="137.0404386111111">
<ele>38</ele>
</trkpt>
<trkpt lat="34.5839525" lon="137.04048972222222">
<ele>38</ele>
</trkpt>
<trkpt lat="34.58396833333333" lon="137.04054083333332">
<ele>38</ele>
</trkpt>
<trkpt lat="34.58397083333333" lon="137.04054805555555">
<ele>37</ele>
</trkpt>
<trkpt lat="34.58397083333333" lon="137.04054805555555">
<ele>37</ele>
</trkpt>
<trkpt lat="34.58396444444445" lon="137.04060222222222">
<ele>38</ele>
</trkpt>
<trkpt lat="34.583958333333335" lon="137.0406561111111">
<ele>38</ele>
</trkpt>
<trkpt lat="34.58395222222222" lon="137.04071027777778">
<ele>38</ele>
</trkpt>
<trkpt lat="34.58394861111111" lon="137.04074138888888">
<ele>37</ele>
</trkpt>
<trkpt lat="34.58394861111111" lon="137.04074138888888">
<ele>37</ele>
</trkpt>
<trkpt lat="34.583912222222224" lon="137.04077305555555">
<ele>37</ele>
</trkpt>
<trkpt lat="34.58387583333333" lon="137.040805">
<ele>36</ele>
</trkpt>
<trkpt lat="34.58383944444444" lon="137.04083694444444">
<ele>36</ele>
</trkpt>
<trkpt lat="34.58380277777778" lon="137.0408688888889">
<ele>36</ele>
</trkpt>
<trkpt lat="34.58376638888889" lon="137.04090083333332">
<ele>35</ele>
</trkpt>
<trkpt lat="34.58375861111111" lon="137.0409075">
<ele>35</ele>
</trkpt>
<trkpt lat="34.58375861111111" lon="137.0409075">
<ele>35</ele>
</trkpt>
<trkpt lat="34.583714722222226" lon="137.04089666666667">
<ele>35</ele>
</trkpt>
<trkpt lat="34.583670833333336" lon="137.04088583333333">
<ele>35</ele>
</trkpt>
<trkpt lat="34.58362666666667" lon="137.0408747222222">
<ele>37</ele>
</trkpt>
<trkpt lat="34.58358277777778" lon="137.04086388888888">
<ele>37</ele>
</trkpt>
<trkpt lat="34.58356444444444" lon="137.04085916666668">
<ele>37</ele>
</trkpt>
<trkpt lat="34.58356444444444" lon="137.04085916666668">
<ele>37</ele>
</trkpt>
<trkpt lat="34.583525" lon="137.04083333333332">
<ele>37</ele>
</trkpt>
<trkpt lat="34.583485555555555" lon="137.0408072222222">
<ele>37</ele>
</trkpt>
<trkpt lat="34.58344611111111" lon="137.0407811111111">
<ele>37</ele>
</trkpt>
<trkpt lat="34.58340666666667" lon="137.040755">
<ele>39</ele>
</trkpt>
<trkpt lat="34.58336722222222" lon="137.04072888888888">
<ele>39</ele>
</trkpt>
<trkpt lat="34.5833275" lon="137.04070277777777">
<ele>38</ele>
</trkpt>
<trkpt lat="34.5833125" lon="137.04069305555555">
<ele>39</ele>
</trkpt>
<trkpt lat="34.5833125" lon="137.04069305555555">
<ele>39</ele>
</trkpt>
<trkpt lat="34.58327277777778" lon="137.04066777777777">
<ele>39</ele>
</trkpt>
<trkpt lat="34.58323305555555" lon="137.0406425">
<ele>38</ele>
</trkpt>
<trkpt lat="34.583193055555554" lon="137.0406175">
<ele>38</ele>
</trkpt>
<trkpt lat="34.583153333333335" lon="137.04059222222222">
<ele>39</ele>
</trkpt>
<trkpt lat="34.58311333333333" lon="137.04056694444444">
<ele>38</ele>
</trkpt>
<trkpt lat="34.58307361111111" lon="137.04054194444444">
<ele>38</ele>
</trkpt>
<trkpt lat="34.58303361111111" lon="137.04051666666666">
<ele>38</ele>
</trkpt>
<trkpt lat="34.582993888888886" lon="137.04049166666667">
<ele>38</ele>
</trkpt>
<trkpt lat="34.58295416666667" lon="137.0404663888889">
<ele>38</ele>
</trkpt>
<trkpt lat="34.58291416666667" lon="137.0404411111111">
<ele>38</ele>
</trkpt>
<trkpt lat="34.58287444444444" lon="137.0404161111111">
<ele>38</ele>
</trkpt>
<trkpt lat="34.582834444444444" lon="137.04039083333333">
<ele>38</ele>
</trkpt>
<trkpt lat="34.58282472222222" lon="137.04038444444444">
<ele>38</ele>
</trkpt>
<trkpt lat="34.58282472222222" lon="137.04038444444444">
<ele>38</ele>
</trkpt>
<trkpt lat="34.58276583333333" lon="137.04041444444445">
<ele>29</ele>
</trkpt>
<trkpt lat="34.582706944444446" lon="137.04044444444443">
<ele>29</ele>
</trkpt>
<trkpt lat="34.58264805555556" lon="137.04047444444444">
<ele>29</ele>
</trkpt>
<trkpt lat="34.582589444444444" lon="137.04050416666666">
<ele>28</ele>
</trkpt>
<trkpt lat="34.58253055555556" lon="137.04053416666667">
<ele>28</ele>
</trkpt>
<trkpt lat="34.58247166666666" lon="137.04056416666666">
<ele>28</ele>
</trkpt>
<trkpt lat="34.582413055555556" lon="137.04059416666666">
<ele>27</ele>
</trkpt>
<trkpt lat="34.58235416666667" lon="137.0406238888889">
<ele>27</ele>
</trkpt>
<trkpt lat="34.582295277777774" lon="137.0406538888889">
<ele>27</ele>
</trkpt>
<trkpt lat="34.58223638888889" lon="137.04068388888888">
<ele>27</ele>
</trkpt>
<trkpt lat="34.58217777777778" lon="137.0407136111111">
<ele>27</ele>
</trkpt>
<trkpt lat="34.582118888888886" lon="137.0407436111111">
<ele>27</ele>
</trkpt>
<trkpt lat="34.58206" lon="137.04077361111112">
<ele>27</ele>
</trkpt>
<trkpt lat="34.58200138888889" lon="137.0408036111111">
<ele>27</ele>
</trkpt>
<trkpt lat="34.5819425" lon="137.04083333333332">
<ele>27</ele>
</trkpt>
<trkpt lat="34.58188361111111" lon="137.04086333333333">
<ele>27</ele>
</trkpt>
<trkpt lat="34.58182472222222" lon="137.04089333333334">
<ele>27</ele>
</trkpt>
<trkpt lat="34.58176611111111" lon="137.04092333333332">
<ele>27</ele>
</trkpt>
<trkpt lat="34.58170722222222" lon="137.04095305555555">
<ele>27</ele>
</trkpt>
<trkpt lat="34.58170722222222" lon="137.04095305555555">
<ele>27</ele>
</trkpt>
<trkpt lat="34.5816725" lon="137.0409877777778">
<ele>27</ele>
</trkpt>
<trkpt lat="34.58163777777778" lon="137.0410225">
<ele>26</ele>
</trkpt>
<trkpt lat="34.581603055555554" lon="137.04105694444445">
<ele>26</ele>
</trkpt>
<trkpt lat="34.58156833333334" lon="137.04109166666666">
<ele>26</ele>
</trkpt>
<trkpt lat="34.58153361111111" lon="137.0411263888889">
<ele>25</ele>
</trkpt>
<trkpt lat="34.58149888888889" lon="137.04116083333332">
<ele>25</ele>
</trkpt>
<trkpt lat="34.58146416666666" lon="137.04119555555556">
<ele>25</ele>
</trkpt>
<trkpt lat="34.581429444444446" lon="137.04123027777777">
<ele>23</ele>
</trkpt>
<trkpt lat="34.58139472222222" lon="137.04126472222222">
<ele>23</ele>
</trkpt>
<trkpt lat="34.58136" lon="137.04129944444443">
<ele>23</ele>
</trkpt>
<trkpt lat="34.58132527777778" lon="137.0413338888889">
<ele>20</ele>
</trkpt>
<trkpt lat="34.581311944444444" lon="137.0413475">
<ele>23</ele>
</trkpt>
<trkpt lat="34.581311944444444" lon="137.0413475">
<ele>23</ele>
</trkpt>
<trkpt lat="34.581268333333334" lon="137.04136">
<ele>20</ele>
</trkpt>
<trkpt lat="34.581224444444445" lon="137.0413725">
<ele>20</ele>
</trkpt>
<trkpt lat="34.581180833333335" lon="137.041385">
<ele>20</ele>
</trkpt>
<trkpt lat="34.581136944444445" lon="137.04139777777777">
<ele>20</ele>
</trkpt>
<trkpt lat="34.581093333333335" lon="137.04141027777777">
<ele>20</ele>
</trkpt>
<trkpt lat="34.581049722222225" lon="137.04142277777777">
<ele>20</ele>
</trkpt>
<trkpt lat="34.581005833333336" lon="137.04143527777777">
<ele>20</ele>
</trkpt>
<trkpt lat="34.58096222222222" lon="137.0414477777778">
<ele>20</ele>
</trkpt>
<trkpt lat="34.5809475" lon="137.04145194444445">
<ele>20</ele>
</trkpt>
<trkpt lat="34.5809475" lon="137.04145194444445">
<ele>20</ele>
</trkpt>
<trkpt lat="34.58090722222222" lon="137.0414761111111">
<ele>19</ele>
</trkpt>
<trkpt lat="34.580866944444445" lon="137.0415">
<ele>19</ele>
</trkpt>
<trkpt lat="34.58082666666667" lon="137.04152416666668">
<ele>19</ele>
</trkpt>
<trkpt lat="34.58078611111111" lon="137.04154805555555">
<ele>19</ele>
</trkpt>
<trkpt lat="34.58074583333333" lon="137.04157222222221">
<ele>17</ele>
</trkpt>
<trkpt lat="34.580713333333335" lon="137.04159166666668">
<ele>16</ele>
</trkpt>
<trkpt lat="34.580713333333335" lon="137.04159166666668">
<ele>16</ele>
</trkpt>
<trkpt lat="34.58067027777778" lon="137.04160638888888">
<ele>13</ele>
</trkpt>
<trkpt lat="34.58062694444445" lon="137.0416211111111">
<ele>13</ele>
</trkpt>
<trkpt lat="34.58058361111111" lon="137.04163583333334">
<ele>11</ele>
</trkpt>
<trkpt lat="34.58054055555556" lon="137.04165055555555">
<ele>8</ele>
</trkpt>
<trkpt lat="34.58049722222222" lon="137.04166527777778">
<ele>8</ele>
</trkpt>
<trkpt lat="34.58045388888889" lon="137.04168">
<ele>8</ele>
</trkpt>
<trkpt lat="34.58041083333333" lon="137.04169472222222">
<ele>8</ele>
</trkpt>
<trkpt lat="34.5803675" lon="137.04170944444445">
<ele>8</ele>
</trkpt>
<trkpt lat="34.580351388888886" lon="137.041715">
<ele>8</ele>
</trkpt>
<trkpt lat="34.580351388888886" lon="137.041715">
<ele>8</ele>
</trkpt>
<trkpt lat="34.58043388888889" lon="137.0420413888889">
<ele>7</ele>
</trkpt>
<trkpt lat="34.58051666666667" lon="137.04236805555556">
<ele>7</ele>
</trkpt>
<trkpt lat="34.580599166666666" lon="137.04269444444444">
<ele>8</ele>
</trkpt>
<trkpt lat="34.58068194444444" lon="137.0430211111111">
<ele>8</ele>
</trkpt>
<trkpt lat="34.58076444444445" lon="137.0433475">
<ele>8</ele>
</trkpt>
<trkpt lat="34.580847222222225" lon="137.04367416666668">
<ele>10</ele>
</trkpt>
<trkpt lat="34.58092972222222" lon="137.04400055555556">
<ele>11</ele>
</trkpt>
<trkpt lat="34.5810125" lon="137.04432722222222">
<ele>10</ele>
</trkpt>
<trkpt lat="34.581095" lon="137.0446536111111">
<ele>10</ele>
</trkpt>
<trkpt lat="34.581177777777775" lon="137.04498027777777">
<ele>10</ele>
</trkpt>
<trkpt lat="34.58126027777778" lon="137.04530666666668">
<ele>10</ele>
</trkpt>
<trkpt lat="34.58134305555556" lon="137.04563333333334">
<ele>10</ele>
</trkpt>
<trkpt lat="34.581425555555555" lon="137.04595972222222">
<ele>10</ele>
</trkpt>
<trkpt lat="34.58150833333333" lon="137.0462861111111">
<ele>10</ele>
</trkpt>
<trkpt lat="34.58159083333334" lon="137.04661277777777">
<ele>10</ele>
</trkpt>
<trkpt lat="34.581673611111114" lon="137.04693916666668">
<ele>10</ele>
</trkpt>
<trkpt lat="34.58175611111111" lon="137.04726583333334">
<ele>10</ele>
</trkpt>
<trkpt lat="34.58183888888889" lon="137.04759222222222">
<ele>10</ele>
</trkpt>
<trkpt lat="34.58192138888889" lon="137.0479188888889">
<ele>10</ele>
</trkpt>
<trkpt lat="34.58192138888889" lon="137.0479188888889">
<ele>10</ele>
</trkpt>
<trkpt lat="34.58193694444444" lon="137.04797">
<ele>10</ele>
</trkpt>
<trkpt lat="34.5819525" lon="137.0480211111111">
<ele>10</ele>
</trkpt>
<trkpt lat="34.581968055555556" lon="137.0480725">
<ele>10</ele>
</trkpt>
<trkpt lat="34.58198361111111" lon="137.04812361111112">
<ele>10</ele>
</trkpt>
<trkpt lat="34.58199916666667" lon="137.04817472222223">
<ele>10</ele>
</trkpt>
<trkpt lat="34.58201444444445" lon="137.04822611111112">
<ele>10</ele>
</trkpt>
<trkpt lat="34.58203" lon="137.04827722222223">
<ele>10</ele>
</trkpt>
<trkpt lat="34.58204555555555" lon="137.04832833333333">
<ele>10</ele>
</trkpt>
<trkpt lat="34.58206111111111" lon="137.04837972222222">
<ele>10</ele>
</trkpt>
<trkpt lat="34.582076666666666" lon="137.04843083333333">
<ele>10</ele>
</trkpt>
<trkpt lat="34.58209222222222" lon="137.04848194444443">
<ele>8</ele>
</trkpt>
<trkpt lat="34.58210777777778" lon="137.04853305555557">
<ele>8</ele>
</trkpt>
<trkpt lat="34.582123333333335" lon="137.04858444444446">
<ele>7</ele>
</trkpt>
<trkpt lat="34.58213888888889" lon="137.04863555555556">
<ele>7</ele>
</trkpt>
<trkpt lat="34.58215444444444" lon="137.04868666666667">
<ele>6</ele>
</trkpt>
<trkpt lat="34.58216861111111" lon="137.04873416666666">
<ele>10</ele>
</trkpt>
<trkpt lat="34.58216861111111" lon="137.04873416666666">
<ele>10</ele>
</trkpt>
<trkpt lat="34.58215166666667" lon="137.04878472222222">
<ele>10</ele>
</trkpt>
<trkpt lat="34.58213444444444" lon="137.048835">
<ele>10</ele>
</trkpt>
<trkpt lat="34.58213111111111" lon="137.04884416666667">
<ele>5</ele>
</trkpt>
<trkpt lat="34.58213111111111" lon="137.04884416666667">
<ele>5</ele>
</trkpt>
<trkpt lat="34.582163055555554" lon="137.04898083333333">
<ele>6</ele>
</trkpt>
<trkpt lat="34.582195" lon="137.0491175">
<ele>7</ele>
</trkpt>
<trkpt lat="34.582226666666664" lon="137.04925416666666">
<ele>9</ele>
</trkpt>
<trkpt lat="34.58225861111111" lon="137.04939083333332">
<ele>9</ele>
</trkpt>
<trkpt lat="34.58229055555555" lon="137.0495275">
<ele>8</ele>
</trkpt>
<trkpt lat="34.582322222222224" lon="137.04966416666667">
<ele>8</ele>
</trkpt>
<trkpt lat="34.58235416666667" lon="137.04980083333334">
<ele>10</ele>
</trkpt>
<trkpt lat="34.58238583333333" lon="137.0499375">
<ele>10</ele>
</trkpt>
<trkpt lat="34.58241777777778" lon="137.05007416666666">
<ele>10</ele>
</trkpt>
<trkpt lat="34.58244972222222" lon="137.05021083333332">
<ele>10</ele>
</trkpt>
<trkpt lat="34.58248138888889" lon="137.0503475">
<ele>10</ele>
</trkpt>
<trkpt lat="34.58251333333333" lon="137.05048416666668">
<ele>10</ele>
</trkpt>
<trkpt lat="34.582545277777776" lon="137.05062083333334">
<ele>10</ele>
</trkpt>
<trkpt lat="34.58257694444445" lon="137.05075722222222">
<ele>10</ele>
</trkpt>
<trkpt lat="34.58260888888889" lon="137.05089388888888">
<ele>10</ele>
</trkpt>
<trkpt lat="34.582640833333336" lon="137.05103055555554">
<ele>10</ele>
</trkpt>
<trkpt lat="34.5826725" lon="137.05116722222223">
<ele>10</ele>
</trkpt>
<trkpt lat="34.582704444444445" lon="137.0513038888889">
<ele>10</ele>
</trkpt>
<trkpt lat="34.58273638888889" lon="137.05144055555556">
<ele>10</ele>
</trkpt>
<trkpt lat="34.582768055555555" lon="137.05157722222222">
<ele>10</ele>
</trkpt>
<trkpt lat="34.5828" lon="137.05171388888888">
<ele>10</ele>
</trkpt>
<trkpt lat="34.58283194444444" lon="137.05185055555555">
<ele>10</ele>
</trkpt>
<trkpt lat="34.58286361111111" lon="137.0519872222222">
<ele>10</ele>
</trkpt>
<trkpt lat="34.58289555555555" lon="137.0521238888889">
<ele>10</ele>
</trkpt>
<trkpt lat="34.582927222222224" lon="137.05226055555556">
<ele>10</ele>
</trkpt>
<trkpt lat="34.58295916666667" lon="137.05239722222223">
<ele>10</ele>
</trkpt>
<trkpt lat="34.58299111111111" lon="137.0525338888889">
<ele>10</ele>
</trkpt>
<trkpt lat="34.58302277777778" lon="137.05267055555555">
<ele>10</ele>
</trkpt>
<trkpt lat="34.58305472222222" lon="137.0528072222222">
<ele>10</ele>
</trkpt>
<trkpt lat="34.58308666666667" lon="137.05294388888888">
<ele>10</ele>
</trkpt>
<trkpt lat="34.58311833333333" lon="137.05308055555557">
<ele>10</ele>
</trkpt>
<trkpt lat="34.583150277777776" lon="137.05321694444444">
<ele>10</ele>
</trkpt>
<trkpt lat="34.58318222222222" lon="137.0533536111111">
<ele>10</ele>
</trkpt>
<trkpt lat="34.58321388888889" lon="137.05349027777777">
<ele>10</ele>
</trkpt>
<trkpt lat="34.583245833333336" lon="137.05362694444443">
<ele>10</ele>
</trkpt>
<trkpt lat="34.58327777777778" lon="137.05376361111112">
<ele>10</ele>
</trkpt>
<trkpt lat="34.583309444444446" lon="137.05390027777779">
<ele>10</ele>
</trkpt>
<trkpt lat="34.58334138888889" lon="137.05403694444445">
<ele>10</ele>
</trkpt>
<trkpt lat="34.58334138888889" lon="137.05403694444445">
<ele>10</ele>
</trkpt>
<trkpt lat="34.58334138888889" lon="137.05403694444445">
<ele>10</ele>
</trkpt>
<trkpt lat="34.58333833333333" lon="137.05409138888888">
<ele>10</ele>
</trkpt>
<trkpt lat="34.583335" lon="137.05414583333334">
<ele>10</ele>
</trkpt>
<trkpt lat="34.583331944444446" lon="137.05420027777777">
<ele>9</ele>
</trkpt>
<trkpt lat="34.583328888888886" lon="137.05425472222223">
<ele>9</ele>
</trkpt>
<trkpt lat="34.583325555555554" lon="137.05430916666666">
<ele>9</ele>
</trkpt>
<trkpt lat="34.58332361111111" lon="137.05434277777778">
<ele>9</ele>
</trkpt>
<trkpt lat="34.58332361111111" lon="137.05434277777778">
<ele>9</ele>
</trkpt>
<trkpt lat="34.58334222222222" lon="137.05440611111112">
<ele>10</ele>
</trkpt>
<trkpt lat="34.58336055555556" lon="137.05446944444444">
<ele>10</ele>
</trkpt>
<trkpt lat="34.58337916666667" lon="137.05453277777778">
<ele>10</ele>
</trkpt>
<trkpt lat="34.5833975" lon="137.05459638888888">
<ele>9</ele>
</trkpt>
<trkpt lat="34.58341611111111" lon="137.05465972222223">
<ele>9</ele>
</trkpt>
<trkpt lat="34.58343444444444" lon="137.05472305555554">
<ele>9</ele>
</trkpt>
<trkpt lat="34.58345305555556" lon="137.05478638888889">
<ele>10</ele>
</trkpt>
<trkpt lat="34.58347138888889" lon="137.05484972222223">
<ele>10</ele>
</trkpt>
<trkpt lat="34.58349" lon="137.05491333333333">
<ele>10</ele>
</trkpt>
<trkpt lat="34.583508611111114" lon="137.05497666666668">
<ele>10</ele>
</trkpt>
<trkpt lat="34.58352694444444" lon="137.05504">
<ele>9</ele>
</trkpt>
<trkpt lat="34.58354555555555" lon="137.05510333333334">
<ele>9</ele>
</trkpt>
<trkpt lat="34.58356388888889" lon="137.05516666666668">
<ele>9</ele>
</trkpt>
<trkpt lat="34.5835825" lon="137.05523027777778">
<ele>8</ele>
</trkpt>
<trkpt lat="34.583600833333335" lon="137.05529361111113">
<ele>8</ele>
</trkpt>
<trkpt lat="34.583619444444444" lon="137.05535694444444">
<ele>7</ele>
</trkpt>
<trkpt lat="34.58363777777778" lon="137.05542027777778">
<ele>7</ele>
</trkpt>
<trkpt lat="34.58365638888889" lon="137.0554836111111">
<ele>6</ele>
</trkpt>
<trkpt lat="34.58367472222222" lon="137.05554694444444">
<ele>6</ele>
</trkpt>
<trkpt lat="34.58367472222222" lon="137.05554694444444">
<ele>6</ele>
</trkpt>
<trkpt lat="34.58369805555556" lon="137.05565027777777">
<ele>6</ele>
</trkpt>
<trkpt lat="34.58372138888889" lon="137.0557536111111">
<ele>6</ele>
</trkpt>
<trkpt lat="34.58374444444444" lon="137.05585694444446">
<ele>5</ele>
</trkpt>
<trkpt lat="34.58376777777778" lon="137.05596027777779">
<ele>6</ele>
</trkpt>
<trkpt lat="34.58379111111111" lon="137.0560636111111">
<ele>5</ele>
</trkpt>
<trkpt lat="34.58381416666667" lon="137.05616694444444">
<ele>4</ele>
</trkpt>
<trkpt lat="34.5838375" lon="137.05627055555556">
<ele>4</ele>
</trkpt>
<trkpt lat="34.58386083333333" lon="137.05637388888888">
<ele>4</ele>
</trkpt>
<trkpt lat="34.58388388888889" lon="137.0564772222222">
<ele>5</ele>
</trkpt>
<trkpt lat="34.58390722222222" lon="137.05658055555554">
<ele>5</ele>
</trkpt>
<trkpt lat="34.583930555555554" lon="137.0566838888889">
<ele>5</ele>
</trkpt>
<trkpt lat="34.58395361111111" lon="137.05678722222223">
<ele>4</ele>
</trkpt>
<trkpt lat="34.583976944444444" lon="137.05689055555555">
<ele>5</ele>
</trkpt>
<trkpt lat="34.584000277777776" lon="137.05699388888888">
<ele>5</ele>
</trkpt>
<trkpt lat="34.584023333333334" lon="137.0570972222222">
<ele>5</ele>
</trkpt>
<trkpt lat="34.584046666666666" lon="137.05720055555557">
<ele>5</ele>
</trkpt>
<trkpt lat="34.58407" lon="137.0573038888889">
<ele>5</ele>
</trkpt>
<trkpt lat="34.584093333333335" lon="137.05740722222222">
<ele>6</ele>
</trkpt>
<trkpt lat="34.58411638888889" lon="137.05751055555555">
<ele>6</ele>
</trkpt>
<trkpt lat="34.58411638888889" lon="137.05751055555555">
<ele>6</ele>
</trkpt>
<trkpt lat="34.58411638888889" lon="137.05751055555555">
<ele>6</ele>
</trkpt>
<trkpt lat="34.584140833333336" lon="137.05760777777778">
<ele>6</ele>
</trkpt>
<trkpt lat="34.58416527777778" lon="137.05770527777779">
<ele>5</ele>
</trkpt>
<trkpt lat="34.58418972222222" lon="137.05780277777777">
<ele>5</ele>
</trkpt>
<trkpt lat="34.58421416666667" lon="137.0579">
<ele>5</ele>
</trkpt>
<trkpt lat="34.58423861111111" lon="137.0579975">
<ele>6</ele>
</trkpt>
<trkpt lat="34.58426277777778" lon="137.058095">
<ele>6</ele>
</trkpt>
<trkpt lat="34.58428722222222" lon="137.05819222222223">
<ele>5</ele>
</trkpt>
<trkpt lat="34.584311666666665" lon="137.0582897222222">
<ele>5</ele>
</trkpt>
<trkpt lat="34.584336111111114" lon="137.05838722222222">
<ele>6</ele>
</trkpt>
<trkpt lat="34.584360555555556" lon="137.05848444444445">
<ele>6</ele>
</trkpt>
<trkpt lat="34.584385" lon="137.05858194444446">
<ele>6</ele>
</trkpt>
<trkpt lat="34.58440944444445" lon="137.05867944444444">
<ele>5</ele>
</trkpt>
<trkpt lat="34.58443361111111" lon="137.05877666666666">
<ele>5</ele>
</trkpt>
<trkpt lat="34.58445805555556" lon="137.05887416666667">
<ele>6</ele>
</trkpt>
<trkpt lat="34.5844825" lon="137.05897166666668">
<ele>6</ele>
</trkpt>
<trkpt lat="34.58450694444444" lon="137.0590688888889">
<ele>6</ele>
</trkpt>
<trkpt lat="34.58453138888889" lon="137.05916638888888">
<ele>5</ele>
</trkpt>
<trkpt lat="34.58455583333333" lon="137.0592638888889">
<ele>6</ele>
</trkpt>
<trkpt lat="34.584580277777775" lon="137.05936111111112">
<ele>6</ele>
</trkpt>
<trkpt lat="34.584580277777775" lon="137.05936111111112">
<ele>6</ele>
</trkpt>
<trkpt lat="34.58462027777778" lon="137.05952305555556">
<ele>5</ele>
</trkpt>
<trkpt lat="34.58466027777778" lon="137.059685">
<ele>5</ele>
</trkpt>
<trkpt lat="34.58470055555556" lon="137.05984694444444">
<ele>4</ele>
</trkpt>
<trkpt lat="34.584740555555555" lon="137.0600088888889">
<ele>3</ele>
</trkpt>
<trkpt lat="34.584780555555554" lon="137.06017083333333">
<ele>3</ele>
</trkpt>
<trkpt lat="34.58482083333333" lon="137.06033277777777">
<ele>3</ele>
</trkpt>
<trkpt lat="34.58486083333333" lon="137.06049472222222">
<ele>2</ele>
</trkpt>
<trkpt lat="34.584900833333336" lon="137.06065666666666">
<ele>2</ele>
</trkpt>
<trkpt lat="34.584941111111114" lon="137.06081833333334">
<ele>1</ele>
</trkpt>
<trkpt lat="34.58498111111111" lon="137.0609802777778">
<ele>1</ele>
</trkpt>
<trkpt lat="34.58502111111111" lon="137.06114222222223">
<ele>2</ele>
</trkpt>
<trkpt lat="34.58506138888889" lon="137.06130416666667">
<ele>1</ele>
</trkpt>
<trkpt lat="34.58510138888889" lon="137.06146611111112">
<ele>1</ele>
</trkpt>
<trkpt lat="34.585141388888886" lon="137.06162805555556">
<ele>2</ele>
</trkpt>
<trkpt lat="34.585181666666664" lon="137.06179">
<ele>1</ele>
</trkpt>
<trkpt lat="34.58522166666667" lon="137.06195194444444">
<ele>1</ele>
</trkpt>
<trkpt lat="34.58526194444445" lon="137.0621138888889">
<ele>1</ele>
</trkpt>
<trkpt lat="34.585301944444446" lon="137.06227583333333">
<ele>1</ele>
</trkpt>
<trkpt lat="34.585341944444444" lon="137.06243777777777">
<ele>2</ele>
</trkpt>
<trkpt lat="34.585341944444444" lon="137.06243777777777">
<ele>2</ele>
</trkpt>
<trkpt lat="34.58538333333333" lon="137.06261083333334">
<ele>1</ele>
</trkpt>
<trkpt lat="34.58542444444444" lon="137.06278416666666">
<ele>1</ele>
</trkpt>
<trkpt lat="34.58546583333333" lon="137.06295722222222">
<ele>2</ele>
</trkpt>
<trkpt lat="34.58550694444445" lon="137.06313055555555">
<ele>1</ele>
</trkpt>
<trkpt lat="34.585548333333335" lon="137.0633036111111">
<ele>1</ele>
</trkpt>
<trkpt lat="34.585589444444444" lon="137.06347694444443">
<ele>2</ele>
</trkpt>
<trkpt lat="34.58563083333333" lon="137.06365027777778">
<ele>2</ele>
</trkpt>
<trkpt lat="34.58567194444444" lon="137.06382333333335">
<ele>2</ele>
</trkpt>
<trkpt lat="34.58571333333333" lon="137.06399666666667">
<ele>2</ele>
</trkpt>
<trkpt lat="34.58575472222222" lon="137.06416972222223">
<ele>1</ele>
</trkpt>
<trkpt lat="34.585795833333336" lon="137.06434305555555">
<ele>2</ele>
</trkpt>
<trkpt lat="34.585837222222224" lon="137.06451611111112">
<ele>2</ele>
</trkpt>
<trkpt lat="34.58587833333333" lon="137.06468944444444">
<ele>2</ele>
</trkpt>
<trkpt lat="34.58591972222222" lon="137.0648627777778">
<ele>3</ele>
</trkpt>
<trkpt lat="34.58596083333333" lon="137.06503583333333">
<ele>4</ele>
</trkpt>
<trkpt lat="34.58600222222222" lon="137.06520916666668">
<ele>5</ele>
</trkpt>
<trkpt lat="34.586043333333336" lon="137.0653822222222">
<ele>6</ele>
</trkpt>
<trkpt lat="34.586084722222225" lon="137.06555555555556">
<ele>6</ele>
</trkpt>
<trkpt lat="34.586125833333334" lon="137.0657286111111">
<ele>2</ele>
</trkpt>
<trkpt lat="34.586125833333334" lon="137.0657286111111">
<ele>2</ele>
</trkpt>
<trkpt lat="34.58612333333333" lon="137.06578333333334">
<ele>2</ele>
</trkpt>
<trkpt lat="34.58612083333333" lon="137.06583777777777">
<ele>3</ele>
</trkpt>
<trkpt lat="34.58611833333333" lon="137.06589222222223">
<ele>4</ele>
</trkpt>
<trkpt lat="34.58611583333333" lon="137.06594666666666">
<ele>5</ele>
</trkpt>
<trkpt lat="34.58611333333333" lon="137.06600111111112">
<ele>6</ele>
</trkpt>
<trkpt lat="34.586110833333336" lon="137.06605555555555">
<ele>6</ele>
</trkpt>
<trkpt lat="34.586108333333335" lon="137.06611">
<ele>8</ele>
</trkpt>
<trkpt lat="34.586105833333335" lon="137.06616444444444">
<ele>8</ele>
</trkpt>
<trkpt lat="34.586103333333334" lon="137.0662188888889">
<ele>8</ele>
</trkpt>
<trkpt lat="34.58610083333333" lon="137.06627333333333">
<ele>8</ele>
</trkpt>
<trkpt lat="34.58609944444444" lon="137.06630277777776">
<ele>9</ele>
</trkpt>
<trkpt lat="34.58609944444444" lon="137.06630277777776">
<ele>9</ele>
</trkpt>
<trkpt lat="34.58611472222222" lon="137.0663538888889">
<ele>10</ele>
</trkpt>
<trkpt lat="34.58613027777778" lon="137.0664052777778">
<ele>10</ele>
</trkpt>
<trkpt lat="34.586145555555554" lon="137.0664563888889">
<ele>10</ele>
</trkpt>
<trkpt lat="34.58616111111111" lon="137.0665077777778">
<ele>10</ele>
</trkpt>
<trkpt lat="34.58617638888889" lon="137.0665588888889">
<ele>9</ele>
</trkpt>
<trkpt lat="34.586191944444444" lon="137.06661027777778">
<ele>9</ele>
</trkpt>
<trkpt lat="34.58620722222222" lon="137.0666613888889">
<ele>9</ele>
</trkpt>
<trkpt lat="34.58622277777778" lon="137.06671277777778">
<ele>10</ele>
</trkpt>
<trkpt lat="34.586238055555555" lon="137.0667638888889">
<ele>10</ele>
</trkpt>
<trkpt lat="34.58625361111111" lon="137.06681527777778">
<ele>9</ele>
</trkpt>
<trkpt lat="34.58626722222222" lon="137.06686055555556">
<ele>9</ele>
</trkpt>
<trkpt lat="34.58626722222222" lon="137.06686055555556">
<ele>9</ele>
</trkpt>
<trkpt lat="34.58627555555555" lon="137.06691416666666">
<ele>8</ele>
</trkpt>
<trkpt lat="34.586283888888886" lon="137.0669677777778">
<ele>8</ele>
</trkpt>
<trkpt lat="34.58629222222222" lon="137.0670213888889">
<ele>8</ele>
</trkpt>
<trkpt lat="34.58630083333333" lon="137.067075">
<ele>8</ele>
</trkpt>
<trkpt lat="34.586309166666666" lon="137.06712861111112">
<ele>8</ele>
</trkpt>
<trkpt lat="34.58631583333333" lon="137.06717166666667">
<ele>8</ele>
</trkpt>
<trkpt lat="34.58631583333333" lon="137.06717166666667">
<ele>8</ele>
</trkpt>
<trkpt lat="34.5863375" lon="137.06721944444445">
<ele>7</ele>
</trkpt>
<trkpt lat="34.58635916666667" lon="137.0672675">
<ele>7</ele>
</trkpt>
<trkpt lat="34.58638083333334" lon="137.06731527777777">
<ele>7</ele>
</trkpt>
<trkpt lat="34.5864025" lon="137.06736305555555">
<ele>7</ele>
</trkpt>
<trkpt lat="34.58642416666667" lon="137.06741083333333">
<ele>7</ele>
</trkpt>
<trkpt lat="34.586445833333336" lon="137.0674586111111">
<ele>7</ele>
</trkpt>
<trkpt lat="34.586461666666665" lon="137.0674936111111">
<ele>7</ele>
</trkpt>
<trkpt lat="34.586461666666665" lon="137.0674936111111">
<ele>7</ele>
</trkpt>
<trkpt lat="34.58648083333333" lon="137.06760194444445">
<ele>6</ele>
</trkpt>
<trkpt lat="34.58650027777778" lon="137.06771055555555">
<ele>6</ele>
</trkpt>
<trkpt lat="34.58651944444444" lon="137.0678188888889">
<ele>6</ele>
</trkpt>
<trkpt lat="34.58653861111111" lon="137.0679272222222">
<ele>5</ele>
</trkpt>
<trkpt lat="34.58655805555556" lon="137.06803583333334">
<ele>5</ele>
</trkpt>
<trkpt lat="34.586577222222225" lon="137.06814416666666">
<ele>5</ele>
</trkpt>
<trkpt lat="34.586596666666665" lon="137.0682525">
<ele>5</ele>
</trkpt>
<trkpt lat="34.58661583333333" lon="137.06836083333334">
<ele>5</ele>
</trkpt>
<trkpt lat="34.58663527777778" lon="137.06846944444445">
<ele>5</ele>
</trkpt>
<trkpt lat="34.58665444444444" lon="137.0685777777778">
<ele>5</ele>
</trkpt>
<trkpt lat="34.58667388888889" lon="137.0686861111111">
<ele>5</ele>
</trkpt>
<trkpt lat="34.58669305555556" lon="137.06879472222224">
<ele>5</ele>
</trkpt>
<trkpt lat="34.5867125" lon="137.06890305555555">
<ele>5</ele>
</trkpt>
<trkpt lat="34.586731666666665" lon="137.0690113888889">
<ele>5</ele>
</trkpt>
<trkpt lat="34.58675083333333" lon="137.06912">
<ele>5</ele>
</trkpt>
<trkpt lat="34.58677027777778" lon="137.06922833333334">
<ele>5</ele>
</trkpt>
<trkpt lat="34.58678944444444" lon="137.06933666666666">
<ele>5</ele>
</trkpt>
<trkpt lat="34.58680888888889" lon="137.0694452777778">
<ele>5</ele>
</trkpt>
<trkpt lat="34.58682805555556" lon="137.0695536111111">
<ele>5</ele>
</trkpt>
<trkpt lat="34.58682805555556" lon="137.0695536111111">
<ele>5</ele>
</trkpt>
<trkpt lat="34.58682805555556" lon="137.0695536111111">
<ele>5</ele>
</trkpt>
<trkpt lat="34.58683083333333" lon="137.06960805555556">
<ele>5</ele>
</trkpt>
<trkpt lat="34.58683333333333" lon="137.0696625">
<ele>5</ele>
</trkpt>
<trkpt lat="34.58683611111111" lon="137.06971694444445">
<ele>5</ele>
</trkpt>
<trkpt lat="34.58683888888889" lon="137.06977138888888">
<ele>5</ele>
</trkpt>
<trkpt lat="34.58684138888889" lon="137.06982583333334">
<ele>5</ele>
</trkpt>
<trkpt lat="34.586844166666666" lon="137.06988027777777">
<ele>5</ele>
</trkpt>
<trkpt lat="34.586846666666666" lon="137.06993472222223">
<ele>5</ele>
</trkpt>
<trkpt lat="34.58684944444445" lon="137.06998916666666">
<ele>5</ele>
</trkpt>
<trkpt lat="34.58685222222222" lon="137.07004361111112">
<ele>5</ele>
</trkpt>
<trkpt lat="34.58685472222222" lon="137.07009527777777">
<ele>2</ele>
</trkpt>
<trkpt lat="34.58685472222222" lon="137.07009527777777">
<ele>2</ele>
</trkpt>
<trkpt lat="34.586893333333336" lon="137.07029055555554">
<ele>0</ele>
</trkpt>
<trkpt lat="34.586931666666665" lon="137.07048555555556">
<ele>2</ele>
</trkpt>
<trkpt lat="34.58697027777778" lon="137.07068055555555">
<ele>2</ele>
</trkpt>
<trkpt lat="34.58700888888889" lon="137.07087583333333">
<ele>2</ele>
</trkpt>
<trkpt lat="34.5870475" lon="137.07107083333332">
<ele>2</ele>
</trkpt>
<trkpt lat="34.58708611111111" lon="137.07126583333334">
<ele>3</ele>
</trkpt>
<trkpt lat="34.58712472222222" lon="137.07146111111112">
<ele>3</ele>
</trkpt>
<trkpt lat="34.587163333333336" lon="137.0716561111111">
<ele>3</ele>
</trkpt>
<trkpt lat="34.587201944444445" lon="137.0718511111111">
<ele>4</ele>
</trkpt>
<trkpt lat="34.58724055555555" lon="137.07204638888888">
<ele>4</ele>
</trkpt>
<trkpt lat="34.58727916666667" lon="137.0722413888889">
<ele>4</ele>
</trkpt>
<trkpt lat="34.5873175" lon="137.0724363888889">
<ele>4</ele>
</trkpt>
<trkpt lat="34.58735611111111" lon="137.07263166666667">
<ele>4</ele>
</trkpt>
<trkpt lat="34.58739472222222" lon="137.07282666666666">
<ele>4</ele>
</trkpt>
<trkpt lat="34.58743333333334" lon="137.07302166666668">
<ele>4</ele>
</trkpt>
<trkpt lat="34.587471944444445" lon="137.07321694444445">
<ele>4</ele>
</trkpt>
<trkpt lat="34.58751055555555" lon="137.07341194444444">
<ele>4</ele>
</trkpt>
<trkpt lat="34.58754916666667" lon="137.07360722222222">
<ele>4</ele>
</trkpt>
<trkpt lat="34.58758777777778" lon="137.0738022222222">
<ele>4</ele>
</trkpt>
<trkpt lat="34.58758777777778" lon="137.0738022222222">
<ele>4</ele>
</trkpt>
<trkpt lat="34.587605277777776" lon="137.0738525">
<ele>4</ele>
</trkpt>
<trkpt lat="34.587622777777774" lon="137.0739027777778">
<ele>4</ele>
</trkpt>
<trkpt lat="34.58764027777778" lon="137.07395305555556">
<ele>4</ele>
</trkpt>
<trkpt lat="34.58765777777778" lon="137.07400305555555">
<ele>4</ele>
</trkpt>
<trkpt lat="34.58767527777778" lon="137.07405333333332">
<ele>4</ele>
</trkpt>
<trkpt lat="34.587692777777775" lon="137.0741036111111">
<ele>4</ele>
</trkpt>
<trkpt lat="34.58771027777778" lon="137.0741538888889">
<ele>4</ele>
</trkpt>
<trkpt lat="34.58772777777778" lon="137.07420416666668">
<ele>4</ele>
</trkpt>
<trkpt lat="34.58774527777778" lon="137.07425444444445">
<ele>4</ele>
</trkpt>
<trkpt lat="34.587762777777776" lon="137.07430472222222">
<ele>4</ele>
</trkpt>
<trkpt lat="34.587780277777775" lon="137.074355">
<ele>4</ele>
</trkpt>
<trkpt lat="34.5877975" lon="137.07440527777777">
<ele>4</ele>
</trkpt>
<trkpt lat="34.587815" lon="137.07445555555555">
<ele>4</ele>
</trkpt>
<trkpt lat="34.5878325" lon="137.07450583333335">
<ele>4</ele>
</trkpt>
<trkpt lat="34.58785" lon="137.07455583333333">
<ele>4</ele>
</trkpt>
<trkpt lat="34.58786583333333" lon="137.07460138888888">
<ele>4</ele>
</trkpt>
<trkpt lat="34.58786583333333" lon="137.07460138888888">
<ele>4</ele>
</trkpt>
<trkpt lat="34.587874444444445" lon="137.07467555555556">
<ele>4</ele>
</trkpt>
<trkpt lat="34.58788277777778" lon="137.07474944444445">
<ele>4</ele>
</trkpt>
<trkpt lat="34.58789111111111" lon="137.07482333333334">
<ele>4</ele>
</trkpt>
<trkpt lat="34.587899444444446" lon="137.0748975">
<ele>4</ele>
</trkpt>
<trkpt lat="34.58790777777778" lon="137.07497138888888">
<ele>4</ele>
</trkpt>
<trkpt lat="34.58791611111111" lon="137.07504527777778">
<ele>4</ele>
</trkpt>
<trkpt lat="34.58792444444445" lon="137.07511916666667">
<ele>4</ele>
</trkpt>
<trkpt lat="34.58793277777778" lon="137.07519333333335">
<ele>4</ele>
</trkpt>
<trkpt lat="34.587941388888886" lon="137.0752672222222">
<ele>4</ele>
</trkpt>
<trkpt lat="34.58794972222222" lon="137.0753411111111">
<ele>4</ele>
</trkpt>
<trkpt lat="34.58795805555555" lon="137.07541527777778">
<ele>4</ele>
</trkpt>
<trkpt lat="34.58796638888889" lon="137.07548916666667">
<ele>3</ele>
</trkpt>
<trkpt lat="34.58797472222222" lon="137.07556305555556">
<ele>3</ele>
</trkpt>
<trkpt lat="34.587983055555554" lon="137.0756372222222">
<ele>3</ele>
</trkpt>
<trkpt lat="34.58799138888889" lon="137.0757111111111">
<ele>3</ele>
</trkpt>
<trkpt lat="34.58799972222222" lon="137.075785">
<ele>3</ele>
</trkpt>
<trkpt lat="34.588008333333335" lon="137.0758588888889">
<ele>3</ele>
</trkpt>
<trkpt lat="34.58801666666667" lon="137.07593305555557">
<ele>3</ele>
</trkpt>
<trkpt lat="34.588025" lon="137.07600694444446">
<ele>3</ele>
</trkpt>
<trkpt lat="34.588025" lon="137.07600694444446">
<ele>3</ele>
</trkpt>
<trkpt lat="34.588025" lon="137.07600694444446">
<ele>3</ele>
</trkpt>
<trkpt lat="34.58804388888889" lon="137.07607638888888">
<ele>3</ele>
</trkpt>
<trkpt lat="34.58806305555556" lon="137.07614583333333">
<ele>2</ele>
</trkpt>
<trkpt lat="34.58808222222222" lon="137.07621527777778">
<ele>2</ele>
</trkpt>
<trkpt lat="34.58810111111111" lon="137.07628472222223">
<ele>2</ele>
</trkpt>
<trkpt lat="34.588120277777776" lon="137.07635416666668">
<ele>2</ele>
</trkpt>
<trkpt lat="34.588139166666664" lon="137.07642361111112">
<ele>2</ele>
</trkpt>
<trkpt lat="34.58815833333333" lon="137.07649305555555">
<ele>2</ele>
</trkpt>
<trkpt lat="34.5881775" lon="137.0765625">
<ele>2</ele>
</trkpt>
<trkpt lat="34.58819638888889" lon="137.07663194444444">
<ele>2</ele>
</trkpt>
<trkpt lat="34.58821555555556" lon="137.0767013888889">
<ele>2</ele>
</trkpt>
<trkpt lat="34.588234722222225" lon="137.07677083333334">
<ele>2</ele>
</trkpt>
<trkpt lat="34.588253611111114" lon="137.07684055555555">
<ele>2</ele>
</trkpt>
<trkpt lat="34.588272777777775" lon="137.07691">
<ele>2</ele>
</trkpt>
<trkpt lat="34.58829166666667" lon="137.07697944444445">
<ele>2</ele>
</trkpt>
<trkpt lat="34.58831083333333" lon="137.0770488888889">
<ele>2</ele>
</trkpt>
<trkpt lat="34.58833" lon="137.07711833333335">
<ele>2</ele>
</trkpt>
<trkpt lat="34.58834888888889" lon="137.07718777777777">
<ele>2</ele>
</trkpt>
<trkpt lat="34.588368055555556" lon="137.07725722222222">
<ele>2</ele>
</trkpt>
<trkpt lat="34.588386944444444" lon="137.07732666666666">
<ele>2</ele>
</trkpt>
<trkpt lat="34.588386944444444" lon="137.07732666666666">
<ele>2</ele>
</trkpt>
<trkpt lat="34.588386944444444" lon="137.07732666666666">
<ele>2</ele>
</trkpt>
<trkpt lat="34.588415833333336" lon="137.07747944444444">
<ele>2</ele>
</trkpt>
<trkpt lat="34.58844472222222" lon="137.07763222222223">
<ele>2</ele>
</trkpt>
<trkpt lat="34.58847361111111" lon="137.07778472222222">
<ele>2</ele>
</trkpt>
<trkpt lat="34.5885025" lon="137.0779375">
<ele>2</ele>
</trkpt>
<trkpt lat="34.58853111111111" lon="137.0780902777778">
<ele>2</ele>
</trkpt>
<trkpt lat="34.58856" lon="137.07824305555556">
<ele>2</ele>
</trkpt>
<trkpt lat="34.588588888888886" lon="137.07839583333333">
<ele>2</ele>
</trkpt>
<trkpt lat="34.58861777777778" lon="137.0785486111111">
<ele>2</ele>
</trkpt>
<trkpt lat="34.58864638888889" lon="137.0787013888889">
<ele>3</ele>
</trkpt>
<trkpt lat="34.588675277777774" lon="137.07885416666667">
<ele>3</ele>
</trkpt>
<trkpt lat="34.588704166666666" lon="137.07900666666666">
<ele>3</ele>
</trkpt>
<trkpt lat="34.58873305555556" lon="137.07915944444446">
<ele>3</ele>
</trkpt>
<trkpt lat="34.58876166666667" lon="137.07931222222223">
<ele>2</ele>
</trkpt>
<trkpt lat="34.588790555555555" lon="137.079465">
<ele>5</ele>
</trkpt>
<trkpt lat="34.58881944444445" lon="137.07961777777777">
<ele>6</ele>
</trkpt>
<trkpt lat="34.58884833333333" lon="137.07977055555557">
<ele>7</ele>
</trkpt>
<trkpt lat="34.58887694444444" lon="137.07992333333334">
<ele>8</ele>
</trkpt>
<trkpt lat="34.588905833333335" lon="137.0800761111111">
<ele>10</ele>
</trkpt>
<trkpt lat="34.58893472222222" lon="137.08022888888888">
<ele>10</ele>
</trkpt>
<trkpt lat="34.58893472222222" lon="137.08022888888888">
<ele>10</ele>
</trkpt>
<trkpt lat="34.58893472222222" lon="137.08022888888888">
<ele>10</ele>
</trkpt>
<trkpt lat="34.58896444444444" lon="137.08038694444446">
<ele>9</ele>
</trkpt>
<trkpt lat="34.588994166666666" lon="137.0805452777778">
<ele>9</ele>
</trkpt>
<trkpt lat="34.58902388888889" lon="137.08070361111112">
<ele>10</ele>
</trkpt>
<trkpt lat="34.58905361111111" lon="137.08086166666666">
<ele>10</ele>
</trkpt>
<trkpt lat="34.589083333333335" lon="137.08102">
<ele>7</ele>
</trkpt>
<trkpt lat="34.58911333333333" lon="137.08117833333333">
<ele>8</ele>
</trkpt>
<trkpt lat="34.58914305555555" lon="137.0813363888889">
<ele>9</ele>
</trkpt>
<trkpt lat="34.589172777777776" lon="137.08149472222223">
<ele>9</ele>
</trkpt>
<trkpt lat="34.5892025" lon="137.08165305555556">
<ele>9</ele>
</trkpt>
<trkpt lat="34.58923222222222" lon="137.0818113888889">
<ele>10</ele>
</trkpt>
<trkpt lat="34.589261944444445" lon="137.08196944444444">
<ele>10</ele>
</trkpt>
<trkpt lat="34.58929166666667" lon="137.08212777777777">
<ele>10</ele>
</trkpt>
<trkpt lat="34.58932138888889" lon="137.0822861111111">
<ele>9</ele>
</trkpt>
<trkpt lat="34.589351111111114" lon="137.08244416666668">
<ele>10</ele>
</trkpt>
<trkpt lat="34.58938083333334" lon="137.0826025">
<ele>10</ele>
</trkpt>
<trkpt lat="34.58941083333333" lon="137.08276083333334">
<ele>9</ele>
</trkpt>
<trkpt lat="34.589440555555555" lon="137.08291888888888">
<ele>8</ele>
</trkpt>
<trkpt lat="34.58947027777778" lon="137.08307722222222">
<ele>10</ele>
</trkpt>
<trkpt lat="34.5895" lon="137.08323555555555">
<ele>9</ele>
</trkpt>
<trkpt lat="34.589529722222224" lon="137.08339388888888">
<ele>9</ele>
</trkpt>
<trkpt lat="34.58955944444445" lon="137.08355194444445">
<ele>10</ele>
</trkpt>
<trkpt lat="34.58958916666667" lon="137.08371027777778">
<ele>10</ele>
</trkpt>
<trkpt lat="34.589618888888886" lon="137.08386861111111">
<ele>9</ele>
</trkpt>
<trkpt lat="34.58964861111111" lon="137.08402666666666">
<ele>8</ele>
</trkpt>
<trkpt lat="34.58967861111111" lon="137.084185">
<ele>8</ele>
</trkpt>
<trkpt lat="34.589708333333334" lon="137.08434333333332">
<ele>10</ele>
</trkpt>
<trkpt lat="34.58973805555556" lon="137.0845013888889">
<ele>10</ele>
</trkpt>
<trkpt lat="34.58976777777778" lon="137.08465972222223">
<ele>10</ele>
</trkpt>
<trkpt lat="34.5897975" lon="137.08481805555556">
<ele>10</ele>
</trkpt>
<trkpt lat="34.58982722222222" lon="137.0849763888889">
<ele>10</ele>
</trkpt>
<trkpt lat="34.58985694444444" lon="137.08513444444444">
<ele>10</ele>
</trkpt>
<trkpt lat="34.589886666666665" lon="137.08529277777777">
<ele>10</ele>
</trkpt>
<trkpt lat="34.58991638888889" lon="137.0854511111111">
<ele>10</ele>
</trkpt>
<trkpt lat="34.58994611111111" lon="137.08560916666667">
<ele>10</ele>
</trkpt>
<trkpt lat="34.58997611111111" lon="137.0857675">
<ele>9</ele>
</trkpt>
<trkpt lat="34.590005833333336" lon="137.08592583333333">
<ele>8</ele>
</trkpt>
<trkpt lat="34.59003555555555" lon="137.08608388888888">
<ele>8</ele>
</trkpt>
<trkpt lat="34.590065277777775" lon="137.0862422222222">
<ele>9</ele>
</trkpt>
<trkpt lat="34.590065277777775" lon="137.0862422222222">
<ele>9</ele>
</trkpt>
<trkpt lat="34.59007861111111" lon="137.08632472222223">
<ele>9</ele>
</trkpt>
<trkpt lat="34.590092222222225" lon="137.08640722222222">
<ele>10</ele>
</trkpt>
<trkpt lat="34.59010555555555" lon="137.0864897222222">
<ele>10</ele>
</trkpt>
<trkpt lat="34.59011916666667" lon="137.08657194444444">
<ele>10</ele>
</trkpt>
<trkpt lat="34.590132777777775" lon="137.08665444444443">
<ele>10</ele>
</trkpt>
<trkpt lat="34.59014611111111" lon="137.08673694444445">
<ele>10</ele>
</trkpt>
<trkpt lat="34.590159722222225" lon="137.08681944444444">
<ele>10</ele>
</trkpt>
<trkpt lat="34.59017305555555" lon="137.08690194444443">
<ele>10</ele>
</trkpt>
<trkpt lat="34.59018666666667" lon="137.08698416666667">
<ele>10</ele>
</trkpt>
<trkpt lat="34.5902" lon="137.08706666666666">
<ele>10</ele>
</trkpt>
<trkpt lat="34.59021361111111" lon="137.08714916666668">
<ele>10</ele>
</trkpt>
<trkpt lat="34.590226944444446" lon="137.08723166666667">
<ele>7</ele>
</trkpt>
<trkpt lat="34.59024055555555" lon="137.0873138888889">
<ele>7</ele>
</trkpt>
<trkpt lat="34.59025388888889" lon="137.0873963888889">
<ele>6</ele>
</trkpt>
<trkpt lat="34.5902675" lon="137.08747888888888">
<ele>6</ele>
</trkpt>
<trkpt lat="34.59028083333333" lon="137.0875613888889">
<ele>5</ele>
</trkpt>
<trkpt lat="34.590294444444446" lon="137.0876438888889">
<ele>5</ele>
</trkpt>
<trkpt lat="34.59030777777778" lon="137.08772611111112">
<ele>6</ele>
</trkpt>
<trkpt lat="34.59032138888889" lon="137.08780861111111">
<ele>7</ele>
</trkpt>
<trkpt lat="34.59032138888889" lon="137.08780861111111">
<ele>7</ele>
</trkpt>
<trkpt lat="34.59032138888889" lon="137.08780861111111">
<ele>7</ele>
</trkpt>
<trkpt lat="34.59034111111111" lon="137.0878575">
<ele>8</ele>
</trkpt>
<trkpt lat="34.59036111111111" lon="137.08790666666667">
<ele>9</ele>
</trkpt>
<trkpt lat="34.590380833333334" lon="137.08795555555557">
<ele>9</ele>
</trkpt>
<trkpt lat="34.590400833333334" lon="137.08800444444444">
<ele>9</ele>
</trkpt>
<trkpt lat="34.59042055555555" lon="137.08805333333333">
<ele>9</ele>
</trkpt>
<trkpt lat="34.59044027777778" lon="137.0881025">
<ele>9</ele>
</trkpt>
<trkpt lat="34.59046027777778" lon="137.0881513888889">
<ele>10</ele>
</trkpt>
<trkpt lat="34.59046277777778" lon="137.0881575">
<ele>10</ele>
</trkpt>
<trkpt lat="34.59046277777778" lon="137.0881575">
<ele>10</ele>
</trkpt>
<trkpt lat="34.59050222222222" lon="137.0881836111111">
<ele>10</ele>
</trkpt>
<trkpt lat="34.59054166666667" lon="137.08820972222222">
<ele>10</ele>
</trkpt>
<trkpt lat="34.59058111111111" lon="137.08823583333333">
<ele>9</ele>
</trkpt>
<trkpt lat="34.59062055555555" lon="137.08826194444444">
<ele>9</ele>
</trkpt>
<trkpt lat="34.59066" lon="137.08828805555555">
<ele>9</ele>
</trkpt>
<trkpt lat="34.590699444444446" lon="137.08831416666666">
<ele>9</ele>
</trkpt>
<trkpt lat="34.590738888888886" lon="137.08834027777777">
<ele>8</ele>
</trkpt>
<trkpt lat="34.59077833333333" lon="137.0883661111111">
<ele>7</ele>
</trkpt>
<trkpt lat="34.59081777777778" lon="137.0883922222222">
<ele>7</ele>
</trkpt>
<trkpt lat="34.59085722222222" lon="137.08841833333332">
<ele>7</ele>
</trkpt>
<trkpt lat="34.590896666666666" lon="137.08844444444443">
<ele>6</ele>
</trkpt>
<trkpt lat="34.59093611111111" lon="137.08847055555555">
<ele>6</ele>
</trkpt>
<trkpt lat="34.590965555555556" lon="137.08849">
<ele>7</ele>
</trkpt>
<trkpt lat="34.590965555555556" lon="137.08849">
<ele>7</ele>
</trkpt>
<trkpt lat="34.59094416666667" lon="137.08853805555555">
<ele>7</ele>
</trkpt>
<trkpt lat="34.59092305555556" lon="137.0885861111111">
<ele>6</ele>
</trkpt>
<trkpt lat="34.59090194444445" lon="137.08863444444444">
<ele>6</ele>
</trkpt>
<trkpt lat="34.59088083333334" lon="137.0886825">
<ele>6</ele>
</trkpt>
<trkpt lat="34.59085972222222" lon="137.08873055555554">
<ele>6</ele>
</trkpt>
<trkpt lat="34.59083861111111" lon="137.0887788888889">
<ele>6</ele>
</trkpt>
<trkpt lat="34.59081722222222" lon="137.08882694444443">
<ele>5</ele>
</trkpt>
<trkpt lat="34.590802777777775" lon="137.08886">
<ele>5</ele>
</trkpt>
<trkpt lat="34.590802777777775" lon="137.08886">
<ele>6</ele>
</trkpt>
<trkpt lat="34.59077805555555" lon="137.08890555555556">
<ele>9</ele>
</trkpt>
<trkpt lat="34.59075333333333" lon="137.0889511111111">
<ele>8</ele>
</trkpt>
<trkpt lat="34.59072861111111" lon="137.08899666666667">
<ele>8</ele>
</trkpt>
<trkpt lat="34.59070361111111" lon="137.08904222222222">
<ele>9</ele>
</trkpt>
<trkpt lat="34.59067888888889" lon="137.0890877777778">
<ele>9</ele>
</trkpt>
<trkpt lat="34.59065416666667" lon="137.08913333333334">
<ele>8</ele>
</trkpt>
<trkpt lat="34.590648055555555" lon="137.08914444444446">
<ele>8</ele>
</trkpt>
<trkpt lat="34.590648055555555" lon="137.08914444444446">
<ele>8</ele>
</trkpt>
<trkpt lat="34.590653055555556" lon="137.0891986111111">
<ele>8</ele>
</trkpt>
<trkpt lat="34.59065777777778" lon="137.08925277777777">
<ele>8</ele>
</trkpt>
<trkpt lat="34.59066277777778" lon="137.08930722222223">
<ele>8</ele>
</trkpt>
<trkpt lat="34.5906675" lon="137.08936138888888">
<ele>10</ele>
</trkpt>
<trkpt lat="34.590672222222224" lon="137.08941555555555">
<ele>10</ele>
</trkpt>
<trkpt lat="34.59067722222222" lon="137.08947">
<ele>10</ele>
</trkpt>
<trkpt lat="34.59068194444445" lon="137.08952416666668">
<ele>10</ele>
</trkpt>
<trkpt lat="34.59068361111111" lon="137.08954138888888">
<ele>10</ele>
</trkpt>
<trkpt lat="34.59068361111111" lon="137.08954138888888">
<ele>10</ele>
</trkpt>
<trkpt lat="34.59070222222222" lon="137.08959083333335">
<ele>10</ele>
</trkpt>
<trkpt lat="34.59072111111111" lon="137.08964055555555">
<ele>10</ele>
</trkpt>
<trkpt lat="34.590739722222224" lon="137.08969">
<ele>10</ele>
</trkpt>
<trkpt lat="34.59075861111111" lon="137.08973972222222">
<ele>9</ele>
</trkpt>
<trkpt lat="34.5907775" lon="137.08978916666666">
<ele>9</ele>
</trkpt>
<trkpt lat="34.59079611111111" lon="137.0898388888889">
<ele>8</ele>
</trkpt>
<trkpt lat="34.59081166666667" lon="137.08987944444445">
<ele>10</ele>
</trkpt>
<trkpt lat="34.59081166666667" lon="137.08987944444445">
<ele>10</ele>
</trkpt>
<trkpt lat="34.590806666666666" lon="137.08993361111112">
<ele>9</ele>
</trkpt>
<trkpt lat="34.590801666666664" lon="137.08998777777776">
<ele>9</ele>
</trkpt>
<trkpt lat="34.59079638888889" lon="137.09004194444444">
<ele>9</ele>
</trkpt>
<trkpt lat="34.59079138888889" lon="137.0900961111111">
<ele>9</ele>
</trkpt>
<trkpt lat="34.59078638888889" lon="137.09015055555557">
<ele>8</ele>
</trkpt>
<trkpt lat="34.59078138888889" lon="137.0902047222222">
<ele>8</ele>
</trkpt>
<trkpt lat="34.59077638888889" lon="137.09025888888888">
<ele>6</ele>
</trkpt>
<trkpt lat="34.59077194444444" lon="137.0903086111111">
<ele>6</ele>
</trkpt>
<trkpt lat="34.59077194444444" lon="137.0903086111111">
<ele>6</ele>
</trkpt>
<trkpt lat="34.59079361111111" lon="137.0903563888889">
<ele>6</ele>
</trkpt>
<trkpt lat="34.59081527777778" lon="137.09040416666667">
<ele>8</ele>
</trkpt>
<trkpt lat="34.59083694444445" lon="137.09045194444445">
<ele>8</ele>
</trkpt>
<trkpt lat="34.59085861111111" lon="137.09049972222223">
<ele>8</ele>
</trkpt>
<trkpt lat="34.59088027777778" lon="137.09054722222223">
<ele>8</ele>
</trkpt>
<trkpt lat="34.59090194444445" lon="137.090595">
<ele>8</ele>
</trkpt>
<trkpt lat="34.59091305555555" lon="137.09061972222221">
<ele>8</ele>
</trkpt>
<trkpt lat="34.59091305555555" lon="137.09061972222221">
<ele>8</ele>
</trkpt>
<trkpt lat="34.590937777777775" lon="137.0906652777778">
<ele>8</ele>
</trkpt>
<trkpt lat="34.5909625" lon="137.09071083333333">
<ele>8</ele>
</trkpt>
<trkpt lat="34.590986944444445" lon="137.09075638888888">
<ele>8</ele>
</trkpt>
<trkpt lat="34.59101166666667" lon="137.0908022222222">
<ele>9</ele>
</trkpt>
<trkpt lat="34.59103638888889" lon="137.09084777777778">
<ele>9</ele>
</trkpt>
<trkpt lat="34.59106083333333" lon="137.09089333333333">
<ele>8</ele>
</trkpt>
<trkpt lat="34.59108555555556" lon="137.0909388888889">
<ele>8</ele>
</trkpt>
<trkpt lat="34.59108972222222" lon="137.09094694444445">
<ele>8</ele>
</trkpt>
<trkpt lat="34.59108972222222" lon="137.09094694444445">
<ele>8</ele>
</trkpt>
<trkpt lat="34.591121666666666" lon="137.09098555555556">
<ele>9</ele>
</trkpt>
<trkpt lat="34.59115333333333" lon="137.09102388888888">
<ele>8</ele>
</trkpt>
<trkpt lat="34.591185" lon="137.0910625">
<ele>8</ele>
</trkpt>
<trkpt lat="34.59121694444445" lon="137.0911011111111">
<ele>8</ele>
</trkpt>
<trkpt lat="34.59124861111111" lon="137.0911397222222">
<ele>8</ele>
</trkpt>
<trkpt lat="34.5912575" lon="137.09115083333333">
<ele>8</ele>
</trkpt>
<trkpt lat="34.5912575" lon="137.09115083333333">
<ele>8</ele>
</trkpt>
<trkpt lat="34.59126694444444" lon="137.09120416666667">
<ele>8</ele>
</trkpt>
<trkpt lat="34.591276388888886" lon="137.0912575">
<ele>7</ele>
</trkpt>
<trkpt lat="34.59128583333333" lon="137.09131083333332">
<ele>7</ele>
</trkpt>
<trkpt lat="34.591295277777775" lon="137.09136416666666">
<ele>6</ele>
</trkpt>
<trkpt lat="34.59130472222222" lon="137.0914175">
<ele>6</ele>
</trkpt>
<trkpt lat="34.59131055555556" lon="137.0914511111111">
<ele>7</ele>
</trkpt>
<trkpt lat="34.59131055555556" lon="137.0914511111111">
<ele>7</ele>
</trkpt>
<trkpt lat="34.59130138888889" lon="137.09150444444444">
<ele>7</ele>
</trkpt>
<trkpt lat="34.59129222222222" lon="137.09155777777778">
<ele>7</ele>
</trkpt>
<trkpt lat="34.59128277777778" lon="137.09161138888888">
<ele>7</ele>
</trkpt>
<trkpt lat="34.59127361111111" lon="137.09166472222222">
<ele>7</ele>
</trkpt>
<trkpt lat="34.59126444444444" lon="137.09171805555556">
<ele>7</ele>
</trkpt>
<trkpt lat="34.591255" lon="137.0917713888889">
<ele>7</ele>
</trkpt>
<trkpt lat="34.59124583333333" lon="137.0918247222222">
<ele>7</ele>
</trkpt>
<trkpt lat="34.59124" lon="137.09185888888888">
<ele>7</ele>
</trkpt>
<trkpt lat="34.59124" lon="137.09185888888888">
<ele>7</ele>
</trkpt>
<trkpt lat="34.59124666666666" lon="137.09191277777776">
<ele>7</ele>
</trkpt>
<trkpt lat="34.591253333333334" lon="137.09196666666668">
<ele>7</ele>
</trkpt>
<trkpt lat="34.59126" lon="137.09202055555556">
<ele>7</ele>
</trkpt>
<trkpt lat="34.59126666666667" lon="137.09207472222224">
<ele>7</ele>
</trkpt>
<trkpt lat="34.59127333333333" lon="137.09212861111112">
<ele>7</ele>
</trkpt>
<trkpt lat="34.591279722222225" lon="137.09218055555556">
<ele>7</ele>
</trkpt>
<trkpt lat="34.591279722222225" lon="137.09218055555556">
<ele>7</ele>
</trkpt>
<trkpt lat="34.591275555555555" lon="137.092235">
<ele>7</ele>
</trkpt>
<trkpt lat="34.59127138888889" lon="137.09228944444445">
<ele>8</ele>
</trkpt>
<trkpt lat="34.59126722222222" lon="137.09234361111112">
<ele>8</ele>
</trkpt>
<trkpt lat="34.59126305555556" lon="137.09239805555555">
<ele>8</ele>
</trkpt>
<trkpt lat="34.59126194444445" lon="137.09241138888888">
<ele>8</ele>
</trkpt>
<trkpt lat="34.59126194444445" lon="137.09241138888888">
<ele>8</ele>
</trkpt>
<trkpt lat="34.591273055555554" lon="137.09247611111113">
<ele>7</ele>
</trkpt>
<trkpt lat="34.59128388888889" lon="137.09254055555556">
<ele>7</ele>
</trkpt>
<trkpt lat="34.59129472222222" lon="137.09260527777778">
<ele>7</ele>
</trkpt>
<trkpt lat="34.59130583333334" lon="137.09267">
<ele>6</ele>
</trkpt>
<trkpt lat="34.591316666666664" lon="137.09273472222222">
<ele>6</ele>
</trkpt>
<trkpt lat="34.5913275" lon="137.09279916666668">
<ele>5</ele>
</trkpt>
<trkpt lat="34.59133861111111" lon="137.0928638888889">
<ele>8</ele>
</trkpt>
<trkpt lat="34.59134944444445" lon="137.09292861111112">
<ele>7</ele>
</trkpt>
<trkpt lat="34.59136027777778" lon="137.09299333333334">
<ele>7</ele>
</trkpt>
<trkpt lat="34.59137138888889" lon="137.09305777777777">
<ele>7</ele>
</trkpt>
<trkpt lat="34.59138222222222" lon="137.0931225">
<ele>6</ele>
</trkpt>
<trkpt lat="34.59139305555556" lon="137.0931872222222">
<ele>6</ele>
</trkpt>
<trkpt lat="34.59140416666666" lon="137.09325194444443">
<ele>6</ele>
</trkpt>
<trkpt lat="34.591415" lon="137.0933163888889">
<ele>6</ele>
</trkpt>
<trkpt lat="34.59142583333333" lon="137.0933811111111">
<ele>6</ele>
</trkpt>
<trkpt lat="34.59143666666667" lon="137.09344583333333">
<ele>5</ele>
</trkpt>
<trkpt lat="34.59144777777778" lon="137.09351055555555">
<ele>7</ele>
</trkpt>
<trkpt lat="34.59145861111111" lon="137.09357527777777">
<ele>6</ele>
</trkpt>
<trkpt lat="34.59146944444444" lon="137.09363972222224">
<ele>6</ele>
</trkpt>
<trkpt lat="34.59146944444444" lon="137.09363972222224">
<ele>6</ele>
</trkpt>
<trkpt lat="34.59150277777778" lon="137.09367666666665">
<ele>5</ele>
</trkpt>
<trkpt lat="34.59153583333333" lon="137.0937136111111">
<ele>5</ele>
</trkpt>
<trkpt lat="34.59156888888889" lon="137.0937502777778">
<ele>6</ele>
</trkpt>
<trkpt lat="34.59157555555556" lon="137.09375777777777">
<ele>6</ele>
</trkpt>
<trkpt lat="34.59157555555556" lon="137.09375777777777">
<ele>6</ele>
</trkpt>
<trkpt lat="34.59162027777778" lon="137.09376138888888">
<ele>6</ele>
</trkpt>
<trkpt lat="34.59166527777778" lon="137.09376472222223">
<ele>6</ele>
</trkpt>
<trkpt lat="34.59171" lon="137.09376833333334">
<ele>7</ele>
</trkpt>
<trkpt lat="34.59175472222222" lon="137.09377166666667">
<ele>7</ele>
</trkpt>
<trkpt lat="34.59179972222222" lon="137.09377527777778">
<ele>7</ele>
</trkpt>
<trkpt lat="34.59184444444445" lon="137.0937786111111">
<ele>5</ele>
</trkpt>
<trkpt lat="34.59188944444445" lon="137.09378194444446">
<ele>6</ele>
</trkpt>
<trkpt lat="34.59193416666667" lon="137.09378555555554">
<ele>6</ele>
</trkpt>
<trkpt lat="34.59197888888889" lon="137.0937888888889">
<ele>6</ele>
</trkpt>
<trkpt lat="34.59202388888889" lon="137.0937925">
<ele>7</ele>
</trkpt>
<trkpt lat="34.59206138888889" lon="137.0937952777778">
<ele>3</ele>
</trkpt>
<trkpt lat="34.59206138888889" lon="137.0937952777778">
<ele>3</ele>
</trkpt>
<trkpt lat="34.592057777777775" lon="137.09384972222222">
<ele>3</ele>
</trkpt>
<trkpt lat="34.59205444444444" lon="137.09390416666668">
<ele>3</ele>
</trkpt>
<trkpt lat="34.59205083333333" lon="137.0939586111111">
<ele>3</ele>
</trkpt>
<trkpt lat="34.59204722222222" lon="137.09401305555556">
<ele>3</ele>
</trkpt>
<trkpt lat="34.59204388888889" lon="137.09406722222224">
<ele>3</ele>
</trkpt>
<trkpt lat="34.59204027777778" lon="137.09412166666667">
<ele>4</ele>
</trkpt>
<trkpt lat="34.592036666666665" lon="137.09417611111112">
<ele>4</ele>
</trkpt>
<trkpt lat="34.59203333333333" lon="137.09423055555555">
<ele>8</ele>
</trkpt>
<trkpt lat="34.59202972222222" lon="137.094285">
<ele>8</ele>
</trkpt>
<trkpt lat="34.59202638888889" lon="137.09433944444444">
<ele>8</ele>
</trkpt>
<trkpt lat="34.59202277777778" lon="137.09439361111112">
<ele>9</ele>
</trkpt>
<trkpt lat="34.59201916666667" lon="137.09444805555555">
<ele>9</ele>
</trkpt>
<trkpt lat="34.592015833333335" lon="137.0945025">
<ele>9</ele>
</trkpt>
<trkpt lat="34.59201222222222" lon="137.09455694444443">
<ele>9</ele>
</trkpt>
<trkpt lat="34.59200861111111" lon="137.0946113888889">
<ele>9</ele>
</trkpt>
<trkpt lat="34.59200527777778" lon="137.09466555555557">
<ele>9</ele>
</trkpt>
<trkpt lat="34.59200388888889" lon="137.09468583333333">
<ele>9</ele>
</trkpt>
<trkpt lat="34.59200388888889" lon="137.09468583333333">
<ele>9</ele>
</trkpt>
<trkpt lat="34.59196472222222" lon="137.09471277777777">
<ele>10</ele>
</trkpt>
<trkpt lat="34.591925555555555" lon="137.09473944444446">
<ele>10</ele>
</trkpt>
<trkpt lat="34.59188638888889" lon="137.0947661111111">
<ele>10</ele>
</trkpt>
<trkpt lat="34.5918475" lon="137.09479305555556">
<ele>10</ele>
</trkpt>
<trkpt lat="34.59180833333333" lon="137.0948197222222">
<ele>10</ele>
</trkpt>
<trkpt lat="34.591769166666666" lon="137.09484666666665">
<ele>10</ele>
</trkpt>
<trkpt lat="34.59173" lon="137.09487333333334">
<ele>10</ele>
</trkpt>
<trkpt lat="34.59169083333333" lon="137.0949">
<ele>10</ele>
</trkpt>
<trkpt lat="34.59169027777778" lon="137.09490055555557">
<ele>10</ele>
</trkpt>
<trkpt lat="34.59169027777778" lon="137.09490055555557">
<ele>10</ele>
</trkpt>
<trkpt lat="34.59168444444445" lon="137.09495444444445">
<ele>10</ele>
</trkpt>
<trkpt lat="34.591678333333334" lon="137.0950086111111">
<ele>10</ele>
</trkpt>
<trkpt lat="34.5916725" lon="137.09506277777777">
<ele>10</ele>
</trkpt>
<trkpt lat="34.59166666666667" lon="137.09511666666666">
<ele>10</ele>
</trkpt>
<trkpt lat="34.591660555555556" lon="137.09517083333333">
<ele>10</ele>
</trkpt>
<trkpt lat="34.59165472222222" lon="137.095225">
<ele>10</ele>
</trkpt>
<trkpt lat="34.59164861111111" lon="137.09527888888888">
<ele>10</ele>
</trkpt>
<trkpt lat="34.59164277777778" lon="137.09533305555556">
<ele>10</ele>
</trkpt>
<trkpt lat="34.591636666666666" lon="137.09538722222223">
<ele>10</ele>
</trkpt>
<trkpt lat="34.59163083333333" lon="137.0954411111111">
<ele>10</ele>
</trkpt>
<trkpt lat="34.59162472222222" lon="137.0954952777778">
<ele>10</ele>
</trkpt>
<trkpt lat="34.59161888888889" lon="137.09554944444446">
<ele>10</ele>
</trkpt>
<trkpt lat="34.591612777777776" lon="137.09560333333334">
<ele>10</ele>
</trkpt>
<trkpt lat="34.59160694444444" lon="137.0956575">
<ele>10</ele>
</trkpt>
<trkpt lat="34.59160083333333" lon="137.09571166666666">
<ele>10</ele>
</trkpt>
<trkpt lat="34.591595" lon="137.09576583333333">
<ele>10</ele>
</trkpt>
<trkpt lat="34.591589166666665" lon="137.09581972222222">
<ele>10</ele>
</trkpt>
<trkpt lat="34.59158305555555" lon="137.0958738888889">
<ele>10</ele>
</trkpt>
<trkpt lat="34.59157722222222" lon="137.09592805555556">
<ele>10</ele>
</trkpt>
<trkpt lat="34.59157111111111" lon="137.09598194444445">
<ele>10</ele>
</trkpt>
<trkpt lat="34.591565277777775" lon="137.09603611111112">
<ele>10</ele>
</trkpt>
<trkpt lat="34.59155916666667" lon="137.0960902777778">
<ele>10</ele>
</trkpt>
<trkpt lat="34.59155333333333" lon="137.09614416666668">
<ele>10</ele>
</trkpt>
<trkpt lat="34.59154916666667" lon="137.0961825">
<ele>10</ele>
</trkpt>
<trkpt lat="34.59154916666667" lon="137.0961825">
<ele>10</ele>
</trkpt>
<trkpt lat="34.59153444444444" lon="137.09623416666668">
<ele>10</ele>
</trkpt>
<trkpt lat="34.59152" lon="137.09628583333333">
<ele>10</ele>
</trkpt>
<trkpt lat="34.59150555555556" lon="137.0963375">
<ele>10</ele>
</trkpt>
<trkpt lat="34.59149111111111" lon="137.09638916666665">
<ele>10</ele>
</trkpt>
<trkpt lat="34.59148277777778" lon="137.09641861111112">
<ele>10</ele>
</trkpt>
<trkpt lat="34.59148277777778" lon="137.09641861111112">
<ele>10</ele>
</trkpt>
<trkpt lat="34.59148361111111" lon="137.09647305555555">
<ele>10</ele>
</trkpt>
<trkpt lat="34.59148416666667" lon="137.09652777777777">
<ele>10</ele>
</trkpt>
<trkpt lat="34.591485" lon="137.09658222222222">
<ele>10</ele>
</trkpt>
<trkpt lat="34.59148583333333" lon="137.09663666666665">
<ele>10</ele>
</trkpt>
<trkpt lat="34.59148638888889" lon="137.0966913888889">
<ele>10</ele>
</trkpt>
<trkpt lat="34.59148722222222" lon="137.09674583333333">
<ele>10</ele>
</trkpt>
<trkpt lat="34.59148805555556" lon="137.09680055555555">
<ele>10</ele>
</trkpt>
<trkpt lat="34.59148861111111" lon="137.096855">
<ele>10</ele>
</trkpt>
<trkpt lat="34.59148944444444" lon="137.09690944444444">
<ele>10</ele>
</trkpt>
<trkpt lat="34.59149027777778" lon="137.09696416666668">
<ele>10</ele>
</trkpt>
<trkpt lat="34.59149083333333" lon="137.0970186111111">
<ele>10</ele>
</trkpt>
<trkpt lat="34.59149166666667" lon="137.09707305555557">
<ele>10</ele>
</trkpt>
<trkpt lat="34.59149166666667" lon="137.09707305555557">
<ele>10</ele>
</trkpt>
<trkpt lat="34.59148305555556" lon="137.09712666666667">
<ele>10</ele>
</trkpt>
<trkpt lat="34.59147472222222" lon="137.09718027777777">
<ele>10</ele>
</trkpt>
<trkpt lat="34.59146611111111" lon="137.0972338888889">
<ele>10</ele>
</trkpt>
<trkpt lat="34.59145777777778" lon="137.09728722222223">
<ele>10</ele>
</trkpt>
<trkpt lat="34.59144916666666" lon="137.09734083333333">
<ele>10</ele>
</trkpt>
<trkpt lat="34.59144055555556" lon="137.09739444444443">
<ele>10</ele>
</trkpt>
<trkpt lat="34.591432222222224" lon="137.09744805555556">
<ele>10</ele>
</trkpt>
<trkpt lat="34.59142361111111" lon="137.09750166666666">
<ele>10</ele>
</trkpt>
<trkpt lat="34.59142111111111" lon="137.09751833333334">
<ele>10</ele>
</trkpt>
<trkpt lat="34.59142111111111" lon="137.09751833333334">
<ele>10</ele>
</trkpt>
<trkpt lat="34.59139722222222" lon="137.09756472222222">
<ele>10</ele>
</trkpt>
<trkpt lat="34.59137361111111" lon="137.09761111111112">
<ele>10</ele>
</trkpt>
<trkpt lat="34.59135" lon="137.0976575">
<ele>10</ele>
</trkpt>
<trkpt lat="34.59132638888889" lon="137.0977038888889">
<ele>10</ele>
</trkpt>
<trkpt lat="34.59130277777778" lon="137.09775027777778">
<ele>10</ele>
</trkpt>
<trkpt lat="34.59127888888889" lon="137.0977963888889">
<ele>10</ele>
</trkpt>
<trkpt lat="34.591255277777776" lon="137.09784277777777">
<ele>10</ele>
</trkpt>
<trkpt lat="34.591231666666665" lon="137.09788916666668">
<ele>10</ele>
</trkpt>
<trkpt lat="34.591208055555555" lon="137.09793555555555">
<ele>10</ele>
</trkpt>
<trkpt lat="34.591184444444444" lon="137.09798194444446">
<ele>10</ele>
</trkpt>
<trkpt lat="34.59116083333333" lon="137.09802833333333">
<ele>10</ele>
</trkpt>
<trkpt lat="34.59113694444444" lon="137.09807472222224">
<ele>10</ele>
</trkpt>
<trkpt lat="34.59111333333333" lon="137.0981211111111">
<ele>10</ele>
</trkpt>
<trkpt lat="34.59108972222222" lon="137.0981675">
<ele>10</ele>
</trkpt>
<trkpt lat="34.59108972222222" lon="137.0981675">
<ele>10</ele>
</trkpt>
<trkpt lat="34.59110777777778" lon="137.0982175">
<ele>10</ele>
</trkpt>
<trkpt lat="34.59112555555556" lon="137.0982675">
<ele>10</ele>
</trkpt>
<trkpt lat="34.591143611111114" lon="137.0983175">
<ele>10</ele>
</trkpt>
<trkpt lat="34.591161666666665" lon="137.0983675">
<ele>10</ele>
</trkpt>
<trkpt lat="34.591165" lon="137.09837666666667">
<ele>10</ele>
</trkpt>
<trkpt lat="34.591165" lon="137.09837666666667">
<ele>10</ele>
</trkpt>
<trkpt lat="34.591145" lon="137.09842555555556">
<ele>10</ele>
</trkpt>
<trkpt lat="34.59112527777778" lon="137.09847444444443">
<ele>10</ele>
</trkpt>
<trkpt lat="34.59110555555556" lon="137.09852361111112">
<ele>9</ele>
</trkpt>
<trkpt lat="34.59108583333333" lon="137.0985725">
<ele>10</ele>
</trkpt>
<trkpt lat="34.59106611111111" lon="137.09862166666667">
<ele>10</ele>
</trkpt>
<trkpt lat="34.591054444444445" lon="137.09865027777778">
<ele>10</ele>
</trkpt>
<trkpt lat="34.591054444444445" lon="137.09865027777778">
<ele>10</ele>
</trkpt>
<trkpt lat="34.591009722222225" lon="137.09865416666668">
<ele>10</ele>
</trkpt>
<trkpt lat="34.590964722222225" lon="137.09865805555555">
<ele>10</ele>
</trkpt>
<trkpt lat="34.59092" lon="137.09866194444444">
<ele>10</ele>
</trkpt>
<trkpt lat="34.590875277777776" lon="137.09866583333334">
<ele>10</ele>
</trkpt>
<trkpt lat="34.590830555555556" lon="137.0986697222222">
<ele>10</ele>
</trkpt>
<trkpt lat="34.590807222222224" lon="137.09867166666666">
<ele>10</ele>
</trkpt>
<trkpt lat="34.590807222222224" lon="137.09867166666666">
<ele>10</ele>
</trkpt>
<trkpt lat="34.59079333333333" lon="137.0987236111111">
<ele>10</ele>
</trkpt>
<trkpt lat="34.59077944444444" lon="137.09877527777778">
<ele>10</ele>
</trkpt>
<trkpt lat="34.590765555555556" lon="137.0988272222222">
<ele>10</ele>
</trkpt>
<trkpt lat="34.59075166666667" lon="137.09887916666668">
<ele>10</ele>
</trkpt>
<trkpt lat="34.590737777777775" lon="137.0989311111111">
<ele>10</ele>
</trkpt>
<trkpt lat="34.59072388888889" lon="137.09898305555555">
<ele>10</ele>
</trkpt>
<trkpt lat="34.59071" lon="137.09903472222223">
<ele>10</ele>
</trkpt>
<trkpt lat="34.590696111111114" lon="137.09908666666666">
<ele>10</ele>
</trkpt>
<trkpt lat="34.59069222222222" lon="137.09910083333332">
<ele>12</ele>
</trkpt>
<trkpt lat="34.59069222222222" lon="137.09910083333332">
<ele>12</ele>
</trkpt>
<trkpt lat="34.59076722222222" lon="137.0991175">
<ele>12</ele>
</trkpt>
<trkpt lat="34.59084194444444" lon="137.09913416666666">
<ele>12</ele>
</trkpt>
<trkpt lat="34.590916944444444" lon="137.09915083333334">
<ele>12</ele>
</trkpt>
<trkpt lat="34.59099166666667" lon="137.0991675">
<ele>13</ele>
</trkpt>
<trkpt lat="34.59106666666667" lon="137.09918416666667">
<ele>13</ele>
</trkpt>
<trkpt lat="34.591141388888886" lon="137.09920083333333">
<ele>13</ele>
</trkpt>
<trkpt lat="34.59121611111111" lon="137.0992175">
<ele>13</ele>
</trkpt>
<trkpt lat="34.59129111111111" lon="137.09923416666666">
<ele>13</ele>
</trkpt>
<trkpt lat="34.591365833333334" lon="137.09925083333334">
<ele>14</ele>
</trkpt>
<trkpt lat="34.59144083333333" lon="137.0992672222222">
<ele>14</ele>
</trkpt>
<trkpt lat="34.59151555555555" lon="137.0992838888889">
<ele>14</ele>
</trkpt>
<trkpt lat="34.591590555555555" lon="137.09930055555554">
<ele>14</ele>
</trkpt>
<trkpt lat="34.59166527777778" lon="137.09931722222223">
<ele>14</ele>
</trkpt>
<trkpt lat="34.59174" lon="137.09933388888888">
<ele>14</ele>
</trkpt>
<trkpt lat="34.591815" lon="137.09935055555556">
<ele>14</ele>
</trkpt>
<trkpt lat="34.59188972222222" lon="137.0993672222222">
<ele>14</ele>
</trkpt>
<trkpt lat="34.59196472222222" lon="137.0993838888889">
<ele>14</ele>
</trkpt>
<trkpt lat="34.592039444444445" lon="137.09940055555555">
<ele>14</ele>
</trkpt>
<trkpt lat="34.59211444444445" lon="137.09941722222223">
<ele>14</ele>
</trkpt>
<trkpt lat="34.59211444444445" lon="137.09941722222223">
<ele>14</ele>
</trkpt>
<trkpt lat="34.59209666666667" lon="137.09953777777778">
<ele>13</ele>
</trkpt>
<trkpt lat="34.59207888888889" lon="137.09965805555555">
<ele>13</ele>
</trkpt>
<trkpt lat="34.59206138888889" lon="137.0997786111111">
<ele>13</ele>
</trkpt>
<trkpt lat="34.59204361111111" lon="137.09989916666666">
<ele>13</ele>
</trkpt>
<trkpt lat="34.59202611111111" lon="137.10001944444446">
<ele>14</ele>
</trkpt>
<trkpt lat="34.59200833333333" lon="137.10014">
<ele>14</ele>
</trkpt>
<trkpt lat="34.591990555555554" lon="137.10026027777778">
<ele>13</ele>
</trkpt>
<trkpt lat="34.591973055555556" lon="137.10038083333333">
<ele>13</ele>
</trkpt>
<trkpt lat="34.59195527777778" lon="137.1005013888889">
<ele>13</ele>
</trkpt>
<trkpt lat="34.59193777777778" lon="137.10062166666665">
<ele>13</ele>
</trkpt>
<trkpt lat="34.59192" lon="137.1007422222222">
<ele>13</ele>
</trkpt>
<trkpt lat="34.591902222222224" lon="137.1008627777778">
<ele>13</ele>
</trkpt>
<trkpt lat="34.591884722222225" lon="137.10098305555556">
<ele>12</ele>
</trkpt>
<trkpt lat="34.59186694444445" lon="137.1011036111111">
<ele>12</ele>
</trkpt>
<trkpt lat="34.59184944444444" lon="137.10122388888888">
<ele>12</ele>
</trkpt>
<trkpt lat="34.591831666666664" lon="137.10134444444444">
<ele>13</ele>
</trkpt>
<trkpt lat="34.591814166666666" lon="137.101465">
<ele>15</ele>
</trkpt>
<trkpt lat="34.59179638888889" lon="137.1015852777778">
<ele>15</ele>
</trkpt>
<trkpt lat="34.59177861111111" lon="137.10170583333334">
<ele>16</ele>
</trkpt>
<trkpt lat="34.59177861111111" lon="137.10170583333334">
<ele>16</ele>
</trkpt>
<trkpt lat="34.59177861111111" lon="137.10170583333334">
<ele>16</ele>
</trkpt>
<trkpt lat="34.59174055555555" lon="137.10182583333332">
<ele>15</ele>
</trkpt>
<trkpt lat="34.5917025" lon="137.10194583333333">
<ele>16</ele>
</trkpt>
<trkpt lat="34.59166444444445" lon="137.10206583333334">
<ele>15</ele>
</trkpt>
<trkpt lat="34.59162611111111" lon="137.10218583333332">
<ele>15</ele>
</trkpt>
<trkpt lat="34.591588055555555" lon="137.10230583333333">
<ele>16</ele>
</trkpt>
<trkpt lat="34.59155" lon="137.10242583333334">
<ele>15</ele>
</trkpt>
<trkpt lat="34.59151194444444" lon="137.10254583333332">
<ele>16</ele>
</trkpt>
<trkpt lat="34.59147388888889" lon="137.10266583333333">
<ele>16</ele>
</trkpt>
<trkpt lat="34.591435555555556" lon="137.10278583333334">
<ele>16</ele>
</trkpt>
<trkpt lat="34.5913975" lon="137.10290583333332">
<ele>16</ele>
</trkpt>
<trkpt lat="34.59135944444444" lon="137.10302583333333">
<ele>17</ele>
</trkpt>
<trkpt lat="34.591321388888886" lon="137.10314583333334">
<ele>16</ele>
</trkpt>
<trkpt lat="34.59128305555556" lon="137.10326583333332">
<ele>16</ele>
</trkpt>
<trkpt lat="34.591245" lon="137.10338583333333">
<ele>17</ele>
</trkpt>
<trkpt lat="34.591206944444444" lon="137.10350555555556">
<ele>16</ele>
</trkpt>
<trkpt lat="34.59116888888889" lon="137.10362555555557">
<ele>16</ele>
</trkpt>
<trkpt lat="34.59113055555556" lon="137.10374555555555">
<ele>16</ele>
</trkpt>
<trkpt lat="34.5910925" lon="137.10386555555556">
<ele>16</ele>
</trkpt>
<trkpt lat="34.591054444444445" lon="137.10398555555557">
<ele>16</ele>
</trkpt>
<trkpt lat="34.59101638888889" lon="137.10410555555555">
<ele>16</ele>
</trkpt>
<trkpt lat="34.59097833333333" lon="137.10422555555556">
<ele>15</ele>
</trkpt>
<trkpt lat="34.59094" lon="137.10434555555557">
<ele>16</ele>
</trkpt>
<trkpt lat="34.59090194444445" lon="137.10446555555555">
<ele>16</ele>
</trkpt>
<trkpt lat="34.59086388888889" lon="137.10458555555556">
<ele>15</ele>
</trkpt>
<trkpt lat="34.590825833333334" lon="137.10470555555557">
<ele>15</ele>
</trkpt>
<trkpt lat="34.5907875" lon="137.10482555555555">
<ele>16</ele>
</trkpt>
<trkpt lat="34.59074944444444" lon="137.10494555555556">
<ele>15</ele>
</trkpt>
<trkpt lat="34.59071138888889" lon="137.10506555555557">
<ele>15</ele>
</trkpt>
<trkpt lat="34.590673333333335" lon="137.10518555555555">
<ele>14</ele>
</trkpt>
<trkpt lat="34.59063527777778" lon="137.10530555555556">
<ele>14</ele>
</trkpt>
<trkpt lat="34.59059694444444" lon="137.10542555555554">
<ele>13</ele>
</trkpt>
<trkpt lat="34.590558888888886" lon="137.10554555555555">
<ele>13</ele>
</trkpt>
<trkpt lat="34.590520833333336" lon="137.10566555555556">
<ele>13</ele>
</trkpt>
<trkpt lat="34.59048277777778" lon="137.10578555555554">
<ele>14</ele>
</trkpt>
<trkpt lat="34.590444444444444" lon="137.10590555555555">
<ele>14</ele>
</trkpt>
<trkpt lat="34.59040638888889" lon="137.10602555555556">
<ele>14</ele>
</trkpt>
<trkpt lat="34.59036833333333" lon="137.10614555555554">
<ele>14</ele>
</trkpt>
<trkpt lat="34.59033027777778" lon="137.10626555555555">
<ele>13</ele>
</trkpt>
<trkpt lat="34.59033027777778" lon="137.10626555555555">
<ele>13</ele>
</trkpt>
<trkpt lat="34.59033027777778" lon="137.10626555555555">
<ele>13</ele>
</trkpt>
<trkpt lat="34.590315833333335" lon="137.10633">
<ele>13</ele>
</trkpt>
<trkpt lat="34.59030138888889" lon="137.10639444444445">
<ele>13</ele>
</trkpt>
<trkpt lat="34.59028694444444" lon="137.10645888888888">
<ele>14</ele>
</trkpt>
<trkpt lat="34.5902725" lon="137.1065236111111">
<ele>14</ele>
</trkpt>
<trkpt lat="34.59025805555556" lon="137.10658805555556">
<ele>14</ele>
</trkpt>
<trkpt lat="34.59024361111111" lon="137.1066525">
<ele>14</ele>
</trkpt>
<trkpt lat="34.59022944444445" lon="137.10671694444446">
<ele>14</ele>
</trkpt>
<trkpt lat="34.590215" lon="137.1067813888889">
<ele>14</ele>
</trkpt>
<trkpt lat="34.590200555555555" lon="137.10684583333332">
<ele>14</ele>
</trkpt>
<trkpt lat="34.59018611111111" lon="137.10691027777779">
<ele>14</ele>
</trkpt>
<trkpt lat="34.59017166666667" lon="137.106975">
<ele>14</ele>
</trkpt>
<trkpt lat="34.590157222222224" lon="137.10703944444444">
<ele>14</ele>
</trkpt>
<trkpt lat="34.59014277777778" lon="137.1071038888889">
<ele>14</ele>
</trkpt>
<trkpt lat="34.59012833333333" lon="137.10716833333333">
<ele>13</ele>
</trkpt>
<trkpt lat="34.590114166666666" lon="137.10723277777777">
<ele>13</ele>
</trkpt>
<trkpt lat="34.59009972222222" lon="137.10729722222223">
<ele>13</ele>
</trkpt>
<trkpt lat="34.590085277777774" lon="137.10736166666666">
<ele>13</ele>
</trkpt>
<trkpt lat="34.590070833333336" lon="137.10742611111112">
<ele>13</ele>
</trkpt>
<trkpt lat="34.59005638888889" lon="137.10749083333334">
<ele>13</ele>
</trkpt>
<trkpt lat="34.59005638888889" lon="137.10749083333334">
<ele>13</ele>
</trkpt>
<trkpt lat="34.59005305555556" lon="137.1075825">
<ele>13</ele>
</trkpt>
<trkpt lat="34.590049444444446" lon="137.10767416666667">
<ele>13</ele>
</trkpt>
<trkpt lat="34.590045833333335" lon="137.10776611111112">
<ele>13</ele>
</trkpt>
<trkpt lat="34.5900425" lon="137.10785777777778">
<ele>13</ele>
</trkpt>
<trkpt lat="34.59003888888889" lon="137.10794944444444">
<ele>12</ele>
</trkpt>
<trkpt lat="34.59003555555555" lon="137.1080413888889">
<ele>12</ele>
</trkpt>
<trkpt lat="34.59003194444445" lon="137.10813305555556">
<ele>12</ele>
</trkpt>
<trkpt lat="34.59002861111111" lon="137.10822472222222">
<ele>12</ele>
</trkpt>
<trkpt lat="34.590025" lon="137.10831666666667">
<ele>12</ele>
</trkpt>
<trkpt lat="34.590021666666665" lon="137.10840833333333">
<ele>12</ele>
</trkpt>
<trkpt lat="34.590018055555554" lon="137.1085">
<ele>12</ele>
</trkpt>
<trkpt lat="34.59001444444444" lon="137.10859194444444">
<ele>11</ele>
</trkpt>
<trkpt lat="34.59001111111111" lon="137.1086836111111">
<ele>11</ele>
</trkpt>
<trkpt lat="34.5900075" lon="137.10877527777777">
<ele>11</ele>
</trkpt>
<trkpt lat="34.59000416666667" lon="137.10886722222222">
<ele>11</ele>
</trkpt>
<trkpt lat="34.590000555555555" lon="137.10895888888888">
<ele>11</ele>
</trkpt>
<trkpt lat="34.58999722222222" lon="137.10905055555557">
<ele>10</ele>
</trkpt>
<trkpt lat="34.58999361111111" lon="137.1091425">
<ele>10</ele>
</trkpt>
<trkpt lat="34.58999027777778" lon="137.10923416666665">
<ele>10</ele>
</trkpt>
<trkpt lat="34.58999027777778" lon="137.10923416666665">
<ele>10</ele>
</trkpt>
<trkpt lat="34.59000888888889" lon="137.1093125">
<ele>11</ele>
</trkpt>
<trkpt lat="34.59002777777778" lon="137.10939055555556">
<ele>11</ele>
</trkpt>
<trkpt lat="34.590046666666666" lon="137.1094688888889">
<ele>11</ele>
</trkpt>
<trkpt lat="34.590065555555555" lon="137.10954694444445">
<ele>11</ele>
</trkpt>
<trkpt lat="34.590084166666664" lon="137.10962527777778">
<ele>10</ele>
</trkpt>
<trkpt lat="34.59010305555555" lon="137.10970333333333">
<ele>10</ele>
</trkpt>
<trkpt lat="34.59012194444445" lon="137.10978166666666">
<ele>9</ele>
</trkpt>
<trkpt lat="34.590140833333336" lon="137.1098597222222">
<ele>9</ele>
</trkpt>
<trkpt lat="34.590159722222225" lon="137.10993805555555">
<ele>9</ele>
</trkpt>
<trkpt lat="34.590178333333334" lon="137.11001611111112">
<ele>9</ele>
</trkpt>
<trkpt lat="34.59019722222222" lon="137.11009444444446">
<ele>9</ele>
</trkpt>
<trkpt lat="34.59021611111111" lon="137.1101727777778">
<ele>8</ele>
</trkpt>
<trkpt lat="34.590235" lon="137.11025083333334">
<ele>8</ele>
</trkpt>
<trkpt lat="34.59025361111111" lon="137.11032916666667">
<ele>8</ele>
</trkpt>
<trkpt lat="34.5902725" lon="137.11040722222222">
<ele>8</ele>
</trkpt>
<trkpt lat="34.590291388888886" lon="137.11048555555556">
<ele>8</ele>
</trkpt>
<trkpt lat="34.590310277777775" lon="137.1105636111111">
<ele>8</ele>
</trkpt>
<trkpt lat="34.59032916666666" lon="137.11064194444444">
<ele>8</ele>
</trkpt>
<trkpt lat="34.59034777777778" lon="137.11072">
<ele>8</ele>
</trkpt>
<trkpt lat="34.59034777777778" lon="137.11072">
<ele>8</ele>
</trkpt>
<trkpt lat="34.59034777777778" lon="137.11072">
<ele>8</ele>
</trkpt>
<trkpt lat="34.590383333333335" lon="137.11080194444443">
<ele>8</ele>
</trkpt>
<trkpt lat="34.59041888888889" lon="137.11088388888888">
<ele>8</ele>
</trkpt>
<trkpt lat="34.59045444444445" lon="137.11096583333332">
<ele>9</ele>
</trkpt>
<trkpt lat="34.59049" lon="137.1110475">
<ele>9</ele>
</trkpt>
<trkpt lat="34.59052555555556" lon="137.11112944444446">
<ele>9</ele>
</trkpt>
<trkpt lat="34.590561111111114" lon="137.11121138888888">
<ele>9</ele>
</trkpt>
<trkpt lat="34.59059694444444" lon="137.11129333333332">
<ele>9</ele>
</trkpt>
<trkpt lat="34.5906325" lon="137.111375">
<ele>9</ele>
</trkpt>
<trkpt lat="34.590668055555554" lon="137.11145694444446">
<ele>9</ele>
</trkpt>
<trkpt lat="34.59070361111111" lon="137.1115388888889">
<ele>9</ele>
</trkpt>
<trkpt lat="34.590739166666665" lon="137.11162083333335">
<ele>9</ele>
</trkpt>
<trkpt lat="34.59077472222222" lon="137.11170277777777">
<ele>9</ele>
</trkpt>
<trkpt lat="34.59081027777778" lon="137.11178444444445">
<ele>9</ele>
</trkpt>
<trkpt lat="34.59084583333333" lon="137.1118663888889">
<ele>9</ele>
</trkpt>
<trkpt lat="34.59088138888889" lon="137.11194833333334">
<ele>9</ele>
</trkpt>
<trkpt lat="34.590916944444444" lon="137.1120302777778">
<ele>9</ele>
</trkpt>
<trkpt lat="34.5909525" lon="137.11211194444445">
<ele>9</ele>
</trkpt>
<trkpt lat="34.590988055555556" lon="137.1121938888889">
<ele>9</ele>
</trkpt>
<trkpt lat="34.59102361111111" lon="137.11227583333334">
<ele>9</ele>
</trkpt>
<trkpt lat="34.59102361111111" lon="137.11227583333334">
<ele>9</ele>
</trkpt>
<trkpt lat="34.59107361111111" lon="137.11237333333332">
<ele>9</ele>
</trkpt>
<trkpt lat="34.59112361111111" lon="137.11247083333333">
<ele>8</ele>
</trkpt>
<trkpt lat="34.59117333333333" lon="137.1125686111111">
<ele>9</ele>
</trkpt>
<trkpt lat="34.59122333333333" lon="137.1126661111111">
<ele>9</ele>
</trkpt>
<trkpt lat="34.59127333333333" lon="137.11276361111112">
<ele>9</ele>
</trkpt>
<trkpt lat="34.591323333333335" lon="137.1128613888889">
<ele>9</ele>
</trkpt>
<trkpt lat="34.59137333333334" lon="137.1129588888889">
<ele>9</ele>
</trkpt>
<trkpt lat="34.59142333333333" lon="137.11305638888888">
<ele>9</ele>
</trkpt>
<trkpt lat="34.59147333333333" lon="137.1131538888889">
<ele>9</ele>
</trkpt>
<trkpt lat="34.591523333333335" lon="137.11325166666666">
<ele>9</ele>
</trkpt>
<trkpt lat="34.591573333333336" lon="137.11334916666667">
<ele>9</ele>
</trkpt>
<trkpt lat="34.59162333333333" lon="137.11344666666668">
<ele>9</ele>
</trkpt>
<trkpt lat="34.59167305555555" lon="137.11354444444444">
<ele>9</ele>
</trkpt>
<trkpt lat="34.591723055555555" lon="137.11364194444445">
<ele>9</ele>
</trkpt>
<trkpt lat="34.59177305555556" lon="137.11373944444443">
<ele>9</ele>
</trkpt>
<trkpt lat="34.59182305555556" lon="137.11383694444444">
<ele>9</ele>
</trkpt>
<trkpt lat="34.59187305555555" lon="137.1139347222222">
<ele>9</ele>
</trkpt>
<trkpt lat="34.591923055555554" lon="137.11403222222222">
<ele>9</ele>
</trkpt>
<trkpt lat="34.591973055555556" lon="137.11412972222223">
<ele>9</ele>
</trkpt>
<trkpt lat="34.591973055555556" lon="137.11412972222223">
<ele>9</ele>
</trkpt>
<trkpt lat="34.591973055555556" lon="137.11412972222223">
<ele>9</ele>
</trkpt>
<trkpt lat="34.591989166666664" lon="137.11419027777777">
<ele>9</ele>
</trkpt>
<trkpt lat="34.59200555555555" lon="137.11425055555554">
<ele>9</ele>
</trkpt>
<trkpt lat="34.59202194444445" lon="137.1143111111111">
<ele>9</ele>
</trkpt>
<trkpt lat="34.592038055555555" lon="137.11437138888888">
<ele>9</ele>
</trkpt>
<trkpt lat="34.59205444444444" lon="137.11443194444445">
<ele>9</ele>
</trkpt>
<trkpt lat="34.59207055555556" lon="137.11449222222222">
<ele>9</ele>
</trkpt>
<trkpt lat="34.592086944444446" lon="137.1145527777778">
<ele>9</ele>
</trkpt>
<trkpt lat="34.592103055555555" lon="137.11461305555557">
<ele>9</ele>
</trkpt>
<trkpt lat="34.59211944444444" lon="137.1146736111111">
<ele>9</ele>
</trkpt>
<trkpt lat="34.59213583333333" lon="137.11473388888888">
<ele>9</ele>
</trkpt>
<trkpt lat="34.592151944444446" lon="137.11479444444444">
<ele>9</ele>
</trkpt>
<trkpt lat="34.59216833333333" lon="137.11485472222222">
<ele>9</ele>
</trkpt>
<trkpt lat="34.59218444444444" lon="137.11491527777778">
<ele>9</ele>
</trkpt>
<trkpt lat="34.59220083333334" lon="137.11497555555556">
<ele>9</ele>
</trkpt>
<trkpt lat="34.592216944444445" lon="137.11503611111112">
<ele>9</ele>
</trkpt>
<trkpt lat="34.59223333333333" lon="137.1150963888889">
<ele>9</ele>
</trkpt>
<trkpt lat="34.59224972222222" lon="137.11515694444444">
<ele>9</ele>
</trkpt>
<trkpt lat="34.592265833333336" lon="137.1152172222222">
<ele>9</ele>
</trkpt>
<trkpt lat="34.592282222222224" lon="137.11527777777778">
<ele>9</ele>
</trkpt>
<trkpt lat="34.592282222222224" lon="137.11527777777778">
<ele>9</ele>
</trkpt>
<trkpt lat="34.592282222222224" lon="137.11527777777778">
<ele>9</ele>
</trkpt>
<trkpt lat="34.59226722222222" lon="137.11544833333335">
<ele>10</ele>
</trkpt>
<trkpt lat="34.5922525" lon="137.1156188888889">
<ele>10</ele>
</trkpt>
<trkpt lat="34.5922375" lon="137.11578944444443">
<ele>11</ele>
</trkpt>
<trkpt lat="34.5922225" lon="137.11596">
<ele>12</ele>
</trkpt>
<trkpt lat="34.59220777777778" lon="137.11613055555554">
<ele>13</ele>
</trkpt>
<trkpt lat="34.592192777777775" lon="137.11630083333333">
<ele>13</ele>
</trkpt>
<trkpt lat="34.59217805555556" lon="137.1164713888889">
<ele>14</ele>
</trkpt>
<trkpt lat="34.59216305555555" lon="137.11664194444444">
<ele>14</ele>
</trkpt>
<trkpt lat="34.592148333333334" lon="137.1168125">
<ele>16</ele>
</trkpt>
<trkpt lat="34.59213333333334" lon="137.11698305555555">
<ele>16</ele>
</trkpt>
<trkpt lat="34.59211861111111" lon="137.11715361111112">
<ele>16</ele>
</trkpt>
<trkpt lat="34.59210361111111" lon="137.11732416666666">
<ele>17</ele>
</trkpt>
<trkpt lat="34.59208888888889" lon="137.11749472222223">
<ele>17</ele>
</trkpt>
<trkpt lat="34.59207388888889" lon="137.11766527777777">
<ele>17</ele>
</trkpt>
<trkpt lat="34.592058888888886" lon="137.11783583333334">
<ele>17</ele>
</trkpt>
<trkpt lat="34.59204416666667" lon="137.1180063888889">
<ele>18</ele>
</trkpt>
<trkpt lat="34.59202916666667" lon="137.11817694444446">
<ele>18</ele>
</trkpt>
<trkpt lat="34.592014444444445" lon="137.1183472222222">
<ele>19</ele>
</trkpt>
<trkpt lat="34.59199944444445" lon="137.11851777777778">
<ele>19</ele>
</trkpt>
<trkpt lat="34.59198472222222" lon="137.11868833333332">
<ele>19</ele>
</trkpt>
<trkpt lat="34.591969722222224" lon="137.1188588888889">
<ele>19</ele>
</trkpt>
<trkpt lat="34.591955" lon="137.11902944444444">
<ele>19</ele>
</trkpt>
<trkpt lat="34.59194" lon="137.1192">
<ele>19</ele>
</trkpt>
<trkpt lat="34.591925" lon="137.11937055555555">
<ele>19</ele>
</trkpt>
<trkpt lat="34.59191027777778" lon="137.11954111111112">
<ele>19</ele>
</trkpt>
<trkpt lat="34.59189527777778" lon="137.11971166666666">
<ele>19</ele>
</trkpt>
<trkpt lat="34.591880555555555" lon="137.11988222222223">
<ele>19</ele>
</trkpt>
<trkpt lat="34.59186555555556" lon="137.12005277777777">
<ele>19</ele>
</trkpt>
<trkpt lat="34.59185083333333" lon="137.12022333333334">
<ele>19</ele>
</trkpt>
<trkpt lat="34.591835833333334" lon="137.1203936111111">
<ele>19</ele>
</trkpt>
<trkpt lat="34.59182111111111" lon="137.12056416666667">
<ele>19</ele>
</trkpt>
<trkpt lat="34.59180611111111" lon="137.1207347222222">
<ele>19</ele>
</trkpt>
<trkpt lat="34.591791388888886" lon="137.12090527777778">
<ele>19</ele>
</trkpt>
<trkpt lat="34.59177638888889" lon="137.12107583333332">
<ele>18</ele>
</trkpt>
<trkpt lat="34.59176138888889" lon="137.1212463888889">
<ele>18</ele>
</trkpt>
<trkpt lat="34.591746666666666" lon="137.12141694444443">
<ele>18</ele>
</trkpt>
<trkpt lat="34.59173166666667" lon="137.1215875">
<ele>17</ele>
</trkpt>
<trkpt lat="34.59171694444444" lon="137.12175805555555">
<ele>17</ele>
</trkpt>
<trkpt lat="34.59171694444444" lon="137.12175805555555">
<ele>17</ele>
</trkpt>
<trkpt lat="34.59170666666667" lon="137.12195333333332">
<ele>16</ele>
</trkpt>
<trkpt lat="34.59169638888889" lon="137.1221486111111">
<ele>16</ele>
</trkpt>
<trkpt lat="34.59168611111111" lon="137.12234416666666">
<ele>16</ele>
</trkpt>
<trkpt lat="34.59167583333333" lon="137.12253944444444">
<ele>15</ele>
</trkpt>
<trkpt lat="34.59166583333333" lon="137.122735">
<ele>15</ele>
</trkpt>
<trkpt lat="34.591655555555555" lon="137.12293027777778">
<ele>15</ele>
</trkpt>
<trkpt lat="34.59164527777778" lon="137.12312555555556">
<ele>15</ele>
</trkpt>
<trkpt lat="34.591635" lon="137.12332111111112">
<ele>15</ele>
</trkpt>
<trkpt lat="34.59162472222222" lon="137.1235163888889">
<ele>16</ele>
</trkpt>
<trkpt lat="34.591614722222225" lon="137.12371166666668">
<ele>15</ele>
</trkpt>
<trkpt lat="34.59160444444444" lon="137.12390722222221">
<ele>14</ele>
</trkpt>
<trkpt lat="34.59159416666667" lon="137.1241025">
<ele>14</ele>
</trkpt>
<trkpt lat="34.59158388888889" lon="137.12429777777777">
<ele>14</ele>
</trkpt>
<trkpt lat="34.59157361111111" lon="137.12449333333333">
<ele>14</ele>
</trkpt>
<trkpt lat="34.59156361111111" lon="137.1246886111111">
<ele>14</ele>
</trkpt>
<trkpt lat="34.59155333333333" lon="137.12488416666667">
<ele>14</ele>
</trkpt>
<trkpt lat="34.591543055555555" lon="137.12507944444445">
<ele>14</ele>
</trkpt>
<trkpt lat="34.59153277777778" lon="137.12527472222223">
<ele>14</ele>
</trkpt>
<trkpt lat="34.5915225" lon="137.12547027777777">
<ele>14</ele>
</trkpt>
<trkpt lat="34.5915225" lon="137.12547027777777">
<ele>14</ele>
</trkpt>
<trkpt lat="34.5915225" lon="137.12547027777777">
<ele>14</ele>
</trkpt>
<trkpt lat="34.59151833333333" lon="137.12571861111113">
<ele>14</ele>
</trkpt>
<trkpt lat="34.59151416666667" lon="137.12596694444446">
<ele>14</ele>
</trkpt>
<trkpt lat="34.59151" lon="137.12621555555555">
<ele>14</ele>
</trkpt>
<trkpt lat="34.591505833333336" lon="137.12646388888888">
<ele>14</ele>
</trkpt>
<trkpt lat="34.591501666666666" lon="137.1267125">
<ele>13</ele>
</trkpt>
<trkpt lat="34.5914975" lon="137.12696083333333">
<ele>13</ele>
</trkpt>
<trkpt lat="34.59149333333333" lon="137.12720944444445">
<ele>13</ele>
</trkpt>
<trkpt lat="34.59148916666667" lon="137.12745777777778">
<ele>12</ele>
</trkpt>
<trkpt lat="34.591485" lon="137.1277063888889">
<ele>13</ele>
</trkpt>
<trkpt lat="34.591480833333335" lon="137.12795472222223">
<ele>14</ele>
</trkpt>
<trkpt lat="34.591476666666665" lon="137.12820305555556">
<ele>15</ele>
</trkpt>
<trkpt lat="34.5914725" lon="137.12845166666668">
<ele>16</ele>
</trkpt>
<trkpt lat="34.59146805555555" lon="137.1287">
<ele>16</ele>
</trkpt>
<trkpt lat="34.59146388888889" lon="137.1289486111111">
<ele>17</ele>
</trkpt>
<trkpt lat="34.591459722222226" lon="137.12919694444443">
<ele>17</ele>
</trkpt>
<trkpt lat="34.591455555555555" lon="137.12944555555555">
<ele>17</ele>
</trkpt>
<trkpt lat="34.59145138888889" lon="137.12969388888888">
<ele>17</ele>
</trkpt>
<trkpt lat="34.59144722222222" lon="137.1299425">
<ele>17</ele>
</trkpt>
<trkpt lat="34.59144305555556" lon="137.13019083333333">
<ele>17</ele>
</trkpt>
<trkpt lat="34.59144305555556" lon="137.13019083333333">
<ele>17</ele>
</trkpt>
<trkpt lat="34.59144305555556" lon="137.13019083333333">
<ele>17</ele>
</trkpt>
<trkpt lat="34.591425" lon="137.13032222222222">
<ele>17</ele>
</trkpt>
<trkpt lat="34.591406944444444" lon="137.1304536111111">
<ele>17</ele>
</trkpt>
<trkpt lat="34.591388611111114" lon="137.130585">
<ele>17</ele>
</trkpt>
<trkpt lat="34.59137055555556" lon="137.13071638888889">
<ele>17</ele>
</trkpt>
<trkpt lat="34.5913525" lon="137.13084777777777">
<ele>17</ele>
</trkpt>
<trkpt lat="34.59133416666667" lon="137.13097916666666">
<ele>17</ele>
</trkpt>
<trkpt lat="34.59131611111111" lon="137.13111055555555">
<ele>17</ele>
</trkpt>
<trkpt lat="34.591298055555555" lon="137.13124194444444">
<ele>17</ele>
</trkpt>
<trkpt lat="34.59128" lon="137.13137333333333">
<ele>17</ele>
</trkpt>
<trkpt lat="34.59126166666667" lon="137.13150472222222">
<ele>17</ele>
</trkpt>
<trkpt lat="34.59124361111111" lon="137.1316361111111">
<ele>17</ele>
</trkpt>
<trkpt lat="34.59122555555555" lon="137.1317675">
<ele>17</ele>
</trkpt>
<trkpt lat="34.5912075" lon="137.13189888888888">
<ele>16</ele>
</trkpt>
<trkpt lat="34.591189166666666" lon="137.13203027777777">
<ele>16</ele>
</trkpt>
<trkpt lat="34.59117111111111" lon="137.13216194444445">
<ele>16</ele>
</trkpt>
<trkpt lat="34.59115305555556" lon="137.13229333333334">
<ele>16</ele>
</trkpt>
<trkpt lat="34.591135" lon="137.13242472222223">
<ele>15</ele>
</trkpt>
<trkpt lat="34.591116666666665" lon="137.1325561111111">
<ele>15</ele>
</trkpt>
<trkpt lat="34.591098611111114" lon="137.1326875">
<ele>14</ele>
</trkpt>
<trkpt lat="34.591098611111114" lon="137.1326875">
<ele>14</ele>
</trkpt>
<trkpt lat="34.591098611111114" lon="137.1326875">
<ele>14</ele>
</trkpt>
<trkpt lat="34.59111638888889" lon="137.13277888888888">
<ele>13</ele>
</trkpt>
<trkpt lat="34.59113444444444" lon="137.13287027777778">
<ele>13</ele>
</trkpt>
<trkpt lat="34.59115222222222" lon="137.13296194444445">
<ele>12</ele>
</trkpt>
<trkpt lat="34.59117027777778" lon="137.13305333333332">
<ele>13</ele>
</trkpt>
<trkpt lat="34.591188055555556" lon="137.13314472222223">
<ele>14</ele>
</trkpt>
<trkpt lat="34.59120611111111" lon="137.1332363888889">
<ele>14</ele>
</trkpt>
<trkpt lat="34.59122388888889" lon="137.13332777777777">
<ele>14</ele>
</trkpt>
<trkpt lat="34.59124166666667" lon="137.13341916666667">
<ele>14</ele>
</trkpt>
<trkpt lat="34.59125972222222" lon="137.13351083333333">
<ele>14</ele>
</trkpt>
<trkpt lat="34.5912775" lon="137.1336022222222">
<ele>15</ele>
</trkpt>
<trkpt lat="34.591295555555554" lon="137.1336936111111">
<ele>15</ele>
</trkpt>
<trkpt lat="34.59131333333333" lon="137.133785">
<ele>15</ele>
</trkpt>
<trkpt lat="34.59133138888889" lon="137.13387666666668">
<ele>15</ele>
</trkpt>
<trkpt lat="34.59134916666667" lon="137.13396805555556">
<ele>15</ele>
</trkpt>
<trkpt lat="34.591366944444445" lon="137.13405944444443">
<ele>16</ele>
</trkpt>
<trkpt lat="34.591385" lon="137.13415111111112">
<ele>16</ele>
</trkpt>
<trkpt lat="34.59140277777778" lon="137.1342425">
<ele>16</ele>
</trkpt>
<trkpt lat="34.59142083333333" lon="137.13433388888888">
<ele>16</ele>
</trkpt>
<trkpt lat="34.59143861111111" lon="137.13442555555557">
<ele>16</ele>
</trkpt>
<trkpt lat="34.59143861111111" lon="137.13442555555557">
<ele>16</ele>
</trkpt>
<trkpt lat="34.59143861111111" lon="137.13442555555557">
<ele>16</ele>
</trkpt>
<trkpt lat="34.59146527777778" lon="137.13452166666667">
<ele>16</ele>
</trkpt>
<trkpt lat="34.59149222222222" lon="137.13461805555556">
<ele>16</ele>
</trkpt>
<trkpt lat="34.59151888888889" lon="137.13471416666667">
<ele>16</ele>
</trkpt>
<trkpt lat="34.591545555555555" lon="137.13481055555556">
<ele>17</ele>
</trkpt>
<trkpt lat="34.591572222222226" lon="137.13490694444445">
<ele>17</ele>
</trkpt>
<trkpt lat="34.59159916666667" lon="137.13500305555556">
<ele>18</ele>
</trkpt>
<trkpt lat="34.59162583333333" lon="137.13509944444445">
<ele>18</ele>
</trkpt>
<trkpt lat="34.5916525" lon="137.13519555555555">
<ele>18</ele>
</trkpt>
<trkpt lat="34.591679166666665" lon="137.13529194444445">
<ele>18</ele>
</trkpt>
<trkpt lat="34.591705833333336" lon="137.13538833333334">
<ele>19</ele>
</trkpt>
<trkpt lat="34.59173277777778" lon="137.13548444444444">
<ele>19</ele>
</trkpt>
<trkpt lat="34.59175944444444" lon="137.13558083333334">
<ele>20</ele>
</trkpt>
<trkpt lat="34.59178611111111" lon="137.13567694444444">
<ele>20</ele>
</trkpt>
<trkpt lat="34.591812777777776" lon="137.13577333333333">
<ele>21</ele>
</trkpt>
<trkpt lat="34.591839722222225" lon="137.13586972222222">
<ele>21</ele>
</trkpt>
<trkpt lat="34.59186638888889" lon="137.13596583333333">
<ele>21</ele>
</trkpt>
<trkpt lat="34.59189305555556" lon="137.13606222222222">
<ele>21</ele>
</trkpt>
<trkpt lat="34.59191972222222" lon="137.13615833333333">
<ele>21</ele>
</trkpt>
<trkpt lat="34.591946388888886" lon="137.13625472222222">
<ele>21</ele>
</trkpt>
<trkpt lat="34.591946388888886" lon="137.13625472222222">
<ele>21</ele>
</trkpt>
<trkpt lat="34.591945" lon="137.13642805555557">
<ele>21</ele>
</trkpt>
<trkpt lat="34.59194361111111" lon="137.1366011111111">
<ele>21</ele>
</trkpt>
<trkpt lat="34.59194222222222" lon="137.13677444444446">
<ele>21</ele>
</trkpt>
<trkpt lat="34.59194083333333" lon="137.13694777777778">
<ele>21</ele>
</trkpt>
<trkpt lat="34.59193944444444" lon="137.13712083333334">
<ele>21</ele>
</trkpt>
<trkpt lat="34.59193805555555" lon="137.13729416666666">
<ele>20</ele>
</trkpt>
<trkpt lat="34.59193666666667" lon="137.1374675">
<ele>20</ele>
</trkpt>
<trkpt lat="34.59193527777778" lon="137.13764083333334">
<ele>20</ele>
</trkpt>
<trkpt lat="34.59193388888889" lon="137.1378138888889">
<ele>19</ele>
</trkpt>
<trkpt lat="34.5919325" lon="137.13798722222222">
<ele>19</ele>
</trkpt>
<trkpt lat="34.59193111111111" lon="137.13816055555554">
<ele>19</ele>
</trkpt>
<trkpt lat="34.591929722222226" lon="137.1383336111111">
<ele>19</ele>
</trkpt>
<trkpt lat="34.591928333333335" lon="137.13850694444446">
<ele>19</ele>
</trkpt>
<trkpt lat="34.591926944444445" lon="137.13868027777778">
<ele>19</ele>
</trkpt>
<trkpt lat="34.591925555555555" lon="137.13885333333334">
<ele>19</ele>
</trkpt>
<trkpt lat="34.591924166666665" lon="137.13902666666667">
<ele>19</ele>
</trkpt>
<trkpt lat="34.591922777777775" lon="137.1392">
<ele>19</ele>
</trkpt>
<trkpt lat="34.59192138888889" lon="137.13937305555555">
<ele>19</ele>
</trkpt>
<trkpt lat="34.59192" lon="137.1395463888889">
<ele>19</ele>
</trkpt>
<trkpt lat="34.59192" lon="137.1395463888889">
<ele>19</ele>
</trkpt>
<trkpt lat="34.59195861111111" lon="137.1398213888889">
<ele>18</ele>
</trkpt>
<trkpt lat="34.591997222222226" lon="137.14009638888888">
<ele>18</ele>
</trkpt>
<trkpt lat="34.592035833333334" lon="137.1403713888889">
<ele>18</ele>
</trkpt>
<trkpt lat="34.59207444444444" lon="137.14064638888888">
<ele>18</ele>
</trkpt>
<trkpt lat="34.59211305555556" lon="137.1409213888889">
<ele>19</ele>
</trkpt>
<trkpt lat="34.59215138888889" lon="137.1411963888889">
<ele>19</ele>
</trkpt>
<trkpt lat="34.59219" lon="137.1414713888889">
<ele>18</ele>
</trkpt>
<trkpt lat="34.59222861111111" lon="137.1417463888889">
<ele>19</ele>
</trkpt>
<trkpt lat="34.59226722222222" lon="137.14202138888888">
<ele>19</ele>
</trkpt>
<trkpt lat="34.592305833333334" lon="137.1422963888889">
<ele>19</ele>
</trkpt>
<trkpt lat="34.59234444444444" lon="137.14257138888888">
<ele>19</ele>
</trkpt>
<trkpt lat="34.59238305555556" lon="137.1428463888889">
<ele>19</ele>
</trkpt>
<trkpt lat="34.59242166666667" lon="137.1431213888889">
<ele>19</ele>
</trkpt>
<trkpt lat="34.592460277777775" lon="137.1433963888889">
<ele>19</ele>
</trkpt>
<trkpt lat="34.59249888888889" lon="137.1436713888889">
<ele>19</ele>
</trkpt>
<trkpt lat="34.59253722222222" lon="137.14394638888888">
<ele>19</ele>
</trkpt>
<trkpt lat="34.592575833333335" lon="137.1442213888889">
<ele>19</ele>
</trkpt>
<trkpt lat="34.59261444444444" lon="137.14449638888888">
<ele>19</ele>
</trkpt>
<trkpt lat="34.59265305555556" lon="137.1447713888889">
<ele>19</ele>
</trkpt>
<trkpt lat="34.59265305555556" lon="137.1447713888889">
<ele>19</ele>
</trkpt>
<trkpt lat="34.592686944444445" lon="137.1449186111111">
<ele>21</ele>
</trkpt>
<trkpt lat="34.59272083333333" lon="137.1450661111111">
<ele>21</ele>
</trkpt>
<trkpt lat="34.592755" lon="137.1452136111111">
<ele>21</ele>
</trkpt>
<trkpt lat="34.59278888888889" lon="137.14536083333334">
<ele>21</ele>
</trkpt>
<trkpt lat="34.592822777777776" lon="137.14550833333334">
<ele>21</ele>
</trkpt>
<trkpt lat="34.59285666666667" lon="137.14565555555555">
<ele>21</ele>
</trkpt>
<trkpt lat="34.592890555555556" lon="137.14580305555555">
<ele>21</ele>
</trkpt>
<trkpt lat="34.59292444444444" lon="137.14595027777779">
<ele>21</ele>
</trkpt>
<trkpt lat="34.59295861111111" lon="137.14609777777778">
<ele>21</ele>
</trkpt>
<trkpt lat="34.5929925" lon="137.14624527777778">
<ele>21</ele>
</trkpt>
<trkpt lat="34.59302638888889" lon="137.1463925">
<ele>21</ele>
</trkpt>
<trkpt lat="34.59306027777778" lon="137.14654">
<ele>21</ele>
</trkpt>
<trkpt lat="34.59309416666667" lon="137.14668722222223">
<ele>21</ele>
</trkpt>
<trkpt lat="34.59312805555555" lon="137.14683472222222">
<ele>22</ele>
</trkpt>
<trkpt lat="34.59316222222222" lon="137.14698194444443">
<ele>21</ele>
</trkpt>
<trkpt lat="34.59319611111111" lon="137.14712944444443">
<ele>20</ele>
</trkpt>
<trkpt lat="34.59323" lon="137.14727666666667">
<ele>21</ele>
</trkpt>
<trkpt lat="34.59326388888889" lon="137.14742416666667">
<ele>21</ele>
</trkpt>
<trkpt lat="34.59329777777778" lon="137.14757166666666">
<ele>21</ele>
</trkpt>
<trkpt lat="34.59329777777778" lon="137.14757166666666">
<ele>21</ele>
</trkpt>
<trkpt lat="34.59334388888889" lon="137.14785277777779">
<ele>22</ele>
</trkpt>
<trkpt lat="34.59338972222222" lon="137.14813388888888">
<ele>22</ele>
</trkpt>
<trkpt lat="34.59343583333333" lon="137.1484152777778">
<ele>24</ele>
</trkpt>
<trkpt lat="34.59348194444444" lon="137.14869638888888">
<ele>26</ele>
</trkpt>
<trkpt lat="34.59352777777778" lon="137.1489775">
<ele>25</ele>
</trkpt>
<trkpt lat="34.59357388888889" lon="137.14925888888888">
<ele>26</ele>
</trkpt>
<trkpt lat="34.59362" lon="137.14954">
<ele>25</ele>
</trkpt>
<trkpt lat="34.59366611111111" lon="137.14982111111112">
<ele>25</ele>
</trkpt>
<trkpt lat="34.59371194444444" lon="137.1501025">
<ele>26</ele>
</trkpt>
<trkpt lat="34.593758055555554" lon="137.15038361111112">
<ele>25</ele>
</trkpt>
<trkpt lat="34.593804166666665" lon="137.15066472222222">
<ele>24</ele>
</trkpt>
<trkpt lat="34.59385" lon="137.15094611111112">
<ele>23</ele>
</trkpt>
<trkpt lat="34.593896111111114" lon="137.15122722222222">
<ele>22</ele>
</trkpt>
<trkpt lat="34.593942222222225" lon="137.1515086111111">
<ele>23</ele>
</trkpt>
<trkpt lat="34.593988055555556" lon="137.15178972222222">
<ele>22</ele>
</trkpt>
<trkpt lat="34.59403416666667" lon="137.15207083333334">
<ele>22</ele>
</trkpt>
<trkpt lat="34.59408027777778" lon="137.15235222222222">
<ele>22</ele>
</trkpt>
<trkpt lat="34.59412611111111" lon="137.15263333333334">
<ele>22</ele>
</trkpt>
<trkpt lat="34.59417222222222" lon="137.15291444444443">
<ele>21</ele>
</trkpt>
<trkpt lat="34.59417222222222" lon="137.15291444444443">
<ele>21</ele>
</trkpt>
<trkpt lat="34.59417222222222" lon="137.15291444444443">
<ele>21</ele>
</trkpt>
<trkpt lat="34.59420111111111" lon="137.15298222222222">
<ele>21</ele>
</trkpt>
<trkpt lat="34.594229722222224" lon="137.15305">
<ele>22</ele>
</trkpt>
<trkpt lat="34.59425861111111" lon="137.15311777777777">
<ele>22</ele>
</trkpt>
<trkpt lat="34.5942875" lon="137.15318555555555">
<ele>22</ele>
</trkpt>
<trkpt lat="34.59431638888889" lon="137.15325333333334">
<ele>22</ele>
</trkpt>
<trkpt lat="34.594345" lon="137.1533211111111">
<ele>23</ele>
</trkpt>
<trkpt lat="34.59437388888889" lon="137.15338888888888">
<ele>23</ele>
</trkpt>
<trkpt lat="34.59440277777778" lon="137.15345666666667">
<ele>22</ele>
</trkpt>
<trkpt lat="34.594431666666665" lon="137.15352444444446">
<ele>22</ele>
</trkpt>
<trkpt lat="34.59446027777778" lon="137.15359222222222">
<ele>23</ele>
</trkpt>
<trkpt lat="34.59448916666667" lon="137.15366">
<ele>23</ele>
</trkpt>
<trkpt lat="34.594518055555554" lon="137.1537277777778">
<ele>22</ele>
</trkpt>
<trkpt lat="34.594546944444446" lon="137.15379555555555">
<ele>22</ele>
</trkpt>
<trkpt lat="34.59457555555556" lon="137.15386305555555">
<ele>23</ele>
</trkpt>
<trkpt lat="34.59460444444444" lon="137.15393083333333">
<ele>22</ele>
</trkpt>
<trkpt lat="34.594633333333334" lon="137.15399861111112">
<ele>22</ele>
</trkpt>
<trkpt lat="34.59466222222222" lon="137.15406638888888">
<ele>22</ele>
</trkpt>
<trkpt lat="34.59469083333333" lon="137.15413416666667">
<ele>22</ele>
</trkpt>
<trkpt lat="34.59471972222222" lon="137.15420194444445">
<ele>22</ele>
</trkpt>
<trkpt lat="34.59471972222222" lon="137.15420194444445">
<ele>22</ele>
</trkpt>
<trkpt lat="34.59474888888889" lon="137.1542436111111">
<ele>21</ele>
</trkpt>
<trkpt lat="34.59477805555556" lon="137.154285">
<ele>22</ele>
</trkpt>
<trkpt lat="34.59480722222222" lon="137.15432666666666">
<ele>22</ele>
</trkpt>
<trkpt lat="34.594836388888886" lon="137.15436805555555">
<ele>21</ele>
</trkpt>
<trkpt lat="34.59486555555556" lon="137.15440972222223">
<ele>21</ele>
</trkpt>
<trkpt lat="34.59489472222222" lon="137.15445111111111">
<ele>21</ele>
</trkpt>
<trkpt lat="34.59492361111111" lon="137.1544927777778">
<ele>21</ele>
</trkpt>
<trkpt lat="34.59495277777778" lon="137.15453416666668">
<ele>21</ele>
</trkpt>
<trkpt lat="34.59498194444444" lon="137.15457583333333">
<ele>20</ele>
</trkpt>
<trkpt lat="34.59501111111111" lon="137.1546172222222">
<ele>21</ele>
</trkpt>
<trkpt lat="34.59504027777778" lon="137.1546588888889">
<ele>21</ele>
</trkpt>
<trkpt lat="34.59506944444445" lon="137.15470027777778">
<ele>21</ele>
</trkpt>
<trkpt lat="34.59509861111111" lon="137.15474194444445">
<ele>21</ele>
</trkpt>
<trkpt lat="34.595127777777776" lon="137.15478333333334">
<ele>21</ele>
</trkpt>
<trkpt lat="34.59515694444445" lon="137.15482472222223">
<ele>21</ele>
</trkpt>
<trkpt lat="34.59518583333333" lon="137.15486638888888">
<ele>21</ele>
</trkpt>
<trkpt lat="34.595215" lon="137.15490777777777">
<ele>20</ele>
</trkpt>
<trkpt lat="34.59524416666667" lon="137.15494944444444">
<ele>21</ele>
</trkpt>
<trkpt lat="34.59527333333333" lon="137.15499083333333">
<ele>21</ele>
</trkpt>
<trkpt lat="34.5953025" lon="137.1550325">
<ele>21</ele>
</trkpt>
<trkpt lat="34.59533166666667" lon="137.1550738888889">
<ele>21</ele>
</trkpt>
<trkpt lat="34.59536083333333" lon="137.15511555555557">
<ele>21</ele>
</trkpt>
<trkpt lat="34.59539" lon="137.15515694444446">
<ele>21</ele>
</trkpt>
<trkpt lat="34.595419166666666" lon="137.1551986111111">
<ele>21</ele>
</trkpt>
<trkpt lat="34.59544805555556" lon="137.15524">
<ele>21</ele>
</trkpt>
<trkpt lat="34.59547722222222" lon="137.15528166666667">
<ele>21</ele>
</trkpt>
<trkpt lat="34.59549472222222" lon="137.1553063888889">
<ele>21</ele>
</trkpt>
<trkpt lat="34.59549472222222" lon="137.1553063888889">
<ele>21</ele>
</trkpt>
<trkpt lat="34.59545416666667" lon="137.15532972222223">
<ele>21</ele>
</trkpt>
<trkpt lat="34.59541333333333" lon="137.15535277777778">
<ele>20</ele>
</trkpt>
<trkpt lat="34.595372777777776" lon="137.15537583333332">
<ele>20</ele>
</trkpt>
<trkpt lat="34.595331944444446" lon="137.1553988888889">
<ele>20</ele>
</trkpt>
<trkpt lat="34.59529138888889" lon="137.15542222222223">
<ele>20</ele>
</trkpt>
<trkpt lat="34.59525055555556" lon="137.15544527777777">
<ele>19</ele>
</trkpt>
<trkpt lat="34.59521" lon="137.15546833333335">
<ele>18</ele>
</trkpt>
<trkpt lat="34.595169444444444" lon="137.1554913888889">
<ele>18</ele>
</trkpt>
<trkpt lat="34.595128611111114" lon="137.15551472222222">
<ele>18</ele>
</trkpt>
<trkpt lat="34.59508805555556" lon="137.15553777777777">
<ele>16</ele>
</trkpt>
<trkpt lat="34.59507972222222" lon="137.1555425">
<ele>16</ele>
</trkpt>
<trkpt lat="34.59507972222222" lon="137.1555425">
<ele>16</ele>
</trkpt>
<trkpt lat="34.59507583333333" lon="137.15559694444445">
<ele>15</ele>
</trkpt>
<trkpt lat="34.59507222222222" lon="137.15565138888888">
<ele>15</ele>
</trkpt>
<trkpt lat="34.59506833333333" lon="137.15570555555556">
<ele>15</ele>
</trkpt>
<trkpt lat="34.59506472222222" lon="137.15576">
<ele>15</ele>
</trkpt>
<trkpt lat="34.595061111111114" lon="137.15581444444445">
<ele>15</ele>
</trkpt>
<trkpt lat="34.5950575" lon="137.15586444444443">
<ele>15</ele>
</trkpt>
<trkpt lat="34.5950575" lon="137.15586444444443">
<ele>15</ele>
</trkpt>
<trkpt lat="34.595035555555555" lon="137.15591194444445">
<ele>16</ele>
</trkpt>
<trkpt lat="34.59501361111111" lon="137.15595944444445">
<ele>16</ele>
</trkpt>
<trkpt lat="34.594991388888886" lon="137.15600694444444">
<ele>14</ele>
</trkpt>
<trkpt lat="34.594969444444445" lon="137.15605444444444">
<ele>14</ele>
</trkpt>
<trkpt lat="34.5949475" lon="137.15610222222222">
<ele>14</ele>
</trkpt>
<trkpt lat="34.594925277777776" lon="137.1561497222222">
<ele>14</ele>
</trkpt>
<trkpt lat="34.594903333333335" lon="137.15619722222223">
<ele>14</ele>
</trkpt>
<trkpt lat="34.594881388888886" lon="137.15624472222223">
<ele>13</ele>
</trkpt>
<trkpt lat="34.594859166666666" lon="137.15629222222222">
<ele>13</ele>
</trkpt>
<trkpt lat="34.594837222222225" lon="137.1563397222222">
<ele>12</ele>
</trkpt>
<trkpt lat="34.594815277777776" lon="137.1563875">
<ele>12</ele>
</trkpt>
<trkpt lat="34.594793055555556" lon="137.156435">
<ele>12</ele>
</trkpt>
<trkpt lat="34.59477111111111" lon="137.1564825">
<ele>11</ele>
</trkpt>
<trkpt lat="34.59476166666666" lon="137.15650277777777">
<ele>11</ele>
</trkpt>
<trkpt lat="34.59476166666666" lon="137.15650277777777">
<ele>11</ele>
</trkpt>
<trkpt lat="34.594748333333335" lon="137.1565547222222">
<ele>11</ele>
</trkpt>
<trkpt lat="34.594735" lon="137.15660694444443">
<ele>10</ele>
</trkpt>
<trkpt lat="34.594721666666665" lon="137.15665916666666">
<ele>10</ele>
</trkpt>
<trkpt lat="34.59470861111111" lon="137.15671111111112">
<ele>10</ele>
</trkpt>
<trkpt lat="34.59469527777778" lon="137.15676333333334">
<ele>10</ele>
</trkpt>
<trkpt lat="34.594681944444446" lon="137.15681555555557">
<ele>8</ele>
</trkpt>
<trkpt lat="34.59466861111111" lon="137.1568675">
<ele>8</ele>
</trkpt>
<trkpt lat="34.594655277777775" lon="137.15691972222223">
<ele>6</ele>
</trkpt>
<trkpt lat="34.59464194444445" lon="137.15697166666666">
<ele>6</ele>
</trkpt>
<trkpt lat="34.59463138888889" lon="137.15701305555555">
<ele>5</ele>
</trkpt>
<trkpt lat="34.59463138888889" lon="137.15701305555555">
<ele>5</ele>
</trkpt>
<trkpt lat="34.59465138888889" lon="137.15706194444445">
<ele>4</ele>
</trkpt>
<trkpt lat="34.59467111111111" lon="137.15711083333332">
<ele>4</ele>
</trkpt>
<trkpt lat="34.59469111111111" lon="137.15715972222222">
<ele>3</ele>
</trkpt>
<trkpt lat="34.59471083333333" lon="137.15720861111112">
<ele>5</ele>
</trkpt>
<trkpt lat="34.59473055555556" lon="137.15725777777777">
<ele>5</ele>
</trkpt>
<trkpt lat="34.59475055555556" lon="137.15730666666667">
<ele>5</ele>
</trkpt>
<trkpt lat="34.594770277777776" lon="137.15735555555557">
<ele>5</ele>
</trkpt>
<trkpt lat="34.594790277777776" lon="137.15740444444444">
<ele>2</ele>
</trkpt>
<trkpt lat="34.59481" lon="137.15745333333334">
<ele>3</ele>
</trkpt>
<trkpt lat="34.59483" lon="137.1575025">
<ele>6</ele>
</trkpt>
<trkpt lat="34.59484972222222" lon="137.1575513888889">
<ele>6</ele>
</trkpt>
<trkpt lat="34.59486972222222" lon="137.1576002777778">
<ele>6</ele>
</trkpt>
<trkpt lat="34.59488944444445" lon="137.15764916666666">
<ele>6</ele>
</trkpt>
<trkpt lat="34.5949075" lon="137.1576936111111">
<ele>6</ele>
</trkpt>
<trkpt lat="34.5949075" lon="137.1576936111111">
<ele>6</ele>
</trkpt>
<trkpt lat="34.594923333333334" lon="137.15774472222222">
<ele>6</ele>
</trkpt>
<trkpt lat="34.59493944444444" lon="137.15779555555557">
<ele>5</ele>
</trkpt>
<trkpt lat="34.59495527777778" lon="137.15784666666667">
<ele>5</ele>
</trkpt>
<trkpt lat="34.59497138888889" lon="137.1578975">
<ele>4</ele>
</trkpt>
<trkpt lat="34.59498722222222" lon="137.15794861111112">
<ele>4</ele>
</trkpt>
<trkpt lat="34.59500333333333" lon="137.15799972222223">
<ele>7</ele>
</trkpt>
<trkpt lat="34.59501916666667" lon="137.15805055555555">
<ele>6</ele>
</trkpt>
<trkpt lat="34.595035277777775" lon="137.15810166666665">
<ele>6</ele>
</trkpt>
<trkpt lat="34.59505111111111" lon="137.1581525">
<ele>5</ele>
</trkpt>
<trkpt lat="34.595061944444446" lon="137.1581872222222">
<ele>6</ele>
</trkpt>
<trkpt lat="34.595061944444446" lon="137.1581872222222">
<ele>6</ele>
</trkpt>
<trkpt lat="34.59508916666667" lon="137.15823083333333">
<ele>6</ele>
</trkpt>
<trkpt lat="34.59511611111111" lon="137.15827416666667">
<ele>5</ele>
</trkpt>
<trkpt lat="34.59514333333333" lon="137.15831777777777">
<ele>5</ele>
</trkpt>
<trkpt lat="34.595170277777775" lon="137.1583613888889">
<ele>5</ele>
</trkpt>
<trkpt lat="34.5951975" lon="137.15840472222223">
<ele>5</ele>
</trkpt>
<trkpt lat="34.59522444444445" lon="137.15844833333333">
<ele>5</ele>
</trkpt>
<trkpt lat="34.59525166666667" lon="137.15849194444445">
<ele>2</ele>
</trkpt>
<trkpt lat="34.59527861111111" lon="137.15853555555555">
<ele>2</ele>
</trkpt>
<trkpt lat="34.595305555555555" lon="137.15857888888888">
<ele>3</ele>
</trkpt>
<trkpt lat="34.59533277777778" lon="137.1586225">
<ele>4</ele>
</trkpt>
<trkpt lat="34.59535972222222" lon="137.1586661111111">
<ele>4</ele>
</trkpt>
<trkpt lat="34.59536222222222" lon="137.15867">
<ele>4</ele>
</trkpt>
<trkpt lat="34.59536222222222" lon="137.15867">
<ele>4</ele>
</trkpt>
<trkpt lat="34.59537861111111" lon="137.15872083333332">
<ele>4</ele>
</trkpt>
<trkpt lat="34.595395277777776" lon="137.15877138888888">
<ele>4</ele>
</trkpt>
<trkpt lat="34.595411666666664" lon="137.15882222222223">
<ele>4</ele>
</trkpt>
<trkpt lat="34.59542805555556" lon="137.15887305555555">
<ele>4</ele>
</trkpt>
<trkpt lat="34.595444444444446" lon="137.1589238888889">
<ele>3</ele>
</trkpt>
<trkpt lat="34.595460833333334" lon="137.1589747222222">
<ele>5</ele>
</trkpt>
<trkpt lat="34.59547722222222" lon="137.15902555555556">
<ele>4</ele>
</trkpt>
<trkpt lat="34.59549361111111" lon="137.15907611111112">
<ele>4</ele>
</trkpt>
<trkpt lat="34.59551027777778" lon="137.15912694444444">
<ele>4</ele>
</trkpt>
<trkpt lat="34.595526666666665" lon="137.15917777777778">
<ele>4</ele>
</trkpt>
<trkpt lat="34.59554305555555" lon="137.1592286111111">
<ele>3</ele>
</trkpt>
<trkpt lat="34.59555944444445" lon="137.15927944444445">
<ele>5</ele>
</trkpt>
<trkpt lat="34.595575833333335" lon="137.15933">
<ele>5</ele>
</trkpt>
<trkpt lat="34.59559222222222" lon="137.15938083333333">
<ele>4</ele>
</trkpt>
<trkpt lat="34.59560888888889" lon="137.15943166666668">
<ele>4</ele>
</trkpt>
<trkpt lat="34.59561388888889" lon="137.15944777777779">
<ele>3</ele>
</trkpt>
<trkpt lat="34.59561388888889" lon="137.15944777777779">
<ele>3</ele>
</trkpt>
<trkpt lat="34.595614166666664" lon="137.1595025">
<ele>3</ele>
</trkpt>
<trkpt lat="34.59561444444444" lon="137.15955694444443">
<ele>3</ele>
</trkpt>
<trkpt lat="34.59561472222222" lon="137.1596113888889">
<ele>3</ele>
</trkpt>
<trkpt lat="34.595615" lon="137.1596661111111">
<ele>3</ele>
</trkpt>
<trkpt lat="34.595615" lon="137.15972055555557">
<ele>4</ele>
</trkpt>
<trkpt lat="34.595615277777775" lon="137.15977527777778">
<ele>4</ele>
</trkpt>
<trkpt lat="34.595615555555554" lon="137.1598297222222">
<ele>4</ele>
</trkpt>
<trkpt lat="34.59561583333333" lon="137.15988416666667">
<ele>4</ele>
</trkpt>
<trkpt lat="34.59561611111111" lon="137.1599388888889">
<ele>3</ele>
</trkpt>
<trkpt lat="34.59561611111111" lon="137.15999222222223">
<ele>4</ele>
</trkpt>
<trkpt lat="34.59561611111111" lon="137.15999222222223">
<ele>4</ele>
</trkpt>
<trkpt lat="34.5957475" lon="137.16036277777778">
<ele>3</ele>
</trkpt>
<trkpt lat="34.59587888888889" lon="137.1607336111111">
<ele>3</ele>
</trkpt>
<trkpt lat="34.59601" lon="137.16110416666666">
<ele>2</ele>
</trkpt>
<trkpt lat="34.59614138888889" lon="137.1614747222222">
<ele>5</ele>
</trkpt>
<trkpt lat="34.59627277777778" lon="137.1618452777778">
<ele>5</ele>
</trkpt>
<trkpt lat="34.596404166666666" lon="137.16221583333333">
<ele>3</ele>
</trkpt>
<trkpt lat="34.596535277777775" lon="137.16258638888888">
<ele>3</ele>
</trkpt>
<trkpt lat="34.596666666666664" lon="137.16295694444443">
<ele>2</ele>
</trkpt>
<trkpt lat="34.59679805555555" lon="137.16332777777777">
<ele>4</ele>
</trkpt>
<trkpt lat="34.59692944444444" lon="137.16369833333334">
<ele>4</ele>
</trkpt>
<trkpt lat="34.59706055555556" lon="137.1640688888889">
<ele>4</ele>
</trkpt>
<trkpt lat="34.59719194444445" lon="137.16443944444444">
<ele>4</ele>
</trkpt>
<trkpt lat="34.597323333333335" lon="137.16481">
<ele>4</ele>
</trkpt>
<trkpt lat="34.597454444444445" lon="137.16518055555557">
<ele>4</ele>
</trkpt>
<trkpt lat="34.59758583333333" lon="137.1655513888889">
<ele>4</ele>
</trkpt>
<trkpt lat="34.59771722222222" lon="137.16592194444445">
<ele>4</ele>
</trkpt>
<trkpt lat="34.59784861111111" lon="137.1662925">
<ele>4</ele>
</trkpt>
<trkpt lat="34.59797972222222" lon="137.16666305555555">
<ele>4</ele>
</trkpt>
<trkpt lat="34.59811111111111" lon="137.16703361111112">
<ele>4</ele>
</trkpt>
<trkpt lat="34.59811111111111" lon="137.16703361111112">
<ele>4</ele>
</trkpt>
<trkpt lat="34.59811111111111" lon="137.16703361111112">
<ele>4</ele>
</trkpt>
<trkpt lat="34.59815861111111" lon="137.16713388888888">
<ele>3</ele>
</trkpt>
<trkpt lat="34.59820611111111" lon="137.16723416666667">
<ele>2</ele>
</trkpt>
<trkpt lat="34.59825361111111" lon="137.16733416666668">
<ele>3</ele>
</trkpt>
<trkpt lat="34.59830111111111" lon="137.16743444444444">
<ele>3</ele>
</trkpt>
<trkpt lat="34.598348888888886" lon="137.16753472222223">
<ele>4</ele>
</trkpt>
<trkpt lat="34.59839638888889" lon="137.167635">
<ele>3</ele>
</trkpt>
<trkpt lat="34.59844388888889" lon="137.167735">
<ele>2</ele>
</trkpt>
<trkpt lat="34.59849138888889" lon="137.16783527777778">
<ele>4</ele>
</trkpt>
<trkpt lat="34.59853888888889" lon="137.16793555555554">
<ele>2</ele>
</trkpt>
<trkpt lat="34.59858638888889" lon="137.16803555555555">
<ele>4</ele>
</trkpt>
<trkpt lat="34.59863388888889" lon="137.16813583333334">
<ele>3</ele>
</trkpt>
<trkpt lat="34.59868138888889" lon="137.1682361111111">
<ele>4</ele>
</trkpt>
<trkpt lat="34.598728888888886" lon="137.1683363888889">
<ele>3</ele>
</trkpt>
<trkpt lat="34.598776388888886" lon="137.1684363888889">
<ele>3</ele>
</trkpt>
<trkpt lat="34.59882416666667" lon="137.16853666666665">
<ele>4</ele>
</trkpt>
<trkpt lat="34.59887166666667" lon="137.16863694444444">
<ele>3</ele>
</trkpt>
<trkpt lat="34.59891916666667" lon="137.16873694444445">
<ele>3</ele>
</trkpt>
<trkpt lat="34.59896666666667" lon="137.1688372222222">
<ele>2</ele>
</trkpt>
<trkpt lat="34.59901416666667" lon="137.1689375">
<ele>3</ele>
</trkpt>
<trkpt lat="34.59901416666667" lon="137.1689375">
<ele>3</ele>
</trkpt>
<trkpt lat="34.599134444444445" lon="137.16924472222223">
<ele>3</ele>
</trkpt>
<trkpt lat="34.59925472222222" lon="137.16955194444444">
<ele>3</ele>
</trkpt>
<trkpt lat="34.599375" lon="137.16985916666667">
<ele>3</ele>
</trkpt>
<trkpt lat="34.59949527777778" lon="137.1701663888889">
<ele>3</ele>
</trkpt>
<trkpt lat="34.59961555555556" lon="137.1704736111111">
<ele>3</ele>
</trkpt>
<trkpt lat="34.599735833333334" lon="137.17078083333334">
<ele>2</ele>
</trkpt>
<trkpt lat="34.59985611111111" lon="137.17108805555554">
<ele>3</ele>
</trkpt>
<trkpt lat="34.59997638888889" lon="137.17139527777778">
<ele>4</ele>
</trkpt>
<trkpt lat="34.600096666666666" lon="137.1717025">
<ele>4</ele>
</trkpt>
<trkpt lat="34.60021694444445" lon="137.1720097222222">
<ele>4</ele>
</trkpt>
<trkpt lat="34.60033722222222" lon="137.17231694444445">
<ele>8</ele>
</trkpt>
<trkpt lat="34.600457222222225" lon="137.1726238888889">
<ele>6</ele>
</trkpt>
<trkpt lat="34.6005775" lon="137.1729311111111">
<ele>8</ele>
</trkpt>
<trkpt lat="34.600697777777775" lon="137.17323833333333">
<ele>5</ele>
</trkpt>
<trkpt lat="34.60081805555556" lon="137.17354555555556">
<ele>5</ele>
</trkpt>
<trkpt lat="34.60093833333333" lon="137.17385277777777">
<ele>7</ele>
</trkpt>
<trkpt lat="34.601058611111114" lon="137.17416">
<ele>6</ele>
</trkpt>
<trkpt lat="34.60117888888889" lon="137.17446722222223">
<ele>6</ele>
</trkpt>
<trkpt lat="34.601299166666664" lon="137.17477444444444">
<ele>6</ele>
</trkpt>
<trkpt lat="34.601299166666664" lon="137.17477444444444">
<ele>6</ele>
</trkpt>
<trkpt lat="34.60145416666667" lon="137.17518527777779">
<ele>6</ele>
</trkpt>
<trkpt lat="34.60160888888889" lon="137.1755961111111">
<ele>5</ele>
</trkpt>
<trkpt lat="34.60176388888889" lon="137.17600694444445">
<ele>7</ele>
</trkpt>
<trkpt lat="34.60191888888889" lon="137.1764175">
<ele>7</ele>
</trkpt>
<trkpt lat="34.60207361111111" lon="137.17682833333333">
<ele>7</ele>
</trkpt>
<trkpt lat="34.60222861111111" lon="137.17723916666668">
<ele>8</ele>
</trkpt>
<trkpt lat="34.602383333333336" lon="137.17765">
<ele>6</ele>
</trkpt>
<trkpt lat="34.602538333333335" lon="137.17806055555556">
<ele>6</ele>
</trkpt>
<trkpt lat="34.602693333333335" lon="137.17847138888888">
<ele>6</ele>
</trkpt>
<trkpt lat="34.602848055555555" lon="137.17888222222223">
<ele>8</ele>
</trkpt>
<trkpt lat="34.603003055555554" lon="137.17929305555555">
<ele>8</ele>
</trkpt>
<trkpt lat="34.603158055555554" lon="137.1797038888889">
<ele>6</ele>
</trkpt>
<trkpt lat="34.60331277777778" lon="137.18011444444446">
<ele>10</ele>
</trkpt>
<trkpt lat="34.60346777777778" lon="137.18052527777778">
<ele>7</ele>
</trkpt>
<trkpt lat="34.6036225" lon="137.18093611111112">
<ele>7</ele>
</trkpt>
<trkpt lat="34.6037775" lon="137.18134694444444">
<ele>10</ele>
</trkpt>
<trkpt lat="34.6039325" lon="137.1817575">
<ele>10</ele>
</trkpt>
<trkpt lat="34.60408722222222" lon="137.18216833333332">
<ele>13</ele>
</trkpt>
<trkpt lat="34.604242222222226" lon="137.18257916666667">
<ele>13</ele>
</trkpt>
<trkpt lat="34.604242222222226" lon="137.18257916666667">
<ele>13</ele>
</trkpt>
<trkpt lat="34.604242222222226" lon="137.18257916666667">
<ele>13</ele>
</trkpt>
<trkpt lat="34.60428888888889" lon="137.1826888888889">
<ele>11</ele>
</trkpt>
<trkpt lat="34.60433583333333" lon="137.1827986111111">
<ele>13</ele>
</trkpt>
<trkpt lat="34.60438277777778" lon="137.18290833333333">
<ele>11</ele>
</trkpt>
<trkpt lat="34.60442944444444" lon="137.18301833333334">
<ele>10</ele>
</trkpt>
<trkpt lat="34.60447638888889" lon="137.18312805555556">
<ele>11</ele>
</trkpt>
<trkpt lat="34.60452305555555" lon="137.18323777777778">
<ele>10</ele>
</trkpt>
<trkpt lat="34.60457" lon="137.1833475">
<ele>12</ele>
</trkpt>
<trkpt lat="34.604616666666665" lon="137.18345722222222">
<ele>11</ele>
</trkpt>
<trkpt lat="34.604663611111114" lon="137.18356694444444">
<ele>10</ele>
</trkpt>
<trkpt lat="34.604710555555556" lon="137.18367666666666">
<ele>11</ele>
</trkpt>
<trkpt lat="34.604757222222226" lon="137.18378666666666">
<ele>10</ele>
</trkpt>
<trkpt lat="34.60480416666667" lon="137.18389638888888">
<ele>12</ele>
</trkpt>
<trkpt lat="34.60485083333333" lon="137.1840061111111">
<ele>12</ele>
</trkpt>
<trkpt lat="34.60489777777778" lon="137.18411583333332">
<ele>15</ele>
</trkpt>
<trkpt lat="34.60494444444444" lon="137.18422555555554">
<ele>14</ele>
</trkpt>
<trkpt lat="34.60499138888889" lon="137.1843352777778">
<ele>14</ele>
</trkpt>
<trkpt lat="34.60503833333333" lon="137.18444527777777">
<ele>14</ele>
</trkpt>
<trkpt lat="34.605085" lon="137.184555">
<ele>14</ele>
</trkpt>
<trkpt lat="34.605131944444445" lon="137.1846647222222">
<ele>10</ele>
</trkpt>
<trkpt lat="34.605131944444445" lon="137.1846647222222">
<ele>10</ele>
</trkpt>
<trkpt lat="34.605131944444445" lon="137.1846647222222">
<ele>10</ele>
</trkpt>
<trkpt lat="34.605175277777775" lon="137.18465083333334">
<ele>10</ele>
</trkpt>
<trkpt lat="34.60521888888889" lon="137.18463722222222">
<ele>10</ele>
</trkpt>
<trkpt lat="34.60526222222222" lon="137.18462333333332">
<ele>9</ele>
</trkpt>
<trkpt lat="34.60530583333333" lon="137.18460972222223">
<ele>9</ele>
</trkpt>
<trkpt lat="34.60534916666667" lon="137.18459583333333">
<ele>9</ele>
</trkpt>
<trkpt lat="34.60539277777778" lon="137.18458222222222">
<ele>9</ele>
</trkpt>
<trkpt lat="34.60543611111111" lon="137.18456833333335">
<ele>9</ele>
</trkpt>
<trkpt lat="34.60547972222222" lon="137.18455472222223">
<ele>8</ele>
</trkpt>
<trkpt lat="34.60552305555556" lon="137.18454083333333">
<ele>8</ele>
</trkpt>
<trkpt lat="34.60556666666667" lon="137.18452722222221">
<ele>8</ele>
</trkpt>
<trkpt lat="34.60559027777778" lon="137.18451972222223">
<ele>8</ele>
</trkpt>
<trkpt lat="34.60559027777778" lon="137.18451972222223">
<ele>8</ele>
</trkpt>
<trkpt lat="34.60563027777778" lon="137.18454472222223">
<ele>8</ele>
</trkpt>
<trkpt lat="34.60567" lon="137.18457">
<ele>8</ele>
</trkpt>
<trkpt lat="34.60571" lon="137.184595">
<ele>7</ele>
</trkpt>
<trkpt lat="34.60574972222222" lon="137.18462027777778">
<ele>7</ele>
</trkpt>
<trkpt lat="34.60578972222222" lon="137.18464527777778">
<ele>7</ele>
</trkpt>
<trkpt lat="34.605829444444446" lon="137.18467055555556">
<ele>7</ele>
</trkpt>
<trkpt lat="34.605869444444444" lon="137.18469555555555">
<ele>7</ele>
</trkpt>
<trkpt lat="34.60590916666666" lon="137.18472083333333">
<ele>7</ele>
</trkpt>
<trkpt lat="34.60594916666667" lon="137.18474583333332">
<ele>6</ele>
</trkpt>
<trkpt lat="34.60595527777778" lon="137.18474972222222">
<ele>6</ele>
</trkpt>
<trkpt lat="34.60595527777778" lon="137.18474972222222">
<ele>6</ele>
</trkpt>
<trkpt lat="34.60605527777778" lon="137.18473833333334">
<ele>5</ele>
</trkpt>
<trkpt lat="34.606155" lon="137.18472722222222">
<ele>4</ele>
</trkpt>
<trkpt lat="34.606254722222225" lon="137.18471583333334">
<ele>3</ele>
</trkpt>
<trkpt lat="34.60635444444444" lon="137.18470472222222">
<ele>3</ele>
</trkpt>
<trkpt lat="34.606454444444445" lon="137.18469333333334">
<ele>3</ele>
</trkpt>
<trkpt lat="34.60655416666667" lon="137.18468222222222">
<ele>3</ele>
</trkpt>
<trkpt lat="34.606653888888886" lon="137.18467083333334">
<ele>3</ele>
</trkpt>
<trkpt lat="34.60675388888889" lon="137.18465972222222">
<ele>3</ele>
</trkpt>
<trkpt lat="34.60685361111111" lon="137.18464833333334">
<ele>2</ele>
</trkpt>
<trkpt lat="34.60695333333334" lon="137.18463722222222">
<ele>2</ele>
</trkpt>
<trkpt lat="34.60705333333333" lon="137.18462583333334">
<ele>2</ele>
</trkpt>
<trkpt lat="34.60715305555556" lon="137.18461472222222">
<ele>2</ele>
</trkpt>
<trkpt lat="34.60725277777778" lon="137.18460333333334">
<ele>1</ele>
</trkpt>
<trkpt lat="34.60735277777778" lon="137.18459222222222">
<ele>1</ele>
</trkpt>
<trkpt lat="34.6074525" lon="137.18458083333334">
<ele>1</ele>
</trkpt>
<trkpt lat="34.607552222222225" lon="137.18456972222222">
<ele>1</ele>
</trkpt>
<trkpt lat="34.60765194444444" lon="137.18455833333334">
<ele>1</ele>
</trkpt>
<trkpt lat="34.607751944444445" lon="137.18454722222222">
<ele>2</ele>
</trkpt>
<trkpt lat="34.60785166666667" lon="137.18453583333334">
<ele>2</ele>
</trkpt>
<trkpt lat="34.60785166666667" lon="137.18453583333334">
<ele>2</ele>
</trkpt>
<trkpt lat="34.60791833333333" lon="137.18465555555557">
<ele>3</ele>
</trkpt>
<trkpt lat="34.60798472222222" lon="137.1847752777778">
<ele>3</ele>
</trkpt>
<trkpt lat="34.60805138888889" lon="137.184895">
<ele>2</ele>
</trkpt>
<trkpt lat="34.60811805555556" lon="137.18501472222223">
<ele>3</ele>
</trkpt>
<trkpt lat="34.60818444444445" lon="137.18513416666667">
<ele>2</ele>
</trkpt>
<trkpt lat="34.60825111111111" lon="137.1852538888889">
<ele>3</ele>
</trkpt>
<trkpt lat="34.60831777777778" lon="137.18537361111112">
<ele>2</ele>
</trkpt>
<trkpt lat="34.60838416666667" lon="137.18549333333334">
<ele>2</ele>
</trkpt>
<trkpt lat="34.608450833333336" lon="137.18561305555556">
<ele>3</ele>
</trkpt>
<trkpt lat="34.6085175" lon="137.1857325">
<ele>2</ele>
</trkpt>
<trkpt lat="34.60858416666667" lon="137.18585222222222">
<ele>3</ele>
</trkpt>
<trkpt lat="34.608650555555556" lon="137.18597194444445">
<ele>2</ele>
</trkpt>
<trkpt lat="34.608717222222225" lon="137.18609166666667">
<ele>2</ele>
</trkpt>
<trkpt lat="34.60878388888889" lon="137.1862113888889">
<ele>1</ele>
</trkpt>
<trkpt lat="34.608850277777776" lon="137.18633083333333">
<ele>1</ele>
</trkpt>
<trkpt lat="34.608916944444445" lon="137.18645055555555">
<ele>1</ele>
</trkpt>
<trkpt lat="34.608983611111114" lon="137.18657027777778">
<ele>0</ele>
</trkpt>
<trkpt lat="34.60905" lon="137.18669">
<ele>1</ele>
</trkpt>
<trkpt lat="34.609116666666665" lon="137.18680972222222">
<ele>1</ele>
</trkpt>
<trkpt lat="34.609116666666665" lon="137.18680972222222">
<ele>1</ele>
</trkpt>
<trkpt lat="34.60912722222222" lon="137.18687666666668">
<ele>1</ele>
</trkpt>
<trkpt lat="34.609138055555555" lon="137.1869438888889">
<ele>1</ele>
</trkpt>
<trkpt lat="34.60914861111111" lon="137.1870111111111">
<ele>2</ele>
</trkpt>
<trkpt lat="34.609159444444444" lon="137.18707833333335">
<ele>2</ele>
</trkpt>
<trkpt lat="34.60917" lon="137.18714555555556">
<ele>2</ele>
</trkpt>
<trkpt lat="34.60918083333333" lon="137.18721277777777">
<ele>2</ele>
</trkpt>
<trkpt lat="34.60919138888889" lon="137.18728">
<ele>2</ele>
</trkpt>
<trkpt lat="34.60920222222222" lon="137.18734722222223">
<ele>2</ele>
</trkpt>
<trkpt lat="34.60921277777778" lon="137.18741444444444">
<ele>2</ele>
</trkpt>
<trkpt lat="34.60922361111111" lon="137.18748166666666">
<ele>2</ele>
</trkpt>
<trkpt lat="34.60923416666667" lon="137.1875488888889">
<ele>2</ele>
</trkpt>
<trkpt lat="34.609245" lon="137.18761583333333">
<ele>2</ele>
</trkpt>
<trkpt lat="34.609255555555556" lon="137.18768305555557">
<ele>2</ele>
</trkpt>
<trkpt lat="34.60926638888889" lon="137.18775027777778">
<ele>2</ele>
</trkpt>
<trkpt lat="34.609276944444446" lon="137.1878175">
<ele>2</ele>
</trkpt>
<trkpt lat="34.60928777777778" lon="137.18788472222224">
<ele>2</ele>
</trkpt>
<trkpt lat="34.609298333333335" lon="137.18795194444445">
<ele>3</ele>
</trkpt>
<trkpt lat="34.60930916666667" lon="137.18801916666666">
<ele>2</ele>
</trkpt>
<trkpt lat="34.609319722222224" lon="137.18808638888888">
<ele>2</ele>
</trkpt>
<trkpt lat="34.609319722222224" lon="137.18808638888888">
<ele>2</ele>
</trkpt>
<trkpt lat="34.60926444444444" lon="137.1881588888889">
<ele>3</ele>
</trkpt>
<trkpt lat="34.609209444444446" lon="137.18823138888888">
<ele>3</ele>
</trkpt>
<trkpt lat="34.60915416666667" lon="137.1883038888889">
<ele>3</ele>
</trkpt>
<trkpt lat="34.60909888888889" lon="137.18837638888888">
<ele>4</ele>
</trkpt>
<trkpt lat="34.60904388888889" lon="137.1884488888889">
<ele>6</ele>
</trkpt>
<trkpt lat="34.60898861111111" lon="137.1885213888889">
<ele>3</ele>
</trkpt>
<trkpt lat="34.60893333333333" lon="137.18859416666666">
<ele>6</ele>
</trkpt>
<trkpt lat="34.60887833333334" lon="137.18866666666668">
<ele>3</ele>
</trkpt>
<trkpt lat="34.608823055555554" lon="137.18873916666666">
<ele>5</ele>
</trkpt>
<trkpt lat="34.60876777777778" lon="137.18881166666668">
<ele>5</ele>
</trkpt>
<trkpt lat="34.608712777777775" lon="137.18888416666667">
<ele>5</ele>
</trkpt>
<trkpt lat="34.6086575" lon="137.18895666666666">
<ele>5</ele>
</trkpt>
<trkpt lat="34.608602222222224" lon="137.18902916666667">
<ele>6</ele>
</trkpt>
<trkpt lat="34.60854722222222" lon="137.18910166666666">
<ele>3</ele>
</trkpt>
<trkpt lat="34.608491944444445" lon="137.18917416666667">
<ele>4</ele>
</trkpt>
<trkpt lat="34.60843666666667" lon="137.18924694444445">
<ele>4</ele>
</trkpt>
<trkpt lat="34.60838138888889" lon="137.18931944444444">
<ele>4</ele>
</trkpt>
<trkpt lat="34.60832638888889" lon="137.18939194444445">
<ele>5</ele>
</trkpt>
<trkpt lat="34.60827111111111" lon="137.18946444444444">
<ele>7</ele>
</trkpt>
<trkpt lat="34.60827111111111" lon="137.18946444444444">
<ele>7</ele>
</trkpt>
<trkpt lat="34.60827111111111" lon="137.18946444444444">
<ele>7</ele>
</trkpt>
<trkpt lat="34.6082275" lon="137.1895147222222">
<ele>7</ele>
</trkpt>
<trkpt lat="34.60818416666667" lon="137.189565">
<ele>8</ele>
</trkpt>
<trkpt lat="34.60814055555556" lon="137.1896152777778">
<ele>8</ele>
</trkpt>
<trkpt lat="34.60809722222222" lon="137.18966583333332">
<ele>7</ele>
</trkpt>
<trkpt lat="34.60805361111111" lon="137.18971611111112">
<ele>7</ele>
</trkpt>
<trkpt lat="34.60801027777778" lon="137.1897663888889">
<ele>7</ele>
</trkpt>
<trkpt lat="34.60796666666667" lon="137.18981666666667">
<ele>7</ele>
</trkpt>
<trkpt lat="34.60792305555555" lon="137.18986694444445">
<ele>7</ele>
</trkpt>
<trkpt lat="34.60787972222222" lon="137.18991722222222">
<ele>7</ele>
</trkpt>
<trkpt lat="34.60783611111111" lon="137.1899675">
<ele>7</ele>
</trkpt>
<trkpt lat="34.607792777777775" lon="137.19001805555556">
<ele>7</ele>
</trkpt>
<trkpt lat="34.607749166666665" lon="137.19006833333333">
<ele>6</ele>
</trkpt>
<trkpt lat="34.607705833333334" lon="137.1901186111111">
<ele>7</ele>
</trkpt>
<trkpt lat="34.607662222222224" lon="137.19016888888888">
<ele>6</ele>
</trkpt>
<trkpt lat="34.60761888888889" lon="137.19021916666668">
<ele>6</ele>
</trkpt>
<trkpt lat="34.60757527777778" lon="137.19026944444445">
<ele>7</ele>
</trkpt>
<trkpt lat="34.60753166666667" lon="137.19031972222223">
<ele>6</ele>
</trkpt>
<trkpt lat="34.607488333333336" lon="137.1903702777778">
<ele>7</ele>
</trkpt>
<trkpt lat="34.60744472222222" lon="137.19042055555556">
<ele>7</ele>
</trkpt>
<trkpt lat="34.60744472222222" lon="137.19042055555556">
<ele>7</ele>
</trkpt>
<trkpt lat="34.60744472222222" lon="137.19042055555556">
<ele>7</ele>
</trkpt>
<trkpt lat="34.60745861111111" lon="137.19048944444444">
<ele>7</ele>
</trkpt>
<trkpt lat="34.60747277777778" lon="137.19055833333334">
<ele>8</ele>
</trkpt>
<trkpt lat="34.60748666666667" lon="137.19062722222222">
<ele>8</ele>
</trkpt>
<trkpt lat="34.60750055555555" lon="137.19069611111112">
<ele>8</ele>
</trkpt>
<trkpt lat="34.60751444444445" lon="137.190765">
<ele>8</ele>
</trkpt>
<trkpt lat="34.607528333333335" lon="137.19083388888887">
<ele>9</ele>
</trkpt>
<trkpt lat="34.6075425" lon="137.19090277777778">
<ele>9</ele>
</trkpt>
<trkpt lat="34.60755638888889" lon="137.19097166666666">
<ele>8</ele>
</trkpt>
<trkpt lat="34.607570277777775" lon="137.19104055555556">
<ele>9</ele>
</trkpt>
<trkpt lat="34.60758416666667" lon="137.19110944444444">
<ele>9</ele>
</trkpt>
<trkpt lat="34.607598055555556" lon="137.19117833333334">
<ele>9</ele>
</trkpt>
<trkpt lat="34.60761222222222" lon="137.19124722222222">
<ele>9</ele>
</trkpt>
<trkpt lat="34.60762611111111" lon="137.19131611111112">
<ele>9</ele>
</trkpt>
<trkpt lat="34.60764" lon="137.191385">
<ele>11</ele>
</trkpt>
<trkpt lat="34.60765388888889" lon="137.1914538888889">
<ele>13</ele>
</trkpt>
<trkpt lat="34.60766777777778" lon="137.19152277777778">
<ele>14</ele>
</trkpt>
<trkpt lat="34.607681944444444" lon="137.19159166666665">
<ele>16</ele>
</trkpt>
<trkpt lat="34.60769583333333" lon="137.19166055555556">
<ele>16</ele>
</trkpt>
<trkpt lat="34.607709722222225" lon="137.19172944444443">
<ele>16</ele>
</trkpt>
<trkpt lat="34.607709722222225" lon="137.19172944444443">
<ele>16</ele>
</trkpt>
<trkpt lat="34.607731944444446" lon="137.1917813888889">
<ele>15</ele>
</trkpt>
<trkpt lat="34.607754444444446" lon="137.19183333333334">
<ele>15</ele>
</trkpt>
<trkpt lat="34.607776666666666" lon="137.19188527777777">
<ele>15</ele>
</trkpt>
<trkpt lat="34.60779888888889" lon="137.19193722222224">
<ele>16</ele>
</trkpt>
<trkpt lat="34.60782138888889" lon="137.19198916666667">
<ele>16</ele>
</trkpt>
<trkpt lat="34.607843611111115" lon="137.1920411111111">
<ele>16</ele>
</trkpt>
<trkpt lat="34.607865833333335" lon="137.19209305555555">
<ele>16</ele>
</trkpt>
<trkpt lat="34.607888055555556" lon="137.192145">
<ele>15</ele>
</trkpt>
<trkpt lat="34.607910555555556" lon="137.19219694444445">
<ele>16</ele>
</trkpt>
<trkpt lat="34.607932777777776" lon="137.19224888888888">
<ele>16</ele>
</trkpt>
<trkpt lat="34.607955" lon="137.19230083333332">
<ele>16</ele>
</trkpt>
<trkpt lat="34.6079775" lon="137.19235277777778">
<ele>15</ele>
</trkpt>
<trkpt lat="34.607999722222225" lon="137.19240472222222">
<ele>15</ele>
</trkpt>
<trkpt lat="34.608021944444445" lon="137.19245666666666">
<ele>16</ele>
</trkpt>
<trkpt lat="34.608044444444445" lon="137.19250861111112">
<ele>16</ele>
</trkpt>
<trkpt lat="34.608066666666666" lon="137.19256055555556">
<ele>15</ele>
</trkpt>
<trkpt lat="34.60808888888889" lon="137.1926125">
<ele>15</ele>
</trkpt>
<trkpt lat="34.60811138888889" lon="137.19266444444443">
<ele>17</ele>
</trkpt>
<trkpt lat="34.608133611111114" lon="137.1927163888889">
<ele>16</ele>
</trkpt>
<trkpt lat="34.608133611111114" lon="137.1927163888889">
<ele>16</ele>
</trkpt>
<trkpt lat="34.60811527777778" lon="137.19276638888888">
<ele>17</ele>
</trkpt>
<trkpt lat="34.60809722222222" lon="137.1928161111111">
<ele>17</ele>
</trkpt>
<trkpt lat="34.60807888888889" lon="137.1928661111111">
<ele>17</ele>
</trkpt>
<trkpt lat="34.608060555555554" lon="137.19291583333333">
<ele>17</ele>
</trkpt>
<trkpt lat="34.608042222222224" lon="137.19296583333335">
<ele>16</ele>
</trkpt>
<trkpt lat="34.60802416666667" lon="137.19301555555555">
<ele>16</ele>
</trkpt>
<trkpt lat="34.60800583333333" lon="137.19306555555556">
<ele>17</ele>
</trkpt>
<trkpt lat="34.60799222222222" lon="137.19310277777777">
<ele>16</ele>
</trkpt>
<trkpt lat="34.60799222222222" lon="137.19310277777777">
<ele>16</ele>
</trkpt>
<trkpt lat="34.60798555555556" lon="137.19315666666665">
<ele>9</ele>
</trkpt>
<trkpt lat="34.60797861111111" lon="137.19321055555557">
<ele>9</ele>
</trkpt>
<trkpt lat="34.607971666666664" lon="137.19326444444445">
<ele>9</ele>
</trkpt>
<trkpt lat="34.60796472222222" lon="137.19331833333334">
<ele>9</ele>
</trkpt>
<trkpt lat="34.60795805555556" lon="137.19337222222222">
<ele>8</ele>
</trkpt>
<trkpt lat="34.60795111111111" lon="137.1934263888889">
<ele>8</ele>
</trkpt>
<trkpt lat="34.60794416666667" lon="137.19348027777778">
<ele>8</ele>
</trkpt>
<trkpt lat="34.6079375" lon="137.19353416666667">
<ele>8</ele>
</trkpt>
<trkpt lat="34.607930555555555" lon="137.19358805555555">
<ele>8</ele>
</trkpt>
<trkpt lat="34.60792361111111" lon="137.19364194444444">
<ele>8</ele>
</trkpt>
<trkpt lat="34.60791694444445" lon="137.19369583333332">
<ele>8</ele>
</trkpt>
<trkpt lat="34.60791" lon="137.19375">
<ele>8</ele>
</trkpt>
<trkpt lat="34.607909166666666" lon="137.1937563888889">
<ele>8</ele>
</trkpt>
<trkpt lat="34.607909166666666" lon="137.1937563888889">
<ele>8</ele>
</trkpt>
<trkpt lat="34.608023055555556" lon="137.194125">
<ele>9</ele>
</trkpt>
<trkpt lat="34.608137222222226" lon="137.1944936111111">
<ele>9</ele>
</trkpt>
<trkpt lat="34.60825138888889" lon="137.19486194444445">
<ele>9</ele>
</trkpt>
<trkpt lat="34.60836555555556" lon="137.19523055555555">
<ele>8</ele>
</trkpt>
<trkpt lat="34.60847944444444" lon="137.1955988888889">
<ele>9</ele>
</trkpt>
<trkpt lat="34.60859361111111" lon="137.1959675">
<ele>8</ele>
</trkpt>
<trkpt lat="34.60870777777778" lon="137.19633611111112">
<ele>8</ele>
</trkpt>
<trkpt lat="34.60882194444444" lon="137.19670444444444">
<ele>8</ele>
</trkpt>
<trkpt lat="34.608935833333334" lon="137.19707305555556">
<ele>8</ele>
</trkpt>
<trkpt lat="34.60905" lon="137.19744138888888">
<ele>9</ele>
</trkpt>
<trkpt lat="34.609164166666666" lon="137.19781">
<ele>8</ele>
</trkpt>
<trkpt lat="34.609278333333336" lon="137.19817833333335">
<ele>8</ele>
</trkpt>
<trkpt lat="34.60939222222222" lon="137.19854694444444">
<ele>9</ele>
</trkpt>
<trkpt lat="34.60950638888889" lon="137.19891555555554">
<ele>9</ele>
</trkpt>
<trkpt lat="34.60962055555556" lon="137.19928388888889">
<ele>9</ele>
</trkpt>
<trkpt lat="34.60973472222222" lon="137.1996525">
<ele>8</ele>
</trkpt>
<trkpt lat="34.60984861111111" lon="137.20002083333333">
<ele>7</ele>
</trkpt>
<trkpt lat="34.60996277777778" lon="137.20038944444445">
<ele>7</ele>
</trkpt>
<trkpt lat="34.610076944444444" lon="137.20075805555555">
<ele>8</ele>
</trkpt>
<trkpt lat="34.610076944444444" lon="137.20075805555555">
<ele>8</ele>
</trkpt>
<trkpt lat="34.61016611111111" lon="137.20102444444444">
<ele>8</ele>
</trkpt>
<trkpt lat="34.610255277777775" lon="137.20129111111112">
<ele>8</ele>
</trkpt>
<trkpt lat="34.61034472222222" lon="137.2015575">
<ele>8</ele>
</trkpt>
<trkpt lat="34.61043388888889" lon="137.20182416666665">
<ele>7</ele>
</trkpt>
<trkpt lat="34.610523055555554" lon="137.20209055555554">
<ele>7</ele>
</trkpt>
<trkpt lat="34.61061222222222" lon="137.20235722222222">
<ele>8</ele>
</trkpt>
<trkpt lat="34.610701666666664" lon="137.2026236111111">
<ele>8</ele>
</trkpt>
<trkpt lat="34.61079083333333" lon="137.20289027777778">
<ele>8</ele>
</trkpt>
<trkpt lat="34.61088" lon="137.20315666666667">
<ele>7</ele>
</trkpt>
<trkpt lat="34.61096916666666" lon="137.20342305555556">
<ele>8</ele>
</trkpt>
<trkpt lat="34.61105861111111" lon="137.2036897222222">
<ele>8</ele>
</trkpt>
<trkpt lat="34.61114777777778" lon="137.2039561111111">
<ele>8</ele>
</trkpt>
<trkpt lat="34.61123694444444" lon="137.20422277777777">
<ele>8</ele>
</trkpt>
<trkpt lat="34.61132611111111" lon="137.20448916666666">
<ele>8</ele>
</trkpt>
<trkpt lat="34.61141527777778" lon="137.20475583333334">
<ele>8</ele>
</trkpt>
<trkpt lat="34.61150472222222" lon="137.20502222222223">
<ele>8</ele>
</trkpt>
<trkpt lat="34.61159388888889" lon="137.2052888888889">
<ele>8</ele>
</trkpt>
<trkpt lat="34.61168305555555" lon="137.2055552777778">
<ele>8</ele>
</trkpt>
<trkpt lat="34.61177222222222" lon="137.20582194444444">
<ele>8</ele>
</trkpt>
<trkpt lat="34.61177222222222" lon="137.20582194444444">
<ele>8</ele>
</trkpt>
<trkpt lat="34.61187805555556" lon="137.20615027777777">
<ele>8</ele>
</trkpt>
<trkpt lat="34.611983888888886" lon="137.20647861111112">
<ele>7</ele>
</trkpt>
<trkpt lat="34.61208944444444" lon="137.20680666666667">
<ele>7</ele>
</trkpt>
<trkpt lat="34.61219527777778" lon="137.207135">
<ele>6</ele>
</trkpt>
<trkpt lat="34.612300833333336" lon="137.20746333333332">
<ele>7</ele>
</trkpt>
<trkpt lat="34.612406666666665" lon="137.20779166666668">
<ele>8</ele>
</trkpt>
<trkpt lat="34.6125125" lon="137.20812">
<ele>7</ele>
</trkpt>
<trkpt lat="34.61261805555556" lon="137.20844833333334">
<ele>7</ele>
</trkpt>
<trkpt lat="34.61272388888889" lon="137.20877638888888">
<ele>8</ele>
</trkpt>
<trkpt lat="34.61282972222222" lon="137.20910472222224">
<ele>8</ele>
</trkpt>
<trkpt lat="34.61293527777778" lon="137.20943305555556">
<ele>7</ele>
</trkpt>
<trkpt lat="34.61304111111111" lon="137.2097613888889">
<ele>9</ele>
</trkpt>
<trkpt lat="34.613146666666665" lon="137.21008972222222">
<ele>8</ele>
</trkpt>
<trkpt lat="34.6132525" lon="137.21041777777776">
<ele>8</ele>
</trkpt>
<trkpt lat="34.61335833333333" lon="137.21074611111112">
<ele>9</ele>
</trkpt>
<trkpt lat="34.61346388888889" lon="137.21107444444445">
<ele>9</ele>
</trkpt>
<trkpt lat="34.61356972222222" lon="137.21140277777778">
<ele>9</ele>
</trkpt>
<trkpt lat="34.61367527777778" lon="137.2117311111111">
<ele>9</ele>
</trkpt>
<trkpt lat="34.61378111111111" lon="137.21205944444444">
<ele>9</ele>
</trkpt>
<trkpt lat="34.61378111111111" lon="137.21205944444444">
<ele>9</ele>
</trkpt>
<trkpt lat="34.61378111111111" lon="137.21205944444444">
<ele>9</ele>
</trkpt>
<trkpt lat="34.61380583333333" lon="137.21220416666668">
<ele>8</ele>
</trkpt>
<trkpt lat="34.61383027777778" lon="137.21234916666666">
<ele>6</ele>
</trkpt>
<trkpt lat="34.613855" lon="137.2124938888889">
<ele>7</ele>
</trkpt>
<trkpt lat="34.61387972222222" lon="137.21263861111112">
<ele>7</ele>
</trkpt>
<trkpt lat="34.613904166666664" lon="137.21278361111112">
<ele>7</ele>
</trkpt>
<trkpt lat="34.613928888888886" lon="137.21292833333334">
<ele>6</ele>
</trkpt>
<trkpt lat="34.613953611111114" lon="137.21307333333334">
<ele>7</ele>
</trkpt>
<trkpt lat="34.613978055555556" lon="137.21321805555556">
<ele>7</ele>
</trkpt>
<trkpt lat="34.61400277777778" lon="137.21336305555556">
<ele>8</ele>
</trkpt>
<trkpt lat="34.6140275" lon="137.21350777777778">
<ele>8</ele>
</trkpt>
<trkpt lat="34.61405194444445" lon="137.21365277777778">
<ele>8</ele>
</trkpt>
<trkpt lat="34.61407666666667" lon="137.2137975">
<ele>8</ele>
</trkpt>
<trkpt lat="34.61410138888889" lon="137.2139425">
<ele>7</ele>
</trkpt>
<trkpt lat="34.61412583333333" lon="137.21408722222222">
<ele>8</ele>
</trkpt>
<trkpt lat="34.614150555555554" lon="137.21423222222222">
<ele>8</ele>
</trkpt>
<trkpt lat="34.614175277777775" lon="137.21437694444444">
<ele>8</ele>
</trkpt>
<trkpt lat="34.614199722222224" lon="137.21452194444444">
<ele>8</ele>
</trkpt>
<trkpt lat="34.614224444444446" lon="137.21466666666666">
<ele>8</ele>
</trkpt>
<trkpt lat="34.61424916666667" lon="137.21481166666666">
<ele>8</ele>
</trkpt>
<trkpt lat="34.61427361111111" lon="137.21495638888888">
<ele>8</ele>
</trkpt>
<trkpt lat="34.61429833333333" lon="137.21510138888888">
<ele>8</ele>
</trkpt>
<trkpt lat="34.61432305555556" lon="137.2152461111111">
<ele>6</ele>
</trkpt>
<trkpt lat="34.6143475" lon="137.2153911111111">
<ele>7</ele>
</trkpt>
<trkpt lat="34.61437222222222" lon="137.21553583333332">
<ele>7</ele>
</trkpt>
<trkpt lat="34.614396944444444" lon="137.21568083333332">
<ele>7</ele>
</trkpt>
<trkpt lat="34.614421388888886" lon="137.21582555555557">
<ele>7</ele>
</trkpt>
<trkpt lat="34.614446111111114" lon="137.21597027777779">
<ele>8</ele>
</trkpt>
<trkpt lat="34.614470833333336" lon="137.2161152777778">
<ele>7</ele>
</trkpt>
<trkpt lat="34.61449555555556" lon="137.21626">
<ele>7</ele>
</trkpt>
<trkpt lat="34.61452" lon="137.216405">
<ele>7</ele>
</trkpt>
<trkpt lat="34.61454472222222" lon="137.21654972222223">
<ele>7</ele>
</trkpt>
<trkpt lat="34.61456944444444" lon="137.21669472222223">
<ele>8</ele>
</trkpt>
<trkpt lat="34.61459388888889" lon="137.21683944444445">
<ele>7</ele>
</trkpt>
<trkpt lat="34.61461861111111" lon="137.21698444444445">
<ele>7</ele>
</trkpt>
<trkpt lat="34.61464333333333" lon="137.21712916666667">
<ele>8</ele>
</trkpt>
<trkpt lat="34.614667777777775" lon="137.21727416666667">
<ele>9</ele>
</trkpt>
<trkpt lat="34.6146925" lon="137.2174188888889">
<ele>9</ele>
</trkpt>
<trkpt lat="34.614717222222225" lon="137.2175638888889">
<ele>8</ele>
</trkpt>
<trkpt lat="34.614717222222225" lon="137.2175638888889">
<ele>8</ele>
</trkpt>
<trkpt lat="34.614717222222225" lon="137.2175638888889">
<ele>8</ele>
</trkpt>
<trkpt lat="34.61472" lon="137.21765944444445">
<ele>8</ele>
</trkpt>
<trkpt lat="34.61472305555556" lon="137.21775527777777">
<ele>7</ele>
</trkpt>
<trkpt lat="34.61472611111111" lon="137.21785111111112">
<ele>8</ele>
</trkpt>
<trkpt lat="34.61472916666666" lon="137.21794694444444">
<ele>8</ele>
</trkpt>
<trkpt lat="34.61473222222222" lon="137.2180425">
<ele>8</ele>
</trkpt>
<trkpt lat="34.614735277777775" lon="137.21813833333334">
<ele>8</ele>
</trkpt>
<trkpt lat="34.614738333333335" lon="137.21823416666666">
<ele>7</ele>
</trkpt>
<trkpt lat="34.61474138888889" lon="137.21833">
<ele>7</ele>
</trkpt>
<trkpt lat="34.61474416666667" lon="137.21842555555557">
<ele>7</ele>
</trkpt>
<trkpt lat="34.61474722222222" lon="137.2185213888889">
<ele>7</ele>
</trkpt>
<trkpt lat="34.61475027777778" lon="137.21861722222224">
<ele>7</ele>
</trkpt>
<trkpt lat="34.61475333333333" lon="137.21871277777777">
<ele>6</ele>
</trkpt>
<trkpt lat="34.614756388888885" lon="137.21880861111111">
<ele>5</ele>
</trkpt>
<trkpt lat="34.614759444444445" lon="137.21890444444443">
<ele>4</ele>
</trkpt>
<trkpt lat="34.6147625" lon="137.21900027777778">
<ele>4</ele>
</trkpt>
<trkpt lat="34.61476555555556" lon="137.21909583333334">
<ele>4</ele>
</trkpt>
<trkpt lat="34.61476833333333" lon="137.21919166666666">
<ele>4</ele>
</trkpt>
<trkpt lat="34.61477138888889" lon="137.2192875">
<ele>4</ele>
</trkpt>
<trkpt lat="34.61477444444444" lon="137.21938305555557">
<ele>4</ele>
</trkpt>
<trkpt lat="34.61477444444444" lon="137.21938305555557">
<ele>4</ele>
</trkpt>
<trkpt lat="34.61470666666666" lon="137.21943972222223">
<ele>4</ele>
</trkpt>
<trkpt lat="34.61463861111111" lon="137.21949666666666">
<ele>4</ele>
</trkpt>
<trkpt lat="34.61457083333333" lon="137.21955333333332">
<ele>4</ele>
</trkpt>
<trkpt lat="34.61450277777778" lon="137.21961">
<ele>4</ele>
</trkpt>
<trkpt lat="34.614435" lon="137.21966666666665">
<ele>5</ele>
</trkpt>
<trkpt lat="34.61436722222222" lon="137.2197236111111">
<ele>5</ele>
</trkpt>
<trkpt lat="34.61429916666667" lon="137.21978027777777">
<ele>9</ele>
</trkpt>
<trkpt lat="34.61423138888889" lon="137.21983694444444">
<ele>9</ele>
</trkpt>
<trkpt lat="34.61416361111111" lon="137.2198938888889">
<ele>20</ele>
</trkpt>
<trkpt lat="34.61409555555556" lon="137.21995055555556">
<ele>17</ele>
</trkpt>
<trkpt lat="34.61402777777778" lon="137.22000722222222">
<ele>20</ele>
</trkpt>
<trkpt lat="34.61395972222222" lon="137.2200638888889">
<ele>19</ele>
</trkpt>
<trkpt lat="34.61389194444445" lon="137.22012083333334">
<ele>20</ele>
</trkpt>
<trkpt lat="34.61382416666667" lon="137.2201775">
<ele>17</ele>
</trkpt>
<trkpt lat="34.61375611111111" lon="137.22023416666667">
<ele>11</ele>
</trkpt>
<trkpt lat="34.613688333333336" lon="137.22029111111112">
<ele>11</ele>
</trkpt>
<trkpt lat="34.61362027777778" lon="137.2203477777778">
<ele>9</ele>
</trkpt>
<trkpt lat="34.6135525" lon="137.22040444444445">
<ele>7</ele>
</trkpt>
<trkpt lat="34.613484722222225" lon="137.22046111111112">
<ele>8</ele>
</trkpt>
<trkpt lat="34.613484722222225" lon="137.22046111111112">
<ele>8</ele>
</trkpt>
<trkpt lat="34.61351166666667" lon="137.22053916666667">
<ele>9</ele>
</trkpt>
<trkpt lat="34.61353861111111" lon="137.22061694444446">
<ele>15</ele>
</trkpt>
<trkpt lat="34.61356555555555" lon="137.220695">
<ele>15</ele>
</trkpt>
<trkpt lat="34.6135925" lon="137.22077277777777">
<ele>14</ele>
</trkpt>
<trkpt lat="34.613619444444446" lon="137.22085083333334">
<ele>13</ele>
</trkpt>
<trkpt lat="34.61364638888889" lon="137.2209288888889">
<ele>12</ele>
</trkpt>
<trkpt lat="34.61367333333333" lon="137.22100666666665">
<ele>12</ele>
</trkpt>
<trkpt lat="34.61370027777778" lon="137.22108472222223">
<ele>12</ele>
</trkpt>
<trkpt lat="34.613727222222224" lon="137.2211625">
<ele>12</ele>
</trkpt>
<trkpt lat="34.613754166666666" lon="137.22124055555557">
<ele>14</ele>
</trkpt>
<trkpt lat="34.61378111111111" lon="137.22131833333333">
<ele>14</ele>
</trkpt>
<trkpt lat="34.61380805555556" lon="137.22139638888888">
<ele>13</ele>
</trkpt>
<trkpt lat="34.613835" lon="137.22147416666667">
<ele>13</ele>
</trkpt>
<trkpt lat="34.613861944444444" lon="137.22155222222221">
<ele>11</ele>
</trkpt>
<trkpt lat="34.61388888888889" lon="137.22163">
<ele>9</ele>
</trkpt>
<trkpt lat="34.61391583333333" lon="137.22170805555555">
<ele>8</ele>
</trkpt>
<trkpt lat="34.61394277777778" lon="137.22178583333334">
<ele>8</ele>
</trkpt>
<trkpt lat="34.61396972222222" lon="137.2218638888889">
<ele>7</ele>
</trkpt>
<trkpt lat="34.613996666666665" lon="137.22194166666668">
<ele>7</ele>
</trkpt>
<trkpt lat="34.613996666666665" lon="137.22194166666668">
<ele>7</ele>
</trkpt>
<trkpt lat="34.613996666666665" lon="137.22194166666668">
<ele>7</ele>
</trkpt>
<trkpt lat="34.614068333333336" lon="137.22188972222222">
<ele>7</ele>
</trkpt>
<trkpt lat="34.61414" lon="137.22183777777778">
<ele>7</ele>
</trkpt>
<trkpt lat="34.61421138888889" lon="137.22178583333334">
<ele>6</ele>
</trkpt>
<trkpt lat="34.61428305555555" lon="137.22173388888888">
<ele>6</ele>
</trkpt>
<trkpt lat="34.614354722222224" lon="137.22168194444444">
<ele>5</ele>
</trkpt>
<trkpt lat="34.61442611111111" lon="137.22163">
<ele>7</ele>
</trkpt>
<trkpt lat="34.61449777777778" lon="137.22157805555557">
<ele>11</ele>
</trkpt>
<trkpt lat="34.61456944444444" lon="137.2215261111111">
<ele>8</ele>
</trkpt>
<trkpt lat="34.61464083333333" lon="137.22147416666667">
<ele>8</ele>
</trkpt>
<trkpt lat="34.6147125" lon="137.22142222222223">
<ele>8</ele>
</trkpt>
<trkpt lat="34.61478388888889" lon="137.22137027777777">
<ele>10</ele>
</trkpt>
<trkpt lat="34.61485555555556" lon="137.22131833333333">
<ele>8</ele>
</trkpt>
<trkpt lat="34.61492722222222" lon="137.2212663888889">
<ele>20</ele>
</trkpt>
<trkpt lat="34.61499861111111" lon="137.22121444444446">
<ele>15</ele>
</trkpt>
<trkpt lat="34.615070277777775" lon="137.2211625">
<ele>21</ele>
</trkpt>
<trkpt lat="34.615141944444446" lon="137.22111055555555">
<ele>21</ele>
</trkpt>
<trkpt lat="34.61521333333334" lon="137.22105861111112">
<ele>24</ele>
</trkpt>
<trkpt lat="34.615285" lon="137.22100666666665">
<ele>24</ele>
</trkpt>
<trkpt lat="34.61535666666666" lon="137.22095472222222">
<ele>26</ele>
</trkpt>
<trkpt lat="34.61535666666666" lon="137.22095472222222">
<ele>26</ele>
</trkpt>
<trkpt lat="34.61542277777778" lon="137.22095666666667">
<ele>29</ele>
</trkpt>
<trkpt lat="34.61548916666667" lon="137.22095833333333">
<ele>29</ele>
</trkpt>
<trkpt lat="34.61555527777778" lon="137.22096">
<ele>29</ele>
</trkpt>
<trkpt lat="34.61562166666667" lon="137.22096194444444">
<ele>30</ele>
</trkpt>
<trkpt lat="34.61568777777778" lon="137.2209636111111">
<ele>30</ele>
</trkpt>
<trkpt lat="34.61575416666667" lon="137.22096555555555">
<ele>30</ele>
</trkpt>
<trkpt lat="34.61582027777778" lon="137.2209672222222">
<ele>30</ele>
</trkpt>
<trkpt lat="34.61588666666667" lon="137.22096916666666">
<ele>30</ele>
</trkpt>
<trkpt lat="34.61595305555556" lon="137.22097083333333">
<ele>30</ele>
</trkpt>
<trkpt lat="34.61601916666667" lon="137.22097277777777">
<ele>30</ele>
</trkpt>
<trkpt lat="34.61608555555556" lon="137.22097444444444">
<ele>30</ele>
</trkpt>
<trkpt lat="34.61615166666667" lon="137.2209763888889">
<ele>31</ele>
</trkpt>
<trkpt lat="34.61621805555556" lon="137.22097805555555">
<ele>31</ele>
</trkpt>
<trkpt lat="34.61628416666667" lon="137.22098">
<ele>31</ele>
</trkpt>
<trkpt lat="34.616350555555556" lon="137.22098166666666">
<ele>32</ele>
</trkpt>
<trkpt lat="34.616416666666666" lon="137.2209836111111">
<ele>32</ele>
</trkpt>
<trkpt lat="34.616483055555555" lon="137.22098527777777">
<ele>32</ele>
</trkpt>
<trkpt lat="34.616549166666665" lon="137.22098722222222">
<ele>32</ele>
</trkpt>
<trkpt lat="34.616615555555555" lon="137.22098888888888">
<ele>33</ele>
</trkpt>
<trkpt lat="34.616615555555555" lon="137.22098888888888">
<ele>33</ele>
</trkpt>
<trkpt lat="34.616660277777775" lon="137.2209863888889">
<ele>33</ele>
</trkpt>
<trkpt lat="34.616705277777776" lon="137.2209838888889">
<ele>33</ele>
</trkpt>
<trkpt lat="34.61675" lon="137.2209813888889">
<ele>33</ele>
</trkpt>
<trkpt lat="34.616795" lon="137.22097888888888">
<ele>34</ele>
</trkpt>
<trkpt lat="34.616839722222224" lon="137.2209763888889">
<ele>34</ele>
</trkpt>
<trkpt lat="34.616884722222224" lon="137.22097416666668">
<ele>34</ele>
</trkpt>
<trkpt lat="34.616929444444445" lon="137.22097166666666">
<ele>34</ele>
</trkpt>
<trkpt lat="34.616974444444445" lon="137.22096916666666">
<ele>34</ele>
</trkpt>
<trkpt lat="34.617019166666665" lon="137.22096666666667">
<ele>35</ele>
</trkpt>
<trkpt lat="34.617064166666665" lon="137.22096416666668">
<ele>35</ele>
</trkpt>
<trkpt lat="34.617108888888886" lon="137.22096166666665">
<ele>35</ele>
</trkpt>
<trkpt lat="34.617153888888886" lon="137.22095916666666">
<ele>36</ele>
</trkpt>
<trkpt lat="34.617198888888886" lon="137.22095666666667">
<ele>36</ele>
</trkpt>
<trkpt lat="34.617243611111114" lon="137.22095416666667">
<ele>36</ele>
</trkpt>
<trkpt lat="34.617288611111114" lon="137.22095166666668">
<ele>36</ele>
</trkpt>
<trkpt lat="34.617333333333335" lon="137.22094916666666">
<ele>37</ele>
</trkpt>
<trkpt lat="34.617378333333335" lon="137.22094666666666">
<ele>37</ele>
</trkpt>
<trkpt lat="34.617423055555555" lon="137.22094416666667">
<ele>37</ele>
</trkpt>
<trkpt lat="34.617468055555555" lon="137.22094166666668">
<ele>38</ele>
</trkpt>
<trkpt lat="34.617512777777776" lon="137.22093916666665">
<ele>38</ele>
</trkpt>
<trkpt lat="34.617557777777776" lon="137.22093666666666">
<ele>38</ele>
</trkpt>
<trkpt lat="34.6176025" lon="137.22093416666667">
<ele>38</ele>
</trkpt>
<trkpt lat="34.6176475" lon="137.22093166666667">
<ele>38</ele>
</trkpt>
<trkpt lat="34.617692222222225" lon="137.22092916666668">
<ele>39</ele>
</trkpt>
<trkpt lat="34.617737222222225" lon="137.22092666666666">
<ele>39</ele>
</trkpt>
<trkpt lat="34.617781944444445" lon="137.22092416666666">
<ele>40</ele>
</trkpt>
<trkpt lat="34.617826944444445" lon="137.22092166666667">
<ele>40</ele>
</trkpt>
<trkpt lat="34.617871666666666" lon="137.22091916666668">
<ele>40</ele>
</trkpt>
<trkpt lat="34.617916666666666" lon="137.22091666666665">
<ele>42</ele>
</trkpt>
<trkpt lat="34.617961666666666" lon="137.22091416666666">
<ele>42</ele>
</trkpt>
<trkpt lat="34.61800638888889" lon="137.22091166666667">
<ele>44</ele>
</trkpt>
<trkpt lat="34.61805138888889" lon="137.22090916666667">
<ele>44</ele>
</trkpt>
<trkpt lat="34.618096111111115" lon="137.22090666666668">
<ele>44</ele>
</trkpt>
<trkpt lat="34.618141111111115" lon="137.22090416666666">
<ele>46</ele>
</trkpt>
<trkpt lat="34.618160555555555" lon="137.22090305555557">
<ele>46</ele>
</trkpt>
<trkpt lat="34.618160555555555" lon="137.22090305555557">
<ele>46</ele>
</trkpt>
<trkpt lat="34.618158055555554" lon="137.2209836111111">
<ele>46</ele>
</trkpt>
<trkpt lat="34.61815527777778" lon="137.22106444444444">
<ele>46</ele>
</trkpt>
<trkpt lat="34.61815277777778" lon="137.221145">
<ele>46</ele>
</trkpt>
<trkpt lat="34.61815027777778" lon="137.22122555555555">
<ele>46</ele>
</trkpt>
<trkpt lat="34.6181475" lon="137.22130638888888">
<ele>46</ele>
</trkpt>
<trkpt lat="34.618145" lon="137.22138694444445">
<ele>46</ele>
</trkpt>
<trkpt lat="34.6181425" lon="137.2214675">
<ele>46</ele>
</trkpt>
<trkpt lat="34.618139722222224" lon="137.22154833333335">
<ele>46</ele>
</trkpt>
<trkpt lat="34.618137222222224" lon="137.2216288888889">
<ele>46</ele>
</trkpt>
<trkpt lat="34.61813472222222" lon="137.22170944444446">
<ele>46</ele>
</trkpt>
<trkpt lat="34.61813194444444" lon="137.22179027777779">
<ele>46</ele>
</trkpt>
<trkpt lat="34.61812944444444" lon="137.22187083333333">
<ele>46</ele>
</trkpt>
<trkpt lat="34.61812694444444" lon="137.2219513888889">
<ele>46</ele>
</trkpt>
<trkpt lat="34.61812416666667" lon="137.22203222222223">
<ele>46</ele>
</trkpt>
<trkpt lat="34.61812166666667" lon="137.22211277777777">
<ele>46</ele>
</trkpt>
<trkpt lat="34.618119166666666" lon="137.22219333333334">
<ele>46</ele>
</trkpt>
<trkpt lat="34.618116666666666" lon="137.22227388888888">
<ele>47</ele>
</trkpt>
<trkpt lat="34.61811388888889" lon="137.22235472222224">
<ele>47</ele>
</trkpt>
<trkpt lat="34.61811138888889" lon="137.22243527777778">
<ele>47</ele>
</trkpt>
<trkpt lat="34.61811138888889" lon="137.22243527777778">
<ele>47</ele>
</trkpt>
<trkpt lat="34.61811138888889" lon="137.22243527777778">
<ele>47</ele>
</trkpt>
<trkpt lat="34.61813083333333" lon="137.22248833333333">
<ele>47</ele>
</trkpt>
<trkpt lat="34.61815027777778" lon="137.22254138888889">
<ele>47</ele>
</trkpt>
<trkpt lat="34.61817" lon="137.22259444444444">
<ele>47</ele>
</trkpt>
<trkpt lat="34.61818944444445" lon="137.2226475">
<ele>47</ele>
</trkpt>
<trkpt lat="34.61820888888889" lon="137.22270083333333">
<ele>46</ele>
</trkpt>
<trkpt lat="34.618228333333334" lon="137.2227538888889">
<ele>47</ele>
</trkpt>
<trkpt lat="34.618248055555554" lon="137.22280694444444">
<ele>47</ele>
</trkpt>
<trkpt lat="34.6182675" lon="137.22286">
<ele>47</ele>
</trkpt>
<trkpt lat="34.61828694444444" lon="137.22291305555555">
<ele>46</ele>
</trkpt>
<trkpt lat="34.61830666666667" lon="137.2229661111111">
<ele>46</ele>
</trkpt>
<trkpt lat="34.61832611111111" lon="137.22301916666666">
<ele>45</ele>
</trkpt>
<trkpt lat="34.61834555555556" lon="137.2230722222222">
<ele>46</ele>
</trkpt>
<trkpt lat="34.618365" lon="137.22312527777777">
<ele>45</ele>
</trkpt>
<trkpt lat="34.618384722222224" lon="137.22317833333332">
<ele>45</ele>
</trkpt>
<trkpt lat="34.618404166666664" lon="137.22323138888888">
<ele>44</ele>
</trkpt>
<trkpt lat="34.61842361111111" lon="137.22328472222222">
<ele>44</ele>
</trkpt>
<trkpt lat="34.61844305555555" lon="137.22333777777777">
<ele>42</ele>
</trkpt>
<trkpt lat="34.61846277777778" lon="137.22339083333333">
<ele>44</ele>
</trkpt>
<trkpt lat="34.61848222222222" lon="137.22344388888888">
<ele>44</ele>
</trkpt>
<trkpt lat="34.61848222222222" lon="137.22344388888888">
<ele>44</ele>
</trkpt>
<trkpt lat="34.61848222222222" lon="137.22344388888888">
<ele>44</ele>
</trkpt>
<trkpt lat="34.61857416666667" lon="137.22353305555555">
<ele>44</ele>
</trkpt>
<trkpt lat="34.61866611111111" lon="137.22362222222222">
<ele>42</ele>
</trkpt>
<trkpt lat="34.61875833333333" lon="137.2237113888889">
<ele>42</ele>
</trkpt>
<trkpt lat="34.618850277777774" lon="137.22380083333334">
<ele>42</ele>
</trkpt>
<trkpt lat="34.61894222222222" lon="137.22389">
<ele>41</ele>
</trkpt>
<trkpt lat="34.619034166666665" lon="137.22397916666668">
<ele>43</ele>
</trkpt>
<trkpt lat="34.61912638888889" lon="137.22406833333332">
<ele>43</ele>
</trkpt>
<trkpt lat="34.619218333333336" lon="137.2241575">
<ele>41</ele>
</trkpt>
<trkpt lat="34.61931027777778" lon="137.22424666666666">
<ele>41</ele>
</trkpt>
<trkpt lat="34.61940222222222" lon="137.2243361111111">
<ele>40</ele>
</trkpt>
<trkpt lat="34.61949416666667" lon="137.22442527777778">
<ele>41</ele>
</trkpt>
<trkpt lat="34.61958638888889" lon="137.22451444444445">
<ele>41</ele>
</trkpt>
<trkpt lat="34.61967833333333" lon="137.22460361111112">
<ele>42</ele>
</trkpt>
<trkpt lat="34.619770277777775" lon="137.2246927777778">
<ele>41</ele>
</trkpt>
<trkpt lat="34.619862222222224" lon="137.22478222222222">
<ele>40</ele>
</trkpt>
<trkpt lat="34.619954444444446" lon="137.2248713888889">
<ele>41</ele>
</trkpt>
<trkpt lat="34.62004638888889" lon="137.22496055555555">
<ele>41</ele>
</trkpt>
<trkpt lat="34.62013833333334" lon="137.22504972222222">
<ele>41</ele>
</trkpt>
<trkpt lat="34.62023027777778" lon="137.2251388888889">
<ele>41</ele>
</trkpt>
<trkpt lat="34.62023027777778" lon="137.2251388888889">
<ele>41</ele>
</trkpt>
<trkpt lat="34.62027222222222" lon="137.2252922222222">
<ele>40</ele>
</trkpt>
<trkpt lat="34.62031416666667" lon="137.22544555555555">
<ele>41</ele>
</trkpt>
<trkpt lat="34.620356111111114" lon="137.2255988888889">
<ele>41</ele>
</trkpt>
<trkpt lat="34.620397777777775" lon="137.2257522222222">
<ele>40</ele>
</trkpt>
<trkpt lat="34.62043972222222" lon="137.22590555555556">
<ele>40</ele>
</trkpt>
<trkpt lat="34.62048166666667" lon="137.2260588888889">
<ele>40</ele>
</trkpt>
<trkpt lat="34.62052333333333" lon="137.22621222222222">
<ele>40</ele>
</trkpt>
<trkpt lat="34.62056527777778" lon="137.22636555555556">
<ele>40</ele>
</trkpt>
<trkpt lat="34.62060722222222" lon="137.22651888888888">
<ele>40</ele>
</trkpt>
<trkpt lat="34.62064916666667" lon="137.22667222222222">
<ele>40</ele>
</trkpt>
<trkpt lat="34.620690833333335" lon="137.22682555555556">
<ele>40</ele>
</trkpt>
<trkpt lat="34.620732777777775" lon="137.22697888888888">
<ele>40</ele>
</trkpt>
<trkpt lat="34.62077472222222" lon="137.22713222222222">
<ele>40</ele>
</trkpt>
<trkpt lat="34.62081638888889" lon="137.22728555555557">
<ele>40</ele>
</trkpt>
<trkpt lat="34.62085833333333" lon="137.22743888888888">
<ele>40</ele>
</trkpt>
<trkpt lat="34.62090027777778" lon="137.22759222222223">
<ele>40</ele>
</trkpt>
<trkpt lat="34.62094222222222" lon="137.22774555555554">
<ele>40</ele>
</trkpt>
<trkpt lat="34.62098388888889" lon="137.2278988888889">
<ele>40</ele>
</trkpt>
<trkpt lat="34.621025833333334" lon="137.22805222222223">
<ele>40</ele>
</trkpt>
<trkpt lat="34.621025833333334" lon="137.22805222222223">
<ele>40</ele>
</trkpt>
<trkpt lat="34.621025833333334" lon="137.22805222222223">
<ele>40</ele>
</trkpt>
<trkpt lat="34.62112944444444" lon="137.2283263888889">
<ele>40</ele>
</trkpt>
<trkpt lat="34.621233333333336" lon="137.22860083333333">
<ele>38</ele>
</trkpt>
<trkpt lat="34.62133722222222" lon="137.22887527777777">
<ele>36</ele>
</trkpt>
<trkpt lat="34.62144111111111" lon="137.22914944444443">
<ele>35</ele>
</trkpt>
<trkpt lat="34.621545" lon="137.2294238888889">
<ele>34</ele>
</trkpt>
<trkpt lat="34.62164888888889" lon="137.22969833333335">
<ele>34</ele>
</trkpt>
<trkpt lat="34.62175277777778" lon="137.2299725">
<ele>33</ele>
</trkpt>
<trkpt lat="34.621856666666666" lon="137.23024694444445">
<ele>32</ele>
</trkpt>
<trkpt lat="34.62196027777778" lon="137.2305213888889">
<ele>31</ele>
</trkpt>
<trkpt lat="34.62206416666667" lon="137.23079555555555">
<ele>30</ele>
</trkpt>
<trkpt lat="34.622168055555555" lon="137.23107">
<ele>29</ele>
</trkpt>
<trkpt lat="34.62227194444444" lon="137.23134444444443">
<ele>29</ele>
</trkpt>
<trkpt lat="34.62237583333334" lon="137.23161861111112">
<ele>29</ele>
</trkpt>
<trkpt lat="34.622479722222224" lon="137.23189305555556">
<ele>29</ele>
</trkpt>
<trkpt lat="34.62258361111111" lon="137.2321675">
<ele>29</ele>
</trkpt>
<trkpt lat="34.6226875" lon="137.23244166666666">
<ele>29</ele>
</trkpt>
<trkpt lat="34.62279138888889" lon="137.2327161111111">
<ele>29</ele>
</trkpt>
<trkpt lat="34.622895" lon="137.23299055555555">
<ele>29</ele>
</trkpt>
<trkpt lat="34.62299888888889" lon="137.233265">
<ele>29</ele>
</trkpt>
<trkpt lat="34.62299888888889" lon="137.233265">
<ele>29</ele>
</trkpt>
<trkpt lat="34.62299888888889" lon="137.233265">
<ele>29</ele>
</trkpt>
<trkpt lat="34.622995833333334" lon="137.23337138888888">
<ele>29</ele>
</trkpt>
<trkpt lat="34.6229925" lon="137.23347805555557">
<ele>29</ele>
</trkpt>
<trkpt lat="34.62298916666666" lon="137.23358472222222">
<ele>29</ele>
</trkpt>
<trkpt lat="34.62298583333333" lon="137.2336913888889">
<ele>29</ele>
</trkpt>
<trkpt lat="34.62298277777778" lon="137.23379805555555">
<ele>29</ele>
</trkpt>
<trkpt lat="34.62297944444445" lon="137.23390444444445">
<ele>29</ele>
</trkpt>
<trkpt lat="34.622976111111115" lon="137.2340111111111">
<ele>29</ele>
</trkpt>
<trkpt lat="34.622973055555555" lon="137.23411777777778">
<ele>29</ele>
</trkpt>
<trkpt lat="34.62296972222222" lon="137.23422444444444">
<ele>29</ele>
</trkpt>
<trkpt lat="34.62296638888889" lon="137.23433111111112">
<ele>29</ele>
</trkpt>
<trkpt lat="34.62296305555556" lon="137.2344375">
<ele>28</ele>
</trkpt>
<trkpt lat="34.62296" lon="137.23454416666667">
<ele>28</ele>
</trkpt>
<trkpt lat="34.62295666666667" lon="137.23465083333335">
<ele>28</ele>
</trkpt>
<trkpt lat="34.622953333333335" lon="137.2347575">
<ele>28</ele>
</trkpt>
<trkpt lat="34.622950277777775" lon="137.23486416666665">
<ele>28</ele>
</trkpt>
<trkpt lat="34.62294694444444" lon="137.23497055555555">
<ele>28</ele>
</trkpt>
<trkpt lat="34.62294361111111" lon="137.23507722222223">
<ele>28</ele>
</trkpt>
<trkpt lat="34.62294027777778" lon="137.23518388888888">
<ele>28</ele>
</trkpt>
<trkpt lat="34.62293722222222" lon="137.23529055555557">
<ele>28</ele>
</trkpt>
<trkpt lat="34.62293722222222" lon="137.23529055555557">
<ele>28</ele>
</trkpt>
<trkpt lat="34.62293722222222" lon="137.23529055555557">
<ele>28</ele>
</trkpt>
<trkpt lat="34.62297861111111" lon="137.23542444444445">
<ele>27</ele>
</trkpt>
<trkpt lat="34.62302" lon="137.23555805555554">
<ele>27</ele>
</trkpt>
<trkpt lat="34.62306111111111" lon="137.23569194444445">
<ele>27</ele>
</trkpt>
<trkpt lat="34.6231025" lon="137.23582583333334">
<ele>27</ele>
</trkpt>
<trkpt lat="34.62314388888889" lon="137.23595972222222">
<ele>27</ele>
</trkpt>
<trkpt lat="34.62318527777778" lon="137.2360936111111">
<ele>27</ele>
</trkpt>
<trkpt lat="34.62322666666667" lon="137.23622722222223">
<ele>27</ele>
</trkpt>
<trkpt lat="34.623268055555556" lon="137.2363611111111">
<ele>27</ele>
</trkpt>
<trkpt lat="34.623309444444445" lon="137.236495">
<ele>27</ele>
</trkpt>
<trkpt lat="34.62335083333333" lon="137.2366288888889">
<ele>27</ele>
</trkpt>
<trkpt lat="34.62339194444444" lon="137.2367625">
<ele>27</ele>
</trkpt>
<trkpt lat="34.62343333333333" lon="137.23689638888888">
<ele>26</ele>
</trkpt>
<trkpt lat="34.62347472222222" lon="137.2370302777778">
<ele>26</ele>
</trkpt>
<trkpt lat="34.62351611111111" lon="137.23716416666667">
<ele>27</ele>
</trkpt>
<trkpt lat="34.6235575" lon="137.23729805555556">
<ele>27</ele>
</trkpt>
<trkpt lat="34.623598888888885" lon="137.23743166666668">
<ele>27</ele>
</trkpt>
<trkpt lat="34.62364027777778" lon="137.23756555555556">
<ele>27</ele>
</trkpt>
<trkpt lat="34.62368166666667" lon="137.23769944444444">
<ele>26</ele>
</trkpt>
<trkpt lat="34.62372305555556" lon="137.23783333333333">
<ele>27</ele>
</trkpt>
<trkpt lat="34.62372305555556" lon="137.23783333333333">
<ele>27</ele>
</trkpt>
<trkpt lat="34.62379972222222" lon="137.23816833333333">
<ele>26</ele>
</trkpt>
<trkpt lat="34.62387666666667" lon="137.23850305555555">
<ele>26</ele>
</trkpt>
<trkpt lat="34.62395361111111" lon="137.23883805555556">
<ele>26</ele>
</trkpt>
<trkpt lat="34.62403055555556" lon="137.23917305555557">
<ele>26</ele>
</trkpt>
<trkpt lat="34.6241075" lon="137.23950805555555">
<ele>27</ele>
</trkpt>
<trkpt lat="34.624184444444445" lon="137.23984305555555">
<ele>26</ele>
</trkpt>
<trkpt lat="34.62426111111111" lon="137.24017805555556">
<ele>25</ele>
</trkpt>
<trkpt lat="34.624338055555555" lon="137.24051305555557">
<ele>25</ele>
</trkpt>
<trkpt lat="34.624415" lon="137.24084805555555">
<ele>24</ele>
</trkpt>
<trkpt lat="34.62449194444444" lon="137.24118277777777">
<ele>24</ele>
</trkpt>
<trkpt lat="34.62456888888889" lon="137.24151777777777">
<ele>23</ele>
</trkpt>
<trkpt lat="34.62464583333333" lon="137.24185277777778">
<ele>24</ele>
</trkpt>
<trkpt lat="34.62472277777778" lon="137.2421877777778">
<ele>25</ele>
</trkpt>
<trkpt lat="34.62479944444444" lon="137.24252277777776">
<ele>26</ele>
</trkpt>
<trkpt lat="34.624876388888886" lon="137.24285777777777">
<ele>26</ele>
</trkpt>
<trkpt lat="34.62495333333333" lon="137.24319277777778">
<ele>26</ele>
</trkpt>
<trkpt lat="34.625030277777775" lon="137.2435275">
<ele>26</ele>
</trkpt>
<trkpt lat="34.62510722222222" lon="137.2438625">
<ele>26</ele>
</trkpt>
<trkpt lat="34.62518416666666" lon="137.2441975">
<ele>26</ele>
</trkpt>
<trkpt lat="34.62518416666666" lon="137.2441975">
<ele>26</ele>
</trkpt>
<trkpt lat="34.62527583333333" lon="137.244325">
<ele>26</ele>
</trkpt>
<trkpt lat="34.6253675" lon="137.2444525">
<ele>26</ele>
</trkpt>
<trkpt lat="34.625459444444445" lon="137.24458">
<ele>25</ele>
</trkpt>
<trkpt lat="34.62555111111111" lon="137.2447075">
<ele>25</ele>
</trkpt>
<trkpt lat="34.62564305555556" lon="137.244835">
<ele>25</ele>
</trkpt>
<trkpt lat="34.62573472222222" lon="137.2449625">
<ele>25</ele>
</trkpt>
<trkpt lat="34.62582638888889" lon="137.24509">
<ele>25</ele>
</trkpt>
<trkpt lat="34.62591833333333" lon="137.2452175">
<ele>24</ele>
</trkpt>
<trkpt lat="34.62601" lon="137.245345">
<ele>23</ele>
</trkpt>
<trkpt lat="34.62610166666666" lon="137.2454725">
<ele>24</ele>
</trkpt>
<trkpt lat="34.62619361111111" lon="137.2456">
<ele>24</ele>
</trkpt>
<trkpt lat="34.626285277777775" lon="137.2457275">
<ele>24</ele>
</trkpt>
<trkpt lat="34.626377222222224" lon="137.24585527777776">
<ele>23</ele>
</trkpt>
<trkpt lat="34.62646888888889" lon="137.24598277777778">
<ele>23</ele>
</trkpt>
<trkpt lat="34.62656055555556" lon="137.24611027777777">
<ele>23</ele>
</trkpt>
<trkpt lat="34.6266525" lon="137.24623777777776">
<ele>24</ele>
</trkpt>
<trkpt lat="34.62674416666667" lon="137.24636527777778">
<ele>23</ele>
</trkpt>
<trkpt lat="34.62683583333333" lon="137.24649277777777">
<ele>23</ele>
</trkpt>
<trkpt lat="34.62692777777778" lon="137.24662027777777">
<ele>22</ele>
</trkpt>
<trkpt lat="34.62692777777778" lon="137.24662027777777">
<ele>22</ele>
</trkpt>
<trkpt lat="34.626954166666664" lon="137.2466861111111">
<ele>22</ele>
</trkpt>
<trkpt lat="34.626980555555555" lon="137.24675222222223">
<ele>22</ele>
</trkpt>
<trkpt lat="34.627007222222225" lon="137.24681833333332">
<ele>22</ele>
</trkpt>
<trkpt lat="34.62703361111111" lon="137.24688444444445">
<ele>22</ele>
</trkpt>
<trkpt lat="34.62706" lon="137.24695055555554">
<ele>22</ele>
</trkpt>
<trkpt lat="34.62708666666666" lon="137.24701666666667">
<ele>22</ele>
</trkpt>
<trkpt lat="34.627113055555554" lon="137.2470827777778">
<ele>22</ele>
</trkpt>
<trkpt lat="34.627139722222225" lon="137.2471486111111">
<ele>22</ele>
</trkpt>
<trkpt lat="34.62716611111111" lon="137.24721472222222">
<ele>22</ele>
</trkpt>
<trkpt lat="34.6271925" lon="137.24728083333332">
<ele>22</ele>
</trkpt>
<trkpt lat="34.62721916666667" lon="137.24734694444444">
<ele>22</ele>
</trkpt>
<trkpt lat="34.627245555555554" lon="137.24741305555557">
<ele>22</ele>
</trkpt>
<trkpt lat="34.627271944444445" lon="137.24747916666666">
<ele>22</ele>
</trkpt>
<trkpt lat="34.62729861111111" lon="137.247545">
<ele>22</ele>
</trkpt>
<trkpt lat="34.627325" lon="137.2476111111111">
<ele>22</ele>
</trkpt>
<trkpt lat="34.62735138888889" lon="137.24767722222222">
<ele>23</ele>
</trkpt>
<trkpt lat="34.62737805555555" lon="137.24774333333335">
<ele>23</ele>
</trkpt>
<trkpt lat="34.627404444444444" lon="137.24780944444444">
<ele>23</ele>
</trkpt>
<trkpt lat="34.627430833333335" lon="137.24787555555557">
<ele>23</ele>
</trkpt>
<trkpt lat="34.627430833333335" lon="137.24787555555557">
<ele>23</ele>
</trkpt>
<trkpt lat="34.627430833333335" lon="137.24787555555557">
<ele>23</ele>
</trkpt>
<trkpt lat="34.62762722222222" lon="137.24821888888889">
<ele>24</ele>
</trkpt>
<trkpt lat="34.62782361111111" lon="137.2485625">
<ele>26</ele>
</trkpt>
<trkpt lat="34.62802" lon="137.2489061111111">
<ele>26</ele>
</trkpt>
<trkpt lat="34.62821611111111" lon="137.24924944444444">
<ele>24</ele>
</trkpt>
<trkpt lat="34.6284125" lon="137.24959305555555">
<ele>24</ele>
</trkpt>
<trkpt lat="34.62860888888889" lon="137.2499363888889">
<ele>25</ele>
</trkpt>
<trkpt lat="34.628805" lon="137.25028">
<ele>26</ele>
</trkpt>
<trkpt lat="34.62900138888889" lon="137.2506236111111">
<ele>27</ele>
</trkpt>
<trkpt lat="34.629197777777776" lon="137.25096694444446">
<ele>28</ele>
</trkpt>
<trkpt lat="34.629394166666664" lon="137.25131055555556">
<ele>28</ele>
</trkpt>
<trkpt lat="34.62959027777778" lon="137.25165416666667">
<ele>27</ele>
</trkpt>
<trkpt lat="34.62978666666667" lon="137.2519975">
<ele>26</ele>
</trkpt>
<trkpt lat="34.629983055555556" lon="137.25234111111112">
<ele>25</ele>
</trkpt>
<trkpt lat="34.630179166666665" lon="137.25268444444444">
<ele>22</ele>
</trkpt>
<trkpt lat="34.63037555555555" lon="137.25302805555555">
<ele>21</ele>
</trkpt>
<trkpt lat="34.63057194444445" lon="137.25337166666668">
<ele>23</ele>
</trkpt>
<trkpt lat="34.630768333333336" lon="137.253715">
<ele>23</ele>
</trkpt>
<trkpt lat="34.630964444444444" lon="137.2540586111111">
<ele>22</ele>
</trkpt>
<trkpt lat="34.63116083333333" lon="137.2544022222222">
<ele>22</ele>
</trkpt>
<trkpt lat="34.63116083333333" lon="137.2544022222222">
<ele>22</ele>
</trkpt>
<trkpt lat="34.63116083333333" lon="137.2544022222222">
<ele>22</ele>
</trkpt>
<trkpt lat="34.6313375" lon="137.25524222222222">
<ele>27</ele>
</trkpt>
<trkpt lat="34.63151388888889" lon="137.2560825">
<ele>28</ele>
</trkpt>
<trkpt lat="34.63169055555556" lon="137.2569227777778">
<ele>31</ele>
</trkpt>
<trkpt lat="34.63186694444445" lon="137.25776305555556">
<ele>35</ele>
</trkpt>
<trkpt lat="34.63204361111111" lon="137.25860333333333">
<ele>38</ele>
</trkpt>
<trkpt lat="34.632220277777776" lon="137.25944361111112">
<ele>41</ele>
</trkpt>
<trkpt lat="34.632396666666665" lon="137.2602838888889">
<ele>42</ele>
</trkpt>
<trkpt lat="34.63257333333333" lon="137.26112388888887">
<ele>41</ele>
</trkpt>
<trkpt lat="34.63274972222222" lon="137.26196416666667">
<ele>38</ele>
</trkpt>
<trkpt lat="34.63292638888889" lon="137.26280444444444">
<ele>36</ele>
</trkpt>
<trkpt lat="34.63310305555556" lon="137.2636447222222">
<ele>36</ele>
</trkpt>
<trkpt lat="34.63327944444445" lon="137.264485">
<ele>32</ele>
</trkpt>
<trkpt lat="34.63345611111111" lon="137.26532527777778">
<ele>30</ele>
</trkpt>
<trkpt lat="34.6336325" lon="137.26616555555555">
<ele>31</ele>
</trkpt>
<trkpt lat="34.633809166666666" lon="137.26700555555556">
<ele>31</ele>
</trkpt>
<trkpt lat="34.633985833333334" lon="137.26784583333333">
<ele>31</ele>
</trkpt>
<trkpt lat="34.63416222222222" lon="137.26868611111112">
<ele>32</ele>
</trkpt>
<trkpt lat="34.63433888888889" lon="137.2695263888889">
<ele>31</ele>
</trkpt>
<trkpt lat="34.63451527777778" lon="137.27036666666666">
<ele>31</ele>
</trkpt>
<trkpt lat="34.63451527777778" lon="137.27036666666666">
<ele>31</ele>
</trkpt>
<trkpt lat="34.634658611111114" lon="137.27097194444445">
<ele>31</ele>
</trkpt>
<trkpt lat="34.63480166666667" lon="137.27157722222222">
<ele>32</ele>
</trkpt>
<trkpt lat="34.63494472222222" lon="137.2721825">
<ele>34</ele>
</trkpt>
<trkpt lat="34.63508777777778" lon="137.27278805555557">
<ele>35</ele>
</trkpt>
<trkpt lat="34.63523083333333" lon="137.27339333333333">
<ele>37</ele>
</trkpt>
<trkpt lat="34.635373888888886" lon="137.27399861111113">
<ele>38</ele>
</trkpt>
<trkpt lat="34.63551722222222" lon="137.2746038888889">
<ele>40</ele>
</trkpt>
<trkpt lat="34.63566027777778" lon="137.27520916666666">
<ele>39</ele>
</trkpt>
<trkpt lat="34.635803333333335" lon="137.27581472222224">
<ele>37</ele>
</trkpt>
<trkpt lat="34.63594638888889" lon="137.27642">
<ele>36</ele>
</trkpt>
<trkpt lat="34.636089444444444" lon="137.27702527777777">
<ele>36</ele>
</trkpt>
<trkpt lat="34.6362325" lon="137.27763055555556">
<ele>36</ele>
</trkpt>
<trkpt lat="34.63637555555555" lon="137.27823583333333">
<ele>36</ele>
</trkpt>
<trkpt lat="34.63651888888889" lon="137.27884138888888">
<ele>34</ele>
</trkpt>
<trkpt lat="34.63666194444444" lon="137.27944666666667">
<ele>36</ele>
</trkpt>
<trkpt lat="34.636805" lon="137.28005194444444">
<ele>33</ele>
</trkpt>
<trkpt lat="34.63694805555556" lon="137.28065722222223">
<ele>31</ele>
</trkpt>
<trkpt lat="34.63709111111111" lon="137.2812625">
<ele>34</ele>
</trkpt>
<trkpt lat="34.637234166666666" lon="137.28186805555555">
<ele>34</ele>
</trkpt>
<trkpt lat="34.637234166666666" lon="137.28186805555555">
<ele>34</ele>
</trkpt>
<trkpt lat="34.63742277777778" lon="137.28230305555556">
<ele>34</ele>
</trkpt>
<trkpt lat="34.63761138888889" lon="137.28273805555557">
<ele>34</ele>
</trkpt>
<trkpt lat="34.6378" lon="137.28317333333334">
<ele>35</ele>
</trkpt>
<trkpt lat="34.63798861111111" lon="137.28360833333332">
<ele>34</ele>
</trkpt>
<trkpt lat="34.638177222222225" lon="137.28404333333333">
<ele>34</ele>
</trkpt>
<trkpt lat="34.63836583333333" lon="137.28447833333334">
<ele>36</ele>
</trkpt>
<trkpt lat="34.638554166666665" lon="137.2849136111111">
<ele>38</ele>
</trkpt>
<trkpt lat="34.63874277777778" lon="137.28534861111112">
<ele>42</ele>
</trkpt>
<trkpt lat="34.63893138888889" lon="137.2857836111111">
<ele>45</ele>
</trkpt>
<trkpt lat="34.63912" lon="137.2862186111111">
<ele>45</ele>
</trkpt>
<trkpt lat="34.63930861111111" lon="137.28665388888888">
<ele>45</ele>
</trkpt>
<trkpt lat="34.639497222222225" lon="137.2870888888889">
<ele>45</ele>
</trkpt>
<trkpt lat="34.63968583333333" lon="137.2875238888889">
<ele>43</ele>
</trkpt>
<trkpt lat="34.639874444444445" lon="137.28795888888888">
<ele>39</ele>
</trkpt>
<trkpt lat="34.64006305555556" lon="137.2883938888889">
<ele>32</ele>
</trkpt>
<trkpt lat="34.640251666666664" lon="137.28882916666666">
<ele>33</ele>
</trkpt>
<trkpt lat="34.64044027777778" lon="137.28926416666667">
<ele>39</ele>
</trkpt>
<trkpt lat="34.64062888888889" lon="137.28969916666668">
<ele>44</ele>
</trkpt>
<trkpt lat="34.6408175" lon="137.29013416666666">
<ele>45</ele>
</trkpt>
<trkpt lat="34.6408175" lon="137.29013416666666">
<ele>45</ele>
</trkpt>
<trkpt lat="34.64087888888889" lon="137.29038722222222">
<ele>45</ele>
</trkpt>
<trkpt lat="34.64094055555555" lon="137.29064055555557">
<ele>45</ele>
</trkpt>
<trkpt lat="34.64100222222222" lon="137.2908936111111">
<ele>45</ele>
</trkpt>
<trkpt lat="34.64106388888889" lon="137.29114666666666">
<ele>45</ele>
</trkpt>
<trkpt lat="34.641125277777775" lon="137.29139972222222">
<ele>45</ele>
</trkpt>
<trkpt lat="34.64118694444444" lon="137.29165277777778">
<ele>45</ele>
</trkpt>
<trkpt lat="34.64124861111111" lon="137.29190583333335">
<ele>46</ele>
</trkpt>
<trkpt lat="34.64131027777778" lon="137.29215888888888">
<ele>48</ele>
</trkpt>
<trkpt lat="34.641371666666664" lon="137.29241194444444">
<ele>48</ele>
</trkpt>
<trkpt lat="34.64143333333333" lon="137.292665">
<ele>49</ele>
</trkpt>
<trkpt lat="34.641495" lon="137.29291805555556">
<ele>51</ele>
</trkpt>
<trkpt lat="34.641556666666666" lon="137.29317111111112">
<ele>52</ele>
</trkpt>
<trkpt lat="34.641618055555554" lon="137.29342416666665">
<ele>53</ele>
</trkpt>
<trkpt lat="34.64167972222222" lon="137.2936775">
<ele>51</ele>
</trkpt>
<trkpt lat="34.64174138888889" lon="137.29393055555556">
<ele>50</ele>
</trkpt>
<trkpt lat="34.641803055555556" lon="137.29418361111112">
<ele>48</ele>
</trkpt>
<trkpt lat="34.641864444444444" lon="137.29443666666666">
<ele>45</ele>
</trkpt>
<trkpt lat="34.64192611111111" lon="137.29468972222222">
<ele>42</ele>
</trkpt>
<trkpt lat="34.64198777777778" lon="137.29494277777778">
<ele>41</ele>
</trkpt>
<trkpt lat="34.64198777777778" lon="137.29494277777778">
<ele>41</ele>
</trkpt>
<trkpt lat="34.64207388888889" lon="137.29509277777777">
<ele>40</ele>
</trkpt>
<trkpt lat="34.64216" lon="137.29524305555555">
<ele>37</ele>
</trkpt>
<trkpt lat="34.64224611111111" lon="137.29539305555556">
<ele>36</ele>
</trkpt>
<trkpt lat="34.64233222222222" lon="137.29554305555556">
<ele>35</ele>
</trkpt>
<trkpt lat="34.64241833333333" lon="137.29569333333333">
<ele>35</ele>
</trkpt>
<trkpt lat="34.64250444444444" lon="137.29584333333332">
<ele>35</ele>
</trkpt>
<trkpt lat="34.64259083333334" lon="137.29599333333334">
<ele>35</ele>
</trkpt>
<trkpt lat="34.642676944444446" lon="137.29614361111112">
<ele>35</ele>
</trkpt>
<trkpt lat="34.642763055555555" lon="137.2962936111111">
<ele>35</ele>
</trkpt>
<trkpt lat="34.642849166666664" lon="137.2964438888889">
<ele>35</ele>
</trkpt>
<trkpt lat="34.64293527777778" lon="137.29659388888888">
<ele>37</ele>
</trkpt>
<trkpt lat="34.64302138888889" lon="137.2967438888889">
<ele>38</ele>
</trkpt>
<trkpt lat="34.6431075" lon="137.29689416666668">
<ele>39</ele>
</trkpt>
<trkpt lat="34.64319361111111" lon="137.29704416666667">
<ele>38</ele>
</trkpt>
<trkpt lat="34.643279722222225" lon="137.29719416666666">
<ele>35</ele>
</trkpt>
<trkpt lat="34.643365833333334" lon="137.29734444444443">
<ele>33</ele>
</trkpt>
<trkpt lat="34.64345194444444" lon="137.29749444444445">
<ele>31</ele>
</trkpt>
<trkpt lat="34.64353805555555" lon="137.29764444444444">
<ele>31</ele>
</trkpt>
<trkpt lat="34.64362444444444" lon="137.29779472222222">
<ele>29</ele>
</trkpt>
<trkpt lat="34.64362444444444" lon="137.29779472222222">
<ele>29</ele>
</trkpt>
<trkpt lat="34.64369694444444" lon="137.2982372222222">
<ele>29</ele>
</trkpt>
<trkpt lat="34.643769444444445" lon="137.29867944444445">
<ele>29</ele>
</trkpt>
<trkpt lat="34.643841944444446" lon="137.29912194444444">
<ele>29</ele>
</trkpt>
<trkpt lat="34.64391444444444" lon="137.29956444444446">
<ele>29</ele>
</trkpt>
<trkpt lat="34.64398694444444" lon="137.30000694444445">
<ele>29</ele>
</trkpt>
<trkpt lat="34.644059444444444" lon="137.30044916666668">
<ele>32</ele>
</trkpt>
<trkpt lat="34.644131944444446" lon="137.30089166666667">
<ele>33</ele>
</trkpt>
<trkpt lat="34.64420444444445" lon="137.30133416666666">
<ele>33</ele>
</trkpt>
<trkpt lat="34.64427694444444" lon="137.30177666666665">
<ele>35</ele>
</trkpt>
<trkpt lat="34.644349444444444" lon="137.3022188888889">
<ele>36</ele>
</trkpt>
<trkpt lat="34.644421944444446" lon="137.30266138888888">
<ele>37</ele>
</trkpt>
<trkpt lat="34.64449444444445" lon="137.3031038888889">
<ele>35</ele>
</trkpt>
<trkpt lat="34.64456694444444" lon="137.3035463888889">
<ele>34</ele>
</trkpt>
<trkpt lat="34.644639444444444" lon="137.30398861111112">
<ele>36</ele>
</trkpt>
<trkpt lat="34.644711944444445" lon="137.3044311111111">
<ele>35</ele>
</trkpt>
<trkpt lat="34.64478444444445" lon="137.3048736111111">
<ele>35</ele>
</trkpt>
<trkpt lat="34.64485694444444" lon="137.30531611111113">
<ele>36</ele>
</trkpt>
<trkpt lat="34.64492944444444" lon="137.30575833333333">
<ele>37</ele>
</trkpt>
<trkpt lat="34.645001944444445" lon="137.30620083333332">
<ele>37</ele>
</trkpt>
<trkpt lat="34.645001944444445" lon="137.30620083333332">
<ele>37</ele>
</trkpt>
<trkpt lat="34.64497222222222" lon="137.3063561111111">
<ele>38</ele>
</trkpt>
<trkpt lat="34.6449425" lon="137.30651138888888">
<ele>37</ele>
</trkpt>
<trkpt lat="34.644912777777776" lon="137.30666666666667">
<ele>36</ele>
</trkpt>
<trkpt lat="34.64488305555555" lon="137.30682166666668">
<ele>36</ele>
</trkpt>
<trkpt lat="34.64485333333333" lon="137.30697694444444">
<ele>39</ele>
</trkpt>
<trkpt lat="34.644823611111114" lon="137.30713222222224">
<ele>39</ele>
</trkpt>
<trkpt lat="34.64479388888889" lon="137.3072875">
<ele>39</ele>
</trkpt>
<trkpt lat="34.64476416666667" lon="137.3074425">
<ele>39</ele>
</trkpt>
<trkpt lat="34.644734444444445" lon="137.30759777777777">
<ele>39</ele>
</trkpt>
<trkpt lat="34.64470472222222" lon="137.30775305555557">
<ele>39</ele>
</trkpt>
<trkpt lat="34.644675" lon="137.30790833333333">
<ele>39</ele>
</trkpt>
<trkpt lat="34.64464527777778" lon="137.30806333333334">
<ele>39</ele>
</trkpt>
<trkpt lat="34.64461555555555" lon="137.3082186111111">
<ele>39</ele>
</trkpt>
<trkpt lat="34.64458583333333" lon="137.3083738888889">
<ele>39</ele>
</trkpt>
<trkpt lat="34.644556111111115" lon="137.30852916666666">
<ele>40</ele>
</trkpt>
<trkpt lat="34.64452611111111" lon="137.30868416666667">
<ele>41</ele>
</trkpt>
<trkpt lat="34.64449638888889" lon="137.30883944444443">
<ele>41</ele>
</trkpt>
<trkpt lat="34.644466666666666" lon="137.30899472222222">
<ele>42</ele>
</trkpt>
<trkpt lat="34.64443694444444" lon="137.30915">
<ele>42</ele>
</trkpt>
<trkpt lat="34.64443694444444" lon="137.30915">
<ele>42</ele>
</trkpt>
<trkpt lat="34.64443694444444" lon="137.30915">
<ele>42</ele>
</trkpt>
<trkpt lat="34.644551944444444" lon="137.30944166666666">
<ele>43</ele>
</trkpt>
<trkpt lat="34.644666666666666" lon="137.30973305555557">
<ele>44</ele>
</trkpt>
<trkpt lat="34.64478166666667" lon="137.3100247222222">
<ele>45</ele>
</trkpt>
<trkpt lat="34.64489638888889" lon="137.31031638888888">
<ele>47</ele>
</trkpt>
<trkpt lat="34.64501138888889" lon="137.31060805555555">
<ele>49</ele>
</trkpt>
<trkpt lat="34.64512611111111" lon="137.31089944444443">
<ele>50</ele>
</trkpt>
<trkpt lat="34.64524111111111" lon="137.3111911111111">
<ele>51</ele>
</trkpt>
<trkpt lat="34.64535583333333" lon="137.31148277777777">
<ele>52</ele>
</trkpt>
<trkpt lat="34.645470833333334" lon="137.31177444444444">
<ele>52</ele>
</trkpt>
<trkpt lat="34.645585555555556" lon="137.31206583333332">
<ele>53</ele>
</trkpt>
<trkpt lat="34.64570055555556" lon="137.3123575">
<ele>54</ele>
</trkpt>
<trkpt lat="34.64581527777778" lon="137.31264916666666">
<ele>55</ele>
</trkpt>
<trkpt lat="34.64593027777778" lon="137.31294083333333">
<ele>55</ele>
</trkpt>
<trkpt lat="34.646045" lon="137.3132322222222">
<ele>59</ele>
</trkpt>
<trkpt lat="34.64616" lon="137.31352388888888">
<ele>60</ele>
</trkpt>
<trkpt lat="34.64627472222222" lon="137.31381555555555">
<ele>60</ele>
</trkpt>
<trkpt lat="34.646389722222224" lon="137.31410722222222">
<ele>60</ele>
</trkpt>
<trkpt lat="34.646504444444446" lon="137.3143986111111">
<ele>60</ele>
</trkpt>
<trkpt lat="34.64661944444445" lon="137.31469027777777">
<ele>56</ele>
</trkpt>
<trkpt lat="34.64673416666667" lon="137.31498194444444">
<ele>54</ele>
</trkpt>
<trkpt lat="34.64684916666667" lon="137.3152736111111">
<ele>54</ele>
</trkpt>
<trkpt lat="34.64696388888889" lon="137.315565">
<ele>54</ele>
</trkpt>
<trkpt lat="34.64707888888889" lon="137.31585666666666">
<ele>54</ele>
</trkpt>
<trkpt lat="34.64719361111111" lon="137.31614833333333">
<ele>54</ele>
</trkpt>
<trkpt lat="34.647308611111114" lon="137.31644">
<ele>54</ele>
</trkpt>
<trkpt lat="34.647423333333336" lon="137.31673138888888">
<ele>54</ele>
</trkpt>
<trkpt lat="34.64753833333334" lon="137.31702305555555">
<ele>51</ele>
</trkpt>
<trkpt lat="34.64765305555556" lon="137.31731472222222">
<ele>49</ele>
</trkpt>
<trkpt lat="34.64776805555555" lon="137.3176063888889">
<ele>46</ele>
</trkpt>
<trkpt lat="34.64788277777778" lon="137.31789805555556">
<ele>44</ele>
</trkpt>
<trkpt lat="34.647997777777775" lon="137.31818944444444">
<ele>42</ele>
</trkpt>
<trkpt lat="34.6481125" lon="137.3184811111111">
<ele>39</ele>
</trkpt>
<trkpt lat="34.6482275" lon="137.31877277777778">
<ele>38</ele>
</trkpt>
<trkpt lat="34.64834222222222" lon="137.31906444444445">
<ele>35</ele>
</trkpt>
<trkpt lat="34.64845722222222" lon="137.31935583333333">
<ele>32</ele>
</trkpt>
<trkpt lat="34.64857194444444" lon="137.3196475">
<ele>34</ele>
</trkpt>
<trkpt lat="34.64868694444444" lon="137.31993916666667">
<ele>35</ele>
</trkpt>
<trkpt lat="34.648801666666664" lon="137.32023083333334">
<ele>39</ele>
</trkpt>
<trkpt lat="34.648801666666664" lon="137.32023083333334">
<ele>39</ele>
</trkpt>
<trkpt lat="34.648801666666664" lon="137.32023083333334">
<ele>39</ele>
</trkpt>
<trkpt lat="34.64883833333333" lon="137.3204838888889">
<ele>39</ele>
</trkpt>
<trkpt lat="34.648874722222224" lon="137.32073694444443">
<ele>38</ele>
</trkpt>
<trkpt lat="34.64891138888889" lon="137.32099">
<ele>37</ele>
</trkpt>
<trkpt lat="34.64894805555556" lon="137.32124305555556">
<ele>33</ele>
</trkpt>
<trkpt lat="34.648984722222224" lon="137.32149611111112">
<ele>34</ele>
</trkpt>
<trkpt lat="34.64902111111111" lon="137.32174916666668">
<ele>36</ele>
</trkpt>
<trkpt lat="34.64905777777778" lon="137.3220022222222">
<ele>38</ele>
</trkpt>
<trkpt lat="34.649094444444444" lon="137.32225527777777">
<ele>39</ele>
</trkpt>
<trkpt lat="34.64913083333333" lon="137.32250833333333">
<ele>38</ele>
</trkpt>
<trkpt lat="34.6491675" lon="137.3227613888889">
<ele>38</ele>
</trkpt>
<trkpt lat="34.649204166666664" lon="137.32301444444445">
<ele>37</ele>
</trkpt>
<trkpt lat="34.64924055555556" lon="137.3232675">
<ele>36</ele>
</trkpt>
<trkpt lat="34.649277222222224" lon="137.32352055555555">
<ele>34</ele>
</trkpt>
<trkpt lat="34.64931388888889" lon="137.3237736111111">
<ele>33</ele>
</trkpt>
<trkpt lat="34.64935027777778" lon="137.32402666666667">
<ele>33</ele>
</trkpt>
<trkpt lat="34.649386944444444" lon="137.32427972222223">
<ele>33</ele>
</trkpt>
<trkpt lat="34.64942361111111" lon="137.3245327777778">
<ele>33</ele>
</trkpt>
<trkpt lat="34.64946027777778" lon="137.32478583333332">
<ele>33</ele>
</trkpt>
<trkpt lat="34.649496666666664" lon="137.32503888888888">
<ele>33</ele>
</trkpt>
<trkpt lat="34.64953333333333" lon="137.32529194444444">
<ele>34</ele>
</trkpt>
<trkpt lat="34.64957" lon="137.325545">
<ele>34</ele>
</trkpt>
<trkpt lat="34.64960638888889" lon="137.32579833333332">
<ele>36</ele>
</trkpt>
<trkpt lat="34.64964305555556" lon="137.32605138888889">
<ele>36</ele>
</trkpt>
<trkpt lat="34.649679722222224" lon="137.32630444444445">
<ele>36</ele>
</trkpt>
<trkpt lat="34.64971611111111" lon="137.3265575">
<ele>36</ele>
</trkpt>
<trkpt lat="34.64975277777778" lon="137.32681055555557">
<ele>36</ele>
</trkpt>
<trkpt lat="34.649789444444444" lon="137.3270636111111">
<ele>36</ele>
</trkpt>
<trkpt lat="34.64982583333333" lon="137.32731666666666">
<ele>37</ele>
</trkpt>
<trkpt lat="34.6498625" lon="137.32756972222222">
<ele>38</ele>
</trkpt>
<trkpt lat="34.649899166666664" lon="137.32782277777778">
<ele>38</ele>
</trkpt>
<trkpt lat="34.64993583333333" lon="137.32807583333334">
<ele>39</ele>
</trkpt>
<trkpt lat="34.649972222222225" lon="137.32832888888888">
<ele>39</ele>
</trkpt>
<trkpt lat="34.65000888888889" lon="137.32858194444444">
<ele>39</ele>
</trkpt>
<trkpt lat="34.65004555555556" lon="137.328835">
<ele>39</ele>
</trkpt>
<trkpt lat="34.650081944444445" lon="137.32908805555556">
<ele>39</ele>
</trkpt>
<trkpt lat="34.65011861111111" lon="137.32934111111112">
<ele>39</ele>
</trkpt>
<trkpt lat="34.65015527777778" lon="137.32959416666668">
<ele>39</ele>
</trkpt>
<trkpt lat="34.650191666666665" lon="137.3298472222222">
<ele>39</ele>
</trkpt>
<trkpt lat="34.650191666666665" lon="137.3298472222222">
<ele>39</ele>
</trkpt>
<trkpt lat="34.650191666666665" lon="137.3298472222222">
<ele>39</ele>
</trkpt>
<trkpt lat="34.650260555555555" lon="137.3300325">
<ele>39</ele>
</trkpt>
<trkpt lat="34.650329166666666" lon="137.3302177777778">
<ele>39</ele>
</trkpt>
<trkpt lat="34.650398055555556" lon="137.33040305555556">
<ele>39</ele>
</trkpt>
<trkpt lat="34.65046666666667" lon="137.33058805555555">
<ele>39</ele>
</trkpt>
<trkpt lat="34.65053555555556" lon="137.33077333333333">
<ele>39</ele>
</trkpt>
<trkpt lat="34.65060416666667" lon="137.3309586111111">
<ele>39</ele>
</trkpt>
<trkpt lat="34.65067305555556" lon="137.3311438888889">
<ele>39</ele>
</trkpt>
<trkpt lat="34.65074166666667" lon="137.3313288888889">
<ele>39</ele>
</trkpt>
<trkpt lat="34.65081055555556" lon="137.33151416666666">
<ele>39</ele>
</trkpt>
<trkpt lat="34.65087916666667" lon="137.33169944444444">
<ele>40</ele>
</trkpt>
<trkpt lat="34.65094805555555" lon="137.3318847222222">
<ele>41</ele>
</trkpt>
<trkpt lat="34.65101666666666" lon="137.33206972222223">
<ele>40</ele>
</trkpt>
<trkpt lat="34.651085555555554" lon="137.332255">
<ele>40</ele>
</trkpt>
<trkpt lat="34.651154166666664" lon="137.33244027777778">
<ele>40</ele>
</trkpt>
<trkpt lat="34.651223055555555" lon="137.33262555555555">
<ele>40</ele>
</trkpt>
<trkpt lat="34.651291666666665" lon="137.33281083333333">
<ele>42</ele>
</trkpt>
<trkpt lat="34.651360555555556" lon="137.33299583333334">
<ele>44</ele>
</trkpt>
<trkpt lat="34.65142916666667" lon="137.33318111111112">
<ele>45</ele>
</trkpt>
<trkpt lat="34.65149805555556" lon="137.3333663888889">
<ele>45</ele>
</trkpt>
<trkpt lat="34.65149805555556" lon="137.3333663888889">
<ele>45</ele>
</trkpt>
<trkpt lat="34.651493333333335" lon="137.33347361111112">
<ele>45</ele>
</trkpt>
<trkpt lat="34.65148861111111" lon="137.33358083333334">
<ele>46</ele>
</trkpt>
<trkpt lat="34.65148416666667" lon="137.33368805555557">
<ele>46</ele>
</trkpt>
<trkpt lat="34.65147944444445" lon="137.33379527777777">
<ele>46</ele>
</trkpt>
<trkpt lat="34.651474722222225" lon="137.3339025">
<ele>46</ele>
</trkpt>
<trkpt lat="34.65147" lon="137.33400972222222">
<ele>47</ele>
</trkpt>
<trkpt lat="34.65146555555555" lon="137.33411694444445">
<ele>48</ele>
</trkpt>
<trkpt lat="34.65146083333333" lon="137.33422416666667">
<ele>48</ele>
</trkpt>
<trkpt lat="34.65145611111111" lon="137.3343313888889">
<ele>49</ele>
</trkpt>
<trkpt lat="34.65145166666667" lon="137.33443861111112">
<ele>50</ele>
</trkpt>
<trkpt lat="34.651446944444444" lon="137.33454555555556">
<ele>50</ele>
</trkpt>
<trkpt lat="34.65144222222222" lon="137.3346527777778">
<ele>51</ele>
</trkpt>
<trkpt lat="34.6514375" lon="137.33476">
<ele>51</ele>
</trkpt>
<trkpt lat="34.65143305555556" lon="137.33486722222221">
<ele>52</ele>
</trkpt>
<trkpt lat="34.651428333333335" lon="137.33497444444444">
<ele>52</ele>
</trkpt>
<trkpt lat="34.65142361111111" lon="137.33508166666667">
<ele>52</ele>
</trkpt>
<trkpt lat="34.65141916666666" lon="137.3351888888889">
<ele>52</ele>
</trkpt>
<trkpt lat="34.65141444444444" lon="137.33529611111112">
<ele>52</ele>
</trkpt>
<trkpt lat="34.65140972222222" lon="137.33540333333335">
<ele>52</ele>
</trkpt>
<trkpt lat="34.65140972222222" lon="137.33540333333335">
<ele>52</ele>
</trkpt>
<trkpt lat="34.65140972222222" lon="137.33540333333335">
<ele>52</ele>
</trkpt>
<trkpt lat="34.651475" lon="137.33544027777776">
<ele>51</ele>
</trkpt>
<trkpt lat="34.65154027777778" lon="137.3354775">
<ele>51</ele>
</trkpt>
<trkpt lat="34.651605555555555" lon="137.33551444444444">
<ele>51</ele>
</trkpt>
<trkpt lat="34.651670833333334" lon="137.3355513888889">
<ele>50</ele>
</trkpt>
<trkpt lat="34.65173611111111" lon="137.33558833333333">
<ele>50</ele>
</trkpt>
<trkpt lat="34.65180138888889" lon="137.33562527777778">
<ele>50</ele>
</trkpt>
<trkpt lat="34.65186666666666" lon="137.33566222222223">
<ele>50</ele>
</trkpt>
<trkpt lat="34.65193194444444" lon="137.33569916666667">
<ele>50</ele>
</trkpt>
<trkpt lat="34.65199722222222" lon="137.33573638888888">
<ele>50</ele>
</trkpt>
<trkpt lat="34.6520625" lon="137.33577333333332">
<ele>50</ele>
</trkpt>
<trkpt lat="34.65212777777778" lon="137.33581027777777">
<ele>50</ele>
</trkpt>
<trkpt lat="34.65219305555556" lon="137.3358472222222">
<ele>50</ele>
</trkpt>
<trkpt lat="34.652258055555556" lon="137.33588416666666">
<ele>51</ele>
</trkpt>
<trkpt lat="34.652323333333335" lon="137.3359211111111">
<ele>51</ele>
</trkpt>
<trkpt lat="34.652388611111114" lon="137.33595805555555">
<ele>51</ele>
</trkpt>
<trkpt lat="34.652453888888886" lon="137.33599527777778">
<ele>52</ele>
</trkpt>
<trkpt lat="34.652519166666664" lon="137.33603222222223">
<ele>52</ele>
</trkpt>
<trkpt lat="34.65258444444444" lon="137.33606916666668">
<ele>52</ele>
</trkpt>
<trkpt lat="34.65264972222222" lon="137.33610611111112">
<ele>52</ele>
</trkpt>
<trkpt lat="34.65264972222222" lon="137.33610611111112">
<ele>52</ele>
</trkpt>
<trkpt lat="34.65264972222222" lon="137.33610611111112">
<ele>52</ele>
</trkpt>
<trkpt lat="34.65271527777778" lon="137.33608">
<ele>53</ele>
</trkpt>
<trkpt lat="34.65278083333333" lon="137.33605416666666">
<ele>54</ele>
</trkpt>
<trkpt lat="34.65284638888889" lon="137.33602805555554">
<ele>54</ele>
</trkpt>
<trkpt lat="34.65291166666667" lon="137.33600194444443">
<ele>53</ele>
</trkpt>
<trkpt lat="34.65297722222222" lon="137.3359761111111">
<ele>53</ele>
</trkpt>
<trkpt lat="34.65304277777778" lon="137.33595">
<ele>53</ele>
</trkpt>
<trkpt lat="34.653108333333336" lon="137.33592388888889">
<ele>53</ele>
</trkpt>
<trkpt lat="34.653173611111114" lon="137.33589805555556">
<ele>53</ele>
</trkpt>
<trkpt lat="34.653239166666665" lon="137.33587194444445">
<ele>53</ele>
</trkpt>
<trkpt lat="34.653304722222224" lon="137.33584583333334">
<ele>53</ele>
</trkpt>
<trkpt lat="34.653370277777775" lon="137.33582">
<ele>52</ele>
</trkpt>
<trkpt lat="34.65343583333333" lon="137.3357938888889">
<ele>52</ele>
</trkpt>
<trkpt lat="34.65350111111111" lon="137.3357677777778">
<ele>53</ele>
</trkpt>
<trkpt lat="34.65356666666667" lon="137.33574166666668">
<ele>53</ele>
</trkpt>
<trkpt lat="34.65363222222222" lon="137.33571583333332">
<ele>53</ele>
</trkpt>
<trkpt lat="34.65369777777778" lon="137.3356897222222">
<ele>53</ele>
</trkpt>
<trkpt lat="34.65376305555556" lon="137.3356636111111">
<ele>53</ele>
</trkpt>
<trkpt lat="34.65382861111111" lon="137.33563777777778">
<ele>52</ele>
</trkpt>
<trkpt lat="34.65389416666667" lon="137.33561166666667">
<ele>53</ele>
</trkpt>
<trkpt lat="34.65389416666667" lon="137.33561166666667">
<ele>53</ele>
</trkpt>
<trkpt lat="34.65399305555555" lon="137.3356388888889">
<ele>53</ele>
</trkpt>
<trkpt lat="34.654091944444446" lon="137.33566611111112">
<ele>53</ele>
</trkpt>
<trkpt lat="34.65419111111111" lon="137.33569305555557">
<ele>53</ele>
</trkpt>
<trkpt lat="34.65429" lon="137.33572027777777">
<ele>53</ele>
</trkpt>
<trkpt lat="34.65438888888889" lon="137.3357475">
<ele>53</ele>
</trkpt>
<trkpt lat="34.654487777777774" lon="137.33577472222223">
<ele>53</ele>
</trkpt>
<trkpt lat="34.65458666666667" lon="137.33580166666667">
<ele>53</ele>
</trkpt>
<trkpt lat="34.65468555555555" lon="137.3358288888889">
<ele>54</ele>
</trkpt>
<trkpt lat="34.654784722222225" lon="137.3358561111111">
<ele>53</ele>
</trkpt>
<trkpt lat="34.65488361111111" lon="137.33588333333333">
<ele>53</ele>
</trkpt>
<trkpt lat="34.6549825" lon="137.33591027777777">
<ele>54</ele>
</trkpt>
<trkpt lat="34.65508138888889" lon="137.3359375">
<ele>53</ele>
</trkpt>
<trkpt lat="34.65518027777778" lon="137.33596472222223">
<ele>53</ele>
</trkpt>
<trkpt lat="34.655279444444446" lon="137.33599194444446">
<ele>53</ele>
</trkpt>
<trkpt lat="34.65537833333333" lon="137.3360188888889">
<ele>53</ele>
</trkpt>
<trkpt lat="34.655477222222224" lon="137.3360461111111">
<ele>53</ele>
</trkpt>
<trkpt lat="34.65557611111111" lon="137.33607333333333">
<ele>53</ele>
</trkpt>
<trkpt lat="34.655675" lon="137.33610055555556">
<ele>52</ele>
</trkpt>
<trkpt lat="34.65577388888889" lon="137.3361275">
<ele>52</ele>
</trkpt>
<trkpt lat="34.65577388888889" lon="137.3361275">
<ele>52</ele>
</trkpt>
<trkpt lat="34.655875" lon="137.33621222222223">
<ele>51</ele>
</trkpt>
<trkpt lat="34.65597611111111" lon="137.33629694444446">
<ele>50</ele>
</trkpt>
<trkpt lat="34.65607722222222" lon="137.33638166666665">
<ele>45</ele>
</trkpt>
<trkpt lat="34.65617805555556" lon="137.33646638888888">
<ele>41</ele>
</trkpt>
<trkpt lat="34.656279166666664" lon="137.3365511111111">
<ele>39</ele>
</trkpt>
<trkpt lat="34.65638027777778" lon="137.33663583333333">
<ele>39</ele>
</trkpt>
<trkpt lat="34.65648111111111" lon="137.33672055555556">
<ele>39</ele>
</trkpt>
<trkpt lat="34.65658222222222" lon="137.33680527777778">
<ele>38</ele>
</trkpt>
<trkpt lat="34.65668333333333" lon="137.33689">
<ele>38</ele>
</trkpt>
<trkpt lat="34.65678416666667" lon="137.3369747222222">
<ele>38</ele>
</trkpt>
<trkpt lat="34.656885277777775" lon="137.33705916666668">
<ele>38</ele>
</trkpt>
<trkpt lat="34.65698638888889" lon="137.33714388888887">
<ele>39</ele>
</trkpt>
<trkpt lat="34.65708722222222" lon="137.3372286111111">
<ele>39</ele>
</trkpt>
<trkpt lat="34.65718833333333" lon="137.33731333333333">
<ele>40</ele>
</trkpt>
<trkpt lat="34.657289444444444" lon="137.33739805555555">
<ele>42</ele>
</trkpt>
<trkpt lat="34.65739055555556" lon="137.33748277777778">
<ele>44</ele>
</trkpt>
<trkpt lat="34.657491388888886" lon="137.3375675">
<ele>45</ele>
</trkpt>
<trkpt lat="34.6575925" lon="137.33765222222223">
<ele>45</ele>
</trkpt>
<trkpt lat="34.657693611111114" lon="137.33773694444446">
<ele>46</ele>
</trkpt>
<trkpt lat="34.657693611111114" lon="137.33773694444446">
<ele>46</ele>
</trkpt>
<trkpt lat="34.657693611111114" lon="137.33773694444446">
<ele>46</ele>
</trkpt>
<trkpt lat="34.65777444444444" lon="137.33783722222222">
<ele>48</ele>
</trkpt>
<trkpt lat="34.657855" lon="137.33793777777777">
<ele>50</ele>
</trkpt>
<trkpt lat="34.65793583333333" lon="137.33803805555556">
<ele>51</ele>
</trkpt>
<trkpt lat="34.65801666666667" lon="137.3381386111111">
<ele>52</ele>
</trkpt>
<trkpt lat="34.6580975" lon="137.3382388888889">
<ele>52</ele>
</trkpt>
<trkpt lat="34.65817833333333" lon="137.33833944444444">
<ele>52</ele>
</trkpt>
<trkpt lat="34.65825916666667" lon="137.33843972222223">
<ele>51</ele>
</trkpt>
<trkpt lat="34.65834" lon="137.33854">
<ele>51</ele>
</trkpt>
<trkpt lat="34.65842083333333" lon="137.33864055555554">
<ele>51</ele>
</trkpt>
<trkpt lat="34.658501666666666" lon="137.33874083333333">
<ele>51</ele>
</trkpt>
<trkpt lat="34.6585825" lon="137.33884138888888">
<ele>51</ele>
</trkpt>
<trkpt lat="34.65866333333334" lon="137.33894166666667">
<ele>51</ele>
</trkpt>
<trkpt lat="34.658744166666665" lon="137.33904222222222">
<ele>50</ele>
</trkpt>
<trkpt lat="34.658825" lon="137.3391425">
<ele>50</ele>
</trkpt>
<trkpt lat="34.658905833333336" lon="137.33924305555556">
<ele>50</ele>
</trkpt>
<trkpt lat="34.658986666666664" lon="137.33934333333335">
<ele>50</ele>
</trkpt>
<trkpt lat="34.6590675" lon="137.3394436111111">
<ele>51</ele>
</trkpt>
<trkpt lat="34.659148333333334" lon="137.33954416666666">
<ele>51</ele>
</trkpt>
<trkpt lat="34.65922916666667" lon="137.33964444444445">
<ele>51</ele>
</trkpt>
<trkpt lat="34.65922916666667" lon="137.33964444444445">
<ele>51</ele>
</trkpt>
<trkpt lat="34.65922916666667" lon="137.33964444444445">
<ele>51</ele>
</trkpt>
<trkpt lat="34.65926555555556" lon="137.3396125">
<ele>51</ele>
</trkpt>
<trkpt lat="34.659301944444444" lon="137.33958055555556">
<ele>51</ele>
</trkpt>
<trkpt lat="34.65933805555556" lon="137.33954833333334">
<ele>51</ele>
</trkpt>
<trkpt lat="34.659374444444445" lon="137.33951638888888">
<ele>51</ele>
</trkpt>
<trkpt lat="34.65941083333333" lon="137.33948444444445">
<ele>51</ele>
</trkpt>
<trkpt lat="34.65944722222222" lon="137.33945222222223">
<ele>51</ele>
</trkpt>
<trkpt lat="34.65948361111111" lon="137.33942027777778">
<ele>51</ele>
</trkpt>
<trkpt lat="34.65952" lon="137.33938833333335">
<ele>51</ele>
</trkpt>
<trkpt lat="34.65955638888889" lon="137.3393561111111">
<ele>51</ele>
</trkpt>
<trkpt lat="34.659592777777775" lon="137.33932416666667">
<ele>51</ele>
</trkpt>
<trkpt lat="34.65962916666667" lon="137.3392922222222">
<ele>51</ele>
</trkpt>
<trkpt lat="34.659665555555556" lon="137.33926">
<ele>51</ele>
</trkpt>
<trkpt lat="34.65970194444444" lon="137.33922805555557">
<ele>51</ele>
</trkpt>
<trkpt lat="34.65973833333334" lon="137.3391961111111">
<ele>51</ele>
</trkpt>
<trkpt lat="34.659774722222224" lon="137.3391638888889">
<ele>51</ele>
</trkpt>
<trkpt lat="34.65981111111111" lon="137.33913194444443">
<ele>50</ele>
</trkpt>
<trkpt lat="34.6598475" lon="137.3391">
<ele>48</ele>
</trkpt>
<trkpt lat="34.65986" lon="137.33908861111112">
<ele>48</ele>
</trkpt>
<trkpt lat="34.65986" lon="137.33908861111112">
<ele>48</ele>
</trkpt>
<trkpt lat="34.659863055555554" lon="137.3390188888889">
<ele>48</ele>
</trkpt>
<trkpt lat="34.65986638888889" lon="137.33894916666668">
<ele>47</ele>
</trkpt>
<trkpt lat="34.659869444444446" lon="137.33887944444444">
<ele>45</ele>
</trkpt>
<trkpt lat="34.6598725" lon="137.33880944444445">
<ele>45</ele>
</trkpt>
<trkpt lat="34.65987583333333" lon="137.33873972222221">
<ele>44</ele>
</trkpt>
<trkpt lat="34.65987888888889" lon="137.33867">
<ele>44</ele>
</trkpt>
<trkpt lat="34.65988194444444" lon="137.33860027777777">
<ele>42</ele>
</trkpt>
<trkpt lat="34.659885" lon="137.33853027777778">
<ele>41</ele>
</trkpt>
<trkpt lat="34.659888333333335" lon="137.33846055555554">
<ele>41</ele>
</trkpt>
<trkpt lat="34.65989138888889" lon="137.33839083333334">
<ele>43</ele>
</trkpt>
<trkpt lat="34.65989444444445" lon="137.3383211111111">
<ele>44</ele>
</trkpt>
<trkpt lat="34.65989777777778" lon="137.3382511111111">
<ele>44</ele>
</trkpt>
<trkpt lat="34.65990083333333" lon="137.3381813888889">
<ele>43</ele>
</trkpt>
<trkpt lat="34.65990388888889" lon="137.33811166666666">
<ele>43</ele>
</trkpt>
<trkpt lat="34.659906944444444" lon="137.33804194444446">
<ele>42</ele>
</trkpt>
<trkpt lat="34.659910277777776" lon="137.33797194444443">
<ele>41</ele>
</trkpt>
<trkpt lat="34.659913333333336" lon="137.33790222222223">
<ele>41</ele>
</trkpt>
<trkpt lat="34.65991638888889" lon="137.3378325">
<ele>41</ele>
</trkpt>
<trkpt lat="34.65991972222222" lon="137.33776277777778">
<ele>41</ele>
</trkpt>
<trkpt lat="34.65992277777778" lon="137.3376927777778">
<ele>41</ele>
</trkpt>
<trkpt lat="34.65992583333333" lon="137.33762305555555">
<ele>41</ele>
</trkpt>
<trkpt lat="34.65992888888889" lon="137.33755333333335">
<ele>41</ele>
</trkpt>
<trkpt lat="34.659932222222224" lon="137.3374836111111">
<ele>41</ele>
</trkpt>
<trkpt lat="34.65993527777778" lon="137.33741361111112">
<ele>42</ele>
</trkpt>
<trkpt lat="34.659938333333336" lon="137.33734388888888">
<ele>42</ele>
</trkpt>
<trkpt lat="34.65994166666667" lon="137.33727416666667">
<ele>42</ele>
</trkpt>
<trkpt lat="34.65994472222222" lon="137.33720444444444">
<ele>42</ele>
</trkpt>
<trkpt lat="34.65994777777778" lon="137.33713444444444">
<ele>42</ele>
</trkpt>
<trkpt lat="34.65995083333333" lon="137.3370647222222">
<ele>42</ele>
</trkpt>
<trkpt lat="34.659954166666665" lon="137.336995">
<ele>42</ele>
</trkpt>
<trkpt lat="34.659957222222225" lon="137.33692527777777">
<ele>42</ele>
</trkpt>
<trkpt lat="34.65996027777778" lon="137.33685527777777">
<ele>42</ele>
</trkpt>
<trkpt lat="34.65996361111111" lon="137.33678555555556">
<ele>42</ele>
</trkpt>
<trkpt lat="34.65996666666667" lon="137.33671583333333">
<ele>41</ele>
</trkpt>
<trkpt lat="34.65996972222222" lon="137.33664611111112">
<ele>39</ele>
</trkpt>
<trkpt lat="34.659972777777774" lon="137.3365761111111">
<ele>39</ele>
</trkpt>
<trkpt lat="34.65997611111111" lon="137.3365063888889">
<ele>38</ele>
</trkpt>
<trkpt lat="34.659979166666666" lon="137.33643666666666">
<ele>38</ele>
</trkpt>
<trkpt lat="34.659979166666666" lon="137.33643666666666">
<ele>38</ele>
</trkpt>
<trkpt lat="34.659979166666666" lon="137.33643666666666">
<ele>38</ele>
</trkpt>
<trkpt lat="34.659955277777776" lon="137.33628861111112">
<ele>38</ele>
</trkpt>
<trkpt lat="34.659931388888886" lon="137.3361402777778">
<ele>37</ele>
</trkpt>
<trkpt lat="34.6599075" lon="137.33599222222222">
<ele>37</ele>
</trkpt>
<trkpt lat="34.65988361111111" lon="137.33584416666667">
<ele>36</ele>
</trkpt>
<trkpt lat="34.65985944444444" lon="137.3356961111111">
<ele>36</ele>
</trkpt>
<trkpt lat="34.65983555555555" lon="137.33554805555556">
<ele>36</ele>
</trkpt>
<trkpt lat="34.65981166666667" lon="137.33539972222223">
<ele>36</ele>
</trkpt>
<trkpt lat="34.65978777777778" lon="137.33525166666666">
<ele>35</ele>
</trkpt>
<trkpt lat="34.65976388888889" lon="137.33510361111112">
<ele>35</ele>
</trkpt>
<trkpt lat="34.65974" lon="137.33495555555555">
<ele>35</ele>
</trkpt>
<trkpt lat="34.65971611111111" lon="137.33480722222222">
<ele>35</ele>
</trkpt>
<trkpt lat="34.65969222222222" lon="137.33465916666665">
<ele>35</ele>
</trkpt>
<trkpt lat="34.659668333333336" lon="137.3345111111111">
<ele>35</ele>
</trkpt>
<trkpt lat="34.659644166666666" lon="137.33436305555554">
<ele>36</ele>
</trkpt>
<trkpt lat="34.659620277777776" lon="137.334215">
<ele>36</ele>
</trkpt>
<trkpt lat="34.659596388888886" lon="137.33406666666667">
<ele>35</ele>
</trkpt>
<trkpt lat="34.6595725" lon="137.3339186111111">
<ele>35</ele>
</trkpt>
<trkpt lat="34.65954861111111" lon="137.33377055555556">
<ele>36</ele>
</trkpt>
<trkpt lat="34.65952472222222" lon="137.3336225">
<ele>36</ele>
</trkpt>
<trkpt lat="34.65952472222222" lon="137.3336225">
<ele>36</ele>
</trkpt>
<trkpt lat="34.65952472222222" lon="137.3336225">
<ele>36</ele>
</trkpt>
<trkpt lat="34.659486944444446" lon="137.33354194444445">
<ele>36</ele>
</trkpt>
<trkpt lat="34.65944888888889" lon="137.33346138888888">
<ele>36</ele>
</trkpt>
<trkpt lat="34.65941111111111" lon="137.33338055555555">
<ele>36</ele>
</trkpt>
<trkpt lat="34.659373333333335" lon="137.3333">
<ele>36</ele>
</trkpt>
<trkpt lat="34.65933555555556" lon="137.33321944444444">
<ele>35</ele>
</trkpt>
<trkpt lat="34.6592975" lon="137.3331388888889">
<ele>35</ele>
</trkpt>
<trkpt lat="34.659259722222224" lon="137.33305833333333">
<ele>35</ele>
</trkpt>
<trkpt lat="34.65922194444445" lon="137.33297777777778">
<ele>34</ele>
</trkpt>
<trkpt lat="34.65918388888889" lon="137.33289722222221">
<ele>33</ele>
</trkpt>
<trkpt lat="34.65914611111111" lon="137.33281666666667">
<ele>33</ele>
</trkpt>
<trkpt lat="34.659108333333336" lon="137.3327361111111">
<ele>34</ele>
</trkpt>
<trkpt lat="34.65907055555556" lon="137.33265555555556">
<ele>33</ele>
</trkpt>
<trkpt lat="34.6590325" lon="137.332575">
<ele>33</ele>
</trkpt>
<trkpt lat="34.658994722222225" lon="137.33249444444445">
<ele>33</ele>
</trkpt>
<trkpt lat="34.65895694444445" lon="137.33241388888888">
<ele>32</ele>
</trkpt>
<trkpt lat="34.65891888888889" lon="137.33233305555555">
<ele>32</ele>
</trkpt>
<trkpt lat="34.658881111111114" lon="137.3322525">
<ele>33</ele>
</trkpt>
<trkpt lat="34.65884333333333" lon="137.33217194444444">
<ele>32</ele>
</trkpt>
<trkpt lat="34.65880555555555" lon="137.3320913888889">
<ele>32</ele>
</trkpt>
<trkpt lat="34.65880555555555" lon="137.3320913888889">
<ele>32</ele>
</trkpt>
<trkpt lat="34.65876472222222" lon="137.33194527777778">
<ele>31</ele>
</trkpt>
<trkpt lat="34.658723611111114" lon="137.33179916666666">
<ele>32</ele>
</trkpt>
<trkpt lat="34.65868277777778" lon="137.33165305555556">
<ele>30</ele>
</trkpt>
<trkpt lat="34.65864194444445" lon="137.33150694444444">
<ele>29</ele>
</trkpt>
<trkpt lat="34.65860111111111" lon="137.33136083333332">
<ele>29</ele>
</trkpt>
<trkpt lat="34.65856027777778" lon="137.33121472222223">
<ele>29</ele>
</trkpt>
<trkpt lat="34.658519444444444" lon="137.33106833333332">
<ele>29</ele>
</trkpt>
<trkpt lat="34.658478333333335" lon="137.33092222222223">
<ele>29</ele>
</trkpt>
<trkpt lat="34.6584375" lon="137.3307761111111">
<ele>29</ele>
</trkpt>
<trkpt lat="34.65839666666667" lon="137.33063">
<ele>29</ele>
</trkpt>
<trkpt lat="34.65835583333333" lon="137.3304838888889">
<ele>29</ele>
</trkpt>
<trkpt lat="34.658315" lon="137.33033777777777">
<ele>28</ele>
</trkpt>
<trkpt lat="34.658274166666665" lon="137.33019166666668">
<ele>29</ele>
</trkpt>
<trkpt lat="34.658233333333335" lon="137.33004555555556">
<ele>29</ele>
</trkpt>
<trkpt lat="34.65819222222222" lon="137.32989944444444">
<ele>28</ele>
</trkpt>
<trkpt lat="34.65815138888889" lon="137.32975333333334">
<ele>28</ele>
</trkpt>
<trkpt lat="34.65811055555555" lon="137.32960694444444">
<ele>27</ele>
</trkpt>
<trkpt lat="34.65806972222222" lon="137.32946083333334">
<ele>27</ele>
</trkpt>
<trkpt lat="34.658028888888886" lon="137.32931472222222">
<ele>28</ele>
</trkpt>
<trkpt lat="34.658028888888886" lon="137.32931472222222">
<ele>28</ele>
</trkpt>
<trkpt lat="34.65801833333333" lon="137.3291786111111">
<ele>28</ele>
</trkpt>
<trkpt lat="34.658008055555555" lon="137.3290425">
<ele>28</ele>
</trkpt>
<trkpt lat="34.6579975" lon="137.3289063888889">
<ele>27</ele>
</trkpt>
<trkpt lat="34.657986944444445" lon="137.32877055555556">
<ele>27</ele>
</trkpt>
<trkpt lat="34.65797666666667" lon="137.32863444444445">
<ele>27</ele>
</trkpt>
<trkpt lat="34.65796611111111" lon="137.32849833333333">
<ele>26</ele>
</trkpt>
<trkpt lat="34.65795583333333" lon="137.3283622222222">
<ele>26</ele>
</trkpt>
<trkpt lat="34.65794527777778" lon="137.32822611111112">
<ele>27</ele>
</trkpt>
<trkpt lat="34.65793472222222" lon="137.32809">
<ele>27</ele>
</trkpt>
<trkpt lat="34.65792444444445" lon="137.32795388888889">
<ele>26</ele>
</trkpt>
<trkpt lat="34.65791388888889" lon="137.32781777777777">
<ele>26</ele>
</trkpt>
<trkpt lat="34.65790333333333" lon="137.32768166666668">
<ele>27</ele>
</trkpt>
<trkpt lat="34.657893055555554" lon="137.32754555555556">
<ele>27</ele>
</trkpt>
<trkpt lat="34.6578825" lon="137.32740944444444">
<ele>26</ele>
</trkpt>
<trkpt lat="34.657872222222224" lon="137.3272736111111">
<ele>26</ele>
</trkpt>
<trkpt lat="34.65786166666667" lon="137.3271375">
<ele>26</ele>
</trkpt>
<trkpt lat="34.657851111111114" lon="137.3270013888889">
<ele>26</ele>
</trkpt>
<trkpt lat="34.65784083333333" lon="137.32686527777778">
<ele>26</ele>
</trkpt>
<trkpt lat="34.65783027777778" lon="137.32672916666667">
<ele>26</ele>
</trkpt>
<trkpt lat="34.65783027777778" lon="137.32672916666667">
<ele>26</ele>
</trkpt>
<trkpt lat="34.65784166666667" lon="137.32659166666667">
<ele>25</ele>
</trkpt>
<trkpt lat="34.657853055555556" lon="137.32645444444444">
<ele>25</ele>
</trkpt>
<trkpt lat="34.65786444444444" lon="137.32631722222223">
<ele>25</ele>
</trkpt>
<trkpt lat="34.657875833333335" lon="137.32617972222224">
<ele>25</ele>
</trkpt>
<trkpt lat="34.65788722222222" lon="137.3260425">
<ele>26</ele>
</trkpt>
<trkpt lat="34.65789861111111" lon="137.32590527777776">
<ele>27</ele>
</trkpt>
<trkpt lat="34.65791" lon="137.32576777777777">
<ele>27</ele>
</trkpt>
<trkpt lat="34.65792138888889" lon="137.32563055555556">
<ele>27</ele>
</trkpt>
<trkpt lat="34.65793277777778" lon="137.32549305555557">
<ele>27</ele>
</trkpt>
<trkpt lat="34.65794416666667" lon="137.32535583333333">
<ele>27</ele>
</trkpt>
<trkpt lat="34.65795555555555" lon="137.3252186111111">
<ele>27</ele>
</trkpt>
<trkpt lat="34.657966944444446" lon="137.3250811111111">
<ele>27</ele>
</trkpt>
<trkpt lat="34.65797833333333" lon="137.3249438888889">
<ele>27</ele>
</trkpt>
<trkpt lat="34.657989722222226" lon="137.32480666666666">
<ele>28</ele>
</trkpt>
<trkpt lat="34.65800111111111" lon="137.32466916666667">
<ele>28</ele>
</trkpt>
<trkpt lat="34.6580125" lon="137.32453194444443">
<ele>28</ele>
</trkpt>
<trkpt lat="34.65802361111111" lon="137.32439444444444">
<ele>27</ele>
</trkpt>
<trkpt lat="34.658035" lon="137.32425722222223">
<ele>27</ele>
</trkpt>
<trkpt lat="34.65804638888889" lon="137.32412">
<ele>27</ele>
</trkpt>
<trkpt lat="34.65804638888889" lon="137.32412">
<ele>27</ele>
</trkpt>
<trkpt lat="34.65804638888889" lon="137.32412">
<ele>27</ele>
</trkpt>
<trkpt lat="34.65832" lon="137.3230275">
<ele>27</ele>
</trkpt>
<trkpt lat="34.65859361111111" lon="137.321935">
<ele>27</ele>
</trkpt>
<trkpt lat="34.65886722222222" lon="137.3208425">
<ele>23</ele>
</trkpt>
<trkpt lat="34.65914083333333" lon="137.31975">
<ele>21</ele>
</trkpt>
<trkpt lat="34.659414444444444" lon="137.3186575">
<ele>19</ele>
</trkpt>
<trkpt lat="34.659688055555556" lon="137.317565">
<ele>18</ele>
</trkpt>
<trkpt lat="34.65996138888889" lon="137.3164725">
<ele>17</ele>
</trkpt>
<trkpt lat="34.660235" lon="137.31538">
<ele>17</ele>
</trkpt>
<trkpt lat="34.66050861111111" lon="137.3142875">
<ele>17</ele>
</trkpt>
<trkpt lat="34.660782222222224" lon="137.313195">
<ele>16</ele>
</trkpt>
<trkpt lat="34.661055833333336" lon="137.3121025">
<ele>17</ele>
</trkpt>
<trkpt lat="34.66132944444445" lon="137.31101">
<ele>17</ele>
</trkpt>
<trkpt lat="34.66160277777778" lon="137.3099175">
<ele>17</ele>
</trkpt>
<trkpt lat="34.66187638888889" lon="137.308825">
<ele>17</ele>
</trkpt>
<trkpt lat="34.66215" lon="137.3077325">
<ele>17</ele>
</trkpt>
<trkpt lat="34.66242361111111" lon="137.30664">
<ele>15</ele>
</trkpt>
<trkpt lat="34.66269722222222" lon="137.3055475">
<ele>13</ele>
</trkpt>
<trkpt lat="34.66297083333333" lon="137.304455">
<ele>13</ele>
</trkpt>
<trkpt lat="34.663244444444445" lon="137.3033625">
<ele>12</ele>
</trkpt>
<trkpt lat="34.663244444444445" lon="137.3033625">
<ele>12</ele>
</trkpt>
<trkpt lat="34.663244444444445" lon="137.3033625">
<ele>12</ele>
</trkpt>
<trkpt lat="34.663355277777775" lon="137.30320277777778">
<ele>12</ele>
</trkpt>
<trkpt lat="34.66346638888889" lon="137.30304305555555">
<ele>12</ele>
</trkpt>
<trkpt lat="34.66357722222222" lon="137.30288305555555">
<ele>12</ele>
</trkpt>
<trkpt lat="34.66368833333333" lon="137.30272333333335">
<ele>13</ele>
</trkpt>
<trkpt lat="34.663799166666664" lon="137.3025636111111">
<ele>13</ele>
</trkpt>
<trkpt lat="34.66391027777778" lon="137.30240388888888">
<ele>11</ele>
</trkpt>
<trkpt lat="34.66402111111111" lon="137.30224416666667">
<ele>10</ele>
</trkpt>
<trkpt lat="34.66413222222222" lon="137.30208416666667">
<ele>9</ele>
</trkpt>
<trkpt lat="34.66424305555555" lon="137.30192444444444">
<ele>9</ele>
</trkpt>
<trkpt lat="34.66435416666667" lon="137.30176472222223">
<ele>9</ele>
</trkpt>
<trkpt lat="34.664465" lon="137.301605">
<ele>9</ele>
</trkpt>
<trkpt lat="34.66457583333333" lon="137.301445">
<ele>9</ele>
</trkpt>
<trkpt lat="34.66468694444445" lon="137.30128527777777">
<ele>9</ele>
</trkpt>
<trkpt lat="34.66479777777778" lon="137.30112555555556">
<ele>9</ele>
</trkpt>
<trkpt lat="34.66490888888889" lon="137.30096583333332">
<ele>9</ele>
</trkpt>
<trkpt lat="34.66501972222222" lon="137.30080611111111">
<ele>9</ele>
</trkpt>
<trkpt lat="34.665130833333336" lon="137.30064611111112">
<ele>9</ele>
</trkpt>
<trkpt lat="34.66524166666667" lon="137.30048638888888">
<ele>9</ele>
</trkpt>
<trkpt lat="34.66535277777778" lon="137.30032666666668">
<ele>9</ele>
</trkpt>
<trkpt lat="34.66535277777778" lon="137.30032666666668">
<ele>9</ele>
</trkpt>
<trkpt lat="34.66555944444445" lon="137.30008305555555">
<ele>9</ele>
</trkpt>
<trkpt lat="34.66576611111111" lon="137.29983944444444">
<ele>9</ele>
</trkpt>
<trkpt lat="34.665972777777775" lon="137.29959583333334">
<ele>9</ele>
</trkpt>
<trkpt lat="34.666179444444445" lon="137.2993522222222">
<ele>9</ele>
</trkpt>
<trkpt lat="34.66638611111111" lon="137.29910833333332">
<ele>9</ele>
</trkpt>
<trkpt lat="34.66659277777778" lon="137.29886472222222">
<ele>9</ele>
</trkpt>
<trkpt lat="34.66679972222222" lon="137.29862111111112">
<ele>9</ele>
</trkpt>
<trkpt lat="34.667006388888886" lon="137.2983775">
<ele>9</ele>
</trkpt>
<trkpt lat="34.66721305555556" lon="137.29813388888888">
<ele>9</ele>
</trkpt>
<trkpt lat="34.66741972222222" lon="137.29789027777778">
<ele>9</ele>
</trkpt>
<trkpt lat="34.66762638888889" lon="137.29764666666668">
<ele>9</ele>
</trkpt>
<trkpt lat="34.667833055555555" lon="137.29740305555555">
<ele>9</ele>
</trkpt>
<trkpt lat="34.668039722222225" lon="137.29715944444445">
<ele>9</ele>
</trkpt>
<trkpt lat="34.66824638888889" lon="137.29691583333334">
<ele>9</ele>
</trkpt>
<trkpt lat="34.66845333333333" lon="137.29667194444445">
<ele>9</ele>
</trkpt>
<trkpt lat="34.66866" lon="137.29642833333332">
<ele>9</ele>
</trkpt>
<trkpt lat="34.668866666666666" lon="137.29618472222222">
<ele>8</ele>
</trkpt>
<trkpt lat="34.66907333333333" lon="137.29594111111112">
<ele>8</ele>
</trkpt>
<trkpt lat="34.66928" lon="137.2956975">
<ele>8</ele>
</trkpt>
<trkpt lat="34.66928" lon="137.2956975">
<ele>8</ele>
</trkpt>
<trkpt lat="34.66925222222222" lon="137.29561166666667">
<ele>8</ele>
</trkpt>
<trkpt lat="34.669224444444446" lon="137.29552583333333">
<ele>8</ele>
</trkpt>
<trkpt lat="34.66919638888889" lon="137.29544">
<ele>8</ele>
</trkpt>
<trkpt lat="34.66916861111111" lon="137.29535416666667">
<ele>8</ele>
</trkpt>
<trkpt lat="34.66914083333333" lon="137.29526833333333">
<ele>8</ele>
</trkpt>
<trkpt lat="34.669113055555556" lon="137.2951825">
<ele>8</ele>
</trkpt>
<trkpt lat="34.669085" lon="137.29509666666667">
<ele>8</ele>
</trkpt>
<trkpt lat="34.66905722222222" lon="137.29501083333332">
<ele>8</ele>
</trkpt>
<trkpt lat="34.66902944444445" lon="137.294925">
<ele>8</ele>
</trkpt>
<trkpt lat="34.66900138888889" lon="137.29483916666666">
<ele>8</ele>
</trkpt>
<trkpt lat="34.66897361111111" lon="137.29475333333335">
<ele>8</ele>
</trkpt>
<trkpt lat="34.66894583333333" lon="137.2946675">
<ele>8</ele>
</trkpt>
<trkpt lat="34.66891777777778" lon="137.29458166666666">
<ele>9</ele>
</trkpt>
<trkpt lat="34.66889" lon="137.29449583333334">
<ele>9</ele>
</trkpt>
<trkpt lat="34.668862222222224" lon="137.29441">
<ele>9</ele>
</trkpt>
<trkpt lat="34.66883416666667" lon="137.29432416666666">
<ele>9</ele>
</trkpt>
<trkpt lat="34.66880638888889" lon="137.29423833333334">
<ele>9</ele>
</trkpt>
<trkpt lat="34.66877861111111" lon="137.2941525">
<ele>9</ele>
</trkpt>
<trkpt lat="34.668750555555555" lon="137.29406666666668">
<ele>8</ele>
</trkpt>
<trkpt lat="34.668750555555555" lon="137.29406666666668">
<ele>8</ele>
</trkpt>
<trkpt lat="34.668750555555555" lon="137.29406666666668">
<ele>8</ele>
</trkpt>
<trkpt lat="34.66887277777778" lon="137.29395805555555">
<ele>9</ele>
</trkpt>
<trkpt lat="34.66899472222222" lon="137.29384916666666">
<ele>9</ele>
</trkpt>
<trkpt lat="34.66911694444445" lon="137.29374055555556">
<ele>9</ele>
</trkpt>
<trkpt lat="34.66923888888889" lon="137.29363194444446">
<ele>9</ele>
</trkpt>
<trkpt lat="34.66936111111111" lon="137.29352305555557">
<ele>9</ele>
</trkpt>
<trkpt lat="34.66948333333333" lon="137.29341444444444">
<ele>9</ele>
</trkpt>
<trkpt lat="34.66960527777778" lon="137.29330555555555">
<ele>8</ele>
</trkpt>
<trkpt lat="34.6697275" lon="137.29319694444445">
<ele>8</ele>
</trkpt>
<trkpt lat="34.669849444444445" lon="137.29308833333334">
<ele>9</ele>
</trkpt>
<trkpt lat="34.66997166666667" lon="137.29297944444446">
<ele>9</ele>
</trkpt>
<trkpt lat="34.670093888888886" lon="137.29287083333332">
<ele>9</ele>
</trkpt>
<trkpt lat="34.67021583333333" lon="137.29276222222222">
<ele>9</ele>
</trkpt>
<trkpt lat="34.670338055555554" lon="137.29265333333333">
<ele>9</ele>
</trkpt>
<trkpt lat="34.67046" lon="137.29254472222223">
<ele>8</ele>
</trkpt>
<trkpt lat="34.67058222222222" lon="137.29243583333334">
<ele>8</ele>
</trkpt>
<trkpt lat="34.670704444444446" lon="137.2923272222222">
<ele>8</ele>
</trkpt>
<trkpt lat="34.67082638888889" lon="137.2922186111111">
<ele>7</ele>
</trkpt>
<trkpt lat="34.67094861111111" lon="137.29210972222222">
<ele>6</ele>
</trkpt>
<trkpt lat="34.67107055555555" lon="137.29200111111112">
<ele>7</ele>
</trkpt>
<trkpt lat="34.67107055555555" lon="137.29200111111112">
<ele>7</ele>
</trkpt>
<trkpt lat="34.6711625" lon="137.29196277777777">
<ele>6</ele>
</trkpt>
<trkpt lat="34.67125444444444" lon="137.29192416666666">
<ele>6</ele>
</trkpt>
<trkpt lat="34.67134638888889" lon="137.29188583333334">
<ele>5</ele>
</trkpt>
<trkpt lat="34.671438333333334" lon="137.2918475">
<ele>5</ele>
</trkpt>
<trkpt lat="34.671530555555556" lon="137.29180916666667">
<ele>5</ele>
</trkpt>
<trkpt lat="34.6716225" lon="137.29177083333335">
<ele>5</ele>
</trkpt>
<trkpt lat="34.67171444444445" lon="137.2917322222222">
<ele>5</ele>
</trkpt>
<trkpt lat="34.67180638888889" lon="137.2916938888889">
<ele>5</ele>
</trkpt>
<trkpt lat="34.67189833333333" lon="137.29165555555556">
<ele>5</ele>
</trkpt>
<trkpt lat="34.67199027777778" lon="137.29161722222221">
<ele>5</ele>
</trkpt>
<trkpt lat="34.67208222222222" lon="137.2915786111111">
<ele>4</ele>
</trkpt>
<trkpt lat="34.672174166666665" lon="137.29154027777778">
<ele>5</ele>
</trkpt>
<trkpt lat="34.672266111111114" lon="137.29150194444443">
<ele>4</ele>
</trkpt>
<trkpt lat="34.672358055555556" lon="137.2914636111111">
<ele>4</ele>
</trkpt>
<trkpt lat="34.67245" lon="137.291425">
<ele>4</ele>
</trkpt>
<trkpt lat="34.67254194444445" lon="137.29138666666665">
<ele>4</ele>
</trkpt>
<trkpt lat="34.67263388888889" lon="137.29134833333333">
<ele>4</ele>
</trkpt>
<trkpt lat="34.67272583333333" lon="137.29131">
<ele>4</ele>
</trkpt>
<trkpt lat="34.67281777777778" lon="137.2912713888889">
<ele>4</ele>
</trkpt>
<trkpt lat="34.67281777777778" lon="137.2912713888889">
<ele>4</ele>
</trkpt>
<trkpt lat="34.67289944444445" lon="137.29116194444444">
<ele>4</ele>
</trkpt>
<trkpt lat="34.67298111111111" lon="137.2910525">
<ele>5</ele>
</trkpt>
<trkpt lat="34.67306305555555" lon="137.2909427777778">
<ele>5</ele>
</trkpt>
<trkpt lat="34.673144722222226" lon="137.29083333333332">
<ele>6</ele>
</trkpt>
<trkpt lat="34.67322638888889" lon="137.2907238888889">
<ele>7</ele>
</trkpt>
<trkpt lat="34.67330805555556" lon="137.29061416666667">
<ele>7</ele>
</trkpt>
<trkpt lat="34.67339" lon="137.2905047222222">
<ele>8</ele>
</trkpt>
<trkpt lat="34.673471666666664" lon="137.29039527777778">
<ele>8</ele>
</trkpt>
<trkpt lat="34.67355333333333" lon="137.29028555555556">
<ele>9</ele>
</trkpt>
<trkpt lat="34.673635" lon="137.29017611111112">
<ele>8</ele>
</trkpt>
<trkpt lat="34.673716666666664" lon="137.2900663888889">
<ele>8</ele>
</trkpt>
<trkpt lat="34.67379861111111" lon="137.28995694444444">
<ele>7</ele>
</trkpt>
<trkpt lat="34.673880277777776" lon="137.2898475">
<ele>8</ele>
</trkpt>
<trkpt lat="34.67396194444444" lon="137.2897377777778">
<ele>7</ele>
</trkpt>
<trkpt lat="34.67404361111111" lon="137.28962833333333">
<ele>7</ele>
</trkpt>
<trkpt lat="34.674125555555555" lon="137.2895188888889">
<ele>6</ele>
</trkpt>
<trkpt lat="34.67420722222222" lon="137.28940916666667">
<ele>7</ele>
</trkpt>
<trkpt lat="34.67428888888889" lon="137.2892997222222">
<ele>6</ele>
</trkpt>
<trkpt lat="34.674370555555555" lon="137.28919">
<ele>6</ele>
</trkpt>
<trkpt lat="34.674370555555555" lon="137.28919">
<ele>6</ele>
</trkpt>
<trkpt lat="34.674370555555555" lon="137.28919">
<ele>6</ele>
</trkpt>
<trkpt lat="34.674461388888886" lon="137.2890627777778">
<ele>4</ele>
</trkpt>
<trkpt lat="34.674551944444445" lon="137.28893555555555">
<ele>4</ele>
</trkpt>
<trkpt lat="34.6746425" lon="137.28880805555556">
<ele>2</ele>
</trkpt>
<trkpt lat="34.674733055555556" lon="137.28868083333333">
<ele>3</ele>
</trkpt>
<trkpt lat="34.67482361111111" lon="137.2885536111111">
<ele>3</ele>
</trkpt>
<trkpt lat="34.67491416666667" lon="137.2884261111111">
<ele>2</ele>
</trkpt>
<trkpt lat="34.67500472222222" lon="137.2882988888889">
<ele>1</ele>
</trkpt>
<trkpt lat="34.67509527777778" lon="137.28817166666667">
<ele>1</ele>
</trkpt>
<trkpt lat="34.67518611111111" lon="137.28804416666668">
<ele>0</ele>
</trkpt>
<trkpt lat="34.67527666666667" lon="137.28791694444445">
<ele>-1</ele>
</trkpt>
<trkpt lat="34.67536722222222" lon="137.28778972222221">
<ele>0</ele>
</trkpt>
<trkpt lat="34.67545777777778" lon="137.28766222222222">
<ele>0</ele>
</trkpt>
<trkpt lat="34.67554833333333" lon="137.287535">
<ele>0</ele>
</trkpt>
<trkpt lat="34.67563888888889" lon="137.2874077777778">
<ele>0</ele>
</trkpt>
<trkpt lat="34.67572944444444" lon="137.28728027777777">
<ele>-1</ele>
</trkpt>
<trkpt lat="34.67582027777778" lon="137.28715305555556">
<ele>-2</ele>
</trkpt>
<trkpt lat="34.67591083333333" lon="137.28702583333333">
<ele>-1</ele>
</trkpt>
<trkpt lat="34.67600138888889" lon="137.28689833333334">
<ele>0</ele>
</trkpt>
<trkpt lat="34.676091944444444" lon="137.2867711111111">
<ele>1</ele>
</trkpt>
<trkpt lat="34.676091944444444" lon="137.2867711111111">
<ele>1</ele>
</trkpt>
<trkpt lat="34.67606083333333" lon="137.28672777777777">
<ele>1</ele>
</trkpt>
<trkpt lat="34.676029722222225" lon="137.28668472222222">
<ele>1</ele>
</trkpt>
<trkpt lat="34.67599861111111" lon="137.28664138888888">
<ele>2</ele>
</trkpt>
<trkpt lat="34.67596722222222" lon="137.28659833333333">
<ele>2</ele>
</trkpt>
<trkpt lat="34.67593611111111" lon="137.286555">
<ele>3</ele>
</trkpt>
<trkpt lat="34.675905" lon="137.28651194444444">
<ele>3</ele>
</trkpt>
<trkpt lat="34.67587388888889" lon="137.2864686111111">
<ele>4</ele>
</trkpt>
<trkpt lat="34.67584277777778" lon="137.28642527777777">
<ele>4</ele>
</trkpt>
<trkpt lat="34.67581166666667" lon="137.28638222222222">
<ele>4</ele>
</trkpt>
<trkpt lat="34.675780555555555" lon="137.28633888888888">
<ele>4</ele>
</trkpt>
<trkpt lat="34.67574916666667" lon="137.28629583333333">
<ele>5</ele>
</trkpt>
<trkpt lat="34.675718055555556" lon="137.2862525">
<ele>5</ele>
</trkpt>
<trkpt lat="34.67568694444444" lon="137.28620944444444">
<ele>5</ele>
</trkpt>
<trkpt lat="34.67565583333333" lon="137.2861661111111">
<ele>6</ele>
</trkpt>
<trkpt lat="34.675624722222224" lon="137.2861227777778">
<ele>6</ele>
</trkpt>
<trkpt lat="34.67559361111111" lon="137.2860797222222">
<ele>6</ele>
</trkpt>
<trkpt lat="34.675562222222226" lon="137.2860363888889">
<ele>6</ele>
</trkpt>
<trkpt lat="34.67553111111111" lon="137.28599333333332">
<ele>7</ele>
</trkpt>
<trkpt lat="34.6755" lon="137.28595">
<ele>7</ele>
</trkpt>
<trkpt lat="34.6755" lon="137.28595">
<ele>7</ele>
</trkpt>
<trkpt lat="34.6755" lon="137.28595">
<ele>7</ele>
</trkpt>
<trkpt lat="34.675468611111114" lon="137.2858427777778">
<ele>7</ele>
</trkpt>
<trkpt lat="34.67543694444444" lon="137.28573555555556">
<ele>7</ele>
</trkpt>
<trkpt lat="34.67540527777778" lon="137.28562805555555">
<ele>7</ele>
</trkpt>
<trkpt lat="34.67537361111111" lon="137.28552083333332">
<ele>7</ele>
</trkpt>
<trkpt lat="34.67534222222222" lon="137.28541361111112">
<ele>6</ele>
</trkpt>
<trkpt lat="34.675310555555555" lon="137.2853063888889">
<ele>6</ele>
</trkpt>
<trkpt lat="34.67527888888889" lon="137.28519888888889">
<ele>6</ele>
</trkpt>
<trkpt lat="34.6752475" lon="137.28509166666666">
<ele>6</ele>
</trkpt>
<trkpt lat="34.67521583333333" lon="137.28498444444443">
<ele>6</ele>
</trkpt>
<trkpt lat="34.67518416666667" lon="137.28487722222224">
<ele>6</ele>
</trkpt>
<trkpt lat="34.675152777777775" lon="137.28476972222222">
<ele>5</ele>
</trkpt>
<trkpt lat="34.67512111111111" lon="137.2846625">
<ele>5</ele>
</trkpt>
<trkpt lat="34.675089444444446" lon="137.28455527777777">
<ele>5</ele>
</trkpt>
<trkpt lat="34.67505805555555" lon="137.28444805555554">
<ele>5</ele>
</trkpt>
<trkpt lat="34.67502638888889" lon="137.28434083333335">
<ele>5</ele>
</trkpt>
<trkpt lat="34.67499472222222" lon="137.28423333333333">
<ele>5</ele>
</trkpt>
<trkpt lat="34.67496333333333" lon="137.2841261111111">
<ele>5</ele>
</trkpt>
<trkpt lat="34.674931666666666" lon="137.28401888888888">
<ele>5</ele>
</trkpt>
<trkpt lat="34.6749" lon="137.28391166666665">
<ele>5</ele>
</trkpt>
<trkpt lat="34.6749" lon="137.28391166666665">
<ele>5</ele>
</trkpt>
<trkpt lat="34.674928333333334" lon="137.28383055555557">
<ele>4</ele>
</trkpt>
<trkpt lat="34.67495666666667" lon="137.28374944444445">
<ele>3</ele>
</trkpt>
<trkpt lat="34.67498527777778" lon="137.28366861111112">
<ele>3</ele>
</trkpt>
<trkpt lat="34.67501361111111" lon="137.2835875">
<ele>3</ele>
</trkpt>
<trkpt lat="34.675041944444445" lon="137.2835063888889">
<ele>4</ele>
</trkpt>
<trkpt lat="34.67507027777778" lon="137.28342555555557">
<ele>4</ele>
</trkpt>
<trkpt lat="34.67509861111111" lon="137.28334444444445">
<ele>4</ele>
</trkpt>
<trkpt lat="34.67512694444444" lon="137.28326333333334">
<ele>4</ele>
</trkpt>
<trkpt lat="34.675155277777776" lon="137.2831825">
<ele>4</ele>
</trkpt>
<trkpt lat="34.67518361111111" lon="137.2831013888889">
<ele>4</ele>
</trkpt>
<trkpt lat="34.67521194444444" lon="137.28302027777778">
<ele>4</ele>
</trkpt>
<trkpt lat="34.675240277777775" lon="137.28293944444445">
<ele>4</ele>
</trkpt>
<trkpt lat="34.675268611111115" lon="137.28285833333334">
<ele>4</ele>
</trkpt>
<trkpt lat="34.67529722222222" lon="137.28277722222222">
<ele>3</ele>
</trkpt>
<trkpt lat="34.67532555555555" lon="137.2826963888889">
<ele>3</ele>
</trkpt>
<trkpt lat="34.675353888888885" lon="137.28261527777778">
<ele>4</ele>
</trkpt>
<trkpt lat="34.675382222222225" lon="137.28253416666666">
<ele>4</ele>
</trkpt>
<trkpt lat="34.67541055555556" lon="137.28245333333334">
<ele>4</ele>
</trkpt>
<trkpt lat="34.67543888888889" lon="137.28237222222222">
<ele>3</ele>
</trkpt>
<trkpt lat="34.67543888888889" lon="137.28237222222222">
<ele>3</ele>
</trkpt>
<trkpt lat="34.67539638888889" lon="137.2823461111111">
<ele>3</ele>
</trkpt>
<trkpt lat="34.67535361111111" lon="137.28232027777779">
<ele>2</ele>
</trkpt>
<trkpt lat="34.675310833333334" lon="137.28229416666667">
<ele>0</ele>
</trkpt>
<trkpt lat="34.675268055555556" lon="137.28226833333332">
<ele>0</ele>
</trkpt>
<trkpt lat="34.67522527777778" lon="137.2822422222222">
<ele>0</ele>
</trkpt>
<trkpt lat="34.67518277777778" lon="137.28221638888888">
<ele>1</ele>
</trkpt>
<trkpt lat="34.67514" lon="137.28219027777777">
<ele>1</ele>
</trkpt>
<trkpt lat="34.67509722222222" lon="137.28216444444445">
<ele>0</ele>
</trkpt>
<trkpt lat="34.67505444444444" lon="137.28213833333334">
<ele>0</ele>
</trkpt>
<trkpt lat="34.67501166666667" lon="137.2821125">
<ele>0</ele>
</trkpt>
<trkpt lat="34.67496916666666" lon="137.2820863888889">
<ele>0</ele>
</trkpt>
<trkpt lat="34.67492638888889" lon="137.28206055555555">
<ele>0</ele>
</trkpt>
<trkpt lat="34.67488361111111" lon="137.28203444444443">
<ele>0</ele>
</trkpt>
<trkpt lat="34.674840833333334" lon="137.2820086111111">
<ele>0</ele>
</trkpt>
<trkpt lat="34.674798055555556" lon="137.2819825">
<ele>1</ele>
</trkpt>
<trkpt lat="34.67475527777778" lon="137.28195666666667">
<ele>0</ele>
</trkpt>
<trkpt lat="34.67471277777778" lon="137.28193055555556">
<ele>0</ele>
</trkpt>
<trkpt lat="34.67467" lon="137.2819047222222">
<ele>0</ele>
</trkpt>
<trkpt lat="34.67462722222222" lon="137.28187861111113">
<ele>0</ele>
</trkpt>
<trkpt lat="34.67458444444444" lon="137.28185277777777">
<ele>0</ele>
</trkpt>
<trkpt lat="34.67454166666667" lon="137.28182666666666">
<ele>0</ele>
</trkpt>
<trkpt lat="34.67449916666666" lon="137.28180083333334">
<ele>0</ele>
</trkpt>
<trkpt lat="34.67445638888889" lon="137.28177472222222">
<ele>1</ele>
</trkpt>
<trkpt lat="34.67441361111111" lon="137.2817488888889">
<ele>0</ele>
</trkpt>
<trkpt lat="34.674370833333334" lon="137.2817227777778">
<ele>0</ele>
</trkpt>
<trkpt lat="34.674328055555556" lon="137.28169694444443">
<ele>0</ele>
</trkpt>
<trkpt lat="34.67428555555556" lon="137.28167083333332">
<ele>0</ele>
</trkpt>
<trkpt lat="34.67424277777778" lon="137.281645">
<ele>0</ele>
</trkpt>
<trkpt lat="34.6742" lon="137.2816188888889">
<ele>0</ele>
</trkpt>
<trkpt lat="34.67415722222222" lon="137.28159305555556">
<ele>0</ele>
</trkpt>
<trkpt lat="34.67411444444444" lon="137.28156694444445">
<ele>0</ele>
</trkpt>
<trkpt lat="34.67407194444444" lon="137.28154111111112">
<ele>0</ele>
</trkpt>
<trkpt lat="34.674029166666664" lon="137.281515">
<ele>0</ele>
</trkpt>
<trkpt lat="34.67398638888889" lon="137.28148916666666">
<ele>0</ele>
</trkpt>
<trkpt lat="34.67394361111111" lon="137.28146305555555">
<ele>0</ele>
</trkpt>
<trkpt lat="34.673900833333335" lon="137.28143694444444">
<ele>0</ele>
</trkpt>
<trkpt lat="34.673858333333335" lon="137.2814111111111">
<ele>0</ele>
</trkpt>
<trkpt lat="34.67381555555556" lon="137.281385">
<ele>0</ele>
</trkpt>
<trkpt lat="34.67381555555556" lon="137.281385">
<ele>0</ele>
</trkpt>
<trkpt lat="34.67381555555556" lon="137.281385">
<ele>0</ele>
</trkpt>
<trkpt lat="34.673745" lon="137.2812575">
<ele>0</ele>
</trkpt>
<trkpt lat="34.673674444444444" lon="137.28113">
<ele>0</ele>
</trkpt>
<trkpt lat="34.67360361111111" lon="137.2810022222222">
<ele>0</ele>
</trkpt>
<trkpt lat="34.67353305555555" lon="137.28087472222222">
<ele>0</ele>
</trkpt>
<trkpt lat="34.6734625" lon="137.28074694444445">
<ele>0</ele>
</trkpt>
<trkpt lat="34.67339194444445" lon="137.28061944444445">
<ele>0</ele>
</trkpt>
<trkpt lat="34.67332138888889" lon="137.28049194444444">
<ele>0</ele>
</trkpt>
<trkpt lat="34.673250833333334" lon="137.28036416666666">
<ele>0</ele>
</trkpt>
<trkpt lat="34.673180277777774" lon="137.28023666666667">
<ele>0</ele>
</trkpt>
<trkpt lat="34.67310972222222" lon="137.2801088888889">
<ele>0</ele>
</trkpt>
<trkpt lat="34.67303888888889" lon="137.2799813888889">
<ele>0</ele>
</trkpt>
<trkpt lat="34.67296833333333" lon="137.27985361111112">
<ele>0</ele>
</trkpt>
<trkpt lat="34.67289777777778" lon="137.2797261111111">
<ele>1</ele>
</trkpt>
<trkpt lat="34.672827222222224" lon="137.2795986111111">
<ele>0</ele>
</trkpt>
<trkpt lat="34.672756666666665" lon="137.27947083333333">
<ele>0</ele>
</trkpt>
<trkpt lat="34.67268611111111" lon="137.27934333333334">
<ele>0</ele>
</trkpt>
<trkpt lat="34.67261555555555" lon="137.27921555555557">
<ele>1</ele>
</trkpt>
<trkpt lat="34.672545" lon="137.27908805555555">
<ele>0</ele>
</trkpt>
<trkpt lat="34.67247444444445" lon="137.27896027777777">
<ele>1</ele>
</trkpt>
<trkpt lat="34.67240361111111" lon="137.27883277777778">
<ele>0</ele>
</trkpt>
<trkpt lat="34.672333055555555" lon="137.2787052777778">
<ele>0</ele>
</trkpt>
<trkpt lat="34.6722625" lon="137.2785775">
<ele>0</ele>
</trkpt>
<trkpt lat="34.67219194444444" lon="137.27845">
<ele>0</ele>
</trkpt>
<trkpt lat="34.67212138888889" lon="137.27832222222222">
<ele>1</ele>
</trkpt>
<trkpt lat="34.67205083333333" lon="137.27819472222222">
<ele>0</ele>
</trkpt>
<trkpt lat="34.67198027777778" lon="137.27806722222223">
<ele>0</ele>
</trkpt>
<trkpt lat="34.671909722222225" lon="137.27793944444446">
<ele>0</ele>
</trkpt>
<trkpt lat="34.67183888888889" lon="137.27781194444444">
<ele>0</ele>
</trkpt>
<trkpt lat="34.67176833333333" lon="137.27768416666666">
<ele>0</ele>
</trkpt>
<trkpt lat="34.67169777777778" lon="137.27755666666667">
<ele>0</ele>
</trkpt>
<trkpt lat="34.67162722222222" lon="137.2774288888889">
<ele>0</ele>
</trkpt>
<trkpt lat="34.67155666666667" lon="137.2773013888889">
<ele>0</ele>
</trkpt>
<trkpt lat="34.67148611111111" lon="137.27717388888888">
<ele>0</ele>
</trkpt>
<trkpt lat="34.671415555555555" lon="137.2770461111111">
<ele>0</ele>
</trkpt>
<trkpt lat="34.671345" lon="137.2769186111111">
<ele>0</ele>
</trkpt>
<trkpt lat="34.67127416666667" lon="137.27679083333334">
<ele>0</ele>
</trkpt>
<trkpt lat="34.67120361111111" lon="137.27666333333335">
<ele>0</ele>
</trkpt>
<trkpt lat="34.67113305555556" lon="137.27653555555557">
<ele>0</ele>
</trkpt>
<trkpt lat="34.67113305555556" lon="137.27653555555557">
<ele>0</ele>
</trkpt>
<trkpt lat="34.67113305555556" lon="137.27653555555557">
<ele>0</ele>
</trkpt>
<trkpt lat="34.67115611111111" lon="137.27648888888888">
<ele>0</ele>
</trkpt>
<trkpt lat="34.67117916666667" lon="137.27644194444446">
<ele>0</ele>
</trkpt>
<trkpt lat="34.67120222222222" lon="137.276395">
<ele>0</ele>
</trkpt>
<trkpt lat="34.67122527777778" lon="137.27634833333335">
<ele>0</ele>
</trkpt>
<trkpt lat="34.67124833333333" lon="137.2763013888889">
<ele>1</ele>
</trkpt>
<trkpt lat="34.67127138888889" lon="137.27625444444445">
<ele>1</ele>
</trkpt>
<trkpt lat="34.67129444444444" lon="137.2762075">
<ele>0</ele>
</trkpt>
<trkpt lat="34.6713175" lon="137.27616083333334">
<ele>0</ele>
</trkpt>
<trkpt lat="34.67134055555555" lon="137.2761138888889">
<ele>0</ele>
</trkpt>
<trkpt lat="34.67136361111111" lon="137.27606694444444">
<ele>0</ele>
</trkpt>
<trkpt lat="34.67138666666666" lon="137.27602027777777">
<ele>0</ele>
</trkpt>
<trkpt lat="34.67140972222222" lon="137.27597333333333">
<ele>0</ele>
</trkpt>
<trkpt lat="34.67143277777778" lon="137.27592638888888">
<ele>0</ele>
</trkpt>
<trkpt lat="34.67143305555555" lon="137.27592611111112">
<ele>0</ele>
</trkpt>
<trkpt lat="34.67143305555555" lon="137.27592611111112">
<ele>0</ele>
</trkpt>
<trkpt lat="34.67152194444444" lon="137.27608916666668">
<ele>0</ele>
</trkpt>
<trkpt lat="34.67161055555555" lon="137.2762525">
<ele>0</ele>
</trkpt>
<trkpt lat="34.67169916666667" lon="137.27641555555556">
<ele>0</ele>
</trkpt>
<trkpt lat="34.67178805555555" lon="137.27657888888888">
<ele>0</ele>
</trkpt>
<trkpt lat="34.67187666666667" lon="137.27674194444444">
<ele>0</ele>
</trkpt>
<trkpt lat="34.67196527777778" lon="137.2769052777778">
<ele>0</ele>
</trkpt>
<trkpt lat="34.67205416666667" lon="137.27706833333335">
<ele>0</ele>
</trkpt>
<trkpt lat="34.67214277777778" lon="137.27723138888888">
<ele>0</ele>
</trkpt>
<trkpt lat="34.67223138888889" lon="137.27739472222223">
<ele>0</ele>
</trkpt>
<trkpt lat="34.67232" lon="137.2775577777778">
<ele>0</ele>
</trkpt>
<trkpt lat="34.67240888888889" lon="137.2777211111111">
<ele>0</ele>
</trkpt>
<trkpt lat="34.6724975" lon="137.27788416666667">
<ele>0</ele>
</trkpt>
<trkpt lat="34.67258611111111" lon="137.2780475">
<ele>0</ele>
</trkpt>
<trkpt lat="34.672675" lon="137.27821055555555">
<ele>0</ele>
</trkpt>
<trkpt lat="34.67276361111111" lon="137.2783738888889">
<ele>0</ele>
</trkpt>
<trkpt lat="34.672852222222225" lon="137.27853694444445">
<ele>-1</ele>
</trkpt>
<trkpt lat="34.67294111111111" lon="137.27870027777777">
<ele>0</ele>
</trkpt>
<trkpt lat="34.673029722222225" lon="137.27886333333333">
<ele>0</ele>
</trkpt>
<trkpt lat="34.673118333333335" lon="137.27902666666665">
<ele>0</ele>
</trkpt>
<trkpt lat="34.673118333333335" lon="137.27902666666665">
<ele>0</ele>
</trkpt>
<trkpt lat="34.673118333333335" lon="137.27902666666665">
<ele>0</ele>
</trkpt>
<trkpt lat="34.67319222222222" lon="137.27910972222222">
<ele>0</ele>
</trkpt>
<trkpt lat="34.67326611111111" lon="137.27919277777778">
<ele>0</ele>
</trkpt>
<trkpt lat="34.67334" lon="137.27927555555556">
<ele>0</ele>
</trkpt>
<trkpt lat="34.67341388888889" lon="137.27935861111112">
<ele>0</ele>
</trkpt>
<trkpt lat="34.6734875" lon="137.27944166666666">
<ele>0</ele>
</trkpt>
<trkpt lat="34.67356138888889" lon="137.27952472222222">
<ele>0</ele>
</trkpt>
<trkpt lat="34.67363527777778" lon="137.27960777777778">
<ele>0</ele>
</trkpt>
<trkpt lat="34.67370916666667" lon="137.27969055555556">
<ele>0</ele>
</trkpt>
<trkpt lat="34.67378305555555" lon="137.27977361111112">
<ele>0</ele>
</trkpt>
<trkpt lat="34.673856944444445" lon="137.27985666666666">
<ele>0</ele>
</trkpt>
<trkpt lat="34.67393055555556" lon="137.27993972222222">
<ele>0</ele>
</trkpt>
<trkpt lat="34.67400444444444" lon="137.2800227777778">
<ele>0</ele>
</trkpt>
<trkpt lat="34.674078333333334" lon="137.28010583333332">
<ele>0</ele>
</trkpt>
<trkpt lat="34.67415222222222" lon="137.2801886111111">
<ele>0</ele>
</trkpt>
<trkpt lat="34.67422611111111" lon="137.28027166666666">
<ele>0</ele>
</trkpt>
<trkpt lat="34.67429972222222" lon="137.28035472222223">
<ele>0</ele>
</trkpt>
<trkpt lat="34.67437361111111" lon="137.2804377777778">
<ele>0</ele>
</trkpt>
<trkpt lat="34.6744475" lon="137.28052083333333">
<ele>0</ele>
</trkpt>
<trkpt lat="34.67452138888889" lon="137.2806038888889">
<ele>0</ele>
</trkpt>
<trkpt lat="34.67452138888889" lon="137.2806038888889">
<ele>0</ele>
</trkpt>
<trkpt lat="34.67452138888889" lon="137.2806038888889">
<ele>0</ele>
</trkpt>
<trkpt lat="34.67457388888889" lon="137.2806361111111">
<ele>0</ele>
</trkpt>
<trkpt lat="34.67462638888889" lon="137.2806686111111">
<ele>0</ele>
</trkpt>
<trkpt lat="34.67467888888889" lon="137.2807011111111">
<ele>0</ele>
</trkpt>
<trkpt lat="34.67473138888889" lon="137.28073361111112">
<ele>0</ele>
</trkpt>
<trkpt lat="34.67478361111111" lon="137.28076611111112">
<ele>0</ele>
</trkpt>
<trkpt lat="34.67483611111111" lon="137.28079861111112">
<ele>0</ele>
</trkpt>
<trkpt lat="34.67488861111111" lon="137.2808311111111">
<ele>0</ele>
</trkpt>
<trkpt lat="34.67494111111111" lon="137.2808636111111">
<ele>-2</ele>
</trkpt>
<trkpt lat="34.67499361111111" lon="137.2808961111111">
<ele>0</ele>
</trkpt>
<trkpt lat="34.67504611111111" lon="137.28092833333332">
<ele>0</ele>
</trkpt>
<trkpt lat="34.67509861111111" lon="137.28096083333332">
<ele>0</ele>
</trkpt>
<trkpt lat="34.67515111111111" lon="137.28099333333333">
<ele>0</ele>
</trkpt>
<trkpt lat="34.67520361111111" lon="137.28102583333333">
<ele>0</ele>
</trkpt>
<trkpt lat="34.67525611111111" lon="137.28105833333333">
<ele>0</ele>
</trkpt>
<trkpt lat="34.67530861111111" lon="137.28109083333334">
<ele>0</ele>
</trkpt>
<trkpt lat="34.675360833333336" lon="137.28112333333334">
<ele>0</ele>
</trkpt>
<trkpt lat="34.67541333333333" lon="137.28115583333334">
<ele>0</ele>
</trkpt>
<trkpt lat="34.675465833333334" lon="137.28118833333335">
<ele>0</ele>
</trkpt>
<trkpt lat="34.675518333333336" lon="137.28122055555556">
<ele>0</ele>
</trkpt>
<trkpt lat="34.67557083333333" lon="137.28125305555557">
<ele>0</ele>
</trkpt>
<trkpt lat="34.675623333333334" lon="137.28128555555554">
<ele>0</ele>
</trkpt>
<trkpt lat="34.67567583333334" lon="137.28131805555554">
<ele>0</ele>
</trkpt>
<trkpt lat="34.67572833333333" lon="137.28135055555555">
<ele>0</ele>
</trkpt>
<trkpt lat="34.675780833333334" lon="137.28138305555555">
<ele>0</ele>
</trkpt>
<trkpt lat="34.67583333333334" lon="137.28141555555555">
<ele>0</ele>
</trkpt>
<trkpt lat="34.67588583333333" lon="137.28144805555556">
<ele>0</ele>
</trkpt>
<trkpt lat="34.675938055555555" lon="137.28148055555556">
<ele>0</ele>
</trkpt>
<trkpt lat="34.67599055555556" lon="137.28151277777778">
<ele>0</ele>
</trkpt>
<trkpt lat="34.67604305555555" lon="137.28154527777778">
<ele>0</ele>
</trkpt>
<trkpt lat="34.676095555555555" lon="137.28157777777778">
<ele>0</ele>
</trkpt>
<trkpt lat="34.67614805555556" lon="137.2816102777778">
<ele>0</ele>
</trkpt>
<trkpt lat="34.67620055555555" lon="137.2816427777778">
<ele>0</ele>
</trkpt>
<trkpt lat="34.676253055555556" lon="137.28167527777777">
<ele>0</ele>
</trkpt>
<trkpt lat="34.67630555555556" lon="137.28170777777777">
<ele>0</ele>
</trkpt>
<trkpt lat="34.67635805555555" lon="137.28174027777777">
<ele>0</ele>
</trkpt>
<trkpt lat="34.676410555555556" lon="137.28177277777777">
<ele>0</ele>
</trkpt>
<trkpt lat="34.67646305555556" lon="137.281805">
<ele>0</ele>
</trkpt>
<trkpt lat="34.676515555555554" lon="137.2818375">
<ele>0</ele>
</trkpt>
<trkpt lat="34.676515555555554" lon="137.2818375">
<ele>0</ele>
</trkpt>
<trkpt lat="34.676515555555554" lon="137.2818375">
<ele>0</ele>
</trkpt>
<trkpt lat="34.67657333333333" lon="137.28176277777777">
<ele>0</ele>
</trkpt>
<trkpt lat="34.676631111111114" lon="137.2816877777778">
<ele>0</ele>
</trkpt>
<trkpt lat="34.67668888888889" lon="137.28161305555557">
<ele>0</ele>
</trkpt>
<trkpt lat="34.676746666666666" lon="137.28153805555556">
<ele>-1</ele>
</trkpt>
<trkpt lat="34.67680444444444" lon="137.28146333333333">
<ele>0</ele>
</trkpt>
<trkpt lat="34.67686222222222" lon="137.28138833333333">
<ele>-1</ele>
</trkpt>
<trkpt lat="34.67692" lon="137.2813136111111">
<ele>-2</ele>
</trkpt>
<trkpt lat="34.67697805555556" lon="137.28123861111112">
<ele>-2</ele>
</trkpt>
<trkpt lat="34.677035833333335" lon="137.2811638888889">
<ele>-2</ele>
</trkpt>
<trkpt lat="34.67709361111111" lon="137.2810888888889">
<ele>-2</ele>
</trkpt>
<trkpt lat="34.67715138888889" lon="137.28101416666667">
<ele>-3</ele>
</trkpt>
<trkpt lat="34.677209166666664" lon="137.28093916666666">
<ele>-3</ele>
</trkpt>
<trkpt lat="34.67726694444445" lon="137.28086416666667">
<ele>-3</ele>
</trkpt>
<trkpt lat="34.677324722222224" lon="137.28078944444445">
<ele>-3</ele>
</trkpt>
<trkpt lat="34.6773825" lon="137.28071444444444">
<ele>-3</ele>
</trkpt>
<trkpt lat="34.677440555555556" lon="137.28063972222222">
<ele>-3</ele>
</trkpt>
<trkpt lat="34.67749833333333" lon="137.2805647222222">
<ele>-3</ele>
</trkpt>
<trkpt lat="34.67755611111111" lon="137.28049">
<ele>-2</ele>
</trkpt>
<trkpt lat="34.67761388888889" lon="137.280415">
<ele>-2</ele>
</trkpt>
<trkpt lat="34.67767166666667" lon="137.28034027777778">
<ele>-2</ele>
</trkpt>
<trkpt lat="34.677729444444445" lon="137.28026527777777">
<ele>-1</ele>
</trkpt>
<trkpt lat="34.67778722222222" lon="137.28019055555555">
<ele>-1</ele>
</trkpt>
<trkpt lat="34.67784527777778" lon="137.28011555555557">
<ele>-1</ele>
</trkpt>
<trkpt lat="34.677903055555554" lon="137.28004083333335">
<ele>-1</ele>
</trkpt>
<trkpt lat="34.67796083333333" lon="137.27996583333334">
<ele>0</ele>
</trkpt>
<trkpt lat="34.67801861111111" lon="137.2798911111111">
<ele>-2</ele>
</trkpt>
<trkpt lat="34.67807638888889" lon="137.2798161111111">
<ele>0</ele>
</trkpt>
<trkpt lat="34.678134166666666" lon="137.27974138888888">
<ele>0</ele>
</trkpt>
<trkpt lat="34.67819194444444" lon="137.2796663888889">
<ele>0</ele>
</trkpt>
<trkpt lat="34.67824972222222" lon="137.27959166666668">
<ele>0</ele>
</trkpt>
<trkpt lat="34.678307777777775" lon="137.27951666666667">
<ele>0</ele>
</trkpt>
<trkpt lat="34.67836555555556" lon="137.27944194444444">
<ele>0</ele>
</trkpt>
<trkpt lat="34.678423333333335" lon="137.27936694444443">
<ele>0</ele>
</trkpt>
<trkpt lat="34.67848111111111" lon="137.27929194444445">
<ele>0</ele>
</trkpt>
<trkpt lat="34.67853888888889" lon="137.27921722222223">
<ele>0</ele>
</trkpt>
<trkpt lat="34.678596666666664" lon="137.27914222222222">
<ele>0</ele>
</trkpt>
<trkpt lat="34.67865444444445" lon="137.2790675">
<ele>0</ele>
</trkpt>
<trkpt lat="34.678712222222224" lon="137.2789925">
<ele>0</ele>
</trkpt>
<trkpt lat="34.678712222222224" lon="137.2789925">
<ele>0</ele>
</trkpt>
<trkpt lat="34.678712222222224" lon="137.2789925">
<ele>0</ele>
</trkpt>
<trkpt lat="34.679007222222225" lon="137.27933083333335">
<ele>0</ele>
</trkpt>
<trkpt lat="34.67930194444445" lon="137.2796688888889">
<ele>0</ele>
</trkpt>
<trkpt lat="34.67959694444444" lon="137.28000722222222">
<ele>0</ele>
</trkpt>
<trkpt lat="34.67989166666667" lon="137.28034555555556">
<ele>0</ele>
</trkpt>
<trkpt lat="34.680186666666664" lon="137.2806836111111">
<ele>0</ele>
</trkpt>
<trkpt lat="34.680481388888886" lon="137.28102194444443">
<ele>0</ele>
</trkpt>
<trkpt lat="34.68077638888889" lon="137.28136">
<ele>0</ele>
</trkpt>
<trkpt lat="34.68107111111111" lon="137.28169833333334">
<ele>0</ele>
</trkpt>
<trkpt lat="34.68136611111111" lon="137.28203638888888">
<ele>1</ele>
</trkpt>
<trkpt lat="34.68166083333333" lon="137.28237472222222">
<ele>1</ele>
</trkpt>
<trkpt lat="34.68195583333333" lon="137.2827127777778">
<ele>1</ele>
</trkpt>
<trkpt lat="34.682250555555555" lon="137.28305111111112">
<ele>1</ele>
</trkpt>
<trkpt lat="34.682545555555556" lon="137.28338916666667">
<ele>1</ele>
</trkpt>
<trkpt lat="34.68284027777778" lon="137.2837275">
<ele>1</ele>
</trkpt>
<trkpt lat="34.68313527777778" lon="137.28406555555554">
<ele>1</ele>
</trkpt>
<trkpt lat="34.68343" lon="137.28440388888887">
<ele>0</ele>
</trkpt>
<trkpt lat="34.683725" lon="137.28474222222223">
<ele>0</ele>
</trkpt>
<trkpt lat="34.684019722222224" lon="137.28508027777778">
<ele>0</ele>
</trkpt>
<trkpt lat="34.684314722222226" lon="137.2854186111111">
<ele>0</ele>
</trkpt>
<trkpt lat="34.684314722222226" lon="137.2854186111111">
<ele>0</ele>
</trkpt>
<trkpt lat="34.684444722222224" lon="137.28543666666667">
<ele>0</ele>
</trkpt>
<trkpt lat="34.68457472222222" lon="137.28545472222223">
<ele>0</ele>
</trkpt>
<trkpt lat="34.68470472222222" lon="137.28547277777778">
<ele>0</ele>
</trkpt>
<trkpt lat="34.68483472222222" lon="137.28549083333334">
<ele>0</ele>
</trkpt>
<trkpt lat="34.68496472222222" lon="137.2855088888889">
<ele>0</ele>
</trkpt>
<trkpt lat="34.685094722222225" lon="137.28552694444446">
<ele>0</ele>
</trkpt>
<trkpt lat="34.68522472222222" lon="137.285545">
<ele>0</ele>
</trkpt>
<trkpt lat="34.68535472222222" lon="137.28556305555554">
<ele>0</ele>
</trkpt>
<trkpt lat="34.68548472222222" lon="137.2855811111111">
<ele>0</ele>
</trkpt>
<trkpt lat="34.68561472222222" lon="137.28559916666666">
<ele>0</ele>
</trkpt>
<trkpt lat="34.685744722222225" lon="137.2856172222222">
<ele>0</ele>
</trkpt>
<trkpt lat="34.68587472222222" lon="137.28563527777777">
<ele>0</ele>
</trkpt>
<trkpt lat="34.686005" lon="137.28565333333333">
<ele>0</ele>
</trkpt>
<trkpt lat="34.686135" lon="137.2856713888889">
<ele>0</ele>
</trkpt>
<trkpt lat="34.686265" lon="137.28568944444444">
<ele>0</ele>
</trkpt>
<trkpt lat="34.686395" lon="137.2857075">
<ele>0</ele>
</trkpt>
<trkpt lat="34.686525" lon="137.28572555555556">
<ele>0</ele>
</trkpt>
<trkpt lat="34.686655" lon="137.2857438888889">
<ele>0</ele>
</trkpt>
<trkpt lat="34.686785" lon="137.28576194444443">
<ele>0</ele>
</trkpt>
<trkpt lat="34.686785" lon="137.28576194444443">
<ele>0</ele>
</trkpt>
<trkpt lat="34.686970555555554" lon="137.28588833333333">
<ele>0</ele>
</trkpt>
<trkpt lat="34.68715638888889" lon="137.28601472222223">
<ele>0</ele>
</trkpt>
<trkpt lat="34.68734222222222" lon="137.2861413888889">
<ele>0</ele>
</trkpt>
<trkpt lat="34.68752777777778" lon="137.28626777777777">
<ele>0</ele>
</trkpt>
<trkpt lat="34.687713611111114" lon="137.28639416666667">
<ele>1</ele>
</trkpt>
<trkpt lat="34.68789916666667" lon="137.28652083333333">
<ele>1</ele>
</trkpt>
<trkpt lat="34.688085" lon="137.28664722222223">
<ele>1</ele>
</trkpt>
<trkpt lat="34.688270833333334" lon="137.2867736111111">
<ele>1</ele>
</trkpt>
<trkpt lat="34.68845638888889" lon="137.2869002777778">
<ele>1</ele>
</trkpt>
<trkpt lat="34.68864222222222" lon="137.28702666666666">
<ele>1</ele>
</trkpt>
<trkpt lat="34.688827777777774" lon="137.28715305555556">
<ele>1</ele>
</trkpt>
<trkpt lat="34.68901361111111" lon="137.28727972222222">
<ele>2</ele>
</trkpt>
<trkpt lat="34.68919944444445" lon="137.28740611111112">
<ele>1</ele>
</trkpt>
<trkpt lat="34.689385" lon="137.28753277777778">
<ele>3</ele>
</trkpt>
<trkpt lat="34.689570833333335" lon="137.28765916666666">
<ele>4</ele>
</trkpt>
<trkpt lat="34.68975638888889" lon="137.28778555555556">
<ele>3</ele>
</trkpt>
<trkpt lat="34.68994222222222" lon="137.28791222222222">
<ele>3</ele>
</trkpt>
<trkpt lat="34.690128055555554" lon="137.28803861111112">
<ele>3</ele>
</trkpt>
<trkpt lat="34.69031361111111" lon="137.288165">
<ele>1</ele>
</trkpt>
<trkpt lat="34.69031361111111" lon="137.288165">
<ele>1</ele>
</trkpt>
<trkpt lat="34.69047388888889" lon="137.28816333333333">
<ele>2</ele>
</trkpt>
<trkpt lat="34.69063416666667" lon="137.28816166666667">
<ele>2</ele>
</trkpt>
<trkpt lat="34.69079416666667" lon="137.28816">
<ele>3</ele>
</trkpt>
<trkpt lat="34.69095444444444" lon="137.28815833333334">
<ele>3</ele>
</trkpt>
<trkpt lat="34.691114444444445" lon="137.28815666666668">
<ele>4</ele>
</trkpt>
<trkpt lat="34.691274722222225" lon="137.288155">
<ele>4</ele>
</trkpt>
<trkpt lat="34.691435" lon="137.28815333333333">
<ele>4</ele>
</trkpt>
<trkpt lat="34.691595" lon="137.28815194444445">
<ele>4</ele>
</trkpt>
<trkpt lat="34.69175527777778" lon="137.2881502777778">
<ele>5</ele>
</trkpt>
<trkpt lat="34.69191555555555" lon="137.2881486111111">
<ele>6</ele>
</trkpt>
<trkpt lat="34.692075555555554" lon="137.28814694444443">
<ele>6</ele>
</trkpt>
<trkpt lat="34.692235833333335" lon="137.28814527777777">
<ele>5</ele>
</trkpt>
<trkpt lat="34.69239611111111" lon="137.2881436111111">
<ele>5</ele>
</trkpt>
<trkpt lat="34.69255611111111" lon="137.28814194444445">
<ele>4</ele>
</trkpt>
<trkpt lat="34.69271638888889" lon="137.28814027777779">
<ele>3</ele>
</trkpt>
<trkpt lat="34.69287666666666" lon="137.28813861111112">
<ele>2</ele>
</trkpt>
<trkpt lat="34.693036666666664" lon="137.28813694444443">
<ele>3</ele>
</trkpt>
<trkpt lat="34.693196944444445" lon="137.28813527777777">
<ele>3</ele>
</trkpt>
<trkpt lat="34.693357222222225" lon="137.2881336111111">
<ele>2</ele>
</trkpt>
<trkpt lat="34.693357222222225" lon="137.2881336111111">
<ele>2</ele>
</trkpt>
<trkpt lat="34.693379166666666" lon="137.28804166666666">
<ele>2</ele>
</trkpt>
<trkpt lat="34.69340111111111" lon="137.28795">
<ele>2</ele>
</trkpt>
<trkpt lat="34.693423333333335" lon="137.28785833333333">
<ele>2</ele>
</trkpt>
<trkpt lat="34.693445277777776" lon="137.28776638888888">
<ele>1</ele>
</trkpt>
<trkpt lat="34.6934675" lon="137.28767472222222">
<ele>1</ele>
</trkpt>
<trkpt lat="34.693489444444445" lon="137.28758277777777">
<ele>1</ele>
</trkpt>
<trkpt lat="34.693511388888886" lon="137.2874911111111">
<ele>1</ele>
</trkpt>
<trkpt lat="34.693533611111114" lon="137.28739944444445">
<ele>2</ele>
</trkpt>
<trkpt lat="34.693555555555555" lon="137.2873075">
<ele>1</ele>
</trkpt>
<trkpt lat="34.6935775" lon="137.28721583333333">
<ele>1</ele>
</trkpt>
<trkpt lat="34.693599722222224" lon="137.28712388888889">
<ele>1</ele>
</trkpt>
<trkpt lat="34.693621666666665" lon="137.28703222222222">
<ele>1</ele>
</trkpt>
<trkpt lat="34.693643888888886" lon="137.28694055555556">
<ele>2</ele>
</trkpt>
<trkpt lat="34.693665833333334" lon="137.2868486111111">
<ele>2</ele>
</trkpt>
<trkpt lat="34.693687777777775" lon="137.28675694444445">
<ele>1</ele>
</trkpt>
<trkpt lat="34.69371" lon="137.286665">
<ele>2</ele>
</trkpt>
<trkpt lat="34.693731944444444" lon="137.28657333333334">
<ele>2</ele>
</trkpt>
<trkpt lat="34.693754166666665" lon="137.28648166666667">
<ele>2</ele>
</trkpt>
<trkpt lat="34.69377611111111" lon="137.28638972222222">
<ele>2</ele>
</trkpt>
<trkpt lat="34.693798055555554" lon="137.28629805555556">
<ele>2</ele>
</trkpt>
<trkpt lat="34.693820277777775" lon="137.2862061111111">
<ele>2</ele>
</trkpt>
<trkpt lat="34.69384222222222" lon="137.28611444444445">
<ele>2</ele>
</trkpt>
<trkpt lat="34.69386444444444" lon="137.2860227777778">
<ele>2</ele>
</trkpt>
<trkpt lat="34.69388638888889" lon="137.28593083333334">
<ele>2</ele>
</trkpt>
<trkpt lat="34.69390833333333" lon="137.28583916666668">
<ele>2</ele>
</trkpt>
<trkpt lat="34.69393055555555" lon="137.28574722222223">
<ele>2</ele>
</trkpt>
<trkpt lat="34.6939525" lon="137.28565555555556">
<ele>2</ele>
</trkpt>
<trkpt lat="34.69397472222222" lon="137.2855638888889">
<ele>2</ele>
</trkpt>
<trkpt lat="34.69399666666666" lon="137.28547194444445">
<ele>2</ele>
</trkpt>
<trkpt lat="34.69401861111111" lon="137.2853802777778">
<ele>2</ele>
</trkpt>
<trkpt lat="34.69404083333333" lon="137.28528833333334">
<ele>2</ele>
</trkpt>
<trkpt lat="34.69406277777778" lon="137.28519666666668">
<ele>2</ele>
</trkpt>
<trkpt lat="34.69408472222222" lon="137.285105">
<ele>2</ele>
</trkpt>
<trkpt lat="34.69410694444444" lon="137.28501305555557">
<ele>2</ele>
</trkpt>
<trkpt lat="34.69412888888889" lon="137.28492138888888">
<ele>2</ele>
</trkpt>
<trkpt lat="34.69415111111111" lon="137.28482944444445">
<ele>2</ele>
</trkpt>
<trkpt lat="34.69417305555555" lon="137.28473777777776">
<ele>2</ele>
</trkpt>
<trkpt lat="34.694195" lon="137.2846461111111">
<ele>2</ele>
</trkpt>
<trkpt lat="34.694195" lon="137.2846461111111">
<ele>2</ele>
</trkpt>
<trkpt lat="34.694473888888886" lon="137.28461388888888">
<ele>4</ele>
</trkpt>
<trkpt lat="34.69475305555556" lon="137.28458138888888">
<ele>7</ele>
</trkpt>
<trkpt lat="34.695031944444445" lon="137.28454916666666">
<ele>8</ele>
</trkpt>
<trkpt lat="34.69531083333333" lon="137.28451666666666">
<ele>8</ele>
</trkpt>
<trkpt lat="34.69559" lon="137.28448444444444">
<ele>8</ele>
</trkpt>
<trkpt lat="34.69586888888889" lon="137.28445222222223">
<ele>6</ele>
</trkpt>
<trkpt lat="34.696148055555554" lon="137.28441972222222">
<ele>5</ele>
</trkpt>
<trkpt lat="34.69642694444445" lon="137.2843875">
<ele>5</ele>
</trkpt>
<trkpt lat="34.69670583333333" lon="137.2843552777778">
<ele>2</ele>
</trkpt>
<trkpt lat="34.696985" lon="137.2843227777778">
<ele>2</ele>
</trkpt>
<trkpt lat="34.69726388888889" lon="137.28429055555554">
<ele>2</ele>
</trkpt>
<trkpt lat="34.69754277777778" lon="137.28425805555557">
<ele>2</ele>
</trkpt>
<trkpt lat="34.69782194444444" lon="137.28422583333332">
<ele>2</ele>
</trkpt>
<trkpt lat="34.698100833333335" lon="137.2841936111111">
<ele>2</ele>
</trkpt>
<trkpt lat="34.69838" lon="137.2841611111111">
<ele>2</ele>
</trkpt>
<trkpt lat="34.698658888888886" lon="137.2841288888889">
<ele>2</ele>
</trkpt>
<trkpt lat="34.69893777777778" lon="137.28409666666667">
<ele>2</ele>
</trkpt>
<trkpt lat="34.699216944444444" lon="137.28406416666667">
<ele>2</ele>
</trkpt>
<trkpt lat="34.69949583333333" lon="137.28403194444445">
<ele>2</ele>
</trkpt>
<trkpt lat="34.69949583333333" lon="137.28403194444445">
<ele>2</ele>
</trkpt>
<trkpt lat="34.69949583333333" lon="137.28403194444445">
<ele>2</ele>
</trkpt>
<trkpt lat="34.699616666666664" lon="137.28403416666666">
<ele>2</ele>
</trkpt>
<trkpt lat="34.699737222222225" lon="137.2840363888889">
<ele>2</ele>
</trkpt>
<trkpt lat="34.69985805555555" lon="137.2840386111111">
<ele>2</ele>
</trkpt>
<trkpt lat="34.69997861111111" lon="137.28404083333334">
<ele>2</ele>
</trkpt>
<trkpt lat="34.70009944444445" lon="137.28404333333333">
<ele>2</ele>
</trkpt>
<trkpt lat="34.70022" lon="137.28404555555556">
<ele>2</ele>
</trkpt>
<trkpt lat="34.700340833333335" lon="137.28404777777777">
<ele>2</ele>
</trkpt>
<trkpt lat="34.70046138888889" lon="137.28405">
<ele>2</ele>
</trkpt>
<trkpt lat="34.70058222222222" lon="137.28405222222221">
<ele>2</ele>
</trkpt>
<trkpt lat="34.70070277777778" lon="137.28405444444445">
<ele>2</ele>
</trkpt>
<trkpt lat="34.70082361111111" lon="137.28405666666666">
<ele>2</ele>
</trkpt>
<trkpt lat="34.700944166666666" lon="137.2840588888889">
<ele>2</ele>
</trkpt>
<trkpt lat="34.701065" lon="137.2840613888889">
<ele>2</ele>
</trkpt>
<trkpt lat="34.701185555555554" lon="137.28406361111112">
<ele>2</ele>
</trkpt>
<trkpt lat="34.70130638888889" lon="137.28406583333333">
<ele>2</ele>
</trkpt>
<trkpt lat="34.70142722222222" lon="137.28406805555557">
<ele>3</ele>
</trkpt>
<trkpt lat="34.701547777777776" lon="137.28407027777777">
<ele>3</ele>
</trkpt>
<trkpt lat="34.70166861111111" lon="137.2840725">
<ele>2</ele>
</trkpt>
<trkpt lat="34.701789166666664" lon="137.28407472222221">
<ele>2</ele>
</trkpt>
<trkpt lat="34.701789166666664" lon="137.28407472222221">
<ele>2</ele>
</trkpt>
<trkpt lat="34.7020325" lon="137.2842013888889">
<ele>3</ele>
</trkpt>
<trkpt lat="34.70227583333333" lon="137.28432777777778">
<ele>2</ele>
</trkpt>
<trkpt lat="34.70251888888889" lon="137.28445416666668">
<ele>2</ele>
</trkpt>
<trkpt lat="34.70276222222222" lon="137.28458083333334">
<ele>1</ele>
</trkpt>
<trkpt lat="34.703005555555556" lon="137.2847072222222">
<ele>1</ele>
</trkpt>
<trkpt lat="34.703248611111114" lon="137.2848336111111">
<ele>1</ele>
</trkpt>
<trkpt lat="34.703491944444444" lon="137.28496027777777">
<ele>1</ele>
</trkpt>
<trkpt lat="34.70373527777778" lon="137.28508666666667">
<ele>1</ele>
</trkpt>
<trkpt lat="34.70397833333333" lon="137.28521333333333">
<ele>1</ele>
</trkpt>
<trkpt lat="34.70422166666667" lon="137.28533972222223">
<ele>0</ele>
</trkpt>
<trkpt lat="34.704465" lon="137.2854661111111">
<ele>1</ele>
</trkpt>
<trkpt lat="34.704708333333336" lon="137.28559277777777">
<ele>1</ele>
</trkpt>
<trkpt lat="34.70495138888889" lon="137.28571916666667">
<ele>1</ele>
</trkpt>
<trkpt lat="34.705194722222224" lon="137.28584555555557">
<ele>1</ele>
</trkpt>
<trkpt lat="34.705438055555554" lon="137.28597222222223">
<ele>1</ele>
</trkpt>
<trkpt lat="34.70568111111111" lon="137.2860986111111">
<ele>1</ele>
</trkpt>
<trkpt lat="34.70592444444444" lon="137.286225">
<ele>1</ele>
</trkpt>
<trkpt lat="34.70616777777778" lon="137.28635166666666">
<ele>1</ele>
</trkpt>
<trkpt lat="34.70641111111111" lon="137.28647805555556">
<ele>2</ele>
</trkpt>
<trkpt lat="34.70641111111111" lon="137.28647805555556">
<ele>2</ele>
</trkpt>
<trkpt lat="34.70641111111111" lon="137.28647805555556">
<ele>2</ele>
</trkpt>
<trkpt lat="34.7064575" lon="137.2865502777778">
<ele>2</ele>
</trkpt>
<trkpt lat="34.70650388888889" lon="137.28662277777778">
<ele>2</ele>
</trkpt>
<trkpt lat="34.70655027777778" lon="137.286695">
<ele>1</ele>
</trkpt>
<trkpt lat="34.70659666666667" lon="137.2867672222222">
<ele>1</ele>
</trkpt>
<trkpt lat="34.70664305555555" lon="137.28683944444444">
<ele>2</ele>
</trkpt>
<trkpt lat="34.70668944444444" lon="137.28691166666667">
<ele>1</ele>
</trkpt>
<trkpt lat="34.70673583333333" lon="137.28698416666666">
<ele>1</ele>
</trkpt>
<trkpt lat="34.70678222222222" lon="137.28705638888889">
<ele>1</ele>
</trkpt>
<trkpt lat="34.706828888888886" lon="137.28712861111111">
<ele>2</ele>
</trkpt>
<trkpt lat="34.706875277777776" lon="137.28720083333334">
<ele>1</ele>
</trkpt>
<trkpt lat="34.706921666666666" lon="137.28727305555554">
<ele>1</ele>
</trkpt>
<trkpt lat="34.706968055555556" lon="137.28734555555556">
<ele>1</ele>
</trkpt>
<trkpt lat="34.70701444444445" lon="137.2874177777778">
<ele>1</ele>
</trkpt>
<trkpt lat="34.70706083333334" lon="137.28749">
<ele>1</ele>
</trkpt>
<trkpt lat="34.70710722222222" lon="137.28756222222222">
<ele>1</ele>
</trkpt>
<trkpt lat="34.70715361111111" lon="137.28763444444445">
<ele>1</ele>
</trkpt>
<trkpt lat="34.7072" lon="137.28770694444444">
<ele>1</ele>
</trkpt>
<trkpt lat="34.70724666666667" lon="137.28777916666667">
<ele>1</ele>
</trkpt>
<trkpt lat="34.70729305555555" lon="137.2878513888889">
<ele>1</ele>
</trkpt>
<trkpt lat="34.70729305555555" lon="137.2878513888889">
<ele>1</ele>
</trkpt>
<trkpt lat="34.70724527777778" lon="137.28797527777778">
<ele>1</ele>
</trkpt>
<trkpt lat="34.7071975" lon="137.28809944444444">
<ele>1</ele>
</trkpt>
<trkpt lat="34.70714972222222" lon="137.28822333333332">
<ele>1</ele>
</trkpt>
<trkpt lat="34.707101944444446" lon="137.28834722222223">
<ele>0</ele>
</trkpt>
<trkpt lat="34.707054166666666" lon="137.2884713888889">
<ele>0</ele>
</trkpt>
<trkpt lat="34.707006388888885" lon="137.28859527777777">
<ele>0</ele>
</trkpt>
<trkpt lat="34.70695861111111" lon="137.28871944444444">
<ele>0</ele>
</trkpt>
<trkpt lat="34.70691083333333" lon="137.28884333333335">
<ele>0</ele>
</trkpt>
<trkpt lat="34.70686305555556" lon="137.28896722222223">
<ele>0</ele>
</trkpt>
<trkpt lat="34.70681527777778" lon="137.2890913888889">
<ele>0</ele>
</trkpt>
<trkpt lat="34.7067675" lon="137.28921527777777">
<ele>0</ele>
</trkpt>
<trkpt lat="34.706719722222225" lon="137.28933916666668">
<ele>0</ele>
</trkpt>
<trkpt lat="34.706671944444444" lon="137.28946333333334">
<ele>0</ele>
</trkpt>
<trkpt lat="34.706624166666664" lon="137.28958722222222">
<ele>0</ele>
</trkpt>
<trkpt lat="34.70657638888889" lon="137.2897113888889">
<ele>0</ele>
</trkpt>
<trkpt lat="34.70652861111111" lon="137.28983527777777">
<ele>0</ele>
</trkpt>
<trkpt lat="34.70648083333333" lon="137.28995916666668">
<ele>0</ele>
</trkpt>
<trkpt lat="34.70643305555556" lon="137.29008333333334">
<ele>0</ele>
</trkpt>
<trkpt lat="34.70638527777778" lon="137.29020722222222">
<ele>0</ele>
</trkpt>
<trkpt lat="34.70638527777778" lon="137.29020722222222">
<ele>0</ele>
</trkpt>
<trkpt lat="34.70638527777778" lon="137.29020722222222">
<ele>0</ele>
</trkpt>
<trkpt lat="34.70655361111111" lon="137.2901825">
<ele>0</ele>
</trkpt>
<trkpt lat="34.706722222222226" lon="137.29015805555557">
<ele>0</ele>
</trkpt>
<trkpt lat="34.70689055555555" lon="137.29013333333333">
<ele>0</ele>
</trkpt>
<trkpt lat="34.70705916666667" lon="137.29010888888888">
<ele>0</ele>
</trkpt>
<trkpt lat="34.7072275" lon="137.29008416666667">
<ele>0</ele>
</trkpt>
<trkpt lat="34.70739611111111" lon="137.29005944444444">
<ele>0</ele>
</trkpt>
<trkpt lat="34.70756444444444" lon="137.290035">
<ele>0</ele>
</trkpt>
<trkpt lat="34.70773305555556" lon="137.29001027777778">
<ele>1</ele>
</trkpt>
<trkpt lat="34.70790138888889" lon="137.28998583333333">
<ele>1</ele>
</trkpt>
<trkpt lat="34.70807" lon="137.2899611111111">
<ele>1</ele>
</trkpt>
<trkpt lat="34.708238333333334" lon="137.2899363888889">
<ele>1</ele>
</trkpt>
<trkpt lat="34.70840694444444" lon="137.28991194444444">
<ele>2</ele>
</trkpt>
<trkpt lat="34.708575277777776" lon="137.28988722222223">
<ele>2</ele>
</trkpt>
<trkpt lat="34.70874388888889" lon="137.28986277777778">
<ele>2</ele>
</trkpt>
<trkpt lat="34.708912222222224" lon="137.28983805555555">
<ele>2</ele>
</trkpt>
<trkpt lat="34.70908083333333" lon="137.2898136111111">
<ele>2</ele>
</trkpt>
<trkpt lat="34.709249166666666" lon="137.2897888888889">
<ele>2</ele>
</trkpt>
<trkpt lat="34.70941777777778" lon="137.28976416666666">
<ele>2</ele>
</trkpt>
<trkpt lat="34.70958611111111" lon="137.2897397222222">
<ele>2</ele>
</trkpt>
<trkpt lat="34.70958611111111" lon="137.2897397222222">
<ele>2</ele>
</trkpt>
<trkpt lat="34.70972916666667" lon="137.2896786111111">
<ele>2</ele>
</trkpt>
<trkpt lat="34.709871944444444" lon="137.28961777777778">
<ele>2</ele>
</trkpt>
<trkpt lat="34.710015" lon="137.28955666666667">
<ele>2</ele>
</trkpt>
<trkpt lat="34.71015805555555" lon="137.28949583333332">
<ele>2</ele>
</trkpt>
<trkpt lat="34.710300833333335" lon="137.2894347222222">
<ele>2</ele>
</trkpt>
<trkpt lat="34.71044388888889" lon="137.2893736111111">
<ele>2</ele>
</trkpt>
<trkpt lat="34.710586944444444" lon="137.28931277777778">
<ele>2</ele>
</trkpt>
<trkpt lat="34.710729722222226" lon="137.28925166666667">
<ele>2</ele>
</trkpt>
<trkpt lat="34.71087277777778" lon="137.28919083333332">
<ele>2</ele>
</trkpt>
<trkpt lat="34.711015833333335" lon="137.2891297222222">
<ele>2</ele>
</trkpt>
<trkpt lat="34.71115888888889" lon="137.2890688888889">
<ele>2</ele>
</trkpt>
<trkpt lat="34.711301666666664" lon="137.28900777777778">
<ele>2</ele>
</trkpt>
<trkpt lat="34.711444722222225" lon="137.28894694444443">
<ele>2</ele>
</trkpt>
<trkpt lat="34.71158777777778" lon="137.28888583333332">
<ele>2</ele>
</trkpt>
<trkpt lat="34.711730555555555" lon="137.288825">
<ele>2</ele>
</trkpt>
<trkpt lat="34.71187361111111" lon="137.2887638888889">
<ele>2</ele>
</trkpt>
<trkpt lat="34.71201666666666" lon="137.2887027777778">
<ele>2</ele>
</trkpt>
<trkpt lat="34.712159444444445" lon="137.28864194444444">
<ele>2</ele>
</trkpt>
<trkpt lat="34.7123025" lon="137.28858083333333">
<ele>2</ele>
</trkpt>
<trkpt lat="34.7123025" lon="137.28858083333333">
<ele>2</ele>
</trkpt>
<trkpt lat="34.71234694444444" lon="137.28847027777778">
<ele>2</ele>
</trkpt>
<trkpt lat="34.71239166666667" lon="137.28835944444444">
<ele>2</ele>
</trkpt>
<trkpt lat="34.71243611111111" lon="137.2882488888889">
<ele>3</ele>
</trkpt>
<trkpt lat="34.71248083333333" lon="137.28813833333334">
<ele>3</ele>
</trkpt>
<trkpt lat="34.71252527777778" lon="137.2880275">
<ele>3</ele>
</trkpt>
<trkpt lat="34.71257" lon="137.28791694444445">
<ele>3</ele>
</trkpt>
<trkpt lat="34.71261444444445" lon="137.2878061111111">
<ele>3</ele>
</trkpt>
<trkpt lat="34.71265888888889" lon="137.28769555555556">
<ele>3</ele>
</trkpt>
<trkpt lat="34.71270361111111" lon="137.28758472222222">
<ele>3</ele>
</trkpt>
<trkpt lat="34.71274805555556" lon="137.28747416666667">
<ele>3</ele>
</trkpt>
<trkpt lat="34.71279277777778" lon="137.28736361111112">
<ele>3</ele>
</trkpt>
<trkpt lat="34.71283722222222" lon="137.28725277777778">
<ele>3</ele>
</trkpt>
<trkpt lat="34.71288166666667" lon="137.28714222222223">
<ele>3</ele>
</trkpt>
<trkpt lat="34.71292638888889" lon="137.2870313888889">
<ele>3</ele>
</trkpt>
<trkpt lat="34.71297083333334" lon="137.28692083333334">
<ele>3</ele>
</trkpt>
<trkpt lat="34.71301555555556" lon="137.28681">
<ele>3</ele>
</trkpt>
<trkpt lat="34.71306" lon="137.28669944444445">
<ele>3</ele>
</trkpt>
<trkpt lat="34.71310472222222" lon="137.2865888888889">
<ele>3</ele>
</trkpt>
<trkpt lat="34.71314916666667" lon="137.28647805555556">
<ele>3</ele>
</trkpt>
<trkpt lat="34.71314916666667" lon="137.28647805555556">
<ele>3</ele>
</trkpt>
<trkpt lat="34.71314916666667" lon="137.28647805555556">
<ele>3</ele>
</trkpt>
<trkpt lat="34.713141388888886" lon="137.28601472222223">
<ele>2</ele>
</trkpt>
<trkpt lat="34.71313333333333" lon="137.28555166666666">
<ele>2</ele>
</trkpt>
<trkpt lat="34.71312555555556" lon="137.28508833333333">
<ele>2</ele>
</trkpt>
<trkpt lat="34.713117777777775" lon="137.284625">
<ele>2</ele>
</trkpt>
<trkpt lat="34.71311" lon="137.28416166666668">
<ele>2</ele>
</trkpt>
<trkpt lat="34.713101944444446" lon="137.28369833333332">
<ele>2</ele>
</trkpt>
<trkpt lat="34.713094166666664" lon="137.28323527777778">
<ele>2</ele>
</trkpt>
<trkpt lat="34.71308638888889" lon="137.28277194444445">
<ele>2</ele>
</trkpt>
<trkpt lat="34.71307861111111" lon="137.28230861111112">
<ele>2</ele>
</trkpt>
<trkpt lat="34.713070555555554" lon="137.2818452777778">
<ele>2</ele>
</trkpt>
<trkpt lat="34.71306277777778" lon="137.28138194444443">
<ele>3</ele>
</trkpt>
<trkpt lat="34.713055" lon="137.2809188888889">
<ele>3</ele>
</trkpt>
<trkpt lat="34.71304722222222" lon="137.28045555555556">
<ele>3</ele>
</trkpt>
<trkpt lat="34.71303916666667" lon="137.27999222222223">
<ele>2</ele>
</trkpt>
<trkpt lat="34.713031388888886" lon="137.27952888888888">
<ele>2</ele>
</trkpt>
<trkpt lat="34.71302361111111" lon="137.27906555555555">
<ele>2</ele>
</trkpt>
<trkpt lat="34.71301583333333" lon="137.2786025">
<ele>2</ele>
</trkpt>
<trkpt lat="34.713007777777776" lon="137.27813916666668">
<ele>2</ele>
</trkpt>
<trkpt lat="34.713" lon="137.27767583333332">
<ele>2</ele>
</trkpt>
<trkpt lat="34.713" lon="137.27767583333332">
<ele>2</ele>
</trkpt>
<trkpt lat="34.713" lon="137.27767583333332">
<ele>2</ele>
</trkpt>
<trkpt lat="34.71298361111111" lon="137.27755194444444">
<ele>2</ele>
</trkpt>
<trkpt lat="34.7129675" lon="137.27742777777777">
<ele>2</ele>
</trkpt>
<trkpt lat="34.71295111111111" lon="137.2773038888889">
<ele>2</ele>
</trkpt>
<trkpt lat="34.71293472222222" lon="137.27718">
<ele>2</ele>
</trkpt>
<trkpt lat="34.712918611111114" lon="137.27705583333332">
<ele>2</ele>
</trkpt>
<trkpt lat="34.71290222222222" lon="137.27693194444444">
<ele>2</ele>
</trkpt>
<trkpt lat="34.71288611111111" lon="137.27680805555556">
<ele>2</ele>
</trkpt>
<trkpt lat="34.71286972222222" lon="137.2766838888889">
<ele>2</ele>
</trkpt>
<trkpt lat="34.712853333333335" lon="137.27656">
<ele>2</ele>
</trkpt>
<trkpt lat="34.71283722222222" lon="137.27643583333332">
<ele>2</ele>
</trkpt>
<trkpt lat="34.71282083333333" lon="137.27631194444444">
<ele>2</ele>
</trkpt>
<trkpt lat="34.712804444444444" lon="137.27618805555556">
<ele>2</ele>
</trkpt>
<trkpt lat="34.712788333333336" lon="137.2760638888889">
<ele>2</ele>
</trkpt>
<trkpt lat="34.71277194444444" lon="137.27594">
<ele>2</ele>
</trkpt>
<trkpt lat="34.71275583333333" lon="137.2758161111111">
<ele>2</ele>
</trkpt>
<trkpt lat="34.712739444444445" lon="137.27569194444445">
<ele>2</ele>
</trkpt>
<trkpt lat="34.71272305555556" lon="137.27556805555557">
<ele>2</ele>
</trkpt>
<trkpt lat="34.71270694444444" lon="137.27544416666666">
<ele>2</ele>
</trkpt>
<trkpt lat="34.712690555555554" lon="137.27532">
<ele>2</ele>
</trkpt>
<trkpt lat="34.712690555555554" lon="137.27532">
<ele>2</ele>
</trkpt>
<trkpt lat="34.712690555555554" lon="137.27532">
<ele>2</ele>
</trkpt>
<trkpt lat="34.71263472222222" lon="137.27521388888889">
<ele>2</ele>
</trkpt>
<trkpt lat="34.712579166666664" lon="137.27510777777778">
<ele>2</ele>
</trkpt>
<trkpt lat="34.71252333333333" lon="137.27500166666667">
<ele>2</ele>
</trkpt>
<trkpt lat="34.712467777777775" lon="137.27489555555556">
<ele>2</ele>
</trkpt>
<trkpt lat="34.71241194444445" lon="137.27478916666666">
<ele>2</ele>
</trkpt>
<trkpt lat="34.71235638888889" lon="137.27468305555556">
<ele>2</ele>
</trkpt>
<trkpt lat="34.71230055555556" lon="137.27457694444445">
<ele>2</ele>
</trkpt>
<trkpt lat="34.712245" lon="137.27447083333334">
<ele>2</ele>
</trkpt>
<trkpt lat="34.71218916666667" lon="137.27436472222223">
<ele>2</ele>
</trkpt>
<trkpt lat="34.71213361111111" lon="137.27425861111112">
<ele>2</ele>
</trkpt>
<trkpt lat="34.71207777777778" lon="137.27415222222223">
<ele>2</ele>
</trkpt>
<trkpt lat="34.712022222222224" lon="137.27404611111112">
<ele>2</ele>
</trkpt>
<trkpt lat="34.71196638888889" lon="137.27394">
<ele>2</ele>
</trkpt>
<trkpt lat="34.711910833333334" lon="137.2738338888889">
<ele>2</ele>
</trkpt>
<trkpt lat="34.711855" lon="137.27372777777776">
<ele>2</ele>
</trkpt>
<trkpt lat="34.711799444444445" lon="137.27362166666666">
<ele>2</ele>
</trkpt>
<trkpt lat="34.71174361111111" lon="137.2735152777778">
<ele>2</ele>
</trkpt>
<trkpt lat="34.711688055555555" lon="137.27340916666665">
<ele>2</ele>
</trkpt>
<trkpt lat="34.71163222222222" lon="137.27330305555554">
<ele>2</ele>
</trkpt>
<trkpt lat="34.71163222222222" lon="137.27330305555554">
<ele>2</ele>
</trkpt>
<trkpt lat="34.71098666666666" lon="137.27299194444444">
<ele>2</ele>
</trkpt>
<trkpt lat="34.71034083333333" lon="137.27268055555555">
<ele>1</ele>
</trkpt>
<trkpt lat="34.709695277777776" lon="137.27236944444445">
<ele>1</ele>
</trkpt>
<trkpt lat="34.709049444444446" lon="137.27205805555556">
<ele>2</ele>
</trkpt>
<trkpt lat="34.70840388888889" lon="137.27174694444443">
<ele>4</ele>
</trkpt>
<trkpt lat="34.70775805555556" lon="137.27143555555554">
<ele>5</ele>
</trkpt>
<trkpt lat="34.7071125" lon="137.27112444444444">
<ele>5</ele>
</trkpt>
<trkpt lat="34.706466666666664" lon="137.27081305555555">
<ele>5</ele>
</trkpt>
<trkpt lat="34.70582111111111" lon="137.27050194444445">
<ele>4</ele>
</trkpt>
<trkpt lat="34.705175277777776" lon="137.27019055555556">
<ele>4</ele>
</trkpt>
<trkpt lat="34.70452972222222" lon="137.26987944444446">
<ele>4</ele>
</trkpt>
<trkpt lat="34.70388388888889" lon="137.26956805555557">
<ele>4</ele>
</trkpt>
<trkpt lat="34.70323833333333" lon="137.26925694444444">
<ele>4</ele>
</trkpt>
<trkpt lat="34.7025925" lon="137.26894555555555">
<ele>4</ele>
</trkpt>
<trkpt lat="34.701946944444444" lon="137.26863444444444">
<ele>3</ele>
</trkpt>
<trkpt lat="34.701301111111114" lon="137.26832305555556">
<ele>3</ele>
</trkpt>
<trkpt lat="34.70065555555556" lon="137.26801194444445">
<ele>3</ele>
</trkpt>
<trkpt lat="34.70000972222222" lon="137.26770055555556">
<ele>3</ele>
</trkpt>
<trkpt lat="34.69936416666667" lon="137.26738944444443">
<ele>3</ele>
</trkpt>
<trkpt lat="34.69936416666667" lon="137.26738944444443">
<ele>3</ele>
</trkpt>
<trkpt lat="34.69936416666667" lon="137.26738944444443">
<ele>3</ele>
</trkpt>
<trkpt lat="34.699243611111115" lon="137.2672922222222">
<ele>3</ele>
</trkpt>
<trkpt lat="34.69912277777778" lon="137.267195">
<ele>3</ele>
</trkpt>
<trkpt lat="34.69900222222222" lon="137.26709805555555">
<ele>3</ele>
</trkpt>
<trkpt lat="34.698881388888886" lon="137.26700083333333">
<ele>3</ele>
</trkpt>
<trkpt lat="34.69876083333333" lon="137.2669036111111">
<ele>3</ele>
</trkpt>
<trkpt lat="34.69864" lon="137.26680666666667">
<ele>3</ele>
</trkpt>
<trkpt lat="34.698519166666664" lon="137.26670944444444">
<ele>3</ele>
</trkpt>
<trkpt lat="34.69839861111111" lon="137.2666125">
<ele>3</ele>
</trkpt>
<trkpt lat="34.698277777777776" lon="137.26651527777778">
<ele>3</ele>
</trkpt>
<trkpt lat="34.69815722222222" lon="137.26641805555556">
<ele>3</ele>
</trkpt>
<trkpt lat="34.69803638888889" lon="137.26632111111113">
<ele>3</ele>
</trkpt>
<trkpt lat="34.69791583333333" lon="137.2662238888889">
<ele>3</ele>
</trkpt>
<trkpt lat="34.697795" lon="137.26612666666668">
<ele>3</ele>
</trkpt>
<trkpt lat="34.697674444444445" lon="137.2660297222222">
<ele>3</ele>
</trkpt>
<trkpt lat="34.69755361111111" lon="137.2659325">
<ele>3</ele>
</trkpt>
<trkpt lat="34.69743305555556" lon="137.26583527777777">
<ele>3</ele>
</trkpt>
<trkpt lat="34.69731222222222" lon="137.26573833333333">
<ele>3</ele>
</trkpt>
<trkpt lat="34.69719138888889" lon="137.2656411111111">
<ele>3</ele>
</trkpt>
<trkpt lat="34.697070833333335" lon="137.26554388888889">
<ele>2</ele>
</trkpt>
<trkpt lat="34.697070833333335" lon="137.26554388888889">
<ele>2</ele>
</trkpt>
<trkpt lat="34.69699083333333" lon="137.265395">
<ele>2</ele>
</trkpt>
<trkpt lat="34.69691111111111" lon="137.26524583333332">
<ele>2</ele>
</trkpt>
<trkpt lat="34.69683111111111" lon="137.26509666666666">
<ele>2</ele>
</trkpt>
<trkpt lat="34.69675138888889" lon="137.2649477777778">
<ele>2</ele>
</trkpt>
<trkpt lat="34.69667166666667" lon="137.2647986111111">
<ele>2</ele>
</trkpt>
<trkpt lat="34.69659166666667" lon="137.26464944444444">
<ele>2</ele>
</trkpt>
<trkpt lat="34.696511944444445" lon="137.26450055555554">
<ele>2</ele>
</trkpt>
<trkpt lat="34.69643194444444" lon="137.26435138888888">
<ele>2</ele>
</trkpt>
<trkpt lat="34.696352222222224" lon="137.26420222222222">
<ele>2</ele>
</trkpt>
<trkpt lat="34.69627222222222" lon="137.26405333333332">
<ele>2</ele>
</trkpt>
<trkpt lat="34.6961925" lon="137.26390416666666">
<ele>2</ele>
</trkpt>
<trkpt lat="34.6961125" lon="137.263755">
<ele>2</ele>
</trkpt>
<trkpt lat="34.69603277777778" lon="137.2636061111111">
<ele>2</ele>
</trkpt>
<trkpt lat="34.69595277777778" lon="137.26345694444444">
<ele>2</ele>
</trkpt>
<trkpt lat="34.69587305555556" lon="137.26330777777778">
<ele>3</ele>
</trkpt>
<trkpt lat="34.695793055555555" lon="137.26315888888888">
<ele>2</ele>
</trkpt>
<trkpt lat="34.69571333333333" lon="137.26300972222222">
<ele>2</ele>
</trkpt>
<trkpt lat="34.69563333333333" lon="137.26286055555556">
<ele>1</ele>
</trkpt>
<trkpt lat="34.69555361111111" lon="137.26271166666666">
<ele>0</ele>
</trkpt>
<trkpt lat="34.69555361111111" lon="137.26271166666666">
<ele>0</ele>
</trkpt>
<trkpt lat="34.695456666666665" lon="137.262365">
<ele>0</ele>
</trkpt>
<trkpt lat="34.69535944444444" lon="137.26201833333334">
<ele>0</ele>
</trkpt>
<trkpt lat="34.6952625" lon="137.26167138888889">
<ele>1</ele>
</trkpt>
<trkpt lat="34.695165277777775" lon="137.2613247222222">
<ele>3</ele>
</trkpt>
<trkpt lat="34.69506833333333" lon="137.26097805555557">
<ele>5</ele>
</trkpt>
<trkpt lat="34.69497111111111" lon="137.2606313888889">
<ele>6</ele>
</trkpt>
<trkpt lat="34.694874166666665" lon="137.26028444444444">
<ele>7</ele>
</trkpt>
<trkpt lat="34.69477694444444" lon="137.25993777777776">
<ele>9</ele>
</trkpt>
<trkpt lat="34.69468" lon="137.25959111111112">
<ele>9</ele>
</trkpt>
<trkpt lat="34.694582777777775" lon="137.25924444444445">
<ele>9</ele>
</trkpt>
<trkpt lat="34.69448583333333" lon="137.25889777777778">
<ele>9</ele>
</trkpt>
<trkpt lat="34.69438888888889" lon="137.25855083333335">
<ele>9</ele>
</trkpt>
<trkpt lat="34.694291666666665" lon="137.25820416666667">
<ele>9</ele>
</trkpt>
<trkpt lat="34.69419472222222" lon="137.2578575">
<ele>9</ele>
</trkpt>
<trkpt lat="34.6940975" lon="137.25751083333333">
<ele>9</ele>
</trkpt>
<trkpt lat="34.694000555555554" lon="137.25716416666666">
<ele>9</ele>
</trkpt>
<trkpt lat="34.69390333333333" lon="137.25681722222222">
<ele>9</ele>
</trkpt>
<trkpt lat="34.69380638888889" lon="137.25647055555555">
<ele>9</ele>
</trkpt>
<trkpt lat="34.693709166666665" lon="137.25612388888888">
<ele>8</ele>
</trkpt>
<trkpt lat="34.693709166666665" lon="137.25612388888888">
<ele>8</ele>
</trkpt>
<trkpt lat="34.69360388888889" lon="137.2559375">
<ele>8</ele>
</trkpt>
<trkpt lat="34.69349861111111" lon="137.25575111111112">
<ele>8</ele>
</trkpt>
<trkpt lat="34.69339305555555" lon="137.255565">
<ele>8</ele>
</trkpt>
<trkpt lat="34.693287777777776" lon="137.2553786111111">
<ele>8</ele>
</trkpt>
<trkpt lat="34.6931825" lon="137.25519222222223">
<ele>8</ele>
</trkpt>
<trkpt lat="34.69307722222222" lon="137.25500583333334">
<ele>8</ele>
</trkpt>
<trkpt lat="34.692971666666665" lon="137.25481944444445">
<ele>8</ele>
</trkpt>
<trkpt lat="34.69286638888889" lon="137.25463333333335">
<ele>8</ele>
</trkpt>
<trkpt lat="34.69276111111111" lon="137.25444694444445">
<ele>8</ele>
</trkpt>
<trkpt lat="34.69265583333333" lon="137.25426055555556">
<ele>8</ele>
</trkpt>
<trkpt lat="34.69255027777778" lon="137.25407416666667">
<ele>8</ele>
</trkpt>
<trkpt lat="34.692445" lon="137.25388777777778">
<ele>8</ele>
</trkpt>
<trkpt lat="34.69233972222222" lon="137.25370166666667">
<ele>8</ele>
</trkpt>
<trkpt lat="34.692234166666665" lon="137.25351527777778">
<ele>8</ele>
</trkpt>
<trkpt lat="34.69212888888889" lon="137.2533288888889">
<ele>8</ele>
</trkpt>
<trkpt lat="34.69202361111111" lon="137.2531425">
<ele>8</ele>
</trkpt>
<trkpt lat="34.691918333333334" lon="137.2529563888889">
<ele>8</ele>
</trkpt>
<trkpt lat="34.69181277777778" lon="137.25277">
<ele>8</ele>
</trkpt>
<trkpt lat="34.6917075" lon="137.2525836111111">
<ele>8</ele>
</trkpt>
<trkpt lat="34.6917075" lon="137.2525836111111">
<ele>8</ele>
</trkpt>
<trkpt lat="34.691813333333336" lon="137.25249666666667">
<ele>8</ele>
</trkpt>
<trkpt lat="34.691919166666665" lon="137.2524097222222">
<ele>7</ele>
</trkpt>
<trkpt lat="34.692025" lon="137.25232277777778">
<ele>7</ele>
</trkpt>
<trkpt lat="34.69213083333333" lon="137.25223583333334">
<ele>7</ele>
</trkpt>
<trkpt lat="34.692236666666666" lon="137.25214888888888">
<ele>7</ele>
</trkpt>
<trkpt lat="34.6923425" lon="137.25206194444445">
<ele>7</ele>
</trkpt>
<trkpt lat="34.69244861111111" lon="137.25197472222223">
<ele>7</ele>
</trkpt>
<trkpt lat="34.69255444444445" lon="137.25188777777777">
<ele>7</ele>
</trkpt>
<trkpt lat="34.692660277777776" lon="137.25180083333333">
<ele>7</ele>
</trkpt>
<trkpt lat="34.69276611111111" lon="137.2517138888889">
<ele>6</ele>
</trkpt>
<trkpt lat="34.69287194444444" lon="137.25162694444444">
<ele>6</ele>
</trkpt>
<trkpt lat="34.69297777777778" lon="137.25154">
<ele>6</ele>
</trkpt>
<trkpt lat="34.69308361111111" lon="137.25145305555554">
<ele>6</ele>
</trkpt>
<trkpt lat="34.69318944444444" lon="137.2513661111111">
<ele>6</ele>
</trkpt>
<trkpt lat="34.69329527777778" lon="137.25127916666668">
<ele>6</ele>
</trkpt>
<trkpt lat="34.69340111111111" lon="137.25119222222222">
<ele>5</ele>
</trkpt>
<trkpt lat="34.693506944444444" lon="137.25110527777778">
<ele>5</ele>
</trkpt>
<trkpt lat="34.69361277777778" lon="137.25101833333332">
<ele>5</ele>
</trkpt>
<trkpt lat="34.69371888888889" lon="137.2509313888889">
<ele>5</ele>
</trkpt>
<trkpt lat="34.693824722222224" lon="137.25084444444445">
<ele>5</ele>
</trkpt>
<trkpt lat="34.69393055555555" lon="137.2507575">
<ele>5</ele>
</trkpt>
<trkpt lat="34.69403638888889" lon="137.25067055555556">
<ele>5</ele>
</trkpt>
<trkpt lat="34.694142222222226" lon="137.25058361111113">
<ele>4</ele>
</trkpt>
<trkpt lat="34.694248055555555" lon="137.25049638888888">
<ele>4</ele>
</trkpt>
<trkpt lat="34.69435388888889" lon="137.25040944444444">
<ele>4</ele>
</trkpt>
<trkpt lat="34.69445972222222" lon="137.2503225">
<ele>4</ele>
</trkpt>
<trkpt lat="34.694565555555556" lon="137.25023555555555">
<ele>4</ele>
</trkpt>
<trkpt lat="34.69467138888889" lon="137.25014861111111">
<ele>4</ele>
</trkpt>
<trkpt lat="34.69477722222222" lon="137.25006166666665">
<ele>4</ele>
</trkpt>
<trkpt lat="34.69488305555556" lon="137.24997472222222">
<ele>3</ele>
</trkpt>
<trkpt lat="34.694988888888886" lon="137.2498877777778">
<ele>3</ele>
</trkpt>
<trkpt lat="34.695095" lon="137.24980083333332">
<ele>3</ele>
</trkpt>
<trkpt lat="34.69520083333333" lon="137.2497138888889">
<ele>3</ele>
</trkpt>
<trkpt lat="34.69530666666667" lon="137.24962694444446">
<ele>3</ele>
</trkpt>
<trkpt lat="34.6954125" lon="137.24954">
<ele>3</ele>
</trkpt>
<trkpt lat="34.69551833333333" lon="137.24945305555556">
<ele>3</ele>
</trkpt>
<trkpt lat="34.69562416666667" lon="137.2493661111111">
<ele>3</ele>
</trkpt>
<trkpt lat="34.69573" lon="137.24927916666667">
<ele>3</ele>
</trkpt>
<trkpt lat="34.69573" lon="137.24927916666667">
<ele>3</ele>
</trkpt>
<trkpt lat="34.69573" lon="137.24927916666667">
<ele>3</ele>
</trkpt>
<trkpt lat="34.695662222222225" lon="137.2491536111111">
<ele>3</ele>
</trkpt>
<trkpt lat="34.695594444444446" lon="137.24902833333334">
<ele>3</ele>
</trkpt>
<trkpt lat="34.695526666666666" lon="137.24890305555556">
<ele>3</ele>
</trkpt>
<trkpt lat="34.695458888888886" lon="137.24877777777778">
<ele>2</ele>
</trkpt>
<trkpt lat="34.695391111111114" lon="137.24865222222223">
<ele>2</ele>
</trkpt>
<trkpt lat="34.695323333333334" lon="137.24852694444445">
<ele>2</ele>
</trkpt>
<trkpt lat="34.695255555555555" lon="137.24840166666667">
<ele>2</ele>
</trkpt>
<trkpt lat="34.695187777777775" lon="137.24827611111112">
<ele>2</ele>
</trkpt>
<trkpt lat="34.69512" lon="137.24815083333334">
<ele>2</ele>
</trkpt>
<trkpt lat="34.69505222222222" lon="137.24802555555556">
<ele>2</ele>
</trkpt>
<trkpt lat="34.694984444444444" lon="137.24790027777777">
<ele>2</ele>
</trkpt>
<trkpt lat="34.694916666666664" lon="137.24777472222223">
<ele>2</ele>
</trkpt>
<trkpt lat="34.69484888888889" lon="137.24764944444445">
<ele>2</ele>
</trkpt>
<trkpt lat="34.69478111111111" lon="137.24752416666666">
<ele>2</ele>
</trkpt>
<trkpt lat="34.69471333333333" lon="137.24739861111112">
<ele>2</ele>
</trkpt>
<trkpt lat="34.69464555555555" lon="137.24727333333334">
<ele>2</ele>
</trkpt>
<trkpt lat="34.69457777777778" lon="137.24714805555556">
<ele>2</ele>
</trkpt>
<trkpt lat="34.69451" lon="137.24702277777777">
<ele>1</ele>
</trkpt>
<trkpt lat="34.69444222222222" lon="137.24689722222223">
<ele>1</ele>
</trkpt>
<trkpt lat="34.69437444444444" lon="137.24677194444445">
<ele>1</ele>
</trkpt>
<trkpt lat="34.69430666666667" lon="137.24664666666666">
<ele>1</ele>
</trkpt>
<trkpt lat="34.69423888888889" lon="137.24652111111112">
<ele>1</ele>
</trkpt>
<trkpt lat="34.69417111111111" lon="137.24639583333334">
<ele>1</ele>
</trkpt>
<trkpt lat="34.69410305555556" lon="137.24627055555555">
<ele>1</ele>
</trkpt>
<trkpt lat="34.69403527777778" lon="137.246145">
<ele>1</ele>
</trkpt>
<trkpt lat="34.6939675" lon="137.24601972222223">
<ele>1</ele>
</trkpt>
<trkpt lat="34.69389972222222" lon="137.24589444444445">
<ele>1</ele>
</trkpt>
<trkpt lat="34.69383194444445" lon="137.24576916666666">
<ele>1</ele>
</trkpt>
<trkpt lat="34.69376416666667" lon="137.24564361111112">
<ele>1</ele>
</trkpt>
<trkpt lat="34.69369638888889" lon="137.24551833333334">
<ele>1</ele>
</trkpt>
<trkpt lat="34.69362861111111" lon="137.24539305555555">
<ele>1</ele>
</trkpt>
<trkpt lat="34.693560833333336" lon="137.2452675">
<ele>0</ele>
</trkpt>
<trkpt lat="34.69349305555556" lon="137.24514222222223">
<ele>0</ele>
</trkpt>
<trkpt lat="34.69342527777778" lon="137.24501694444444">
<ele>0</ele>
</trkpt>
<trkpt lat="34.6933575" lon="137.24489166666666">
<ele>0</ele>
</trkpt>
<trkpt lat="34.693289722222225" lon="137.24476611111112">
<ele>0</ele>
</trkpt>
<trkpt lat="34.693221944444446" lon="137.24464083333334">
<ele>0</ele>
</trkpt>
<trkpt lat="34.693154166666666" lon="137.24451555555555">
<ele>0</ele>
</trkpt>
<trkpt lat="34.693154166666666" lon="137.24451555555555">
<ele>0</ele>
</trkpt>
<trkpt lat="34.69309861111111" lon="137.24448833333332">
<ele>0</ele>
</trkpt>
<trkpt lat="34.69304277777778" lon="137.24446138888888">
<ele>0</ele>
</trkpt>
<trkpt lat="34.69298694444444" lon="137.24443416666668">
<ele>0</ele>
</trkpt>
<trkpt lat="34.69293138888889" lon="137.24440694444445">
<ele>0</ele>
</trkpt>
<trkpt lat="34.69287555555555" lon="137.24438">
<ele>0</ele>
</trkpt>
<trkpt lat="34.69282" lon="137.24435277777778">
<ele>0</ele>
</trkpt>
<trkpt lat="34.69276416666667" lon="137.24432583333333">
<ele>0</ele>
</trkpt>
<trkpt lat="34.69270861111111" lon="137.2442986111111">
<ele>0</ele>
</trkpt>
<trkpt lat="34.69265277777778" lon="137.24427166666666">
<ele>0</ele>
</trkpt>
<trkpt lat="34.692596944444446" lon="137.24424444444443">
<ele>0</ele>
</trkpt>
<trkpt lat="34.69254138888889" lon="137.24421722222223">
<ele>0</ele>
</trkpt>
<trkpt lat="34.69248555555556" lon="137.2441902777778">
<ele>0</ele>
</trkpt>
<trkpt lat="34.69243" lon="137.24416305555556">
<ele>0</ele>
</trkpt>
<trkpt lat="34.69237416666667" lon="137.24413611111112">
<ele>0</ele>
</trkpt>
<trkpt lat="34.69231861111111" lon="137.2441088888889">
<ele>0</ele>
</trkpt>
<trkpt lat="34.69226277777778" lon="137.24408194444445">
<ele>0</ele>
</trkpt>
<trkpt lat="34.69220694444444" lon="137.24405472222222">
<ele>0</ele>
</trkpt>
<trkpt lat="34.69215138888889" lon="137.2440275">
<ele>0</ele>
</trkpt>
<trkpt lat="34.692095555555554" lon="137.24400055555554">
<ele>0</ele>
</trkpt>
<trkpt lat="34.692095555555554" lon="137.24400055555554">
<ele>0</ele>
</trkpt>
<trkpt lat="34.691833055555556" lon="137.24402083333334">
<ele>0</ele>
</trkpt>
<trkpt lat="34.69157083333333" lon="137.2440411111111">
<ele>0</ele>
</trkpt>
<trkpt lat="34.69130833333333" lon="137.2440613888889">
<ele>0</ele>
</trkpt>
<trkpt lat="34.69104611111111" lon="137.24408194444445">
<ele>0</ele>
</trkpt>
<trkpt lat="34.69078361111111" lon="137.2441022222222">
<ele>0</ele>
</trkpt>
<trkpt lat="34.69052138888889" lon="137.2441225">
<ele>0</ele>
</trkpt>
<trkpt lat="34.69025888888889" lon="137.24414277777777">
<ele>0</ele>
</trkpt>
<trkpt lat="34.689996666666666" lon="137.24416305555556">
<ele>0</ele>
</trkpt>
<trkpt lat="34.68973416666667" lon="137.24418333333332">
<ele>1</ele>
</trkpt>
<trkpt lat="34.68947194444444" lon="137.24420361111112">
<ele>1</ele>
</trkpt>
<trkpt lat="34.689209444444444" lon="137.24422388888888">
<ele>1</ele>
</trkpt>
<trkpt lat="34.688947222222225" lon="137.24424444444443">
<ele>1</ele>
</trkpt>
<trkpt lat="34.68868472222222" lon="137.24426472222223">
<ele>1</ele>
</trkpt>
<trkpt lat="34.6884225" lon="137.244285">
<ele>1</ele>
</trkpt>
<trkpt lat="34.68816" lon="137.24430527777778">
<ele>2</ele>
</trkpt>
<trkpt lat="34.68789777777778" lon="137.24432555555555">
<ele>2</ele>
</trkpt>
<trkpt lat="34.68763527777778" lon="137.24434583333334">
<ele>3</ele>
</trkpt>
<trkpt lat="34.687373055555554" lon="137.2443661111111">
<ele>4</ele>
</trkpt>
<trkpt lat="34.687110555555556" lon="137.2443863888889">
<ele>10</ele>
</trkpt>
<trkpt lat="34.687110555555556" lon="137.2443863888889">
<ele>10</ele>
</trkpt>
<trkpt lat="34.68706666666667" lon="137.24449055555556">
<ele>8</ele>
</trkpt>
<trkpt lat="34.6870225" lon="137.24459444444443">
<ele>6</ele>
</trkpt>
<trkpt lat="34.686978333333336" lon="137.24469833333333">
<ele>9</ele>
</trkpt>
<trkpt lat="34.68693444444445" lon="137.24480222222223">
<ele>11</ele>
</trkpt>
<trkpt lat="34.68689027777778" lon="137.2449061111111">
<ele>13</ele>
</trkpt>
<trkpt lat="34.68684611111111" lon="137.24501">
<ele>16</ele>
</trkpt>
<trkpt lat="34.68680222222222" lon="137.24511388888888">
<ele>13</ele>
</trkpt>
<trkpt lat="34.68675805555556" lon="137.24521777777778">
<ele>14</ele>
</trkpt>
<trkpt lat="34.68671388888889" lon="137.24532166666665">
<ele>11</ele>
</trkpt>
<trkpt lat="34.68667" lon="137.24542555555556">
<ele>10</ele>
</trkpt>
<trkpt lat="34.68662583333333" lon="137.24552944444446">
<ele>15</ele>
</trkpt>
<trkpt lat="34.68658194444444" lon="137.24563333333333">
<ele>15</ele>
</trkpt>
<trkpt lat="34.68653777777778" lon="137.2457375">
<ele>16</ele>
</trkpt>
<trkpt lat="34.68649361111111" lon="137.2458413888889">
<ele>16</ele>
</trkpt>
<trkpt lat="34.68644972222222" lon="137.24594527777776">
<ele>16</ele>
</trkpt>
<trkpt lat="34.68640555555555" lon="137.24604916666667">
<ele>20</ele>
</trkpt>
<trkpt lat="34.68636138888889" lon="137.24615305555557">
<ele>21</ele>
</trkpt>
<trkpt lat="34.6863175" lon="137.24625694444444">
<ele>24</ele>
</trkpt>
<trkpt lat="34.68627333333333" lon="137.24636083333334">
<ele>26</ele>
</trkpt>
<trkpt lat="34.68627333333333" lon="137.24636083333334">
<ele>26</ele>
</trkpt>
<trkpt lat="34.68622277777778" lon="137.24609777777778">
<ele>22</ele>
</trkpt>
<trkpt lat="34.686171944444446" lon="137.24583444444445">
<ele>24</ele>
</trkpt>
<trkpt lat="34.686121388888886" lon="137.2455713888889">
<ele>24</ele>
</trkpt>
<trkpt lat="34.68607083333333" lon="137.24530833333333">
<ele>26</ele>
</trkpt>
<trkpt lat="34.68602" lon="137.245045">
<ele>26</ele>
</trkpt>
<trkpt lat="34.685969444444446" lon="137.24478194444444">
<ele>25</ele>
</trkpt>
<trkpt lat="34.68591888888889" lon="137.24451888888888">
<ele>26</ele>
</trkpt>
<trkpt lat="34.68586805555555" lon="137.24425555555555">
<ele>28</ele>
</trkpt>
<trkpt lat="34.6858175" lon="137.2439925">
<ele>28</ele>
</trkpt>
<trkpt lat="34.685766944444445" lon="137.24372944444445">
<ele>27</ele>
</trkpt>
<trkpt lat="34.68571611111111" lon="137.2434661111111">
<ele>24</ele>
</trkpt>
<trkpt lat="34.68566555555556" lon="137.24320305555557">
<ele>25</ele>
</trkpt>
<trkpt lat="34.68561472222222" lon="137.24294">
<ele>26</ele>
</trkpt>
<trkpt lat="34.685564166666666" lon="137.24267666666665">
<ele>25</ele>
</trkpt>
<trkpt lat="34.68551361111111" lon="137.24241361111112">
<ele>28</ele>
</trkpt>
<trkpt lat="34.68546277777778" lon="137.24215055555555">
<ele>28</ele>
</trkpt>
<trkpt lat="34.68541222222222" lon="137.24188722222223">
<ele>28</ele>
</trkpt>
<trkpt lat="34.685361666666665" lon="137.24162416666667">
<ele>27</ele>
</trkpt>
<trkpt lat="34.68531083333333" lon="137.2413611111111">
<ele>29</ele>
</trkpt>
<trkpt lat="34.68531083333333" lon="137.2413611111111">
<ele>29</ele>
</trkpt>
<trkpt lat="34.685430833333335" lon="137.24116555555557">
<ele>31</ele>
</trkpt>
<trkpt lat="34.68555055555556" lon="137.2409702777778">
<ele>32</ele>
</trkpt>
<trkpt lat="34.68567027777778" lon="137.24077472222223">
<ele>30</ele>
</trkpt>
<trkpt lat="34.68579" lon="137.24057944444445">
<ele>30</ele>
</trkpt>
<trkpt lat="34.68591" lon="137.24038416666667">
<ele>27</ele>
</trkpt>
<trkpt lat="34.68602972222222" lon="137.2401886111111">
<ele>25</ele>
</trkpt>
<trkpt lat="34.686149444444446" lon="137.23999333333333">
<ele>23</ele>
</trkpt>
<trkpt lat="34.68626916666667" lon="137.23979805555555">
<ele>21</ele>
</trkpt>
<trkpt lat="34.686389166666665" lon="137.2396025">
<ele>21</ele>
</trkpt>
<trkpt lat="34.68650888888889" lon="137.2394072222222">
<ele>21</ele>
</trkpt>
<trkpt lat="34.68662861111111" lon="137.23921194444443">
<ele>21</ele>
</trkpt>
<trkpt lat="34.68674861111111" lon="137.2390163888889">
<ele>20</ele>
</trkpt>
<trkpt lat="34.68686833333334" lon="137.23882111111112">
<ele>21</ele>
</trkpt>
<trkpt lat="34.68698805555555" lon="137.23862555555556">
<ele>20</ele>
</trkpt>
<trkpt lat="34.687107777777776" lon="137.23843027777778">
<ele>20</ele>
</trkpt>
<trkpt lat="34.68722777777778" lon="137.238235">
<ele>19</ele>
</trkpt>
<trkpt lat="34.6873475" lon="137.23803944444444">
<ele>15</ele>
</trkpt>
<trkpt lat="34.687467222222224" lon="137.23784416666666">
<ele>13</ele>
</trkpt>
<trkpt lat="34.68758694444445" lon="137.23764888888888">
<ele>12</ele>
</trkpt>
<trkpt lat="34.68758694444445" lon="137.23764888888888">
<ele>12</ele>
</trkpt>
<trkpt lat="34.687601944444445" lon="137.23759722222223">
<ele>12</ele>
</trkpt>
<trkpt lat="34.68761666666666" lon="137.23754555555556">
<ele>12</ele>
</trkpt>
<trkpt lat="34.68763138888889" lon="137.23749416666666">
<ele>12</ele>
</trkpt>
<trkpt lat="34.687646111111114" lon="137.2374425">
<ele>13</ele>
</trkpt>
<trkpt lat="34.68766111111111" lon="137.23739083333334">
<ele>13</ele>
</trkpt>
<trkpt lat="34.68767583333333" lon="137.23733944444444">
<ele>11</ele>
</trkpt>
<trkpt lat="34.687690555555555" lon="137.23728777777777">
<ele>11</ele>
</trkpt>
<trkpt lat="34.68770527777778" lon="137.23723611111112">
<ele>10</ele>
</trkpt>
<trkpt lat="34.68772027777778" lon="137.23718472222222">
<ele>9</ele>
</trkpt>
<trkpt lat="34.687735" lon="137.23713305555555">
<ele>9</ele>
</trkpt>
<trkpt lat="34.68774972222222" lon="137.2370813888889">
<ele>8</ele>
</trkpt>
<trkpt lat="34.68776444444445" lon="137.23703">
<ele>8</ele>
</trkpt>
<trkpt lat="34.687779444444445" lon="137.23697833333333">
<ele>7</ele>
</trkpt>
<trkpt lat="34.68779416666667" lon="137.23692666666668">
<ele>7</ele>
</trkpt>
<trkpt lat="34.68780888888889" lon="137.23687527777778">
<ele>6</ele>
</trkpt>
<trkpt lat="34.687823611111114" lon="137.2368236111111">
<ele>6</ele>
</trkpt>
<trkpt lat="34.68783861111111" lon="137.23677194444446">
<ele>6</ele>
</trkpt>
<trkpt lat="34.68785166666667" lon="137.23672611111112">
<ele>6</ele>
</trkpt>
<trkpt lat="34.68785166666667" lon="137.23672611111112">
<ele>6</ele>
</trkpt>
<trkpt lat="34.68781888888889" lon="137.2366775">
<ele>5</ele>
</trkpt>
<trkpt lat="34.687785833333336" lon="137.2366288888889">
<ele>5</ele>
</trkpt>
<trkpt lat="34.687753055555554" lon="137.23658055555555">
<ele>5</ele>
</trkpt>
<trkpt lat="34.68772" lon="137.23653194444444">
<ele>6</ele>
</trkpt>
<trkpt lat="34.687686944444444" lon="137.23648333333333">
<ele>6</ele>
</trkpt>
<trkpt lat="34.68765416666667" lon="137.2364347222222">
<ele>6</ele>
</trkpt>
<trkpt lat="34.68762111111111" lon="137.2363863888889">
<ele>6</ele>
</trkpt>
<trkpt lat="34.68758833333333" lon="137.23633777777778">
<ele>6</ele>
</trkpt>
<trkpt lat="34.687555277777776" lon="137.23628916666667">
<ele>6</ele>
</trkpt>
<trkpt lat="34.6875225" lon="137.23624055555555">
<ele>7</ele>
</trkpt>
<trkpt lat="34.687489444444445" lon="137.23619194444444">
<ele>7</ele>
</trkpt>
<trkpt lat="34.68745666666667" lon="137.23614361111112">
<ele>5</ele>
</trkpt>
<trkpt lat="34.687423611111114" lon="137.236095">
<ele>5</ele>
</trkpt>
<trkpt lat="34.68739083333333" lon="137.2360463888889">
<ele>5</ele>
</trkpt>
<trkpt lat="34.68735777777778" lon="137.23599777777778">
<ele>5</ele>
</trkpt>
<trkpt lat="34.687325" lon="137.23594916666667">
<ele>3</ele>
</trkpt>
<trkpt lat="34.687291944444446" lon="137.23590083333335">
<ele>4</ele>
</trkpt>
<trkpt lat="34.687259166666664" lon="137.23585222222223">
<ele>4</ele>
</trkpt>
<trkpt lat="34.68722611111111" lon="137.23580361111112">
<ele>3</ele>
</trkpt>
<trkpt lat="34.68722611111111" lon="137.23580361111112">
<ele>3</ele>
</trkpt>
<trkpt lat="34.68681361111111" lon="137.2354986111111">
<ele>3</ele>
</trkpt>
<trkpt lat="34.68640138888889" lon="137.2351938888889">
<ele>8</ele>
</trkpt>
<trkpt lat="34.685989166666666" lon="137.2348888888889">
<ele>9</ele>
</trkpt>
<trkpt lat="34.68557666666667" lon="137.2345838888889">
<ele>8</ele>
</trkpt>
<trkpt lat="34.685164444444446" lon="137.23427916666665">
<ele>8</ele>
</trkpt>
<trkpt lat="34.68475194444444" lon="137.23397416666666">
<ele>8</ele>
</trkpt>
<trkpt lat="34.68433972222222" lon="137.23366916666666">
<ele>8</ele>
</trkpt>
<trkpt lat="34.6839275" lon="137.23336416666666">
<ele>7</ele>
</trkpt>
<trkpt lat="34.683515" lon="137.23305944444445">
<ele>6</ele>
</trkpt>
<trkpt lat="34.683102777777776" lon="137.23275444444445">
<ele>5</ele>
</trkpt>
<trkpt lat="34.68269027777778" lon="137.23244944444446">
<ele>3</ele>
</trkpt>
<trkpt lat="34.68227805555556" lon="137.23214444444446">
<ele>3</ele>
</trkpt>
<trkpt lat="34.68186583333333" lon="137.23183972222222">
<ele>1</ele>
</trkpt>
<trkpt lat="34.68145333333333" lon="137.23153472222222">
<ele>1</ele>
</trkpt>
<trkpt lat="34.681041111111114" lon="137.23122972222222">
<ele>0</ele>
</trkpt>
<trkpt lat="34.68062861111111" lon="137.230925">
<ele>1</ele>
</trkpt>
<trkpt lat="34.68021638888889" lon="137.23062">
<ele>1</ele>
</trkpt>
<trkpt lat="34.67980416666666" lon="137.230315">
<ele>1</ele>
</trkpt>
<trkpt lat="34.67939166666667" lon="137.23001">
<ele>1</ele>
</trkpt>
<trkpt lat="34.67939166666667" lon="137.23001">
<ele>1</ele>
</trkpt>
<trkpt lat="34.67919861111111" lon="137.22969166666667">
<ele>0</ele>
</trkpt>
<trkpt lat="34.679005277777776" lon="137.22937305555556">
<ele>0</ele>
</trkpt>
<trkpt lat="34.67881222222222" lon="137.22905472222223">
<ele>0</ele>
</trkpt>
<trkpt lat="34.67861888888889" lon="137.22873611111112">
<ele>0</ele>
</trkpt>
<trkpt lat="34.678425833333336" lon="137.22841777777776">
<ele>0</ele>
</trkpt>
<trkpt lat="34.67823277777778" lon="137.22809916666668">
<ele>0</ele>
</trkpt>
<trkpt lat="34.678039444444444" lon="137.22778083333333">
<ele>0</ele>
</trkpt>
<trkpt lat="34.67784638888889" lon="137.22746222222221">
<ele>0</ele>
</trkpt>
<trkpt lat="34.67765305555555" lon="137.2271438888889">
<ele>1</ele>
</trkpt>
<trkpt lat="34.67746" lon="137.22682527777778">
<ele>2</ele>
</trkpt>
<trkpt lat="34.67726666666667" lon="137.22650694444445">
<ele>2</ele>
</trkpt>
<trkpt lat="34.67707361111111" lon="137.22618833333334">
<ele>2</ele>
</trkpt>
<trkpt lat="34.67688027777778" lon="137.22587">
<ele>1</ele>
</trkpt>
<trkpt lat="34.67668722222222" lon="137.2255513888889">
<ele>0</ele>
</trkpt>
<trkpt lat="34.676494166666664" lon="137.22523305555555">
<ele>0</ele>
</trkpt>
<trkpt lat="34.676300833333336" lon="137.22491444444444">
<ele>0</ele>
</trkpt>
<trkpt lat="34.67610777777778" lon="137.2245961111111">
<ele>0</ele>
</trkpt>
<trkpt lat="34.675914444444444" lon="137.2242775">
<ele>0</ele>
</trkpt>
<trkpt lat="34.67572138888889" lon="137.22395916666667">
<ele>0</ele>
</trkpt>
<trkpt lat="34.67572138888889" lon="137.22395916666667">
<ele>0</ele>
</trkpt>
<trkpt lat="34.67572138888889" lon="137.22395916666667">
<ele>0</ele>
</trkpt>
<trkpt lat="34.675671111111114" lon="137.22373777777779">
<ele>0</ele>
</trkpt>
<trkpt lat="34.67562111111111" lon="137.2235163888889">
<ele>0</ele>
</trkpt>
<trkpt lat="34.67557083333333" lon="137.223295">
<ele>0</ele>
</trkpt>
<trkpt lat="34.67552083333333" lon="137.22307361111112">
<ele>0</ele>
</trkpt>
<trkpt lat="34.675470555555556" lon="137.22285222222223">
<ele>0</ele>
</trkpt>
<trkpt lat="34.675420277777775" lon="137.22263083333334">
<ele>1</ele>
</trkpt>
<trkpt lat="34.67537027777778" lon="137.22240944444445">
<ele>0</ele>
</trkpt>
<trkpt lat="34.67532" lon="137.22218833333332">
<ele>2</ele>
</trkpt>
<trkpt lat="34.67527" lon="137.22196694444443">
<ele>1</ele>
</trkpt>
<trkpt lat="34.675219722222224" lon="137.22174555555554">
<ele>2</ele>
</trkpt>
<trkpt lat="34.67516972222222" lon="137.22152416666665">
<ele>3</ele>
</trkpt>
<trkpt lat="34.67511944444445" lon="137.22130277777777">
<ele>3</ele>
</trkpt>
<trkpt lat="34.675069444444446" lon="137.22108138888888">
<ele>3</ele>
</trkpt>
<trkpt lat="34.675019166666665" lon="137.22086">
<ele>2</ele>
</trkpt>
<trkpt lat="34.67496916666666" lon="137.2206386111111">
<ele>2</ele>
</trkpt>
<trkpt lat="34.67491888888889" lon="137.2204175">
<ele>1</ele>
</trkpt>
<trkpt lat="34.67486861111111" lon="137.2201961111111">
<ele>1</ele>
</trkpt>
<trkpt lat="34.674818611111114" lon="137.21997472222222">
<ele>1</ele>
</trkpt>
<trkpt lat="34.67476833333333" lon="137.21975333333333">
<ele>2</ele>
</trkpt>
<trkpt lat="34.67476833333333" lon="137.21975333333333">
<ele>2</ele>
</trkpt>
<trkpt lat="34.67476833333333" lon="137.21975333333333">
<ele>2</ele>
</trkpt>
<trkpt lat="34.67493361111111" lon="137.21936944444445">
<ele>2</ele>
</trkpt>
<trkpt lat="34.67509916666667" lon="137.2189852777778">
<ele>2</ele>
</trkpt>
<trkpt lat="34.675264444444444" lon="137.21860138888889">
<ele>2</ele>
</trkpt>
<trkpt lat="34.67542972222222" lon="137.2182175">
<ele>2</ele>
</trkpt>
<trkpt lat="34.675595" lon="137.21783333333335">
<ele>3</ele>
</trkpt>
<trkpt lat="34.675760277777776" lon="137.21744944444444">
<ele>2</ele>
</trkpt>
<trkpt lat="34.67592555555556" lon="137.21706555555556">
<ele>2</ele>
</trkpt>
<trkpt lat="34.67609083333333" lon="137.2166813888889">
<ele>2</ele>
</trkpt>
<trkpt lat="34.67625638888889" lon="137.2162975">
<ele>2</ele>
</trkpt>
<trkpt lat="34.67642166666667" lon="137.21591361111112">
<ele>2</ele>
</trkpt>
<trkpt lat="34.676586944444445" lon="137.21552944444446">
<ele>2</ele>
</trkpt>
<trkpt lat="34.67675222222222" lon="137.21514555555555">
<ele>3</ele>
</trkpt>
<trkpt lat="34.6769175" lon="137.21476166666667">
<ele>3</ele>
</trkpt>
<trkpt lat="34.67708277777778" lon="137.2143775">
<ele>3</ele>
</trkpt>
<trkpt lat="34.67724805555556" lon="137.2139936111111">
<ele>3</ele>
</trkpt>
<trkpt lat="34.67741361111111" lon="137.21360972222223">
<ele>3</ele>
</trkpt>
<trkpt lat="34.67757888888889" lon="137.21322555555557">
<ele>3</ele>
</trkpt>
<trkpt lat="34.67774416666666" lon="137.21284166666666">
<ele>3</ele>
</trkpt>
<trkpt lat="34.677909444444445" lon="137.2124577777778">
<ele>3</ele>
</trkpt>
<trkpt lat="34.677909444444445" lon="137.2124577777778">
<ele>4</ele>
</trkpt>
<trkpt lat="34.67789833333333" lon="137.21237083333332">
<ele>5</ele>
</trkpt>
<trkpt lat="34.677887222222225" lon="137.2122838888889">
<ele>5</ele>
</trkpt>
<trkpt lat="34.67787611111111" lon="137.21219694444446">
<ele>6</ele>
</trkpt>
<trkpt lat="34.677865" lon="137.21211">
<ele>7</ele>
</trkpt>
<trkpt lat="34.67785361111111" lon="137.21202305555556">
<ele>7</ele>
</trkpt>
<trkpt lat="34.6778425" lon="137.21193583333334">
<ele>7</ele>
</trkpt>
<trkpt lat="34.67783138888889" lon="137.21184888888888">
<ele>7</ele>
</trkpt>
<trkpt lat="34.677820277777776" lon="137.21176194444445">
<ele>8</ele>
</trkpt>
<trkpt lat="34.67780916666667" lon="137.211675">
<ele>8</ele>
</trkpt>
<trkpt lat="34.677798055555556" lon="137.21158805555555">
<ele>8</ele>
</trkpt>
<trkpt lat="34.67778694444444" lon="137.21150111111112">
<ele>7</ele>
</trkpt>
<trkpt lat="34.677775833333335" lon="137.21141416666666">
<ele>8</ele>
</trkpt>
<trkpt lat="34.67776444444444" lon="137.21132722222222">
<ele>8</ele>
</trkpt>
<trkpt lat="34.677753333333335" lon="137.2112402777778">
<ele>8</ele>
</trkpt>
<trkpt lat="34.67774222222222" lon="137.21115333333333">
<ele>7</ele>
</trkpt>
<trkpt lat="34.677731111111115" lon="137.2110663888889">
<ele>7</ele>
</trkpt>
<trkpt lat="34.67772" lon="137.21097944444443">
<ele>7</ele>
</trkpt>
<trkpt lat="34.67770888888889" lon="137.2108925">
<ele>7</ele>
</trkpt>
<trkpt lat="34.67769777777778" lon="137.21080555555557">
<ele>7</ele>
</trkpt>
<trkpt lat="34.677686666666666" lon="137.2107186111111">
<ele>9</ele>
</trkpt>
<trkpt lat="34.67767555555555" lon="137.21063166666667">
<ele>10</ele>
</trkpt>
<trkpt lat="34.677664166666666" lon="137.2105447222222">
<ele>13</ele>
</trkpt>
<trkpt lat="34.67765305555555" lon="137.21045777777778">
<ele>13</ele>
</trkpt>
<trkpt lat="34.677641944444446" lon="137.21037055555556">
<ele>14</ele>
</trkpt>
<trkpt lat="34.67763083333333" lon="137.21028361111112">
<ele>14</ele>
</trkpt>
<trkpt lat="34.677619722222225" lon="137.21019666666666">
<ele>13</ele>
</trkpt>
<trkpt lat="34.67760861111111" lon="137.21010972222223">
<ele>13</ele>
</trkpt>
<trkpt lat="34.6775975" lon="137.21002277777777">
<ele>13</ele>
</trkpt>
<trkpt lat="34.67758638888889" lon="137.20993583333333">
<ele>13</ele>
</trkpt>
<trkpt lat="34.677575" lon="137.2098488888889">
<ele>13</ele>
</trkpt>
<trkpt lat="34.67756388888889" lon="137.20976194444444">
<ele>12</ele>
</trkpt>
<trkpt lat="34.67755277777778" lon="137.209675">
<ele>13</ele>
</trkpt>
<trkpt lat="34.67754166666667" lon="137.20958805555554">
<ele>13</ele>
</trkpt>
<trkpt lat="34.677530555555556" lon="137.2095011111111">
<ele>13</ele>
</trkpt>
<trkpt lat="34.67751944444444" lon="137.20941416666668">
<ele>13</ele>
</trkpt>
<trkpt lat="34.677508333333336" lon="137.2093272222222">
<ele>12</ele>
</trkpt>
<trkpt lat="34.67749722222222" lon="137.20924027777778">
<ele>12</ele>
</trkpt>
<trkpt lat="34.677485833333336" lon="137.20915333333335">
<ele>12</ele>
</trkpt>
<trkpt lat="34.677485833333336" lon="137.20915333333335">
<ele>12</ele>
</trkpt>
<trkpt lat="34.67749333333333" lon="137.2090313888889">
<ele>12</ele>
</trkpt>
<trkpt lat="34.67750083333333" lon="137.20890916666667">
<ele>13</ele>
</trkpt>
<trkpt lat="34.677508333333336" lon="137.2087872222222">
<ele>13</ele>
</trkpt>
<trkpt lat="34.67751555555556" lon="137.20866527777778">
<ele>14</ele>
</trkpt>
<trkpt lat="34.677523055555554" lon="137.20854333333332">
<ele>16</ele>
</trkpt>
<trkpt lat="34.677530555555556" lon="137.2084213888889">
<ele>18</ele>
</trkpt>
<trkpt lat="34.67753805555556" lon="137.20829944444444">
<ele>18</ele>
</trkpt>
<trkpt lat="34.677545277777774" lon="137.2081775">
<ele>19</ele>
</trkpt>
<trkpt lat="34.67755277777778" lon="137.20805555555555">
<ele>19</ele>
</trkpt>
<trkpt lat="34.67756027777778" lon="137.20793361111112">
<ele>18</ele>
</trkpt>
<trkpt lat="34.677567777777774" lon="137.20781166666666">
<ele>18</ele>
</trkpt>
<trkpt lat="34.677575" lon="137.20768972222223">
<ele>18</ele>
</trkpt>
<trkpt lat="34.6775825" lon="137.2075675">
<ele>17</ele>
</trkpt>
<trkpt lat="34.67759" lon="137.20744555555555">
<ele>16</ele>
</trkpt>
<trkpt lat="34.6775975" lon="137.20732361111112">
<ele>14</ele>
</trkpt>
<trkpt lat="34.67760472222222" lon="137.20720166666666">
<ele>14</ele>
</trkpt>
<trkpt lat="34.67761222222222" lon="137.20707972222223">
<ele>14</ele>
</trkpt>
<trkpt lat="34.677619722222225" lon="137.20695777777777">
<ele>14</ele>
</trkpt>
<trkpt lat="34.67762722222222" lon="137.20683583333334">
<ele>13</ele>
</trkpt>
<trkpt lat="34.67762722222222" lon="137.20683583333334">
<ele>13</ele>
</trkpt>
<trkpt lat="34.67715722222222" lon="137.20638194444444">
<ele>14</ele>
</trkpt>
<trkpt lat="34.67668722222222" lon="137.2059277777778">
<ele>14</ele>
</trkpt>
<trkpt lat="34.67621722222222" lon="137.2054738888889">
<ele>6</ele>
</trkpt>
<trkpt lat="34.67574722222222" lon="137.20501972222223">
<ele>4</ele>
</trkpt>
<trkpt lat="34.67527722222222" lon="137.20456583333333">
<ele>4</ele>
</trkpt>
<trkpt lat="34.67480722222222" lon="137.20411194444443">
<ele>3</ele>
</trkpt>
<trkpt lat="34.67433722222222" lon="137.20365777777778">
<ele>1</ele>
</trkpt>
<trkpt lat="34.6738675" lon="137.20320388888888">
<ele>1</ele>
</trkpt>
<trkpt lat="34.6733975" lon="137.20274972222222">
<ele>2</ele>
</trkpt>
<trkpt lat="34.6729275" lon="137.20229583333332">
<ele>1</ele>
</trkpt>
<trkpt lat="34.6724575" lon="137.20184194444445">
<ele>1</ele>
</trkpt>
<trkpt lat="34.6719875" lon="137.20138777777777">
<ele>1</ele>
</trkpt>
<trkpt lat="34.6715175" lon="137.2009338888889">
<ele>1</ele>
</trkpt>
<trkpt lat="34.6710475" lon="137.2004797222222">
<ele>0</ele>
</trkpt>
<trkpt lat="34.6705775" lon="137.20002583333334">
<ele>0</ele>
</trkpt>
<trkpt lat="34.67010777777778" lon="137.19957194444444">
<ele>1</ele>
</trkpt>
<trkpt lat="34.66963777777778" lon="137.1991177777778">
<ele>2</ele>
</trkpt>
<trkpt lat="34.66916777777778" lon="137.1986638888889">
<ele>2</ele>
</trkpt>
<trkpt lat="34.66869777777778" lon="137.19820972222223">
<ele>3</ele>
</trkpt>
<trkpt lat="34.66869777777778" lon="137.19820972222223">
<ele>3</ele>
</trkpt>
<trkpt lat="34.66861" lon="137.19808916666668">
<ele>3</ele>
</trkpt>
<trkpt lat="34.6685225" lon="137.19796833333334">
<ele>3</ele>
</trkpt>
<trkpt lat="34.66843472222222" lon="137.19784777777778">
<ele>3</ele>
</trkpt>
<trkpt lat="34.668346944444444" lon="137.19772722222223">
<ele>3</ele>
</trkpt>
<trkpt lat="34.668259166666665" lon="137.19760666666667">
<ele>4</ele>
</trkpt>
<trkpt lat="34.668171666666666" lon="137.19748583333333">
<ele>5</ele>
</trkpt>
<trkpt lat="34.66808388888889" lon="137.19736527777778">
<ele>5</ele>
</trkpt>
<trkpt lat="34.66799611111111" lon="137.19724472222222">
<ele>4</ele>
</trkpt>
<trkpt lat="34.66790861111111" lon="137.19712416666667">
<ele>3</ele>
</trkpt>
<trkpt lat="34.66782083333333" lon="137.19700333333333">
<ele>4</ele>
</trkpt>
<trkpt lat="34.66773305555556" lon="137.19688277777777">
<ele>4</ele>
</trkpt>
<trkpt lat="34.66764527777778" lon="137.19676222222222">
<ele>4</ele>
</trkpt>
<trkpt lat="34.66755777777778" lon="137.19664166666666">
<ele>4</ele>
</trkpt>
<trkpt lat="34.66747" lon="137.19652083333332">
<ele>5</ele>
</trkpt>
<trkpt lat="34.66738222222222" lon="137.19640027777777">
<ele>5</ele>
</trkpt>
<trkpt lat="34.66729472222222" lon="137.19627972222222">
<ele>5</ele>
</trkpt>
<trkpt lat="34.667206944444445" lon="137.19615916666666">
<ele>5</ele>
</trkpt>
<trkpt lat="34.667119166666666" lon="137.19603833333332">
<ele>5</ele>
</trkpt>
<trkpt lat="34.66703138888889" lon="137.19591777777777">
<ele>6</ele>
</trkpt>
<trkpt lat="34.66703138888889" lon="137.19591777777777">
<ele>6</ele>
</trkpt>
<trkpt lat="34.667005833333334" lon="137.1958177777778">
<ele>6</ele>
</trkpt>
<trkpt lat="34.666980277777775" lon="137.19571805555555">
<ele>6</ele>
</trkpt>
<trkpt lat="34.666955" lon="137.19561805555554">
<ele>5</ele>
</trkpt>
<trkpt lat="34.66692944444444" lon="137.19551805555557">
<ele>5</ele>
</trkpt>
<trkpt lat="34.66690388888889" lon="137.19541805555556">
<ele>5</ele>
</trkpt>
<trkpt lat="34.66687833333334" lon="137.19531805555556">
<ele>5</ele>
</trkpt>
<trkpt lat="34.66685277777778" lon="137.19521805555556">
<ele>4</ele>
</trkpt>
<trkpt lat="34.666827222222224" lon="137.19511833333334">
<ele>4</ele>
</trkpt>
<trkpt lat="34.666801666666665" lon="137.19501833333334">
<ele>4</ele>
</trkpt>
<trkpt lat="34.66677611111111" lon="137.19491833333333">
<ele>3</ele>
</trkpt>
<trkpt lat="34.66675055555555" lon="137.19481833333333">
<ele>3</ele>
</trkpt>
<trkpt lat="34.666725" lon="137.19471833333333">
<ele>2</ele>
</trkpt>
<trkpt lat="34.66669944444445" lon="137.1946186111111">
<ele>3</ele>
</trkpt>
<trkpt lat="34.66667388888889" lon="137.1945186111111">
<ele>3</ele>
</trkpt>
<trkpt lat="34.666648333333335" lon="137.1944186111111">
<ele>4</ele>
</trkpt>
<trkpt lat="34.666622777777775" lon="137.1943186111111">
<ele>5</ele>
</trkpt>
<trkpt lat="34.66659722222222" lon="137.1942186111111">
<ele>5</ele>
</trkpt>
<trkpt lat="34.66657166666667" lon="137.19411888888888">
<ele>5</ele>
</trkpt>
<trkpt lat="34.66654611111111" lon="137.19401888888888">
<ele>6</ele>
</trkpt>
<trkpt lat="34.66654611111111" lon="137.19401888888888">
<ele>6</ele>
</trkpt>
<trkpt lat="34.66654722222222" lon="137.19396416666666">
<ele>6</ele>
</trkpt>
<trkpt lat="34.66654805555556" lon="137.19390972222223">
<ele>6</ele>
</trkpt>
<trkpt lat="34.66654916666667" lon="137.193855">
<ele>7</ele>
</trkpt>
<trkpt lat="34.66655" lon="137.19380055555555">
<ele>7</ele>
</trkpt>
<trkpt lat="34.66655111111111" lon="137.19374583333334">
<ele>7</ele>
</trkpt>
<trkpt lat="34.66655222222222" lon="137.19369111111112">
<ele>7</ele>
</trkpt>
<trkpt lat="34.66655305555555" lon="137.19363666666666">
<ele>7</ele>
</trkpt>
<trkpt lat="34.666554166666664" lon="137.19358194444445">
<ele>7</ele>
</trkpt>
<trkpt lat="34.666555" lon="137.1935275">
<ele>8</ele>
</trkpt>
<trkpt lat="34.66655611111111" lon="137.19347277777777">
<ele>7</ele>
</trkpt>
<trkpt lat="34.666556944444444" lon="137.19341833333334">
<ele>7</ele>
</trkpt>
<trkpt lat="34.666558055555555" lon="137.19336361111112">
<ele>7</ele>
</trkpt>
<trkpt lat="34.666558888888886" lon="137.19330916666667">
<ele>7</ele>
</trkpt>
<trkpt lat="34.66656" lon="137.19325444444445">
<ele>7</ele>
</trkpt>
<trkpt lat="34.666560833333335" lon="137.19319972222223">
<ele>7</ele>
</trkpt>
<trkpt lat="34.666561944444446" lon="137.19314527777777">
<ele>7</ele>
</trkpt>
<trkpt lat="34.66656305555556" lon="137.19309055555556">
<ele>7</ele>
</trkpt>
<trkpt lat="34.66656388888889" lon="137.1930425">
<ele>8</ele>
</trkpt>
<trkpt lat="34.66656388888889" lon="137.1930425">
<ele>8</ele>
</trkpt>
<trkpt lat="34.66661166666667" lon="137.19293638888888">
<ele>8</ele>
</trkpt>
<trkpt lat="34.66665944444444" lon="137.19283027777777">
<ele>8</ele>
</trkpt>
<trkpt lat="34.66670722222222" lon="137.19272388888888">
<ele>8</ele>
</trkpt>
<trkpt lat="34.666755277777774" lon="137.19261777777777">
<ele>8</ele>
</trkpt>
<trkpt lat="34.666803055555555" lon="137.19251166666666">
<ele>7</ele>
</trkpt>
<trkpt lat="34.666850833333335" lon="137.19240555555555">
<ele>8</ele>
</trkpt>
<trkpt lat="34.66689861111111" lon="137.19229944444444">
<ele>8</ele>
</trkpt>
<trkpt lat="34.66694638888889" lon="137.19219333333334">
<ele>8</ele>
</trkpt>
<trkpt lat="34.66699444444444" lon="137.19208694444444">
<ele>8</ele>
</trkpt>
<trkpt lat="34.66704222222222" lon="137.19198083333333">
<ele>8</ele>
</trkpt>
<trkpt lat="34.66709" lon="137.19187472222222">
<ele>8</ele>
</trkpt>
<trkpt lat="34.667137777777775" lon="137.19176861111112">
<ele>7</ele>
</trkpt>
<trkpt lat="34.667185555555555" lon="137.1916625">
<ele>8</ele>
</trkpt>
<trkpt lat="34.66723361111111" lon="137.1915563888889">
<ele>8</ele>
</trkpt>
<trkpt lat="34.66728138888889" lon="137.19145">
<ele>8</ele>
</trkpt>
<trkpt lat="34.66732916666667" lon="137.1913438888889">
<ele>8</ele>
</trkpt>
<trkpt lat="34.66737694444444" lon="137.1912377777778">
<ele>7</ele>
</trkpt>
<trkpt lat="34.667425" lon="137.19113166666668">
<ele>7</ele>
</trkpt>
<trkpt lat="34.667472777777775" lon="137.19102555555557">
<ele>7</ele>
</trkpt>
<trkpt lat="34.667472777777775" lon="137.19102555555557">
<ele>7</ele>
</trkpt>
<trkpt lat="34.667472777777775" lon="137.19102555555557">
<ele>7</ele>
</trkpt>
<trkpt lat="34.667472777777775" lon="137.19097083333332">
<ele>7</ele>
</trkpt>
<trkpt lat="34.667472777777775" lon="137.1909163888889">
<ele>7</ele>
</trkpt>
<trkpt lat="34.667472777777775" lon="137.19086166666668">
<ele>7</ele>
</trkpt>
<trkpt lat="34.667472777777775" lon="137.19080694444443">
<ele>7</ele>
</trkpt>
<trkpt lat="34.667472777777775" lon="137.1907525">
<ele>6</ele>
</trkpt>
<trkpt lat="34.667472777777775" lon="137.19069777777779">
<ele>6</ele>
</trkpt>
<trkpt lat="34.667472777777775" lon="137.19064333333333">
<ele>6</ele>
</trkpt>
<trkpt lat="34.667472777777775" lon="137.1905886111111">
<ele>6</ele>
</trkpt>
<trkpt lat="34.667472777777775" lon="137.1905338888889">
<ele>6</ele>
</trkpt>
<trkpt lat="34.667472777777775" lon="137.19047944444443">
<ele>6</ele>
</trkpt>
<trkpt lat="34.667472777777775" lon="137.19042472222222">
<ele>6</ele>
</trkpt>
<trkpt lat="34.667472777777775" lon="137.19037111111112">
<ele>6</ele>
</trkpt>
<trkpt lat="34.667472777777775" lon="137.19037111111112">
<ele>6</ele>
</trkpt>
<trkpt lat="34.66744833333333" lon="137.190325">
<ele>6</ele>
</trkpt>
<trkpt lat="34.66742388888889" lon="137.19027916666667">
<ele>7</ele>
</trkpt>
<trkpt lat="34.66739972222222" lon="137.19023333333334">
<ele>7</ele>
</trkpt>
<trkpt lat="34.66737527777778" lon="137.1901875">
<ele>7</ele>
</trkpt>
<trkpt lat="34.66735083333333" lon="137.19014166666668">
<ele>7</ele>
</trkpt>
<trkpt lat="34.66732666666667" lon="137.19009555555556">
<ele>8</ele>
</trkpt>
<trkpt lat="34.66730222222222" lon="137.19004972222223">
<ele>8</ele>
</trkpt>
<trkpt lat="34.66729611111111" lon="137.19003833333332">
<ele>8</ele>
</trkpt>
<trkpt lat="34.66729611111111" lon="137.19003833333332">
<ele>8</ele>
</trkpt>
<trkpt lat="34.667265" lon="137.18999944444445">
<ele>8</ele>
</trkpt>
<trkpt lat="34.66723361111111" lon="137.18996027777777">
<ele>8</ele>
</trkpt>
<trkpt lat="34.66720222222222" lon="137.18992111111112">
<ele>9</ele>
</trkpt>
<trkpt lat="34.66717083333333" lon="137.18988194444444">
<ele>9</ele>
</trkpt>
<trkpt lat="34.667139444444445" lon="137.18984277777778">
<ele>9</ele>
</trkpt>
<trkpt lat="34.66710805555556" lon="137.1898036111111">
<ele>9</ele>
</trkpt>
<trkpt lat="34.667076944444446" lon="137.18976472222224">
<ele>9</ele>
</trkpt>
<trkpt lat="34.66704555555555" lon="137.18972555555555">
<ele>9</ele>
</trkpt>
<trkpt lat="34.66701416666667" lon="137.1896863888889">
<ele>9</ele>
</trkpt>
<trkpt lat="34.666982777777775" lon="137.18964722222222">
<ele>9</ele>
</trkpt>
<trkpt lat="34.666960833333334" lon="137.18962">
<ele>9</ele>
</trkpt>
    </trkseg>
  </trk>
</gpx>