<?xml version="1.0" encoding="UTF-8"?>
<gpx version="1.1"
     creator="KMLtoGPX"
     xmlns="http://www.topografix.com/GPX/1/1">
  <metadata>
    <name>26 Nutsu no Satoyoshi River Route</name>
    <desc>26 なまずの里吉川ルート</desc>
    <time>2025-05-02T08:11:59.379786Z</time>
    <bounds minlat="35.8438375" minlon="139.8299111111111" maxlat="35.92505694444444" maxlon="139.89568583333335"/>
  </metadata>
  <trk>
    <name>26 Nutsu no Satoyoshi River Route</name>
    <trkseg>
<trkpt lat="35.85144805555556" lon="139.8848311111111">
<ele>4</ele>
</trkpt>
<trkpt lat="35.851435" lon="139.884825">
<ele>4</ele>
</trkpt>
<trkpt lat="35.85129305555556" lon="139.8854511111111">
<ele>4</ele>
</trkpt>
<trkpt lat="35.85129305555556" lon="139.8854511111111">
<ele>4</ele>
</trkpt>
<trkpt lat="35.851285" lon="139.88548805555556">
<ele>4</ele>
</trkpt>
<trkpt lat="35.85105111111111" lon="139.88541305555555">
<ele>4</ele>
</trkpt>
<trkpt lat="35.850885" lon="139.88535">
<ele>4</ele>
</trkpt>
<trkpt lat="35.850676944444444" lon="139.885275">
<ele>4</ele>
</trkpt>
<trkpt lat="35.85049305555555" lon="139.88521305555557">
<ele>4</ele>
</trkpt>
<trkpt lat="35.85031" lon="139.88513805555556">
<ele>4</ele>
</trkpt>
<trkpt lat="35.85006" lon="139.88505">
<ele>4</ele>
</trkpt>
<trkpt lat="35.84979305555556" lon="139.884975">
<ele>4</ele>
</trkpt>
<trkpt lat="35.849585" lon="139.8849261111111">
<ele>4</ele>
</trkpt>
<trkpt lat="35.849401944444445" lon="139.8849011111111">
<ele>4</ele>
</trkpt>
<trkpt lat="35.84910194444444" lon="139.8848761111111">
<ele>4</ele>
</trkpt>
<trkpt lat="35.84814388888889" lon="139.88485111111112">
<ele>4</ele>
</trkpt>
<trkpt lat="35.84694388888889" lon="139.88482611111112">
<ele>4</ele>
</trkpt>
<trkpt lat="35.845951944444444" lon="139.8848011111111">
<ele>4</ele>
</trkpt>
<trkpt lat="35.845956944444445" lon="139.88480805555557">
<ele>4</ele>
</trkpt>
<trkpt lat="35.845956944444445" lon="139.88480805555557">
<ele>4</ele>
</trkpt>
<trkpt lat="35.845951944444444" lon="139.8848011111111">
<ele>4</ele>
</trkpt>
<trkpt lat="35.84579388888889" lon="139.88475111111111">
<ele>4</ele>
</trkpt>
<trkpt lat="35.84571888888889" lon="139.88476305555557">
<ele>4</ele>
</trkpt>
<trkpt lat="35.845686111111114" lon="139.8847761111111">
<ele>4</ele>
</trkpt>
<trkpt lat="35.84566111111111" lon="139.88481305555555">
<ele>4</ele>
</trkpt>
<trkpt lat="35.84544388888889" lon="139.88528805555555">
<ele>5</ele>
</trkpt>
<trkpt lat="35.845351944444445" lon="139.88550111111113">
<ele>5</ele>
</trkpt>
<trkpt lat="35.84521888888889" lon="139.8854511111111">
<ele>5</ele>
</trkpt>
<trkpt lat="35.84498611111111" lon="139.88536305555556">
<ele>5</ele>
</trkpt>
<trkpt lat="35.844926944444445" lon="139.88533805555556">
<ele>5</ele>
</trkpt>
<trkpt lat="35.84484388888889" lon="139.88533805555556">
<ele>4</ele>
</trkpt>
<trkpt lat="35.84475194444445" lon="139.88533805555556">
<ele>4</ele>
</trkpt>
<trkpt lat="35.844318888888886" lon="139.88548805555556">
<ele>4</ele>
</trkpt>
<trkpt lat="35.844325" lon="139.88546805555555">
<ele>4</ele>
</trkpt>
<trkpt lat="35.844325" lon="139.88546805555555">
<ele>4</ele>
</trkpt>
<trkpt lat="35.84431444444444" lon="139.88552333333334">
<ele>4</ele>
</trkpt>
<trkpt lat="35.84430416666667" lon="139.8855786111111">
<ele>4</ele>
</trkpt>
<trkpt lat="35.84429361111111" lon="139.8856338888889">
<ele>4</ele>
</trkpt>
<trkpt lat="35.84428333333334" lon="139.88568916666668">
<ele>4</ele>
</trkpt>
<trkpt lat="35.844272777777775" lon="139.88574444444444">
<ele>4</ele>
</trkpt>
<trkpt lat="35.8442625" lon="139.88579972222223">
<ele>4</ele>
</trkpt>
<trkpt lat="35.844251944444444" lon="139.885855">
<ele>4</ele>
</trkpt>
<trkpt lat="35.84424166666667" lon="139.88591055555557">
<ele>4</ele>
</trkpt>
<trkpt lat="35.844231111111114" lon="139.88596583333333">
<ele>4</ele>
</trkpt>
<trkpt lat="35.84422083333333" lon="139.88602111111112">
<ele>4</ele>
</trkpt>
<trkpt lat="35.844210277777776" lon="139.88607638888888">
<ele>4</ele>
</trkpt>
<trkpt lat="35.8442" lon="139.88613166666667">
<ele>4</ele>
</trkpt>
<trkpt lat="35.844189444444446" lon="139.88618694444443">
<ele>4</ele>
</trkpt>
<trkpt lat="35.84417916666666" lon="139.88624222222222">
<ele>4</ele>
</trkpt>
<trkpt lat="35.84416861111111" lon="139.8862975">
<ele>4</ele>
</trkpt>
<trkpt lat="35.84415805555555" lon="139.88635277777777">
<ele>4</ele>
</trkpt>
<trkpt lat="35.84414777777778" lon="139.88640805555556">
<ele>4</ele>
</trkpt>
<trkpt lat="35.84413722222222" lon="139.88646333333332">
<ele>4</ele>
</trkpt>
<trkpt lat="35.84412694444445" lon="139.88651861111111">
<ele>4</ele>
</trkpt>
<trkpt lat="35.84411638888889" lon="139.88657388888888">
<ele>4</ele>
</trkpt>
<trkpt lat="35.84410611111111" lon="139.88662916666667">
<ele>4</ele>
</trkpt>
<trkpt lat="35.844095555555555" lon="139.8866847222222">
<ele>5</ele>
</trkpt>
<trkpt lat="35.84408527777778" lon="139.88674">
<ele>5</ele>
</trkpt>
<trkpt lat="35.844074722222224" lon="139.88679527777776">
<ele>5</ele>
</trkpt>
<trkpt lat="35.84406444444444" lon="139.88685055555555">
<ele>5</ele>
</trkpt>
<trkpt lat="35.84405388888889" lon="139.88690583333334">
<ele>5</ele>
</trkpt>
<trkpt lat="35.84404361111111" lon="139.8869611111111">
<ele>5</ele>
</trkpt>
<trkpt lat="35.844033055555556" lon="139.8870163888889">
<ele>5</ele>
</trkpt>
<trkpt lat="35.84402277777778" lon="139.88707166666666">
<ele>5</ele>
</trkpt>
<trkpt lat="35.844012222222226" lon="139.88712694444445">
<ele>5</ele>
</trkpt>
<trkpt lat="35.84400194444444" lon="139.88718222222224">
<ele>5</ele>
</trkpt>
<trkpt lat="35.84399138888889" lon="139.8872375">
<ele>5</ele>
</trkpt>
<trkpt lat="35.84398083333333" lon="139.8872927777778">
<ele>5</ele>
</trkpt>
<trkpt lat="35.84397055555556" lon="139.88734805555555">
<ele>5</ele>
</trkpt>
<trkpt lat="35.84396" lon="139.88740333333334">
<ele>5</ele>
</trkpt>
<trkpt lat="35.84394972222222" lon="139.8874586111111">
<ele>5</ele>
</trkpt>
<trkpt lat="35.843939166666665" lon="139.88751416666668">
<ele>5</ele>
</trkpt>
<trkpt lat="35.84392888888889" lon="139.88756944444444">
<ele>5</ele>
</trkpt>
<trkpt lat="35.84392888888889" lon="139.88756944444444">
<ele>5</ele>
</trkpt>
<trkpt lat="35.84392888888889" lon="139.88756944444444">
<ele>5</ele>
</trkpt>
<trkpt lat="35.84397222222222" lon="139.88758305555555">
<ele>5</ele>
</trkpt>
<trkpt lat="35.84399611111111" lon="139.88759083333332">
<ele>5</ele>
</trkpt>
<trkpt lat="35.84399611111111" lon="139.88759083333332">
<ele>5</ele>
</trkpt>
<trkpt lat="35.843984722222224" lon="139.88764444444445">
<ele>5</ele>
</trkpt>
<trkpt lat="35.84397888888889" lon="139.8876713888889">
<ele>5</ele>
</trkpt>
<trkpt lat="35.84397888888889" lon="139.8876713888889">
<ele>5</ele>
</trkpt>
<trkpt lat="35.84393527777778" lon="139.88766055555556">
<ele>5</ele>
</trkpt>
<trkpt lat="35.84393527777778" lon="139.88766055555556">
<ele>5</ele>
</trkpt>
<trkpt lat="35.84392833333333" lon="139.88771527777777">
<ele>5</ele>
</trkpt>
<trkpt lat="35.84392138888889" lon="139.88777">
<ele>5</ele>
</trkpt>
<trkpt lat="35.843914444444444" lon="139.88782472222223">
<ele>5</ele>
</trkpt>
<trkpt lat="35.84390722222222" lon="139.88787944444445">
<ele>5</ele>
</trkpt>
<trkpt lat="35.84390027777778" lon="139.88793416666667">
<ele>5</ele>
</trkpt>
<trkpt lat="35.843893333333334" lon="139.88798888888888">
<ele>5</ele>
</trkpt>
<trkpt lat="35.84388638888889" lon="139.8880436111111">
<ele>5</ele>
</trkpt>
<trkpt lat="35.84387944444445" lon="139.88809833333335">
<ele>5</ele>
</trkpt>
<trkpt lat="35.843872222222224" lon="139.88815305555556">
<ele>5</ele>
</trkpt>
<trkpt lat="35.84386527777778" lon="139.88820777777778">
<ele>5</ele>
</trkpt>
<trkpt lat="35.84385833333333" lon="139.8882625">
<ele>5</ele>
</trkpt>
<trkpt lat="35.843851388888886" lon="139.8883172222222">
<ele>5</ele>
</trkpt>
<trkpt lat="35.84384416666666" lon="139.88837194444446">
<ele>6</ele>
</trkpt>
<trkpt lat="35.8438375" lon="139.888425">
<ele>6</ele>
</trkpt>
<trkpt lat="35.8438375" lon="139.888425">
<ele>6</ele>
</trkpt>
<trkpt lat="35.84388222222222" lon="139.88843111111112">
<ele>6</ele>
</trkpt>
<trkpt lat="35.84392666666667" lon="139.88843694444444">
<ele>6</ele>
</trkpt>
<trkpt lat="35.84397138888889" lon="139.88844305555557">
<ele>6</ele>
</trkpt>
<trkpt lat="35.84401611111111" lon="139.88844916666667">
<ele>5</ele>
</trkpt>
<trkpt lat="35.84406083333333" lon="139.88845527777778">
<ele>5</ele>
</trkpt>
<trkpt lat="35.84410527777778" lon="139.88846138888889">
<ele>5</ele>
</trkpt>
<trkpt lat="35.84415" lon="139.88846722222223">
<ele>5</ele>
</trkpt>
<trkpt lat="35.84419472222222" lon="139.88847333333334">
<ele>5</ele>
</trkpt>
<trkpt lat="35.84421361111111" lon="139.88847583333333">
<ele>5</ele>
</trkpt>
<trkpt lat="35.84421361111111" lon="139.88847583333333">
<ele>5</ele>
</trkpt>
<trkpt lat="35.844257222222225" lon="139.88846222222222">
<ele>5</ele>
</trkpt>
<trkpt lat="35.844300555555556" lon="139.8884486111111">
<ele>5</ele>
</trkpt>
<trkpt lat="35.84431583333333" lon="139.88844361111111">
<ele>5</ele>
</trkpt>
<trkpt lat="35.84431583333333" lon="139.88844361111111">
<ele>5</ele>
</trkpt>
<trkpt lat="35.844360555555554" lon="139.88845">
<ele>5</ele>
</trkpt>
<trkpt lat="35.844405" lon="139.8884563888889">
<ele>5</ele>
</trkpt>
<trkpt lat="35.84444972222222" lon="139.8884627777778">
<ele>5</ele>
</trkpt>
<trkpt lat="35.84449444444444" lon="139.8884688888889">
<ele>5</ele>
</trkpt>
<trkpt lat="35.84453888888889" lon="139.8884752777778">
<ele>5</ele>
</trkpt>
<trkpt lat="35.84458361111111" lon="139.88848166666668">
<ele>5</ele>
</trkpt>
<trkpt lat="35.84462833333333" lon="139.88848805555557">
<ele>5</ele>
</trkpt>
<trkpt lat="35.84467277777778" lon="139.88849416666667">
<ele>5</ele>
</trkpt>
<trkpt lat="35.8447175" lon="139.88850055555557">
<ele>5</ele>
</trkpt>
<trkpt lat="35.84476194444444" lon="139.88850694444446">
<ele>5</ele>
</trkpt>
<trkpt lat="35.84480666666666" lon="139.88851305555556">
<ele>5</ele>
</trkpt>
<trkpt lat="35.84485138888889" lon="139.88851944444446">
<ele>5</ele>
</trkpt>
<trkpt lat="35.84489583333333" lon="139.88852583333335">
<ele>5</ele>
</trkpt>
<trkpt lat="35.84494055555555" lon="139.8885322222222">
<ele>5</ele>
</trkpt>
<trkpt lat="35.84498527777778" lon="139.88853833333334">
<ele>5</ele>
</trkpt>
<trkpt lat="35.84502972222222" lon="139.88854472222224">
<ele>5</ele>
</trkpt>
<trkpt lat="35.845055" lon="139.88854833333335">
<ele>5</ele>
</trkpt>
<trkpt lat="35.845055" lon="139.88854833333335">
<ele>5</ele>
</trkpt>
<trkpt lat="35.84509972222222" lon="139.88855444444445">
<ele>5</ele>
</trkpt>
<trkpt lat="35.84514444444444" lon="139.88856027777777">
<ele>5</ele>
</trkpt>
<trkpt lat="35.845174722222225" lon="139.88856444444446">
<ele>5</ele>
</trkpt>
<trkpt lat="35.845174722222225" lon="139.88856444444446">
<ele>5</ele>
</trkpt>
<trkpt lat="35.845216111111114" lon="139.88858583333334">
<ele>5</ele>
</trkpt>
<trkpt lat="35.8452575" lon="139.88860694444443">
<ele>5</ele>
</trkpt>
<trkpt lat="35.84529916666666" lon="139.88862833333334">
<ele>5</ele>
</trkpt>
<trkpt lat="35.84533111111111" lon="139.888645">
<ele>5</ele>
</trkpt>
<trkpt lat="35.84533111111111" lon="139.888645">
<ele>5</ele>
</trkpt>
<trkpt lat="35.84537527777778" lon="139.888655">
<ele>5</ele>
</trkpt>
<trkpt lat="35.845419444444445" lon="139.88866472222222">
<ele>5</ele>
</trkpt>
<trkpt lat="35.845463611111114" lon="139.88867472222222">
<ele>5</ele>
</trkpt>
<trkpt lat="35.845508055555555" lon="139.88868472222222">
<ele>5</ele>
</trkpt>
<trkpt lat="35.845552222222224" lon="139.88869472222223">
<ele>5</ele>
</trkpt>
<trkpt lat="35.845596388888886" lon="139.88870472222223">
<ele>5</ele>
</trkpt>
<trkpt lat="35.845640555555555" lon="139.88871472222223">
<ele>5</ele>
</trkpt>
<trkpt lat="35.845663888888886" lon="139.88872">
<ele>5</ele>
</trkpt>
<trkpt lat="35.845663888888886" lon="139.88872">
<ele>5</ele>
</trkpt>
<trkpt lat="35.845708611111114" lon="139.8887225">
<ele>5</ele>
</trkpt>
<trkpt lat="35.845753611111114" lon="139.88872527777778">
<ele>5</ele>
</trkpt>
<trkpt lat="35.845798333333335" lon="139.88872777777777">
<ele>5</ele>
</trkpt>
<trkpt lat="35.845843333333335" lon="139.88873027777777">
<ele>5</ele>
</trkpt>
<trkpt lat="35.845888055555555" lon="139.88873305555555">
<ele>5</ele>
</trkpt>
<trkpt lat="35.84589638888889" lon="139.88873333333333">
<ele>5</ele>
</trkpt>
<trkpt lat="35.84589638888889" lon="139.88873333333333">
<ele>5</ele>
</trkpt>
<trkpt lat="35.84593944444445" lon="139.88874916666666">
<ele>5</ele>
</trkpt>
<trkpt lat="35.8459825" lon="139.88876527777776">
<ele>5</ele>
</trkpt>
<trkpt lat="35.846025555555556" lon="139.88878111111111">
<ele>5</ele>
</trkpt>
<trkpt lat="35.846068611111114" lon="139.88879694444444">
<ele>5</ele>
</trkpt>
<trkpt lat="35.846111666666665" lon="139.8888127777778">
<ele>5</ele>
</trkpt>
<trkpt lat="35.846154722222224" lon="139.8888286111111">
<ele>5</ele>
</trkpt>
<trkpt lat="35.8461725" lon="139.8888352777778">
<ele>5</ele>
</trkpt>
<trkpt lat="35.8461725" lon="139.8888352777778">
<ele>5</ele>
</trkpt>
<trkpt lat="35.84621805555555" lon="139.8888425">
<ele>5</ele>
</trkpt>
<trkpt lat="35.84626361111111" lon="139.88884972222223">
<ele>5</ele>
</trkpt>
<trkpt lat="35.846309166666664" lon="139.88885666666667">
<ele>5</ele>
</trkpt>
<trkpt lat="35.846354444444444" lon="139.8888638888889">
<ele>6</ele>
</trkpt>
<trkpt lat="35.8464" lon="139.88887111111111">
<ele>6</ele>
</trkpt>
<trkpt lat="35.846445555555555" lon="139.88887805555555">
<ele>5</ele>
</trkpt>
<trkpt lat="35.84649111111111" lon="139.88888527777777">
<ele>5</ele>
</trkpt>
<trkpt lat="35.846536388888886" lon="139.8888925">
<ele>5</ele>
</trkpt>
<trkpt lat="35.846581944444445" lon="139.88889944444443">
<ele>5</ele>
</trkpt>
<trkpt lat="35.8466275" lon="139.88890666666666">
<ele>5</ele>
</trkpt>
<trkpt lat="35.846673055555556" lon="139.88891388888888">
<ele>5</ele>
</trkpt>
<trkpt lat="35.846718333333335" lon="139.88892083333334">
<ele>5</ele>
</trkpt>
<trkpt lat="35.84676388888889" lon="139.88892805555557">
<ele>5</ele>
</trkpt>
<trkpt lat="35.846809444444446" lon="139.8889352777778">
<ele>5</ele>
</trkpt>
<trkpt lat="35.846855" lon="139.88894222222223">
<ele>5</ele>
</trkpt>
<trkpt lat="35.84690027777778" lon="139.88894944444445">
<ele>5</ele>
</trkpt>
<trkpt lat="35.846945833333336" lon="139.8889563888889">
<ele>5</ele>
</trkpt>
<trkpt lat="35.84699138888889" lon="139.8889636111111">
<ele>5</ele>
</trkpt>
<trkpt lat="35.84703694444445" lon="139.88897083333333">
<ele>5</ele>
</trkpt>
<trkpt lat="35.84708222222222" lon="139.88897777777777">
<ele>5</ele>
</trkpt>
<trkpt lat="35.84712777777778" lon="139.888985">
<ele>5</ele>
</trkpt>
<trkpt lat="35.84717333333333" lon="139.8889922222222">
<ele>5</ele>
</trkpt>
<trkpt lat="35.84721888888889" lon="139.88899916666668">
<ele>5</ele>
</trkpt>
<trkpt lat="35.84726416666667" lon="139.8890063888889">
<ele>5</ele>
</trkpt>
<trkpt lat="35.84730972222222" lon="139.88901361111112">
<ele>5</ele>
</trkpt>
<trkpt lat="35.84735527777778" lon="139.88902055555556">
<ele>5</ele>
</trkpt>
<trkpt lat="35.84740083333333" lon="139.88902777777778">
<ele>5</ele>
</trkpt>
<trkpt lat="35.84744611111111" lon="139.889035">
<ele>5</ele>
</trkpt>
<trkpt lat="35.84749166666667" lon="139.88904194444444">
<ele>5</ele>
</trkpt>
<trkpt lat="35.84753722222222" lon="139.88904916666667">
<ele>5</ele>
</trkpt>
<trkpt lat="35.84758277777778" lon="139.8890563888889">
<ele>5</ele>
</trkpt>
<trkpt lat="35.84762805555555" lon="139.88906333333333">
<ele>5</ele>
</trkpt>
<trkpt lat="35.84767361111111" lon="139.88907055555555">
<ele>5</ele>
</trkpt>
<trkpt lat="35.847719166666664" lon="139.88907777777777">
<ele>5</ele>
</trkpt>
<trkpt lat="35.84776472222222" lon="139.88908472222224">
<ele>5</ele>
</trkpt>
<trkpt lat="35.84781" lon="139.88909194444443">
<ele>5</ele>
</trkpt>
<trkpt lat="35.847855555555554" lon="139.88909916666665">
<ele>5</ele>
</trkpt>
<trkpt lat="35.84790111111111" lon="139.88910611111112">
<ele>5</ele>
</trkpt>
<trkpt lat="35.84790111111111" lon="139.88910611111112">
<ele>5</ele>
</trkpt>
<trkpt lat="35.847945833333334" lon="139.88910777777778">
<ele>5</ele>
</trkpt>
<trkpt lat="35.847990833333334" lon="139.88910972222223">
<ele>5</ele>
</trkpt>
<trkpt lat="35.848035833333334" lon="139.8891113888889">
<ele>5</ele>
</trkpt>
<trkpt lat="35.84804444444445" lon="139.88911166666668">
<ele>5</ele>
</trkpt>
<trkpt lat="35.84804444444445" lon="139.88911166666668">
<ele>5</ele>
</trkpt>
<trkpt lat="35.84808916666667" lon="139.88910611111112">
<ele>5</ele>
</trkpt>
<trkpt lat="35.84813388888889" lon="139.88910083333334">
<ele>5</ele>
</trkpt>
<trkpt lat="35.84817861111111" lon="139.88909527777778">
<ele>5</ele>
</trkpt>
<trkpt lat="35.84822333333334" lon="139.88909">
<ele>5</ele>
</trkpt>
<trkpt lat="35.84826638888889" lon="139.88908472222224">
<ele>5</ele>
</trkpt>
<trkpt lat="35.84826638888889" lon="139.88908472222224">
<ele>5</ele>
</trkpt>
<trkpt lat="35.84831111111111" lon="139.88908416666666">
<ele>5</ele>
</trkpt>
<trkpt lat="35.84835611111111" lon="139.88908388888888">
<ele>5</ele>
</trkpt>
<trkpt lat="35.84840111111111" lon="139.88908333333333">
<ele>5</ele>
</trkpt>
<trkpt lat="35.84844583333334" lon="139.8890827777778">
<ele>5</ele>
</trkpt>
<trkpt lat="35.84849083333334" lon="139.8890825">
<ele>5</ele>
</trkpt>
<trkpt lat="35.84851638888889" lon="139.8890822222222">
<ele>5</ele>
</trkpt>
<trkpt lat="35.84851638888889" lon="139.8890822222222">
<ele>5</ele>
</trkpt>
<trkpt lat="35.84856111111111" lon="139.88908">
<ele>5</ele>
</trkpt>
<trkpt lat="35.84860611111111" lon="139.88907805555556">
<ele>5</ele>
</trkpt>
<trkpt lat="35.84865111111111" lon="139.88907583333332">
<ele>5</ele>
</trkpt>
<trkpt lat="35.84869583333333" lon="139.8890738888889">
<ele>5</ele>
</trkpt>
<trkpt lat="35.84874083333333" lon="139.88907166666667">
<ele>5</ele>
</trkpt>
<trkpt lat="35.84878555555556" lon="139.88906972222222">
<ele>5</ele>
</trkpt>
<trkpt lat="35.84883055555556" lon="139.8890675">
<ele>5</ele>
</trkpt>
<trkpt lat="35.84887527777778" lon="139.88906555555556">
<ele>5</ele>
</trkpt>
<trkpt lat="35.84892027777778" lon="139.88906333333333">
<ele>5</ele>
</trkpt>
<trkpt lat="35.84896527777778" lon="139.88906138888888">
<ele>5</ele>
</trkpt>
<trkpt lat="35.84901" lon="139.88905916666667">
<ele>5</ele>
</trkpt>
<trkpt lat="35.849055" lon="139.88905722222222">
<ele>5</ele>
</trkpt>
<trkpt lat="35.84909972222222" lon="139.889055">
<ele>5</ele>
</trkpt>
<trkpt lat="35.84914472222222" lon="139.88905305555556">
<ele>5</ele>
</trkpt>
<trkpt lat="35.84918972222222" lon="139.88905083333333">
<ele>5</ele>
</trkpt>
<trkpt lat="35.84921194444444" lon="139.88905">
<ele>5</ele>
</trkpt>
<trkpt lat="35.84921194444444" lon="139.88905">
<ele>5</ele>
</trkpt>
<trkpt lat="35.84925694444444" lon="139.88905416666665">
<ele>5</ele>
</trkpt>
<trkpt lat="35.84930166666667" lon="139.88905833333334">
<ele>5</ele>
</trkpt>
<trkpt lat="35.84934638888889" lon="139.8890625">
<ele>5</ele>
</trkpt>
<trkpt lat="35.84939111111111" lon="139.88906666666668">
<ele>5</ele>
</trkpt>
<trkpt lat="35.84943611111111" lon="139.88907083333334">
<ele>5</ele>
</trkpt>
<trkpt lat="35.84948083333333" lon="139.889075">
<ele>5</ele>
</trkpt>
<trkpt lat="35.84952555555556" lon="139.88907916666668">
<ele>5</ele>
</trkpt>
<trkpt lat="35.84957027777778" lon="139.88908333333333">
<ele>5</ele>
</trkpt>
<trkpt lat="35.84958611111111" lon="139.88908472222224">
<ele>5</ele>
</trkpt>
<trkpt lat="35.84958611111111" lon="139.88908472222224">
<ele>5</ele>
</trkpt>
<trkpt lat="35.84963055555556" lon="139.8890927777778">
<ele>5</ele>
</trkpt>
<trkpt lat="35.849675" lon="139.88910055555556">
<ele>5</ele>
</trkpt>
<trkpt lat="35.849719444444446" lon="139.88910833333333">
<ele>5</ele>
</trkpt>
<trkpt lat="35.84976388888889" lon="139.88911611111112">
<ele>5</ele>
</trkpt>
<trkpt lat="35.849808333333335" lon="139.88912416666668">
<ele>5</ele>
</trkpt>
<trkpt lat="35.84985277777778" lon="139.88913194444444">
<ele>5</ele>
</trkpt>
<trkpt lat="35.849897222222225" lon="139.8891397222222">
<ele>5</ele>
</trkpt>
<trkpt lat="35.849941666666666" lon="139.88914777777777">
<ele>5</ele>
</trkpt>
<trkpt lat="35.849986111111114" lon="139.88915555555556">
<ele>5</ele>
</trkpt>
<trkpt lat="35.850030555555556" lon="139.88916333333333">
<ele>5</ele>
</trkpt>
<trkpt lat="35.850075" lon="139.88917138888888">
<ele>5</ele>
</trkpt>
<trkpt lat="35.850119444444445" lon="139.88917916666668">
<ele>5</ele>
</trkpt>
<trkpt lat="35.850163888888886" lon="139.88918694444445">
<ele>5</ele>
</trkpt>
<trkpt lat="35.850207777777776" lon="139.88919472222221">
<ele>5</ele>
</trkpt>
<trkpt lat="35.850207777777776" lon="139.88919472222221">
<ele>5</ele>
</trkpt>
<trkpt lat="35.85024888888889" lon="139.88921722222221">
<ele>4</ele>
</trkpt>
<trkpt lat="35.85029" lon="139.88923972222221">
<ele>5</ele>
</trkpt>
<trkpt lat="35.85033111111111" lon="139.88926194444446">
<ele>5</ele>
</trkpt>
<trkpt lat="35.85037194444445" lon="139.88928444444446">
<ele>5</ele>
</trkpt>
<trkpt lat="35.850413055555556" lon="139.88930694444446">
<ele>5</ele>
</trkpt>
<trkpt lat="35.850454166666665" lon="139.88932944444446">
<ele>4</ele>
</trkpt>
<trkpt lat="35.850495277777775" lon="139.88935194444446">
<ele>5</ele>
</trkpt>
<trkpt lat="35.85053166666667" lon="139.88937166666668">
<ele>5</ele>
</trkpt>
<trkpt lat="35.85053166666667" lon="139.88937166666668">
<ele>5</ele>
</trkpt>
<trkpt lat="35.850570833333336" lon="139.88939916666666">
<ele>5</ele>
</trkpt>
<trkpt lat="35.850609722222224" lon="139.88942666666668">
<ele>5</ele>
</trkpt>
<trkpt lat="35.85064888888889" lon="139.88945416666667">
<ele>5</ele>
</trkpt>
<trkpt lat="35.85068777777778" lon="139.88948166666665">
<ele>5</ele>
</trkpt>
<trkpt lat="35.85072666666667" lon="139.88950916666667">
<ele>5</ele>
</trkpt>
<trkpt lat="35.850765833333334" lon="139.8895363888889">
<ele>5</ele>
</trkpt>
<trkpt lat="35.85080472222222" lon="139.8895638888889">
<ele>5</ele>
</trkpt>
<trkpt lat="35.85084388888889" lon="139.8895913888889">
<ele>5</ele>
</trkpt>
<trkpt lat="35.85088277777778" lon="139.8896188888889">
<ele>5</ele>
</trkpt>
<trkpt lat="35.850921944444444" lon="139.88964638888888">
<ele>5</ele>
</trkpt>
<trkpt lat="35.85096083333333" lon="139.8896738888889">
<ele>5</ele>
</trkpt>
<trkpt lat="35.851" lon="139.88970111111112">
<ele>5</ele>
</trkpt>
<trkpt lat="35.85103888888889" lon="139.8897286111111">
<ele>5</ele>
</trkpt>
<trkpt lat="35.851078055555554" lon="139.8897561111111">
<ele>5</ele>
</trkpt>
<trkpt lat="35.85108833333334" lon="139.88976333333332">
<ele>5</ele>
</trkpt>
<trkpt lat="35.85108833333334" lon="139.88976333333332">
<ele>5</ele>
</trkpt>
<trkpt lat="35.851126388888886" lon="139.88979277777779">
<ele>5</ele>
</trkpt>
<trkpt lat="35.85116444444444" lon="139.88982222222222">
<ele>5</ele>
</trkpt>
<trkpt lat="35.8512025" lon="139.88985194444444">
<ele>5</ele>
</trkpt>
<trkpt lat="35.85124027777778" lon="139.88988138888888">
<ele>4</ele>
</trkpt>
<trkpt lat="35.85127833333333" lon="139.88991083333335">
<ele>5</ele>
</trkpt>
<trkpt lat="35.85131638888889" lon="139.88994027777778">
<ele>5</ele>
</trkpt>
<trkpt lat="35.851354444444446" lon="139.88996972222222">
<ele>5</ele>
</trkpt>
<trkpt lat="35.8513925" lon="139.88999916666666">
<ele>5</ele>
</trkpt>
<trkpt lat="35.85143055555555" lon="139.89002861111112">
<ele>5</ele>
</trkpt>
<trkpt lat="35.85146861111111" lon="139.89005805555556">
<ele>5</ele>
</trkpt>
<trkpt lat="35.851506666666666" lon="139.8900875">
<ele>5</ele>
</trkpt>
<trkpt lat="35.85154472222222" lon="139.89011722222222">
<ele>5</ele>
</trkpt>
<trkpt lat="35.85158277777778" lon="139.89014666666668">
<ele>5</ele>
</trkpt>
<trkpt lat="35.851620833333335" lon="139.89017611111112">
<ele>5</ele>
</trkpt>
<trkpt lat="35.85165888888889" lon="139.89020555555555">
<ele>5</ele>
</trkpt>
<trkpt lat="35.85169055555556" lon="139.89023">
<ele>5</ele>
</trkpt>
<trkpt lat="35.85169055555556" lon="139.89023">
<ele>5</ele>
</trkpt>
<trkpt lat="35.851728055555554" lon="139.89026055555556">
<ele>5</ele>
</trkpt>
<trkpt lat="35.85176555555555" lon="139.89029083333332">
<ele>5</ele>
</trkpt>
<trkpt lat="35.85180305555556" lon="139.89032138888888">
<ele>5</ele>
</trkpt>
<trkpt lat="35.851840555555555" lon="139.89035194444443">
<ele>5</ele>
</trkpt>
<trkpt lat="35.85187805555555" lon="139.89038222222223">
<ele>5</ele>
</trkpt>
<trkpt lat="35.85191555555556" lon="139.89041277777778">
<ele>5</ele>
</trkpt>
<trkpt lat="35.851953055555555" lon="139.89044305555555">
<ele>5</ele>
</trkpt>
<trkpt lat="35.85199083333333" lon="139.8904736111111">
<ele>5</ele>
</trkpt>
<trkpt lat="35.85202833333334" lon="139.89050416666666">
<ele>5</ele>
</trkpt>
<trkpt lat="35.852065833333334" lon="139.89053444444446">
<ele>5</ele>
</trkpt>
<trkpt lat="35.85210333333333" lon="139.890565">
<ele>5</ele>
</trkpt>
<trkpt lat="35.85214083333333" lon="139.89059527777778">
<ele>5</ele>
</trkpt>
<trkpt lat="35.852178333333335" lon="139.89062583333333">
<ele>5</ele>
</trkpt>
<trkpt lat="35.85221583333333" lon="139.89065638888889">
<ele>5</ele>
</trkpt>
<trkpt lat="35.85225333333333" lon="139.89068666666665">
<ele>5</ele>
</trkpt>
<trkpt lat="35.852290833333335" lon="139.89071722222224">
<ele>5</ele>
</trkpt>
<trkpt lat="35.85232861111111" lon="139.8907475">
<ele>5</ele>
</trkpt>
<trkpt lat="35.85236611111111" lon="139.89077805555556">
<ele>5</ele>
</trkpt>
<trkpt lat="35.852403611111114" lon="139.8908086111111">
<ele>5</ele>
</trkpt>
<trkpt lat="35.85244111111111" lon="139.89083888888888">
<ele>5</ele>
</trkpt>
<trkpt lat="35.85247861111111" lon="139.89086944444443">
<ele>5</ele>
</trkpt>
<trkpt lat="35.852516111111115" lon="139.89089972222223">
<ele>5</ele>
</trkpt>
<trkpt lat="35.85255361111111" lon="139.89093027777778">
<ele>5</ele>
</trkpt>
<trkpt lat="35.85259111111111" lon="139.89096083333334">
<ele>5</ele>
</trkpt>
<trkpt lat="35.85262861111111" lon="139.8909911111111">
<ele>5</ele>
</trkpt>
<trkpt lat="35.85266638888889" lon="139.89102166666666">
<ele>5</ele>
</trkpt>
<trkpt lat="35.85270388888889" lon="139.89105194444446">
<ele>5</ele>
</trkpt>
<trkpt lat="35.85274138888889" lon="139.8910825">
<ele>5</ele>
</trkpt>
<trkpt lat="35.85277888888889" lon="139.89111305555556">
<ele>5</ele>
</trkpt>
<trkpt lat="35.852795" lon="139.89112583333332">
<ele>5</ele>
</trkpt>
<trkpt lat="35.852795" lon="139.89112583333332">
<ele>5</ele>
</trkpt>
<trkpt lat="35.85283388888889" lon="139.89115305555555">
<ele>5</ele>
</trkpt>
<trkpt lat="35.852873055555555" lon="139.89118027777778">
<ele>5</ele>
</trkpt>
<trkpt lat="35.85291222222222" lon="139.8912075">
<ele>5</ele>
</trkpt>
<trkpt lat="35.85295138888889" lon="139.8912347222222">
<ele>5</ele>
</trkpt>
<trkpt lat="35.85299055555556" lon="139.89126194444444">
<ele>5</ele>
</trkpt>
<trkpt lat="35.853029722222225" lon="139.89128916666667">
<ele>5</ele>
</trkpt>
<trkpt lat="35.85306861111111" lon="139.8913163888889">
<ele>5</ele>
</trkpt>
<trkpt lat="35.85308388888889" lon="139.89132722222223">
<ele>5</ele>
</trkpt>
<trkpt lat="35.85308388888889" lon="139.89132722222223">
<ele>5</ele>
</trkpt>
<trkpt lat="35.85312472222222" lon="139.89135083333332">
<ele>5</ele>
</trkpt>
<trkpt lat="35.85316527777778" lon="139.89137444444444">
<ele>5</ele>
</trkpt>
<trkpt lat="35.853205833333334" lon="139.89139805555556">
<ele>5</ele>
</trkpt>
<trkpt lat="35.85324638888889" lon="139.89142166666667">
<ele>5</ele>
</trkpt>
<trkpt lat="35.85328722222222" lon="139.8914452777778">
<ele>5</ele>
</trkpt>
<trkpt lat="35.85332777777778" lon="139.89146888888888">
<ele>5</ele>
</trkpt>
<trkpt lat="35.853368333333336" lon="139.8914925">
<ele>6</ele>
</trkpt>
<trkpt lat="35.853408888888886" lon="139.89151611111112">
<ele>6</ele>
</trkpt>
<trkpt lat="35.85344972222222" lon="139.89153972222223">
<ele>6</ele>
</trkpt>
<trkpt lat="35.85349027777778" lon="139.89156333333332">
<ele>6</ele>
</trkpt>
<trkpt lat="35.85353083333333" lon="139.89158722222223">
<ele>6</ele>
</trkpt>
<trkpt lat="35.85357138888889" lon="139.89161083333335">
<ele>6</ele>
</trkpt>
<trkpt lat="35.853612222222225" lon="139.89163444444443">
<ele>6</ele>
</trkpt>
<trkpt lat="35.853652777777775" lon="139.89165805555555">
<ele>6</ele>
</trkpt>
<trkpt lat="35.85369333333333" lon="139.89168166666667">
<ele>6</ele>
</trkpt>
<trkpt lat="35.85373416666667" lon="139.8917052777778">
<ele>6</ele>
</trkpt>
<trkpt lat="35.85377472222222" lon="139.89172888888888">
<ele>6</ele>
</trkpt>
<trkpt lat="35.85381527777778" lon="139.8917525">
<ele>6</ele>
</trkpt>
<trkpt lat="35.853855833333334" lon="139.8917761111111">
<ele>6</ele>
</trkpt>
<trkpt lat="35.85388611111111" lon="139.89179388888888">
<ele>6</ele>
</trkpt>
<trkpt lat="35.85388611111111" lon="139.89179388888888">
<ele>6</ele>
</trkpt>
<trkpt lat="35.853928055555556" lon="139.8918136111111">
<ele>6</ele>
</trkpt>
<trkpt lat="35.853970277777776" lon="139.89183333333332">
<ele>6</ele>
</trkpt>
<trkpt lat="35.854012222222224" lon="139.89185305555554">
<ele>6</ele>
</trkpt>
<trkpt lat="35.854054166666664" lon="139.8918727777778">
<ele>6</ele>
</trkpt>
<trkpt lat="35.85409611111111" lon="139.8918925">
<ele>6</ele>
</trkpt>
<trkpt lat="35.85413805555556" lon="139.89191222222223">
<ele>6</ele>
</trkpt>
<trkpt lat="35.85418" lon="139.89193194444445">
<ele>6</ele>
</trkpt>
<trkpt lat="35.85422194444445" lon="139.89195166666667">
<ele>6</ele>
</trkpt>
<trkpt lat="35.85426388888889" lon="139.8919713888889">
<ele>6</ele>
</trkpt>
<trkpt lat="35.854305833333335" lon="139.8919911111111">
<ele>6</ele>
</trkpt>
<trkpt lat="35.854347777777775" lon="139.89201083333333">
<ele>6</ele>
</trkpt>
<trkpt lat="35.85439" lon="139.89203055555555">
<ele>6</ele>
</trkpt>
<trkpt lat="35.85443194444444" lon="139.89205027777777">
<ele>6</ele>
</trkpt>
<trkpt lat="35.85447388888889" lon="139.89207">
<ele>5</ele>
</trkpt>
<trkpt lat="35.85451583333333" lon="139.8920897222222">
<ele>5</ele>
</trkpt>
<trkpt lat="35.85455777777778" lon="139.89210944444446">
<ele>5</ele>
</trkpt>
<trkpt lat="35.854599722222225" lon="139.89212916666668">
<ele>6</ele>
</trkpt>
<trkpt lat="35.854641666666666" lon="139.8921488888889">
<ele>6</ele>
</trkpt>
<trkpt lat="35.854645" lon="139.89215055555556">
<ele>6</ele>
</trkpt>
<trkpt lat="35.854645" lon="139.89215055555556">
<ele>6</ele>
</trkpt>
<trkpt lat="35.85468777777778" lon="139.8921672222222">
<ele>6</ele>
</trkpt>
<trkpt lat="35.854730555555555" lon="139.8921838888889">
<ele>6</ele>
</trkpt>
<trkpt lat="35.854773333333334" lon="139.89220055555555">
<ele>6</ele>
</trkpt>
<trkpt lat="35.85481638888889" lon="139.89221722222223">
<ele>6</ele>
</trkpt>
<trkpt lat="35.854859166666664" lon="139.89223388888888">
<ele>6</ele>
</trkpt>
<trkpt lat="35.85490194444444" lon="139.89225055555556">
<ele>6</ele>
</trkpt>
<trkpt lat="35.85494472222222" lon="139.89226694444446">
<ele>6</ele>
</trkpt>
<trkpt lat="35.85498777777778" lon="139.8922836111111">
<ele>6</ele>
</trkpt>
<trkpt lat="35.85503055555556" lon="139.89230027777776">
<ele>6</ele>
</trkpt>
<trkpt lat="35.85507333333333" lon="139.89231694444445">
<ele>6</ele>
</trkpt>
<trkpt lat="35.85511611111111" lon="139.8923336111111">
<ele>6</ele>
</trkpt>
<trkpt lat="35.85515888888889" lon="139.89235027777778">
<ele>6</ele>
</trkpt>
<trkpt lat="35.855201944444445" lon="139.89236694444443">
<ele>6</ele>
</trkpt>
<trkpt lat="35.855244722222224" lon="139.89238361111111">
<ele>6</ele>
</trkpt>
<trkpt lat="35.8552875" lon="139.89240027777777">
<ele>6</ele>
</trkpt>
<trkpt lat="35.855330277777774" lon="139.89241694444445">
<ele>6</ele>
</trkpt>
<trkpt lat="35.85537333333333" lon="139.8924336111111">
<ele>6</ele>
</trkpt>
<trkpt lat="35.85541611111111" lon="139.89245027777778">
<ele>6</ele>
</trkpt>
<trkpt lat="35.85545888888889" lon="139.89246694444444">
<ele>6</ele>
</trkpt>
<trkpt lat="35.85550166666667" lon="139.89248361111112">
<ele>6</ele>
</trkpt>
<trkpt lat="35.85554472222222" lon="139.8925">
<ele>6</ele>
</trkpt>
<trkpt lat="35.8555875" lon="139.89251666666667">
<ele>6</ele>
</trkpt>
<trkpt lat="35.85559055555556" lon="139.89251805555554">
<ele>6</ele>
</trkpt>
<trkpt lat="35.85559055555556" lon="139.89251805555554">
<ele>6</ele>
</trkpt>
<trkpt lat="35.85563333333333" lon="139.89253472222222">
<ele>6</ele>
</trkpt>
<trkpt lat="35.85567638888889" lon="139.89255138888888">
<ele>6</ele>
</trkpt>
<trkpt lat="35.85571916666667" lon="139.89256805555556">
<ele>6</ele>
</trkpt>
<trkpt lat="35.855761944444446" lon="139.8925847222222">
<ele>6</ele>
</trkpt>
<trkpt lat="35.855804722222224" lon="139.8926013888889">
<ele>6</ele>
</trkpt>
<trkpt lat="35.8558475" lon="139.89261805555554">
<ele>6</ele>
</trkpt>
<trkpt lat="35.855890555555554" lon="139.89263472222223">
<ele>6</ele>
</trkpt>
<trkpt lat="35.85593333333333" lon="139.89265138888888">
<ele>6</ele>
</trkpt>
<trkpt lat="35.85597611111111" lon="139.89266777777777">
<ele>6</ele>
</trkpt>
<trkpt lat="35.85601888888889" lon="139.89268444444446">
<ele>6</ele>
</trkpt>
<trkpt lat="35.85606194444444" lon="139.8927011111111">
<ele>6</ele>
</trkpt>
<trkpt lat="35.85610472222222" lon="139.8927177777778">
<ele>6</ele>
</trkpt>
<trkpt lat="35.8561475" lon="139.89273444444444">
<ele>5</ele>
</trkpt>
<trkpt lat="35.85619027777778" lon="139.89275111111112">
<ele>5</ele>
</trkpt>
<trkpt lat="35.856233055555556" lon="139.89276777777778">
<ele>5</ele>
</trkpt>
<trkpt lat="35.85626666666667" lon="139.89278083333335">
<ele>5</ele>
</trkpt>
<trkpt lat="35.85626666666667" lon="139.89278083333335">
<ele>5</ele>
</trkpt>
<trkpt lat="35.85630944444444" lon="139.8927972222222">
<ele>5</ele>
</trkpt>
<trkpt lat="35.8563525" lon="139.8928138888889">
<ele>6</ele>
</trkpt>
<trkpt lat="35.85639527777778" lon="139.8928302777778">
<ele>6</ele>
</trkpt>
<trkpt lat="35.85643833333334" lon="139.89284666666666">
<ele>6</ele>
</trkpt>
<trkpt lat="35.85648111111111" lon="139.89286305555555">
<ele>6</ele>
</trkpt>
<trkpt lat="35.85652388888889" lon="139.89287972222223">
<ele>6</ele>
</trkpt>
<trkpt lat="35.856566944444445" lon="139.8928961111111">
<ele>6</ele>
</trkpt>
<trkpt lat="35.856609722222224" lon="139.8929125">
<ele>6</ele>
</trkpt>
<trkpt lat="35.856652777777775" lon="139.8929288888889">
<ele>6</ele>
</trkpt>
<trkpt lat="35.856695555555554" lon="139.89294527777778">
<ele>6</ele>
</trkpt>
<trkpt lat="35.85673833333333" lon="139.89296194444444">
<ele>6</ele>
</trkpt>
<trkpt lat="35.85678138888889" lon="139.89297833333333">
<ele>6</ele>
</trkpt>
<trkpt lat="35.85682416666667" lon="139.89299472222223">
<ele>6</ele>
</trkpt>
<trkpt lat="35.85686722222222" lon="139.89301111111112">
<ele>6</ele>
</trkpt>
<trkpt lat="35.85691" lon="139.89302777777777">
<ele>6</ele>
</trkpt>
<trkpt lat="35.85695305555556" lon="139.89304416666667">
<ele>6</ele>
</trkpt>
<trkpt lat="35.856995833333336" lon="139.89306055555556">
<ele>6</ele>
</trkpt>
<trkpt lat="35.85703861111111" lon="139.89307694444443">
<ele>6</ele>
</trkpt>
<trkpt lat="35.857081666666666" lon="139.8930936111111">
<ele>6</ele>
</trkpt>
<trkpt lat="35.857124444444445" lon="139.89311">
<ele>6</ele>
</trkpt>
<trkpt lat="35.8571675" lon="139.8931263888889">
<ele>6</ele>
</trkpt>
<trkpt lat="35.857210277777774" lon="139.89314277777777">
<ele>6</ele>
</trkpt>
<trkpt lat="35.85725305555555" lon="139.89315916666666">
<ele>6</ele>
</trkpt>
<trkpt lat="35.85729611111111" lon="139.89317583333334">
<ele>6</ele>
</trkpt>
<trkpt lat="35.85730138888889" lon="139.89317777777777">
<ele>6</ele>
</trkpt>
<trkpt lat="35.85730138888889" lon="139.89317777777777">
<ele>6</ele>
</trkpt>
<trkpt lat="35.85734444444444" lon="139.89319416666666">
<ele>6</ele>
</trkpt>
<trkpt lat="35.85738722222222" lon="139.89321083333334">
<ele>6</ele>
</trkpt>
<trkpt lat="35.85743" lon="139.8932272222222">
<ele>6</ele>
</trkpt>
<trkpt lat="35.85747305555556" lon="139.8932436111111">
<ele>6</ele>
</trkpt>
<trkpt lat="35.85751583333333" lon="139.89326">
<ele>6</ele>
</trkpt>
<trkpt lat="35.85755888888889" lon="139.8932763888889">
<ele>6</ele>
</trkpt>
<trkpt lat="35.85760166666667" lon="139.8932927777778">
<ele>6</ele>
</trkpt>
<trkpt lat="35.857644722222226" lon="139.89330944444444">
<ele>6</ele>
</trkpt>
<trkpt lat="35.8576875" lon="139.89332583333334">
<ele>6</ele>
</trkpt>
<trkpt lat="35.857730277777776" lon="139.89334222222223">
<ele>6</ele>
</trkpt>
<trkpt lat="35.857773333333334" lon="139.8933586111111">
<ele>6</ele>
</trkpt>
<trkpt lat="35.85781611111111" lon="139.893375">
<ele>6</ele>
</trkpt>
<trkpt lat="35.857859166666664" lon="139.89339166666667">
<ele>6</ele>
</trkpt>
<trkpt lat="35.85790194444444" lon="139.89340805555557">
<ele>6</ele>
</trkpt>
<trkpt lat="35.85794472222222" lon="139.89342444444443">
<ele>6</ele>
</trkpt>
<trkpt lat="35.85798777777778" lon="139.89344083333333">
<ele>6</ele>
</trkpt>
<trkpt lat="35.85803055555556" lon="139.89345722222222">
<ele>6</ele>
</trkpt>
<trkpt lat="35.85807361111111" lon="139.89347361111112">
<ele>6</ele>
</trkpt>
<trkpt lat="35.85811638888889" lon="139.89349027777777">
<ele>6</ele>
</trkpt>
<trkpt lat="35.858159444444446" lon="139.89350666666667">
<ele>6</ele>
</trkpt>
<trkpt lat="35.85816222222222" lon="139.89350777777778">
<ele>6</ele>
</trkpt>
<trkpt lat="35.85816222222222" lon="139.89350777777778">
<ele>6</ele>
</trkpt>
<trkpt lat="35.85820527777778" lon="139.89352444444444">
<ele>6</ele>
</trkpt>
<trkpt lat="35.858248055555556" lon="139.89354083333333">
<ele>6</ele>
</trkpt>
<trkpt lat="35.858290833333335" lon="139.8935575">
<ele>6</ele>
</trkpt>
<trkpt lat="35.858333611111114" lon="139.89357416666667">
<ele>6</ele>
</trkpt>
<trkpt lat="35.858376666666665" lon="139.89359083333332">
<ele>6</ele>
</trkpt>
<trkpt lat="35.85841944444444" lon="139.8936075">
<ele>6</ele>
</trkpt>
<trkpt lat="35.85846222222222" lon="139.8936238888889">
<ele>6</ele>
</trkpt>
<trkpt lat="35.858505" lon="139.89364055555555">
<ele>6</ele>
</trkpt>
<trkpt lat="35.85854805555555" lon="139.89365722222223">
<ele>6</ele>
</trkpt>
<trkpt lat="35.85859083333333" lon="139.89367388888888">
<ele>6</ele>
</trkpt>
<trkpt lat="35.85863361111111" lon="139.89369027777778">
<ele>6</ele>
</trkpt>
<trkpt lat="35.85867638888889" lon="139.89370694444443">
<ele>6</ele>
</trkpt>
<trkpt lat="35.858719444444446" lon="139.8937236111111">
<ele>6</ele>
</trkpt>
<trkpt lat="35.858762222222225" lon="139.89374027777777">
<ele>6</ele>
</trkpt>
<trkpt lat="35.858805" lon="139.89375694444445">
<ele>6</ele>
</trkpt>
<trkpt lat="35.858848055555555" lon="139.89377333333334">
<ele>6</ele>
</trkpt>
<trkpt lat="35.858890833333334" lon="139.89379">
<ele>6</ele>
</trkpt>
<trkpt lat="35.85893361111111" lon="139.89380666666668">
<ele>6</ele>
</trkpt>
<trkpt lat="35.85897638888889" lon="139.89382333333333">
<ele>6</ele>
</trkpt>
<trkpt lat="35.85901944444444" lon="139.89383972222222">
<ele>6</ele>
</trkpt>
<trkpt lat="35.85906222222222" lon="139.89385638888888">
<ele>6</ele>
</trkpt>
<trkpt lat="35.859105" lon="139.89387305555556">
<ele>6</ele>
</trkpt>
<trkpt lat="35.85914777777778" lon="139.8938897222222">
<ele>6</ele>
</trkpt>
<trkpt lat="35.85919083333334" lon="139.8939063888889">
<ele>6</ele>
</trkpt>
<trkpt lat="35.85923361111111" lon="139.8939227777778">
<ele>6</ele>
</trkpt>
<trkpt lat="35.85927638888889" lon="139.89393944444444">
<ele>6</ele>
</trkpt>
<trkpt lat="35.85929055555555" lon="139.893945">
<ele>6</ele>
</trkpt>
<trkpt lat="35.85929055555555" lon="139.893945">
<ele>6</ele>
</trkpt>
<trkpt lat="35.85933333333333" lon="139.8939613888889">
<ele>6</ele>
</trkpt>
<trkpt lat="35.85937638888889" lon="139.8939777777778">
<ele>6</ele>
</trkpt>
<trkpt lat="35.85941916666667" lon="139.89399416666666">
<ele>6</ele>
</trkpt>
<trkpt lat="35.85946222222222" lon="139.89401055555555">
<ele>6</ele>
</trkpt>
<trkpt lat="35.859505" lon="139.89402694444445">
<ele>6</ele>
</trkpt>
<trkpt lat="35.85954777777778" lon="139.8940436111111">
<ele>6</ele>
</trkpt>
<trkpt lat="35.859590833333336" lon="139.89406">
<ele>6</ele>
</trkpt>
<trkpt lat="35.859633611111114" lon="139.8940763888889">
<ele>6</ele>
</trkpt>
<trkpt lat="35.859676666666665" lon="139.8940927777778">
<ele>6</ele>
</trkpt>
<trkpt lat="35.859719444444444" lon="139.89410916666668">
<ele>6</ele>
</trkpt>
<trkpt lat="35.8597625" lon="139.89412555555555">
<ele>6</ele>
</trkpt>
<trkpt lat="35.85980527777778" lon="139.89414194444444">
<ele>6</ele>
</trkpt>
<trkpt lat="35.85984805555555" lon="139.89415861111112">
<ele>6</ele>
</trkpt>
<trkpt lat="35.85989111111111" lon="139.894175">
<ele>5</ele>
</trkpt>
<trkpt lat="35.85993388888889" lon="139.89419138888888">
<ele>5</ele>
</trkpt>
<trkpt lat="35.85997694444445" lon="139.89420777777778">
<ele>5</ele>
</trkpt>
<trkpt lat="35.86001972222222" lon="139.89422416666667">
<ele>5</ele>
</trkpt>
<trkpt lat="35.86006277777778" lon="139.89424055555557">
<ele>5</ele>
</trkpt>
<trkpt lat="35.860105555555556" lon="139.89425694444444">
<ele>5</ele>
</trkpt>
<trkpt lat="35.860148333333335" lon="139.89427361111112">
<ele>5</ele>
</trkpt>
<trkpt lat="35.860191388888886" lon="139.89429">
<ele>5</ele>
</trkpt>
<trkpt lat="35.860234166666665" lon="139.89430638888888">
<ele>5</ele>
</trkpt>
<trkpt lat="35.860236111111114" lon="139.89430694444445">
<ele>5</ele>
</trkpt>
<trkpt lat="35.860236111111114" lon="139.89430694444445">
<ele>5</ele>
</trkpt>
<trkpt lat="35.86027888888889" lon="139.8943236111111">
<ele>5</ele>
</trkpt>
<trkpt lat="35.86032194444444" lon="139.89434">
<ele>5</ele>
</trkpt>
<trkpt lat="35.86036472222222" lon="139.8943563888889">
<ele>5</ele>
</trkpt>
<trkpt lat="35.8604075" lon="139.89437305555555">
<ele>5</ele>
</trkpt>
<trkpt lat="35.86045055555556" lon="139.89438944444444">
<ele>5</ele>
</trkpt>
<trkpt lat="35.86049333333333" lon="139.89440611111112">
<ele>5</ele>
</trkpt>
<trkpt lat="35.86053638888889" lon="139.8944225">
<ele>5</ele>
</trkpt>
<trkpt lat="35.86057916666667" lon="139.89443888888889">
<ele>5</ele>
</trkpt>
<trkpt lat="35.860621944444446" lon="139.89445555555557">
<ele>5</ele>
</trkpt>
<trkpt lat="35.860665" lon="139.89447194444443">
<ele>5</ele>
</trkpt>
<trkpt lat="35.860707777777776" lon="139.89448861111111">
<ele>5</ele>
</trkpt>
<trkpt lat="35.860750555555555" lon="139.894505">
<ele>5</ele>
</trkpt>
<trkpt lat="35.860773055555555" lon="139.8945136111111">
<ele>5</ele>
</trkpt>
<trkpt lat="35.860773055555555" lon="139.8945136111111">
<ele>5</ele>
</trkpt>
<trkpt lat="35.86081611111111" lon="139.89452972222222">
<ele>5</ele>
</trkpt>
<trkpt lat="35.860859166666664" lon="139.89454555555557">
<ele>5</ele>
</trkpt>
<trkpt lat="35.86090194444444" lon="139.89456166666668">
<ele>5</ele>
</trkpt>
<trkpt lat="35.860945" lon="139.89457777777778">
<ele>5</ele>
</trkpt>
<trkpt lat="35.86098805555555" lon="139.8945936111111">
<ele>5</ele>
</trkpt>
<trkpt lat="35.86103111111111" lon="139.8946097222222">
<ele>5</ele>
</trkpt>
<trkpt lat="35.86107388888889" lon="139.89462583333332">
<ele>5</ele>
</trkpt>
<trkpt lat="35.86111694444445" lon="139.89464194444443">
<ele>5</ele>
</trkpt>
<trkpt lat="35.86116" lon="139.89465777777778">
<ele>5</ele>
</trkpt>
<trkpt lat="35.861203055555556" lon="139.8946738888889">
<ele>5</ele>
</trkpt>
<trkpt lat="35.861246111111114" lon="139.89469">
<ele>5</ele>
</trkpt>
<trkpt lat="35.861288888888886" lon="139.89470583333335">
<ele>5</ele>
</trkpt>
<trkpt lat="35.861331944444444" lon="139.89472194444446">
<ele>5</ele>
</trkpt>
<trkpt lat="35.861375" lon="139.89473805555556">
<ele>5</ele>
</trkpt>
<trkpt lat="35.86141805555555" lon="139.89475416666667">
<ele>5</ele>
</trkpt>
<trkpt lat="35.86146083333333" lon="139.89477">
<ele>5</ele>
</trkpt>
<trkpt lat="35.86150388888889" lon="139.8947861111111">
<ele>5</ele>
</trkpt>
<trkpt lat="35.86154694444444" lon="139.8948022222222">
<ele>5</ele>
</trkpt>
<trkpt lat="35.86159" lon="139.89481833333335">
<ele>5</ele>
</trkpt>
<trkpt lat="35.86163305555556" lon="139.89483416666667">
<ele>5</ele>
</trkpt>
<trkpt lat="35.86167583333334" lon="139.89485027777778">
<ele>5</ele>
</trkpt>
<trkpt lat="35.86171888888889" lon="139.8948663888889">
<ele>5</ele>
</trkpt>
<trkpt lat="35.861761944444446" lon="139.89488222222224">
<ele>5</ele>
</trkpt>
<trkpt lat="35.861805" lon="139.89489833333334">
<ele>5</ele>
</trkpt>
<trkpt lat="35.861848055555555" lon="139.89491444444445">
<ele>5</ele>
</trkpt>
<trkpt lat="35.861890833333334" lon="139.89493055555556">
<ele>5</ele>
</trkpt>
<trkpt lat="35.86193388888889" lon="139.89494638888888">
<ele>5</ele>
</trkpt>
<trkpt lat="35.86197694444444" lon="139.8949625">
<ele>5</ele>
</trkpt>
<trkpt lat="35.86202" lon="139.8949786111111">
<ele>5</ele>
</trkpt>
<trkpt lat="35.86206277777778" lon="139.89499444444445">
<ele>5</ele>
</trkpt>
<trkpt lat="35.86210583333333" lon="139.89501055555556">
<ele>5</ele>
</trkpt>
<trkpt lat="35.86214694444445" lon="139.89502583333334">
<ele>5</ele>
</trkpt>
<trkpt lat="35.86214694444445" lon="139.89502583333334">
<ele>5</ele>
</trkpt>
<trkpt lat="35.86219" lon="139.8950413888889">
<ele>5</ele>
</trkpt>
<trkpt lat="35.862233055555556" lon="139.89505694444443">
<ele>5</ele>
</trkpt>
<trkpt lat="35.862276111111115" lon="139.8950722222222">
<ele>5</ele>
</trkpt>
<trkpt lat="35.862319444444445" lon="139.89508777777777">
<ele>5</ele>
</trkpt>
<trkpt lat="35.8623625" lon="139.89510333333334">
<ele>5</ele>
</trkpt>
<trkpt lat="35.862405555555554" lon="139.8951188888889">
<ele>5</ele>
</trkpt>
<trkpt lat="35.86244888888889" lon="139.89513416666668">
<ele>5</ele>
</trkpt>
<trkpt lat="35.86249194444444" lon="139.89514972222221">
<ele>5</ele>
</trkpt>
<trkpt lat="35.862535" lon="139.89516527777778">
<ele>5</ele>
</trkpt>
<trkpt lat="35.86257805555555" lon="139.89518055555556">
<ele>5</ele>
</trkpt>
<trkpt lat="35.86262138888889" lon="139.89519611111112">
<ele>5</ele>
</trkpt>
<trkpt lat="35.86266444444444" lon="139.89521166666665">
<ele>5</ele>
</trkpt>
<trkpt lat="35.8627075" lon="139.89522722222222">
<ele>5</ele>
</trkpt>
<trkpt lat="35.86275055555556" lon="139.8952425">
<ele>5</ele>
</trkpt>
<trkpt lat="35.86279388888889" lon="139.89525805555556">
<ele>5</ele>
</trkpt>
<trkpt lat="35.862836944444446" lon="139.89527361111112">
<ele>5</ele>
</trkpt>
<trkpt lat="35.86288" lon="139.89528916666666">
<ele>5</ele>
</trkpt>
<trkpt lat="35.862923055555555" lon="139.89530444444443">
<ele>5</ele>
</trkpt>
<trkpt lat="35.862966388888886" lon="139.89532">
<ele>5</ele>
</trkpt>
<trkpt lat="35.863009444444444" lon="139.89533555555556">
<ele>5</ele>
</trkpt>
<trkpt lat="35.8630525" lon="139.8953511111111">
<ele>5</ele>
</trkpt>
<trkpt lat="35.86309555555555" lon="139.8953663888889">
<ele>5</ele>
</trkpt>
<trkpt lat="35.86313888888889" lon="139.89538194444444">
<ele>5</ele>
</trkpt>
<trkpt lat="35.86318194444444" lon="139.8953975">
<ele>5</ele>
</trkpt>
<trkpt lat="35.86322277777778" lon="139.89541222222223">
<ele>5</ele>
</trkpt>
<trkpt lat="35.86322277777778" lon="139.89541222222223">
<ele>5</ele>
</trkpt>
<trkpt lat="35.86326666666667" lon="139.89542472222223">
<ele>5</ele>
</trkpt>
<trkpt lat="35.86331027777778" lon="139.89543722222223">
<ele>5</ele>
</trkpt>
<trkpt lat="35.86335416666667" lon="139.89544972222222">
<ele>5</ele>
</trkpt>
<trkpt lat="35.86339777777778" lon="139.89546222222222">
<ele>5</ele>
</trkpt>
<trkpt lat="35.86344166666667" lon="139.89547472222222">
<ele>5</ele>
</trkpt>
<trkpt lat="35.86348527777778" lon="139.89548722222221">
<ele>5</ele>
</trkpt>
<trkpt lat="35.863529166666666" lon="139.8954997222222">
<ele>5</ele>
</trkpt>
<trkpt lat="35.863572777777776" lon="139.8955125">
<ele>5</ele>
</trkpt>
<trkpt lat="35.863616666666665" lon="139.895525">
<ele>5</ele>
</trkpt>
<trkpt lat="35.863660277777775" lon="139.8955375">
<ele>5</ele>
</trkpt>
<trkpt lat="35.863704166666665" lon="139.89555">
<ele>5</ele>
</trkpt>
<trkpt lat="35.863709722222225" lon="139.89555166666668">
<ele>5</ele>
</trkpt>
<trkpt lat="35.863709722222225" lon="139.89555166666668">
<ele>5</ele>
</trkpt>
<trkpt lat="35.863754166666666" lon="139.89555972222223">
<ele>5</ele>
</trkpt>
<trkpt lat="35.86379861111111" lon="139.8955675">
<ele>5</ele>
</trkpt>
<trkpt lat="35.863843055555556" lon="139.89557555555555">
<ele>5</ele>
</trkpt>
<trkpt lat="35.8638875" lon="139.8955836111111">
<ele>5</ele>
</trkpt>
<trkpt lat="35.863931944444445" lon="139.89559166666666">
<ele>5</ele>
</trkpt>
<trkpt lat="35.86397638888889" lon="139.89559972222222">
<ele>5</ele>
</trkpt>
<trkpt lat="35.864020833333335" lon="139.8956075">
<ele>5</ele>
</trkpt>
<trkpt lat="35.864065277777776" lon="139.89561555555557">
<ele>5</ele>
</trkpt>
<trkpt lat="35.864109722222224" lon="139.89562361111112">
<ele>5</ele>
</trkpt>
<trkpt lat="35.864111944444446" lon="139.89562388888888">
<ele>5</ele>
</trkpt>
<trkpt lat="35.864111944444446" lon="139.89562388888888">
<ele>5</ele>
</trkpt>
<trkpt lat="35.864156666666666" lon="139.89562777777778">
<ele>5</ele>
</trkpt>
<trkpt lat="35.86420138888889" lon="139.8956313888889">
<ele>5</ele>
</trkpt>
<trkpt lat="35.86424638888889" lon="139.89563527777779">
<ele>5</ele>
</trkpt>
<trkpt lat="35.86429111111111" lon="139.8956388888889">
<ele>5</ele>
</trkpt>
<trkpt lat="35.864335833333335" lon="139.89564277777777">
<ele>5</ele>
</trkpt>
<trkpt lat="35.864380833333335" lon="139.89564638888888">
<ele>5</ele>
</trkpt>
<trkpt lat="35.864425555555556" lon="139.89565027777778">
<ele>5</ele>
</trkpt>
<trkpt lat="35.86447027777778" lon="139.8956538888889">
<ele>5</ele>
</trkpt>
<trkpt lat="35.86451527777778" lon="139.89565777777779">
<ele>5</ele>
</trkpt>
<trkpt lat="35.86456" lon="139.8956613888889">
<ele>5</ele>
</trkpt>
<trkpt lat="35.864604722222225" lon="139.89566527777777">
<ele>5</ele>
</trkpt>
<trkpt lat="35.864649722222225" lon="139.89566888888888">
<ele>5</ele>
</trkpt>
<trkpt lat="35.864694444444446" lon="139.89567277777778">
<ele>5</ele>
</trkpt>
<trkpt lat="35.864739166666666" lon="139.89567666666667">
<ele>5</ele>
</trkpt>
<trkpt lat="35.86478416666667" lon="139.89568027777779">
<ele>5</ele>
</trkpt>
<trkpt lat="35.86482888888889" lon="139.89568416666665">
<ele>5</ele>
</trkpt>
<trkpt lat="35.864848888888886" lon="139.89568583333335">
<ele>5</ele>
</trkpt>
<trkpt lat="35.864848888888886" lon="139.89568583333335">
<ele>5</ele>
</trkpt>
<trkpt lat="35.864893611111114" lon="139.89568333333332">
<ele>5</ele>
</trkpt>
<trkpt lat="35.864938611111114" lon="139.89568083333333">
<ele>5</ele>
</trkpt>
<trkpt lat="35.864983333333335" lon="139.89567861111112">
<ele>5</ele>
</trkpt>
<trkpt lat="35.865028333333335" lon="139.8956761111111">
<ele>5</ele>
</trkpt>
<trkpt lat="35.865073055555555" lon="139.8956738888889">
<ele>5</ele>
</trkpt>
<trkpt lat="35.865118055555556" lon="139.8956713888889">
<ele>5</ele>
</trkpt>
<trkpt lat="35.865162777777776" lon="139.89566916666666">
<ele>5</ele>
</trkpt>
<trkpt lat="35.865207777777776" lon="139.89566666666667">
<ele>5</ele>
</trkpt>
<trkpt lat="35.865252777777776" lon="139.89566444444444">
<ele>5</ele>
</trkpt>
<trkpt lat="35.8652975" lon="139.89566194444444">
<ele>5</ele>
</trkpt>
<trkpt lat="35.8653075" lon="139.89566166666665">
<ele>5</ele>
</trkpt>
<trkpt lat="35.8653075" lon="139.89566166666665">
<ele>5</ele>
</trkpt>
<trkpt lat="35.86535194444444" lon="139.8956538888889">
<ele>5</ele>
</trkpt>
<trkpt lat="35.86539638888889" lon="139.89564638888888">
<ele>5</ele>
</trkpt>
<trkpt lat="35.86544083333333" lon="139.8956386111111">
<ele>5</ele>
</trkpt>
<trkpt lat="35.86548527777778" lon="139.89563083333334">
<ele>5</ele>
</trkpt>
<trkpt lat="35.86552972222222" lon="139.89562333333333">
<ele>5</ele>
</trkpt>
<trkpt lat="35.86557444444445" lon="139.89561555555557">
<ele>5</ele>
</trkpt>
<trkpt lat="35.86561888888889" lon="139.89560805555556">
<ele>5</ele>
</trkpt>
<trkpt lat="35.86566333333333" lon="139.8956002777778">
<ele>5</ele>
</trkpt>
<trkpt lat="35.86570777777778" lon="139.89559277777778">
<ele>5</ele>
</trkpt>
<trkpt lat="35.86575222222222" lon="139.895585">
<ele>5</ele>
</trkpt>
<trkpt lat="35.86579666666667" lon="139.8955775">
<ele>5</ele>
</trkpt>
<trkpt lat="35.86584111111111" lon="139.89556972222223">
<ele>5</ele>
</trkpt>
<trkpt lat="35.86588583333333" lon="139.89556222222222">
<ele>5</ele>
</trkpt>
<trkpt lat="35.86593027777778" lon="139.89555444444446">
<ele>5</ele>
</trkpt>
<trkpt lat="35.86597472222222" lon="139.89554694444445">
<ele>5</ele>
</trkpt>
<trkpt lat="35.86601916666667" lon="139.89553916666668">
<ele>5</ele>
</trkpt>
<trkpt lat="35.86606361111111" lon="139.89553166666667">
<ele>5</ele>
</trkpt>
<trkpt lat="35.86610805555556" lon="139.8955238888889">
<ele>5</ele>
</trkpt>
<trkpt lat="35.86615277777778" lon="139.8955163888889">
<ele>5</ele>
</trkpt>
<trkpt lat="35.86618111111111" lon="139.89551138888888">
<ele>5</ele>
</trkpt>
<trkpt lat="35.86618111111111" lon="139.89551138888888">
<ele>5</ele>
</trkpt>
<trkpt lat="35.86622527777778" lon="139.89550111111112">
<ele>5</ele>
</trkpt>
<trkpt lat="35.86626944444444" lon="139.8954911111111">
<ele>5</ele>
</trkpt>
<trkpt lat="35.86631361111111" lon="139.89548083333332">
<ele>5</ele>
</trkpt>
<trkpt lat="35.86635777777778" lon="139.89547083333332">
<ele>5</ele>
</trkpt>
<trkpt lat="35.86640194444445" lon="139.89546055555556">
<ele>5</ele>
</trkpt>
<trkpt lat="35.86644611111111" lon="139.89545055555556">
<ele>5</ele>
</trkpt>
<trkpt lat="35.86649027777778" lon="139.89544027777777">
<ele>5</ele>
</trkpt>
<trkpt lat="35.86653444444445" lon="139.8954302777778">
<ele>5</ele>
</trkpt>
<trkpt lat="35.86657861111111" lon="139.89542">
<ele>5</ele>
</trkpt>
<trkpt lat="35.86662277777778" lon="139.89541">
<ele>5</ele>
</trkpt>
<trkpt lat="35.86666694444445" lon="139.8953997222222">
<ele>5</ele>
</trkpt>
<trkpt lat="35.86671111111111" lon="139.89538972222223">
<ele>5</ele>
</trkpt>
<trkpt lat="35.86675527777778" lon="139.89537944444444">
<ele>5</ele>
</trkpt>
<trkpt lat="35.866799444444446" lon="139.89536944444444">
<ele>5</ele>
</trkpt>
<trkpt lat="35.86684361111111" lon="139.89535916666668">
<ele>5</ele>
</trkpt>
<trkpt lat="35.86688777777778" lon="139.89534916666668">
<ele>5</ele>
</trkpt>
<trkpt lat="35.866931944444445" lon="139.8953388888889">
<ele>5</ele>
</trkpt>
<trkpt lat="35.866976111111114" lon="139.89532888888888">
<ele>5</ele>
</trkpt>
<trkpt lat="35.866998611111114" lon="139.8953236111111">
<ele>5</ele>
</trkpt>
<trkpt lat="35.866998611111114" lon="139.8953236111111">
<ele>5</ele>
</trkpt>
<trkpt lat="35.867042222222224" lon="139.89531083333333">
<ele>5</ele>
</trkpt>
<trkpt lat="35.867085833333334" lon="139.89529833333333">
<ele>5</ele>
</trkpt>
<trkpt lat="35.867129722222224" lon="139.89528555555555">
<ele>5</ele>
</trkpt>
<trkpt lat="35.867173333333334" lon="139.8952727777778">
<ele>5</ele>
</trkpt>
<trkpt lat="35.86721722222222" lon="139.89526">
<ele>5</ele>
</trkpt>
<trkpt lat="35.86726083333333" lon="139.8952475">
<ele>5</ele>
</trkpt>
<trkpt lat="35.86730444444444" lon="139.89523472222223">
<ele>5</ele>
</trkpt>
<trkpt lat="35.86734833333333" lon="139.89522194444444">
<ele>5</ele>
</trkpt>
<trkpt lat="35.86739194444444" lon="139.89520944444445">
<ele>5</ele>
</trkpt>
<trkpt lat="35.86743583333333" lon="139.89519666666666">
<ele>5</ele>
</trkpt>
<trkpt lat="35.86747944444444" lon="139.89518388888888">
<ele>5</ele>
</trkpt>
<trkpt lat="35.86752305555556" lon="139.89517138888888">
<ele>5</ele>
</trkpt>
<trkpt lat="35.86756694444444" lon="139.8951586111111">
<ele>5</ele>
</trkpt>
<trkpt lat="35.86761055555556" lon="139.89514583333334">
<ele>5</ele>
</trkpt>
<trkpt lat="35.86765444444445" lon="139.89513305555556">
<ele>5</ele>
</trkpt>
<trkpt lat="35.86769805555556" lon="139.89512055555556">
<ele>5</ele>
</trkpt>
<trkpt lat="35.86774166666667" lon="139.89510777777778">
<ele>5</ele>
</trkpt>
<trkpt lat="35.86778555555556" lon="139.895095">
<ele>5</ele>
</trkpt>
<trkpt lat="35.86782916666667" lon="139.8950825">
<ele>5</ele>
</trkpt>
<trkpt lat="35.867873055555556" lon="139.89506972222222">
<ele>5</ele>
</trkpt>
<trkpt lat="35.867916666666666" lon="139.89505694444443">
<ele>5</ele>
</trkpt>
<trkpt lat="35.867959166666665" lon="139.89504472222222">
<ele>5</ele>
</trkpt>
<trkpt lat="35.867959166666665" lon="139.89504472222222">
<ele>5</ele>
</trkpt>
<trkpt lat="35.868001944444444" lon="139.8950275">
<ele>5</ele>
</trkpt>
<trkpt lat="35.86804472222222" lon="139.89501055555556">
<ele>5</ele>
</trkpt>
<trkpt lat="35.8680875" lon="139.89499333333333">
<ele>5</ele>
</trkpt>
<trkpt lat="35.86813027777778" lon="139.8949763888889">
<ele>5</ele>
</trkpt>
<trkpt lat="35.86817277777778" lon="139.89495916666667">
<ele>5</ele>
</trkpt>
<trkpt lat="35.86821555555556" lon="139.89494222222223">
<ele>5</ele>
</trkpt>
<trkpt lat="35.86825833333333" lon="139.894925">
<ele>5</ele>
</trkpt>
<trkpt lat="35.86830111111111" lon="139.89490805555556">
<ele>5</ele>
</trkpt>
<trkpt lat="35.86834388888889" lon="139.89489083333333">
<ele>5</ele>
</trkpt>
<trkpt lat="35.868386666666666" lon="139.8948738888889">
<ele>5</ele>
</trkpt>
<trkpt lat="35.868429166666665" lon="139.89485666666667">
<ele>5</ele>
</trkpt>
<trkpt lat="35.868471944444444" lon="139.89483972222223">
<ele>5</ele>
</trkpt>
<trkpt lat="35.86851472222222" lon="139.8948225">
<ele>5</ele>
</trkpt>
<trkpt lat="35.8685575" lon="139.89480555555556">
<ele>5</ele>
</trkpt>
<trkpt lat="35.86860027777778" lon="139.89478861111112">
<ele>5</ele>
</trkpt>
<trkpt lat="35.86864277777778" lon="139.8947713888889">
<ele>5</ele>
</trkpt>
<trkpt lat="35.86868555555556" lon="139.89475444444443">
<ele>5</ele>
</trkpt>
<trkpt lat="35.86872833333334" lon="139.89473722222223">
<ele>5</ele>
</trkpt>
<trkpt lat="35.86877111111111" lon="139.89472027777776">
<ele>5</ele>
</trkpt>
<trkpt lat="35.86881388888889" lon="139.89470305555557">
<ele>5</ele>
</trkpt>
<trkpt lat="35.868856666666666" lon="139.8946861111111">
<ele>5</ele>
</trkpt>
<trkpt lat="35.868899166666665" lon="139.8946688888889">
<ele>5</ele>
</trkpt>
<trkpt lat="35.868941944444444" lon="139.89465194444443">
<ele>5</ele>
</trkpt>
<trkpt lat="35.86898472222222" lon="139.89463472222224">
<ele>5</ele>
</trkpt>
<trkpt lat="35.8690275" lon="139.89461777777777">
<ele>5</ele>
</trkpt>
<trkpt lat="35.86907027777778" lon="139.89460055555554">
<ele>5</ele>
</trkpt>
<trkpt lat="35.86911305555556" lon="139.8945836111111">
<ele>5</ele>
</trkpt>
<trkpt lat="35.86915555555556" lon="139.89456638888888">
<ele>5</ele>
</trkpt>
<trkpt lat="35.86919833333334" lon="139.89454944444444">
<ele>5</ele>
</trkpt>
<trkpt lat="35.86924111111111" lon="139.8945322222222">
<ele>5</ele>
</trkpt>
<trkpt lat="35.86926111111111" lon="139.89452416666666">
<ele>5</ele>
</trkpt>
<trkpt lat="35.86926111111111" lon="139.89452416666666">
<ele>5</ele>
</trkpt>
<trkpt lat="35.869303888888886" lon="139.89450694444446">
<ele>5</ele>
</trkpt>
<trkpt lat="35.869346388888886" lon="139.89448944444445">
<ele>5</ele>
</trkpt>
<trkpt lat="35.869389166666664" lon="139.89447222222222">
<ele>5</ele>
</trkpt>
<trkpt lat="35.86943194444444" lon="139.89445472222224">
<ele>5</ele>
</trkpt>
<trkpt lat="35.86947444444444" lon="139.8944375">
<ele>5</ele>
</trkpt>
<trkpt lat="35.86951722222222" lon="139.89442">
<ele>5</ele>
</trkpt>
<trkpt lat="35.86955972222222" lon="139.89440277777777">
<ele>5</ele>
</trkpt>
<trkpt lat="35.8696025" lon="139.8943852777778">
<ele>5</ele>
</trkpt>
<trkpt lat="35.869645" lon="139.89436805555556">
<ele>5</ele>
</trkpt>
<trkpt lat="35.86968777777778" lon="139.89435055555555">
<ele>5</ele>
</trkpt>
<trkpt lat="35.86973027777778" lon="139.89433333333332">
<ele>5</ele>
</trkpt>
<trkpt lat="35.869773055555555" lon="139.89431583333334">
<ele>5</ele>
</trkpt>
<trkpt lat="35.869815833333334" lon="139.8942986111111">
<ele>5</ele>
</trkpt>
<trkpt lat="35.86985833333333" lon="139.89428138888888">
<ele>5</ele>
</trkpt>
<trkpt lat="35.86990111111111" lon="139.8942638888889">
<ele>5</ele>
</trkpt>
<trkpt lat="35.86994361111111" lon="139.89424666666667">
<ele>5</ele>
</trkpt>
<trkpt lat="35.86998638888889" lon="139.89422916666666">
<ele>5</ele>
</trkpt>
<trkpt lat="35.87002888888889" lon="139.89421194444444">
<ele>5</ele>
</trkpt>
<trkpt lat="35.87007166666667" lon="139.89419444444445">
<ele>5</ele>
</trkpt>
<trkpt lat="35.87011416666667" lon="139.89417722222223">
<ele>5</ele>
</trkpt>
<trkpt lat="35.870156944444446" lon="139.8941597222222">
<ele>5</ele>
</trkpt>
<trkpt lat="35.870199722222225" lon="139.8941425">
<ele>5</ele>
</trkpt>
<trkpt lat="35.870242222222224" lon="139.894125">
<ele>5</ele>
</trkpt>
<trkpt lat="35.870285" lon="139.89410777777778">
<ele>5</ele>
</trkpt>
<trkpt lat="35.8703275" lon="139.89409027777776">
<ele>5</ele>
</trkpt>
<trkpt lat="35.87037027777778" lon="139.89407305555557">
<ele>5</ele>
</trkpt>
<trkpt lat="35.87041277777778" lon="139.89405555555555">
<ele>5</ele>
</trkpt>
<trkpt lat="35.87045555555556" lon="139.89403833333333">
<ele>5</ele>
</trkpt>
<trkpt lat="35.87049361111111" lon="139.89402277777776">
<ele>5</ele>
</trkpt>
<trkpt lat="35.87049361111111" lon="139.89402277777776">
<ele>5</ele>
</trkpt>
<trkpt lat="35.87053638888889" lon="139.89400555555557">
<ele>5</ele>
</trkpt>
<trkpt lat="35.870578888888886" lon="139.8939886111111">
<ele>5</ele>
</trkpt>
<trkpt lat="35.870621666666665" lon="139.8939713888889">
<ele>5</ele>
</trkpt>
<trkpt lat="35.870664444444444" lon="139.89395416666667">
<ele>5</ele>
</trkpt>
<trkpt lat="35.87070722222222" lon="139.89393722222223">
<ele>5</ele>
</trkpt>
<trkpt lat="35.87075" lon="139.89392">
<ele>5</ele>
</trkpt>
<trkpt lat="35.8707925" lon="139.89390277777778">
<ele>5</ele>
</trkpt>
<trkpt lat="35.87083527777778" lon="139.89388583333334">
<ele>5</ele>
</trkpt>
<trkpt lat="35.87087805555556" lon="139.89386861111112">
<ele>5</ele>
</trkpt>
<trkpt lat="35.87092083333334" lon="139.89385166666668">
<ele>5</ele>
</trkpt>
<trkpt lat="35.87096361111111" lon="139.89383444444445">
<ele>5</ele>
</trkpt>
<trkpt lat="35.871006111111114" lon="139.89381722222222">
<ele>5</ele>
</trkpt>
<trkpt lat="35.871048888888886" lon="139.89380027777779">
<ele>5</ele>
</trkpt>
<trkpt lat="35.8710825" lon="139.89378666666667">
<ele>5</ele>
</trkpt>
<trkpt lat="35.8710825" lon="139.89378666666667">
<ele>5</ele>
</trkpt>
<trkpt lat="35.87112361111111" lon="139.89376416666667">
<ele>5</ele>
</trkpt>
<trkpt lat="35.871164722222225" lon="139.89374166666667">
<ele>5</ele>
</trkpt>
<trkpt lat="35.871205555555555" lon="139.89371888888888">
<ele>5</ele>
</trkpt>
<trkpt lat="35.871246666666664" lon="139.89369638888888">
<ele>5</ele>
</trkpt>
<trkpt lat="35.87128777777778" lon="139.89367388888888">
<ele>5</ele>
</trkpt>
<trkpt lat="35.87132861111111" lon="139.8936511111111">
<ele>5</ele>
</trkpt>
<trkpt lat="35.87136972222222" lon="139.8936286111111">
<ele>5</ele>
</trkpt>
<trkpt lat="35.871410833333336" lon="139.8936061111111">
<ele>5</ele>
</trkpt>
<trkpt lat="35.871451666666665" lon="139.8935836111111">
<ele>5</ele>
</trkpt>
<trkpt lat="35.871492777777775" lon="139.89356083333334">
<ele>5</ele>
</trkpt>
<trkpt lat="35.87153388888889" lon="139.89353833333334">
<ele>5</ele>
</trkpt>
<trkpt lat="35.87157472222222" lon="139.89351583333334">
<ele>5</ele>
</trkpt>
<trkpt lat="35.87161583333334" lon="139.89349305555555">
<ele>5</ele>
</trkpt>
<trkpt lat="35.871656944444446" lon="139.89347055555555">
<ele>5</ele>
</trkpt>
<trkpt lat="35.871697777777776" lon="139.89344805555555">
<ele>5</ele>
</trkpt>
<trkpt lat="35.87170638888889" lon="139.89344333333332">
<ele>5</ele>
</trkpt>
<trkpt lat="35.87170638888889" lon="139.89344333333332">
<ele>5</ele>
</trkpt>
<trkpt lat="35.871740833333334" lon="139.89340805555557">
<ele>5</ele>
</trkpt>
<trkpt lat="35.87177555555556" lon="139.8933725">
<ele>5</ele>
</trkpt>
<trkpt lat="35.87181" lon="139.89333722222221">
<ele>5</ele>
</trkpt>
<trkpt lat="35.87184472222222" lon="139.89330166666667">
<ele>5</ele>
</trkpt>
<trkpt lat="35.871879166666666" lon="139.8932663888889">
<ele>5</ele>
</trkpt>
<trkpt lat="35.87191055555556" lon="139.89323416666667">
<ele>5</ele>
</trkpt>
<trkpt lat="35.87191055555556" lon="139.89323416666667">
<ele>5</ele>
</trkpt>
<trkpt lat="35.871948333333336" lon="139.89320361111112">
<ele>5</ele>
</trkpt>
<trkpt lat="35.87198583333333" lon="139.89317333333332">
<ele>5</ele>
</trkpt>
<trkpt lat="35.87202333333333" lon="139.89314277777777">
<ele>5</ele>
</trkpt>
<trkpt lat="35.872060833333336" lon="139.8931125">
<ele>5</ele>
</trkpt>
<trkpt lat="35.872098333333334" lon="139.89308194444445">
<ele>5</ele>
</trkpt>
<trkpt lat="35.87213583333333" lon="139.89305166666668">
<ele>5</ele>
</trkpt>
<trkpt lat="35.87217361111111" lon="139.89302111111112">
<ele>5</ele>
</trkpt>
<trkpt lat="35.87221111111111" lon="139.89299083333333">
<ele>5</ele>
</trkpt>
<trkpt lat="35.87224861111111" lon="139.89296027777777">
<ele>5</ele>
</trkpt>
<trkpt lat="35.87227138888889" lon="139.89294166666667">
<ele>5</ele>
</trkpt>
<trkpt lat="35.87227138888889" lon="139.89294166666667">
<ele>5</ele>
</trkpt>
<trkpt lat="35.87231166666667" lon="139.89291666666668">
<ele>5</ele>
</trkpt>
<trkpt lat="35.87235166666667" lon="139.89289166666666">
<ele>5</ele>
</trkpt>
<trkpt lat="35.872391666666665" lon="139.89286666666666">
<ele>5</ele>
</trkpt>
<trkpt lat="35.872431666666664" lon="139.89284166666667">
<ele>5</ele>
</trkpt>
<trkpt lat="35.87247194444444" lon="139.89281666666668">
<ele>5</ele>
</trkpt>
<trkpt lat="35.87251194444445" lon="139.89279166666665">
<ele>5</ele>
</trkpt>
<trkpt lat="35.872551944444446" lon="139.8927663888889">
<ele>5</ele>
</trkpt>
<trkpt lat="35.872591944444444" lon="139.89274138888888">
<ele>5</ele>
</trkpt>
<trkpt lat="35.87263222222222" lon="139.89271638888889">
<ele>5</ele>
</trkpt>
<trkpt lat="35.87267222222222" lon="139.8926913888889">
<ele>5</ele>
</trkpt>
<trkpt lat="35.87271222222222" lon="139.8926663888889">
<ele>5</ele>
</trkpt>
<trkpt lat="35.872752222222225" lon="139.89264138888888">
<ele>5</ele>
</trkpt>
<trkpt lat="35.8727925" lon="139.89261611111112">
<ele>5</ele>
</trkpt>
<trkpt lat="35.8728325" lon="139.8925911111111">
<ele>5</ele>
</trkpt>
<trkpt lat="35.8728725" lon="139.8925661111111">
<ele>5</ele>
</trkpt>
<trkpt lat="35.8729125" lon="139.89254111111111">
<ele>5</ele>
</trkpt>
<trkpt lat="35.872949722222224" lon="139.89251805555554">
<ele>5</ele>
</trkpt>
<trkpt lat="35.872949722222224" lon="139.89251805555554">
<ele>5</ele>
</trkpt>
<trkpt lat="35.87298944444444" lon="139.89249222222222">
<ele>5</ele>
</trkpt>
<trkpt lat="35.87302916666667" lon="139.8924663888889">
<ele>5</ele>
</trkpt>
<trkpt lat="35.87306888888889" lon="139.89244055555557">
<ele>5</ele>
</trkpt>
<trkpt lat="35.873108611111114" lon="139.8924147222222">
<ele>5</ele>
</trkpt>
<trkpt lat="35.87314833333333" lon="139.8923888888889">
<ele>5</ele>
</trkpt>
<trkpt lat="35.87318805555555" lon="139.89236305555556">
<ele>5</ele>
</trkpt>
<trkpt lat="35.87322777777778" lon="139.8923372222222">
<ele>5</ele>
</trkpt>
<trkpt lat="35.8732675" lon="139.89231166666667">
<ele>5</ele>
</trkpt>
<trkpt lat="35.87330722222222" lon="139.89228583333335">
<ele>5</ele>
</trkpt>
<trkpt lat="35.87334722222222" lon="139.89226">
<ele>5</ele>
</trkpt>
<trkpt lat="35.87338694444445" lon="139.89223416666667">
<ele>5</ele>
</trkpt>
<trkpt lat="35.87342666666667" lon="139.89220833333334">
<ele>5</ele>
</trkpt>
<trkpt lat="35.873466388888886" lon="139.8921825">
<ele>5</ele>
</trkpt>
<trkpt lat="35.87350611111111" lon="139.89215666666666">
<ele>5</ele>
</trkpt>
<trkpt lat="35.873532222222224" lon="139.89213972222223">
<ele>5</ele>
</trkpt>
<trkpt lat="35.873532222222224" lon="139.89213972222223">
<ele>5</ele>
</trkpt>
<trkpt lat="35.87357194444444" lon="139.89211416666666">
<ele>5</ele>
</trkpt>
<trkpt lat="35.87361166666667" lon="139.89208861111112">
<ele>5</ele>
</trkpt>
<trkpt lat="35.87365166666667" lon="139.89206305555555">
<ele>5</ele>
</trkpt>
<trkpt lat="35.873691388888886" lon="139.8920375">
<ele>5</ele>
</trkpt>
<trkpt lat="35.87373138888889" lon="139.89201166666666">
<ele>5</ele>
</trkpt>
<trkpt lat="35.87377111111111" lon="139.89198611111112">
<ele>5</ele>
</trkpt>
<trkpt lat="35.87381083333333" lon="139.89196055555556">
<ele>5</ele>
</trkpt>
<trkpt lat="35.873850833333336" lon="139.891935">
<ele>5</ele>
</trkpt>
<trkpt lat="35.873890555555555" lon="139.89190944444445">
<ele>5</ele>
</trkpt>
<trkpt lat="35.87393055555555" lon="139.89188388888888">
<ele>5</ele>
</trkpt>
<trkpt lat="35.87397027777778" lon="139.89185805555556">
<ele>5</ele>
</trkpt>
<trkpt lat="35.87401" lon="139.8918325">
<ele>5</ele>
</trkpt>
<trkpt lat="35.87405" lon="139.89180694444445">
<ele>5</ele>
</trkpt>
<trkpt lat="35.87408972222222" lon="139.8917813888889">
<ele>5</ele>
</trkpt>
<trkpt lat="35.87412972222222" lon="139.89175583333332">
<ele>5</ele>
</trkpt>
<trkpt lat="35.87416944444445" lon="139.89173">
<ele>5</ele>
</trkpt>
<trkpt lat="35.874209444444446" lon="139.89170444444446">
<ele>5</ele>
</trkpt>
<trkpt lat="35.874249166666665" lon="139.8916788888889">
<ele>5</ele>
</trkpt>
<trkpt lat="35.87426222222222" lon="139.89167055555555">
<ele>5</ele>
</trkpt>
<trkpt lat="35.87426222222222" lon="139.89167055555555">
<ele>5</ele>
</trkpt>
<trkpt lat="35.87430444444445" lon="139.8916513888889">
<ele>5</ele>
</trkpt>
<trkpt lat="35.87434666666667" lon="139.8916325">
<ele>5</ele>
</trkpt>
<trkpt lat="35.87438888888889" lon="139.8916136111111">
<ele>5</ele>
</trkpt>
<trkpt lat="35.874431111111114" lon="139.8915947222222">
<ele>5</ele>
</trkpt>
<trkpt lat="35.874473333333334" lon="139.89157583333332">
<ele>5</ele>
</trkpt>
<trkpt lat="35.874515833333334" lon="139.89155694444443">
<ele>5</ele>
</trkpt>
<trkpt lat="35.87455805555555" lon="139.89153805555554">
<ele>5</ele>
</trkpt>
<trkpt lat="35.87460027777778" lon="139.89151916666665">
<ele>5</ele>
</trkpt>
<trkpt lat="35.8746425" lon="139.89150027777777">
<ele>5</ele>
</trkpt>
<trkpt lat="35.87468472222222" lon="139.89148138888888">
<ele>5</ele>
</trkpt>
<trkpt lat="35.87472694444445" lon="139.8914625">
<ele>5</ele>
</trkpt>
<trkpt lat="35.87476916666667" lon="139.8914436111111">
<ele>5</ele>
</trkpt>
<trkpt lat="35.87481138888889" lon="139.8914247222222">
<ele>5</ele>
</trkpt>
<trkpt lat="35.874853611111114" lon="139.89140583333332">
<ele>5</ele>
</trkpt>
<trkpt lat="35.87489583333333" lon="139.89138694444443">
<ele>5</ele>
</trkpt>
<trkpt lat="35.87493805555555" lon="139.89136805555555">
<ele>5</ele>
</trkpt>
<trkpt lat="35.87495138888889" lon="139.89136194444444">
<ele>5</ele>
</trkpt>
<trkpt lat="35.87495138888889" lon="139.89136194444444">
<ele>5</ele>
</trkpt>
<trkpt lat="35.87499444444445" lon="139.89134583333333">
<ele>5</ele>
</trkpt>
<trkpt lat="35.875037222222225" lon="139.89133">
<ele>5</ele>
</trkpt>
<trkpt lat="35.875080277777776" lon="139.8913138888889">
<ele>5</ele>
</trkpt>
<trkpt lat="35.875123333333335" lon="139.89129805555555">
<ele>5</ele>
</trkpt>
<trkpt lat="35.875166388888886" lon="139.89128194444444">
<ele>5</ele>
</trkpt>
<trkpt lat="35.875209444444444" lon="139.89126583333334">
<ele>5</ele>
</trkpt>
<trkpt lat="35.87522527777778" lon="139.89126">
<ele>5</ele>
</trkpt>
<trkpt lat="35.87522527777778" lon="139.89126">
<ele>5</ele>
</trkpt>
<trkpt lat="35.87526638888889" lon="139.89123777777777">
<ele>5</ele>
</trkpt>
<trkpt lat="35.8753075" lon="139.89121527777777">
<ele>5</ele>
</trkpt>
<trkpt lat="35.875348611111114" lon="139.89119305555556">
<ele>5</ele>
</trkpt>
<trkpt lat="35.875389722222224" lon="139.89117055555556">
<ele>5</ele>
</trkpt>
<trkpt lat="35.87543055555555" lon="139.89114833333332">
<ele>5</ele>
</trkpt>
<trkpt lat="35.87547166666667" lon="139.8911261111111">
<ele>5</ele>
</trkpt>
<trkpt lat="35.87551277777778" lon="139.8911036111111">
<ele>5</ele>
</trkpt>
<trkpt lat="35.87555388888889" lon="139.8910813888889">
<ele>5</ele>
</trkpt>
<trkpt lat="35.875595" lon="139.8910588888889">
<ele>5</ele>
</trkpt>
<trkpt lat="35.87563611111111" lon="139.89103666666668">
<ele>5</ele>
</trkpt>
<trkpt lat="35.87567722222222" lon="139.89101416666668">
<ele>5</ele>
</trkpt>
<trkpt lat="35.87571833333333" lon="139.89099194444444">
<ele>5</ele>
</trkpt>
<trkpt lat="35.87575944444445" lon="139.89096944444444">
<ele>5</ele>
</trkpt>
<trkpt lat="35.875772777777776" lon="139.8909622222222">
<ele>5</ele>
</trkpt>
<trkpt lat="35.875772777777776" lon="139.8909622222222">
<ele>5</ele>
</trkpt>
<trkpt lat="35.875815" lon="139.8909436111111">
<ele>5</ele>
</trkpt>
<trkpt lat="35.87585722222222" lon="139.89092472222222">
<ele>5</ele>
</trkpt>
<trkpt lat="35.87589972222222" lon="139.89090583333333">
<ele>5</ele>
</trkpt>
<trkpt lat="35.87594194444444" lon="139.89088722222223">
<ele>5</ele>
</trkpt>
<trkpt lat="35.87598416666667" lon="139.89086833333334">
<ele>5</ele>
</trkpt>
<trkpt lat="35.87602638888889" lon="139.89084944444446">
<ele>5</ele>
</trkpt>
<trkpt lat="35.87606861111111" lon="139.89083055555557">
<ele>5</ele>
</trkpt>
<trkpt lat="35.876110833333335" lon="139.89081194444444">
<ele>5</ele>
</trkpt>
<trkpt lat="35.876153055555555" lon="139.89079305555555">
<ele>5</ele>
</trkpt>
<trkpt lat="35.876195277777775" lon="139.89077416666666">
<ele>5</ele>
</trkpt>
<trkpt lat="35.8762375" lon="139.89075527777777">
<ele>5</ele>
</trkpt>
<trkpt lat="35.87628" lon="139.89073666666667">
<ele>5</ele>
</trkpt>
<trkpt lat="35.87632222222222" lon="139.89071777777778">
<ele>5</ele>
</trkpt>
<trkpt lat="35.87636444444444" lon="139.8906988888889">
<ele>5</ele>
</trkpt>
<trkpt lat="35.87640666666667" lon="139.8906802777778">
<ele>5</ele>
</trkpt>
<trkpt lat="35.87644888888889" lon="139.8906613888889">
<ele>5</ele>
</trkpt>
<trkpt lat="35.876491111111115" lon="139.8906425">
<ele>5</ele>
</trkpt>
<trkpt lat="35.876533333333334" lon="139.89062361111112">
<ele>5</ele>
</trkpt>
<trkpt lat="35.876575555555554" lon="139.890605">
<ele>5</ele>
</trkpt>
<trkpt lat="35.87659222222222" lon="139.8905975">
<ele>5</ele>
</trkpt>
<trkpt lat="35.87659222222222" lon="139.8905975">
<ele>5</ele>
</trkpt>
<trkpt lat="35.87663527777778" lon="139.89058138888888">
<ele>5</ele>
</trkpt>
<trkpt lat="35.87667805555556" lon="139.89056527777777">
<ele>5</ele>
</trkpt>
<trkpt lat="35.87672111111111" lon="139.89054916666666">
<ele>5</ele>
</trkpt>
<trkpt lat="35.87676416666667" lon="139.89053277777776">
<ele>5</ele>
</trkpt>
<trkpt lat="35.876806944444446" lon="139.89051666666666">
<ele>5</ele>
</trkpt>
<trkpt lat="35.87685" lon="139.89050055555555">
<ele>5</ele>
</trkpt>
<trkpt lat="35.876893055555556" lon="139.89048444444444">
<ele>5</ele>
</trkpt>
<trkpt lat="35.876935833333334" lon="139.89046833333333">
<ele>5</ele>
</trkpt>
<trkpt lat="35.876978888888885" lon="139.89045194444444">
<ele>5</ele>
</trkpt>
<trkpt lat="35.877021944444444" lon="139.89043583333333">
<ele>5</ele>
</trkpt>
<trkpt lat="35.87706472222222" lon="139.89041972222222">
<ele>5</ele>
</trkpt>
<trkpt lat="35.87710777777778" lon="139.8904036111111">
<ele>5</ele>
</trkpt>
<trkpt lat="35.87715083333333" lon="139.8903875">
<ele>5</ele>
</trkpt>
<trkpt lat="35.87719361111111" lon="139.8903711111111">
<ele>5</ele>
</trkpt>
<trkpt lat="35.87723666666667" lon="139.890355">
<ele>5</ele>
</trkpt>
<trkpt lat="35.87727972222222" lon="139.8903388888889">
<ele>5</ele>
</trkpt>
<trkpt lat="35.8773225" lon="139.89032277777778">
<ele>5</ele>
</trkpt>
<trkpt lat="35.877365555555556" lon="139.89030666666667">
<ele>5</ele>
</trkpt>
<trkpt lat="35.877408611111115" lon="139.89029027777778">
<ele>5</ele>
</trkpt>
<trkpt lat="35.877433333333336" lon="139.8902811111111">
<ele>5</ele>
</trkpt>
<trkpt lat="35.877433333333336" lon="139.8902811111111">
<ele>5</ele>
</trkpt>
<trkpt lat="35.877476944444446" lon="139.8902686111111">
<ele>5</ele>
</trkpt>
<trkpt lat="35.877520833333335" lon="139.8902563888889">
<ele>5</ele>
</trkpt>
<trkpt lat="35.877564722222225" lon="139.89024388888888">
<ele>5</ele>
</trkpt>
<trkpt lat="35.877608333333335" lon="139.89023166666666">
<ele>5</ele>
</trkpt>
<trkpt lat="35.877652222222224" lon="139.89021916666667">
<ele>5</ele>
</trkpt>
<trkpt lat="35.87769611111111" lon="139.89020694444446">
<ele>5</ele>
</trkpt>
<trkpt lat="35.87773972222222" lon="139.89019444444443">
<ele>5</ele>
</trkpt>
<trkpt lat="35.87778361111111" lon="139.89018222222222">
<ele>5</ele>
</trkpt>
<trkpt lat="35.87782722222222" lon="139.89016972222223">
<ele>5</ele>
</trkpt>
<trkpt lat="35.87787111111111" lon="139.8901575">
<ele>5</ele>
</trkpt>
<trkpt lat="35.877915" lon="139.890145">
<ele>5</ele>
</trkpt>
<trkpt lat="35.87795861111111" lon="139.89013277777778">
<ele>5</ele>
</trkpt>
<trkpt lat="35.8780025" lon="139.89012027777778">
<ele>5</ele>
</trkpt>
<trkpt lat="35.87804638888889" lon="139.89010805555554">
<ele>5</ele>
</trkpt>
<trkpt lat="35.87809" lon="139.89009555555555">
<ele>5</ele>
</trkpt>
<trkpt lat="35.87813388888889" lon="139.89008333333334">
<ele>5</ele>
</trkpt>
<trkpt lat="35.8781775" lon="139.89007083333334">
<ele>5</ele>
</trkpt>
<trkpt lat="35.87822138888889" lon="139.8900586111111">
<ele>5</ele>
</trkpt>
<trkpt lat="35.87826527777778" lon="139.8900461111111">
<ele>5</ele>
</trkpt>
<trkpt lat="35.87830888888889" lon="139.8900338888889">
<ele>5</ele>
</trkpt>
<trkpt lat="35.87835277777778" lon="139.8900213888889">
<ele>5</ele>
</trkpt>
<trkpt lat="35.87839666666667" lon="139.89000916666666">
<ele>5</ele>
</trkpt>
<trkpt lat="35.87844027777778" lon="139.88999666666666">
<ele>5</ele>
</trkpt>
<trkpt lat="35.87848416666667" lon="139.88998444444445">
<ele>5</ele>
</trkpt>
<trkpt lat="35.878506944444446" lon="139.88997805555556">
<ele>5</ele>
</trkpt>
<trkpt lat="35.878506944444446" lon="139.88997805555556">
<ele>5</ele>
</trkpt>
<trkpt lat="35.87855138888889" lon="139.88996944444443">
<ele>5</ele>
</trkpt>
<trkpt lat="35.878595555555556" lon="139.88996083333333">
<ele>5</ele>
</trkpt>
<trkpt lat="35.87864" lon="139.88995194444445">
<ele>5</ele>
</trkpt>
<trkpt lat="35.878684444444445" lon="139.88994333333332">
<ele>5</ele>
</trkpt>
<trkpt lat="35.878728611111114" lon="139.88993472222222">
<ele>5</ele>
</trkpt>
<trkpt lat="35.878773055555556" lon="139.88992611111112">
<ele>5</ele>
</trkpt>
<trkpt lat="35.8788175" lon="139.8899175">
<ele>5</ele>
</trkpt>
<trkpt lat="35.878861944444445" lon="139.8899088888889">
<ele>5</ele>
</trkpt>
<trkpt lat="35.878906111111114" lon="139.88990027777777">
<ele>5</ele>
</trkpt>
<trkpt lat="35.878950555555555" lon="139.88989166666667">
<ele>5</ele>
</trkpt>
<trkpt lat="35.878995" lon="139.88988305555554">
<ele>5</ele>
</trkpt>
<trkpt lat="35.879039444444444" lon="139.88987444444444">
<ele>5</ele>
</trkpt>
<trkpt lat="35.87908361111111" lon="139.88986583333335">
<ele>5</ele>
</trkpt>
<trkpt lat="35.879128055555555" lon="139.88985722222222">
<ele>5</ele>
</trkpt>
<trkpt lat="35.8791725" lon="139.88984861111112">
<ele>5</ele>
</trkpt>
<trkpt lat="35.879216666666665" lon="139.88984">
<ele>5</ele>
</trkpt>
<trkpt lat="35.87926111111111" lon="139.8898313888889">
<ele>5</ele>
</trkpt>
<trkpt lat="35.879305555555554" lon="139.88982277777777">
<ele>5</ele>
</trkpt>
<trkpt lat="35.87935" lon="139.88981416666667">
<ele>5</ele>
</trkpt>
<trkpt lat="35.879394166666664" lon="139.88980527777778">
<ele>5</ele>
</trkpt>
<trkpt lat="35.87943861111111" lon="139.88979666666665">
<ele>5</ele>
</trkpt>
<trkpt lat="35.87948305555555" lon="139.88978805555556">
<ele>5</ele>
</trkpt>
<trkpt lat="35.8795275" lon="139.88977944444446">
<ele>5</ele>
</trkpt>
<trkpt lat="35.87957166666666" lon="139.88977083333333">
<ele>5</ele>
</trkpt>
<trkpt lat="35.87961611111111" lon="139.88976222222223">
<ele>5</ele>
</trkpt>
<trkpt lat="35.87966055555555" lon="139.8897536111111">
<ele>5</ele>
</trkpt>
<trkpt lat="35.87970472222222" lon="139.889745">
<ele>5</ele>
</trkpt>
<trkpt lat="35.87974916666667" lon="139.88973638888888">
<ele>5</ele>
</trkpt>
<trkpt lat="35.87979361111111" lon="139.88972777777778">
<ele>5</ele>
</trkpt>
<trkpt lat="35.8798175" lon="139.88972305555555">
<ele>5</ele>
</trkpt>
<trkpt lat="35.8798175" lon="139.88972305555555">
<ele>5</ele>
</trkpt>
<trkpt lat="35.87986222222222" lon="139.88971805555556">
<ele>5</ele>
</trkpt>
<trkpt lat="35.87990694444444" lon="139.88971305555555">
<ele>5</ele>
</trkpt>
<trkpt lat="35.87995166666666" lon="139.88970805555556">
<ele>5</ele>
</trkpt>
<trkpt lat="35.87999638888889" lon="139.88970305555554">
<ele>5</ele>
</trkpt>
<trkpt lat="35.88004111111111" lon="139.88969805555556">
<ele>5</ele>
</trkpt>
<trkpt lat="35.88008583333333" lon="139.88969305555557">
<ele>5</ele>
</trkpt>
<trkpt lat="35.88013055555555" lon="139.88968805555555">
<ele>5</ele>
</trkpt>
<trkpt lat="35.88017527777778" lon="139.88968305555557">
<ele>5</ele>
</trkpt>
<trkpt lat="35.88022" lon="139.8896777777778">
<ele>5</ele>
</trkpt>
<trkpt lat="35.88026472222222" lon="139.88967277777778">
<ele>5</ele>
</trkpt>
<trkpt lat="35.88030944444444" lon="139.8896677777778">
<ele>5</ele>
</trkpt>
<trkpt lat="35.88035416666666" lon="139.88966277777777">
<ele>5</ele>
</trkpt>
<trkpt lat="35.88039888888889" lon="139.88965777777778">
<ele>5</ele>
</trkpt>
<trkpt lat="35.88044361111111" lon="139.88965277777777">
<ele>5</ele>
</trkpt>
<trkpt lat="35.88048833333333" lon="139.88964777777778">
<ele>5</ele>
</trkpt>
<trkpt lat="35.88053305555555" lon="139.88964277777777">
<ele>5</ele>
</trkpt>
<trkpt lat="35.88057777777778" lon="139.88963777777778">
<ele>5</ele>
</trkpt>
<trkpt lat="35.8806225" lon="139.8896327777778">
<ele>5</ele>
</trkpt>
<trkpt lat="35.88066722222222" lon="139.8896275">
<ele>5</ele>
</trkpt>
<trkpt lat="35.88071194444444" lon="139.8896225">
<ele>5</ele>
</trkpt>
<trkpt lat="35.88075666666667" lon="139.8896175">
<ele>5</ele>
</trkpt>
<trkpt lat="35.88080138888889" lon="139.8896125">
<ele>5</ele>
</trkpt>
<trkpt lat="35.88084611111111" lon="139.8896075">
<ele>5</ele>
</trkpt>
<trkpt lat="35.88089083333333" lon="139.8896025">
<ele>5</ele>
</trkpt>
<trkpt lat="35.88093555555555" lon="139.8895975">
<ele>5</ele>
</trkpt>
<trkpt lat="35.88098027777778" lon="139.8895925">
<ele>5</ele>
</trkpt>
<trkpt lat="35.881025" lon="139.8895875">
<ele>5</ele>
</trkpt>
<trkpt lat="35.88106972222222" lon="139.8895825">
<ele>5</ele>
</trkpt>
<trkpt lat="35.88111444444444" lon="139.8895775">
<ele>5</ele>
</trkpt>
<trkpt lat="35.88115944444444" lon="139.88957222222223">
<ele>5</ele>
</trkpt>
<trkpt lat="35.88120416666667" lon="139.8895672222222">
<ele>5</ele>
</trkpt>
<trkpt lat="35.88124888888889" lon="139.88956222222222">
<ele>5</ele>
</trkpt>
<trkpt lat="35.88129361111111" lon="139.8895572222222">
<ele>5</ele>
</trkpt>
<trkpt lat="35.88133833333333" lon="139.88955222222222">
<ele>5</ele>
</trkpt>
<trkpt lat="35.881366388888885" lon="139.88954916666665">
<ele>5</ele>
</trkpt>
<trkpt lat="35.881366388888885" lon="139.88954916666665">
<ele>5</ele>
</trkpt>
<trkpt lat="35.881411388888885" lon="139.8895463888889">
<ele>5</ele>
</trkpt>
<trkpt lat="35.88145611111111" lon="139.88954388888888">
<ele>5</ele>
</trkpt>
<trkpt lat="35.88150111111111" lon="139.8895413888889">
<ele>5</ele>
</trkpt>
<trkpt lat="35.881545833333334" lon="139.8895388888889">
<ele>5</ele>
</trkpt>
<trkpt lat="35.881590833333334" lon="139.8895363888889">
<ele>5</ele>
</trkpt>
<trkpt lat="35.881635555555555" lon="139.88953388888888">
<ele>5</ele>
</trkpt>
<trkpt lat="35.881680555555555" lon="139.8895311111111">
<ele>5</ele>
</trkpt>
<trkpt lat="35.881725277777775" lon="139.8895286111111">
<ele>5</ele>
</trkpt>
<trkpt lat="35.881770277777775" lon="139.8895261111111">
<ele>5</ele>
</trkpt>
<trkpt lat="35.881815" lon="139.88952361111112">
<ele>5</ele>
</trkpt>
<trkpt lat="35.88186" lon="139.88952111111112">
<ele>5</ele>
</trkpt>
<trkpt lat="35.881904722222224" lon="139.8895186111111">
<ele>5</ele>
</trkpt>
<trkpt lat="35.881949722222224" lon="139.88951583333332">
<ele>5</ele>
</trkpt>
<trkpt lat="35.881994722222224" lon="139.88951333333333">
<ele>5</ele>
</trkpt>
<trkpt lat="35.882039444444445" lon="139.88951083333333">
<ele>5</ele>
</trkpt>
<trkpt lat="35.882084444444445" lon="139.88950833333334">
<ele>5</ele>
</trkpt>
<trkpt lat="35.882129166666665" lon="139.88950583333335">
<ele>5</ele>
</trkpt>
<trkpt lat="35.882174166666665" lon="139.88950333333332">
<ele>5</ele>
</trkpt>
<trkpt lat="35.882218888888886" lon="139.88950055555554">
<ele>5</ele>
</trkpt>
<trkpt lat="35.882263888888886" lon="139.88949805555555">
<ele>5</ele>
</trkpt>
<trkpt lat="35.882308611111114" lon="139.88949555555556">
<ele>5</ele>
</trkpt>
<trkpt lat="35.882353611111114" lon="139.88949305555556">
<ele>5</ele>
</trkpt>
<trkpt lat="35.882398333333335" lon="139.88949055555557">
<ele>5</ele>
</trkpt>
<trkpt lat="35.882443333333335" lon="139.88948805555555">
<ele>5</ele>
</trkpt>
<trkpt lat="35.882488055555555" lon="139.88948555555555">
<ele>5</ele>
</trkpt>
<trkpt lat="35.882533055555555" lon="139.88948277777777">
<ele>5</ele>
</trkpt>
<trkpt lat="35.882577777777776" lon="139.88948027777778">
<ele>5</ele>
</trkpt>
<trkpt lat="35.882622777777776" lon="139.88947777777778">
<ele>5</ele>
</trkpt>
<trkpt lat="35.8826675" lon="139.8894752777778">
<ele>5</ele>
</trkpt>
<trkpt lat="35.8827125" lon="139.88947277777777">
<ele>5</ele>
</trkpt>
<trkpt lat="35.882757222222224" lon="139.88947027777778">
<ele>5</ele>
</trkpt>
<trkpt lat="35.882802222222224" lon="139.8894675">
<ele>5</ele>
</trkpt>
<trkpt lat="35.882846944444445" lon="139.889465">
<ele>5</ele>
</trkpt>
<trkpt lat="35.88287888888889" lon="139.88946333333334">
<ele>5</ele>
</trkpt>
<trkpt lat="35.88287888888889" lon="139.88946333333334">
<ele>5</ele>
</trkpt>
<trkpt lat="35.88292361111111" lon="139.88945611111112">
<ele>5</ele>
</trkpt>
<trkpt lat="35.88296805555556" lon="139.8894488888889">
<ele>5</ele>
</trkpt>
<trkpt lat="35.8830125" lon="139.88944166666667">
<ele>5</ele>
</trkpt>
<trkpt lat="35.88305722222222" lon="139.88943444444445">
<ele>5</ele>
</trkpt>
<trkpt lat="35.88310166666667" lon="139.8894275">
<ele>5</ele>
</trkpt>
<trkpt lat="35.88314611111111" lon="139.8894202777778">
<ele>5</ele>
</trkpt>
<trkpt lat="35.88319083333333" lon="139.88941305555556">
<ele>5</ele>
</trkpt>
<trkpt lat="35.88323527777778" lon="139.88940583333334">
<ele>5</ele>
</trkpt>
<trkpt lat="35.88327972222222" lon="139.88939861111112">
<ele>5</ele>
</trkpt>
<trkpt lat="35.88332444444445" lon="139.88939166666665">
<ele>5</ele>
</trkpt>
<trkpt lat="35.88336888888889" lon="139.88938444444443">
<ele>5</ele>
</trkpt>
<trkpt lat="35.88341333333333" lon="139.8893772222222">
<ele>5</ele>
</trkpt>
<trkpt lat="35.88345805555556" lon="139.88937">
<ele>5</ele>
</trkpt>
<trkpt lat="35.8835025" lon="139.8893627777778">
<ele>5</ele>
</trkpt>
<trkpt lat="35.88354694444445" lon="139.88935555555557">
<ele>5</ele>
</trkpt>
<trkpt lat="35.88359166666667" lon="139.8893486111111">
<ele>5</ele>
</trkpt>
<trkpt lat="35.88363611111111" lon="139.88934138888888">
<ele>5</ele>
</trkpt>
<trkpt lat="35.88368055555556" lon="139.88933416666666">
<ele>5</ele>
</trkpt>
<trkpt lat="35.88372527777778" lon="139.88932694444443">
<ele>5</ele>
</trkpt>
<trkpt lat="35.88376972222222" lon="139.8893197222222">
<ele>5</ele>
</trkpt>
<trkpt lat="35.88381416666667" lon="139.88931277777777">
<ele>5</ele>
</trkpt>
<trkpt lat="35.88385888888889" lon="139.88930555555555">
<ele>5</ele>
</trkpt>
<trkpt lat="35.88387861111111" lon="139.88930222222223">
<ele>5</ele>
</trkpt>
<trkpt lat="35.88387861111111" lon="139.88930222222223">
<ele>5</ele>
</trkpt>
<trkpt lat="35.88392277777778" lon="139.8892913888889">
<ele>5</ele>
</trkpt>
<trkpt lat="35.883966666666666" lon="139.88928055555556">
<ele>5</ele>
</trkpt>
<trkpt lat="35.884010833333335" lon="139.88926944444444">
<ele>5</ele>
</trkpt>
<trkpt lat="35.884054722222224" lon="139.8892586111111">
<ele>5</ele>
</trkpt>
<trkpt lat="35.884098888888886" lon="139.88924777777777">
<ele>5</ele>
</trkpt>
<trkpt lat="35.884142777777775" lon="139.88923666666668">
<ele>5</ele>
</trkpt>
<trkpt lat="35.884186944444444" lon="139.88922583333334">
<ele>5</ele>
</trkpt>
<trkpt lat="35.88423083333333" lon="139.889215">
<ele>5</ele>
</trkpt>
<trkpt lat="35.884275" lon="139.8892038888889">
<ele>5</ele>
</trkpt>
<trkpt lat="35.88431888888889" lon="139.88919305555555">
<ele>5</ele>
</trkpt>
<trkpt lat="35.88436305555555" lon="139.88918222222222">
<ele>5</ele>
</trkpt>
<trkpt lat="35.88440694444444" lon="139.88917111111112">
<ele>5</ele>
</trkpt>
<trkpt lat="35.88445111111111" lon="139.8891602777778">
<ele>5</ele>
</trkpt>
<trkpt lat="35.884495" lon="139.88914944444446">
<ele>5</ele>
</trkpt>
<trkpt lat="35.88453916666667" lon="139.88913833333334">
<ele>5</ele>
</trkpt>
<trkpt lat="35.88458305555555" lon="139.8891275">
<ele>5</ele>
</trkpt>
<trkpt lat="35.88462722222222" lon="139.88911666666667">
<ele>5</ele>
</trkpt>
<trkpt lat="35.88467111111111" lon="139.88910555555555">
<ele>5</ele>
</trkpt>
<trkpt lat="35.88471527777778" lon="139.8890947222222">
<ele>5</ele>
</trkpt>
<trkpt lat="35.884721666666664" lon="139.88909305555555">
<ele>5</ele>
</trkpt>
<trkpt lat="35.884721666666664" lon="139.88909305555555">
<ele>5</ele>
</trkpt>
<trkpt lat="35.884765" lon="139.88907805555556">
<ele>5</ele>
</trkpt>
<trkpt lat="35.88480833333333" lon="139.88906305555557">
<ele>5</ele>
</trkpt>
<trkpt lat="35.88485166666667" lon="139.88904833333333">
<ele>5</ele>
</trkpt>
<trkpt lat="35.88489472222222" lon="139.88903333333334">
<ele>5</ele>
</trkpt>
<trkpt lat="35.88493805555556" lon="139.88901833333333">
<ele>5</ele>
</trkpt>
<trkpt lat="35.88498138888889" lon="139.88900333333333">
<ele>5</ele>
</trkpt>
<trkpt lat="35.88502444444445" lon="139.88898833333334">
<ele>5</ele>
</trkpt>
<trkpt lat="35.88506777777778" lon="139.88897333333333">
<ele>5</ele>
</trkpt>
<trkpt lat="35.88511111111111" lon="139.88895833333333">
<ele>5</ele>
</trkpt>
<trkpt lat="35.885154166666666" lon="139.8889436111111">
<ele>5</ele>
</trkpt>
<trkpt lat="35.8851975" lon="139.8889286111111">
<ele>5</ele>
</trkpt>
<trkpt lat="35.885240833333334" lon="139.88891361111112">
<ele>5</ele>
</trkpt>
<trkpt lat="35.885284166666665" lon="139.8888986111111">
<ele>5</ele>
</trkpt>
<trkpt lat="35.88532722222222" lon="139.8888836111111">
<ele>5</ele>
</trkpt>
<trkpt lat="35.88537055555555" lon="139.88886861111112">
<ele>5</ele>
</trkpt>
<trkpt lat="35.88541388888889" lon="139.8888536111111">
<ele>5</ele>
</trkpt>
<trkpt lat="35.88545694444444" lon="139.8888388888889">
<ele>5</ele>
</trkpt>
<trkpt lat="35.88550027777778" lon="139.88882388888888">
<ele>5</ele>
</trkpt>
<trkpt lat="35.88554361111111" lon="139.8888088888889">
<ele>5</ele>
</trkpt>
<trkpt lat="35.88558666666667" lon="139.8887938888889">
<ele>5</ele>
</trkpt>
<trkpt lat="35.88563" lon="139.88877888888888">
<ele>5</ele>
</trkpt>
<trkpt lat="35.88567333333334" lon="139.8887638888889">
<ele>5</ele>
</trkpt>
<trkpt lat="35.88571666666667" lon="139.8887488888889">
<ele>5</ele>
</trkpt>
<trkpt lat="35.885759722222225" lon="139.88873416666667">
<ele>5</ele>
</trkpt>
<trkpt lat="35.885803055555556" lon="139.88871916666668">
<ele>5</ele>
</trkpt>
<trkpt lat="35.885846388888886" lon="139.88870416666666">
<ele>5</ele>
</trkpt>
<trkpt lat="35.885889444444445" lon="139.88868916666667">
<ele>5</ele>
</trkpt>
<trkpt lat="35.885932777777775" lon="139.88867416666668">
<ele>5</ele>
</trkpt>
<trkpt lat="35.88597611111111" lon="139.88865916666666">
<ele>5</ele>
</trkpt>
<trkpt lat="35.886019166666664" lon="139.88864444444445">
<ele>5</ele>
</trkpt>
<trkpt lat="35.8860625" lon="139.88862944444443">
<ele>5</ele>
</trkpt>
<trkpt lat="35.88610583333333" lon="139.88861444444444">
<ele>5</ele>
</trkpt>
<trkpt lat="35.88614916666667" lon="139.88859944444445">
<ele>5</ele>
</trkpt>
<trkpt lat="35.88619222222222" lon="139.88858444444443">
<ele>5</ele>
</trkpt>
<trkpt lat="35.88619527777778" lon="139.8885836111111">
<ele>5</ele>
</trkpt>
<trkpt lat="35.88619527777778" lon="139.8885836111111">
<ele>5</ele>
</trkpt>
<trkpt lat="35.88623722222222" lon="139.88856416666667">
<ele>5</ele>
</trkpt>
<trkpt lat="35.88627944444445" lon="139.888545">
<ele>5</ele>
</trkpt>
<trkpt lat="35.88632166666667" lon="139.88852583333335">
<ele>5</ele>
</trkpt>
<trkpt lat="35.88636361111111" lon="139.88850666666667">
<ele>5</ele>
</trkpt>
<trkpt lat="35.886405833333335" lon="139.8884875">
<ele>5</ele>
</trkpt>
<trkpt lat="35.886448055555555" lon="139.88846833333332">
<ele>5</ele>
</trkpt>
<trkpt lat="35.886490277777774" lon="139.88844916666667">
<ele>5</ele>
</trkpt>
<trkpt lat="35.88653222222222" lon="139.88843">
<ele>5</ele>
</trkpt>
<trkpt lat="35.88657444444444" lon="139.88841083333332">
<ele>5</ele>
</trkpt>
<trkpt lat="35.88661666666667" lon="139.88839166666668">
<ele>5</ele>
</trkpt>
<trkpt lat="35.88665861111111" lon="139.8883725">
<ele>5</ele>
</trkpt>
<trkpt lat="35.886700833333336" lon="139.88835333333333">
<ele>5</ele>
</trkpt>
<trkpt lat="35.886743055555556" lon="139.88833416666668">
<ele>5</ele>
</trkpt>
<trkpt lat="35.886785" lon="139.888315">
<ele>5</ele>
</trkpt>
<trkpt lat="35.88682722222222" lon="139.88829555555554">
<ele>5</ele>
</trkpt>
<trkpt lat="35.88686944444444" lon="139.8882763888889">
<ele>5</ele>
</trkpt>
<trkpt lat="35.88691166666667" lon="139.88825722222222">
<ele>5</ele>
</trkpt>
<trkpt lat="35.88695361111111" lon="139.88823805555555">
<ele>5</ele>
</trkpt>
<trkpt lat="35.88699583333333" lon="139.8882188888889">
<ele>5</ele>
</trkpt>
<trkpt lat="35.88703805555556" lon="139.88819972222223">
<ele>5</ele>
</trkpt>
<trkpt lat="35.88708" lon="139.88818055555555">
<ele>5</ele>
</trkpt>
<trkpt lat="35.887122222222224" lon="139.88816138888888">
<ele>5</ele>
</trkpt>
<trkpt lat="35.887164444444444" lon="139.88814222222223">
<ele>5</ele>
</trkpt>
<trkpt lat="35.887206666666664" lon="139.88812305555555">
<ele>5</ele>
</trkpt>
<trkpt lat="35.88724861111111" lon="139.88810388888888">
<ele>5</ele>
</trkpt>
<trkpt lat="35.887255555555555" lon="139.88810055555555">
<ele>5</ele>
</trkpt>
<trkpt lat="35.887255555555555" lon="139.88810055555555">
<ele>5</ele>
</trkpt>
<trkpt lat="35.88729416666666" lon="139.88807194444445">
<ele>5</ele>
</trkpt>
<trkpt lat="35.8873325" lon="139.88804333333334">
<ele>5</ele>
</trkpt>
<trkpt lat="35.887370833333335" lon="139.8880147222222">
<ele>5</ele>
</trkpt>
<trkpt lat="35.887409444444444" lon="139.88798583333335">
<ele>5</ele>
</trkpt>
<trkpt lat="35.88743222222222" lon="139.88796888888888">
<ele>5</ele>
</trkpt>
<trkpt lat="35.88743222222222" lon="139.88796888888888">
<ele>5</ele>
</trkpt>
<trkpt lat="35.88747388888889" lon="139.8879488888889">
<ele>5</ele>
</trkpt>
<trkpt lat="35.88751583333333" lon="139.8879286111111">
<ele>5</ele>
</trkpt>
<trkpt lat="35.88755777777778" lon="139.8879086111111">
<ele>5</ele>
</trkpt>
<trkpt lat="35.88759944444445" lon="139.88788833333334">
<ele>5</ele>
</trkpt>
<trkpt lat="35.88764138888889" lon="139.88786833333333">
<ele>5</ele>
</trkpt>
<trkpt lat="35.887683055555556" lon="139.88784805555557">
<ele>5</ele>
</trkpt>
<trkpt lat="35.887725" lon="139.88782777777777">
<ele>5</ele>
</trkpt>
<trkpt lat="35.887766944444444" lon="139.88780777777777">
<ele>5</ele>
</trkpt>
<trkpt lat="35.88780861111111" lon="139.8877875">
<ele>5</ele>
</trkpt>
<trkpt lat="35.88785055555555" lon="139.8877675">
<ele>5</ele>
</trkpt>
<trkpt lat="35.8878925" lon="139.88774722222223">
<ele>5</ele>
</trkpt>
<trkpt lat="35.88793416666667" lon="139.88772722222222">
<ele>5</ele>
</trkpt>
<trkpt lat="35.88797611111111" lon="139.88770694444443">
<ele>5</ele>
</trkpt>
<trkpt lat="35.888017777777776" lon="139.88768694444445">
<ele>5</ele>
</trkpt>
<trkpt lat="35.88805972222222" lon="139.88766666666666">
<ele>5</ele>
</trkpt>
<trkpt lat="35.888101666666664" lon="139.88764666666665">
<ele>5</ele>
</trkpt>
<trkpt lat="35.88814333333333" lon="139.8876263888889">
<ele>5</ele>
</trkpt>
<trkpt lat="35.88818527777778" lon="139.8876061111111">
<ele>5</ele>
</trkpt>
<trkpt lat="35.88822722222222" lon="139.88758611111112">
<ele>5</ele>
</trkpt>
<trkpt lat="35.88826888888889" lon="139.88756583333333">
<ele>5</ele>
</trkpt>
<trkpt lat="35.88827305555556" lon="139.88756388888888">
<ele>5</ele>
</trkpt>
<trkpt lat="35.88827305555556" lon="139.88756388888888">
<ele>5</ele>
</trkpt>
<trkpt lat="35.88831472222222" lon="139.88754333333333">
<ele>5</ele>
</trkpt>
<trkpt lat="35.88835638888889" lon="139.88752277777778">
<ele>5</ele>
</trkpt>
<trkpt lat="35.888398055555555" lon="139.88750194444444">
<ele>5</ele>
</trkpt>
<trkpt lat="35.88843972222222" lon="139.8874813888889">
<ele>5</ele>
</trkpt>
<trkpt lat="35.88848138888889" lon="139.88746083333334">
<ele>5</ele>
</trkpt>
<trkpt lat="35.88852305555555" lon="139.88744">
<ele>5</ele>
</trkpt>
<trkpt lat="35.888565" lon="139.88741944444445">
<ele>5</ele>
</trkpt>
<trkpt lat="35.88860666666667" lon="139.8873988888889">
<ele>5</ele>
</trkpt>
<trkpt lat="35.888648333333336" lon="139.88737805555556">
<ele>5</ele>
</trkpt>
<trkpt lat="35.88869" lon="139.8873575">
<ele>5</ele>
</trkpt>
<trkpt lat="35.888731666666665" lon="139.88733694444446">
<ele>5</ele>
</trkpt>
<trkpt lat="35.88877333333333" lon="139.88731611111112">
<ele>5</ele>
</trkpt>
<trkpt lat="35.888815" lon="139.88729555555557">
<ele>5</ele>
</trkpt>
<trkpt lat="35.88885666666667" lon="139.887275">
<ele>5</ele>
</trkpt>
<trkpt lat="35.88889833333333" lon="139.88725416666668">
<ele>5</ele>
</trkpt>
<trkpt lat="35.88894" lon="139.8872336111111">
<ele>5</ele>
</trkpt>
<trkpt lat="35.88897722222222" lon="139.88721527777778">
<ele>5</ele>
</trkpt>
<trkpt lat="35.88897722222222" lon="139.88721527777778">
<ele>5</ele>
</trkpt>
<trkpt lat="35.889019166666664" lon="139.8871961111111">
<ele>5</ele>
</trkpt>
<trkpt lat="35.88906138888889" lon="139.88717694444443">
<ele>5</ele>
</trkpt>
<trkpt lat="35.88910361111111" lon="139.8871577777778">
<ele>5</ele>
</trkpt>
<trkpt lat="35.889125" lon="139.88714833333333">
<ele>5</ele>
</trkpt>
<trkpt lat="35.889125" lon="139.88714833333333">
<ele>5</ele>
</trkpt>
<trkpt lat="35.88916861111111" lon="139.8871352777778">
<ele>5</ele>
</trkpt>
<trkpt lat="35.88921222222222" lon="139.8871225">
<ele>5</ele>
</trkpt>
<trkpt lat="35.88925611111111" lon="139.88710972222222">
<ele>5</ele>
</trkpt>
<trkpt lat="35.88926166666667" lon="139.88710805555556">
<ele>5</ele>
</trkpt>
<trkpt lat="35.88926166666667" lon="139.88710805555556">
<ele>5</ele>
</trkpt>
<trkpt lat="35.8893025" lon="139.88708472222223">
<ele>5</ele>
</trkpt>
<trkpt lat="35.889343333333336" lon="139.8870613888889">
<ele>5</ele>
</trkpt>
<trkpt lat="35.88934666666667" lon="139.88705972222223">
<ele>5</ele>
</trkpt>
<trkpt lat="35.88934666666667" lon="139.88705972222223">
<ele>5</ele>
</trkpt>
<trkpt lat="35.889382222222224" lon="139.88702583333333">
<ele>5</ele>
</trkpt>
<trkpt lat="35.88941777777778" lon="139.88699222222223">
<ele>5</ele>
</trkpt>
<trkpt lat="35.88943138888889" lon="139.88697916666666">
<ele>5</ele>
</trkpt>
<trkpt lat="35.88943138888889" lon="139.88697916666666">
<ele>5</ele>
</trkpt>
<trkpt lat="35.889473055555555" lon="139.8869588888889">
<ele>5</ele>
</trkpt>
<trkpt lat="35.88951472222222" lon="139.88693833333335">
<ele>5</ele>
</trkpt>
<trkpt lat="35.889556666666664" lon="139.88691777777777">
<ele>5</ele>
</trkpt>
<trkpt lat="35.88959833333333" lon="139.8868975">
<ele>5</ele>
</trkpt>
<trkpt lat="35.88964" lon="139.88687694444445">
<ele>5</ele>
</trkpt>
<trkpt lat="35.88968166666667" lon="139.88685666666666">
<ele>5</ele>
</trkpt>
<trkpt lat="35.88972361111111" lon="139.8868361111111">
<ele>5</ele>
</trkpt>
<trkpt lat="35.88976527777778" lon="139.88681555555556">
<ele>5</ele>
</trkpt>
<trkpt lat="35.889806944444445" lon="139.88679527777776">
<ele>5</ele>
</trkpt>
<trkpt lat="35.889831111111114" lon="139.88678333333334">
<ele>5</ele>
</trkpt>
<trkpt lat="35.889831111111114" lon="139.88678333333334">
<ele>5</ele>
</trkpt>
<trkpt lat="35.8898725" lon="139.88676194444446">
<ele>5</ele>
</trkpt>
<trkpt lat="35.88991388888889" lon="139.8867402777778">
<ele>5</ele>
</trkpt>
<trkpt lat="35.88995527777778" lon="139.88671861111112">
<ele>5</ele>
</trkpt>
<trkpt lat="35.88999666666667" lon="139.88669694444445">
<ele>5</ele>
</trkpt>
<trkpt lat="35.89003805555556" lon="139.88667555555554">
<ele>5</ele>
</trkpt>
<trkpt lat="35.890079444444446" lon="139.8866538888889">
<ele>5</ele>
</trkpt>
<trkpt lat="35.890120555555555" lon="139.88663222222223">
<ele>5</ele>
</trkpt>
<trkpt lat="35.89016194444444" lon="139.88661055555556">
<ele>5</ele>
</trkpt>
<trkpt lat="35.89020333333333" lon="139.8865888888889">
<ele>5</ele>
</trkpt>
<trkpt lat="35.89024472222222" lon="139.8865675">
<ele>5</ele>
</trkpt>
<trkpt lat="35.89028611111111" lon="139.88654583333334">
<ele>5</ele>
</trkpt>
<trkpt lat="35.8903275" lon="139.88652416666667">
<ele>5</ele>
</trkpt>
<trkpt lat="35.89036888888889" lon="139.8865025">
<ele>5</ele>
</trkpt>
<trkpt lat="35.890410277777775" lon="139.88648111111112">
<ele>5</ele>
</trkpt>
<trkpt lat="35.890451666666664" lon="139.88645944444445">
<ele>5</ele>
</trkpt>
<trkpt lat="35.89049305555555" lon="139.8864377777778">
<ele>5</ele>
</trkpt>
<trkpt lat="35.89053444444444" lon="139.88641611111112">
<ele>5</ele>
</trkpt>
<trkpt lat="35.89057583333334" lon="139.88639472222224">
<ele>5</ele>
</trkpt>
<trkpt lat="35.890616944444446" lon="139.88637305555557">
<ele>5</ele>
</trkpt>
<trkpt lat="35.890658333333334" lon="139.8863513888889">
<ele>5</ele>
</trkpt>
<trkpt lat="35.89069972222222" lon="139.88632972222223">
<ele>5</ele>
</trkpt>
<trkpt lat="35.89074111111111" lon="139.88630805555556">
<ele>5</ele>
</trkpt>
<trkpt lat="35.8907825" lon="139.88628666666668">
<ele>5</ele>
</trkpt>
<trkpt lat="35.89082388888889" lon="139.886265">
<ele>5</ele>
</trkpt>
<trkpt lat="35.89086527777778" lon="139.88624333333334">
<ele>5</ele>
</trkpt>
<trkpt lat="35.890904444444445" lon="139.8862227777778">
<ele>5</ele>
</trkpt>
<trkpt lat="35.890904444444445" lon="139.8862227777778">
<ele>5</ele>
</trkpt>
<trkpt lat="35.89094611111111" lon="139.88620166666666">
<ele>5</ele>
</trkpt>
<trkpt lat="35.8909875" lon="139.88618055555557">
<ele>5</ele>
</trkpt>
<trkpt lat="35.89102916666667" lon="139.88615944444444">
<ele>5</ele>
</trkpt>
<trkpt lat="35.89107055555556" lon="139.88613805555556">
<ele>5</ele>
</trkpt>
<trkpt lat="35.89111222222222" lon="139.88611694444444">
<ele>5</ele>
</trkpt>
<trkpt lat="35.89115361111111" lon="139.88609583333334">
<ele>5</ele>
</trkpt>
<trkpt lat="35.891195277777776" lon="139.88607472222222">
<ele>5</ele>
</trkpt>
<trkpt lat="35.891236666666664" lon="139.88605361111112">
<ele>5</ele>
</trkpt>
<trkpt lat="35.8912675" lon="139.88603777777777">
<ele>5</ele>
</trkpt>
<trkpt lat="35.8912675" lon="139.88603777777777">
<ele>5</ele>
</trkpt>
<trkpt lat="35.89131138888889" lon="139.88602555555556">
<ele>5</ele>
</trkpt>
<trkpt lat="35.891355" lon="139.88601333333332">
<ele>5</ele>
</trkpt>
<trkpt lat="35.89139888888889" lon="139.8860011111111">
<ele>5</ele>
</trkpt>
<trkpt lat="35.891402222222226" lon="139.88600027777778">
<ele>5</ele>
</trkpt>
<trkpt lat="35.891402222222226" lon="139.88600027777778">
<ele>5</ele>
</trkpt>
<trkpt lat="35.89144611111111" lon="139.88597444444446">
<ele>5</ele>
</trkpt>
<trkpt lat="35.89149" lon="139.88594833333335">
<ele>5</ele>
</trkpt>
<trkpt lat="35.891534166666666" lon="139.8859225">
<ele>5</ele>
</trkpt>
<trkpt lat="35.891578055555556" lon="139.88589666666667">
<ele>5</ele>
</trkpt>
<trkpt lat="35.891621944444445" lon="139.88587083333334">
<ele>5</ele>
</trkpt>
<trkpt lat="35.891666111111114" lon="139.88584472222223">
<ele>5</ele>
</trkpt>
<trkpt lat="35.89171" lon="139.88581888888888">
<ele>5</ele>
</trkpt>
<trkpt lat="35.891753888888886" lon="139.88579305555555">
<ele>5</ele>
</trkpt>
<trkpt lat="35.891798055555554" lon="139.88576722222223">
<ele>5</ele>
</trkpt>
<trkpt lat="35.891841944444444" lon="139.88574111111112">
<ele>5</ele>
</trkpt>
<trkpt lat="35.89188583333333" lon="139.8857152777778">
<ele>5</ele>
</trkpt>
<trkpt lat="35.89192972222222" lon="139.88568944444444">
<ele>5</ele>
</trkpt>
<trkpt lat="35.89197388888889" lon="139.8856636111111">
<ele>5</ele>
</trkpt>
<trkpt lat="35.89201777777778" lon="139.8856375">
<ele>5</ele>
</trkpt>
<trkpt lat="35.89206166666666" lon="139.88561166666668">
<ele>5</ele>
</trkpt>
<trkpt lat="35.89210583333333" lon="139.88558583333332">
<ele>5</ele>
</trkpt>
<trkpt lat="35.89214972222222" lon="139.88556">
<ele>5</ele>
</trkpt>
<trkpt lat="35.89219361111111" lon="139.8855338888889">
<ele>5</ele>
</trkpt>
<trkpt lat="35.89223777777778" lon="139.88550805555556">
<ele>5</ele>
</trkpt>
<trkpt lat="35.89228166666667" lon="139.8854822222222">
<ele>5</ele>
</trkpt>
<trkpt lat="35.89232555555556" lon="139.88545611111113">
<ele>5</ele>
</trkpt>
<trkpt lat="35.89236944444445" lon="139.88543027777777">
<ele>5</ele>
</trkpt>
<trkpt lat="35.89241361111111" lon="139.88540444444445">
<ele>5</ele>
</trkpt>
<trkpt lat="35.8924575" lon="139.88537861111112">
<ele>5</ele>
</trkpt>
<trkpt lat="35.89250138888889" lon="139.8853525">
<ele>5</ele>
</trkpt>
<trkpt lat="35.89254555555556" lon="139.88532666666666">
<ele>5</ele>
</trkpt>
<trkpt lat="35.89258944444445" lon="139.88530083333333">
<ele>5</ele>
</trkpt>
<trkpt lat="35.892633333333336" lon="139.885275">
<ele>5</ele>
</trkpt>
<trkpt lat="35.8926775" lon="139.8852488888889">
<ele>5</ele>
</trkpt>
<trkpt lat="35.89272138888889" lon="139.88522305555554">
<ele>5</ele>
</trkpt>
<trkpt lat="35.89276527777778" lon="139.88519722222222">
<ele>5</ele>
</trkpt>
<trkpt lat="35.892809166666666" lon="139.8851713888889">
<ele>5</ele>
</trkpt>
<trkpt lat="35.892853333333335" lon="139.88514527777778">
<ele>5</ele>
</trkpt>
<trkpt lat="35.892897222222224" lon="139.88511944444446">
<ele>4</ele>
</trkpt>
<trkpt lat="35.892941111111114" lon="139.8850936111111">
<ele>5</ele>
</trkpt>
<trkpt lat="35.892985277777775" lon="139.88506777777778">
<ele>5</ele>
</trkpt>
<trkpt lat="35.893029166666665" lon="139.88504166666667">
<ele>5</ele>
</trkpt>
<trkpt lat="35.893073055555554" lon="139.88501583333334">
<ele>5</ele>
</trkpt>
<trkpt lat="35.893073055555554" lon="139.88501583333334">
<ele>5</ele>
</trkpt>
<trkpt lat="35.893073055555554" lon="139.88501583333334">
<ele>5</ele>
</trkpt>
<trkpt lat="35.89311305555555" lon="139.88499027777777">
<ele>4</ele>
</trkpt>
<trkpt lat="35.89315277777778" lon="139.88496472222224">
<ele>4</ele>
</trkpt>
<trkpt lat="35.89319277777778" lon="139.88493916666667">
<ele>4</ele>
</trkpt>
<trkpt lat="35.8932325" lon="139.88491333333334">
<ele>4</ele>
</trkpt>
<trkpt lat="35.89327222222222" lon="139.88488777777778">
<ele>4</ele>
</trkpt>
<trkpt lat="35.89331222222222" lon="139.8848622222222">
<ele>4</ele>
</trkpt>
<trkpt lat="35.89335194444445" lon="139.88483666666667">
<ele>4</ele>
</trkpt>
<trkpt lat="35.893391944444446" lon="139.8848111111111">
<ele>4</ele>
</trkpt>
<trkpt lat="35.893431666666665" lon="139.88478555555557">
<ele>4</ele>
</trkpt>
<trkpt lat="35.89347166666667" lon="139.88476">
<ele>4</ele>
</trkpt>
<trkpt lat="35.89351138888889" lon="139.88473416666668">
<ele>4</ele>
</trkpt>
<trkpt lat="35.89355111111111" lon="139.8847086111111">
<ele>4</ele>
</trkpt>
<trkpt lat="35.893591111111114" lon="139.88468305555554">
<ele>4</ele>
</trkpt>
<trkpt lat="35.89363083333333" lon="139.8846575">
<ele>4</ele>
</trkpt>
<trkpt lat="35.89367083333333" lon="139.88463194444444">
<ele>4</ele>
</trkpt>
<trkpt lat="35.8937075" lon="139.88460805555556">
<ele>4</ele>
</trkpt>
<trkpt lat="35.8937075" lon="139.88460805555556">
<ele>4</ele>
</trkpt>
<trkpt lat="35.893744444444444" lon="139.8845763888889">
<ele>4</ele>
</trkpt>
<trkpt lat="35.89378111111111" lon="139.88454444444446">
<ele>4</ele>
</trkpt>
<trkpt lat="35.893818055555556" lon="139.8845127777778">
<ele>4</ele>
</trkpt>
<trkpt lat="35.893838055555555" lon="139.88449555555556">
<ele>4</ele>
</trkpt>
<trkpt lat="35.893838055555555" lon="139.88449555555556">
<ele>4</ele>
</trkpt>
<trkpt lat="35.893877777777774" lon="139.88447">
<ele>4</ele>
</trkpt>
<trkpt lat="35.89391777777778" lon="139.88444416666667">
<ele>4</ele>
</trkpt>
<trkpt lat="35.8939575" lon="139.8844186111111">
<ele>4</ele>
</trkpt>
<trkpt lat="35.893997222222225" lon="139.88439305555556">
<ele>4</ele>
</trkpt>
<trkpt lat="35.894037222222224" lon="139.8843675">
<ele>4</ele>
</trkpt>
<trkpt lat="35.89407694444444" lon="139.88434166666667">
<ele>4</ele>
</trkpt>
<trkpt lat="35.89411666666667" lon="139.8843161111111">
<ele>4</ele>
</trkpt>
<trkpt lat="35.89415666666667" lon="139.88429055555557">
<ele>4</ele>
</trkpt>
<trkpt lat="35.894196388888886" lon="139.884265">
<ele>4</ele>
</trkpt>
<trkpt lat="35.89423638888889" lon="139.88423916666667">
<ele>4</ele>
</trkpt>
<trkpt lat="35.89427611111111" lon="139.8842136111111">
<ele>4</ele>
</trkpt>
<trkpt lat="35.89431583333333" lon="139.88418805555557">
<ele>4</ele>
</trkpt>
<trkpt lat="35.894355833333336" lon="139.8841625">
<ele>4</ele>
</trkpt>
<trkpt lat="35.894395555555555" lon="139.88413666666668">
<ele>4</ele>
</trkpt>
<trkpt lat="35.89443555555555" lon="139.8841111111111">
<ele>4</ele>
</trkpt>
<trkpt lat="35.89447527777778" lon="139.88408555555554">
<ele>4</ele>
</trkpt>
<trkpt lat="35.894515" lon="139.88405972222222">
<ele>4</ele>
</trkpt>
<trkpt lat="35.894555" lon="139.88403416666668">
<ele>4</ele>
</trkpt>
<trkpt lat="35.89459472222222" lon="139.8840086111111">
<ele>4</ele>
</trkpt>
<trkpt lat="35.89463472222222" lon="139.88398305555555">
<ele>4</ele>
</trkpt>
<trkpt lat="35.89467444444445" lon="139.88395722222222">
<ele>4</ele>
</trkpt>
<trkpt lat="35.89471416666667" lon="139.88393166666665">
<ele>4</ele>
</trkpt>
<trkpt lat="35.894754166666665" lon="139.88390611111112">
<ele>4</ele>
</trkpt>
<trkpt lat="35.89479388888889" lon="139.88388055555555">
<ele>4</ele>
</trkpt>
<trkpt lat="35.89483361111111" lon="139.88385472222222">
<ele>4</ele>
</trkpt>
<trkpt lat="35.89487361111111" lon="139.88382916666666">
<ele>4</ele>
</trkpt>
<trkpt lat="35.894913333333335" lon="139.88380361111112">
<ele>4</ele>
</trkpt>
<trkpt lat="35.89495333333333" lon="139.88377805555555">
<ele>4</ele>
</trkpt>
<trkpt lat="35.89496361111111" lon="139.8837713888889">
<ele>4</ele>
</trkpt>
<trkpt lat="35.89496361111111" lon="139.8837713888889">
<ele>4</ele>
</trkpt>
<trkpt lat="35.895002777777776" lon="139.88374444444443">
<ele>4</ele>
</trkpt>
<trkpt lat="35.89504194444444" lon="139.8837175">
<ele>4</ele>
</trkpt>
<trkpt lat="35.89508138888889" lon="139.88369055555555">
<ele>4</ele>
</trkpt>
<trkpt lat="35.89512055555556" lon="139.8836636111111">
<ele>4</ele>
</trkpt>
<trkpt lat="35.895159722222225" lon="139.88363666666666">
<ele>4</ele>
</trkpt>
<trkpt lat="35.895199166666664" lon="139.88360972222222">
<ele>4</ele>
</trkpt>
<trkpt lat="35.89523833333333" lon="139.88358277777778">
<ele>4</ele>
</trkpt>
<trkpt lat="35.8952775" lon="139.88355583333333">
<ele>4</ele>
</trkpt>
<trkpt lat="35.895316944444446" lon="139.8835288888889">
<ele>4</ele>
</trkpt>
<trkpt lat="35.89535611111111" lon="139.88350194444445">
<ele>4</ele>
</trkpt>
<trkpt lat="35.89539555555555" lon="139.883475">
<ele>4</ele>
</trkpt>
<trkpt lat="35.89543472222222" lon="139.88344833333332">
<ele>4</ele>
</trkpt>
<trkpt lat="35.89547388888889" lon="139.88342138888888">
<ele>4</ele>
</trkpt>
<trkpt lat="35.895513333333334" lon="139.88339444444443">
<ele>4</ele>
</trkpt>
<trkpt lat="35.8955525" lon="139.8833675">
<ele>4</ele>
</trkpt>
<trkpt lat="35.89556972222222" lon="139.88335555555557">
<ele>4</ele>
</trkpt>
<trkpt lat="35.89556972222222" lon="139.88335555555557">
<ele>4</ele>
</trkpt>
<trkpt lat="35.895608333333335" lon="139.88332694444443">
<ele>4</ele>
</trkpt>
<trkpt lat="35.895646666666664" lon="139.88329833333333">
<ele>4</ele>
</trkpt>
<trkpt lat="35.89568527777778" lon="139.88326972222222">
<ele>4</ele>
</trkpt>
<trkpt lat="35.89572361111111" lon="139.88324111111112">
<ele>4</ele>
</trkpt>
<trkpt lat="35.895762222222224" lon="139.8832125">
<ele>4</ele>
</trkpt>
<trkpt lat="35.89580055555555" lon="139.88318388888888">
<ele>4</ele>
</trkpt>
<trkpt lat="35.89583916666667" lon="139.88315527777777">
<ele>4</ele>
</trkpt>
<trkpt lat="35.8958775" lon="139.88312666666667">
<ele>4</ele>
</trkpt>
<trkpt lat="35.89591611111111" lon="139.88309833333332">
<ele>4</ele>
</trkpt>
<trkpt lat="35.89595444444444" lon="139.88306972222222">
<ele>4</ele>
</trkpt>
<trkpt lat="35.89599305555556" lon="139.8830411111111">
<ele>4</ele>
</trkpt>
<trkpt lat="35.896031388888886" lon="139.8830125">
<ele>4</ele>
</trkpt>
<trkpt lat="35.89607" lon="139.8829838888889">
<ele>4</ele>
</trkpt>
<trkpt lat="35.89610861111111" lon="139.88295527777777">
<ele>4</ele>
</trkpt>
<trkpt lat="35.896146944444446" lon="139.88292666666666">
<ele>4</ele>
</trkpt>
<trkpt lat="35.896185555555554" lon="139.88289805555556">
<ele>4</ele>
</trkpt>
<trkpt lat="35.89622388888889" lon="139.88286944444445">
<ele>4</ele>
</trkpt>
<trkpt lat="35.8962625" lon="139.88284083333335">
<ele>4</ele>
</trkpt>
<trkpt lat="35.896300833333335" lon="139.8828122222222">
<ele>4</ele>
</trkpt>
<trkpt lat="35.89633944444444" lon="139.8827836111111">
<ele>4</ele>
</trkpt>
<trkpt lat="35.89637777777778" lon="139.882755">
<ele>4</ele>
</trkpt>
<trkpt lat="35.89641638888889" lon="139.8827263888889">
<ele>4</ele>
</trkpt>
<trkpt lat="35.896432222222224" lon="139.88271444444445">
<ele>4</ele>
</trkpt>
<trkpt lat="35.896432222222224" lon="139.88271444444445">
<ele>4</ele>
</trkpt>
<trkpt lat="35.89647111111111" lon="139.88268666666667">
<ele>4</ele>
</trkpt>
<trkpt lat="35.89651" lon="139.8826586111111">
<ele>4</ele>
</trkpt>
<trkpt lat="35.89654861111111" lon="139.88263083333334">
<ele>4</ele>
</trkpt>
<trkpt lat="35.8965875" lon="139.88260277777778">
<ele>4</ele>
</trkpt>
<trkpt lat="35.89662638888889" lon="139.88257472222222">
<ele>4</ele>
</trkpt>
<trkpt lat="35.896665" lon="139.88254694444444">
<ele>4</ele>
</trkpt>
<trkpt lat="35.89670388888889" lon="139.88251888888888">
<ele>4</ele>
</trkpt>
<trkpt lat="35.896742777777774" lon="139.8824911111111">
<ele>4</ele>
</trkpt>
<trkpt lat="35.89678166666667" lon="139.88246305555555">
<ele>4</ele>
</trkpt>
<trkpt lat="35.89682027777778" lon="139.88243527777777">
<ele>4</ele>
</trkpt>
<trkpt lat="35.896859166666665" lon="139.8824072222222">
<ele>4</ele>
</trkpt>
<trkpt lat="35.89689805555555" lon="139.88237916666668">
<ele>4</ele>
</trkpt>
<trkpt lat="35.89693666666667" lon="139.88235138888888">
<ele>4</ele>
</trkpt>
<trkpt lat="35.89695388888889" lon="139.88233888888888">
<ele>4</ele>
</trkpt>
<trkpt lat="35.89695388888889" lon="139.88233888888888">
<ele>4</ele>
</trkpt>
<trkpt lat="35.896993055555555" lon="139.88231222222223">
<ele>4</ele>
</trkpt>
<trkpt lat="35.89703222222222" lon="139.88228527777778">
<ele>4</ele>
</trkpt>
<trkpt lat="35.89707166666667" lon="139.88225833333334">
<ele>4</ele>
</trkpt>
<trkpt lat="35.897110833333336" lon="139.8822313888889">
<ele>4</ele>
</trkpt>
<trkpt lat="35.897150277777776" lon="139.88220444444445">
<ele>4</ele>
</trkpt>
<trkpt lat="35.89718944444444" lon="139.8821775">
<ele>4</ele>
</trkpt>
<trkpt lat="35.89722861111111" lon="139.88215055555557">
<ele>4</ele>
</trkpt>
<trkpt lat="35.89726805555556" lon="139.8821236111111">
<ele>4</ele>
</trkpt>
<trkpt lat="35.897307222222224" lon="139.88209666666665">
<ele>4</ele>
</trkpt>
<trkpt lat="35.89734638888889" lon="139.8820697222222">
<ele>4</ele>
</trkpt>
<trkpt lat="35.89738583333333" lon="139.88204277777777">
<ele>4</ele>
</trkpt>
<trkpt lat="35.897425" lon="139.88201583333333">
<ele>4</ele>
</trkpt>
<trkpt lat="35.897462222222224" lon="139.8819902777778">
<ele>4</ele>
</trkpt>
<trkpt lat="35.897462222222224" lon="139.8819902777778">
<ele>4</ele>
</trkpt>
<trkpt lat="35.89750055555555" lon="139.8819611111111">
<ele>4</ele>
</trkpt>
<trkpt lat="35.89753861111111" lon="139.88193194444443">
<ele>4</ele>
</trkpt>
<trkpt lat="35.897576944444445" lon="139.88190305555557">
<ele>4</ele>
</trkpt>
<trkpt lat="35.897615" lon="139.8818738888889">
<ele>4</ele>
</trkpt>
<trkpt lat="35.89765333333333" lon="139.8818447222222">
<ele>4</ele>
</trkpt>
<trkpt lat="35.89769166666667" lon="139.88181555555556">
<ele>4</ele>
</trkpt>
<trkpt lat="35.89772972222222" lon="139.88178638888888">
<ele>4</ele>
</trkpt>
<trkpt lat="35.89776805555555" lon="139.88175722222223">
<ele>4</ele>
</trkpt>
<trkpt lat="35.89780611111111" lon="139.88172805555556">
<ele>4</ele>
</trkpt>
<trkpt lat="35.897844444444445" lon="139.88169888888888">
<ele>4</ele>
</trkpt>
<trkpt lat="35.8978825" lon="139.88166972222223">
<ele>4</ele>
</trkpt>
<trkpt lat="35.89792083333333" lon="139.88164055555555">
<ele>4</ele>
</trkpt>
<trkpt lat="35.897959166666666" lon="139.88161166666666">
<ele>4</ele>
</trkpt>
<trkpt lat="35.89799722222222" lon="139.8815825">
<ele>4</ele>
</trkpt>
<trkpt lat="35.89803555555556" lon="139.88155333333333">
<ele>4</ele>
</trkpt>
<trkpt lat="35.89807361111111" lon="139.88152416666668">
<ele>4</ele>
</trkpt>
<trkpt lat="35.898111944444445" lon="139.881495">
<ele>4</ele>
</trkpt>
<trkpt lat="35.89812722222222" lon="139.88148333333334">
<ele>4</ele>
</trkpt>
<trkpt lat="35.89812722222222" lon="139.88148333333334">
<ele>4</ele>
</trkpt>
<trkpt lat="35.89821888888889" lon="139.8814152777778">
<ele>4</ele>
</trkpt>
<trkpt lat="35.898310555555554" lon="139.88134722222222">
<ele>4</ele>
</trkpt>
<trkpt lat="35.898402222222224" lon="139.88127916666667">
<ele>4</ele>
</trkpt>
<trkpt lat="35.898493888888886" lon="139.8812113888889">
<ele>4</ele>
</trkpt>
<trkpt lat="35.898585555555556" lon="139.88114333333334">
<ele>4</ele>
</trkpt>
<trkpt lat="35.898677222222226" lon="139.88107527777777">
<ele>4</ele>
</trkpt>
<trkpt lat="35.89876888888889" lon="139.88100722222222">
<ele>4</ele>
</trkpt>
<trkpt lat="35.89886083333333" lon="139.88093916666668">
<ele>4</ele>
</trkpt>
<trkpt lat="35.8989525" lon="139.8808711111111">
<ele>4</ele>
</trkpt>
<trkpt lat="35.89904416666667" lon="139.88080305555556">
<ele>4</ele>
</trkpt>
<trkpt lat="35.89913583333333" lon="139.880735">
<ele>4</ele>
</trkpt>
<trkpt lat="35.8992275" lon="139.88066694444444">
<ele>4</ele>
</trkpt>
<trkpt lat="35.899319166666665" lon="139.8805988888889">
<ele>4</ele>
</trkpt>
<trkpt lat="35.899410833333334" lon="139.88053083333332">
<ele>4</ele>
</trkpt>
<trkpt lat="35.8995025" lon="139.88046277777778">
<ele>4</ele>
</trkpt>
<trkpt lat="35.89959416666667" lon="139.88039472222223">
<ele>4</ele>
</trkpt>
<trkpt lat="35.89968611111111" lon="139.88032666666666">
<ele>4</ele>
</trkpt>
<trkpt lat="35.89977777777778" lon="139.88025861111112">
<ele>4</ele>
</trkpt>
<trkpt lat="35.89986944444444" lon="139.88019083333333">
<ele>4</ele>
</trkpt>
<trkpt lat="35.89996111111111" lon="139.88012277777779">
<ele>4</ele>
</trkpt>
<trkpt lat="35.90005277777778" lon="139.8800547222222">
<ele>4</ele>
</trkpt>
<trkpt lat="35.90014444444444" lon="139.87998666666667">
<ele>4</ele>
</trkpt>
<trkpt lat="35.90023611111111" lon="139.87991861111112">
<ele>4</ele>
</trkpt>
<trkpt lat="35.900327777777775" lon="139.87985055555555">
<ele>4</ele>
</trkpt>
<trkpt lat="35.900419444444445" lon="139.8797825">
<ele>4</ele>
</trkpt>
<trkpt lat="35.90051138888889" lon="139.87971444444443">
<ele>4</ele>
</trkpt>
<trkpt lat="35.90060305555556" lon="139.8796463888889">
<ele>4</ele>
</trkpt>
<trkpt lat="35.90069472222222" lon="139.87957833333334">
<ele>4</ele>
</trkpt>
<trkpt lat="35.90078638888889" lon="139.87951027777777">
<ele>4</ele>
</trkpt>
<trkpt lat="35.90087805555556" lon="139.87944222222222">
<ele>4</ele>
</trkpt>
<trkpt lat="35.90096972222222" lon="139.87937416666668">
<ele>4</ele>
</trkpt>
<trkpt lat="35.90106138888889" lon="139.8793061111111">
<ele>4</ele>
</trkpt>
<trkpt lat="35.901153055555554" lon="139.87923833333332">
<ele>4</ele>
</trkpt>
<trkpt lat="35.901245" lon="139.87917027777777">
<ele>4</ele>
</trkpt>
<trkpt lat="35.901336666666666" lon="139.87910222222223">
<ele>4</ele>
</trkpt>
<trkpt lat="35.901428333333335" lon="139.87903416666666">
<ele>4</ele>
</trkpt>
<trkpt lat="35.90152" lon="139.8789661111111">
<ele>4</ele>
</trkpt>
<trkpt lat="35.90161166666667" lon="139.87889805555557">
<ele>4</ele>
</trkpt>
<trkpt lat="35.90161166666667" lon="139.87889805555557">
<ele>4</ele>
</trkpt>
<trkpt lat="35.90169222222222" lon="139.87883916666667">
<ele>4</ele>
</trkpt>
<trkpt lat="35.90177277777778" lon="139.87878027777776">
<ele>4</ele>
</trkpt>
<trkpt lat="35.901853611111115" lon="139.8787213888889">
<ele>4</ele>
</trkpt>
<trkpt lat="35.90193416666666" lon="139.8786625">
<ele>4</ele>
</trkpt>
<trkpt lat="35.90201472222222" lon="139.87860361111112">
<ele>4</ele>
</trkpt>
<trkpt lat="35.902095277777775" lon="139.87854472222222">
<ele>4</ele>
</trkpt>
<trkpt lat="35.90217583333333" lon="139.87848583333334">
<ele>4</ele>
</trkpt>
<trkpt lat="35.902256666666666" lon="139.87842694444444">
<ele>4</ele>
</trkpt>
<trkpt lat="35.90233722222222" lon="139.87836833333333">
<ele>4</ele>
</trkpt>
<trkpt lat="35.90241777777778" lon="139.87830944444445">
<ele>4</ele>
</trkpt>
<trkpt lat="35.902498333333334" lon="139.87825055555555">
<ele>4</ele>
</trkpt>
<trkpt lat="35.90257916666667" lon="139.87819166666668">
<ele>4</ele>
</trkpt>
<trkpt lat="35.902659722222225" lon="139.87813277777778">
<ele>4</ele>
</trkpt>
<trkpt lat="35.90274027777778" lon="139.87807388888888">
<ele>4</ele>
</trkpt>
<trkpt lat="35.90282083333334" lon="139.878015">
<ele>4</ele>
</trkpt>
<trkpt lat="35.902901388888885" lon="139.8779561111111">
<ele>4</ele>
</trkpt>
<trkpt lat="35.90298222222222" lon="139.87789722222223">
<ele>4</ele>
</trkpt>
<trkpt lat="35.90306277777778" lon="139.87783833333333">
<ele>4</ele>
</trkpt>
<trkpt lat="35.90314333333333" lon="139.87777944444446">
<ele>4</ele>
</trkpt>
<trkpt lat="35.90322388888889" lon="139.87772055555556">
<ele>4</ele>
</trkpt>
<trkpt lat="35.903304444444444" lon="139.87766166666665">
<ele>4</ele>
</trkpt>
<trkpt lat="35.90338527777778" lon="139.87760305555557">
<ele>4</ele>
</trkpt>
<trkpt lat="35.903465833333335" lon="139.87754416666667">
<ele>4</ele>
</trkpt>
<trkpt lat="35.90354638888889" lon="139.87748527777777">
<ele>4</ele>
</trkpt>
<trkpt lat="35.90362694444445" lon="139.8774263888889">
<ele>4</ele>
</trkpt>
<trkpt lat="35.903707777777775" lon="139.8773675">
<ele>4</ele>
</trkpt>
<trkpt lat="35.90378833333333" lon="139.87730861111112">
<ele>4</ele>
</trkpt>
<trkpt lat="35.90386888888889" lon="139.87724972222222">
<ele>4</ele>
</trkpt>
<trkpt lat="35.90394944444444" lon="139.87719083333334">
<ele>4</ele>
</trkpt>
<trkpt lat="35.90403" lon="139.87713194444444">
<ele>4</ele>
</trkpt>
<trkpt lat="35.904110833333334" lon="139.87707305555554">
<ele>4</ele>
</trkpt>
<trkpt lat="35.90419138888889" lon="139.87701416666667">
<ele>4</ele>
</trkpt>
<trkpt lat="35.904271944444446" lon="139.87695527777777">
<ele>4</ele>
</trkpt>
<trkpt lat="35.9043525" lon="139.8768963888889">
<ele>4</ele>
</trkpt>
<trkpt lat="35.90443333333333" lon="139.87683777777778">
<ele>4</ele>
</trkpt>
<trkpt lat="35.904513888888886" lon="139.87677888888888">
<ele>4</ele>
</trkpt>
<trkpt lat="35.90459444444444" lon="139.87672">
<ele>4</ele>
</trkpt>
<trkpt lat="35.904675" lon="139.8766611111111">
<ele>4</ele>
</trkpt>
<trkpt lat="35.904675" lon="139.8766611111111">
<ele>4</ele>
</trkpt>
<trkpt lat="35.9047375" lon="139.87661555555556">
<ele>4</ele>
</trkpt>
<trkpt lat="35.9048" lon="139.87657">
<ele>4</ele>
</trkpt>
<trkpt lat="35.9048625" lon="139.87652444444444">
<ele>4</ele>
</trkpt>
<trkpt lat="35.904925" lon="139.8764788888889">
<ele>4</ele>
</trkpt>
<trkpt lat="35.9049875" lon="139.87643333333332">
<ele>4</ele>
</trkpt>
<trkpt lat="35.90505" lon="139.87638777777778">
<ele>4</ele>
</trkpt>
<trkpt lat="35.9051125" lon="139.87634222222223">
<ele>4</ele>
</trkpt>
<trkpt lat="35.905175" lon="139.87629666666666">
<ele>4</ele>
</trkpt>
<trkpt lat="35.9052375" lon="139.87625111111112">
<ele>4</ele>
</trkpt>
<trkpt lat="35.9053" lon="139.87620555555554">
<ele>4</ele>
</trkpt>
<trkpt lat="35.90536222222222" lon="139.87616">
<ele>4</ele>
</trkpt>
<trkpt lat="35.90542472222222" lon="139.87611444444445">
<ele>4</ele>
</trkpt>
<trkpt lat="35.90548722222222" lon="139.87606888888888">
<ele>4</ele>
</trkpt>
<trkpt lat="35.905549722222226" lon="139.87602333333334">
<ele>4</ele>
</trkpt>
<trkpt lat="35.905612222222224" lon="139.8759777777778">
<ele>4</ele>
</trkpt>
<trkpt lat="35.90567472222222" lon="139.87593222222222">
<ele>4</ele>
</trkpt>
<trkpt lat="35.90573722222222" lon="139.87588666666667">
<ele>4</ele>
</trkpt>
<trkpt lat="35.90579972222222" lon="139.8758411111111">
<ele>4</ele>
</trkpt>
<trkpt lat="35.905862222222225" lon="139.87579555555556">
<ele>4</ele>
</trkpt>
<trkpt lat="35.905924722222224" lon="139.87575">
<ele>4</ele>
</trkpt>
<trkpt lat="35.90598722222222" lon="139.87570444444444">
<ele>4</ele>
</trkpt>
<trkpt lat="35.90604972222222" lon="139.8756588888889">
<ele>4</ele>
</trkpt>
<trkpt lat="35.90611222222222" lon="139.87561333333332">
<ele>4</ele>
</trkpt>
<trkpt lat="35.906174722222225" lon="139.87556777777777">
<ele>4</ele>
</trkpt>
<trkpt lat="35.906237222222224" lon="139.87552222222223">
<ele>4</ele>
</trkpt>
<trkpt lat="35.90629944444444" lon="139.87547666666666">
<ele>4</ele>
</trkpt>
<trkpt lat="35.90636194444444" lon="139.8754313888889">
<ele>4</ele>
</trkpt>
<trkpt lat="35.90642444444445" lon="139.87538583333333">
<ele>4</ele>
</trkpt>
<trkpt lat="35.906486944444445" lon="139.87534027777778">
<ele>4</ele>
</trkpt>
<trkpt lat="35.906549444444444" lon="139.87529472222224">
<ele>4</ele>
</trkpt>
<trkpt lat="35.90661194444444" lon="139.87524916666666">
<ele>4</ele>
</trkpt>
<trkpt lat="35.90667444444444" lon="139.87520361111112">
<ele>4</ele>
</trkpt>
<trkpt lat="35.90673694444445" lon="139.87515805555554">
<ele>4</ele>
</trkpt>
<trkpt lat="35.906799444444445" lon="139.8751125">
<ele>4</ele>
</trkpt>
<trkpt lat="35.906861944444444" lon="139.87506694444446">
<ele>4</ele>
</trkpt>
<trkpt lat="35.90692444444444" lon="139.87502138888888">
<ele>4</ele>
</trkpt>
<trkpt lat="35.90698694444445" lon="139.87497583333334">
<ele>4</ele>
</trkpt>
<trkpt lat="35.907049444444446" lon="139.87493027777776">
<ele>4</ele>
</trkpt>
<trkpt lat="35.907049444444446" lon="139.87493027777776">
<ele>4</ele>
</trkpt>
<trkpt lat="35.907049444444446" lon="139.87493027777776">
<ele>4</ele>
</trkpt>
<trkpt lat="35.90708472222222" lon="139.8748961111111">
<ele>4</ele>
</trkpt>
<trkpt lat="35.90712027777778" lon="139.87486194444443">
<ele>4</ele>
</trkpt>
<trkpt lat="35.907155555555555" lon="139.87482777777777">
<ele>4</ele>
</trkpt>
<trkpt lat="35.90719083333333" lon="139.8747936111111">
<ele>4</ele>
</trkpt>
<trkpt lat="35.90722638888889" lon="139.87475944444444">
<ele>4</ele>
</trkpt>
<trkpt lat="35.90726166666666" lon="139.87472555555556">
<ele>4</ele>
</trkpt>
<trkpt lat="35.90729722222222" lon="139.8746913888889">
<ele>4</ele>
</trkpt>
<trkpt lat="35.9073325" lon="139.87465722222223">
<ele>4</ele>
</trkpt>
<trkpt lat="35.90736805555556" lon="139.87462305555556">
<ele>4</ele>
</trkpt>
<trkpt lat="35.907403333333335" lon="139.8745888888889">
<ele>4</ele>
</trkpt>
<trkpt lat="35.90743861111111" lon="139.87455472222223">
<ele>4</ele>
</trkpt>
<trkpt lat="35.90747416666667" lon="139.87452055555556">
<ele>4</ele>
</trkpt>
<trkpt lat="35.90750944444444" lon="139.8744863888889">
<ele>4</ele>
</trkpt>
<trkpt lat="35.907545" lon="139.87445222222223">
<ele>4</ele>
</trkpt>
<trkpt lat="35.907580277777775" lon="139.87441833333332">
<ele>4</ele>
</trkpt>
<trkpt lat="35.90761583333333" lon="139.87438416666666">
<ele>4</ele>
</trkpt>
<trkpt lat="35.90764472222222" lon="139.8743561111111">
<ele>4</ele>
</trkpt>
<trkpt lat="35.90764472222222" lon="139.8743561111111">
<ele>4</ele>
</trkpt>
<trkpt lat="35.90766638888889" lon="139.87430777777777">
<ele>4</ele>
</trkpt>
<trkpt lat="35.90768833333333" lon="139.87425916666666">
<ele>4</ele>
</trkpt>
<trkpt lat="35.90771" lon="139.87421083333334">
<ele>4</ele>
</trkpt>
<trkpt lat="35.90773194444444" lon="139.87416222222222">
<ele>4</ele>
</trkpt>
<trkpt lat="35.90775361111111" lon="139.8741138888889">
<ele>4</ele>
</trkpt>
<trkpt lat="35.90777555555555" lon="139.8740652777778">
<ele>4</ele>
</trkpt>
<trkpt lat="35.90779722222222" lon="139.87401694444443">
<ele>4</ele>
</trkpt>
<trkpt lat="35.90781916666667" lon="139.87396833333332">
<ele>4</ele>
</trkpt>
<trkpt lat="35.90784083333333" lon="139.87392">
<ele>4</ele>
</trkpt>
<trkpt lat="35.90786277777778" lon="139.8738713888889">
<ele>4</ele>
</trkpt>
<trkpt lat="35.90788444444444" lon="139.87382305555556">
<ele>4</ele>
</trkpt>
<trkpt lat="35.90790638888889" lon="139.87377444444445">
<ele>4</ele>
</trkpt>
<trkpt lat="35.90792833333333" lon="139.87372611111113">
<ele>4</ele>
</trkpt>
<trkpt lat="35.90795" lon="139.8736775">
<ele>4</ele>
</trkpt>
<trkpt lat="35.90797194444445" lon="139.87362916666666">
<ele>4</ele>
</trkpt>
<trkpt lat="35.90799361111111" lon="139.87358055555555">
<ele>4</ele>
</trkpt>
<trkpt lat="35.90801555555556" lon="139.87353222222222">
<ele>4</ele>
</trkpt>
<trkpt lat="35.90803722222222" lon="139.8734836111111">
<ele>4</ele>
</trkpt>
<trkpt lat="35.90805916666667" lon="139.8734352777778">
<ele>4</ele>
</trkpt>
<trkpt lat="35.90808083333334" lon="139.87338666666668">
<ele>4</ele>
</trkpt>
<trkpt lat="35.90810277777778" lon="139.87333833333332">
<ele>4</ele>
</trkpt>
<trkpt lat="35.90812444444445" lon="139.8732897222222">
<ele>4</ele>
</trkpt>
<trkpt lat="35.90814638888889" lon="139.87324138888889">
<ele>4</ele>
</trkpt>
<trkpt lat="35.90816805555556" lon="139.87319277777777">
<ele>4</ele>
</trkpt>
<trkpt lat="35.90819" lon="139.87314444444445">
<ele>4</ele>
</trkpt>
<trkpt lat="35.908211666666666" lon="139.87309583333334">
<ele>4</ele>
</trkpt>
<trkpt lat="35.908231111111114" lon="139.8730527777778">
<ele>4</ele>
</trkpt>
<trkpt lat="35.908231111111114" lon="139.8730527777778">
<ele>4</ele>
</trkpt>
<trkpt lat="35.908277777777776" lon="139.8730138888889">
<ele>4</ele>
</trkpt>
<trkpt lat="35.908324444444446" lon="139.872975">
<ele>4</ele>
</trkpt>
<trkpt lat="35.90837111111111" lon="139.8729361111111">
<ele>4</ele>
</trkpt>
<trkpt lat="35.90841777777778" lon="139.8728975">
<ele>4</ele>
</trkpt>
<trkpt lat="35.90846444444445" lon="139.8728586111111">
<ele>4</ele>
</trkpt>
<trkpt lat="35.90851111111111" lon="139.87281972222223">
<ele>4</ele>
</trkpt>
<trkpt lat="35.90855777777778" lon="139.87278083333334">
<ele>4</ele>
</trkpt>
<trkpt lat="35.90860444444444" lon="139.87274222222223">
<ele>4</ele>
</trkpt>
<trkpt lat="35.90865111111111" lon="139.87270333333333">
<ele>4</ele>
</trkpt>
<trkpt lat="35.908697777777775" lon="139.87266444444444">
<ele>4</ele>
</trkpt>
<trkpt lat="35.908744444444444" lon="139.87262555555554">
<ele>4</ele>
</trkpt>
<trkpt lat="35.908791111111114" lon="139.87258694444444">
<ele>4</ele>
</trkpt>
<trkpt lat="35.90883777777778" lon="139.87254805555557">
<ele>4</ele>
</trkpt>
<trkpt lat="35.90888416666667" lon="139.87250916666667">
<ele>4</ele>
</trkpt>
<trkpt lat="35.908930833333336" lon="139.87247027777778">
<ele>4</ele>
</trkpt>
<trkpt lat="35.9089775" lon="139.87243166666667">
<ele>4</ele>
</trkpt>
<trkpt lat="35.90902416666667" lon="139.87239277777778">
<ele>4</ele>
</trkpt>
<trkpt lat="35.90907083333333" lon="139.87235388888888">
<ele>4</ele>
</trkpt>
<trkpt lat="35.9091175" lon="139.872315">
<ele>4</ele>
</trkpt>
<trkpt lat="35.90916416666666" lon="139.87227611111112">
<ele>4</ele>
</trkpt>
<trkpt lat="35.90921083333333" lon="139.8722375">
<ele>4</ele>
</trkpt>
<trkpt lat="35.9092575" lon="139.87219861111112">
<ele>4</ele>
</trkpt>
<trkpt lat="35.909304166666665" lon="139.87215972222222">
<ele>4</ele>
</trkpt>
<trkpt lat="35.909350833333335" lon="139.87212083333333">
<ele>4</ele>
</trkpt>
<trkpt lat="35.9093975" lon="139.87208222222222">
<ele>4</ele>
</trkpt>
<trkpt lat="35.90944416666667" lon="139.87204333333332">
<ele>4</ele>
</trkpt>
<trkpt lat="35.90949083333334" lon="139.87200444444446">
<ele>4</ele>
</trkpt>
<trkpt lat="35.9095375" lon="139.87196555555556">
<ele>4</ele>
</trkpt>
<trkpt lat="35.90958416666667" lon="139.87192694444445">
<ele>4</ele>
</trkpt>
<trkpt lat="35.90963083333333" lon="139.87188805555556">
<ele>4</ele>
</trkpt>
<trkpt lat="35.9096775" lon="139.87184916666666">
<ele>4</ele>
</trkpt>
<trkpt lat="35.90972388888889" lon="139.87181027777777">
<ele>4</ele>
</trkpt>
<trkpt lat="35.90977055555555" lon="139.87177166666666">
<ele>4</ele>
</trkpt>
<trkpt lat="35.90981722222222" lon="139.87173277777777">
<ele>4</ele>
</trkpt>
<trkpt lat="35.909863888888886" lon="139.8716938888889">
<ele>4</ele>
</trkpt>
<trkpt lat="35.909910555555555" lon="139.871655">
<ele>4</ele>
</trkpt>
<trkpt lat="35.909957222222225" lon="139.8716163888889">
<ele>4</ele>
</trkpt>
<trkpt lat="35.91000388888889" lon="139.8715775">
<ele>4</ele>
</trkpt>
<trkpt lat="35.91000388888889" lon="139.8715775">
<ele>4</ele>
</trkpt>
<trkpt lat="35.91000388888889" lon="139.8715775">
<ele>4</ele>
</trkpt>
<trkpt lat="35.910046666666666" lon="139.87156027777777">
<ele>4</ele>
</trkpt>
<trkpt lat="35.910089444444445" lon="139.87154333333334">
<ele>4</ele>
</trkpt>
<trkpt lat="35.910132222222224" lon="139.8715261111111">
<ele>4</ele>
</trkpt>
<trkpt lat="35.910151666666664" lon="139.87151833333334">
<ele>4</ele>
</trkpt>
<trkpt lat="35.910151666666664" lon="139.87151833333334">
<ele>4</ele>
</trkpt>
<trkpt lat="35.91019638888889" lon="139.87152138888888">
<ele>4</ele>
</trkpt>
<trkpt lat="35.91023416666667" lon="139.8715238888889">
<ele>4</ele>
</trkpt>
<trkpt lat="35.91023416666667" lon="139.8715238888889">
<ele>4</ele>
</trkpt>
<trkpt lat="35.91027722222222" lon="139.87154">
<ele>4</ele>
</trkpt>
<trkpt lat="35.91032" lon="139.87155611111112">
<ele>4</ele>
</trkpt>
<trkpt lat="35.91036305555556" lon="139.8715725">
<ele>4</ele>
</trkpt>
<trkpt lat="35.91039055555556" lon="139.87158277777777">
<ele>4</ele>
</trkpt>
<trkpt lat="35.91039055555556" lon="139.87158277777777">
<ele>4</ele>
</trkpt>
<trkpt lat="35.910435" lon="139.87157416666668">
<ele>4</ele>
</trkpt>
<trkpt lat="35.91047944444445" lon="139.8715652777778">
<ele>4</ele>
</trkpt>
<trkpt lat="35.91052361111111" lon="139.87155666666666">
<ele>4</ele>
</trkpt>
<trkpt lat="35.91056805555556" lon="139.87154805555556">
<ele>4</ele>
</trkpt>
<trkpt lat="35.910581666666666" lon="139.87154527777778">
<ele>4</ele>
</trkpt>
<trkpt lat="35.910581666666666" lon="139.87154527777778">
<ele>4</ele>
</trkpt>
<trkpt lat="35.91061833333333" lon="139.87151305555557">
<ele>4</ele>
</trkpt>
<trkpt lat="35.910655" lon="139.87148083333332">
<ele>4</ele>
</trkpt>
<trkpt lat="35.910691388888885" lon="139.8714486111111">
<ele>4</ele>
</trkpt>
<trkpt lat="35.91072805555556" lon="139.8714163888889">
<ele>4</ele>
</trkpt>
<trkpt lat="35.910764444444446" lon="139.87138416666667">
<ele>4</ele>
</trkpt>
<trkpt lat="35.91080111111111" lon="139.87135194444446">
<ele>4</ele>
</trkpt>
<trkpt lat="35.9108375" lon="139.8713197222222">
<ele>4</ele>
</trkpt>
<trkpt lat="35.910874166666666" lon="139.8712875">
<ele>4</ele>
</trkpt>
<trkpt lat="35.91091083333333" lon="139.87125527777778">
<ele>4</ele>
</trkpt>
<trkpt lat="35.91094722222222" lon="139.87122305555556">
<ele>4</ele>
</trkpt>
<trkpt lat="35.910983888888886" lon="139.87119083333334">
<ele>4</ele>
</trkpt>
<trkpt lat="35.91102027777778" lon="139.8711586111111">
<ele>5</ele>
</trkpt>
<trkpt lat="35.91105694444445" lon="139.87112611111112">
<ele>5</ele>
</trkpt>
<trkpt lat="35.91106833333333" lon="139.87111611111112">
<ele>5</ele>
</trkpt>
<trkpt lat="35.91106833333333" lon="139.87111611111112">
<ele>5</ele>
</trkpt>
<trkpt lat="35.91110527777778" lon="139.87108444444445">
<ele>5</ele>
</trkpt>
<trkpt lat="35.911141944444445" lon="139.8710525">
<ele>5</ele>
</trkpt>
<trkpt lat="35.91117888888889" lon="139.87102083333335">
<ele>5</ele>
</trkpt>
<trkpt lat="35.91121555555556" lon="139.87098916666667">
<ele>5</ele>
</trkpt>
<trkpt lat="35.9112525" lon="139.87095722222222">
<ele>5</ele>
</trkpt>
<trkpt lat="35.91128944444444" lon="139.87092555555554">
<ele>5</ele>
</trkpt>
<trkpt lat="35.91132611111111" lon="139.8708938888889">
<ele>5</ele>
</trkpt>
<trkpt lat="35.911363055555555" lon="139.87086194444444">
<ele>5</ele>
</trkpt>
<trkpt lat="35.91139972222222" lon="139.87083027777777">
<ele>5</ele>
</trkpt>
<trkpt lat="35.91143666666667" lon="139.8707986111111">
<ele>5</ele>
</trkpt>
<trkpt lat="35.91147333333333" lon="139.87076666666667">
<ele>5</ele>
</trkpt>
<trkpt lat="35.91151027777778" lon="139.870735">
<ele>5</ele>
</trkpt>
<trkpt lat="35.911546944444446" lon="139.87070305555557">
<ele>5</ele>
</trkpt>
<trkpt lat="35.91158388888889" lon="139.8706713888889">
<ele>5</ele>
</trkpt>
<trkpt lat="35.91162055555556" lon="139.87063972222222">
<ele>5</ele>
</trkpt>
<trkpt lat="35.9116575" lon="139.87060777777776">
<ele>5</ele>
</trkpt>
<trkpt lat="35.91169444444444" lon="139.87057611111112">
<ele>5</ele>
</trkpt>
<trkpt lat="35.91173111111111" lon="139.87054444444445">
<ele>5</ele>
</trkpt>
<trkpt lat="35.911768055555555" lon="139.8705125">
<ele>5</ele>
</trkpt>
<trkpt lat="35.91180472222222" lon="139.87048083333335">
<ele>5</ele>
</trkpt>
<trkpt lat="35.91184166666667" lon="139.87044916666667">
<ele>5</ele>
</trkpt>
<trkpt lat="35.911878333333334" lon="139.87041722222222">
<ele>5</ele>
</trkpt>
<trkpt lat="35.91191527777778" lon="139.87038555555554">
<ele>5</ele>
</trkpt>
<trkpt lat="35.911951944444446" lon="139.8703538888889">
<ele>5</ele>
</trkpt>
<trkpt lat="35.91198888888889" lon="139.87032194444444">
<ele>5</ele>
</trkpt>
<trkpt lat="35.91202555555556" lon="139.87029027777777">
<ele>5</ele>
</trkpt>
<trkpt lat="35.9120625" lon="139.8702586111111">
<ele>5</ele>
</trkpt>
<trkpt lat="35.91209944444444" lon="139.87022666666667">
<ele>5</ele>
</trkpt>
<trkpt lat="35.912106666666666" lon="139.87022027777778">
<ele>5</ele>
</trkpt>
<trkpt lat="35.912106666666666" lon="139.87022027777778">
<ele>5</ele>
</trkpt>
<trkpt lat="35.912105555555556" lon="139.87016472222223">
<ele>5</ele>
</trkpt>
<trkpt lat="35.912104166666666" lon="139.87010944444444">
<ele>5</ele>
</trkpt>
<trkpt lat="35.912103055555555" lon="139.8700538888889">
<ele>5</ele>
</trkpt>
<trkpt lat="35.9121025" lon="139.87002722222223">
<ele>5</ele>
</trkpt>
<trkpt lat="35.91210111111111" lon="139.87000805555556">
<ele>5</ele>
</trkpt>
<trkpt lat="35.91205" lon="139.87001194444446">
<ele>5</ele>
</trkpt>
<trkpt lat="35.91195" lon="139.86998694444443">
<ele>5</ele>
</trkpt>
<trkpt lat="35.91113388888889" lon="139.86956194444446">
<ele>5</ele>
</trkpt>
<trkpt lat="35.91092611111111" lon="139.8694238888889">
<ele>5</ele>
</trkpt>
<trkpt lat="35.91079194444445" lon="139.86933694444446">
<ele>5</ele>
</trkpt>
<trkpt lat="35.91058388888889" lon="139.8691488888889">
<ele>5</ele>
</trkpt>
<trkpt lat="35.91032611111111" lon="139.86888694444445">
<ele>5</ele>
</trkpt>
<trkpt lat="35.90983388888889" lon="139.868325">
<ele>5</ele>
</trkpt>
<trkpt lat="35.90973388888889" lon="139.86821194444445">
<ele>5</ele>
</trkpt>
<trkpt lat="35.90967611111111" lon="139.86813694444444">
<ele>5</ele>
</trkpt>
<trkpt lat="35.909618055555555" lon="139.86806194444443">
<ele>5</ele>
</trkpt>
<trkpt lat="35.90955888888889" lon="139.86798694444445">
<ele>5</ele>
</trkpt>
<trkpt lat="35.90949194444445" lon="139.86791194444444">
<ele>5</ele>
</trkpt>
<trkpt lat="35.90945111111111" lon="139.86785">
<ele>5</ele>
</trkpt>
<trkpt lat="35.909443055555556" lon="139.86781194444444">
<ele>5</ele>
</trkpt>
<trkpt lat="35.90943388888889" lon="139.86775">
<ele>5</ele>
</trkpt>
<trkpt lat="35.909418055555555" lon="139.86753694444445">
<ele>5</ele>
</trkpt>
<trkpt lat="35.90942" lon="139.86753694444445">
<ele>5</ele>
</trkpt>
<trkpt lat="35.90942" lon="139.86753805555554">
<ele>5</ele>
</trkpt>
<trkpt lat="35.909418055555555" lon="139.86753694444445">
<ele>5</ele>
</trkpt>
<trkpt lat="35.90905111111111" lon="139.867425">
<ele>5</ele>
</trkpt>
<trkpt lat="35.90886805555556" lon="139.867375">
<ele>5</ele>
</trkpt>
<trkpt lat="35.90812611111111" lon="139.86716194444443">
<ele>5</ele>
</trkpt>
<trkpt lat="35.907426111111114" lon="139.866975">
<ele>5</ele>
</trkpt>
<trkpt lat="35.907243055555554" lon="139.86695">
<ele>5</ele>
</trkpt>
<trkpt lat="35.907085" lon="139.866925">
<ele>6</ele>
</trkpt>
<trkpt lat="35.90685111111111" lon="139.86695">
<ele>5</ele>
</trkpt>
<trkpt lat="35.906843888888886" lon="139.86693194444445">
<ele>5</ele>
</trkpt>
<trkpt lat="35.906843888888886" lon="139.8669311111111">
<ele>5</ele>
</trkpt>
<trkpt lat="35.90679305555555" lon="139.8668">
<ele>7</ele>
</trkpt>
<trkpt lat="35.906751944444444" lon="139.866525">
<ele>6</ele>
</trkpt>
<trkpt lat="35.90665194444444" lon="139.86573694444445">
<ele>5</ele>
</trkpt>
<trkpt lat="35.906551944444445" lon="139.86503694444446">
<ele>5</ele>
</trkpt>
<trkpt lat="35.90649305555556" lon="139.86475">
<ele>5</ele>
</trkpt>
<trkpt lat="35.90647694444444" lon="139.864675">
<ele>5</ele>
</trkpt>
<trkpt lat="35.90634305555555" lon="139.8639">
<ele>5</ele>
</trkpt>
<trkpt lat="35.90621" lon="139.86308805555555">
<ele>5</ele>
</trkpt>
<trkpt lat="35.90599388888889" lon="139.86183805555555">
<ele>5</ele>
</trkpt>
<trkpt lat="35.90571111111111" lon="139.860175">
<ele>5</ele>
</trkpt>
<trkpt lat="35.90556111111111" lon="139.859375">
<ele>5</ele>
</trkpt>
<trkpt lat="35.90541888888889" lon="139.858575">
<ele>5</ele>
</trkpt>
<trkpt lat="35.90536111111111" lon="139.85826305555557">
<ele>5</ele>
</trkpt>
<trkpt lat="35.90528611111111" lon="139.85802611111112">
<ele>5</ele>
</trkpt>
<trkpt lat="35.905211111111115" lon="139.85786305555555">
<ele>4</ele>
</trkpt>
<trkpt lat="35.90511111111111" lon="139.85771305555556">
<ele>4</ele>
</trkpt>
<trkpt lat="35.90491111111111" lon="139.8575011111111">
<ele>4</ele>
</trkpt>
<trkpt lat="35.90471888888889" lon="139.85732611111112">
<ele>4</ele>
</trkpt>
<trkpt lat="35.904336111111114" lon="139.85700111111112">
<ele>4</ele>
</trkpt>
<trkpt lat="35.90426111111111" lon="139.85693805555556">
<ele>4</ele>
</trkpt>
<trkpt lat="35.904136111111114" lon="139.8568261111111">
<ele>4</ele>
</trkpt>
<trkpt lat="35.903911111111114" lon="139.85655111111112">
<ele>4</ele>
</trkpt>
<trkpt lat="35.90382805555556" lon="139.85633805555557">
<ele>4</ele>
</trkpt>
<trkpt lat="35.90376888888889" lon="139.85618805555555">
<ele>4</ele>
</trkpt>
<trkpt lat="35.903728055555554" lon="139.85603805555556">
<ele>4</ele>
</trkpt>
<trkpt lat="35.903686111111114" lon="139.85587611111112">
<ele>4</ele>
</trkpt>
<trkpt lat="35.90372611111111" lon="139.85586194444446">
<ele>4</ele>
</trkpt>
<trkpt lat="35.90372611111111" lon="139.85586194444446">
<ele>4</ele>
</trkpt>
<trkpt lat="35.90375888888889" lon="139.85585194444445">
<ele>4</ele>
</trkpt>
<trkpt lat="35.90375888888889" lon="139.85585194444445">
<ele>4</ele>
</trkpt>
<trkpt lat="35.90414388888889" lon="139.85572611111112">
<ele>4</ele>
</trkpt>
<trkpt lat="35.904578055555554" lon="139.8556011111111">
<ele>4</ele>
</trkpt>
<trkpt lat="35.90471888888889" lon="139.8555511111111">
<ele>4</ele>
</trkpt>
<trkpt lat="35.90508611111111" lon="139.85536305555556">
<ele>5</ele>
</trkpt>
<trkpt lat="35.90535194444445" lon="139.85517611111112">
<ele>5</ele>
</trkpt>
<trkpt lat="35.90586111111111" lon="139.85471305555555">
<ele>5</ele>
</trkpt>
<trkpt lat="35.90662694444445" lon="139.85403805555555">
<ele>5</ele>
</trkpt>
<trkpt lat="35.907385" lon="139.85336305555555">
<ele>5</ele>
</trkpt>
<trkpt lat="35.90815194444444" lon="139.85267611111112">
<ele>5</ele>
</trkpt>
<trkpt lat="35.90891" lon="139.85200111111112">
<ele>5</ele>
</trkpt>
<trkpt lat="35.90970194444444" lon="139.8513011111111">
<ele>5</ele>
</trkpt>
<trkpt lat="35.910026944444446" lon="139.85100111111112">
<ele>5</ele>
</trkpt>
<trkpt lat="35.910468055555555" lon="139.8506261111111">
<ele>5</ele>
</trkpt>
<trkpt lat="35.911318055555554" lon="139.84996305555555">
<ele>6</ele>
</trkpt>
<trkpt lat="35.911743055555554" lon="139.84961305555555">
<ele>6</ele>
</trkpt>
<trkpt lat="35.911926111111114" lon="139.8494511111111">
<ele>6</ele>
</trkpt>
<trkpt lat="35.91210111111111" lon="139.84928805555555">
<ele>6</ele>
</trkpt>
<trkpt lat="35.91231805555555" lon="139.84903805555555">
<ele>6</ele>
</trkpt>
<trkpt lat="35.91266805555556" lon="139.8486761111111">
<ele>6</ele>
</trkpt>
<trkpt lat="35.91270111111111" lon="139.84863805555557">
<ele>6</ele>
</trkpt>
<trkpt lat="35.91288388888889" lon="139.8484761111111">
<ele>6</ele>
</trkpt>
<trkpt lat="35.91305888888889" lon="139.84837611111112">
<ele>6</ele>
</trkpt>
<trkpt lat="35.91316805555556" lon="139.8483261111111">
<ele>6</ele>
</trkpt>
<trkpt lat="35.91334194444445" lon="139.84827611111112">
<ele>6</ele>
</trkpt>
<trkpt lat="35.91388388888889" lon="139.8480761111111">
<ele>6</ele>
</trkpt>
<trkpt lat="35.914518055555554" lon="139.8478511111111">
<ele>6</ele>
</trkpt>
<trkpt lat="35.91518388888889" lon="139.8476261111111">
<ele>6</ele>
</trkpt>
<trkpt lat="35.91545111111111" lon="139.8475511111111">
<ele>6</ele>
</trkpt>
<trkpt lat="35.91550888888889" lon="139.84753805555556">
<ele>6</ele>
</trkpt>
<trkpt lat="35.91621694444444" lon="139.84737611111112">
<ele>6</ele>
</trkpt>
<trkpt lat="35.91660888888889" lon="139.84726305555554">
<ele>6</ele>
</trkpt>
<trkpt lat="35.91673388888889" lon="139.84721305555556">
<ele>6</ele>
</trkpt>
<trkpt lat="35.917225" lon="139.8470511111111">
<ele>6</ele>
</trkpt>
<trkpt lat="35.91735888888889" lon="139.8470011111111">
<ele>6</ele>
</trkpt>
<trkpt lat="35.91761694444445" lon="139.84692611111112">
<ele>6</ele>
</trkpt>
<trkpt lat="35.917808055555554" lon="139.84690111111112">
<ele>6</ele>
</trkpt>
<trkpt lat="35.91789194444444" lon="139.84690111111112">
<ele>6</ele>
</trkpt>
<trkpt lat="35.918241944444446" lon="139.84690111111112">
<ele>6</ele>
</trkpt>
<trkpt lat="35.91855805555556" lon="139.84691305555555">
<ele>7</ele>
</trkpt>
<trkpt lat="35.91881611111111" lon="139.84692611111112">
<ele>7</ele>
</trkpt>
<trkpt lat="35.91898305555556" lon="139.84693805555557">
<ele>7</ele>
</trkpt>
<trkpt lat="35.919425" lon="139.8469511111111">
<ele>7</ele>
</trkpt>
<trkpt lat="35.919875" lon="139.8469761111111">
<ele>7</ele>
</trkpt>
<trkpt lat="35.92001611111111" lon="139.84698805555556">
<ele>7</ele>
</trkpt>
<trkpt lat="35.92014888888889" lon="139.84698805555556">
<ele>7</ele>
</trkpt>
<trkpt lat="35.92029888888889" lon="139.8469761111111">
<ele>7</ele>
</trkpt>
<trkpt lat="35.920408055555555" lon="139.8469511111111">
<ele>7</ele>
</trkpt>
<trkpt lat="35.92053305555556" lon="139.84690111111112">
<ele>7</ele>
</trkpt>
<trkpt lat="35.92064888888889" lon="139.8468261111111">
<ele>7</ele>
</trkpt>
<trkpt lat="35.920898888888885" lon="139.84661305555557">
<ele>7</ele>
</trkpt>
<trkpt lat="35.92144888888889" lon="139.84611305555555">
<ele>7</ele>
</trkpt>
<trkpt lat="35.92155805555556" lon="139.84600111111112">
<ele>7</ele>
</trkpt>
<trkpt lat="35.921641111111114" lon="139.84590111111112">
<ele>7</ele>
</trkpt>
<trkpt lat="35.921706944444445" lon="139.84581305555557">
<ele>7</ele>
</trkpt>
<trkpt lat="35.92227388888889" lon="139.84497611111112">
<ele>7</ele>
</trkpt>
<trkpt lat="35.92265694444445" lon="139.84442611111112">
<ele>7</ele>
</trkpt>
<trkpt lat="35.92289111111111" lon="139.84406305555555">
<ele>7</ele>
</trkpt>
<trkpt lat="35.92352388888889" lon="139.8431511111111">
<ele>7</ele>
</trkpt>
<trkpt lat="35.92384111111111" lon="139.84266305555556">
<ele>6</ele>
</trkpt>
<trkpt lat="35.92404888888889" lon="139.84228805555554">
<ele>6</ele>
</trkpt>
<trkpt lat="35.92413194444445" lon="139.84206305555554">
<ele>6</ele>
</trkpt>
<trkpt lat="35.92419888888889" lon="139.84186305555556">
<ele>6</ele>
</trkpt>
<trkpt lat="35.92424" lon="139.84166305555556">
<ele>6</ele>
</trkpt>
<trkpt lat="35.924281944444445" lon="139.8414261111111">
<ele>6</ele>
</trkpt>
<trkpt lat="35.924306944444446" lon="139.84063805555556">
<ele>6</ele>
</trkpt>
<trkpt lat="35.924306944444446" lon="139.84047611111112">
<ele>6</ele>
</trkpt>
<trkpt lat="35.924315" lon="139.84022611111112">
<ele>6</ele>
</trkpt>
<trkpt lat="35.924315" lon="139.8400761111111">
<ele>6</ele>
</trkpt>
<trkpt lat="35.924315" lon="139.83996305555556">
<ele>6</ele>
</trkpt>
<trkpt lat="35.924323888888885" lon="139.83981305555557">
<ele>6</ele>
</trkpt>
<trkpt lat="35.924323888888885" lon="139.83968805555557">
<ele>6</ele>
</trkpt>
<trkpt lat="35.924323888888885" lon="139.8395761111111">
<ele>6</ele>
</trkpt>
<trkpt lat="35.92433194444445" lon="139.83942611111112">
<ele>6</ele>
</trkpt>
<trkpt lat="35.92433194444445" lon="139.83928805555556">
<ele>6</ele>
</trkpt>
<trkpt lat="35.92434" lon="139.83918805555555">
<ele>6</ele>
</trkpt>
<trkpt lat="35.92434" lon="139.83910111111112">
<ele>6</ele>
</trkpt>
<trkpt lat="35.92434" lon="139.83896305555555">
<ele>6</ele>
</trkpt>
<trkpt lat="35.92440694444444" lon="139.8381511111111">
<ele>6</ele>
</trkpt>
<trkpt lat="35.92447388888889" lon="139.8374388888889">
<ele>6</ele>
</trkpt>
<trkpt lat="35.924506944444445" lon="139.83716388888888">
<ele>6</ele>
</trkpt>
<trkpt lat="35.92458194444445" lon="139.83626388888888">
<ele>5</ele>
</trkpt>
<trkpt lat="35.92463194444444" lon="139.8358888888889">
<ele>5</ele>
</trkpt>
<trkpt lat="35.924681944444444" lon="139.8355511111111">
<ele>5</ele>
</trkpt>
<trkpt lat="35.92472388888889" lon="139.8353888888889">
<ele>5</ele>
</trkpt>
<trkpt lat="35.924815" lon="139.8350511111111">
<ele>5</ele>
</trkpt>
<trkpt lat="35.924915" lon="139.83447611111112">
<ele>5</ele>
</trkpt>
<trkpt lat="35.924965" lon="139.83412611111112">
<ele>5</ele>
</trkpt>
<trkpt lat="35.92505694444444" lon="139.8334761111111">
<ele>5</ele>
</trkpt>
<trkpt lat="35.92505694444444" lon="139.8332888888889">
<ele>5</ele>
</trkpt>
<trkpt lat="35.92503194444444" lon="139.8330761111111">
<ele>5</ele>
</trkpt>
<trkpt lat="35.92499" lon="139.8328888888889">
<ele>5</ele>
</trkpt>
<trkpt lat="35.92494" lon="139.8327011111111">
<ele>5</ele>
</trkpt>
<trkpt lat="35.924715" lon="139.8320261111111">
<ele>5</ele>
</trkpt>
<trkpt lat="35.924506944444445" lon="139.83138888888888">
<ele>5</ele>
</trkpt>
<trkpt lat="35.92433194444445" lon="139.83083888888888">
<ele>5</ele>
</trkpt>
<trkpt lat="35.92403" lon="139.8299111111111">
<ele>5</ele>
</trkpt>
<trkpt lat="35.92403" lon="139.8299111111111">
<ele>5</ele>
</trkpt>
<trkpt lat="35.92433194444445" lon="139.83083888888888">
<ele>5</ele>
</trkpt>
<trkpt lat="35.924506944444445" lon="139.83138888888888">
<ele>5</ele>
</trkpt>
<trkpt lat="35.924715" lon="139.8320261111111">
<ele>5</ele>
</trkpt>
<trkpt lat="35.92494" lon="139.8327011111111">
<ele>5</ele>
</trkpt>
<trkpt lat="35.92499" lon="139.8328888888889">
<ele>5</ele>
</trkpt>
<trkpt lat="35.92503194444444" lon="139.8330761111111">
<ele>5</ele>
</trkpt>
<trkpt lat="35.92505694444444" lon="139.8332888888889">
<ele>5</ele>
</trkpt>
<trkpt lat="35.92505694444444" lon="139.8334761111111">
<ele>5</ele>
</trkpt>
<trkpt lat="35.924965" lon="139.83412611111112">
<ele>5</ele>
</trkpt>
<trkpt lat="35.924915" lon="139.83447611111112">
<ele>5</ele>
</trkpt>
<trkpt lat="35.924815" lon="139.8350511111111">
<ele>5</ele>
</trkpt>
<trkpt lat="35.92472388888889" lon="139.8353888888889">
<ele>5</ele>
</trkpt>
<trkpt lat="35.924681944444444" lon="139.8355511111111">
<ele>5</ele>
</trkpt>
<trkpt lat="35.92463194444444" lon="139.8358888888889">
<ele>5</ele>
</trkpt>
<trkpt lat="35.92458194444445" lon="139.83626388888888">
<ele>5</ele>
</trkpt>
<trkpt lat="35.924506944444445" lon="139.83716388888888">
<ele>6</ele>
</trkpt>
<trkpt lat="35.92447388888889" lon="139.8374388888889">
<ele>6</ele>
</trkpt>
<trkpt lat="35.92440694444444" lon="139.8381511111111">
<ele>6</ele>
</trkpt>
<trkpt lat="35.92434" lon="139.83896305555555">
<ele>6</ele>
</trkpt>
<trkpt lat="35.92434" lon="139.83910111111112">
<ele>6</ele>
</trkpt>
<trkpt lat="35.92434" lon="139.83918805555555">
<ele>6</ele>
</trkpt>
<trkpt lat="35.92433194444445" lon="139.83928805555556">
<ele>6</ele>
</trkpt>
<trkpt lat="35.92433194444445" lon="139.83942611111112">
<ele>6</ele>
</trkpt>
<trkpt lat="35.924323888888885" lon="139.8395761111111">
<ele>6</ele>
</trkpt>
<trkpt lat="35.924323888888885" lon="139.83968805555557">
<ele>6</ele>
</trkpt>
<trkpt lat="35.924323888888885" lon="139.83981305555557">
<ele>6</ele>
</trkpt>
<trkpt lat="35.924315" lon="139.83996305555556">
<ele>6</ele>
</trkpt>
<trkpt lat="35.924315" lon="139.8400761111111">
<ele>6</ele>
</trkpt>
<trkpt lat="35.924315" lon="139.84022611111112">
<ele>6</ele>
</trkpt>
<trkpt lat="35.924306944444446" lon="139.84047611111112">
<ele>6</ele>
</trkpt>
<trkpt lat="35.924306944444446" lon="139.84063805555556">
<ele>6</ele>
</trkpt>
<trkpt lat="35.924281944444445" lon="139.8414261111111">
<ele>6</ele>
</trkpt>
<trkpt lat="35.92424" lon="139.84166305555556">
<ele>6</ele>
</trkpt>
<trkpt lat="35.92419888888889" lon="139.84186305555556">
<ele>6</ele>
</trkpt>
<trkpt lat="35.92413194444445" lon="139.84206305555554">
<ele>6</ele>
</trkpt>
<trkpt lat="35.92404888888889" lon="139.84228805555554">
<ele>6</ele>
</trkpt>
<trkpt lat="35.92384111111111" lon="139.84266305555556">
<ele>6</ele>
</trkpt>
<trkpt lat="35.92352388888889" lon="139.8431511111111">
<ele>7</ele>
</trkpt>
<trkpt lat="35.92289111111111" lon="139.84406305555555">
<ele>7</ele>
</trkpt>
<trkpt lat="35.92265694444445" lon="139.84442611111112">
<ele>7</ele>
</trkpt>
<trkpt lat="35.92227388888889" lon="139.84497611111112">
<ele>7</ele>
</trkpt>
<trkpt lat="35.921706944444445" lon="139.84581305555557">
<ele>7</ele>
</trkpt>
<trkpt lat="35.921641111111114" lon="139.84590111111112">
<ele>7</ele>
</trkpt>
<trkpt lat="35.92155805555556" lon="139.84600111111112">
<ele>7</ele>
</trkpt>
<trkpt lat="35.92144888888889" lon="139.84611305555555">
<ele>7</ele>
</trkpt>
<trkpt lat="35.920898888888885" lon="139.84661305555557">
<ele>7</ele>
</trkpt>
<trkpt lat="35.92064888888889" lon="139.8468261111111">
<ele>7</ele>
</trkpt>
<trkpt lat="35.92053305555556" lon="139.84690111111112">
<ele>7</ele>
</trkpt>
<trkpt lat="35.920408055555555" lon="139.8469511111111">
<ele>7</ele>
</trkpt>
<trkpt lat="35.92029888888889" lon="139.8469761111111">
<ele>7</ele>
</trkpt>
<trkpt lat="35.92014888888889" lon="139.84698805555556">
<ele>7</ele>
</trkpt>
<trkpt lat="35.92001611111111" lon="139.84698805555556">
<ele>7</ele>
</trkpt>
<trkpt lat="35.919875" lon="139.8469761111111">
<ele>7</ele>
</trkpt>
<trkpt lat="35.919425" lon="139.8469511111111">
<ele>7</ele>
</trkpt>
<trkpt lat="35.91898305555556" lon="139.84693805555557">
<ele>7</ele>
</trkpt>
<trkpt lat="35.91881611111111" lon="139.84692611111112">
<ele>7</ele>
</trkpt>
<trkpt lat="35.91855805555556" lon="139.84691305555555">
<ele>7</ele>
</trkpt>
<trkpt lat="35.918241944444446" lon="139.84690111111112">
<ele>6</ele>
</trkpt>
<trkpt lat="35.91789194444444" lon="139.84690111111112">
<ele>6</ele>
</trkpt>
<trkpt lat="35.917808055555554" lon="139.84690111111112">
<ele>6</ele>
</trkpt>
<trkpt lat="35.91761694444445" lon="139.84692611111112">
<ele>6</ele>
</trkpt>
<trkpt lat="35.91735888888889" lon="139.8470011111111">
<ele>6</ele>
</trkpt>
<trkpt lat="35.917225" lon="139.8470511111111">
<ele>6</ele>
</trkpt>
<trkpt lat="35.91673388888889" lon="139.84721305555556">
<ele>6</ele>
</trkpt>
<trkpt lat="35.91660888888889" lon="139.84726305555554">
<ele>6</ele>
</trkpt>
<trkpt lat="35.91621694444444" lon="139.84737611111112">
<ele>6</ele>
</trkpt>
<trkpt lat="35.91550888888889" lon="139.84753805555556">
<ele>6</ele>
</trkpt>
<trkpt lat="35.91545111111111" lon="139.8475511111111">
<ele>6</ele>
</trkpt>
<trkpt lat="35.91518388888889" lon="139.8476261111111">
<ele>6</ele>
</trkpt>
<trkpt lat="35.914518055555554" lon="139.8478511111111">
<ele>6</ele>
</trkpt>
<trkpt lat="35.91388388888889" lon="139.8480761111111">
<ele>6</ele>
</trkpt>
<trkpt lat="35.91334194444445" lon="139.84827611111112">
<ele>6</ele>
</trkpt>
<trkpt lat="35.91316805555556" lon="139.8483261111111">
<ele>6</ele>
</trkpt>
<trkpt lat="35.91305888888889" lon="139.84837611111112">
<ele>6</ele>
</trkpt>
<trkpt lat="35.91288388888889" lon="139.8484761111111">
<ele>6</ele>
</trkpt>
<trkpt lat="35.91270111111111" lon="139.84863805555557">
<ele>6</ele>
</trkpt>
<trkpt lat="35.91266805555556" lon="139.8486761111111">
<ele>6</ele>
</trkpt>
<trkpt lat="35.91231805555555" lon="139.84903805555555">
<ele>6</ele>
</trkpt>
<trkpt lat="35.91210111111111" lon="139.84928805555555">
<ele>6</ele>
</trkpt>
<trkpt lat="35.911926111111114" lon="139.8494511111111">
<ele>6</ele>
</trkpt>
<trkpt lat="35.911743055555554" lon="139.84961305555555">
<ele>6</ele>
</trkpt>
<trkpt lat="35.91135" lon="139.84993694444444">
<ele>6</ele>
</trkpt>
<trkpt lat="35.91135" lon="139.84993694444444">
<ele>6</ele>
</trkpt>
<trkpt lat="35.911318055555554" lon="139.84996305555555">
<ele>6</ele>
</trkpt>
<trkpt lat="35.910468055555555" lon="139.8506261111111">
<ele>5</ele>
</trkpt>
<trkpt lat="35.910026944444446" lon="139.85100111111112">
<ele>5</ele>
</trkpt>
<trkpt lat="35.90970194444444" lon="139.8513011111111">
<ele>5</ele>
</trkpt>
<trkpt lat="35.90891" lon="139.85200111111112">
<ele>5</ele>
</trkpt>
<trkpt lat="35.90815194444444" lon="139.85267611111112">
<ele>5</ele>
</trkpt>
<trkpt lat="35.907385" lon="139.85336305555555">
<ele>5</ele>
</trkpt>
<trkpt lat="35.90662694444445" lon="139.85403805555555">
<ele>5</ele>
</trkpt>
<trkpt lat="35.90586111111111" lon="139.85471305555555">
<ele>5</ele>
</trkpt>
<trkpt lat="35.90535194444445" lon="139.85517611111112">
<ele>5</ele>
</trkpt>
<trkpt lat="35.90508611111111" lon="139.85536305555556">
<ele>5</ele>
</trkpt>
<trkpt lat="35.90471888888889" lon="139.8555511111111">
<ele>4</ele>
</trkpt>
<trkpt lat="35.904578055555554" lon="139.8556011111111">
<ele>4</ele>
</trkpt>
<trkpt lat="35.90414388888889" lon="139.85572611111112">
<ele>4</ele>
</trkpt>
<trkpt lat="35.903686111111114" lon="139.85587611111112">
<ele>4</ele>
</trkpt>
<trkpt lat="35.90316111111111" lon="139.8560261111111">
<ele>4</ele>
</trkpt>
<trkpt lat="35.90308611111111" lon="139.8560511111111">
<ele>4</ele>
</trkpt>
<trkpt lat="35.90306888888889" lon="139.85606305555555">
<ele>4</ele>
</trkpt>
<trkpt lat="35.90276111111111" lon="139.85620111111112">
<ele>4</ele>
</trkpt>
<trkpt lat="35.90255305555556" lon="139.85633805555557">
<ele>4</ele>
</trkpt>
<trkpt lat="35.902211111111114" lon="139.8566011111111">
<ele>4</ele>
</trkpt>
<trkpt lat="35.901803055555554" lon="139.85693805555556">
<ele>4</ele>
</trkpt>
<trkpt lat="35.901428055555556" lon="139.8572511111111">
<ele>4</ele>
</trkpt>
<trkpt lat="35.900995" lon="139.85758805555557">
<ele>3</ele>
</trkpt>
<trkpt lat="35.90087805555556" lon="139.85766305555555">
<ele>3</ele>
</trkpt>
<trkpt lat="35.90060305555556" lon="139.8578511111111">
<ele>3</ele>
</trkpt>
<trkpt lat="35.90013694444445" lon="139.8581761111111">
<ele>3</ele>
</trkpt>
<trkpt lat="35.900103055555554" lon="139.85818805555556">
<ele>3</ele>
</trkpt>
<trkpt lat="35.89962" lon="139.8585261111111">
<ele>3</ele>
</trkpt>
<trkpt lat="35.89927" lon="139.85876305555556">
<ele>3</ele>
</trkpt>
<trkpt lat="35.89922" lon="139.85878805555555">
<ele>3</ele>
</trkpt>
<trkpt lat="35.89892" lon="139.85901305555555">
<ele>3</ele>
</trkpt>
<trkpt lat="35.89852805555556" lon="139.85931305555556">
<ele>3</ele>
</trkpt>
<trkpt lat="35.898403055555555" lon="139.8594261111111">
<ele>3</ele>
</trkpt>
<trkpt lat="35.89839694444444" lon="139.85940805555555">
<ele>3</ele>
</trkpt>
<trkpt lat="35.89839694444444" lon="139.85940805555555">
<ele>3</ele>
</trkpt>
<trkpt lat="35.898403055555555" lon="139.8594261111111">
<ele>3</ele>
</trkpt>
<trkpt lat="35.89820388888889" lon="139.8596261111111">
<ele>3</ele>
</trkpt>
<trkpt lat="35.89800388888889" lon="139.85982611111112">
<ele>3</ele>
</trkpt>
<trkpt lat="35.89767" lon="139.86021305555556">
<ele>3</ele>
</trkpt>
<trkpt lat="35.89727" lon="139.86066305555556">
<ele>3</ele>
</trkpt>
<trkpt lat="35.897238055555555" lon="139.8606988888889">
<ele>3</ele>
</trkpt>
<trkpt lat="35.897238055555555" lon="139.86069805555556">
<ele>3</ele>
</trkpt>
<trkpt lat="35.89727" lon="139.86066305555556">
<ele>3</ele>
</trkpt>
<trkpt lat="35.89721194444444" lon="139.86062611111112">
<ele>3</ele>
</trkpt>
<trkpt lat="35.897045" lon="139.86043805555556">
<ele>3</ele>
</trkpt>
<trkpt lat="35.896436944444446" lon="139.85995111111112">
<ele>3</ele>
</trkpt>
<trkpt lat="35.896346111111114" lon="139.8598761111111">
<ele>3</ele>
</trkpt>
<trkpt lat="35.89564611111111" lon="139.8593011111111">
<ele>3</ele>
</trkpt>
<trkpt lat="35.895603888888886" lon="139.85926305555554">
<ele>3</ele>
</trkpt>
<trkpt lat="35.89557388888889" lon="139.859225">
<ele>3</ele>
</trkpt>
<trkpt lat="35.89557388888889" lon="139.859225">
<ele>3</ele>
</trkpt>
<trkpt lat="35.89554611111111" lon="139.85918805555556">
<ele>3</ele>
</trkpt>
<trkpt lat="35.89548694444444" lon="139.85902611111112">
<ele>3</ele>
</trkpt>
<trkpt lat="35.89498805555556" lon="139.85767611111112">
<ele>3</ele>
</trkpt>
<trkpt lat="35.89480388888889" lon="139.8571511111111">
<ele>3</ele>
</trkpt>
<trkpt lat="35.89477194444444" lon="139.8570638888889">
<ele>3</ele>
</trkpt>
<trkpt lat="35.89477194444444" lon="139.8570638888889">
<ele>3</ele>
</trkpt>
<trkpt lat="35.89480388888889" lon="139.8571511111111">
<ele>3</ele>
</trkpt>
<trkpt lat="35.89515388888889" lon="139.85696388888888">
<ele>3</ele>
</trkpt>
<trkpt lat="35.89580388888889" lon="139.8566011111111">
<ele>3</ele>
</trkpt>
<trkpt lat="35.89635388888889" lon="139.85630111111112">
<ele>3</ele>
</trkpt>
<trkpt lat="35.89682111111111" lon="139.85606388888888">
<ele>3</ele>
</trkpt>
<trkpt lat="35.897128888888886" lon="139.8558888888889">
<ele>3</ele>
</trkpt>
<trkpt lat="35.89777888888889" lon="139.85552611111112">
<ele>3</ele>
</trkpt>
<trkpt lat="35.89801194444444" lon="139.8553761111111">
<ele>3</ele>
</trkpt>
<trkpt lat="35.89870388888889" lon="139.85481388888888">
<ele>3</ele>
</trkpt>
<trkpt lat="35.89871388888889" lon="139.85480611111112">
<ele>3</ele>
</trkpt>
<trkpt lat="35.89871388888889" lon="139.85480611111112">
<ele>3</ele>
</trkpt>
<trkpt lat="35.89870388888889" lon="139.85481388888888">
<ele>3</ele>
</trkpt>
<trkpt lat="35.898595" lon="139.85458888888888">
<ele>3</ele>
</trkpt>
<trkpt lat="35.89847" lon="139.85436388888888">
<ele>3</ele>
</trkpt>
<trkpt lat="35.898111944444445" lon="139.8534138888889">
<ele>3</ele>
</trkpt>
<trkpt lat="35.89802888888889" lon="139.8531638888889">
<ele>3</ele>
</trkpt>
<trkpt lat="35.897845" lon="139.85267611111112">
<ele>3</ele>
</trkpt>
<trkpt lat="35.897815" lon="139.8526588888889">
<ele>3</ele>
</trkpt>
<trkpt lat="35.897815" lon="139.8526588888889">
<ele>3</ele>
</trkpt>
<trkpt lat="35.89777888888889" lon="139.8526388888889">
<ele>3</ele>
</trkpt>
<trkpt lat="35.89767888888889" lon="139.8526511111111">
<ele>3</ele>
</trkpt>
<trkpt lat="35.897311944444446" lon="139.8528511111111">
<ele>3</ele>
</trkpt>
<trkpt lat="35.896236944444446" lon="139.8534261111111">
<ele>3</ele>
</trkpt>
<trkpt lat="35.896253055555555" lon="139.85346805555557">
<ele>3</ele>
</trkpt>
<trkpt lat="35.896253055555555" lon="139.85346805555557">
<ele>3</ele>
</trkpt>
<trkpt lat="35.896236944444446" lon="139.8534261111111">
<ele>3</ele>
</trkpt>
<trkpt lat="35.89579611111111" lon="139.8522011111111">
<ele>3</ele>
</trkpt>
<trkpt lat="35.89547888888889" lon="139.85131388888888">
<ele>3</ele>
</trkpt>
<trkpt lat="35.89534611111111" lon="139.8509511111111">
<ele>3</ele>
</trkpt>
<trkpt lat="35.89534611111111" lon="139.8509261111111">
<ele>3</ele>
</trkpt>
<trkpt lat="35.89487888888889" lon="139.8496638888889">
<ele>3</ele>
</trkpt>
<trkpt lat="35.89442888888889" lon="139.84840194444445">
<ele>3</ele>
</trkpt>
<trkpt lat="35.893588055555554" lon="139.8460638888889">
<ele>3</ele>
</trkpt>
<trkpt lat="35.89353805555555" lon="139.84590194444445">
<ele>3</ele>
</trkpt>
<trkpt lat="35.892988055555556" lon="139.84440194444446">
<ele>4</ele>
</trkpt>
<trkpt lat="35.89297111111111" lon="139.84435805555555">
<ele>4</ele>
</trkpt>
<trkpt lat="35.89297111111111" lon="139.84435805555555">
<ele>4</ele>
</trkpt>
<trkpt lat="35.892988055555556" lon="139.84440194444446">
<ele>4</ele>
</trkpt>
<trkpt lat="35.892603888888885" lon="139.8445888888889">
<ele>4</ele>
</trkpt>
<trkpt lat="35.89196305555556" lon="139.84487694444445">
<ele>4</ele>
</trkpt>
<trkpt lat="35.89183805555555" lon="139.8449388888889">
<ele>4</ele>
</trkpt>
<trkpt lat="35.89165388888889" lon="139.8450138888889">
<ele>4</ele>
</trkpt>
<trkpt lat="35.891196111111114" lon="139.84524">
<ele>4</ele>
</trkpt>
<trkpt lat="35.89064611111111" lon="139.84550194444444">
<ele>4</ele>
</trkpt>
<trkpt lat="35.890305" lon="139.84564">
<ele>4</ele>
</trkpt>
<trkpt lat="35.88999611111111" lon="139.84575194444446">
<ele>4</ele>
</trkpt>
<trkpt lat="35.889696111111114" lon="139.84585194444443">
<ele>4</ele>
</trkpt>
<trkpt lat="35.88941305555556" lon="139.84592694444444">
<ele>4</ele>
</trkpt>
<trkpt lat="35.88913" lon="139.84597694444443">
<ele>4</ele>
</trkpt>
<trkpt lat="35.88871694444445" lon="139.84606194444444">
<ele>4</ele>
</trkpt>
<trkpt lat="35.88871694444445" lon="139.84606194444444">
<ele>4</ele>
</trkpt>
<trkpt lat="35.888705" lon="139.846065">
<ele>4</ele>
</trkpt>
<trkpt lat="35.88763" lon="139.84620194444443">
<ele>4</ele>
</trkpt>
<trkpt lat="35.88662194444444" lon="139.846315">
<ele>4</ele>
</trkpt>
<trkpt lat="35.88648" lon="139.84632694444446">
<ele>4</ele>
</trkpt>
<trkpt lat="35.886405" lon="139.84634">
<ele>4</ele>
</trkpt>
<trkpt lat="35.88583888888889" lon="139.84640194444444">
<ele>4</ele>
</trkpt>
<trkpt lat="35.88528888888889" lon="139.84645194444445">
<ele>4</ele>
</trkpt>
<trkpt lat="35.88501388888889" lon="139.84647694444445">
<ele>4</ele>
</trkpt>
<trkpt lat="35.88476388888889" lon="139.846515">
<ele>4</ele>
</trkpt>
<trkpt lat="35.88453111111111" lon="139.84654">
<ele>4</ele>
</trkpt>
<trkpt lat="35.88429694444444" lon="139.84655194444446">
<ele>4</ele>
</trkpt>
<trkpt lat="35.88382194444444" lon="139.84660194444444">
<ele>4</ele>
</trkpt>
<trkpt lat="35.883338888888886" lon="139.84665305555555">
<ele>4</ele>
</trkpt>
<trkpt lat="35.88235611111111" lon="139.84675305555555">
<ele>4</ele>
</trkpt>
<trkpt lat="35.88183111111111" lon="139.84679">
<ele>4</ele>
</trkpt>
<trkpt lat="35.88166388888889" lon="139.84680194444445">
<ele>4</ele>
</trkpt>
<trkpt lat="35.88131388888889" lon="139.84682805555556">
<ele>4</ele>
</trkpt>
<trkpt lat="35.880406111111114" lon="139.84690194444445">
<ele>4</ele>
</trkpt>
<trkpt lat="35.87994805555556" lon="139.84695305555556">
<ele>4</ele>
</trkpt>
<trkpt lat="35.87943888888889" lon="139.847015">
<ele>4</ele>
</trkpt>
<trkpt lat="35.87839805555556" lon="139.84712694444445">
<ele>4</ele>
</trkpt>
<trkpt lat="35.87745611111111" lon="139.847215">
<ele>4</ele>
</trkpt>
<trkpt lat="35.876665" lon="139.84730194444444">
<ele>4</ele>
</trkpt>
<trkpt lat="35.876598055555554" lon="139.84730888888888">
<ele>4</ele>
</trkpt>
<trkpt lat="35.876598055555554" lon="139.84730888888888">
<ele>4</ele>
</trkpt>
<trkpt lat="35.876665" lon="139.84730194444444">
<ele>4</ele>
</trkpt>
<trkpt lat="35.876665" lon="139.84710305555555">
<ele>4</ele>
</trkpt>
<trkpt lat="35.87670611111111" lon="139.84690305555554">
<ele>4</ele>
</trkpt>
<trkpt lat="35.87675611111111" lon="139.84674">
<ele>4</ele>
</trkpt>
<trkpt lat="35.877113888888886" lon="139.84499">
<ele>4</ele>
</trkpt>
<trkpt lat="35.87713111111111" lon="139.844915">
<ele>4</ele>
</trkpt>
<trkpt lat="35.87713111111111" lon="139.844915">
<ele>4</ele>
</trkpt>
<trkpt lat="35.877113888888886" lon="139.84499">
<ele>4</ele>
</trkpt>
<trkpt lat="35.87658111111111" lon="139.844815">
<ele>5</ele>
</trkpt>
<trkpt lat="35.87648111111111" lon="139.84479">
<ele>5</ele>
</trkpt>
<trkpt lat="35.87618111111111" lon="139.84467805555556">
<ele>5</ele>
</trkpt>
<trkpt lat="35.87610611111111" lon="139.84465305555557">
<ele>4</ele>
</trkpt>
<trkpt lat="35.875798055555556" lon="139.84452805555554">
<ele>4</ele>
</trkpt>
<trkpt lat="35.875481111111114" lon="139.84455305555556">
<ele>4</ele>
</trkpt>
<trkpt lat="35.875365" lon="139.8445661111111">
<ele>4</ele>
</trkpt>
<trkpt lat="35.87524" lon="139.84457805555556">
<ele>4</ele>
</trkpt>
<trkpt lat="35.87499" lon="139.84460305555555">
<ele>4</ele>
</trkpt>
<trkpt lat="35.87493111111111" lon="139.84461611111112">
<ele>4</ele>
</trkpt>
<trkpt lat="35.874365" lon="139.84467805555556">
<ele>4</ele>
</trkpt>
<trkpt lat="35.873798055555554" lon="139.84475305555554">
<ele>4</ele>
</trkpt>
<trkpt lat="35.872748055555554" lon="139.84486611111112">
<ele>4</ele>
</trkpt>
<trkpt lat="35.872215" lon="139.84492805555556">
<ele>4</ele>
</trkpt>
<trkpt lat="35.871831944444445" lon="139.84497805555554">
<ele>4</ele>
</trkpt>
<trkpt lat="35.87099" lon="139.84506611111112">
<ele>3</ele>
</trkpt>
<trkpt lat="35.87049" lon="139.84512805555556">
<ele>4</ele>
</trkpt>
<trkpt lat="35.870488055555555" lon="139.845105">
<ele>3</ele>
</trkpt>
<trkpt lat="35.870488055555555" lon="139.845105">
<ele>3</ele>
</trkpt>
<trkpt lat="35.87049" lon="139.84512805555556">
<ele>4</ele>
</trkpt>
<trkpt lat="35.870556944444445" lon="139.84575305555555">
<ele>4</ele>
</trkpt>
<trkpt lat="35.87060694444445" lon="139.8462661111111">
<ele>4</ele>
</trkpt>
<trkpt lat="35.87070694444444" lon="139.84737805555557">
<ele>4</ele>
</trkpt>
<trkpt lat="35.87072388888889" lon="139.84759">
<ele>4</ele>
</trkpt>
<trkpt lat="35.87074" lon="139.84784">
<ele>4</ele>
</trkpt>
<trkpt lat="35.87074194444445" lon="139.84786805555555">
<ele>4</ele>
</trkpt>
<trkpt lat="35.87074194444445" lon="139.84786805555555">
<ele>4</ele>
</trkpt>
<trkpt lat="35.87074888888889" lon="139.84795305555556">
<ele>4</ele>
</trkpt>
<trkpt lat="35.869256944444444" lon="139.84804">
<ele>4</ele>
</trkpt>
<trkpt lat="35.86749888888889" lon="139.84815305555554">
<ele>4</ele>
</trkpt>
<trkpt lat="35.86578305555555" lon="139.84826611111112">
<ele>4</ele>
</trkpt>
<trkpt lat="35.864848888888886" lon="139.84834111111113">
<ele>3</ele>
</trkpt>
<trkpt lat="35.86401611111111" lon="139.8483911111111">
<ele>3</ele>
</trkpt>
<trkpt lat="35.86351611111111" lon="139.8484161111111">
<ele>3</ele>
</trkpt>
<trkpt lat="35.862991111111114" lon="139.84845305555555">
<ele>3</ele>
</trkpt>
<trkpt lat="35.86262388888889" lon="139.8485161111111">
<ele>3</ele>
</trkpt>
<trkpt lat="35.86249111111111" lon="139.8485411111111">
<ele>3</ele>
</trkpt>
<trkpt lat="35.86180805555556" lon="139.84871611111112">
<ele>3</ele>
</trkpt>
<trkpt lat="35.8617" lon="139.8487411111111">
<ele>3</ele>
</trkpt>
<trkpt lat="35.861558055555555" lon="139.84877805555556">
<ele>3</ele>
</trkpt>
<trkpt lat="35.86154194444445" lon="139.84878194444445">
<ele>3</ele>
</trkpt>
<trkpt lat="35.86154194444445" lon="139.84878194444445">
<ele>3</ele>
</trkpt>
<trkpt lat="35.861529166666664" lon="139.848835">
<ele>3</ele>
</trkpt>
<trkpt lat="35.86151638888889" lon="139.84888805555556">
<ele>3</ele>
</trkpt>
<trkpt lat="35.86150333333333" lon="139.84894138888887">
<ele>3</ele>
</trkpt>
<trkpt lat="35.861490555555555" lon="139.84899444444446">
<ele>3</ele>
</trkpt>
<trkpt lat="35.86147777777778" lon="139.8490475">
<ele>3</ele>
</trkpt>
<trkpt lat="35.861465" lon="139.84910055555557">
<ele>3</ele>
</trkpt>
<trkpt lat="35.86145194444445" lon="139.84915361111112">
<ele>3</ele>
</trkpt>
<trkpt lat="35.86143972222222" lon="139.84920527777777">
<ele>3</ele>
</trkpt>
<trkpt lat="35.86143972222222" lon="139.84920527777777">
<ele>3</ele>
</trkpt>
<trkpt lat="35.86141416666667" lon="139.84925083333334">
<ele>3</ele>
</trkpt>
<trkpt lat="35.86138861111111" lon="139.8492963888889">
<ele>3</ele>
</trkpt>
<trkpt lat="35.86136305555556" lon="139.84934194444443">
<ele>3</ele>
</trkpt>
<trkpt lat="35.8613375" lon="139.8493875">
<ele>3</ele>
</trkpt>
<trkpt lat="35.861311944444445" lon="139.84943305555555">
<ele>3</ele>
</trkpt>
<trkpt lat="35.86128638888889" lon="139.84947888888888">
<ele>3</ele>
</trkpt>
<trkpt lat="35.86126083333333" lon="139.84952444444446">
<ele>3</ele>
</trkpt>
<trkpt lat="35.86123555555555" lon="139.84957">
<ele>3</ele>
</trkpt>
<trkpt lat="35.86121" lon="139.84961555555554">
<ele>3</ele>
</trkpt>
<trkpt lat="35.86118444444445" lon="139.84966111111112">
<ele>3</ele>
</trkpt>
<trkpt lat="35.86115888888889" lon="139.84970666666666">
<ele>3</ele>
</trkpt>
<trkpt lat="35.86114833333333" lon="139.84972555555555">
<ele>3</ele>
</trkpt>
<trkpt lat="35.86114833333333" lon="139.84972555555555">
<ele>3</ele>
</trkpt>
<trkpt lat="35.86112166666667" lon="139.84977">
<ele>3</ele>
</trkpt>
<trkpt lat="35.86109472222222" lon="139.84981444444443">
<ele>3</ele>
</trkpt>
<trkpt lat="35.861068055555556" lon="139.8498588888889">
<ele>3</ele>
</trkpt>
<trkpt lat="35.86104111111111" lon="139.84990333333334">
<ele>3</ele>
</trkpt>
<trkpt lat="35.86101444444444" lon="139.84994805555556">
<ele>3</ele>
</trkpt>
<trkpt lat="35.8609875" lon="139.8499925">
<ele>3</ele>
</trkpt>
<trkpt lat="35.86096083333333" lon="139.85003694444444">
<ele>3</ele>
</trkpt>
<trkpt lat="35.86093416666667" lon="139.8500813888889">
<ele>3</ele>
</trkpt>
<trkpt lat="35.860907222222224" lon="139.85012583333332">
<ele>3</ele>
</trkpt>
<trkpt lat="35.86088055555555" lon="139.85017027777778">
<ele>3</ele>
</trkpt>
<trkpt lat="35.86085361111111" lon="139.85021472222223">
<ele>3</ele>
</trkpt>
<trkpt lat="35.86082694444445" lon="139.85025944444445">
<ele>3</ele>
</trkpt>
<trkpt lat="35.8608" lon="139.8503038888889">
<ele>3</ele>
</trkpt>
<trkpt lat="35.860773333333334" lon="139.85034833333333">
<ele>3</ele>
</trkpt>
<trkpt lat="35.86074638888889" lon="139.85039277777778">
<ele>3</ele>
</trkpt>
<trkpt lat="35.86071972222222" lon="139.8504372222222">
<ele>3</ele>
</trkpt>
<trkpt lat="35.86069305555556" lon="139.85048166666667">
<ele>3</ele>
</trkpt>
<trkpt lat="35.860683055555555" lon="139.85049805555556">
<ele>3</ele>
</trkpt>
<trkpt lat="35.860683055555555" lon="139.85049805555556">
<ele>3</ele>
</trkpt>
<trkpt lat="35.8606525" lon="139.85053861111112">
<ele>3</ele>
</trkpt>
<trkpt lat="35.860621944444446" lon="139.85057916666668">
<ele>3</ele>
</trkpt>
<trkpt lat="35.86059138888889" lon="139.85061972222223">
<ele>3</ele>
</trkpt>
<trkpt lat="35.86056083333333" lon="139.8506602777778">
<ele>3</ele>
</trkpt>
<trkpt lat="35.86053027777778" lon="139.8507011111111">
<ele>3</ele>
</trkpt>
<trkpt lat="35.86049972222222" lon="139.85074166666666">
<ele>3</ele>
</trkpt>
<trkpt lat="35.86046916666667" lon="139.85078222222222">
<ele>3</ele>
</trkpt>
<trkpt lat="35.860438611111114" lon="139.85082277777778">
<ele>3</ele>
</trkpt>
<trkpt lat="35.86040805555555" lon="139.85086333333334">
<ele>3</ele>
</trkpt>
<trkpt lat="35.8603775" lon="139.8509038888889">
<ele>3</ele>
</trkpt>
<trkpt lat="35.860346944444444" lon="139.85094444444445">
<ele>3</ele>
</trkpt>
<trkpt lat="35.86031638888889" lon="139.85098527777777">
<ele>3</ele>
</trkpt>
<trkpt lat="35.860285833333336" lon="139.85102583333332">
<ele>3</ele>
</trkpt>
<trkpt lat="35.860255" lon="139.85106638888888">
<ele>3</ele>
</trkpt>
<trkpt lat="35.86022666666667" lon="139.85110416666666">
<ele>3</ele>
</trkpt>
<trkpt lat="35.86022666666667" lon="139.85110416666666">
<ele>3</ele>
</trkpt>
<trkpt lat="35.860191388888886" lon="139.85113833333332">
<ele>3</ele>
</trkpt>
<trkpt lat="35.86015611111111" lon="139.85117277777778">
<ele>3</ele>
</trkpt>
<trkpt lat="35.86012083333333" lon="139.85120694444444">
<ele>3</ele>
</trkpt>
<trkpt lat="35.86008555555556" lon="139.8512413888889">
<ele>3</ele>
</trkpt>
<trkpt lat="35.860083333333336" lon="139.8512436111111">
<ele>3</ele>
</trkpt>
<trkpt lat="35.860083333333336" lon="139.8512436111111">
<ele>3</ele>
</trkpt>
<trkpt lat="35.86004194444445" lon="139.85126555555556">
<ele>3</ele>
</trkpt>
<trkpt lat="35.86000055555556" lon="139.85128722222223">
<ele>3</ele>
</trkpt>
<trkpt lat="35.85995944444444" lon="139.85130916666665">
<ele>3</ele>
</trkpt>
<trkpt lat="35.85991805555555" lon="139.85133083333332">
<ele>3</ele>
</trkpt>
<trkpt lat="35.859876666666665" lon="139.85135277777778">
<ele>3</ele>
</trkpt>
<trkpt lat="35.859835555555556" lon="139.85137472222223">
<ele>3</ele>
</trkpt>
<trkpt lat="35.85979416666667" lon="139.8513963888889">
<ele>3</ele>
</trkpt>
<trkpt lat="35.85975305555556" lon="139.85141833333333">
<ele>3</ele>
</trkpt>
<trkpt lat="35.859748333333336" lon="139.85142055555556">
<ele>3</ele>
</trkpt>
<trkpt lat="35.859748333333336" lon="139.85142055555556">
<ele>3</ele>
</trkpt>
<trkpt lat="35.859697777777775" lon="139.85143305555556">
<ele>3</ele>
</trkpt>
<trkpt lat="35.85964694444444" lon="139.85144555555556">
<ele>3</ele>
</trkpt>
<trkpt lat="35.85959611111111" lon="139.85145805555555">
<ele>3</ele>
</trkpt>
<trkpt lat="35.85954527777778" lon="139.85147027777776">
<ele>3</ele>
</trkpt>
<trkpt lat="35.859494444444444" lon="139.8514827777778">
<ele>3</ele>
</trkpt>
<trkpt lat="35.85944361111111" lon="139.8514952777778">
<ele>3</ele>
</trkpt>
<trkpt lat="35.85939277777778" lon="139.8515075">
<ele>3</ele>
</trkpt>
<trkpt lat="35.859341944444445" lon="139.85152">
<ele>3</ele>
</trkpt>
<trkpt lat="35.85929111111111" lon="139.8515325">
<ele>3</ele>
</trkpt>
<trkpt lat="35.85924055555556" lon="139.851545">
<ele>3</ele>
</trkpt>
<trkpt lat="35.85918972222222" lon="139.85155722222223">
<ele>3</ele>
</trkpt>
<trkpt lat="35.859138888888886" lon="139.85156972222222">
<ele>3</ele>
</trkpt>
<trkpt lat="35.85908805555555" lon="139.85158222222222">
<ele>3</ele>
</trkpt>
<trkpt lat="35.85903722222222" lon="139.85159444444446">
<ele>3</ele>
</trkpt>
<trkpt lat="35.85898638888889" lon="139.85160694444446">
<ele>3</ele>
</trkpt>
<trkpt lat="35.858935555555554" lon="139.85161944444445">
<ele>3</ele>
</trkpt>
<trkpt lat="35.85888472222222" lon="139.85163194444445">
<ele>3</ele>
</trkpt>
<trkpt lat="35.85883416666667" lon="139.85164416666666">
<ele>3</ele>
</trkpt>
<trkpt lat="35.858783333333335" lon="139.85165666666666">
<ele>3</ele>
</trkpt>
<trkpt lat="35.8587325" lon="139.85166916666665">
<ele>3</ele>
</trkpt>
<trkpt lat="35.85868166666667" lon="139.85168166666668">
<ele>3</ele>
</trkpt>
<trkpt lat="35.858630833333336" lon="139.8516938888889">
<ele>3</ele>
</trkpt>
<trkpt lat="35.85858" lon="139.85170638888889">
<ele>3</ele>
</trkpt>
<trkpt lat="35.85852916666666" lon="139.85171888888888">
<ele>3</ele>
</trkpt>
<trkpt lat="35.85847833333333" lon="139.85173111111112">
<ele>3</ele>
</trkpt>
<trkpt lat="35.85842777777778" lon="139.85174361111112">
<ele>3</ele>
</trkpt>
<trkpt lat="35.858376944444444" lon="139.85175611111111">
<ele>3</ele>
</trkpt>
<trkpt lat="35.85832611111111" lon="139.8517686111111">
<ele>3</ele>
</trkpt>
<trkpt lat="35.85827527777778" lon="139.85178083333332">
<ele>3</ele>
</trkpt>
<trkpt lat="35.858224444444446" lon="139.85179333333335">
<ele>3</ele>
</trkpt>
<trkpt lat="35.85817361111111" lon="139.85180583333334">
<ele>3</ele>
</trkpt>
<trkpt lat="35.85812277777778" lon="139.85181805555555">
<ele>3</ele>
</trkpt>
<trkpt lat="35.85807194444445" lon="139.85183055555555">
<ele>3</ele>
</trkpt>
<trkpt lat="35.858021388888886" lon="139.85184305555555">
<ele>3</ele>
</trkpt>
<trkpt lat="35.85797055555555" lon="139.85185555555555">
<ele>3</ele>
</trkpt>
<trkpt lat="35.85791972222222" lon="139.85186777777778">
<ele>3</ele>
</trkpt>
<trkpt lat="35.85786888888889" lon="139.85188027777778">
<ele>3</ele>
</trkpt>
<trkpt lat="35.857818055555555" lon="139.85189277777778">
<ele>3</ele>
</trkpt>
<trkpt lat="35.857818055555555" lon="139.85189277777778">
<ele>3</ele>
</trkpt>
<trkpt lat="35.85774027777778" lon="139.85191111111112">
<ele>3</ele>
</trkpt>
<trkpt lat="35.8576625" lon="139.85192972222222">
<ele>3</ele>
</trkpt>
<trkpt lat="35.85758472222222" lon="139.85194833333333">
<ele>3</ele>
</trkpt>
<trkpt lat="35.857506944444445" lon="139.85196666666667">
<ele>3</ele>
</trkpt>
<trkpt lat="35.85742916666667" lon="139.85198527777777">
<ele>3</ele>
</trkpt>
<trkpt lat="35.85735138888889" lon="139.85200361111112">
<ele>3</ele>
</trkpt>
<trkpt lat="35.85727333333333" lon="139.85202222222222">
<ele>3</ele>
</trkpt>
<trkpt lat="35.857195555555556" lon="139.85204055555556">
<ele>3</ele>
</trkpt>
<trkpt lat="35.85711777777778" lon="139.85205916666666">
<ele>3</ele>
</trkpt>
<trkpt lat="35.85704" lon="139.85207777777777">
<ele>3</ele>
</trkpt>
<trkpt lat="35.85696222222222" lon="139.8520961111111">
<ele>3</ele>
</trkpt>
<trkpt lat="35.85688444444445" lon="139.8521147222222">
<ele>3</ele>
</trkpt>
<trkpt lat="35.856806666666664" lon="139.85213305555556">
<ele>3</ele>
</trkpt>
<trkpt lat="35.85672888888889" lon="139.85215166666666">
<ele>3</ele>
</trkpt>
<trkpt lat="35.85665111111111" lon="139.85217">
<ele>3</ele>
</trkpt>
<trkpt lat="35.85657333333333" lon="139.8521886111111">
<ele>3</ele>
</trkpt>
<trkpt lat="35.856495555555554" lon="139.85220722222223">
<ele>3</ele>
</trkpt>
<trkpt lat="35.8564175" lon="139.85222555555555">
<ele>3</ele>
</trkpt>
<trkpt lat="35.85633972222222" lon="139.85224416666668">
<ele>3</ele>
</trkpt>
<trkpt lat="35.85626194444445" lon="139.8522625">
<ele>3</ele>
</trkpt>
<trkpt lat="35.856184166666665" lon="139.85228111111113">
<ele>3</ele>
</trkpt>
<trkpt lat="35.85610638888889" lon="139.85229944444444">
<ele>3</ele>
</trkpt>
<trkpt lat="35.856028611111114" lon="139.85231805555554">
<ele>3</ele>
</trkpt>
<trkpt lat="35.85595083333333" lon="139.85233666666667">
<ele>3</ele>
</trkpt>
<trkpt lat="35.855873055555556" lon="139.852355">
<ele>3</ele>
</trkpt>
<trkpt lat="35.85579527777778" lon="139.85237361111112">
<ele>3</ele>
</trkpt>
<trkpt lat="35.8557175" lon="139.85239194444443">
<ele>3</ele>
</trkpt>
<trkpt lat="35.85563972222222" lon="139.85241055555556">
<ele>3</ele>
</trkpt>
<trkpt lat="35.85556166666667" lon="139.85242916666667">
<ele>3</ele>
</trkpt>
<trkpt lat="35.85548388888889" lon="139.8524475">
<ele>3</ele>
</trkpt>
<trkpt lat="35.85540611111111" lon="139.8524661111111">
<ele>3</ele>
</trkpt>
<trkpt lat="35.85532833333333" lon="139.85248444444446">
<ele>3</ele>
</trkpt>
<trkpt lat="35.85525055555556" lon="139.85250305555556">
<ele>3</ele>
</trkpt>
<trkpt lat="35.855172777777774" lon="139.8525213888889">
<ele>3</ele>
</trkpt>
<trkpt lat="35.855095" lon="139.85254">
<ele>3</ele>
</trkpt>
<trkpt lat="35.85501722222222" lon="139.8525586111111">
<ele>3</ele>
</trkpt>
<trkpt lat="35.85493944444445" lon="139.85257694444445">
<ele>3</ele>
</trkpt>
<trkpt lat="35.854861666666665" lon="139.85259555555555">
<ele>3</ele>
</trkpt>
<trkpt lat="35.854866111111114" lon="139.8525938888889">
<ele>3</ele>
</trkpt>
<trkpt lat="35.854866944444446" lon="139.85260305555556">
<ele>3</ele>
</trkpt>
<trkpt lat="35.854908888888886" lon="139.85282805555556">
<ele>3</ele>
</trkpt>
<trkpt lat="35.85496694444444" lon="139.852915">
<ele>3</ele>
</trkpt>
<trkpt lat="35.85518388888889" lon="139.85432805555556">
<ele>3</ele>
</trkpt>
<trkpt lat="35.855291944444446" lon="139.855065">
<ele>3</ele>
</trkpt>
<trkpt lat="35.85530111111111" lon="139.855115">
<ele>3</ele>
</trkpt>
<trkpt lat="35.85543388888889" lon="139.85605305555555">
<ele>3</ele>
</trkpt>
<trkpt lat="35.85547611111111" lon="139.856315">
<ele>3</ele>
</trkpt>
<trkpt lat="35.85554194444445" lon="139.85675194444445">
<ele>3</ele>
</trkpt>
<trkpt lat="35.855666944444444" lon="139.857565">
<ele>3</ele>
</trkpt>
<trkpt lat="35.85583388888889" lon="139.858615">
<ele>4</ele>
</trkpt>
<trkpt lat="35.85588388888889" lon="139.85890194444445">
<ele>4</ele>
</trkpt>
<trkpt lat="35.85600888888889" lon="139.85975194444444">
<ele>4</ele>
</trkpt>
<trkpt lat="35.85601694444444" lon="139.85987694444444">
<ele>4</ele>
</trkpt>
<trkpt lat="35.856051111111114" lon="139.860365">
<ele>4</ele>
</trkpt>
<trkpt lat="35.856051111111114" lon="139.860415">
<ele>4</ele>
</trkpt>
<trkpt lat="35.85610111111111" lon="139.86110194444444">
<ele>4</ele>
</trkpt>
<trkpt lat="35.856116944444445" lon="139.861215">
<ele>4</ele>
</trkpt>
<trkpt lat="35.85615111111111" lon="139.86139">
<ele>4</ele>
</trkpt>
<trkpt lat="35.85629194444444" lon="139.86230194444445">
<ele>4</ele>
</trkpt>
<trkpt lat="35.85637611111111" lon="139.86280194444444">
<ele>4</ele>
</trkpt>
<trkpt lat="35.856408888888886" lon="139.8630388888889">
<ele>4</ele>
</trkpt>
<trkpt lat="35.85650888888889" lon="139.8636888888889">
<ele>4</ele>
</trkpt>
<trkpt lat="35.85655888888889" lon="139.8640388888889">
<ele>4</ele>
</trkpt>
<trkpt lat="35.85658388888889" lon="139.8641388888889">
<ele>4</ele>
</trkpt>
<trkpt lat="35.856766944444445" lon="139.86540194444444">
<ele>4</ele>
</trkpt>
<trkpt lat="35.856791944444446" lon="139.8655638888889">
<ele>4</ele>
</trkpt>
<trkpt lat="35.85698388888889" lon="139.86671388888888">
<ele>5</ele>
</trkpt>
<trkpt lat="35.85706694444445" lon="139.86685194444445">
<ele>5</ele>
</trkpt>
<trkpt lat="35.85715111111111" lon="139.86695194444445">
<ele>5</ele>
</trkpt>
<trkpt lat="35.857083055555556" lon="139.86702111111111">
<ele>5</ele>
</trkpt>
<trkpt lat="35.857083055555556" lon="139.86702111111111">
<ele>5</ele>
</trkpt>
<trkpt lat="35.85689194444444" lon="139.8672138888889">
<ele>5</ele>
</trkpt>
<trkpt lat="35.85673388888889" lon="139.86740194444445">
<ele>6</ele>
</trkpt>
<trkpt lat="35.85661694444445" lon="139.86757694444444">
<ele>5</ele>
</trkpt>
<trkpt lat="35.85650888888889" lon="139.8677761111111">
<ele>5</ele>
</trkpt>
<trkpt lat="35.85635111111111" lon="139.86808888888888">
<ele>5</ele>
</trkpt>
<trkpt lat="35.85597611111111" lon="139.86898888888888">
<ele>5</ele>
</trkpt>
<trkpt lat="35.855741944444446" lon="139.8695011111111">
<ele>5</ele>
</trkpt>
<trkpt lat="35.855533888888885" lon="139.8698511111111">
<ele>5</ele>
</trkpt>
<trkpt lat="35.85536694444444" lon="139.8701011111111">
<ele>5</ele>
</trkpt>
<trkpt lat="35.85455888888889" lon="139.87103888888888">
<ele>5</ele>
</trkpt>
<trkpt lat="35.85447805555555" lon="139.87113805555555">
<ele>5</ele>
</trkpt>
<trkpt lat="35.85447805555555" lon="139.87113805555555">
<ele>5</ele>
</trkpt>
<trkpt lat="35.85455888888889" lon="139.87103888888888">
<ele>5</ele>
</trkpt>
<trkpt lat="35.85450111111111" lon="139.8709638888889">
<ele>5</ele>
</trkpt>
<trkpt lat="35.85384305555556" lon="139.8717511111111">
<ele>5</ele>
</trkpt>
<trkpt lat="35.853501111111115" lon="139.87216388888888">
<ele>5</ele>
</trkpt>
<trkpt lat="35.85325111111111" lon="139.8724638888889">
<ele>5</ele>
</trkpt>
<trkpt lat="35.85277611111111" lon="139.8730261111111">
<ele>5</ele>
</trkpt>
<trkpt lat="35.85251805555556" lon="139.8733511111111">
<ele>5</ele>
</trkpt>
<trkpt lat="35.85225111111111" lon="139.87372611111113">
<ele>5</ele>
</trkpt>
<trkpt lat="35.85199194444444" lon="139.874115">
<ele>5</ele>
</trkpt>
<trkpt lat="35.85199194444444" lon="139.874115">
<ele>5</ele>
</trkpt>
<trkpt lat="35.85191" lon="139.8742388888889">
<ele>5</ele>
</trkpt>
<trkpt lat="35.851785" lon="139.87418888888888">
<ele>5</ele>
</trkpt>
<trkpt lat="35.85171805555556" lon="139.87420111111112">
<ele>5</ele>
</trkpt>
<trkpt lat="35.85141" lon="139.8745761111111">
<ele>5</ele>
</trkpt>
<trkpt lat="35.85096" lon="139.87511388888888">
<ele>5</ele>
</trkpt>
<trkpt lat="35.850763055555554" lon="139.87537194444445">
<ele>5</ele>
</trkpt>
<trkpt lat="35.850763055555554" lon="139.87537194444445">
<ele>5</ele>
</trkpt>
<trkpt lat="35.850685" lon="139.8754761111111">
<ele>5</ele>
</trkpt>
<trkpt lat="35.850785" lon="139.87557611111112">
<ele>5</ele>
</trkpt>
<trkpt lat="35.850885" lon="139.8757261111111">
<ele>5</ele>
</trkpt>
<trkpt lat="35.850743055555554" lon="139.8758511111111">
<ele>5</ele>
</trkpt>
<trkpt lat="35.85067611111111" lon="139.8759138888889">
<ele>5</ele>
</trkpt>
<trkpt lat="35.85046805555555" lon="139.8760388888889">
<ele>5</ele>
</trkpt>
<trkpt lat="35.850368055555556" lon="139.8760888888889">
<ele>5</ele>
</trkpt>
<trkpt lat="35.850318055555555" lon="139.8761011111111">
<ele>5</ele>
</trkpt>
<trkpt lat="35.850276944444445" lon="139.8761511111111">
<ele>5</ele>
</trkpt>
<trkpt lat="35.85019305555556" lon="139.87622611111112">
<ele>4</ele>
</trkpt>
<trkpt lat="35.85011" lon="139.8763138888889">
<ele>4</ele>
</trkpt>
<trkpt lat="35.850035" lon="139.8764138888889">
<ele>4</ele>
</trkpt>
<trkpt lat="35.849835" lon="139.87668888888888">
<ele>4</ele>
</trkpt>
<trkpt lat="35.849443055555554" lon="139.87726388888888">
<ele>4</ele>
</trkpt>
<trkpt lat="35.84911" lon="139.8777388888889">
<ele>4</ele>
</trkpt>
<trkpt lat="35.848951944444444" lon="139.8779888888889">
<ele>4</ele>
</trkpt>
<trkpt lat="35.848685" lon="139.87837611111112">
<ele>5</ele>
</trkpt>
<trkpt lat="35.848526944444444" lon="139.8785761111111">
<ele>5</ele>
</trkpt>
<trkpt lat="35.84846" lon="139.8786511111111">
<ele>5</ele>
</trkpt>
<trkpt lat="35.84849694444444" lon="139.878695">
<ele>5</ele>
</trkpt>
<trkpt lat="35.84849694444444" lon="139.878695">
<ele>5</ele>
</trkpt>
<trkpt lat="35.84846" lon="139.8786511111111">
<ele>5</ele>
</trkpt>
<trkpt lat="35.84820194444445" lon="139.87893888888888">
<ele>4</ele>
</trkpt>
<trkpt lat="35.84811" lon="139.8790261111111">
<ele>4</ele>
</trkpt>
<trkpt lat="35.84806888888889" lon="139.8791011111111">
<ele>4</ele>
</trkpt>
<trkpt lat="35.84779388888889" lon="139.87950111111113">
<ele>5</ele>
</trkpt>
<trkpt lat="35.847476944444445" lon="139.8800138888889">
<ele>4</ele>
</trkpt>
<trkpt lat="35.84740194444444" lon="139.8801388888889">
<ele>4</ele>
</trkpt>
<trkpt lat="35.84729388888889" lon="139.88031388888888">
<ele>4</ele>
</trkpt>
<trkpt lat="35.84712694444445" lon="139.88056305555557">
<ele>4</ele>
</trkpt>
<trkpt lat="35.84677694444444" lon="139.8810761111111">
<ele>4</ele>
</trkpt>
<trkpt lat="35.84668111111111" lon="139.8812188888889">
<ele>4</ele>
</trkpt>
<trkpt lat="35.84668111111111" lon="139.8812188888889">
<ele>4</ele>
</trkpt>
<trkpt lat="35.84607694444444" lon="139.88212611111112">
<ele>4</ele>
</trkpt>
<trkpt lat="35.845576944444446" lon="139.88311305555555">
<ele>4</ele>
</trkpt>
<trkpt lat="35.84523611111111" lon="139.88398805555556">
<ele>4</ele>
</trkpt>
<trkpt lat="35.84518111111111" lon="139.88416388888888">
<ele>4</ele>
</trkpt>
<trkpt lat="35.84518111111111" lon="139.88416305555555">
<ele>4</ele>
</trkpt>
<trkpt lat="35.84505194444444" lon="139.8845761111111">
<ele>4</ele>
</trkpt>
<trkpt lat="35.84491111111111" lon="139.88518805555555">
<ele>5</ele>
</trkpt>
<trkpt lat="35.84490388888889" lon="139.88520305555556">
<ele>4</ele>
</trkpt>
    </trkseg>
  </trk>
</gpx>