<?xml version="1.0" encoding="UTF-8"?>
<gpx version="1.1"
     creator="KMLtoGPX"
     xmlns="http://www.topografix.com/GPX/1/1">
  <metadata>
    <name>Doshi Michi</name>
    <desc>道志みち</desc>
    <bounds minlat="35.424334" minlon="138.900721" maxlat="35.59538" maxlon="139.34392"/>
  </metadata>
  <trk>
    <name>Doshi Michi</name>
    <trkseg>
<trkpt lat="35.59479" lon="139.34392">
<ele>151.4</ele>
</trkpt>
<trkpt lat="35.5948" lon="139.34391">
<ele>151.5</ele>
</trkpt>
<trkpt lat="35.59487" lon="139.3437999">
<ele>152.4</ele>
</trkpt>
<trkpt lat="35.59488" lon="139.34378">
<ele>152.5</ele>
</trkpt>
<trkpt lat="35.5949" lon="139.34377">
<ele>152.7</ele>
</trkpt>
<trkpt lat="35.59492" lon="139.34372">
<ele>153.0</ele>
</trkpt>
<trkpt lat="35.595" lon="139.34359">
<ele>154.1</ele>
</trkpt>
<trkpt lat="35.59508" lon="139.3434399">
<ele>154.8</ele>
</trkpt>
<trkpt lat="35.59516" lon="139.34328">
<ele>154.7</ele>
</trkpt>
<trkpt lat="35.59518" lon="139.34323">
<ele>154.3</ele>
</trkpt>
<trkpt lat="35.5952" lon="139.34319">
<ele>154.1</ele>
</trkpt>
<trkpt lat="35.59522" lon="139.34314">
<ele>153.8</ele>
</trkpt>
<trkpt lat="35.5952399" lon="139.34309">
<ele>153.5</ele>
</trkpt>
<trkpt lat="35.59525" lon="139.34304">
<ele>153.2</ele>
</trkpt>
<trkpt lat="35.59527" lon="139.34298">
<ele>152.9</ele>
</trkpt>
<trkpt lat="35.5953" lon="139.34285">
<ele>152.1</ele>
</trkpt>
<trkpt lat="35.59533" lon="139.34267">
<ele>151.2</ele>
</trkpt>
<trkpt lat="35.59536" lon="139.34252">
<ele>150.4</ele>
</trkpt>
<trkpt lat="35.59537" lon="139.34249">
<ele>150.3</ele>
</trkpt>
<trkpt lat="35.59538" lon="139.34242">
<ele>150.1</ele>
</trkpt>
<trkpt lat="35.59538" lon="139.34234">
<ele>149.8</ele>
</trkpt>
<trkpt lat="35.59538" lon="139.3423">
<ele>149.6</ele>
</trkpt>
<trkpt lat="35.59538" lon="139.34224">
<ele>149.4</ele>
</trkpt>
<trkpt lat="35.59538" lon="139.34217">
<ele>149.2</ele>
</trkpt>
<trkpt lat="35.59537" lon="139.34193">
<ele>148.3</ele>
</trkpt>
<trkpt lat="35.59535" lon="139.34152">
<ele>147.8</ele>
</trkpt>
<trkpt lat="35.59535" lon="139.34141">
<ele>148.2</ele>
</trkpt>
<trkpt lat="35.59533" lon="139.34059">
<ele>149.8</ele>
</trkpt>
<trkpt lat="35.59532" lon="139.34043">
<ele>149.6</ele>
</trkpt>
<trkpt lat="35.59531" lon="139.34008">
<ele>149.1</ele>
</trkpt>
<trkpt lat="35.59531" lon="139.3399499">
<ele>149.0</ele>
</trkpt>
<trkpt lat="35.59531" lon="139.33992">
<ele>149.0</ele>
</trkpt>
<trkpt lat="35.59531" lon="139.33985">
<ele>149.0</ele>
</trkpt>
<trkpt lat="35.59531" lon="139.33975">
<ele>149.0</ele>
</trkpt>
<trkpt lat="35.5953" lon="139.33937">
<ele>148.9</ele>
</trkpt>
<trkpt lat="35.59527" lon="139.33931">
<ele>149.0</ele>
</trkpt>
<trkpt lat="35.5952399" lon="139.3392">
<ele>149.1</ele>
</trkpt>
<trkpt lat="35.5952399" lon="139.33885">
<ele>148.0</ele>
</trkpt>
<trkpt lat="35.59523" lon="139.33833">
<ele>146.2</ele>
</trkpt>
<trkpt lat="35.59522" lon="139.33775">
<ele>146.2</ele>
</trkpt>
<trkpt lat="35.5952" lon="139.33728">
<ele>146.3</ele>
</trkpt>
<trkpt lat="35.59519" lon="139.33698">
<ele>146.3</ele>
</trkpt>
<trkpt lat="35.59518" lon="139.33661">
<ele>146.4</ele>
</trkpt>
<trkpt lat="35.59517" lon="139.33597">
<ele>146.9</ele>
</trkpt>
<trkpt lat="35.5951499" lon="139.3352899">
<ele>147.9</ele>
</trkpt>
<trkpt lat="35.59514" lon="139.33496">
<ele>148.3</ele>
</trkpt>
<trkpt lat="35.59513" lon="139.33477">
<ele>148.0</ele>
</trkpt>
<trkpt lat="35.59513" lon="139.33468">
<ele>147.9</ele>
</trkpt>
<trkpt lat="35.59512" lon="139.33461">
<ele>147.8</ele>
</trkpt>
<trkpt lat="35.59511" lon="139.33448">
<ele>147.6</ele>
</trkpt>
<trkpt lat="35.5951" lon="139.3343999">
<ele>147.5</ele>
</trkpt>
<trkpt lat="35.59509" lon="139.33432">
<ele>147.4</ele>
</trkpt>
<trkpt lat="35.59509" lon="139.33427">
<ele>147.3</ele>
</trkpt>
<trkpt lat="35.59509" lon="139.33416">
<ele>147.2</ele>
</trkpt>
<trkpt lat="35.59507" lon="139.33394">
<ele>147.7</ele>
</trkpt>
<trkpt lat="35.59507" lon="139.33389">
<ele>147.8</ele>
</trkpt>
<trkpt lat="35.59507" lon="139.33379">
<ele>148.0</ele>
</trkpt>
<trkpt lat="35.5950599" lon="139.33358">
<ele>148.5</ele>
</trkpt>
<trkpt lat="35.5950599" lon="139.33348">
<ele>148.7</ele>
</trkpt>
<trkpt lat="35.59509" lon="139.3334">
<ele>149.0</ele>
</trkpt>
<trkpt lat="35.59509" lon="139.33329">
<ele>149.1</ele>
</trkpt>
<trkpt lat="35.59509" lon="139.3332299">
<ele>149.1</ele>
</trkpt>
<trkpt lat="35.59509" lon="139.33321">
<ele>149.1</ele>
</trkpt>
<trkpt lat="35.5951" lon="139.33317">
<ele>149.2</ele>
</trkpt>
<trkpt lat="35.59511" lon="139.33295">
<ele>149.3</ele>
</trkpt>
<trkpt lat="35.59512" lon="139.33274">
<ele>149.3</ele>
</trkpt>
<trkpt lat="35.59514" lon="139.33241">
<ele>149.5</ele>
</trkpt>
<trkpt lat="35.5951499" lon="139.33227">
<ele>149.5</ele>
</trkpt>
<trkpt lat="35.59517" lon="139.33203">
<ele>149.5</ele>
</trkpt>
<trkpt lat="35.59518" lon="139.33194">
<ele>149.5</ele>
</trkpt>
<trkpt lat="35.5952" lon="139.33174">
<ele>149.5</ele>
</trkpt>
<trkpt lat="35.59522" lon="139.33149">
<ele>149.0</ele>
</trkpt>
<trkpt lat="35.59522" lon="139.33148">
<ele>149.0</ele>
</trkpt>
<trkpt lat="35.5952399" lon="139.33111">
<ele>147.9</ele>
</trkpt>
<trkpt lat="35.59527" lon="139.33077">
<ele>147.0</ele>
</trkpt>
<trkpt lat="35.59528" lon="139.33056">
<ele>146.9</ele>
</trkpt>
<trkpt lat="35.59528" lon="139.3305">
<ele>146.9</ele>
</trkpt>
<trkpt lat="35.59529" lon="139.33045">
<ele>146.8</ele>
</trkpt>
<trkpt lat="35.59531" lon="139.33013">
<ele>146.7</ele>
</trkpt>
<trkpt lat="35.59531" lon="139.32998">
<ele>146.6</ele>
</trkpt>
<trkpt lat="35.5953" lon="139.32979">
<ele>146.6</ele>
</trkpt>
<trkpt lat="35.59527" lon="139.32959">
<ele>146.5</ele>
</trkpt>
<trkpt lat="35.59526" lon="139.32953">
<ele>146.5</ele>
</trkpt>
<trkpt lat="35.59517" lon="139.32903">
<ele>146.2</ele>
</trkpt>
<trkpt lat="35.5951499" lon="139.32893">
<ele>146.2</ele>
</trkpt>
<trkpt lat="35.5951" lon="139.32866">
<ele>146.1</ele>
</trkpt>
<trkpt lat="35.59508" lon="139.32852">
<ele>146.1</ele>
</trkpt>
<trkpt lat="35.59501" lon="139.32817">
<ele>146.2</ele>
</trkpt>
<trkpt lat="35.59496" lon="139.32793">
<ele>146.6</ele>
</trkpt>
<trkpt lat="35.59491" lon="139.3276799">
<ele>146.9</ele>
</trkpt>
<trkpt lat="35.59484" lon="139.32725">
<ele>148.2</ele>
</trkpt>
<trkpt lat="35.59482" lon="139.32711">
<ele>148.8</ele>
</trkpt>
<trkpt lat="35.59481" lon="139.32697">
<ele>149.3</ele>
</trkpt>
<trkpt lat="35.5947699" lon="139.3265199">
<ele>150.5</ele>
</trkpt>
<trkpt lat="35.59471" lon="139.32592">
<ele>150.6</ele>
</trkpt>
<trkpt lat="35.5947" lon="139.32573">
<ele>150.6</ele>
</trkpt>
<trkpt lat="35.59466" lon="139.32539">
<ele>150.5</ele>
</trkpt>
<trkpt lat="35.59462" lon="139.32506">
<ele>150.5</ele>
</trkpt>
<trkpt lat="35.59454" lon="139.32448">
<ele>149.9</ele>
</trkpt>
<trkpt lat="35.59452" lon="139.32429">
<ele>149.7</ele>
</trkpt>
<trkpt lat="35.5944999" lon="139.32417">
<ele>149.6</ele>
</trkpt>
<trkpt lat="35.59443" lon="139.32355">
<ele>150.9</ele>
</trkpt>
<trkpt lat="35.59437" lon="139.32309">
<ele>151.0</ele>
</trkpt>
<trkpt lat="35.59431" lon="139.32262">
<ele>150.1</ele>
</trkpt>
<trkpt lat="35.59423" lon="139.32198">
<ele>149.4</ele>
</trkpt>
<trkpt lat="35.5942" lon="139.3217">
<ele>149.1</ele>
</trkpt>
<trkpt lat="35.59413" lon="139.32118">
<ele>150.2</ele>
</trkpt>
<trkpt lat="35.5941199" lon="139.32111">
<ele>150.4</ele>
</trkpt>
<trkpt lat="35.5941" lon="139.3209">
<ele>150.9</ele>
</trkpt>
<trkpt lat="35.59407" lon="139.32066">
<ele>151.3</ele>
</trkpt>
<trkpt lat="35.59396" lon="139.31975">
<ele>152.6</ele>
</trkpt>
<trkpt lat="35.59391" lon="139.31936">
<ele>153.5</ele>
</trkpt>
<trkpt lat="35.59384" lon="139.31883">
<ele>153.6</ele>
</trkpt>
<trkpt lat="35.59379" lon="139.31844">
<ele>153.1</ele>
</trkpt>
<trkpt lat="35.59373" lon="139.3179">
<ele>153.5</ele>
</trkpt>
<trkpt lat="35.59368" lon="139.31755">
<ele>153.8</ele>
</trkpt>
<trkpt lat="35.59361" lon="139.31697">
<ele>154.9</ele>
</trkpt>
<trkpt lat="35.59354" lon="139.31637">
<ele>156.4</ele>
</trkpt>
<trkpt lat="35.59352" lon="139.3162199">
<ele>156.7</ele>
</trkpt>
<trkpt lat="35.59352" lon="139.31619">
<ele>156.8</ele>
</trkpt>
<trkpt lat="35.59346" lon="139.31572">
<ele>157.9</ele>
</trkpt>
<trkpt lat="35.59345" lon="139.31565">
<ele>158.0</ele>
</trkpt>
<trkpt lat="35.59344" lon="139.3155899">
<ele>158.1</ele>
</trkpt>
<trkpt lat="35.5934" lon="139.31523">
<ele>158.6</ele>
</trkpt>
<trkpt lat="35.59335" lon="139.31487">
<ele>159.0</ele>
</trkpt>
<trkpt lat="35.59333" lon="139.31465">
<ele>159.0</ele>
</trkpt>
<trkpt lat="35.5933" lon="139.31449">
<ele>158.8</ele>
</trkpt>
<trkpt lat="35.59328" lon="139.31432">
<ele>158.6</ele>
</trkpt>
<trkpt lat="35.5932699" lon="139.31424">
<ele>158.6</ele>
</trkpt>
<trkpt lat="35.59326" lon="139.31408">
<ele>158.5</ele>
</trkpt>
<trkpt lat="35.59325" lon="139.314">
<ele>158.4</ele>
</trkpt>
<trkpt lat="35.59324" lon="139.31392">
<ele>158.4</ele>
</trkpt>
<trkpt lat="35.59324" lon="139.31376">
<ele>158.4</ele>
</trkpt>
<trkpt lat="35.59324" lon="139.31366">
<ele>158.4</ele>
</trkpt>
<trkpt lat="35.59325" lon="139.31357">
<ele>158.5</ele>
</trkpt>
<trkpt lat="35.59325" lon="139.31352">
<ele>158.5</ele>
</trkpt>
<trkpt lat="35.59326" lon="139.31349">
<ele>158.5</ele>
</trkpt>
<trkpt lat="35.59328" lon="139.31338">
<ele>158.7</ele>
</trkpt>
<trkpt lat="35.59328" lon="139.31335">
<ele>158.7</ele>
</trkpt>
<trkpt lat="35.5933" lon="139.31328">
<ele>158.5</ele>
</trkpt>
<trkpt lat="35.5933" lon="139.31328">
<ele>158.5</ele>
</trkpt>
<trkpt lat="35.59325" lon="139.31327">
<ele>158.2</ele>
</trkpt>
<trkpt lat="35.59321" lon="139.31326">
<ele>157.9</ele>
</trkpt>
<trkpt lat="35.59319" lon="139.31325">
<ele>157.7</ele>
</trkpt>
<trkpt lat="35.59307" lon="139.31322">
<ele>156.8</ele>
</trkpt>
<trkpt lat="35.59298" lon="139.31318">
<ele>156.0</ele>
</trkpt>
<trkpt lat="35.59288" lon="139.31315">
<ele>155.2</ele>
</trkpt>
<trkpt lat="35.59275" lon="139.31311">
<ele>154.1</ele>
</trkpt>
<trkpt lat="35.59272" lon="139.3131">
<ele>153.8</ele>
</trkpt>
<trkpt lat="35.59265" lon="139.31308">
<ele>153.2</ele>
</trkpt>
<trkpt lat="35.59249" lon="139.31305">
<ele>151.9</ele>
</trkpt>
<trkpt lat="35.59239" lon="139.31304">
<ele>151.6</ele>
</trkpt>
<trkpt lat="35.59227" lon="139.31304">
<ele>151.4</ele>
</trkpt>
<trkpt lat="35.59223" lon="139.31304">
<ele>151.3</ele>
</trkpt>
<trkpt lat="35.59214" lon="139.31303">
<ele>151.0</ele>
</trkpt>
<trkpt lat="35.59187" lon="139.31303">
<ele>150.4</ele>
</trkpt>
<trkpt lat="35.59179" lon="139.31303">
<ele>150.2</ele>
</trkpt>
<trkpt lat="35.59169" lon="139.31303">
<ele>150.0</ele>
</trkpt>
<trkpt lat="35.59151" lon="139.31303">
<ele>148.7</ele>
</trkpt>
<trkpt lat="35.59145" lon="139.31303">
<ele>148.3</ele>
</trkpt>
<trkpt lat="35.59133" lon="139.31302">
<ele>147.4</ele>
</trkpt>
<trkpt lat="35.59128" lon="139.31302">
<ele>147.0</ele>
</trkpt>
<trkpt lat="35.59117" lon="139.31301">
<ele>146.2</ele>
</trkpt>
<trkpt lat="35.5911" lon="139.31299">
<ele>145.7</ele>
</trkpt>
<trkpt lat="35.59107" lon="139.31298">
<ele>145.5</ele>
</trkpt>
<trkpt lat="35.59104" lon="139.31298">
<ele>145.3</ele>
</trkpt>
<trkpt lat="35.59087" lon="139.31292">
<ele>144.2</ele>
</trkpt>
<trkpt lat="35.5908" lon="139.31289">
<ele>143.8</ele>
</trkpt>
<trkpt lat="35.59078" lon="139.31288">
<ele>143.7</ele>
</trkpt>
<trkpt lat="35.59072" lon="139.31285">
<ele>143.3</ele>
</trkpt>
<trkpt lat="35.59064" lon="139.31281">
<ele>142.7</ele>
</trkpt>
<trkpt lat="35.59044" lon="139.31269">
<ele>140.9</ele>
</trkpt>
<trkpt lat="35.59029" lon="139.31261">
<ele>139.4</ele>
</trkpt>
<trkpt lat="35.59025" lon="139.31259">
<ele>138.9</ele>
</trkpt>
<trkpt lat="35.59016" lon="139.3125499">
<ele>137.9</ele>
</trkpt>
<trkpt lat="35.59003" lon="139.3125">
<ele>136.3</ele>
</trkpt>
<trkpt lat="35.58995" lon="139.3124599">
<ele>135.9</ele>
</trkpt>
<trkpt lat="35.5899" lon="139.31244">
<ele>135.8</ele>
</trkpt>
<trkpt lat="35.5897999" lon="139.31242">
<ele>135.6</ele>
</trkpt>
<trkpt lat="35.58975" lon="139.31241">
<ele>135.5</ele>
</trkpt>
<trkpt lat="35.58935" lon="139.31229">
<ele>134.8</ele>
</trkpt>
<trkpt lat="35.58922" lon="139.31225">
<ele>134.7</ele>
</trkpt>
<trkpt lat="35.58891" lon="139.31217">
<ele>134.5</ele>
</trkpt>
<trkpt lat="35.5885" lon="139.31206">
<ele>134.3</ele>
</trkpt>
<trkpt lat="35.58858" lon="139.31184">
<ele>134.9</ele>
</trkpt>
<trkpt lat="35.58867" lon="139.31157">
<ele>135.5</ele>
</trkpt>
<trkpt lat="35.58878" lon="139.3112">
<ele>136.4</ele>
</trkpt>
<trkpt lat="35.58893" lon="139.31063">
<ele>138.5</ele>
</trkpt>
<trkpt lat="35.58894" lon="139.31059">
<ele>138.6</ele>
</trkpt>
<trkpt lat="35.58899" lon="139.3103999">
<ele>139.2</ele>
</trkpt>
<trkpt lat="35.58905" lon="139.31024">
<ele>139.7</ele>
</trkpt>
<trkpt lat="35.5891" lon="139.3101">
<ele>139.9</ele>
</trkpt>
<trkpt lat="35.58916" lon="139.3099499">
<ele>140.1</ele>
</trkpt>
<trkpt lat="35.5892" lon="139.30987">
<ele>140.0</ele>
</trkpt>
<trkpt lat="35.58926" lon="139.30974">
<ele>140.0</ele>
</trkpt>
<trkpt lat="35.58934" lon="139.3096">
<ele>140.1</ele>
</trkpt>
<trkpt lat="35.58943" lon="139.30945">
<ele>140.1</ele>
</trkpt>
<trkpt lat="35.58948" lon="139.30937">
<ele>140.2</ele>
</trkpt>
<trkpt lat="35.58954" lon="139.30927">
<ele>140.3</ele>
</trkpt>
<trkpt lat="35.58968" lon="139.30901">
<ele>140.4</ele>
</trkpt>
<trkpt lat="35.58977" lon="139.30883">
<ele>140.5</ele>
</trkpt>
<trkpt lat="35.5897999" lon="139.30874">
<ele>140.5</ele>
</trkpt>
<trkpt lat="35.58982" lon="139.30869">
<ele>140.5</ele>
</trkpt>
<trkpt lat="35.58985" lon="139.30862">
<ele>140.6</ele>
</trkpt>
<trkpt lat="35.58986" lon="139.30856">
<ele>140.7</ele>
</trkpt>
<trkpt lat="35.58991" lon="139.30839">
<ele>140.8</ele>
</trkpt>
<trkpt lat="35.58997" lon="139.30815">
<ele>141.4</ele>
</trkpt>
<trkpt lat="35.59" lon="139.308">
<ele>141.8</ele>
</trkpt>
<trkpt lat="35.5900899" lon="139.30766">
<ele>142.5</ele>
</trkpt>
<trkpt lat="35.59023" lon="139.3071">
<ele>143.1</ele>
</trkpt>
<trkpt lat="35.59029" lon="139.30681">
<ele>143.2</ele>
</trkpt>
<trkpt lat="35.5903" lon="139.3068">
<ele>143.2</ele>
</trkpt>
<trkpt lat="35.59033" lon="139.30665">
<ele>143.2</ele>
</trkpt>
<trkpt lat="35.59038" lon="139.3064">
<ele>143.5</ele>
</trkpt>
<trkpt lat="35.59039" lon="139.30634">
<ele>143.6</ele>
</trkpt>
<trkpt lat="35.59041" lon="139.30623">
<ele>143.8</ele>
</trkpt>
<trkpt lat="35.59047" lon="139.30588">
<ele>144.5</ele>
</trkpt>
<trkpt lat="35.5905" lon="139.30568">
<ele>144.6</ele>
</trkpt>
<trkpt lat="35.59051" lon="139.3056">
<ele>144.7</ele>
</trkpt>
<trkpt lat="35.59059" lon="139.3051199">
<ele>145.1</ele>
</trkpt>
<trkpt lat="35.59066" lon="139.30465">
<ele>145.0</ele>
</trkpt>
<trkpt lat="35.59066" lon="139.3046">
<ele>145.0</ele>
</trkpt>
<trkpt lat="35.59069" lon="139.30444">
<ele>144.9</ele>
</trkpt>
<trkpt lat="35.59069" lon="139.30437">
<ele>144.9</ele>
</trkpt>
<trkpt lat="35.59071" lon="139.30424">
<ele>144.8</ele>
</trkpt>
<trkpt lat="35.59071" lon="139.30416">
<ele>144.7</ele>
</trkpt>
<trkpt lat="35.59073" lon="139.30389">
<ele>145.4</ele>
</trkpt>
<trkpt lat="35.59075" lon="139.30366">
<ele>146.0</ele>
</trkpt>
<trkpt lat="35.59075" lon="139.30362">
<ele>146.1</ele>
</trkpt>
<trkpt lat="35.5908" lon="139.30314">
<ele>146.9</ele>
</trkpt>
<trkpt lat="35.59082" lon="139.30301">
<ele>147.0</ele>
</trkpt>
<trkpt lat="35.59087" lon="139.30274">
<ele>147.1</ele>
</trkpt>
<trkpt lat="35.5909" lon="139.3026">
<ele>147.2</ele>
</trkpt>
<trkpt lat="35.5909199" lon="139.30249">
<ele>147.2</ele>
</trkpt>
<trkpt lat="35.59095" lon="139.30239">
<ele>147.3</ele>
</trkpt>
<trkpt lat="35.59096" lon="139.30233">
<ele>147.3</ele>
</trkpt>
<trkpt lat="35.59097" lon="139.30226">
<ele>147.3</ele>
</trkpt>
<trkpt lat="35.59102" lon="139.30187">
<ele>147.3</ele>
</trkpt>
<trkpt lat="35.59103" lon="139.30183">
<ele>147.3</ele>
</trkpt>
<trkpt lat="35.59104" lon="139.30177">
<ele>147.3</ele>
</trkpt>
<trkpt lat="35.59106" lon="139.30169">
<ele>147.3</ele>
</trkpt>
<trkpt lat="35.59106" lon="139.30166">
<ele>147.2</ele>
</trkpt>
<trkpt lat="35.59108" lon="139.30162">
<ele>147.0</ele>
</trkpt>
<trkpt lat="35.59109" lon="139.30157">
<ele>146.7</ele>
</trkpt>
<trkpt lat="35.5911199" lon="139.3015">
<ele>146.3</ele>
</trkpt>
<trkpt lat="35.59114" lon="139.30145">
<ele>146.0</ele>
</trkpt>
<trkpt lat="35.59117" lon="139.30139">
<ele>145.7</ele>
</trkpt>
<trkpt lat="35.59117" lon="139.30139">
<ele>145.7</ele>
</trkpt>
<trkpt lat="35.5911" lon="139.30135">
<ele>145.4</ele>
</trkpt>
<trkpt lat="35.5911" lon="139.30135">
<ele>145.4</ele>
</trkpt>
<trkpt lat="35.5911199" lon="139.30128">
<ele>145.0</ele>
</trkpt>
<trkpt lat="35.59113" lon="139.30121">
<ele>144.6</ele>
</trkpt>
<trkpt lat="35.59113" lon="139.30113">
<ele>144.1</ele>
</trkpt>
<trkpt lat="35.59114" lon="139.3011">
<ele>143.9</ele>
</trkpt>
<trkpt lat="35.59113" lon="139.30106">
<ele>143.7</ele>
</trkpt>
<trkpt lat="35.59113" lon="139.30103">
<ele>143.5</ele>
</trkpt>
<trkpt lat="35.5911199" lon="139.30099">
<ele>143.3</ele>
</trkpt>
<trkpt lat="35.59111" lon="139.30093">
<ele>142.9</ele>
</trkpt>
<trkpt lat="35.59107" lon="139.30087">
<ele>142.6</ele>
</trkpt>
<trkpt lat="35.59105" lon="139.30083">
<ele>142.5</ele>
</trkpt>
<trkpt lat="35.59101" lon="139.30079">
<ele>142.5</ele>
</trkpt>
<trkpt lat="35.59095" lon="139.30074">
<ele>142.5</ele>
</trkpt>
<trkpt lat="35.5909" lon="139.30071">
<ele>142.5</ele>
</trkpt>
<trkpt lat="35.59087" lon="139.30068">
<ele>142.4</ele>
</trkpt>
<trkpt lat="35.59085" lon="139.30065">
<ele>142.3</ele>
</trkpt>
<trkpt lat="35.59084" lon="139.30062">
<ele>142.2</ele>
</trkpt>
<trkpt lat="35.5908299" lon="139.30059">
<ele>142.1</ele>
</trkpt>
<trkpt lat="35.5908299" lon="139.30056">
<ele>142.0</ele>
</trkpt>
<trkpt lat="35.5908299" lon="139.30053">
<ele>141.9</ele>
</trkpt>
<trkpt lat="35.5908299" lon="139.30047">
<ele>141.7</ele>
</trkpt>
<trkpt lat="35.59084" lon="139.30034">
<ele>141.2</ele>
</trkpt>
<trkpt lat="35.59084" lon="139.30034">
<ele>141.2</ele>
</trkpt>
<trkpt lat="35.59075" lon="139.30033">
<ele>141.3</ele>
</trkpt>
<trkpt lat="35.59066" lon="139.30031">
<ele>141.3</ele>
</trkpt>
<trkpt lat="35.59061" lon="139.3003">
<ele>141.3</ele>
</trkpt>
<trkpt lat="35.59057" lon="139.3002799">
<ele>141.2</ele>
</trkpt>
<trkpt lat="35.59051" lon="139.30024">
<ele>141.0</ele>
</trkpt>
<trkpt lat="35.59015" lon="139.29993">
<ele>139.5</ele>
</trkpt>
<trkpt lat="35.59013" lon="139.29991">
<ele>139.5</ele>
</trkpt>
<trkpt lat="35.58991" lon="139.29973">
<ele>138.7</ele>
</trkpt>
<trkpt lat="35.58987" lon="139.2997">
<ele>138.3</ele>
</trkpt>
<trkpt lat="35.58983" lon="139.29969">
<ele>137.7</ele>
</trkpt>
<trkpt lat="35.58982" lon="139.29969">
<ele>137.6</ele>
</trkpt>
<trkpt lat="35.58979" lon="139.29969">
<ele>137.2</ele>
</trkpt>
<trkpt lat="35.58975" lon="139.29969">
<ele>136.6</ele>
</trkpt>
<trkpt lat="35.58973" lon="139.29969">
<ele>136.3</ele>
</trkpt>
<trkpt lat="35.5897099" lon="139.2997">
<ele>136.0</ele>
</trkpt>
<trkpt lat="35.58967" lon="139.29972">
<ele>135.4</ele>
</trkpt>
<trkpt lat="35.58954" lon="139.29981">
<ele>133.4</ele>
</trkpt>
<trkpt lat="35.58949" lon="139.29984">
<ele>132.6</ele>
</trkpt>
<trkpt lat="35.58944" lon="139.29986">
<ele>131.9</ele>
</trkpt>
<trkpt lat="35.58937" lon="139.29988">
<ele>130.9</ele>
</trkpt>
<trkpt lat="35.58931" lon="139.29989">
<ele>130.1</ele>
</trkpt>
<trkpt lat="35.58925" lon="139.29989">
<ele>129.3</ele>
</trkpt>
<trkpt lat="35.58919" lon="139.29988">
<ele>128.5</ele>
</trkpt>
<trkpt lat="35.58904" lon="139.2998299">
<ele>127.0</ele>
</trkpt>
<trkpt lat="35.58891" lon="139.29979">
<ele>125.7</ele>
</trkpt>
<trkpt lat="35.58883" lon="139.29977">
<ele>124.8</ele>
</trkpt>
<trkpt lat="35.5887699" lon="139.29976">
<ele>124.2</ele>
</trkpt>
<trkpt lat="35.5887" lon="139.29974">
<ele>123.4</ele>
</trkpt>
<trkpt lat="35.58869" lon="139.29974">
<ele>123.3</ele>
</trkpt>
<trkpt lat="35.58861" lon="139.29974">
<ele>122.4</ele>
</trkpt>
<trkpt lat="35.58852" lon="139.29975">
<ele>121.6</ele>
</trkpt>
<trkpt lat="35.58851" lon="139.29975">
<ele>121.4</ele>
</trkpt>
<trkpt lat="35.58846" lon="139.29976">
<ele>121.0</ele>
</trkpt>
<trkpt lat="35.58841" lon="139.29977">
<ele>120.6</ele>
</trkpt>
<trkpt lat="35.58833" lon="139.29979">
<ele>119.9</ele>
</trkpt>
<trkpt lat="35.58815" lon="139.29989">
<ele>118.1</ele>
</trkpt>
<trkpt lat="35.58797" lon="139.29999">
<ele>116.6</ele>
</trkpt>
<trkpt lat="35.58794" lon="139.3">
<ele>116.3</ele>
</trkpt>
<trkpt lat="35.5879199" lon="139.3">
<ele>116.1</ele>
</trkpt>
<trkpt lat="35.58787" lon="139.3000099">
<ele>115.6</ele>
</trkpt>
<trkpt lat="35.58785" lon="139.3">
<ele>115.0</ele>
</trkpt>
<trkpt lat="35.5877" lon="139.29998">
<ele>112.6</ele>
</trkpt>
<trkpt lat="35.58767" lon="139.29997">
<ele>112.0</ele>
</trkpt>
<trkpt lat="35.58758" lon="139.29996">
<ele>110.5</ele>
</trkpt>
<trkpt lat="35.58753" lon="139.29997">
<ele>109.9</ele>
</trkpt>
<trkpt lat="35.58749" lon="139.29998">
<ele>109.4</ele>
</trkpt>
<trkpt lat="35.58744" lon="139.3">
<ele>108.4</ele>
</trkpt>
<trkpt lat="35.5874" lon="139.30002">
<ele>107.9</ele>
</trkpt>
<trkpt lat="35.58737" lon="139.30004">
<ele>107.6</ele>
</trkpt>
<trkpt lat="35.58734" lon="139.30008">
<ele>107.8</ele>
</trkpt>
<trkpt lat="35.58733" lon="139.30008">
<ele>107.5</ele>
</trkpt>
<trkpt lat="35.5873" lon="139.30013">
<ele>107.9</ele>
</trkpt>
<trkpt lat="35.58709" lon="139.3004">
<ele>108.3</ele>
</trkpt>
<trkpt lat="35.587" lon="139.3005">
<ele>107.8</ele>
</trkpt>
<trkpt lat="35.5868899" lon="139.3006">
<ele>106.6</ele>
</trkpt>
<trkpt lat="35.58682" lon="139.30066">
<ele>105.6</ele>
</trkpt>
<trkpt lat="35.58674" lon="139.30071">
<ele>104.0</ele>
</trkpt>
<trkpt lat="35.58673" lon="139.30072">
<ele>103.9</ele>
</trkpt>
<trkpt lat="35.58657" lon="139.30081">
<ele>101.8</ele>
</trkpt>
<trkpt lat="35.58647" lon="139.30086">
<ele>101.5</ele>
</trkpt>
<trkpt lat="35.5864199" lon="139.30088">
<ele>101.4</ele>
</trkpt>
<trkpt lat="35.58639" lon="139.30089">
<ele>101.2</ele>
</trkpt>
<trkpt lat="35.58636" lon="139.30089">
<ele>100.7</ele>
</trkpt>
<trkpt lat="35.58635" lon="139.30089">
<ele>100.5</ele>
</trkpt>
<trkpt lat="35.58634" lon="139.30089">
<ele>100.3</ele>
</trkpt>
<trkpt lat="35.58632" lon="139.30088">
<ele>99.6</ele>
</trkpt>
<trkpt lat="35.58629" lon="139.30086">
<ele>98.3</ele>
</trkpt>
<trkpt lat="35.58628" lon="139.3008199">
<ele>96.8</ele>
</trkpt>
<trkpt lat="35.58627" lon="139.30081">
<ele>96.5</ele>
</trkpt>
<trkpt lat="35.58627" lon="139.3008">
<ele>96.3</ele>
</trkpt>
<trkpt lat="35.58628" lon="139.30079">
<ele>96.3</ele>
</trkpt>
<trkpt lat="35.58628" lon="139.30077">
<ele>96.0</ele>
</trkpt>
<trkpt lat="35.5863" lon="139.30074">
<ele>95.8</ele>
</trkpt>
<trkpt lat="35.58634" lon="139.30069">
<ele>95.6</ele>
</trkpt>
<trkpt lat="35.5864" lon="139.3006399">
<ele>95.8</ele>
</trkpt>
<trkpt lat="35.58657" lon="139.30048">
<ele>95.7</ele>
</trkpt>
<trkpt lat="35.58677" lon="139.30027">
<ele>96.2</ele>
</trkpt>
<trkpt lat="35.58685" lon="139.3001899">
<ele>96.8</ele>
</trkpt>
<trkpt lat="35.58693" lon="139.3000999">
<ele>97.1</ele>
</trkpt>
<trkpt lat="35.58697" lon="139.30003">
<ele>96.7</ele>
</trkpt>
<trkpt lat="35.5869799" lon="139.3000099">
<ele>96.5</ele>
</trkpt>
<trkpt lat="35.5869799" lon="139.29999">
<ele>96.1</ele>
</trkpt>
<trkpt lat="35.58699" lon="139.29998">
<ele>96.2</ele>
</trkpt>
<trkpt lat="35.58699" lon="139.29995">
<ele>95.8</ele>
</trkpt>
<trkpt lat="35.5869799" lon="139.29993">
<ele>95.2</ele>
</trkpt>
<trkpt lat="35.5869799" lon="139.2999199">
<ele>95.1</ele>
</trkpt>
<trkpt lat="35.58693" lon="139.29979">
<ele>91.9</ele>
</trkpt>
<trkpt lat="35.5869" lon="139.29973">
<ele>90.2</ele>
</trkpt>
<trkpt lat="35.58674" lon="139.29934">
<ele>80.9</ele>
</trkpt>
<trkpt lat="35.58666" lon="139.29914">
<ele>77.3</ele>
</trkpt>
<trkpt lat="35.58665" lon="139.2991199">
<ele>77.4</ele>
</trkpt>
<trkpt lat="35.58658" lon="139.2989399">
<ele>79.1</ele>
</trkpt>
<trkpt lat="35.58638" lon="139.29846">
<ele>83.5</ele>
</trkpt>
<trkpt lat="35.58636" lon="139.2983999">
<ele>84.0</ele>
</trkpt>
<trkpt lat="35.5863299" lon="139.29834">
<ele>84.5</ele>
</trkpt>
<trkpt lat="35.58626" lon="139.29816">
<ele>87.1</ele>
</trkpt>
<trkpt lat="35.58625" lon="139.29815">
<ele>87.2</ele>
</trkpt>
<trkpt lat="35.58622" lon="139.29807">
<ele>88.4</ele>
</trkpt>
<trkpt lat="35.58614" lon="139.29792">
<ele>90.6</ele>
</trkpt>
<trkpt lat="35.58607" lon="139.29779">
<ele>92.6</ele>
</trkpt>
<trkpt lat="35.58605" lon="139.29777">
<ele>92.9</ele>
</trkpt>
<trkpt lat="35.58603" lon="139.29774">
<ele>93.3</ele>
</trkpt>
<trkpt lat="35.586" lon="139.29773">
<ele>93.5</ele>
</trkpt>
<trkpt lat="35.58599" lon="139.29773">
<ele>93.5</ele>
</trkpt>
<trkpt lat="35.58597" lon="139.29773">
<ele>93.5</ele>
</trkpt>
<trkpt lat="35.58594" lon="139.29774">
<ele>93.3</ele>
</trkpt>
<trkpt lat="35.58591" lon="139.29775">
<ele>93.1</ele>
</trkpt>
<trkpt lat="35.58575" lon="139.2978599">
<ele>91.7</ele>
</trkpt>
<trkpt lat="35.58568" lon="139.29789">
<ele>91.5</ele>
</trkpt>
<trkpt lat="35.58564" lon="139.29791">
<ele>91.3</ele>
</trkpt>
<trkpt lat="35.58558" lon="139.29794">
<ele>91.0</ele>
</trkpt>
<trkpt lat="35.58546" lon="139.29797">
<ele>91.0</ele>
</trkpt>
<trkpt lat="35.58541" lon="139.29799">
<ele>90.9</ele>
</trkpt>
<trkpt lat="35.58535" lon="139.29799">
<ele>91.1</ele>
</trkpt>
<trkpt lat="35.58519" lon="139.29802">
<ele>91.2</ele>
</trkpt>
<trkpt lat="35.58517" lon="139.29802">
<ele>91.3</ele>
</trkpt>
<trkpt lat="35.58513" lon="139.29803">
<ele>91.3</ele>
</trkpt>
<trkpt lat="35.58506" lon="139.29803">
<ele>91.5</ele>
</trkpt>
<trkpt lat="35.5849199" lon="139.29805">
<ele>91.4</ele>
</trkpt>
<trkpt lat="35.58487" lon="139.2980399">
<ele>91.5</ele>
</trkpt>
<trkpt lat="35.58482" lon="139.2980399">
<ele>91.4</ele>
</trkpt>
<trkpt lat="35.5847399" lon="139.29802">
<ele>91.7</ele>
</trkpt>
<trkpt lat="35.58468" lon="139.298">
<ele>91.9</ele>
</trkpt>
<trkpt lat="35.58464" lon="139.29797">
<ele>92.3</ele>
</trkpt>
<trkpt lat="35.58459" lon="139.2979499">
<ele>92.5</ele>
</trkpt>
<trkpt lat="35.5845399" lon="139.29792">
<ele>92.9</ele>
</trkpt>
<trkpt lat="35.5845" lon="139.29788">
<ele>93.4</ele>
</trkpt>
<trkpt lat="35.58446" lon="139.29785">
<ele>93.8</ele>
</trkpt>
<trkpt lat="35.58442" lon="139.29781">
<ele>94.3</ele>
</trkpt>
<trkpt lat="35.58434" lon="139.2977">
<ele>95.7</ele>
</trkpt>
<trkpt lat="35.58428" lon="139.29759">
<ele>97.1</ele>
</trkpt>
<trkpt lat="35.58424" lon="139.2975">
<ele>98.2</ele>
</trkpt>
<trkpt lat="35.58422" lon="139.29744">
<ele>97.9</ele>
</trkpt>
<trkpt lat="35.58421" lon="139.29736">
<ele>97.7</ele>
</trkpt>
<trkpt lat="35.5842" lon="139.29728">
<ele>97.4</ele>
</trkpt>
<trkpt lat="35.58419" lon="139.29719">
<ele>97.0</ele>
</trkpt>
<trkpt lat="35.58419" lon="139.29704">
<ele>96.5</ele>
</trkpt>
<trkpt lat="35.58422" lon="139.29668">
<ele>95.6</ele>
</trkpt>
<trkpt lat="35.58424" lon="139.29639">
<ele>95.7</ele>
</trkpt>
<trkpt lat="35.58425" lon="139.29635">
<ele>95.8</ele>
</trkpt>
<trkpt lat="35.58426" lon="139.29621">
<ele>96.0</ele>
</trkpt>
<trkpt lat="35.58429" lon="139.29585">
<ele>96.7</ele>
</trkpt>
<trkpt lat="35.58432" lon="139.29567">
<ele>98.4</ele>
</trkpt>
<trkpt lat="35.58438" lon="139.2953">
<ele>102.3</ele>
</trkpt>
<trkpt lat="35.5844" lon="139.29515">
<ele>103.8</ele>
</trkpt>
<trkpt lat="35.58442" lon="139.29476">
<ele>104.5</ele>
</trkpt>
<trkpt lat="35.58443" lon="139.2946">
<ele>104.2</ele>
</trkpt>
<trkpt lat="35.5844499" lon="139.29432">
<ele>103.7</ele>
</trkpt>
<trkpt lat="35.58446" lon="139.29418">
<ele>103.5</ele>
</trkpt>
<trkpt lat="35.58447" lon="139.29405">
<ele>103.9</ele>
</trkpt>
<trkpt lat="35.58452" lon="139.29385">
<ele>105.7</ele>
</trkpt>
<trkpt lat="35.58463" lon="139.29348">
<ele>109.6</ele>
</trkpt>
<trkpt lat="35.58464" lon="139.29343">
<ele>110.0</ele>
</trkpt>
<trkpt lat="35.58464" lon="139.2934">
<ele>110.1</ele>
</trkpt>
<trkpt lat="35.58464" lon="139.29336">
<ele>110.2</ele>
</trkpt>
<trkpt lat="35.58463" lon="139.29328">
<ele>110.1</ele>
</trkpt>
<trkpt lat="35.58461" lon="139.29299">
<ele>110.9</ele>
</trkpt>
<trkpt lat="35.58459" lon="139.29286">
<ele>111.0</ele>
</trkpt>
<trkpt lat="35.58457" lon="139.29245">
<ele>112.7</ele>
</trkpt>
<trkpt lat="35.58457" lon="139.29243">
<ele>112.9</ele>
</trkpt>
<trkpt lat="35.58456" lon="139.29237">
<ele>113.3</ele>
</trkpt>
<trkpt lat="35.58455" lon="139.29232">
<ele>113.6</ele>
</trkpt>
<trkpt lat="35.58453" lon="139.29226">
<ele>113.9</ele>
</trkpt>
<trkpt lat="35.58452" lon="139.2922199">
<ele>114.1</ele>
</trkpt>
<trkpt lat="35.58444" lon="139.29202">
<ele>115.5</ele>
</trkpt>
<trkpt lat="35.58438" lon="139.29189">
<ele>116.9</ele>
</trkpt>
<trkpt lat="35.58435" lon="139.2918">
<ele>118.1</ele>
</trkpt>
<trkpt lat="35.58428" lon="139.29164">
<ele>120.6</ele>
</trkpt>
<trkpt lat="35.58423" lon="139.29153">
<ele>121.8</ele>
</trkpt>
<trkpt lat="35.58421" lon="139.29149">
<ele>122.3</ele>
</trkpt>
<trkpt lat="35.58414" lon="139.29134">
<ele>124.4</ele>
</trkpt>
<trkpt lat="35.5841" lon="139.29126">
<ele>125.6</ele>
</trkpt>
<trkpt lat="35.5840699" lon="139.29121">
<ele>126.4</ele>
</trkpt>
<trkpt lat="35.58404" lon="139.29117">
<ele>127.1</ele>
</trkpt>
<trkpt lat="35.58403" lon="139.29116">
<ele>127.3</ele>
</trkpt>
<trkpt lat="35.5839799" lon="139.2911">
<ele>128.5</ele>
</trkpt>
<trkpt lat="35.58394" lon="139.2910599">
<ele>129.3</ele>
</trkpt>
<trkpt lat="35.58393" lon="139.29104">
<ele>129.7</ele>
</trkpt>
<trkpt lat="35.5839" lon="139.29102">
<ele>130.2</ele>
</trkpt>
<trkpt lat="35.5838899" lon="139.29102">
<ele>130.3</ele>
</trkpt>
<trkpt lat="35.58384" lon="139.29098">
<ele>131.3</ele>
</trkpt>
<trkpt lat="35.58379" lon="139.29095">
<ele>132.1</ele>
</trkpt>
<trkpt lat="35.58374" lon="139.29092">
<ele>133.0</ele>
</trkpt>
<trkpt lat="35.58371" lon="139.29091">
<ele>133.4</ele>
</trkpt>
<trkpt lat="35.58365" lon="139.29089">
<ele>134.3</ele>
</trkpt>
<trkpt lat="35.58362" lon="139.2908799">
<ele>134.7</ele>
</trkpt>
<trkpt lat="35.58358" lon="139.29087">
<ele>135.2</ele>
</trkpt>
<trkpt lat="35.58348" lon="139.29084">
<ele>136.6</ele>
</trkpt>
<trkpt lat="35.58343" lon="139.29083">
<ele>137.2</ele>
</trkpt>
<trkpt lat="35.58332" lon="139.2908">
<ele>138.6</ele>
</trkpt>
<trkpt lat="35.58321" lon="139.2907899">
<ele>139.9</ele>
</trkpt>
<trkpt lat="35.5829499" lon="139.29074">
<ele>143.2</ele>
</trkpt>
<trkpt lat="35.58279" lon="139.29072">
<ele>145.2</ele>
</trkpt>
<trkpt lat="35.5826" lon="139.29069">
<ele>147.6</ele>
</trkpt>
<trkpt lat="35.58249" lon="139.29067">
<ele>148.8</ele>
</trkpt>
<trkpt lat="35.58226" lon="139.29063">
<ele>147.0</ele>
</trkpt>
<trkpt lat="35.58206" lon="139.2906099">
<ele>145.2</ele>
</trkpt>
<trkpt lat="35.58198" lon="139.2906">
<ele>144.5</ele>
</trkpt>
<trkpt lat="35.58188" lon="139.29058">
<ele>143.8</ele>
</trkpt>
<trkpt lat="35.58181" lon="139.29057">
<ele>143.2</ele>
</trkpt>
<trkpt lat="35.5817" lon="139.29054">
<ele>142.7</ele>
</trkpt>
<trkpt lat="35.58168" lon="139.29053">
<ele>142.7</ele>
</trkpt>
<trkpt lat="35.58158" lon="139.2905">
<ele>142.0</ele>
</trkpt>
<trkpt lat="35.58151" lon="139.29047">
<ele>141.7</ele>
</trkpt>
<trkpt lat="35.58139" lon="139.29041">
<ele>141.5</ele>
</trkpt>
<trkpt lat="35.58134" lon="139.29039">
<ele>141.3</ele>
</trkpt>
<trkpt lat="35.58127" lon="139.29035">
<ele>141.4</ele>
</trkpt>
<trkpt lat="35.58118" lon="139.2903">
<ele>141.4</ele>
</trkpt>
<trkpt lat="35.58114" lon="139.29028">
<ele>141.4</ele>
</trkpt>
<trkpt lat="35.58111" lon="139.29027">
<ele>141.3</ele>
</trkpt>
<trkpt lat="35.58103" lon="139.29019">
<ele>142.3</ele>
</trkpt>
<trkpt lat="35.58094" lon="139.29014">
<ele>142.5</ele>
</trkpt>
<trkpt lat="35.58062" lon="139.28997">
<ele>140.7</ele>
</trkpt>
<trkpt lat="35.58056" lon="139.28994">
<ele>140.1</ele>
</trkpt>
<trkpt lat="35.58041" lon="139.28984">
<ele>139.5</ele>
</trkpt>
<trkpt lat="35.58024" lon="139.28974">
<ele>138.7</ele>
</trkpt>
<trkpt lat="35.58011" lon="139.28963">
<ele>139.3</ele>
</trkpt>
<trkpt lat="35.58008" lon="139.2896">
<ele>139.6</ele>
</trkpt>
<trkpt lat="35.58" lon="139.28953">
<ele>140.2</ele>
</trkpt>
<trkpt lat="35.57994" lon="139.28947">
<ele>141.1</ele>
</trkpt>
<trkpt lat="35.57992" lon="139.28946">
<ele>141.0</ele>
</trkpt>
<trkpt lat="35.5798" lon="139.28932">
<ele>142.3</ele>
</trkpt>
<trkpt lat="35.57977" lon="139.28929">
<ele>142.4</ele>
</trkpt>
<trkpt lat="35.57956" lon="139.2889999">
<ele>144.0</ele>
</trkpt>
<trkpt lat="35.57947" lon="139.28885">
<ele>145.8</ele>
</trkpt>
<trkpt lat="35.57934" lon="139.2886399">
<ele>148.6</ele>
</trkpt>
<trkpt lat="35.57921" lon="139.28843">
<ele>152.0</ele>
</trkpt>
<trkpt lat="35.57904" lon="139.28817">
<ele>155.1</ele>
</trkpt>
<trkpt lat="35.57893" lon="139.288">
<ele>156.7</ele>
</trkpt>
<trkpt lat="35.57888" lon="139.28793">
<ele>157.1</ele>
</trkpt>
<trkpt lat="35.57869" lon="139.28766">
<ele>158.5</ele>
</trkpt>
<trkpt lat="35.57856" lon="139.28747">
<ele>159.1</ele>
</trkpt>
<trkpt lat="35.57846" lon="139.28733">
<ele>158.4</ele>
</trkpt>
<trkpt lat="35.57833" lon="139.28717">
<ele>156.7</ele>
</trkpt>
<trkpt lat="35.57821" lon="139.28701">
<ele>155.7</ele>
</trkpt>
<trkpt lat="35.5781599" lon="139.2869399">
<ele>155.4</ele>
</trkpt>
<trkpt lat="35.5781" lon="139.28686">
<ele>155.2</ele>
</trkpt>
<trkpt lat="35.57796" lon="139.28669">
<ele>154.6</ele>
</trkpt>
<trkpt lat="35.57772" lon="139.28639">
<ele>154.5</ele>
</trkpt>
<trkpt lat="35.57762" lon="139.28626">
<ele>154.4</ele>
</trkpt>
<trkpt lat="35.57754" lon="139.28615">
<ele>154.3</ele>
</trkpt>
<trkpt lat="35.57746" lon="139.28608">
<ele>153.5</ele>
</trkpt>
<trkpt lat="35.57739" lon="139.28601">
<ele>152.9</ele>
</trkpt>
<trkpt lat="35.5773" lon="139.28593">
<ele>151.7</ele>
</trkpt>
<trkpt lat="35.57723" lon="139.28589">
<ele>150.4</ele>
</trkpt>
<trkpt lat="35.57716" lon="139.28584">
<ele>149.1</ele>
</trkpt>
<trkpt lat="35.5771" lon="139.28581">
<ele>147.8</ele>
</trkpt>
<trkpt lat="35.5770399" lon="139.28578">
<ele>146.4</ele>
</trkpt>
<trkpt lat="35.57698" lon="139.28574">
<ele>145.2</ele>
</trkpt>
<trkpt lat="35.57693" lon="139.2857">
<ele>144.2</ele>
</trkpt>
<trkpt lat="35.57689" lon="139.28567">
<ele>143.4</ele>
</trkpt>
<trkpt lat="35.57685" lon="139.28563">
<ele>142.7</ele>
</trkpt>
<trkpt lat="35.57678" lon="139.28556">
<ele>141.4</ele>
</trkpt>
<trkpt lat="35.5767499" lon="139.28552">
<ele>140.9</ele>
</trkpt>
<trkpt lat="35.57669" lon="139.28543">
<ele>140.1</ele>
</trkpt>
<trkpt lat="35.57668" lon="139.28541">
<ele>140.0</ele>
</trkpt>
<trkpt lat="35.57663" lon="139.28529">
<ele>140.5</ele>
</trkpt>
<trkpt lat="35.57656" lon="139.2851">
<ele>141.5</ele>
</trkpt>
<trkpt lat="35.57645" lon="139.28489">
<ele>141.7</ele>
</trkpt>
<trkpt lat="35.57633" lon="139.28467">
<ele>141.3</ele>
</trkpt>
<trkpt lat="35.5762" lon="139.28445">
<ele>140.4</ele>
</trkpt>
<trkpt lat="35.57605" lon="139.2842499">
<ele>138.8</ele>
</trkpt>
<trkpt lat="35.576" lon="139.28418">
<ele>138.1</ele>
</trkpt>
<trkpt lat="35.57593" lon="139.28407">
<ele>137.1</ele>
</trkpt>
<trkpt lat="35.57591" lon="139.28404">
<ele>136.7</ele>
</trkpt>
<trkpt lat="35.57588" lon="139.28399">
<ele>136.2</ele>
</trkpt>
<trkpt lat="35.57586" lon="139.28395">
<ele>135.8</ele>
</trkpt>
<trkpt lat="35.57583" lon="139.28388">
<ele>135.4</ele>
</trkpt>
<trkpt lat="35.57581" lon="139.28382">
<ele>135.5</ele>
</trkpt>
<trkpt lat="35.5758" lon="139.2838">
<ele>135.6</ele>
</trkpt>
<trkpt lat="35.57576" lon="139.28368">
<ele>135.6</ele>
</trkpt>
<trkpt lat="35.57574" lon="139.28359">
<ele>135.5</ele>
</trkpt>
<trkpt lat="35.57555" lon="139.28297">
<ele>135.4</ele>
</trkpt>
<trkpt lat="35.57555" lon="139.28296">
<ele>135.5</ele>
</trkpt>
<trkpt lat="35.57551" lon="139.2828199">
<ele>135.7</ele>
</trkpt>
<trkpt lat="35.5754499" lon="139.28268">
<ele>135.3</ele>
</trkpt>
<trkpt lat="35.57541" lon="139.28259">
<ele>135.0</ele>
</trkpt>
<trkpt lat="35.57538" lon="139.2825499">
<ele>134.6</ele>
</trkpt>
<trkpt lat="35.57534" lon="139.28247">
<ele>134.3</ele>
</trkpt>
<trkpt lat="35.57529" lon="139.28242">
<ele>133.8</ele>
</trkpt>
<trkpt lat="35.57499" lon="139.28202">
<ele>130.9</ele>
</trkpt>
<trkpt lat="35.57489" lon="139.2819">
<ele>130.4</ele>
</trkpt>
<trkpt lat="35.57484" lon="139.28183">
<ele>130.1</ele>
</trkpt>
<trkpt lat="35.57467" lon="139.28161">
<ele>128.6</ele>
</trkpt>
<trkpt lat="35.57465" lon="139.28158">
<ele>128.5</ele>
</trkpt>
<trkpt lat="35.57459" lon="139.2815">
<ele>128.2</ele>
</trkpt>
<trkpt lat="35.57456" lon="139.28146">
<ele>128.0</ele>
</trkpt>
<trkpt lat="35.57453" lon="139.28141">
<ele>128.0</ele>
</trkpt>
<trkpt lat="35.57448" lon="139.28133">
<ele>127.8</ele>
</trkpt>
<trkpt lat="35.57445" lon="139.28126">
<ele>127.8</ele>
</trkpt>
<trkpt lat="35.57443" lon="139.28119">
<ele>128.1</ele>
</trkpt>
<trkpt lat="35.57441" lon="139.2811199">
<ele>128.4</ele>
</trkpt>
<trkpt lat="35.57438" lon="139.28101">
<ele>128.8</ele>
</trkpt>
<trkpt lat="35.5743099" lon="139.28071">
<ele>129.9</ele>
</trkpt>
<trkpt lat="35.5743" lon="139.28065">
<ele>130.1</ele>
</trkpt>
<trkpt lat="35.57428" lon="139.28052">
<ele>130.7</ele>
</trkpt>
<trkpt lat="35.57426" lon="139.28039">
<ele>131.2</ele>
</trkpt>
<trkpt lat="35.5742199" lon="139.28001">
<ele>133.1</ele>
</trkpt>
<trkpt lat="35.57421" lon="139.27994">
<ele>133.3</ele>
</trkpt>
<trkpt lat="35.5742" lon="139.27985">
<ele>133.5</ele>
</trkpt>
<trkpt lat="35.5742" lon="139.27979">
<ele>133.8</ele>
</trkpt>
<trkpt lat="35.5742" lon="139.27975">
<ele>134.0</ele>
</trkpt>
<trkpt lat="35.57421" lon="139.27958">
<ele>135.2</ele>
</trkpt>
<trkpt lat="35.57421" lon="139.27952">
<ele>135.5</ele>
</trkpt>
<trkpt lat="35.57421" lon="139.27949">
<ele>135.6</ele>
</trkpt>
<trkpt lat="35.57421" lon="139.27948">
<ele>135.7</ele>
</trkpt>
<trkpt lat="35.57421" lon="139.2794199">
<ele>136.0</ele>
</trkpt>
<trkpt lat="35.57421" lon="139.27936">
<ele>136.3</ele>
</trkpt>
<trkpt lat="35.5742" lon="139.27928">
<ele>136.4</ele>
</trkpt>
<trkpt lat="35.5742" lon="139.27926">
<ele>136.5</ele>
</trkpt>
<trkpt lat="35.57419" lon="139.27916">
<ele>136.8</ele>
</trkpt>
<trkpt lat="35.57417" lon="139.27907">
<ele>137.7</ele>
</trkpt>
<trkpt lat="35.57414" lon="139.27882">
<ele>141.5</ele>
</trkpt>
<trkpt lat="35.5741299" lon="139.27878">
<ele>142.0</ele>
</trkpt>
<trkpt lat="35.5741299" lon="139.27876">
<ele>142.3</ele>
</trkpt>
<trkpt lat="35.57412" lon="139.27873">
<ele>142.7</ele>
</trkpt>
<trkpt lat="35.57411" lon="139.2786999">
<ele>143.0</ele>
</trkpt>
<trkpt lat="35.5741" lon="139.27867">
<ele>143.3</ele>
</trkpt>
<trkpt lat="35.57407" lon="139.27863">
<ele>143.5</ele>
</trkpt>
<trkpt lat="35.57405" lon="139.2786">
<ele>143.7</ele>
</trkpt>
<trkpt lat="35.57403" lon="139.27858">
<ele>143.7</ele>
</trkpt>
<trkpt lat="35.57401" lon="139.27855">
<ele>143.8</ele>
</trkpt>
<trkpt lat="35.57398" lon="139.2785199">
<ele>143.8</ele>
</trkpt>
<trkpt lat="35.57394" lon="139.2785">
<ele>143.4</ele>
</trkpt>
<trkpt lat="35.57387" lon="139.27847">
<ele>142.7</ele>
</trkpt>
<trkpt lat="35.57383" lon="139.27845">
<ele>142.3</ele>
</trkpt>
<trkpt lat="35.57381" lon="139.27844">
<ele>142.1</ele>
</trkpt>
<trkpt lat="35.57378" lon="139.27842">
<ele>141.9</ele>
</trkpt>
<trkpt lat="35.57376" lon="139.2784">
<ele>141.8</ele>
</trkpt>
<trkpt lat="35.57374" lon="139.27838">
<ele>141.7</ele>
</trkpt>
<trkpt lat="35.5737" lon="139.27832">
<ele>141.8</ele>
</trkpt>
<trkpt lat="35.57367" lon="139.27827">
<ele>142.1</ele>
</trkpt>
<trkpt lat="35.57365" lon="139.27824">
<ele>142.3</ele>
</trkpt>
<trkpt lat="35.57361" lon="139.27817">
<ele>142.7</ele>
</trkpt>
<trkpt lat="35.57359" lon="139.27814">
<ele>142.9</ele>
</trkpt>
<trkpt lat="35.57353" lon="139.27807">
<ele>143.0</ele>
</trkpt>
<trkpt lat="35.57346" lon="139.278">
<ele>142.9</ele>
</trkpt>
<trkpt lat="35.57332" lon="139.27784">
<ele>143.2</ele>
</trkpt>
<trkpt lat="35.5732799" lon="139.2778">
<ele>143.7</ele>
</trkpt>
<trkpt lat="35.57323" lon="139.27775">
<ele>144.3</ele>
</trkpt>
<trkpt lat="35.57321" lon="139.27773">
<ele>144.5</ele>
</trkpt>
<trkpt lat="35.57318" lon="139.27771">
<ele>144.6</ele>
</trkpt>
<trkpt lat="35.57316" lon="139.27769">
<ele>144.8</ele>
</trkpt>
<trkpt lat="35.57309" lon="139.27765">
<ele>144.9</ele>
</trkpt>
<trkpt lat="35.57285" lon="139.27752">
<ele>144.7</ele>
</trkpt>
<trkpt lat="35.57278" lon="139.27748">
<ele>144.6</ele>
</trkpt>
<trkpt lat="35.57276" lon="139.27747">
<ele>144.6</ele>
</trkpt>
<trkpt lat="35.5726299" lon="139.27739">
<ele>144.5</ele>
</trkpt>
<trkpt lat="35.57251" lon="139.27731">
<ele>144.4</ele>
</trkpt>
<trkpt lat="35.57248" lon="139.27728">
<ele>144.4</ele>
</trkpt>
<trkpt lat="35.57239" lon="139.2772">
<ele>144.5</ele>
</trkpt>
<trkpt lat="35.5723399" lon="139.27715">
<ele>144.6</ele>
</trkpt>
<trkpt lat="35.57228" lon="139.27708">
<ele>144.9</ele>
</trkpt>
<trkpt lat="35.57222" lon="139.27701">
<ele>145.2</ele>
</trkpt>
<trkpt lat="35.57219" lon="139.27698">
<ele>145.4</ele>
</trkpt>
<trkpt lat="35.57218" lon="139.27697">
<ele>145.4</ele>
</trkpt>
<trkpt lat="35.5721" lon="139.27685">
<ele>146.2</ele>
</trkpt>
<trkpt lat="35.5720699" lon="139.2768">
<ele>146.6</ele>
</trkpt>
<trkpt lat="35.57205" lon="139.27677">
<ele>146.8</ele>
</trkpt>
<trkpt lat="35.57181" lon="139.2763699">
<ele>150.5</ele>
</trkpt>
<trkpt lat="35.5717799" lon="139.27632">
<ele>150.9</ele>
</trkpt>
<trkpt lat="35.57177" lon="139.2763">
<ele>151.1</ele>
</trkpt>
<trkpt lat="35.57172" lon="139.27624">
<ele>151.3</ele>
</trkpt>
<trkpt lat="35.57159" lon="139.27605">
<ele>152.3</ele>
</trkpt>
<trkpt lat="35.57155" lon="139.27599">
<ele>152.6</ele>
</trkpt>
<trkpt lat="35.57148" lon="139.27588">
<ele>153.4</ele>
</trkpt>
<trkpt lat="35.57146" lon="139.27585">
<ele>153.5</ele>
</trkpt>
<trkpt lat="35.57135" lon="139.27564">
<ele>158.1</ele>
</trkpt>
<trkpt lat="35.5713" lon="139.27554">
<ele>160.3</ele>
</trkpt>
<trkpt lat="35.57128" lon="139.2755">
<ele>161.1</ele>
</trkpt>
<trkpt lat="35.57124" lon="139.27542">
<ele>162.8</ele>
</trkpt>
<trkpt lat="35.57116" lon="139.27525">
<ele>166.2</ele>
</trkpt>
<trkpt lat="35.5711" lon="139.27514">
<ele>168.1</ele>
</trkpt>
<trkpt lat="35.57107" lon="139.27507">
<ele>169.4</ele>
</trkpt>
<trkpt lat="35.57104" lon="139.27502">
<ele>170.2</ele>
</trkpt>
<trkpt lat="35.571" lon="139.27498">
<ele>170.6</ele>
</trkpt>
<trkpt lat="35.57097" lon="139.27495">
<ele>170.9</ele>
</trkpt>
<trkpt lat="35.57095" lon="139.27492">
<ele>171.4</ele>
</trkpt>
<trkpt lat="35.57082" lon="139.27483">
<ele>172.2</ele>
</trkpt>
<trkpt lat="35.57054" lon="139.27464">
<ele>176.3</ele>
</trkpt>
<trkpt lat="35.57048" lon="139.27461">
<ele>177.0</ele>
</trkpt>
<trkpt lat="35.57042" lon="139.27457">
<ele>178.0</ele>
</trkpt>
<trkpt lat="35.57035" lon="139.27454">
<ele>178.6</ele>
</trkpt>
<trkpt lat="35.57027" lon="139.27452">
<ele>178.9</ele>
</trkpt>
<trkpt lat="35.57022" lon="139.2745">
<ele>179.4</ele>
</trkpt>
<trkpt lat="35.57016" lon="139.2744899">
<ele>179.4</ele>
</trkpt>
<trkpt lat="35.57012" lon="139.27448">
<ele>179.6</ele>
</trkpt>
<trkpt lat="35.57003" lon="139.2744899">
<ele>178.7</ele>
</trkpt>
<trkpt lat="35.56997" lon="139.27448">
<ele>178.8</ele>
</trkpt>
<trkpt lat="35.56989" lon="139.27447">
<ele>178.8</ele>
</trkpt>
<trkpt lat="35.56986" lon="139.27447">
<ele>178.6</ele>
</trkpt>
<trkpt lat="35.56985" lon="139.27446">
<ele>178.9</ele>
</trkpt>
<trkpt lat="35.56971" lon="139.27442">
<ele>179.8</ele>
</trkpt>
<trkpt lat="35.56966" lon="139.2744">
<ele>180.4</ele>
</trkpt>
<trkpt lat="35.56962" lon="139.27438">
<ele>181.0</ele>
</trkpt>
<trkpt lat="35.56958" lon="139.27435">
<ele>182.0</ele>
</trkpt>
<trkpt lat="35.56953" lon="139.27431">
<ele>183.4</ele>
</trkpt>
<trkpt lat="35.5695" lon="139.27429">
<ele>184.1</ele>
</trkpt>
<trkpt lat="35.56942" lon="139.27422">
<ele>186.7</ele>
</trkpt>
<trkpt lat="35.56939" lon="139.27419">
<ele>187.8</ele>
</trkpt>
<trkpt lat="35.56932" lon="139.27414">
<ele>188.8</ele>
</trkpt>
<trkpt lat="35.56928" lon="139.27412">
<ele>188.9</ele>
</trkpt>
<trkpt lat="35.5692499" lon="139.27412">
<ele>188.8</ele>
</trkpt>
<trkpt lat="35.56921" lon="139.27411">
<ele>188.8</ele>
</trkpt>
<trkpt lat="35.56918" lon="139.27411">
<ele>188.7</ele>
</trkpt>
<trkpt lat="35.56912" lon="139.27413">
<ele>188.0</ele>
</trkpt>
<trkpt lat="35.56907" lon="139.27415">
<ele>187.4</ele>
</trkpt>
<trkpt lat="35.56904" lon="139.27417">
<ele>186.8</ele>
</trkpt>
<trkpt lat="35.569" lon="139.27419">
<ele>185.7</ele>
</trkpt>
<trkpt lat="35.56892" lon="139.27427">
<ele>182.0</ele>
</trkpt>
<trkpt lat="35.56874" lon="139.27442">
<ele>175.8</ele>
</trkpt>
<trkpt lat="35.56867" lon="139.2745">
<ele>173.0</ele>
</trkpt>
<trkpt lat="35.56857" lon="139.27457">
<ele>170.8</ele>
</trkpt>
<trkpt lat="35.56851" lon="139.27462">
<ele>169.3</ele>
</trkpt>
<trkpt lat="35.56847" lon="139.27464">
<ele>168.8</ele>
</trkpt>
<trkpt lat="35.56844" lon="139.27465">
<ele>168.6</ele>
</trkpt>
<trkpt lat="35.56839" lon="139.27465">
<ele>168.7</ele>
</trkpt>
<trkpt lat="35.56836" lon="139.27465">
<ele>168.8</ele>
</trkpt>
<trkpt lat="35.56834" lon="139.27464">
<ele>169.1</ele>
</trkpt>
<trkpt lat="35.56832" lon="139.27463">
<ele>169.2</ele>
</trkpt>
<trkpt lat="35.5683" lon="139.27462">
<ele>169.2</ele>
</trkpt>
<trkpt lat="35.56826" lon="139.2746">
<ele>169.2</ele>
</trkpt>
<trkpt lat="35.56823" lon="139.27457">
<ele>169.6</ele>
</trkpt>
<trkpt lat="35.56816" lon="139.27448">
<ele>170.7</ele>
</trkpt>
<trkpt lat="35.56792" lon="139.27418">
<ele>172.3</ele>
</trkpt>
<trkpt lat="35.56786" lon="139.27413">
<ele>171.5</ele>
</trkpt>
<trkpt lat="35.56781" lon="139.27408">
<ele>170.8</ele>
</trkpt>
<trkpt lat="35.56776" lon="139.27404">
<ele>170.0</ele>
</trkpt>
<trkpt lat="35.56773" lon="139.27402">
<ele>169.5</ele>
</trkpt>
<trkpt lat="35.56753" lon="139.27389">
<ele>166.2</ele>
</trkpt>
<trkpt lat="35.5674" lon="139.2738">
<ele>164.9</ele>
</trkpt>
<trkpt lat="35.56735" lon="139.27376">
<ele>164.5</ele>
</trkpt>
<trkpt lat="35.56729" lon="139.27373">
<ele>163.8</ele>
</trkpt>
<trkpt lat="35.56727" lon="139.27371">
<ele>163.7</ele>
</trkpt>
<trkpt lat="35.56724" lon="139.27368">
<ele>163.4</ele>
</trkpt>
<trkpt lat="35.56722" lon="139.27366">
<ele>163.2</ele>
</trkpt>
<trkpt lat="35.56721" lon="139.27365">
<ele>163.1</ele>
</trkpt>
<trkpt lat="35.5671899" lon="139.27361">
<ele>163.0</ele>
</trkpt>
<trkpt lat="35.5671899" lon="139.2735999">
<ele>163.0</ele>
</trkpt>
<trkpt lat="35.56717" lon="139.27355">
<ele>163.0</ele>
</trkpt>
<trkpt lat="35.56714" lon="139.27348">
<ele>162.8</ele>
</trkpt>
<trkpt lat="35.56714" lon="139.27339">
<ele>163.2</ele>
</trkpt>
<trkpt lat="35.56714" lon="139.27334">
<ele>163.4</ele>
</trkpt>
<trkpt lat="35.56714" lon="139.2733">
<ele>163.3</ele>
</trkpt>
<trkpt lat="35.56715" lon="139.2732399">
<ele>163.4</ele>
</trkpt>
<trkpt lat="35.56716" lon="139.27318">
<ele>163.5</ele>
</trkpt>
<trkpt lat="35.56717" lon="139.27317">
<ele>163.6</ele>
</trkpt>
<trkpt lat="35.56722" lon="139.27295">
<ele>164.2</ele>
</trkpt>
<trkpt lat="35.56727" lon="139.27275">
<ele>164.8</ele>
</trkpt>
<trkpt lat="35.56739" lon="139.27228">
<ele>167.0</ele>
</trkpt>
<trkpt lat="35.56743" lon="139.27212">
<ele>167.8</ele>
</trkpt>
<trkpt lat="35.56744" lon="139.27211">
<ele>168.0</ele>
</trkpt>
<trkpt lat="35.5674599" lon="139.27203">
<ele>168.3</ele>
</trkpt>
<trkpt lat="35.56747" lon="139.27198">
<ele>168.5</ele>
</trkpt>
<trkpt lat="35.56748" lon="139.2718999">
<ele>168.7</ele>
</trkpt>
<trkpt lat="35.56749" lon="139.27182">
<ele>168.8</ele>
</trkpt>
<trkpt lat="35.56749" lon="139.27174">
<ele>168.9</ele>
</trkpt>
<trkpt lat="35.56749" lon="139.27166">
<ele>168.9</ele>
</trkpt>
<trkpt lat="35.56749" lon="139.27137">
<ele>169.9</ele>
</trkpt>
<trkpt lat="35.56749" lon="139.27134">
<ele>170.0</ele>
</trkpt>
<trkpt lat="35.56749" lon="139.2712699">
<ele>170.3</ele>
</trkpt>
<trkpt lat="35.56749" lon="139.2711799">
<ele>170.6</ele>
</trkpt>
<trkpt lat="35.56749" lon="139.27114">
<ele>170.8</ele>
</trkpt>
<trkpt lat="35.56749" lon="139.27113">
<ele>170.8</ele>
</trkpt>
<trkpt lat="35.56749" lon="139.2711">
<ele>170.9</ele>
</trkpt>
<trkpt lat="35.56748" lon="139.27105">
<ele>170.9</ele>
</trkpt>
<trkpt lat="35.56745" lon="139.2709">
<ele>171.1</ele>
</trkpt>
<trkpt lat="35.56743" lon="139.27083">
<ele>171.1</ele>
</trkpt>
<trkpt lat="35.5674" lon="139.27074">
<ele>172.2</ele>
</trkpt>
<trkpt lat="35.5673699" lon="139.27068">
<ele>172.8</ele>
</trkpt>
<trkpt lat="35.5673" lon="139.27056">
<ele>173.6</ele>
</trkpt>
<trkpt lat="35.5672799" lon="139.27052">
<ele>173.9</ele>
</trkpt>
<trkpt lat="35.5672" lon="139.27041">
<ele>174.2</ele>
</trkpt>
<trkpt lat="35.56716" lon="139.27035">
<ele>174.3</ele>
</trkpt>
<trkpt lat="35.56706" lon="139.2702">
<ele>174.4</ele>
</trkpt>
<trkpt lat="35.567" lon="139.27011">
<ele>174.3</ele>
</trkpt>
<trkpt lat="35.56677" lon="139.26979">
<ele>171.1</ele>
</trkpt>
<trkpt lat="35.56673" lon="139.26972">
<ele>170.5</ele>
</trkpt>
<trkpt lat="35.5667" lon="139.26967">
<ele>170.0</ele>
</trkpt>
<trkpt lat="35.56667" lon="139.26962">
<ele>169.4</ele>
</trkpt>
<trkpt lat="35.56664" lon="139.26955">
<ele>169.2</ele>
</trkpt>
<trkpt lat="35.56662" lon="139.26952">
<ele>169.0</ele>
</trkpt>
<trkpt lat="35.5666" lon="139.26945">
<ele>169.0</ele>
</trkpt>
<trkpt lat="35.56658" lon="139.2693899">
<ele>168.9</ele>
</trkpt>
<trkpt lat="35.56656" lon="139.2692999">
<ele>168.9</ele>
</trkpt>
<trkpt lat="35.56655" lon="139.26923">
<ele>169.0</ele>
</trkpt>
<trkpt lat="35.56655" lon="139.2692">
<ele>169.1</ele>
</trkpt>
<trkpt lat="35.56654" lon="139.26918">
<ele>169.0</ele>
</trkpt>
<trkpt lat="35.56654" lon="139.26915">
<ele>169.0</ele>
</trkpt>
<trkpt lat="35.56654" lon="139.26909">
<ele>169.0</ele>
</trkpt>
<trkpt lat="35.56654" lon="139.26904">
<ele>168.9</ele>
</trkpt>
<trkpt lat="35.56654" lon="139.269">
<ele>168.9</ele>
</trkpt>
<trkpt lat="35.56654" lon="139.26899">
<ele>168.9</ele>
</trkpt>
<trkpt lat="35.56655" lon="139.26895">
<ele>169.0</ele>
</trkpt>
<trkpt lat="35.56656" lon="139.26888">
<ele>169.1</ele>
</trkpt>
<trkpt lat="35.56659" lon="139.26872">
<ele>169.4</ele>
</trkpt>
<trkpt lat="35.56661" lon="139.2686">
<ele>169.5</ele>
</trkpt>
<trkpt lat="35.56662" lon="139.26856">
<ele>169.6</ele>
</trkpt>
<trkpt lat="35.56664" lon="139.26849">
<ele>169.8</ele>
</trkpt>
<trkpt lat="35.56666" lon="139.26843">
<ele>170.0</ele>
</trkpt>
<trkpt lat="35.56668" lon="139.26839">
<ele>170.3</ele>
</trkpt>
<trkpt lat="35.56673" lon="139.26827">
<ele>171.1</ele>
</trkpt>
<trkpt lat="35.56675" lon="139.26823">
<ele>171.4</ele>
</trkpt>
<trkpt lat="35.56677" lon="139.26816">
<ele>171.7</ele>
</trkpt>
<trkpt lat="35.56678" lon="139.26811">
<ele>171.7</ele>
</trkpt>
<trkpt lat="35.56678" lon="139.26806">
<ele>171.6</ele>
</trkpt>
<trkpt lat="35.56678" lon="139.26798">
<ele>171.4</ele>
</trkpt>
<trkpt lat="35.56678" lon="139.2679">
<ele>171.2</ele>
</trkpt>
<trkpt lat="35.56678" lon="139.26781">
<ele>171.0</ele>
</trkpt>
<trkpt lat="35.56677" lon="139.26767">
<ele>170.4</ele>
</trkpt>
<trkpt lat="35.56677" lon="139.26761">
<ele>170.3</ele>
</trkpt>
<trkpt lat="35.56676" lon="139.2674199">
<ele>169.6</ele>
</trkpt>
<trkpt lat="35.56676" lon="139.26732">
<ele>169.4</ele>
</trkpt>
<trkpt lat="35.56675" lon="139.2672399">
<ele>169.1</ele>
</trkpt>
<trkpt lat="35.56673" lon="139.26714">
<ele>168.5</ele>
</trkpt>
<trkpt lat="35.56669" lon="139.267">
<ele>167.3</ele>
</trkpt>
<trkpt lat="35.56667" lon="139.2669699">
<ele>166.8</ele>
</trkpt>
<trkpt lat="35.56665" lon="139.26692">
<ele>166.5</ele>
</trkpt>
<trkpt lat="35.56658" lon="139.26676">
<ele>165.6</ele>
</trkpt>
<trkpt lat="35.56651" lon="139.26663">
<ele>164.9</ele>
</trkpt>
<trkpt lat="35.56646" lon="139.26654">
<ele>164.6</ele>
</trkpt>
<trkpt lat="35.56645" lon="139.2665">
<ele>164.6</ele>
</trkpt>
<trkpt lat="35.5664299" lon="139.26645">
<ele>164.5</ele>
</trkpt>
<trkpt lat="35.5664" lon="139.26638">
<ele>164.4</ele>
</trkpt>
<trkpt lat="35.56639" lon="139.26631">
<ele>164.4</ele>
</trkpt>
<trkpt lat="35.56637" lon="139.26623">
<ele>164.5</ele>
</trkpt>
<trkpt lat="35.56637" lon="139.26618">
<ele>164.5</ele>
</trkpt>
<trkpt lat="35.56637" lon="139.2661">
<ele>164.6</ele>
</trkpt>
<trkpt lat="35.56637" lon="139.26605">
<ele>164.7</ele>
</trkpt>
<trkpt lat="35.56638" lon="139.26595">
<ele>164.9</ele>
</trkpt>
<trkpt lat="35.5664" lon="139.26573">
<ele>165.4</ele>
</trkpt>
<trkpt lat="35.56641" lon="139.26565">
<ele>165.6</ele>
</trkpt>
<trkpt lat="35.56642" lon="139.26553">
<ele>166.0</ele>
</trkpt>
<trkpt lat="35.56642" lon="139.26552">
<ele>166.0</ele>
</trkpt>
<trkpt lat="35.56642" lon="139.26543">
<ele>166.3</ele>
</trkpt>
<trkpt lat="35.56642" lon="139.26539">
<ele>166.5</ele>
</trkpt>
<trkpt lat="35.56642" lon="139.2652699">
<ele>166.9</ele>
</trkpt>
<trkpt lat="35.56641" lon="139.26521">
<ele>167.1</ele>
</trkpt>
<trkpt lat="35.56641" lon="139.26519">
<ele>167.2</ele>
</trkpt>
<trkpt lat="35.5664" lon="139.26513">
<ele>167.5</ele>
</trkpt>
<trkpt lat="35.56639" lon="139.26505">
<ele>167.8</ele>
</trkpt>
<trkpt lat="35.56637" lon="139.26495">
<ele>168.4</ele>
</trkpt>
<trkpt lat="35.56636" lon="139.2649">
<ele>168.8</ele>
</trkpt>
<trkpt lat="35.56635" lon="139.26488">
<ele>169.0</ele>
</trkpt>
<trkpt lat="35.56632" lon="139.26478">
<ele>169.8</ele>
</trkpt>
<trkpt lat="35.56629" lon="139.2647">
<ele>170.5</ele>
</trkpt>
<trkpt lat="35.56628" lon="139.26469">
<ele>170.6</ele>
</trkpt>
<trkpt lat="35.56627" lon="139.26463">
<ele>171.1</ele>
</trkpt>
<trkpt lat="35.56624" lon="139.26459">
<ele>171.5</ele>
</trkpt>
<trkpt lat="35.5662" lon="139.26451">
<ele>172.4</ele>
</trkpt>
<trkpt lat="35.56616" lon="139.26444">
<ele>173.2</ele>
</trkpt>
<trkpt lat="35.56613" lon="139.2644">
<ele>173.7</ele>
</trkpt>
<trkpt lat="35.56609" lon="139.26434">
<ele>174.4</ele>
</trkpt>
<trkpt lat="35.56599" lon="139.26421">
<ele>176.2</ele>
</trkpt>
<trkpt lat="35.5659599" lon="139.26416">
<ele>176.8</ele>
</trkpt>
<trkpt lat="35.56583" lon="139.26399">
<ele>177.8</ele>
</trkpt>
<trkpt lat="35.56581" lon="139.26396">
<ele>178.1</ele>
</trkpt>
<trkpt lat="35.5657" lon="139.26382">
<ele>179.3</ele>
</trkpt>
<trkpt lat="35.56564" lon="139.26374">
<ele>179.9</ele>
</trkpt>
<trkpt lat="35.56559" lon="139.26367">
<ele>180.4</ele>
</trkpt>
<trkpt lat="35.56558" lon="139.26365">
<ele>180.5</ele>
</trkpt>
<trkpt lat="35.56556" lon="139.26363">
<ele>180.8</ele>
</trkpt>
<trkpt lat="35.56554" lon="139.26359">
<ele>180.9</ele>
</trkpt>
<trkpt lat="35.56553" lon="139.26355">
<ele>181.0</ele>
</trkpt>
<trkpt lat="35.56551" lon="139.26349">
<ele>181.1</ele>
</trkpt>
<trkpt lat="35.5655" lon="139.26347">
<ele>181.2</ele>
</trkpt>
<trkpt lat="35.5655" lon="139.26342">
<ele>181.1</ele>
</trkpt>
<trkpt lat="35.5654899" lon="139.2633899">
<ele>181.2</ele>
</trkpt>
<trkpt lat="35.5654899" lon="139.26335">
<ele>181.1</ele>
</trkpt>
<trkpt lat="35.5654899" lon="139.2632999">
<ele>181.1</ele>
</trkpt>
<trkpt lat="35.5654899" lon="139.26327">
<ele>181.1</ele>
</trkpt>
<trkpt lat="35.5655" lon="139.26324">
<ele>181.0</ele>
</trkpt>
<trkpt lat="35.5655" lon="139.26319">
<ele>181.0</ele>
</trkpt>
<trkpt lat="35.56551" lon="139.26315">
<ele>180.9</ele>
</trkpt>
<trkpt lat="35.5655" lon="139.26309">
<ele>181.0</ele>
</trkpt>
<trkpt lat="35.5655" lon="139.26305">
<ele>181.0</ele>
</trkpt>
<trkpt lat="35.5654899" lon="139.26302">
<ele>181.1</ele>
</trkpt>
<trkpt lat="35.5654899" lon="139.263">
<ele>181.1</ele>
</trkpt>
<trkpt lat="35.56548" lon="139.26297">
<ele>181.2</ele>
</trkpt>
<trkpt lat="35.56545" lon="139.26291">
<ele>181.6</ele>
</trkpt>
<trkpt lat="35.56544" lon="139.2629">
<ele>181.7</ele>
</trkpt>
<trkpt lat="35.56543" lon="139.26287">
<ele>181.8</ele>
</trkpt>
<trkpt lat="35.5653999" lon="139.2628499">
<ele>182.2</ele>
</trkpt>
<trkpt lat="35.56539" lon="139.26283">
<ele>182.3</ele>
</trkpt>
<trkpt lat="35.56534" lon="139.2628">
<ele>182.9</ele>
</trkpt>
<trkpt lat="35.56524" lon="139.26274">
<ele>184.1</ele>
</trkpt>
<trkpt lat="35.56524" lon="139.26274">
<ele>184.1</ele>
</trkpt>
<trkpt lat="35.56532" lon="139.26242">
<ele>183.5</ele>
</trkpt>
<trkpt lat="35.56533" lon="139.26239">
<ele>183.5</ele>
</trkpt>
<trkpt lat="35.5653999" lon="139.26211">
<ele>184.0</ele>
</trkpt>
<trkpt lat="35.56543" lon="139.26199">
<ele>184.4</ele>
</trkpt>
<trkpt lat="35.56544" lon="139.26195">
<ele>184.5</ele>
</trkpt>
<trkpt lat="35.56547" lon="139.26184">
<ele>184.9</ele>
</trkpt>
<trkpt lat="35.5654899" lon="139.26177">
<ele>185.2</ele>
</trkpt>
<trkpt lat="35.5654899" lon="139.26176">
<ele>185.3</ele>
</trkpt>
<trkpt lat="35.56551" lon="139.2616899">
<ele>185.6</ele>
</trkpt>
<trkpt lat="35.56553" lon="139.26158">
<ele>185.8</ele>
</trkpt>
<trkpt lat="35.56554" lon="139.26154">
<ele>185.9</ele>
</trkpt>
<trkpt lat="35.56554" lon="139.26148">
<ele>186.0</ele>
</trkpt>
<trkpt lat="35.56555" lon="139.26141">
<ele>186.1</ele>
</trkpt>
<trkpt lat="35.56556" lon="139.26131">
<ele>186.3</ele>
</trkpt>
<trkpt lat="35.56556" lon="139.26123">
<ele>186.4</ele>
</trkpt>
<trkpt lat="35.56555" lon="139.26112">
<ele>186.5</ele>
</trkpt>
<trkpt lat="35.56554" lon="139.2610599">
<ele>186.5</ele>
</trkpt>
<trkpt lat="35.56547" lon="139.26071">
<ele>186.2</ele>
</trkpt>
<trkpt lat="35.56544" lon="139.26052">
<ele>186.1</ele>
</trkpt>
<trkpt lat="35.56541" lon="139.2604">
<ele>185.9</ele>
</trkpt>
<trkpt lat="35.5653999" lon="139.26032">
<ele>185.9</ele>
</trkpt>
<trkpt lat="35.56538" lon="139.26026">
<ele>185.7</ele>
</trkpt>
<trkpt lat="35.56538" lon="139.26024">
<ele>185.8</ele>
</trkpt>
<trkpt lat="35.56537" lon="139.26019">
<ele>185.7</ele>
</trkpt>
<trkpt lat="35.56536" lon="139.2601">
<ele>185.6</ele>
</trkpt>
<trkpt lat="35.56535" lon="139.25998">
<ele>185.6</ele>
</trkpt>
<trkpt lat="35.56535" lon="139.25988">
<ele>185.7</ele>
</trkpt>
<trkpt lat="35.56536" lon="139.2597">
<ele>186.0</ele>
</trkpt>
<trkpt lat="35.56537" lon="139.25961">
<ele>186.1</ele>
</trkpt>
<trkpt lat="35.56539" lon="139.25951">
<ele>186.5</ele>
</trkpt>
<trkpt lat="35.5653999" lon="139.25943">
<ele>186.6</ele>
</trkpt>
<trkpt lat="35.56543" lon="139.2593">
<ele>187.1</ele>
</trkpt>
<trkpt lat="35.56547" lon="139.2591799">
<ele>187.6</ele>
</trkpt>
<trkpt lat="35.56562" lon="139.25874">
<ele>192.8</ele>
</trkpt>
<trkpt lat="35.56575" lon="139.25836">
<ele>197.6</ele>
</trkpt>
<trkpt lat="35.56577" lon="139.25829">
<ele>198.1</ele>
</trkpt>
<trkpt lat="35.56584" lon="139.25804">
<ele>199.5</ele>
</trkpt>
<trkpt lat="35.56585" lon="139.25801">
<ele>199.6</ele>
</trkpt>
<trkpt lat="35.56586" lon="139.25796">
<ele>199.9</ele>
</trkpt>
<trkpt lat="35.56589" lon="139.25786">
<ele>200.5</ele>
</trkpt>
<trkpt lat="35.56591" lon="139.25768">
<ele>201.2</ele>
</trkpt>
<trkpt lat="35.56595" lon="139.25741">
<ele>202.0</ele>
</trkpt>
<trkpt lat="35.5659599" lon="139.25733">
<ele>202.1</ele>
</trkpt>
<trkpt lat="35.56597" lon="139.25715">
<ele>201.9</ele>
</trkpt>
<trkpt lat="35.56599" lon="139.25689">
<ele>201.7</ele>
</trkpt>
<trkpt lat="35.566" lon="139.25687">
<ele>201.8</ele>
</trkpt>
<trkpt lat="35.56603" lon="139.2564">
<ele>202.4</ele>
</trkpt>
<trkpt lat="35.56606" lon="139.256">
<ele>203.6</ele>
</trkpt>
<trkpt lat="35.56608" lon="139.25584">
<ele>204.3</ele>
</trkpt>
<trkpt lat="35.5661" lon="139.25556">
<ele>204.4</ele>
</trkpt>
<trkpt lat="35.56611" lon="139.25538">
<ele>204.4</ele>
</trkpt>
<trkpt lat="35.56616" lon="139.25495">
<ele>205.0</ele>
</trkpt>
<trkpt lat="35.56617" lon="139.25485">
<ele>205.3</ele>
</trkpt>
<trkpt lat="35.56619" lon="139.25474">
<ele>205.8</ele>
</trkpt>
<trkpt lat="35.56621" lon="139.25452">
<ele>206.5</ele>
</trkpt>
<trkpt lat="35.56623" lon="139.25429">
<ele>207.1</ele>
</trkpt>
<trkpt lat="35.56626" lon="139.25393">
<ele>207.8</ele>
</trkpt>
<trkpt lat="35.56627" lon="139.25388">
<ele>208.0</ele>
</trkpt>
<trkpt lat="35.56629" lon="139.25356">
<ele>208.5</ele>
</trkpt>
<trkpt lat="35.5663" lon="139.25338">
<ele>208.8</ele>
</trkpt>
<trkpt lat="35.56631" lon="139.25323">
<ele>209.3</ele>
</trkpt>
<trkpt lat="35.56631" lon="139.25314">
<ele>209.6</ele>
</trkpt>
<trkpt lat="35.56631" lon="139.25303">
<ele>210.0</ele>
</trkpt>
<trkpt lat="35.56632" lon="139.25277">
<ele>211.0</ele>
</trkpt>
<trkpt lat="35.56632" lon="139.25264">
<ele>211.4</ele>
</trkpt>
<trkpt lat="35.56632" lon="139.25262">
<ele>211.5</ele>
</trkpt>
<trkpt lat="35.56632" lon="139.25259">
<ele>211.6</ele>
</trkpt>
<trkpt lat="35.56632" lon="139.2523">
<ele>213.2</ele>
</trkpt>
<trkpt lat="35.56632" lon="139.25216">
<ele>214.1</ele>
</trkpt>
<trkpt lat="35.56632" lon="139.2517">
<ele>217.3</ele>
</trkpt>
<trkpt lat="35.56632" lon="139.25168">
<ele>217.4</ele>
</trkpt>
<trkpt lat="35.56632" lon="139.25124">
<ele>218.7</ele>
</trkpt>
<trkpt lat="35.56632" lon="139.25073">
<ele>220.2</ele>
</trkpt>
<trkpt lat="35.5663399" lon="139.2499599">
<ele>222.4</ele>
</trkpt>
<trkpt lat="35.5663399" lon="139.2498699">
<ele>222.6</ele>
</trkpt>
<trkpt lat="35.5663399" lon="139.24967">
<ele>223.2</ele>
</trkpt>
<trkpt lat="35.56635" lon="139.2494199">
<ele>224.0</ele>
</trkpt>
<trkpt lat="35.56635" lon="139.24902">
<ele>224.9</ele>
</trkpt>
<trkpt lat="35.56636" lon="139.24872">
<ele>225.4</ele>
</trkpt>
<trkpt lat="35.56635" lon="139.24838">
<ele>225.8</ele>
</trkpt>
<trkpt lat="35.5663399" lon="139.24814">
<ele>225.8</ele>
</trkpt>
<trkpt lat="35.56633" lon="139.24802">
<ele>225.8</ele>
</trkpt>
<trkpt lat="35.56633" lon="139.24792">
<ele>225.8</ele>
</trkpt>
<trkpt lat="35.56632" lon="139.24785">
<ele>225.8</ele>
</trkpt>
<trkpt lat="35.56631" lon="139.24776">
<ele>225.7</ele>
</trkpt>
<trkpt lat="35.5663" lon="139.2477199">
<ele>225.7</ele>
</trkpt>
<trkpt lat="35.56629" lon="139.24766">
<ele>225.6</ele>
</trkpt>
<trkpt lat="35.56626" lon="139.2474">
<ele>225.8</ele>
</trkpt>
<trkpt lat="35.56623" lon="139.2471799">
<ele>226.3</ele>
</trkpt>
<trkpt lat="35.56622" lon="139.24711">
<ele>226.5</ele>
</trkpt>
<trkpt lat="35.5662" lon="139.247">
<ele>226.6</ele>
</trkpt>
<trkpt lat="35.56618" lon="139.24681">
<ele>227.0</ele>
</trkpt>
<trkpt lat="35.56613" lon="139.24645">
<ele>227.2</ele>
</trkpt>
<trkpt lat="35.56611" lon="139.24631">
<ele>227.2</ele>
</trkpt>
<trkpt lat="35.56611" lon="139.24628">
<ele>227.3</ele>
</trkpt>
<trkpt lat="35.56611" lon="139.24603">
<ele>227.7</ele>
</trkpt>
<trkpt lat="35.56612" lon="139.24597">
<ele>227.9</ele>
</trkpt>
<trkpt lat="35.56612" lon="139.24594">
<ele>228.0</ele>
</trkpt>
<trkpt lat="35.56613" lon="139.24583">
<ele>228.3</ele>
</trkpt>
<trkpt lat="35.56614" lon="139.24576">
<ele>228.5</ele>
</trkpt>
<trkpt lat="35.5662" lon="139.24552">
<ele>229.5</ele>
</trkpt>
<trkpt lat="35.56624" lon="139.24532">
<ele>230.0</ele>
</trkpt>
<trkpt lat="35.56629" lon="139.24513">
<ele>230.6</ele>
</trkpt>
<trkpt lat="35.56632" lon="139.24503">
<ele>230.9</ele>
</trkpt>
<trkpt lat="35.56638" lon="139.24488">
<ele>231.9</ele>
</trkpt>
<trkpt lat="35.56645" lon="139.24472">
<ele>233.0</ele>
</trkpt>
<trkpt lat="35.56651" lon="139.24461">
<ele>233.9</ele>
</trkpt>
<trkpt lat="35.56658" lon="139.24448">
<ele>234.8</ele>
</trkpt>
<trkpt lat="35.56659" lon="139.24446">
<ele>234.9</ele>
</trkpt>
<trkpt lat="35.56662" lon="139.2444099">
<ele>235.3</ele>
</trkpt>
<trkpt lat="35.5668999" lon="139.24402">
<ele>238.5</ele>
</trkpt>
<trkpt lat="35.56723" lon="139.24357">
<ele>243.6</ele>
</trkpt>
<trkpt lat="35.56744" lon="139.24328">
<ele>247.3</ele>
</trkpt>
<trkpt lat="35.56764" lon="139.24301">
<ele>248.2</ele>
</trkpt>
<trkpt lat="35.56802" lon="139.2425">
<ele>249.6</ele>
</trkpt>
<trkpt lat="35.5681" lon="139.24239">
<ele>249.6</ele>
</trkpt>
<trkpt lat="35.56856" lon="139.24178">
<ele>251.8</ele>
</trkpt>
<trkpt lat="35.56897" lon="139.24122">
<ele>255.2</ele>
</trkpt>
<trkpt lat="35.5693" lon="139.24078">
<ele>257.8</ele>
</trkpt>
<trkpt lat="35.56955" lon="139.24045">
<ele>257.8</ele>
</trkpt>
<trkpt lat="35.56964" lon="139.24032">
<ele>258.1</ele>
</trkpt>
<trkpt lat="35.56971" lon="139.24022">
<ele>258.5</ele>
</trkpt>
<trkpt lat="35.56977" lon="139.24015">
<ele>259.0</ele>
</trkpt>
<trkpt lat="35.5698" lon="139.2401099">
<ele>259.2</ele>
</trkpt>
<trkpt lat="35.56985" lon="139.24005">
<ele>259.7</ele>
</trkpt>
<trkpt lat="35.5698999" lon="139.23998">
<ele>260.3</ele>
</trkpt>
<trkpt lat="35.56995" lon="139.2399299">
<ele>261.0</ele>
</trkpt>
<trkpt lat="35.57001" lon="139.23987">
<ele>261.7</ele>
</trkpt>
<trkpt lat="35.57004" lon="139.2398399">
<ele>262.0</ele>
</trkpt>
<trkpt lat="35.57007" lon="139.23981">
<ele>262.3</ele>
</trkpt>
<trkpt lat="35.57015" lon="139.2397499">
<ele>263.4</ele>
</trkpt>
<trkpt lat="35.57024" lon="139.23967">
<ele>264.6</ele>
</trkpt>
<trkpt lat="35.5703" lon="139.23961">
<ele>265.4</ele>
</trkpt>
<trkpt lat="35.57036" lon="139.23955">
<ele>266.3</ele>
</trkpt>
<trkpt lat="35.57042" lon="139.2394799">
<ele>267.2</ele>
</trkpt>
<trkpt lat="35.57047" lon="139.23943">
<ele>268.1</ele>
</trkpt>
<trkpt lat="35.57051" lon="139.23938">
<ele>268.8</ele>
</trkpt>
<trkpt lat="35.57055" lon="139.23932">
<ele>269.5</ele>
</trkpt>
<trkpt lat="35.5705699" lon="139.23929">
<ele>269.9</ele>
</trkpt>
<trkpt lat="35.57063" lon="139.23919">
<ele>271.1</ele>
</trkpt>
<trkpt lat="35.5706599" lon="139.23913">
<ele>271.5</ele>
</trkpt>
<trkpt lat="35.57071" lon="139.23904">
<ele>272.0</ele>
</trkpt>
<trkpt lat="35.57076" lon="139.23894">
<ele>272.5</ele>
</trkpt>
<trkpt lat="35.5708" lon="139.23886">
<ele>272.9</ele>
</trkpt>
<trkpt lat="35.57083" lon="139.23877">
<ele>273.0</ele>
</trkpt>
<trkpt lat="35.57087" lon="139.23867">
<ele>273.7</ele>
</trkpt>
<trkpt lat="35.5709" lon="139.23856">
<ele>274.0</ele>
</trkpt>
<trkpt lat="35.57092" lon="139.23846">
<ele>274.0</ele>
</trkpt>
<trkpt lat="35.57092" lon="139.23845">
<ele>274.0</ele>
</trkpt>
<trkpt lat="35.57094" lon="139.23837">
<ele>274.1</ele>
</trkpt>
<trkpt lat="35.57096" lon="139.23824">
<ele>274.3</ele>
</trkpt>
<trkpt lat="35.57098" lon="139.23813">
<ele>274.6</ele>
</trkpt>
<trkpt lat="35.57099" lon="139.23802">
<ele>274.6</ele>
</trkpt>
<trkpt lat="35.57099" lon="139.23801">
<ele>274.5</ele>
</trkpt>
<trkpt lat="35.57099" lon="139.2378699">
<ele>274.2</ele>
</trkpt>
<trkpt lat="35.571" lon="139.23772">
<ele>274.0</ele>
</trkpt>
<trkpt lat="35.57101" lon="139.23764">
<ele>273.9</ele>
</trkpt>
<trkpt lat="35.57102" lon="139.23758">
<ele>273.8</ele>
</trkpt>
<trkpt lat="35.57102" lon="139.23756">
<ele>273.8</ele>
</trkpt>
<trkpt lat="35.57103" lon="139.23749">
<ele>273.6</ele>
</trkpt>
<trkpt lat="35.57105" lon="139.23735">
<ele>273.5</ele>
</trkpt>
<trkpt lat="35.57107" lon="139.2373">
<ele>273.5</ele>
</trkpt>
<trkpt lat="35.57108" lon="139.23724">
<ele>273.5</ele>
</trkpt>
<trkpt lat="35.57111" lon="139.23716">
<ele>273.4</ele>
</trkpt>
<trkpt lat="35.57114" lon="139.23707">
<ele>273.2</ele>
</trkpt>
<trkpt lat="35.57117" lon="139.23697">
<ele>272.9</ele>
</trkpt>
<trkpt lat="35.57121" lon="139.23689">
<ele>272.6</ele>
</trkpt>
<trkpt lat="35.57125" lon="139.23681">
<ele>272.2</ele>
</trkpt>
<trkpt lat="35.57128" lon="139.23674">
<ele>271.8</ele>
</trkpt>
<trkpt lat="35.57133" lon="139.23665">
<ele>271.1</ele>
</trkpt>
<trkpt lat="35.57138" lon="139.23655">
<ele>270.4</ele>
</trkpt>
<trkpt lat="35.57144" lon="139.2364399">
<ele>269.6</ele>
</trkpt>
<trkpt lat="35.57145" lon="139.23641">
<ele>269.3</ele>
</trkpt>
<trkpt lat="35.57151" lon="139.23632">
<ele>268.5</ele>
</trkpt>
<trkpt lat="35.57153" lon="139.23627">
<ele>268.0</ele>
</trkpt>
<trkpt lat="35.57156" lon="139.23623">
<ele>267.6</ele>
</trkpt>
<trkpt lat="35.57159" lon="139.23619">
<ele>267.1</ele>
</trkpt>
<trkpt lat="35.57163" lon="139.23613">
<ele>266.4</ele>
</trkpt>
<trkpt lat="35.57167" lon="139.2360799">
<ele>265.8</ele>
</trkpt>
<trkpt lat="35.57171" lon="139.23604">
<ele>265.4</ele>
</trkpt>
<trkpt lat="35.57176" lon="139.236">
<ele>265.0</ele>
</trkpt>
<trkpt lat="35.57182" lon="139.23596">
<ele>264.4</ele>
</trkpt>
<trkpt lat="35.57189" lon="139.23591">
<ele>263.6</ele>
</trkpt>
<trkpt lat="35.57195" lon="139.23588">
<ele>262.9</ele>
</trkpt>
<trkpt lat="35.57208" lon="139.23584">
<ele>261.6</ele>
</trkpt>
<trkpt lat="35.57233" lon="139.23575">
<ele>260.6</ele>
</trkpt>
<trkpt lat="35.57279" lon="139.2356">
<ele>260.4</ele>
</trkpt>
<trkpt lat="35.57284" lon="139.23559">
<ele>260.4</ele>
</trkpt>
<trkpt lat="35.57294" lon="139.23555">
<ele>260.3</ele>
</trkpt>
<trkpt lat="35.57305" lon="139.23552">
<ele>260.1</ele>
</trkpt>
<trkpt lat="35.57307" lon="139.23551">
<ele>260.1</ele>
</trkpt>
<trkpt lat="35.5732" lon="139.23547">
<ele>259.7</ele>
</trkpt>
<trkpt lat="35.57329" lon="139.23544">
<ele>259.3</ele>
</trkpt>
<trkpt lat="35.57338" lon="139.23541">
<ele>258.8</ele>
</trkpt>
<trkpt lat="35.57344" lon="139.23539">
<ele>258.4</ele>
</trkpt>
<trkpt lat="35.57349" lon="139.23538">
<ele>258.1</ele>
</trkpt>
<trkpt lat="35.57356" lon="139.2353599">
<ele>257.7</ele>
</trkpt>
<trkpt lat="35.57367" lon="139.23532">
<ele>256.8</ele>
</trkpt>
<trkpt lat="35.5738" lon="139.23528">
<ele>255.8</ele>
</trkpt>
<trkpt lat="35.57389" lon="139.23525">
<ele>255.0</ele>
</trkpt>
<trkpt lat="35.57393" lon="139.23523">
<ele>254.5</ele>
</trkpt>
<trkpt lat="35.57402" lon="139.2352">
<ele>253.7</ele>
</trkpt>
<trkpt lat="35.5742" lon="139.23515">
<ele>252.2</ele>
</trkpt>
<trkpt lat="35.57442" lon="139.23508">
<ele>251.4</ele>
</trkpt>
<trkpt lat="35.57453" lon="139.23504">
<ele>250.7</ele>
</trkpt>
<trkpt lat="35.57463" lon="139.235">
<ele>250.0</ele>
</trkpt>
<trkpt lat="35.57479" lon="139.23495">
<ele>250.7</ele>
</trkpt>
<trkpt lat="35.5748" lon="139.23495">
<ele>250.7</ele>
</trkpt>
<trkpt lat="35.5749" lon="139.23491">
<ele>251.2</ele>
</trkpt>
<trkpt lat="35.57502" lon="139.23488">
<ele>251.4</ele>
</trkpt>
<trkpt lat="35.57522" lon="139.23481">
<ele>251.5</ele>
</trkpt>
<trkpt lat="35.57549" lon="139.23472">
<ele>250.8</ele>
</trkpt>
<trkpt lat="35.57561" lon="139.23469">
<ele>250.2</ele>
</trkpt>
<trkpt lat="35.57568" lon="139.23468">
<ele>249.8</ele>
</trkpt>
<trkpt lat="35.57577" lon="139.2346499">
<ele>249.2</ele>
</trkpt>
<trkpt lat="35.57587" lon="139.23463">
<ele>248.7</ele>
</trkpt>
<trkpt lat="35.5762" lon="139.23458">
<ele>248.5</ele>
</trkpt>
<trkpt lat="35.57631" lon="139.2345599">
<ele>248.3</ele>
</trkpt>
<trkpt lat="35.57639" lon="139.23454">
<ele>248.0</ele>
</trkpt>
<trkpt lat="35.57652" lon="139.23451">
<ele>247.5</ele>
</trkpt>
<trkpt lat="35.57661" lon="139.23448">
<ele>247.0</ele>
</trkpt>
<trkpt lat="35.57669" lon="139.23445">
<ele>246.4</ele>
</trkpt>
<trkpt lat="35.57679" lon="139.2344">
<ele>245.3</ele>
</trkpt>
<trkpt lat="35.57685" lon="139.23437">
<ele>244.5</ele>
</trkpt>
<trkpt lat="35.57691" lon="139.23434">
<ele>243.7</ele>
</trkpt>
<trkpt lat="35.57701" lon="139.23427">
<ele>241.8</ele>
</trkpt>
<trkpt lat="35.57709" lon="139.23422">
<ele>240.2</ele>
</trkpt>
<trkpt lat="35.5771" lon="139.23421">
<ele>239.9</ele>
</trkpt>
<trkpt lat="35.57723" lon="139.2341099">
<ele>238.8</ele>
</trkpt>
<trkpt lat="35.57737" lon="139.2340199">
<ele>238.9</ele>
</trkpt>
<trkpt lat="35.57756" lon="139.23388">
<ele>238.9</ele>
</trkpt>
<trkpt lat="35.57766" lon="139.23381">
<ele>238.6</ele>
</trkpt>
<trkpt lat="35.5777" lon="139.23378">
<ele>238.3</ele>
</trkpt>
<trkpt lat="35.57783" lon="139.23369">
<ele>237.0</ele>
</trkpt>
<trkpt lat="35.57799" lon="139.23358">
<ele>234.3</ele>
</trkpt>
<trkpt lat="35.57799" lon="139.2335699">
<ele>234.3</ele>
</trkpt>
<trkpt lat="35.57814" lon="139.23347">
<ele>230.9</ele>
</trkpt>
<trkpt lat="35.57823" lon="139.23341">
<ele>228.4</ele>
</trkpt>
<trkpt lat="35.5783" lon="139.23336">
<ele>226.2</ele>
</trkpt>
<trkpt lat="35.57838" lon="139.23329">
<ele>226.4</ele>
</trkpt>
<trkpt lat="35.57846" lon="139.23322">
<ele>228.3</ele>
</trkpt>
<trkpt lat="35.57851" lon="139.23317">
<ele>229.4</ele>
</trkpt>
<trkpt lat="35.57852" lon="139.23316">
<ele>229.5</ele>
</trkpt>
<trkpt lat="35.57857" lon="139.23311">
<ele>230.4</ele>
</trkpt>
<trkpt lat="35.5786299" lon="139.23304">
<ele>231.2</ele>
</trkpt>
<trkpt lat="35.57873" lon="139.23294">
<ele>231.7</ele>
</trkpt>
<trkpt lat="35.57884" lon="139.23284">
<ele>231.5</ele>
</trkpt>
<trkpt lat="35.57885" lon="139.23283">
<ele>231.4</ele>
</trkpt>
<trkpt lat="35.5789199" lon="139.2327699">
<ele>230.7</ele>
</trkpt>
<trkpt lat="35.57897" lon="139.23273">
<ele>230.1</ele>
</trkpt>
<trkpt lat="35.57902" lon="139.2327">
<ele>229.4</ele>
</trkpt>
<trkpt lat="35.57907" lon="139.23266">
<ele>228.4</ele>
</trkpt>
<trkpt lat="35.57908" lon="139.23266">
<ele>228.3</ele>
</trkpt>
<trkpt lat="35.5790999" lon="139.23265">
<ele>228.0</ele>
</trkpt>
<trkpt lat="35.57914" lon="139.23262">
<ele>227.1</ele>
</trkpt>
<trkpt lat="35.5792" lon="139.2325899">
<ele>226.3</ele>
</trkpt>
<trkpt lat="35.57925" lon="139.23256">
<ele>225.8</ele>
</trkpt>
<trkpt lat="35.57934" lon="139.23252">
<ele>225.1</ele>
</trkpt>
<trkpt lat="35.5794" lon="139.23249">
<ele>224.9</ele>
</trkpt>
<trkpt lat="35.57944" lon="139.23247">
<ele>225.2</ele>
</trkpt>
<trkpt lat="35.57946" lon="139.23246">
<ele>225.3</ele>
</trkpt>
<trkpt lat="35.57954" lon="139.23244">
<ele>225.4</ele>
</trkpt>
<trkpt lat="35.57955" lon="139.23244">
<ele>225.4</ele>
</trkpt>
<trkpt lat="35.57971" lon="139.23238">
<ele>225.4</ele>
</trkpt>
<trkpt lat="35.57984" lon="139.23233">
<ele>225.0</ele>
</trkpt>
<trkpt lat="35.5799499" lon="139.23228">
<ele>224.4</ele>
</trkpt>
<trkpt lat="35.58" lon="139.23226">
<ele>224.0</ele>
</trkpt>
<trkpt lat="35.58005" lon="139.23224">
<ele>224.4</ele>
</trkpt>
<trkpt lat="35.58015" lon="139.23217">
<ele>224.9</ele>
</trkpt>
<trkpt lat="35.58029" lon="139.23207">
<ele>224.9</ele>
</trkpt>
<trkpt lat="35.58057" lon="139.23185">
<ele>222.6</ele>
</trkpt>
<trkpt lat="35.58064" lon="139.23179">
<ele>221.4</ele>
</trkpt>
<trkpt lat="35.58069" lon="139.23176">
<ele>220.7</ele>
</trkpt>
<trkpt lat="35.58072" lon="139.23174">
<ele>220.2</ele>
</trkpt>
<trkpt lat="35.58083" lon="139.23167">
<ele>218.1</ele>
</trkpt>
<trkpt lat="35.58092" lon="139.23162">
<ele>218.3</ele>
</trkpt>
<trkpt lat="35.58101" lon="139.23157">
<ele>218.5</ele>
</trkpt>
<trkpt lat="35.58117" lon="139.23148">
<ele>218.4</ele>
</trkpt>
<trkpt lat="35.58117" lon="139.23148">
<ele>218.4</ele>
</trkpt>
<trkpt lat="35.58108" lon="139.23108">
<ele>218.2</ele>
</trkpt>
<trkpt lat="35.58103" lon="139.23086">
<ele>218.6</ele>
</trkpt>
<trkpt lat="35.58095" lon="139.2305">
<ele>218.2</ele>
</trkpt>
<trkpt lat="35.5809" lon="139.23032">
<ele>217.9</ele>
</trkpt>
<trkpt lat="35.58088" lon="139.23021">
<ele>217.6</ele>
</trkpt>
<trkpt lat="35.58087" lon="139.23019">
<ele>217.6</ele>
</trkpt>
<trkpt lat="35.58083" lon="139.2300799">
<ele>217.4</ele>
</trkpt>
<trkpt lat="35.58081" lon="139.23002">
<ele>217.4</ele>
</trkpt>
<trkpt lat="35.58078" lon="139.22997">
<ele>217.6</ele>
</trkpt>
<trkpt lat="35.58077" lon="139.22995">
<ele>217.7</ele>
</trkpt>
<trkpt lat="35.58075" lon="139.22991">
<ele>217.8</ele>
</trkpt>
<trkpt lat="35.58068" lon="139.22979">
<ele>218.2</ele>
</trkpt>
<trkpt lat="35.58059" lon="139.22969">
<ele>218.7</ele>
</trkpt>
<trkpt lat="35.5805" lon="139.2296">
<ele>219.1</ele>
</trkpt>
<trkpt lat="35.58041" lon="139.22953">
<ele>219.5</ele>
</trkpt>
<trkpt lat="35.58008" lon="139.22927">
<ele>219.7</ele>
</trkpt>
<trkpt lat="35.57978" lon="139.22904">
<ele>221.7</ele>
</trkpt>
<trkpt lat="35.5794799" lon="139.22881">
<ele>224.6</ele>
</trkpt>
<trkpt lat="35.5791899" lon="139.22859">
<ele>226.6</ele>
</trkpt>
<trkpt lat="35.57888" lon="139.22836">
<ele>224.9</ele>
</trkpt>
<trkpt lat="35.57875" lon="139.22826">
<ele>224.0</ele>
</trkpt>
<trkpt lat="35.57828" lon="139.22789">
<ele>219.0</ele>
</trkpt>
<trkpt lat="35.57821" lon="139.2278399">
<ele>218.7</ele>
</trkpt>
<trkpt lat="35.57808" lon="139.2277499">
<ele>218.1</ele>
</trkpt>
<trkpt lat="35.57799" lon="139.22768">
<ele>217.4</ele>
</trkpt>
<trkpt lat="35.5778899" lon="139.2276">
<ele>216.6</ele>
</trkpt>
<trkpt lat="35.57782" lon="139.22754">
<ele>215.9</ele>
</trkpt>
<trkpt lat="35.57776" lon="139.22747">
<ele>215.3</ele>
</trkpt>
<trkpt lat="35.57773" lon="139.22745">
<ele>215.3</ele>
</trkpt>
<trkpt lat="35.5776899" lon="139.22739">
<ele>215.2</ele>
</trkpt>
<trkpt lat="35.57763" lon="139.22727">
<ele>215.0</ele>
</trkpt>
<trkpt lat="35.57762" lon="139.22726">
<ele>215.0</ele>
</trkpt>
<trkpt lat="35.5775999" lon="139.22719">
<ele>214.9</ele>
</trkpt>
<trkpt lat="35.57759" lon="139.22714">
<ele>214.8</ele>
</trkpt>
<trkpt lat="35.57757" lon="139.22706">
<ele>214.6</ele>
</trkpt>
<trkpt lat="35.57757" lon="139.22699">
<ele>214.5</ele>
</trkpt>
<trkpt lat="35.57757" lon="139.22693">
<ele>214.3</ele>
</trkpt>
<trkpt lat="35.57757" lon="139.22688">
<ele>214.2</ele>
</trkpt>
<trkpt lat="35.57757" lon="139.22684">
<ele>214.0</ele>
</trkpt>
<trkpt lat="35.57758" lon="139.22682">
<ele>213.9</ele>
</trkpt>
<trkpt lat="35.5775999" lon="139.2267">
<ele>213.5</ele>
</trkpt>
<trkpt lat="35.57761" lon="139.22662">
<ele>213.2</ele>
</trkpt>
<trkpt lat="35.57762" lon="139.22657">
<ele>212.9</ele>
</trkpt>
<trkpt lat="35.57765" lon="139.22647">
<ele>212.4</ele>
</trkpt>
<trkpt lat="35.57766" lon="139.2264099">
<ele>212.1</ele>
</trkpt>
<trkpt lat="35.57768" lon="139.22622">
<ele>211.2</ele>
</trkpt>
<trkpt lat="35.57768" lon="139.22612">
<ele>210.8</ele>
</trkpt>
<trkpt lat="35.57766" lon="139.22601">
<ele>210.6</ele>
</trkpt>
<trkpt lat="35.57764" lon="139.22591">
<ele>210.4</ele>
</trkpt>
<trkpt lat="35.57761" lon="139.22583">
<ele>210.5</ele>
</trkpt>
<trkpt lat="35.57726" lon="139.22502">
<ele>216.3</ele>
</trkpt>
<trkpt lat="35.57724" lon="139.2249799">
<ele>216.5</ele>
</trkpt>
<trkpt lat="35.57719" lon="139.22487">
<ele>216.0</ele>
</trkpt>
<trkpt lat="35.5771" lon="139.22474">
<ele>215.9</ele>
</trkpt>
<trkpt lat="35.57707" lon="139.2247">
<ele>215.9</ele>
</trkpt>
<trkpt lat="35.57694" lon="139.22461">
<ele>216.9</ele>
</trkpt>
<trkpt lat="35.57691" lon="139.2246">
<ele>217.3</ele>
</trkpt>
<trkpt lat="35.57687" lon="139.22458">
<ele>217.7</ele>
</trkpt>
<trkpt lat="35.57685" lon="139.22457">
<ele>217.8</ele>
</trkpt>
<trkpt lat="35.57682" lon="139.22456">
<ele>218.2</ele>
</trkpt>
<trkpt lat="35.57679" lon="139.22456">
<ele>218.8</ele>
</trkpt>
<trkpt lat="35.57677" lon="139.22456">
<ele>219.2</ele>
</trkpt>
<trkpt lat="35.5767499" lon="139.22455">
<ele>219.4</ele>
</trkpt>
<trkpt lat="35.57673" lon="139.22455">
<ele>219.8</ele>
</trkpt>
<trkpt lat="35.57669" lon="139.22456">
<ele>220.9</ele>
</trkpt>
<trkpt lat="35.57665" lon="139.22456">
<ele>221.8</ele>
</trkpt>
<trkpt lat="35.57661" lon="139.22457">
<ele>223.2</ele>
</trkpt>
<trkpt lat="35.57656" lon="139.22457">
<ele>224.6</ele>
</trkpt>
<trkpt lat="35.57653" lon="139.22458">
<ele>225.8</ele>
</trkpt>
<trkpt lat="35.57651" lon="139.22457">
<ele>226.0</ele>
</trkpt>
<trkpt lat="35.5764799" lon="139.22457">
<ele>226.9</ele>
</trkpt>
<trkpt lat="35.57641" lon="139.22457">
<ele>228.8</ele>
</trkpt>
<trkpt lat="35.57638" lon="139.22457">
<ele>229.7</ele>
</trkpt>
<trkpt lat="35.57635" lon="139.22456">
<ele>230.2</ele>
</trkpt>
<trkpt lat="35.57632" lon="139.22454">
<ele>230.5</ele>
</trkpt>
<trkpt lat="35.57627" lon="139.22452">
<ele>231.3</ele>
</trkpt>
<trkpt lat="35.57624" lon="139.22449">
<ele>231.2</ele>
</trkpt>
<trkpt lat="35.5761899" lon="139.2244399">
<ele>231.0</ele>
</trkpt>
<trkpt lat="35.57618" lon="139.22443">
<ele>231.0</ele>
</trkpt>
<trkpt lat="35.57614" lon="139.22438">
<ele>230.5</ele>
</trkpt>
<trkpt lat="35.57609" lon="139.22429">
<ele>229.1</ele>
</trkpt>
<trkpt lat="35.57602" lon="139.22416">
<ele>226.9</ele>
</trkpt>
<trkpt lat="35.57598" lon="139.22409">
<ele>226.6</ele>
</trkpt>
<trkpt lat="35.57597" lon="139.22407">
<ele>226.4</ele>
</trkpt>
<trkpt lat="35.57594" lon="139.22402">
<ele>226.3</ele>
</trkpt>
<trkpt lat="35.57588" lon="139.22392">
<ele>226.3</ele>
</trkpt>
<trkpt lat="35.57583" lon="139.22386">
<ele>226.9</ele>
</trkpt>
<trkpt lat="35.57579" lon="139.2238099">
<ele>226.5</ele>
</trkpt>
<trkpt lat="35.57574" lon="139.22376">
<ele>226.2</ele>
</trkpt>
<trkpt lat="35.57573" lon="139.22374">
<ele>226.0</ele>
</trkpt>
<trkpt lat="35.57568" lon="139.2237">
<ele>225.8</ele>
</trkpt>
<trkpt lat="35.57562" lon="139.22365">
<ele>225.5</ele>
</trkpt>
<trkpt lat="35.57558" lon="139.22362">
<ele>225.3</ele>
</trkpt>
<trkpt lat="35.57552" lon="139.22358">
<ele>225.0</ele>
</trkpt>
<trkpt lat="35.57549" lon="139.22356">
<ele>224.9</ele>
</trkpt>
<trkpt lat="35.57543" lon="139.22352">
<ele>224.5</ele>
</trkpt>
<trkpt lat="35.57539" lon="139.2235">
<ele>224.4</ele>
</trkpt>
<trkpt lat="35.57538" lon="139.22349">
<ele>224.3</ele>
</trkpt>
<trkpt lat="35.57535" lon="139.22347">
<ele>224.1</ele>
</trkpt>
<trkpt lat="35.57531" lon="139.22345">
<ele>223.9</ele>
</trkpt>
<trkpt lat="35.5752499" lon="139.22344">
<ele>224.1</ele>
</trkpt>
<trkpt lat="35.57521" lon="139.22342">
<ele>223.9</ele>
</trkpt>
<trkpt lat="35.5751599" lon="139.22341">
<ele>224.0</ele>
</trkpt>
<trkpt lat="35.57486" lon="139.22333">
<ele>224.6</ele>
</trkpt>
<trkpt lat="35.57475" lon="139.22331">
<ele>225.7</ele>
</trkpt>
<trkpt lat="35.5745999" lon="139.22328">
<ele>227.1</ele>
</trkpt>
<trkpt lat="35.57449" lon="139.22325">
<ele>228.0</ele>
</trkpt>
<trkpt lat="35.5744" lon="139.22321">
<ele>228.4</ele>
</trkpt>
<trkpt lat="35.57435" lon="139.2232">
<ele>228.9</ele>
</trkpt>
<trkpt lat="35.5743" lon="139.22317">
<ele>229.0</ele>
</trkpt>
<trkpt lat="35.57423" lon="139.22313">
<ele>229.1</ele>
</trkpt>
<trkpt lat="35.57416" lon="139.22309">
<ele>229.3</ele>
</trkpt>
<trkpt lat="35.57411" lon="139.22306">
<ele>229.2</ele>
</trkpt>
<trkpt lat="35.57389" lon="139.2229">
<ele>228.4</ele>
</trkpt>
<trkpt lat="35.57381" lon="139.22285">
<ele>228.2</ele>
</trkpt>
<trkpt lat="35.57374" lon="139.22281">
<ele>228.1</ele>
</trkpt>
<trkpt lat="35.57355" lon="139.22269">
<ele>227.6</ele>
</trkpt>
<trkpt lat="35.57338" lon="139.22258">
<ele>227.0</ele>
</trkpt>
<trkpt lat="35.57323" lon="139.22249">
<ele>226.7</ele>
</trkpt>
<trkpt lat="35.5730999" lon="139.22242">
<ele>227.4</ele>
</trkpt>
<trkpt lat="35.57309" lon="139.22241">
<ele>227.5</ele>
</trkpt>
<trkpt lat="35.57249" lon="139.22209">
<ele>229.2</ele>
</trkpt>
<trkpt lat="35.57245" lon="139.22207">
<ele>229.6</ele>
</trkpt>
<trkpt lat="35.57235" lon="139.2220199">
<ele>230.5</ele>
</trkpt>
<trkpt lat="35.57231" lon="139.222">
<ele>230.8</ele>
</trkpt>
<trkpt lat="35.57227" lon="139.22198">
<ele>231.2</ele>
</trkpt>
<trkpt lat="35.5722" lon="139.22194">
<ele>231.7</ele>
</trkpt>
<trkpt lat="35.5721599" lon="139.2219299">
<ele>232.1</ele>
</trkpt>
<trkpt lat="35.57212" lon="139.22191">
<ele>232.4</ele>
</trkpt>
<trkpt lat="35.57205" lon="139.22189">
<ele>233.0</ele>
</trkpt>
<trkpt lat="35.57202" lon="139.22188">
<ele>233.3</ele>
</trkpt>
<trkpt lat="35.57196" lon="139.22187">
<ele>233.9</ele>
</trkpt>
<trkpt lat="35.57194" lon="139.22186">
<ele>234.1</ele>
</trkpt>
<trkpt lat="35.57189" lon="139.22186">
<ele>234.7</ele>
</trkpt>
<trkpt lat="35.57186" lon="139.22185">
<ele>234.9</ele>
</trkpt>
<trkpt lat="35.57183" lon="139.22185">
<ele>235.3</ele>
</trkpt>
<trkpt lat="35.5717799" lon="139.22185">
<ele>235.9</ele>
</trkpt>
<trkpt lat="35.57174" lon="139.22185">
<ele>236.3</ele>
</trkpt>
<trkpt lat="35.57167" lon="139.22186">
<ele>237.3</ele>
</trkpt>
<trkpt lat="35.57163" lon="139.22187">
<ele>237.8</ele>
</trkpt>
<trkpt lat="35.57159" lon="139.22187">
<ele>238.1</ele>
</trkpt>
<trkpt lat="35.57156" lon="139.22187">
<ele>238.4</ele>
</trkpt>
<trkpt lat="35.57152" lon="139.22187">
<ele>238.7</ele>
</trkpt>
<trkpt lat="35.57145" lon="139.22187">
<ele>239.4</ele>
</trkpt>
<trkpt lat="35.57139" lon="139.22186">
<ele>239.7</ele>
</trkpt>
<trkpt lat="35.57134" lon="139.22186">
<ele>240.1</ele>
</trkpt>
<trkpt lat="35.57128" lon="139.22185">
<ele>240.4</ele>
</trkpt>
<trkpt lat="35.57121" lon="139.2218399">
<ele>240.8</ele>
</trkpt>
<trkpt lat="35.57112" lon="139.22181">
<ele>240.7</ele>
</trkpt>
<trkpt lat="35.57099" lon="139.22176">
<ele>240.2</ele>
</trkpt>
<trkpt lat="35.57096" lon="139.22174">
<ele>239.8</ele>
</trkpt>
<trkpt lat="35.57088" lon="139.2217">
<ele>238.9</ele>
</trkpt>
<trkpt lat="35.5708" lon="139.22166">
<ele>238.2</ele>
</trkpt>
<trkpt lat="35.57073" lon="139.22162">
<ele>238.1</ele>
</trkpt>
<trkpt lat="35.57067" lon="139.22158">
<ele>238.0</ele>
</trkpt>
<trkpt lat="35.57061" lon="139.22154">
<ele>237.8</ele>
</trkpt>
<trkpt lat="35.57055" lon="139.2215">
<ele>237.6</ele>
</trkpt>
<trkpt lat="35.5705" lon="139.22146">
<ele>237.3</ele>
</trkpt>
<trkpt lat="35.57045" lon="139.22143">
<ele>237.1</ele>
</trkpt>
<trkpt lat="35.57041" lon="139.2214">
<ele>236.9</ele>
</trkpt>
<trkpt lat="35.57034" lon="139.22134">
<ele>236.2</ele>
</trkpt>
<trkpt lat="35.5703" lon="139.22131">
<ele>235.9</ele>
</trkpt>
<trkpt lat="35.57024" lon="139.22126">
<ele>235.3</ele>
</trkpt>
<trkpt lat="35.5702" lon="139.22121">
<ele>234.6</ele>
</trkpt>
<trkpt lat="35.57016" lon="139.22118">
<ele>234.2</ele>
</trkpt>
<trkpt lat="35.57012" lon="139.22114">
<ele>233.6</ele>
</trkpt>
<trkpt lat="35.57007" lon="139.22109">
<ele>232.8</ele>
</trkpt>
<trkpt lat="35.57" lon="139.22102">
<ele>231.6</ele>
</trkpt>
<trkpt lat="35.56997" lon="139.22099">
<ele>231.4</ele>
</trkpt>
<trkpt lat="35.5698" lon="139.22081">
<ele>230.4</ele>
</trkpt>
<trkpt lat="35.56975" lon="139.22075">
<ele>231.0</ele>
</trkpt>
<trkpt lat="35.56969" lon="139.2206799">
<ele>231.7</ele>
</trkpt>
<trkpt lat="35.5696299" lon="139.22064">
<ele>232.2</ele>
</trkpt>
<trkpt lat="35.56959" lon="139.22061">
<ele>232.5</ele>
</trkpt>
<trkpt lat="35.56954" lon="139.22058">
<ele>232.9</ele>
</trkpt>
<trkpt lat="35.56949" lon="139.22054">
<ele>233.2</ele>
</trkpt>
<trkpt lat="35.56945" lon="139.22053">
<ele>233.5</ele>
</trkpt>
<trkpt lat="35.56941" lon="139.22051">
<ele>233.8</ele>
</trkpt>
<trkpt lat="35.56937" lon="139.22049">
<ele>234.0</ele>
</trkpt>
<trkpt lat="35.56933" lon="139.22048">
<ele>234.2</ele>
</trkpt>
<trkpt lat="35.56927" lon="139.22047">
<ele>234.6</ele>
</trkpt>
<trkpt lat="35.56921" lon="139.22046">
<ele>235.0</ele>
</trkpt>
<trkpt lat="35.5692" lon="139.22046">
<ele>235.1</ele>
</trkpt>
<trkpt lat="35.56908" lon="139.22044">
<ele>235.9</ele>
</trkpt>
<trkpt lat="35.56901" lon="139.22043">
<ele>236.3</ele>
</trkpt>
<trkpt lat="35.5688699" lon="139.2204">
<ele>237.2</ele>
</trkpt>
<trkpt lat="35.5688" lon="139.22038">
<ele>237.5</ele>
</trkpt>
<trkpt lat="35.5687" lon="139.22034">
<ele>237.9</ele>
</trkpt>
<trkpt lat="35.56858" lon="139.22028">
<ele>238.2</ele>
</trkpt>
<trkpt lat="35.56856" lon="139.22027">
<ele>238.3</ele>
</trkpt>
<trkpt lat="35.56856" lon="139.22026">
<ele>238.2</ele>
</trkpt>
<trkpt lat="35.56837" lon="139.22016">
<ele>238.5</ele>
</trkpt>
<trkpt lat="35.56829" lon="139.22011">
<ele>238.7</ele>
</trkpt>
<trkpt lat="35.56824" lon="139.22007">
<ele>238.7</ele>
</trkpt>
<trkpt lat="35.5681" lon="139.21999">
<ele>239.1</ele>
</trkpt>
<trkpt lat="35.56777" lon="139.21981">
<ele>240.4</ele>
</trkpt>
<trkpt lat="35.56763" lon="139.21973">
<ele>240.9</ele>
</trkpt>
<trkpt lat="35.56753" lon="139.21968">
<ele>241.3</ele>
</trkpt>
<trkpt lat="35.56747" lon="139.21964">
<ele>241.5</ele>
</trkpt>
<trkpt lat="35.5674" lon="139.2196">
<ele>242.0</ele>
</trkpt>
<trkpt lat="35.56734" lon="139.21956">
<ele>242.5</ele>
</trkpt>
<trkpt lat="35.56729" lon="139.21953">
<ele>242.9</ele>
</trkpt>
<trkpt lat="35.5672" lon="139.21946">
<ele>243.7</ele>
</trkpt>
<trkpt lat="35.56714" lon="139.21941">
<ele>244.2</ele>
</trkpt>
<trkpt lat="35.56708" lon="139.21935">
<ele>244.8</ele>
</trkpt>
<trkpt lat="35.56707" lon="139.21934">
<ele>244.9</ele>
</trkpt>
<trkpt lat="35.5669899" lon="139.21925">
<ele>245.7</ele>
</trkpt>
<trkpt lat="35.56691" lon="139.21915">
<ele>246.7</ele>
</trkpt>
<trkpt lat="35.56686" lon="139.21908">
<ele>247.9</ele>
</trkpt>
<trkpt lat="35.56682" lon="139.21902">
<ele>248.9</ele>
</trkpt>
<trkpt lat="35.56677" lon="139.21892">
<ele>250.4</ele>
</trkpt>
<trkpt lat="35.56674" lon="139.21883">
<ele>251.4</ele>
</trkpt>
<trkpt lat="35.5667" lon="139.21874">
<ele>252.8</ele>
</trkpt>
<trkpt lat="35.56668" lon="139.21867">
<ele>253.7</ele>
</trkpt>
<trkpt lat="35.56666" lon="139.21861">
<ele>254.5</ele>
</trkpt>
<trkpt lat="35.56662" lon="139.2184399">
<ele>256.5</ele>
</trkpt>
<trkpt lat="35.5666" lon="139.21833">
<ele>257.6</ele>
</trkpt>
<trkpt lat="35.56657" lon="139.2181699">
<ele>257.1</ele>
</trkpt>
<trkpt lat="35.56655" lon="139.2181">
<ele>257.0</ele>
</trkpt>
<trkpt lat="35.56652" lon="139.21796">
<ele>256.5</ele>
</trkpt>
<trkpt lat="35.56649" lon="139.2178099">
<ele>255.8</ele>
</trkpt>
<trkpt lat="35.56646" lon="139.21767">
<ele>255.0</ele>
</trkpt>
<trkpt lat="35.56641" lon="139.21753">
<ele>254.4</ele>
</trkpt>
<trkpt lat="35.56639" lon="139.21745">
<ele>254.1</ele>
</trkpt>
<trkpt lat="35.56637" lon="139.21738">
<ele>253.9</ele>
</trkpt>
<trkpt lat="35.56632" lon="139.21726">
<ele>253.7</ele>
</trkpt>
<trkpt lat="35.56629" lon="139.2171899">
<ele>253.6</ele>
</trkpt>
<trkpt lat="35.5662499" lon="139.2170999">
<ele>253.4</ele>
</trkpt>
<trkpt lat="35.56621" lon="139.217">
<ele>253.0</ele>
</trkpt>
<trkpt lat="35.56617" lon="139.21693">
<ele>252.7</ele>
</trkpt>
<trkpt lat="35.56613" lon="139.21686">
<ele>252.4</ele>
</trkpt>
<trkpt lat="35.56608" lon="139.21676">
<ele>251.9</ele>
</trkpt>
<trkpt lat="35.56602" lon="139.21666">
<ele>251.3</ele>
</trkpt>
<trkpt lat="35.5659599" lon="139.2165599">
<ele>251.0</ele>
</trkpt>
<trkpt lat="35.56583" lon="139.21636">
<ele>250.6</ele>
</trkpt>
<trkpt lat="35.56576" lon="139.21624">
<ele>250.5</ele>
</trkpt>
<trkpt lat="35.56573" lon="139.21619">
<ele>250.5</ele>
</trkpt>
<trkpt lat="35.5657" lon="139.21614">
<ele>250.5</ele>
</trkpt>
<trkpt lat="35.56565" lon="139.21605">
<ele>250.5</ele>
</trkpt>
<trkpt lat="35.56561" lon="139.21598">
<ele>250.5</ele>
</trkpt>
<trkpt lat="35.56555" lon="139.21586">
<ele>250.5</ele>
</trkpt>
<trkpt lat="35.56553" lon="139.21582">
<ele>250.6</ele>
</trkpt>
<trkpt lat="35.56551" lon="139.21577">
<ele>250.9</ele>
</trkpt>
<trkpt lat="35.5655" lon="139.21576">
<ele>251.0</ele>
</trkpt>
<trkpt lat="35.56547" lon="139.21568">
<ele>251.5</ele>
</trkpt>
<trkpt lat="35.56543" lon="139.21556">
<ele>252.2</ele>
</trkpt>
<trkpt lat="35.5653999" lon="139.21549">
<ele>252.7</ele>
</trkpt>
<trkpt lat="35.56537" lon="139.2154">
<ele>253.3</ele>
</trkpt>
<trkpt lat="35.56535" lon="139.21534">
<ele>253.7</ele>
</trkpt>
<trkpt lat="35.56533" lon="139.21525">
<ele>254.2</ele>
</trkpt>
<trkpt lat="35.5653099" lon="139.21516">
<ele>254.7</ele>
</trkpt>
<trkpt lat="35.56527" lon="139.21502">
<ele>255.7</ele>
</trkpt>
<trkpt lat="35.56526" lon="139.21497">
<ele>255.7</ele>
</trkpt>
<trkpt lat="35.56525" lon="139.21487">
<ele>255.4</ele>
</trkpt>
<trkpt lat="35.56521" lon="139.21466">
<ele>254.8</ele>
</trkpt>
<trkpt lat="35.56518" lon="139.21444">
<ele>254.2</ele>
</trkpt>
<trkpt lat="35.56516" lon="139.2143">
<ele>253.7</ele>
</trkpt>
<trkpt lat="35.56514" lon="139.21411">
<ele>253.3</ele>
</trkpt>
<trkpt lat="35.5651" lon="139.21384">
<ele>254.0</ele>
</trkpt>
<trkpt lat="35.56506" lon="139.21354">
<ele>254.8</ele>
</trkpt>
<trkpt lat="35.56495" lon="139.21276">
<ele>256.1</ele>
</trkpt>
<trkpt lat="35.56494" lon="139.21266">
<ele>256.1</ele>
</trkpt>
<trkpt lat="35.56492" lon="139.21252">
<ele>256.2</ele>
</trkpt>
<trkpt lat="35.5649" lon="139.21243">
<ele>256.2</ele>
</trkpt>
<trkpt lat="35.56488" lon="139.2123499">
<ele>256.1</ele>
</trkpt>
<trkpt lat="35.56487" lon="139.21229">
<ele>256.0</ele>
</trkpt>
<trkpt lat="35.56486" lon="139.21225">
<ele>256.0</ele>
</trkpt>
<trkpt lat="35.56477" lon="139.2119899">
<ele>256.1</ele>
</trkpt>
<trkpt lat="35.56466" lon="139.21164">
<ele>256.0</ele>
</trkpt>
<trkpt lat="35.56462" lon="139.21153">
<ele>256.0</ele>
</trkpt>
<trkpt lat="35.5646" lon="139.21147">
<ele>256.0</ele>
</trkpt>
<trkpt lat="35.56459" lon="139.21141">
<ele>255.9</ele>
</trkpt>
<trkpt lat="35.56456" lon="139.21129">
<ele>255.6</ele>
</trkpt>
<trkpt lat="35.56456" lon="139.21127">
<ele>255.5</ele>
</trkpt>
<trkpt lat="35.56454" lon="139.21111">
<ele>255.0</ele>
</trkpt>
<trkpt lat="35.56452" lon="139.211">
<ele>254.7</ele>
</trkpt>
<trkpt lat="35.56451" lon="139.21086">
<ele>254.1</ele>
</trkpt>
<trkpt lat="35.56447" lon="139.2105599">
<ele>253.3</ele>
</trkpt>
<trkpt lat="35.56443" lon="139.21016">
<ele>252.3</ele>
</trkpt>
<trkpt lat="35.56439" lon="139.20986">
<ele>252.0</ele>
</trkpt>
<trkpt lat="35.56439" lon="139.20985">
<ele>252.0</ele>
</trkpt>
<trkpt lat="35.5643699" lon="139.20963">
<ele>252.0</ele>
</trkpt>
<trkpt lat="35.56435" lon="139.20953">
<ele>252.1</ele>
</trkpt>
<trkpt lat="35.56435" lon="139.20946">
<ele>252.0</ele>
</trkpt>
<trkpt lat="35.56433" lon="139.20932">
<ele>252.1</ele>
</trkpt>
<trkpt lat="35.56432" lon="139.20924">
<ele>252.2</ele>
</trkpt>
<trkpt lat="35.5643" lon="139.20916">
<ele>252.3</ele>
</trkpt>
<trkpt lat="35.56429" lon="139.2091">
<ele>251.7</ele>
</trkpt>
<trkpt lat="35.56426" lon="139.2090399">
<ele>251.3</ele>
</trkpt>
<trkpt lat="35.56424" lon="139.20897">
<ele>250.6</ele>
</trkpt>
<trkpt lat="35.5642" lon="139.20889">
<ele>250.0</ele>
</trkpt>
<trkpt lat="35.56417" lon="139.20883">
<ele>249.5</ele>
</trkpt>
<trkpt lat="35.56412" lon="139.20876">
<ele>249.3</ele>
</trkpt>
<trkpt lat="35.5641" lon="139.20872">
<ele>249.1</ele>
</trkpt>
<trkpt lat="35.56406" lon="139.2086799">
<ele>249.2</ele>
</trkpt>
<trkpt lat="35.56403" lon="139.20865">
<ele>249.3</ele>
</trkpt>
<trkpt lat="35.564" lon="139.20861">
<ele>249.2</ele>
</trkpt>
<trkpt lat="35.56396" lon="139.20858">
<ele>249.4</ele>
</trkpt>
<trkpt lat="35.56395" lon="139.20857">
<ele>249.4</ele>
</trkpt>
<trkpt lat="35.56392" lon="139.20855">
<ele>249.6</ele>
</trkpt>
<trkpt lat="35.56388" lon="139.20851">
<ele>249.7</ele>
</trkpt>
<trkpt lat="35.56378" lon="139.20844">
<ele>250.4</ele>
</trkpt>
<trkpt lat="35.56354" lon="139.20826">
<ele>252.0</ele>
</trkpt>
<trkpt lat="35.56332" lon="139.20809">
<ele>252.7</ele>
</trkpt>
<trkpt lat="35.56322" lon="139.20801">
<ele>253.4</ele>
</trkpt>
<trkpt lat="35.56319" lon="139.20799">
<ele>253.6</ele>
</trkpt>
<trkpt lat="35.56309" lon="139.20792">
<ele>254.3</ele>
</trkpt>
<trkpt lat="35.56307" lon="139.2079">
<ele>254.3</ele>
</trkpt>
<trkpt lat="35.5629599" lon="139.20782">
<ele>254.8</ele>
</trkpt>
<trkpt lat="35.56292" lon="139.20778">
<ele>254.8</ele>
</trkpt>
<trkpt lat="35.56289" lon="139.20777">
<ele>255.1</ele>
</trkpt>
<trkpt lat="35.56285" lon="139.20773">
<ele>255.1</ele>
</trkpt>
<trkpt lat="35.56282" lon="139.20768">
<ele>254.7</ele>
</trkpt>
<trkpt lat="35.5628" lon="139.20765">
<ele>254.4</ele>
</trkpt>
<trkpt lat="35.5627799" lon="139.20762">
<ele>254.2</ele>
</trkpt>
<trkpt lat="35.56276" lon="139.20757">
<ele>253.6</ele>
</trkpt>
<trkpt lat="35.56275" lon="139.20753">
<ele>253.0</ele>
</trkpt>
<trkpt lat="35.56273" lon="139.20748">
<ele>252.7</ele>
</trkpt>
<trkpt lat="35.56273" lon="139.20744">
<ele>252.6</ele>
</trkpt>
<trkpt lat="35.56272" lon="139.2074299">
<ele>252.7</ele>
</trkpt>
<trkpt lat="35.56272" lon="139.20736">
<ele>252.6</ele>
</trkpt>
<trkpt lat="35.56271" lon="139.20729">
<ele>252.6</ele>
</trkpt>
<trkpt lat="35.56271" lon="139.20727">
<ele>252.6</ele>
</trkpt>
<trkpt lat="35.56271" lon="139.20726">
<ele>252.5</ele>
</trkpt>
<trkpt lat="35.56272" lon="139.20723">
<ele>252.4</ele>
</trkpt>
<trkpt lat="35.56272" lon="139.20718">
<ele>252.3</ele>
</trkpt>
<trkpt lat="35.56273" lon="139.20715">
<ele>252.2</ele>
</trkpt>
<trkpt lat="35.56274" lon="139.20712">
<ele>252.0</ele>
</trkpt>
<trkpt lat="35.56275" lon="139.20709">
<ele>251.9</ele>
</trkpt>
<trkpt lat="35.56276" lon="139.20708">
<ele>251.8</ele>
</trkpt>
<trkpt lat="35.56277" lon="139.20705">
<ele>251.7</ele>
</trkpt>
<trkpt lat="35.56279" lon="139.20701">
<ele>251.5</ele>
</trkpt>
<trkpt lat="35.56282" lon="139.2069799">
<ele>251.3</ele>
</trkpt>
<trkpt lat="35.56284" lon="139.20696">
<ele>251.2</ele>
</trkpt>
<trkpt lat="35.5628699" lon="139.20693">
<ele>251.0</ele>
</trkpt>
<trkpt lat="35.56288" lon="139.20692">
<ele>250.9</ele>
</trkpt>
<trkpt lat="35.56289" lon="139.20691">
<ele>250.9</ele>
</trkpt>
<trkpt lat="35.56291" lon="139.2068899">
<ele>250.8</ele>
</trkpt>
<trkpt lat="35.56294" lon="139.20688">
<ele>250.6</ele>
</trkpt>
<trkpt lat="35.5629599" lon="139.20687">
<ele>250.5</ele>
</trkpt>
<trkpt lat="35.56299" lon="139.20686">
<ele>250.4</ele>
</trkpt>
<trkpt lat="35.56302" lon="139.20685">
<ele>250.3</ele>
</trkpt>
<trkpt lat="35.56309" lon="139.20684">
<ele>249.9</ele>
</trkpt>
<trkpt lat="35.56314" lon="139.20683">
<ele>249.7</ele>
</trkpt>
<trkpt lat="35.56321" lon="139.20681">
<ele>249.5</ele>
</trkpt>
<trkpt lat="35.56326" lon="139.20679">
<ele>249.4</ele>
</trkpt>
<trkpt lat="35.5633" lon="139.20677">
<ele>249.4</ele>
</trkpt>
<trkpt lat="35.56335" lon="139.20675">
<ele>249.4</ele>
</trkpt>
<trkpt lat="35.5634299" lon="139.2067099">
<ele>249.9</ele>
</trkpt>
<trkpt lat="35.56346" lon="139.20668">
<ele>250.2</ele>
</trkpt>
<trkpt lat="35.56349" lon="139.20665">
<ele>250.5</ele>
</trkpt>
<trkpt lat="35.5635199" lon="139.2066199">
<ele>250.7</ele>
</trkpt>
<trkpt lat="35.56355" lon="139.20659">
<ele>251.0</ele>
</trkpt>
<trkpt lat="35.56357" lon="139.20656">
<ele>251.2</ele>
</trkpt>
<trkpt lat="35.56358" lon="139.20655">
<ele>251.3</ele>
</trkpt>
<trkpt lat="35.56358" lon="139.2065299">
<ele>251.4</ele>
</trkpt>
<trkpt lat="35.56359" lon="139.2065">
<ele>251.6</ele>
</trkpt>
<trkpt lat="35.56361" lon="139.20646">
<ele>251.8</ele>
</trkpt>
<trkpt lat="35.56362" lon="139.20642">
<ele>252.1</ele>
</trkpt>
<trkpt lat="35.56362" lon="139.2064">
<ele>252.2</ele>
</trkpt>
<trkpt lat="35.56363" lon="139.20638">
<ele>252.3</ele>
</trkpt>
<trkpt lat="35.56363" lon="139.20634">
<ele>252.5</ele>
</trkpt>
<trkpt lat="35.5637" lon="139.2057">
<ele>255.4</ele>
</trkpt>
<trkpt lat="35.56372" lon="139.20557">
<ele>255.7</ele>
</trkpt>
<trkpt lat="35.56373" lon="139.20548">
<ele>255.9</ele>
</trkpt>
<trkpt lat="35.56375" lon="139.20526">
<ele>256.4</ele>
</trkpt>
<trkpt lat="35.56379" lon="139.20498">
<ele>256.7</ele>
</trkpt>
<trkpt lat="35.56379" lon="139.20493">
<ele>255.9</ele>
</trkpt>
<trkpt lat="35.56383" lon="139.20476">
<ele>253.1</ele>
</trkpt>
<trkpt lat="35.56384" lon="139.20472">
<ele>252.4</ele>
</trkpt>
<trkpt lat="35.56389" lon="139.20451">
<ele>249.0</ele>
</trkpt>
<trkpt lat="35.5638999" lon="139.20443">
<ele>247.6</ele>
</trkpt>
<trkpt lat="35.56395" lon="139.20422">
<ele>244.1</ele>
</trkpt>
<trkpt lat="35.56404" lon="139.20379">
<ele>230.4</ele>
</trkpt>
<trkpt lat="35.56413" lon="139.20336">
<ele>214.5</ele>
</trkpt>
<trkpt lat="35.56419" lon="139.20309">
<ele>218.3</ele>
</trkpt>
<trkpt lat="35.5642" lon="139.20305">
<ele>219.1</ele>
</trkpt>
<trkpt lat="35.56427" lon="139.2027">
<ele>227.1</ele>
</trkpt>
<trkpt lat="35.56432" lon="139.20245">
<ele>233.4</ele>
</trkpt>
<trkpt lat="35.56434" lon="139.20239">
<ele>235.2</ele>
</trkpt>
<trkpt lat="35.56435" lon="139.2023199">
<ele>237.3</ele>
</trkpt>
<trkpt lat="35.5643699" lon="139.20221">
<ele>240.5</ele>
</trkpt>
<trkpt lat="35.56438" lon="139.20218">
<ele>241.4</ele>
</trkpt>
<trkpt lat="35.56442" lon="139.202">
<ele>246.5</ele>
</trkpt>
<trkpt lat="35.56442" lon="139.20196">
<ele>247.6</ele>
</trkpt>
<trkpt lat="35.5644599" lon="139.20179">
<ele>252.2</ele>
</trkpt>
<trkpt lat="35.5645" lon="139.2016">
<ele>255.6</ele>
</trkpt>
<trkpt lat="35.56451" lon="139.20154">
<ele>255.8</ele>
</trkpt>
<trkpt lat="35.56453" lon="139.20144">
<ele>256.0</ele>
</trkpt>
<trkpt lat="35.5645499" lon="139.20132">
<ele>256.3</ele>
</trkpt>
<trkpt lat="35.56456" lon="139.20123">
<ele>256.6</ele>
</trkpt>
<trkpt lat="35.56458" lon="139.2011">
<ele>257.0</ele>
</trkpt>
<trkpt lat="35.5646" lon="139.20097">
<ele>257.5</ele>
</trkpt>
<trkpt lat="35.56463" lon="139.20075">
<ele>258.0</ele>
</trkpt>
<trkpt lat="35.56467" lon="139.20038">
<ele>257.8</ele>
</trkpt>
<trkpt lat="35.56469" lon="139.20016">
<ele>257.7</ele>
</trkpt>
<trkpt lat="35.5647" lon="139.19985">
<ele>257.7</ele>
</trkpt>
<trkpt lat="35.56472" lon="139.19956">
<ele>257.7</ele>
</trkpt>
<trkpt lat="35.56472" lon="139.19947">
<ele>257.7</ele>
</trkpt>
<trkpt lat="35.56472" lon="139.19932">
<ele>257.7</ele>
</trkpt>
<trkpt lat="35.56472" lon="139.19915">
<ele>257.7</ele>
</trkpt>
<trkpt lat="35.56472" lon="139.19913">
<ele>257.6</ele>
</trkpt>
<trkpt lat="35.56472" lon="139.19899">
<ele>257.5</ele>
</trkpt>
<trkpt lat="35.56472" lon="139.1988299">
<ele>257.3</ele>
</trkpt>
<trkpt lat="35.56471" lon="139.19866">
<ele>257.1</ele>
</trkpt>
<trkpt lat="35.56471" lon="139.19848">
<ele>256.9</ele>
</trkpt>
<trkpt lat="35.5647" lon="139.1983799">
<ele>256.9</ele>
</trkpt>
<trkpt lat="35.56469" lon="139.1982">
<ele>257.6</ele>
</trkpt>
<trkpt lat="35.56468" lon="139.19803">
<ele>258.6</ele>
</trkpt>
<trkpt lat="35.56465" lon="139.19777">
<ele>260.0</ele>
</trkpt>
<trkpt lat="35.56463" lon="139.19748">
<ele>261.2</ele>
</trkpt>
<trkpt lat="35.56452" lon="139.19615">
<ele>262.8</ele>
</trkpt>
<trkpt lat="35.56443" lon="139.19504">
<ele>267.1</ele>
</trkpt>
<trkpt lat="35.5644" lon="139.19464">
<ele>268.3</ele>
</trkpt>
<trkpt lat="35.56438" lon="139.19436">
<ele>269.2</ele>
</trkpt>
<trkpt lat="35.5643699" lon="139.19425">
<ele>269.5</ele>
</trkpt>
<trkpt lat="35.5643699" lon="139.19415">
<ele>269.7</ele>
</trkpt>
<trkpt lat="35.56436" lon="139.19392">
<ele>269.6</ele>
</trkpt>
<trkpt lat="35.56436" lon="139.1938">
<ele>269.5</ele>
</trkpt>
<trkpt lat="35.56436" lon="139.19368">
<ele>269.5</ele>
</trkpt>
<trkpt lat="35.56436" lon="139.19336">
<ele>269.2</ele>
</trkpt>
<trkpt lat="35.56435" lon="139.19314">
<ele>269.6</ele>
</trkpt>
<trkpt lat="35.56434" lon="139.19225">
<ele>271.7</ele>
</trkpt>
<trkpt lat="35.56433" lon="139.19202">
<ele>272.4</ele>
</trkpt>
<trkpt lat="35.56433" lon="139.19193">
<ele>272.6</ele>
</trkpt>
<trkpt lat="35.56432" lon="139.19155">
<ele>274.0</ele>
</trkpt>
<trkpt lat="35.56432" lon="139.19143">
<ele>274.5</ele>
</trkpt>
<trkpt lat="35.56431" lon="139.19132">
<ele>275.1</ele>
</trkpt>
<trkpt lat="35.56431" lon="139.19123">
<ele>275.5</ele>
</trkpt>
<trkpt lat="35.5643" lon="139.19114">
<ele>275.9</ele>
</trkpt>
<trkpt lat="35.56429" lon="139.19103">
<ele>276.5</ele>
</trkpt>
<trkpt lat="35.56427" lon="139.19088">
<ele>277.3</ele>
</trkpt>
<trkpt lat="35.56425" lon="139.19075">
<ele>277.4</ele>
</trkpt>
<trkpt lat="35.56424" lon="139.1907">
<ele>277.3</ele>
</trkpt>
<trkpt lat="35.56423" lon="139.19063">
<ele>277.2</ele>
</trkpt>
<trkpt lat="35.56421" lon="139.19055">
<ele>277.1</ele>
</trkpt>
<trkpt lat="35.56418" lon="139.19044">
<ele>277.0</ele>
</trkpt>
<trkpt lat="35.56417" lon="139.19039">
<ele>276.9</ele>
</trkpt>
<trkpt lat="35.56415" lon="139.19033">
<ele>276.8</ele>
</trkpt>
<trkpt lat="35.56412" lon="139.19025">
<ele>276.7</ele>
</trkpt>
<trkpt lat="35.5641" lon="139.19017">
<ele>276.6</ele>
</trkpt>
<trkpt lat="35.56407" lon="139.19008">
<ele>276.5</ele>
</trkpt>
<trkpt lat="35.56406" lon="139.19005">
<ele>276.5</ele>
</trkpt>
<trkpt lat="35.56404" lon="139.19">
<ele>276.5</ele>
</trkpt>
<trkpt lat="35.56389" lon="139.18963">
<ele>275.8</ele>
</trkpt>
<trkpt lat="35.56382" lon="139.18947">
<ele>275.6</ele>
</trkpt>
<trkpt lat="35.56365" lon="139.1890699">
<ele>275.5</ele>
</trkpt>
<trkpt lat="35.56319" lon="139.18799">
<ele>279.0</ele>
</trkpt>
<trkpt lat="35.56297" lon="139.18748">
<ele>279.7</ele>
</trkpt>
<trkpt lat="35.56256" lon="139.18651">
<ele>281.5</ele>
</trkpt>
<trkpt lat="35.56242" lon="139.18617">
<ele>284.0</ele>
</trkpt>
<trkpt lat="35.5623" lon="139.1858499">
<ele>285.7</ele>
</trkpt>
<trkpt lat="35.56228" lon="139.18578">
<ele>285.9</ele>
</trkpt>
<trkpt lat="35.56227" lon="139.1857599">
<ele>285.9</ele>
</trkpt>
<trkpt lat="35.56215" lon="139.1853999">
<ele>287.0</ele>
</trkpt>
<trkpt lat="35.56213" lon="139.18534">
<ele>287.2</ele>
</trkpt>
<trkpt lat="35.5621099" lon="139.18526">
<ele>287.4</ele>
</trkpt>
<trkpt lat="35.56206" lon="139.18511">
<ele>287.9</ele>
</trkpt>
<trkpt lat="35.5620199" lon="139.18501">
<ele>288.3</ele>
</trkpt>
<trkpt lat="35.562" lon="139.18496">
<ele>288.2</ele>
</trkpt>
<trkpt lat="35.56199" lon="139.18493">
<ele>288.1</ele>
</trkpt>
<trkpt lat="35.56198" lon="139.18491">
<ele>288.1</ele>
</trkpt>
<trkpt lat="35.56196" lon="139.1848599">
<ele>288.0</ele>
</trkpt>
<trkpt lat="35.56194" lon="139.18482">
<ele>288.0</ele>
</trkpt>
<trkpt lat="35.56191" lon="139.18476">
<ele>288.0</ele>
</trkpt>
<trkpt lat="35.56185" lon="139.1846799">
<ele>288.1</ele>
</trkpt>
<trkpt lat="35.56179" lon="139.1846">
<ele>288.4</ele>
</trkpt>
<trkpt lat="35.56176" lon="139.18457">
<ele>288.6</ele>
</trkpt>
<trkpt lat="35.56171" lon="139.18452">
<ele>289.0</ele>
</trkpt>
<trkpt lat="35.56144" lon="139.18425">
<ele>289.7</ele>
</trkpt>
<trkpt lat="35.5613699" lon="139.18418">
<ele>289.7</ele>
</trkpt>
<trkpt lat="35.56132" lon="139.18412">
<ele>289.2</ele>
</trkpt>
<trkpt lat="35.56127" lon="139.18406">
<ele>288.5</ele>
</trkpt>
<trkpt lat="35.56121" lon="139.18398">
<ele>287.7</ele>
</trkpt>
<trkpt lat="35.56118" lon="139.18393">
<ele>287.2</ele>
</trkpt>
<trkpt lat="35.56113" lon="139.18386">
<ele>286.7</ele>
</trkpt>
<trkpt lat="35.56107" lon="139.18375">
<ele>285.8</ele>
</trkpt>
<trkpt lat="35.56103" lon="139.18367">
<ele>285.2</ele>
</trkpt>
<trkpt lat="35.56098" lon="139.18357">
<ele>284.6</ele>
</trkpt>
<trkpt lat="35.56095" lon="139.18348">
<ele>284.0</ele>
</trkpt>
<trkpt lat="35.56093" lon="139.18341">
<ele>283.6</ele>
</trkpt>
<trkpt lat="35.56091" lon="139.18335">
<ele>283.2</ele>
</trkpt>
<trkpt lat="35.56089" lon="139.18329">
<ele>283.5</ele>
</trkpt>
<trkpt lat="35.56088" lon="139.18327">
<ele>283.7</ele>
</trkpt>
<trkpt lat="35.56087" lon="139.1832499">
<ele>284.0</ele>
</trkpt>
<trkpt lat="35.56086" lon="139.18319">
<ele>284.4</ele>
</trkpt>
<trkpt lat="35.56084" lon="139.1831">
<ele>285.0</ele>
</trkpt>
<trkpt lat="35.56083" lon="139.18305">
<ele>285.4</ele>
</trkpt>
<trkpt lat="35.56082" lon="139.18301">
<ele>285.6</ele>
</trkpt>
<trkpt lat="35.5608" lon="139.18286">
<ele>286.4</ele>
</trkpt>
<trkpt lat="35.5608" lon="139.18278">
<ele>286.8</ele>
</trkpt>
<trkpt lat="35.56079" lon="139.18264">
<ele>287.5</ele>
</trkpt>
<trkpt lat="35.5608" lon="139.18241">
<ele>288.6</ele>
</trkpt>
<trkpt lat="35.5608" lon="139.18237">
<ele>288.8</ele>
</trkpt>
<trkpt lat="35.5608099" lon="139.18211">
<ele>290.0</ele>
</trkpt>
<trkpt lat="35.5608099" lon="139.18207">
<ele>290.2</ele>
</trkpt>
<trkpt lat="35.56083" lon="139.18124">
<ele>291.5</ele>
</trkpt>
<trkpt lat="35.56083" lon="139.18121">
<ele>291.5</ele>
</trkpt>
<trkpt lat="35.56083" lon="139.1810999">
<ele>291.3</ele>
</trkpt>
<trkpt lat="35.56083" lon="139.18095">
<ele>291.2</ele>
</trkpt>
<trkpt lat="35.56082" lon="139.1808299">
<ele>291.1</ele>
</trkpt>
<trkpt lat="35.5608099" lon="139.18068">
<ele>289.6</ele>
</trkpt>
<trkpt lat="35.5608099" lon="139.18065">
<ele>289.2</ele>
</trkpt>
<trkpt lat="35.5608" lon="139.1805">
<ele>287.8</ele>
</trkpt>
<trkpt lat="35.56079" lon="139.18043">
<ele>287.2</ele>
</trkpt>
<trkpt lat="35.56074" lon="139.18009">
<ele>284.4</ele>
</trkpt>
<trkpt lat="35.56074" lon="139.1800299">
<ele>283.9</ele>
</trkpt>
<trkpt lat="35.56073" lon="139.1799399">
<ele>283.2</ele>
</trkpt>
<trkpt lat="35.56071" lon="139.17981">
<ele>282.2</ele>
</trkpt>
<trkpt lat="35.56068" lon="139.17959">
<ele>280.6</ele>
</trkpt>
<trkpt lat="35.56068" lon="139.17957">
<ele>280.4</ele>
</trkpt>
<trkpt lat="35.56066" lon="139.17937">
<ele>278.7</ele>
</trkpt>
<trkpt lat="35.56063" lon="139.17918">
<ele>277.3</ele>
</trkpt>
<trkpt lat="35.56063" lon="139.17915">
<ele>277.4</ele>
</trkpt>
<trkpt lat="35.5606099" lon="139.17894">
<ele>280.1</ele>
</trkpt>
<trkpt lat="35.56057" lon="139.17862">
<ele>283.9</ele>
</trkpt>
<trkpt lat="35.56054" lon="139.17827">
<ele>287.7</ele>
</trkpt>
<trkpt lat="35.56051" lon="139.1780599">
<ele>290.2</ele>
</trkpt>
<trkpt lat="35.56051" lon="139.17805">
<ele>290.3</ele>
</trkpt>
<trkpt lat="35.56049" lon="139.17786">
<ele>292.4</ele>
</trkpt>
<trkpt lat="35.56048" lon="139.17785">
<ele>292.6</ele>
</trkpt>
<trkpt lat="35.56046" lon="139.17772">
<ele>294.0</ele>
</trkpt>
<trkpt lat="35.5604299" lon="139.17759">
<ele>295.5</ele>
</trkpt>
<trkpt lat="35.5604" lon="139.17747">
<ele>296.5</ele>
</trkpt>
<trkpt lat="35.56038" lon="139.17742">
<ele>296.6</ele>
</trkpt>
<trkpt lat="35.56037" lon="139.17735">
<ele>296.7</ele>
</trkpt>
<trkpt lat="35.56033" lon="139.17727">
<ele>296.8</ele>
</trkpt>
<trkpt lat="35.5603" lon="139.17719">
<ele>297.0</ele>
</trkpt>
<trkpt lat="35.56026" lon="139.1770699">
<ele>297.4</ele>
</trkpt>
<trkpt lat="35.56023" lon="139.17701">
<ele>297.7</ele>
</trkpt>
<trkpt lat="35.56018" lon="139.17691">
<ele>298.1</ele>
</trkpt>
<trkpt lat="35.5601399" lon="139.17683">
<ele>298.6</ele>
</trkpt>
<trkpt lat="35.5601" lon="139.17677">
<ele>299.0</ele>
</trkpt>
<trkpt lat="35.56003" lon="139.17665">
<ele>299.8</ele>
</trkpt>
<trkpt lat="35.5599" lon="139.17647">
<ele>300.3</ele>
</trkpt>
<trkpt lat="35.55981" lon="139.17635">
<ele>300.5</ele>
</trkpt>
<trkpt lat="35.55976" lon="139.17629">
<ele>300.6</ele>
</trkpt>
<trkpt lat="35.55975" lon="139.17627">
<ele>300.6</ele>
</trkpt>
<trkpt lat="35.55971" lon="139.17621">
<ele>300.7</ele>
</trkpt>
<trkpt lat="35.55955" lon="139.17602">
<ele>300.8</ele>
</trkpt>
<trkpt lat="35.5594899" lon="139.17593">
<ele>300.8</ele>
</trkpt>
<trkpt lat="35.55944" lon="139.17587">
<ele>300.7</ele>
</trkpt>
<trkpt lat="35.55909" lon="139.17542">
<ele>301.6</ele>
</trkpt>
<trkpt lat="35.55899" lon="139.17529">
<ele>302.2</ele>
</trkpt>
<trkpt lat="35.55878" lon="139.1750099">
<ele>303.3</ele>
</trkpt>
<trkpt lat="35.55859" lon="139.17475">
<ele>301.9</ele>
</trkpt>
<trkpt lat="35.55856" lon="139.17471">
<ele>301.9</ele>
</trkpt>
<trkpt lat="35.55845" lon="139.17453">
<ele>301.6</ele>
</trkpt>
<trkpt lat="35.55836" lon="139.17439">
<ele>301.9</ele>
</trkpt>
<trkpt lat="35.55823" lon="139.17416">
<ele>302.9</ele>
</trkpt>
<trkpt lat="35.5582" lon="139.1741">
<ele>303.7</ele>
</trkpt>
<trkpt lat="35.55816" lon="139.1740299">
<ele>304.8</ele>
</trkpt>
<trkpt lat="35.55805" lon="139.17381">
<ele>307.7</ele>
</trkpt>
<trkpt lat="35.55789" lon="139.17347">
<ele>311.4</ele>
</trkpt>
<trkpt lat="35.55786" lon="139.1733999">
<ele>312.0</ele>
</trkpt>
<trkpt lat="35.55758" lon="139.17271">
<ele>316.9</ele>
</trkpt>
<trkpt lat="35.55756" lon="139.17266">
<ele>317.2</ele>
</trkpt>
<trkpt lat="35.55754" lon="139.17262">
<ele>317.5</ele>
</trkpt>
<trkpt lat="35.55741" lon="139.17228">
<ele>319.5</ele>
</trkpt>
<trkpt lat="35.55728" lon="139.17196">
<ele>321.8</ele>
</trkpt>
<trkpt lat="35.55727" lon="139.17194">
<ele>322.0</ele>
</trkpt>
<trkpt lat="35.5571" lon="139.17148">
<ele>326.2</ele>
</trkpt>
<trkpt lat="35.55704" lon="139.17127">
<ele>328.7</ele>
</trkpt>
<trkpt lat="35.55698" lon="139.17106">
<ele>331.6</ele>
</trkpt>
<trkpt lat="35.55697" lon="139.17102">
<ele>332.2</ele>
</trkpt>
<trkpt lat="35.55691" lon="139.17069">
<ele>335.4</ele>
</trkpt>
<trkpt lat="35.55686" lon="139.17013">
<ele>337.0</ele>
</trkpt>
<trkpt lat="35.55685" lon="139.17003">
<ele>337.3</ele>
</trkpt>
<trkpt lat="35.55684" lon="139.16997">
<ele>337.5</ele>
</trkpt>
<trkpt lat="35.55681" lon="139.16988">
<ele>338.2</ele>
</trkpt>
<trkpt lat="35.55677" lon="139.16981">
<ele>339.3</ele>
</trkpt>
<trkpt lat="35.55673" lon="139.16974">
<ele>340.5</ele>
</trkpt>
<trkpt lat="35.5566699" lon="139.1696399">
<ele>342.5</ele>
</trkpt>
<trkpt lat="35.55665" lon="139.16958">
<ele>343.3</ele>
</trkpt>
<trkpt lat="35.55663" lon="139.16954">
<ele>344.3</ele>
</trkpt>
<trkpt lat="35.55662" lon="139.1695">
<ele>344.8</ele>
</trkpt>
<trkpt lat="35.55661" lon="139.16947">
<ele>345.3</ele>
</trkpt>
<trkpt lat="35.55661" lon="139.16944">
<ele>345.3</ele>
</trkpt>
<trkpt lat="35.55661" lon="139.1694">
<ele>345.3</ele>
</trkpt>
<trkpt lat="35.55662" lon="139.16936">
<ele>344.8</ele>
</trkpt>
<trkpt lat="35.55662" lon="139.16934">
<ele>344.8</ele>
</trkpt>
<trkpt lat="35.55663" lon="139.1693">
<ele>344.2</ele>
</trkpt>
<trkpt lat="35.55666" lon="139.16916">
<ele>342.3</ele>
</trkpt>
<trkpt lat="35.5566699" lon="139.16912">
<ele>341.6</ele>
</trkpt>
<trkpt lat="35.5567" lon="139.1690099">
<ele>339.7</ele>
</trkpt>
<trkpt lat="35.55672" lon="139.16891">
<ele>338.3</ele>
</trkpt>
<trkpt lat="35.55673" lon="139.16886">
<ele>337.6</ele>
</trkpt>
<trkpt lat="35.55673" lon="139.1688">
<ele>337.2</ele>
</trkpt>
<trkpt lat="35.55672" lon="139.16876">
<ele>337.4</ele>
</trkpt>
<trkpt lat="35.55671" lon="139.16869">
<ele>337.3</ele>
</trkpt>
<trkpt lat="35.55669" lon="139.16862">
<ele>337.7</ele>
</trkpt>
<trkpt lat="35.55666" lon="139.16848">
<ele>338.2</ele>
</trkpt>
<trkpt lat="35.55665" lon="139.16844">
<ele>338.5</ele>
</trkpt>
<trkpt lat="35.55662" lon="139.16835">
<ele>339.3</ele>
</trkpt>
<trkpt lat="35.5566" lon="139.16823">
<ele>337.7</ele>
</trkpt>
<trkpt lat="35.55659" lon="139.16818">
<ele>337.0</ele>
</trkpt>
<trkpt lat="35.55657" lon="139.16813">
<ele>336.7</ele>
</trkpt>
<trkpt lat="35.55655" lon="139.16807">
<ele>336.1</ele>
</trkpt>
<trkpt lat="35.55651" lon="139.16799">
<ele>335.8</ele>
</trkpt>
<trkpt lat="35.5564899" lon="139.16795">
<ele>335.6</ele>
</trkpt>
<trkpt lat="35.55648" lon="139.1679399">
<ele>335.7</ele>
</trkpt>
<trkpt lat="35.55645" lon="139.16789">
<ele>335.6</ele>
</trkpt>
<trkpt lat="35.55642" lon="139.1678499">
<ele>335.8</ele>
</trkpt>
<trkpt lat="35.55639" lon="139.16781">
<ele>335.8</ele>
</trkpt>
<trkpt lat="35.55636" lon="139.16778">
<ele>336.2</ele>
</trkpt>
<trkpt lat="35.55632" lon="139.16775">
<ele>336.8</ele>
</trkpt>
<trkpt lat="35.55628" lon="139.16773">
<ele>337.8</ele>
</trkpt>
<trkpt lat="35.55624" lon="139.1677">
<ele>338.4</ele>
</trkpt>
<trkpt lat="35.55615" lon="139.16766">
<ele>340.4</ele>
</trkpt>
<trkpt lat="35.55607" lon="139.16762">
<ele>342.0</ele>
</trkpt>
<trkpt lat="35.55599" lon="139.1675799">
<ele>343.5</ele>
</trkpt>
<trkpt lat="35.5559" lon="139.16753">
<ele>344.8</ele>
</trkpt>
<trkpt lat="35.55587" lon="139.16751">
<ele>345.1</ele>
</trkpt>
<trkpt lat="35.55586" lon="139.16751">
<ele>345.5</ele>
</trkpt>
<trkpt lat="35.55582" lon="139.1674899">
<ele>346.6</ele>
</trkpt>
<trkpt lat="35.55578" lon="139.16746">
<ele>348.2</ele>
</trkpt>
<trkpt lat="35.55575" lon="139.16743">
<ele>349.3</ele>
</trkpt>
<trkpt lat="35.55571" lon="139.16739">
<ele>350.8</ele>
</trkpt>
<trkpt lat="35.55568" lon="139.16735">
<ele>351.7</ele>
</trkpt>
<trkpt lat="35.55566" lon="139.1673">
<ele>351.8</ele>
</trkpt>
<trkpt lat="35.5556399" lon="139.16727">
<ele>352.3</ele>
</trkpt>
<trkpt lat="35.5556399" lon="139.16726">
<ele>352.1</ele>
</trkpt>
<trkpt lat="35.55562" lon="139.1672">
<ele>352.1</ele>
</trkpt>
<trkpt lat="35.5556" lon="139.16715">
<ele>352.3</ele>
</trkpt>
<trkpt lat="35.5556" lon="139.1671">
<ele>351.3</ele>
</trkpt>
<trkpt lat="35.55559" lon="139.16705">
<ele>350.9</ele>
</trkpt>
<trkpt lat="35.55559" lon="139.16702">
<ele>350.3</ele>
</trkpt>
<trkpt lat="35.55559" lon="139.167">
<ele>349.9</ele>
</trkpt>
<trkpt lat="35.5556" lon="139.16689">
<ele>347.1</ele>
</trkpt>
<trkpt lat="35.5556" lon="139.16682">
<ele>345.7</ele>
</trkpt>
<trkpt lat="35.5556" lon="139.16678">
<ele>345.0</ele>
</trkpt>
<trkpt lat="35.5556" lon="139.16676">
<ele>344.6</ele>
</trkpt>
<trkpt lat="35.55559" lon="139.16671">
<ele>344.2</ele>
</trkpt>
<trkpt lat="35.55558" lon="139.16666">
<ele>343.8</ele>
</trkpt>
<trkpt lat="35.55556" lon="139.16661">
<ele>344.6</ele>
</trkpt>
<trkpt lat="35.5555499" lon="139.16656">
<ele>344.8</ele>
</trkpt>
<trkpt lat="35.55552" lon="139.16652">
<ele>346.1</ele>
</trkpt>
<trkpt lat="35.5555" lon="139.16649">
<ele>346.9</ele>
</trkpt>
<trkpt lat="35.55547" lon="139.16645">
<ele>348.2</ele>
</trkpt>
<trkpt lat="35.55541" lon="139.16638">
<ele>350.8</ele>
</trkpt>
<trkpt lat="35.55537" lon="139.1663299">
<ele>352.3</ele>
</trkpt>
<trkpt lat="35.55528" lon="139.16623">
<ele>355.8</ele>
</trkpt>
<trkpt lat="35.5552599" lon="139.1662">
<ele>356.4</ele>
</trkpt>
<trkpt lat="35.55523" lon="139.1661499">
<ele>357.2</ele>
</trkpt>
<trkpt lat="35.5552" lon="139.1661">
<ele>358.0</ele>
</trkpt>
<trkpt lat="35.55518" lon="139.16605">
<ele>358.2</ele>
</trkpt>
<trkpt lat="35.55518" lon="139.16604">
<ele>358.1</ele>
</trkpt>
<trkpt lat="35.55514" lon="139.16591">
<ele>358.0</ele>
</trkpt>
<trkpt lat="35.55512" lon="139.16581">
<ele>357.3</ele>
</trkpt>
<trkpt lat="35.55511" lon="139.16572">
<ele>356.4</ele>
</trkpt>
<trkpt lat="35.5551" lon="139.16564">
<ele>355.7</ele>
</trkpt>
<trkpt lat="35.55509" lon="139.1656099">
<ele>355.6</ele>
</trkpt>
<trkpt lat="35.5550799" lon="139.16556">
<ele>355.3</ele>
</trkpt>
<trkpt lat="35.55506" lon="139.16551">
<ele>355.4</ele>
</trkpt>
<trkpt lat="35.55503" lon="139.16546">
<ele>355.9</ele>
</trkpt>
<trkpt lat="35.55498" lon="139.16539">
<ele>356.8</ele>
</trkpt>
<trkpt lat="35.55487" lon="139.16523">
<ele>357.7</ele>
</trkpt>
<trkpt lat="35.5547899" lon="139.16511">
<ele>358.2</ele>
</trkpt>
<trkpt lat="35.55472" lon="139.16502">
<ele>358.8</ele>
</trkpt>
<trkpt lat="35.55467" lon="139.16495">
<ele>359.0</ele>
</trkpt>
<trkpt lat="35.55463" lon="139.1649">
<ele>359.3</ele>
</trkpt>
<trkpt lat="35.55457" lon="139.16481">
<ele>359.4</ele>
</trkpt>
<trkpt lat="35.55455" lon="139.16478">
<ele>359.4</ele>
</trkpt>
<trkpt lat="35.55453" lon="139.16476">
<ele>359.6</ele>
</trkpt>
<trkpt lat="35.5545" lon="139.16473">
<ele>359.9</ele>
</trkpt>
<trkpt lat="35.55447" lon="139.16472">
<ele>360.6</ele>
</trkpt>
<trkpt lat="35.55443" lon="139.16469">
<ele>361.1</ele>
</trkpt>
<trkpt lat="35.55438" lon="139.16466">
<ele>362.0</ele>
</trkpt>
<trkpt lat="35.55434" lon="139.16463">
<ele>362.5</ele>
</trkpt>
<trkpt lat="35.55428" lon="139.16459">
<ele>363.4</ele>
</trkpt>
<trkpt lat="35.55424" lon="139.16456">
<ele>364.0</ele>
</trkpt>
<trkpt lat="35.55416" lon="139.16451">
<ele>365.4</ele>
</trkpt>
<trkpt lat="35.55409" lon="139.16446">
<ele>368.3</ele>
</trkpt>
<trkpt lat="35.55408" lon="139.1644499">
<ele>368.7</ele>
</trkpt>
<trkpt lat="35.55407" lon="139.1644499">
<ele>369.3</ele>
</trkpt>
<trkpt lat="35.55404" lon="139.16441">
<ele>370.2</ele>
</trkpt>
<trkpt lat="35.55402" lon="139.16439">
<ele>370.9</ele>
</trkpt>
<trkpt lat="35.55401" lon="139.16437">
<ele>371.1</ele>
</trkpt>
<trkpt lat="35.554" lon="139.16434">
<ele>371.1</ele>
</trkpt>
<trkpt lat="35.55399" lon="139.1643">
<ele>370.9</ele>
</trkpt>
<trkpt lat="35.55399" lon="139.1642699">
<ele>370.4</ele>
</trkpt>
<trkpt lat="35.55398" lon="139.16421">
<ele>369.8</ele>
</trkpt>
<trkpt lat="35.55398" lon="139.16416">
<ele>368.9</ele>
</trkpt>
<trkpt lat="35.55398" lon="139.16411">
<ele>368.5</ele>
</trkpt>
<trkpt lat="35.55398" lon="139.16406">
<ele>368.0</ele>
</trkpt>
<trkpt lat="35.55397" lon="139.16405">
<ele>368.5</ele>
</trkpt>
<trkpt lat="35.55397" lon="139.16401">
<ele>368.1</ele>
</trkpt>
<trkpt lat="35.55395" lon="139.16396">
<ele>368.8</ele>
</trkpt>
<trkpt lat="35.55393" lon="139.1639">
<ele>369.4</ele>
</trkpt>
<trkpt lat="35.55391" lon="139.16385">
<ele>370.0</ele>
</trkpt>
<trkpt lat="35.55388" lon="139.16381">
<ele>371.3</ele>
</trkpt>
<trkpt lat="35.55386" lon="139.16377">
<ele>372.0</ele>
</trkpt>
<trkpt lat="35.55383" lon="139.16372">
<ele>373.1</ele>
</trkpt>
<trkpt lat="35.55381" lon="139.16368">
<ele>373.7</ele>
</trkpt>
<trkpt lat="35.55378" lon="139.16363">
<ele>374.8</ele>
</trkpt>
<trkpt lat="35.5537599" lon="139.16358">
<ele>375.3</ele>
</trkpt>
<trkpt lat="35.55375" lon="139.16353">
<ele>375.2</ele>
</trkpt>
<trkpt lat="35.55373" lon="139.16347">
<ele>375.6</ele>
</trkpt>
<trkpt lat="35.55372" lon="139.16341">
<ele>375.4</ele>
</trkpt>
<trkpt lat="35.55371" lon="139.16335">
<ele>375.2</ele>
</trkpt>
<trkpt lat="35.55371" lon="139.16325">
<ele>374.5</ele>
</trkpt>
<trkpt lat="35.5537" lon="139.1631899">
<ele>374.7</ele>
</trkpt>
<trkpt lat="35.5537" lon="139.16314">
<ele>374.4</ele>
</trkpt>
<trkpt lat="35.55369" lon="139.16311">
<ele>374.6</ele>
</trkpt>
<trkpt lat="35.55369" lon="139.16307">
<ele>374.4</ele>
</trkpt>
<trkpt lat="35.5536699" lon="139.16303">
<ele>375.1</ele>
</trkpt>
<trkpt lat="35.55366" lon="139.16299">
<ele>375.3</ele>
</trkpt>
<trkpt lat="35.55365" lon="139.16295">
<ele>375.5</ele>
</trkpt>
<trkpt lat="35.55362" lon="139.1629">
<ele>376.5</ele>
</trkpt>
<trkpt lat="35.55359" lon="139.16286">
<ele>377.5</ele>
</trkpt>
<trkpt lat="35.5535" lon="139.16274">
<ele>380.5</ele>
</trkpt>
<trkpt lat="35.55344" lon="139.16266">
<ele>382.3</ele>
</trkpt>
<trkpt lat="35.55341" lon="139.16262">
<ele>383.1</ele>
</trkpt>
<trkpt lat="35.55339" lon="139.16258">
<ele>383.6</ele>
</trkpt>
<trkpt lat="35.55337" lon="139.16252">
<ele>383.8</ele>
</trkpt>
<trkpt lat="35.55335" lon="139.16245">
<ele>384.4</ele>
</trkpt>
<trkpt lat="35.55334" lon="139.1623899">
<ele>384.9</ele>
</trkpt>
<trkpt lat="35.55334" lon="139.16232">
<ele>385.0</ele>
</trkpt>
<trkpt lat="35.55334" lon="139.16229">
<ele>385.0</ele>
</trkpt>
<trkpt lat="35.55335" lon="139.16223">
<ele>384.7</ele>
</trkpt>
<trkpt lat="35.55337" lon="139.16208">
<ele>384.1</ele>
</trkpt>
<trkpt lat="35.55339" lon="139.162">
<ele>383.4</ele>
</trkpt>
<trkpt lat="35.55343" lon="139.16183">
<ele>382.2</ele>
</trkpt>
<trkpt lat="35.55346" lon="139.1617">
<ele>381.2</ele>
</trkpt>
<trkpt lat="35.55348" lon="139.16156">
<ele>379.0</ele>
</trkpt>
<trkpt lat="35.5535" lon="139.16138">
<ele>375.7</ele>
</trkpt>
<trkpt lat="35.5535" lon="139.16126">
<ele>373.9</ele>
</trkpt>
<trkpt lat="35.5535" lon="139.16119">
<ele>372.9</ele>
</trkpt>
<trkpt lat="35.5535" lon="139.16114">
<ele>372.2</ele>
</trkpt>
<trkpt lat="35.5534899" lon="139.16109">
<ele>371.8</ele>
</trkpt>
<trkpt lat="35.5534899" lon="139.16097">
<ele>370.0</ele>
</trkpt>
<trkpt lat="35.55348" lon="139.16095">
<ele>370.0</ele>
</trkpt>
<trkpt lat="35.55347" lon="139.16083">
<ele>368.6</ele>
</trkpt>
<trkpt lat="35.55345" lon="139.16069">
<ele>369.1</ele>
</trkpt>
<trkpt lat="35.55343" lon="139.16046">
<ele>369.8</ele>
</trkpt>
<trkpt lat="35.55341" lon="139.1603">
<ele>370.4</ele>
</trkpt>
<trkpt lat="35.5534" lon="139.1601499">
<ele>370.8</ele>
</trkpt>
<trkpt lat="35.5534" lon="139.16014">
<ele>370.8</ele>
</trkpt>
<trkpt lat="35.55339" lon="139.15999">
<ele>371.3</ele>
</trkpt>
<trkpt lat="35.55339" lon="139.15996">
<ele>371.6</ele>
</trkpt>
<trkpt lat="35.55339" lon="139.15984">
<ele>372.7</ele>
</trkpt>
<trkpt lat="35.5534" lon="139.15973">
<ele>373.3</ele>
</trkpt>
<trkpt lat="35.5534" lon="139.15965">
<ele>374.0</ele>
</trkpt>
<trkpt lat="35.55341" lon="139.15955">
<ele>374.6</ele>
</trkpt>
<trkpt lat="35.55343" lon="139.1594">
<ele>375.2</ele>
</trkpt>
<trkpt lat="35.55343" lon="139.15938">
<ele>375.3</ele>
</trkpt>
<trkpt lat="35.5535" lon="139.15889">
<ele>372.6</ele>
</trkpt>
<trkpt lat="35.55351" lon="139.15867">
<ele>370.8</ele>
</trkpt>
<trkpt lat="35.5535" lon="139.15851">
<ele>370.1</ele>
</trkpt>
<trkpt lat="35.55348" lon="139.1584">
<ele>370.2</ele>
</trkpt>
<trkpt lat="35.55347" lon="139.15831">
<ele>369.8</ele>
</trkpt>
<trkpt lat="35.55344" lon="139.1582">
<ele>369.2</ele>
</trkpt>
<trkpt lat="35.55342" lon="139.15812">
<ele>368.7</ele>
</trkpt>
<trkpt lat="35.55338" lon="139.15801">
<ele>368.2</ele>
</trkpt>
<trkpt lat="35.55337" lon="139.15798">
<ele>368.0</ele>
</trkpt>
<trkpt lat="35.55336" lon="139.15794">
<ele>367.7</ele>
</trkpt>
<trkpt lat="35.55334" lon="139.1579">
<ele>367.5</ele>
</trkpt>
<trkpt lat="35.55332" lon="139.15785">
<ele>367.1</ele>
</trkpt>
<trkpt lat="35.55327" lon="139.15776">
<ele>366.3</ele>
</trkpt>
<trkpt lat="35.55321" lon="139.15765">
<ele>365.3</ele>
</trkpt>
<trkpt lat="35.55313" lon="139.15754">
<ele>364.6</ele>
</trkpt>
<trkpt lat="35.5531099" lon="139.15751">
<ele>364.4</ele>
</trkpt>
<trkpt lat="35.55291" lon="139.15727">
<ele>363.3</ele>
</trkpt>
<trkpt lat="35.55281" lon="139.15712">
<ele>362.6</ele>
</trkpt>
<trkpt lat="35.55268" lon="139.15694">
<ele>362.5</ele>
</trkpt>
<trkpt lat="35.5525" lon="139.15668">
<ele>363.2</ele>
</trkpt>
<trkpt lat="35.55236" lon="139.15645">
<ele>367.8</ele>
</trkpt>
<trkpt lat="35.55231" lon="139.15636">
<ele>369.1</ele>
</trkpt>
<trkpt lat="35.55223" lon="139.15618">
<ele>370.2</ele>
</trkpt>
<trkpt lat="35.5521699" lon="139.15606">
<ele>370.9</ele>
</trkpt>
<trkpt lat="35.55215" lon="139.15602">
<ele>371.1</ele>
</trkpt>
<trkpt lat="35.55202" lon="139.15573">
<ele>370.9</ele>
</trkpt>
<trkpt lat="35.55178" lon="139.15519">
<ele>366.9</ele>
</trkpt>
<trkpt lat="35.55176" lon="139.15514">
<ele>366.2</ele>
</trkpt>
<trkpt lat="35.55168" lon="139.15495">
<ele>364.3</ele>
</trkpt>
<trkpt lat="35.55163" lon="139.15482">
<ele>364.4</ele>
</trkpt>
<trkpt lat="35.55155" lon="139.15464">
<ele>364.9</ele>
</trkpt>
<trkpt lat="35.55148" lon="139.1545099">
<ele>365.4</ele>
</trkpt>
<trkpt lat="35.55142" lon="139.1544">
<ele>365.6</ele>
</trkpt>
<trkpt lat="35.55138" lon="139.15434">
<ele>365.8</ele>
</trkpt>
<trkpt lat="35.55136" lon="139.15431">
<ele>365.9</ele>
</trkpt>
<trkpt lat="35.55133" lon="139.15428">
<ele>366.3</ele>
</trkpt>
<trkpt lat="35.55131" lon="139.15426">
<ele>366.5</ele>
</trkpt>
<trkpt lat="35.55128" lon="139.1542399">
<ele>366.9</ele>
</trkpt>
<trkpt lat="35.55124" lon="139.15421">
<ele>367.4</ele>
</trkpt>
<trkpt lat="35.55111" lon="139.15414">
<ele>369.4</ele>
</trkpt>
<trkpt lat="35.551" lon="139.15408">
<ele>371.2</ele>
</trkpt>
<trkpt lat="35.55096" lon="139.1540599">
<ele>371.8</ele>
</trkpt>
<trkpt lat="35.55091" lon="139.15404">
<ele>372.7</ele>
</trkpt>
<trkpt lat="35.55089" lon="139.15403">
<ele>373.0</ele>
</trkpt>
<trkpt lat="35.55083" lon="139.15401">
<ele>374.0</ele>
</trkpt>
<trkpt lat="35.55078" lon="139.154">
<ele>374.7</ele>
</trkpt>
<trkpt lat="35.55071" lon="139.154">
<ele>375.9</ele>
</trkpt>
<trkpt lat="35.5506699" lon="139.154">
<ele>376.6</ele>
</trkpt>
<trkpt lat="35.55063" lon="139.154">
<ele>377.3</ele>
</trkpt>
<trkpt lat="35.5506" lon="139.154">
<ele>377.8</ele>
</trkpt>
<trkpt lat="35.55055" lon="139.15401">
<ele>378.8</ele>
</trkpt>
<trkpt lat="35.55052" lon="139.15401">
<ele>379.4</ele>
</trkpt>
<trkpt lat="35.55049" lon="139.154">
<ele>379.7</ele>
</trkpt>
<trkpt lat="35.55047" lon="139.154">
<ele>380.1</ele>
</trkpt>
<trkpt lat="35.55043" lon="139.15399">
<ele>380.6</ele>
</trkpt>
<trkpt lat="35.55042" lon="139.15398">
<ele>380.6</ele>
</trkpt>
<trkpt lat="35.5504" lon="139.1539699">
<ele>380.8</ele>
</trkpt>
<trkpt lat="35.5503799" lon="139.15395">
<ele>380.9</ele>
</trkpt>
<trkpt lat="35.55037" lon="139.15395">
<ele>381.0</ele>
</trkpt>
<trkpt lat="35.55036" lon="139.15394">
<ele>381.1</ele>
</trkpt>
<trkpt lat="35.55036" lon="139.15393">
<ele>380.9</ele>
</trkpt>
<trkpt lat="35.55035" lon="139.15392">
<ele>380.9</ele>
</trkpt>
<trkpt lat="35.55034" lon="139.15391">
<ele>380.9</ele>
</trkpt>
<trkpt lat="35.55032" lon="139.1538799">
<ele>380.8</ele>
</trkpt>
<trkpt lat="35.55031" lon="139.15385">
<ele>380.5</ele>
</trkpt>
<trkpt lat="35.5503" lon="139.15382">
<ele>380.2</ele>
</trkpt>
<trkpt lat="35.5502899" lon="139.15378">
<ele>379.8</ele>
</trkpt>
<trkpt lat="35.5502899" lon="139.15377">
<ele>379.6</ele>
</trkpt>
<trkpt lat="35.5502899" lon="139.15373">
<ele>379.0</ele>
</trkpt>
<trkpt lat="35.5502899" lon="139.15371">
<ele>378.7</ele>
</trkpt>
<trkpt lat="35.5502899" lon="139.15368">
<ele>378.2</ele>
</trkpt>
<trkpt lat="35.5503" lon="139.15365">
<ele>377.6</ele>
</trkpt>
<trkpt lat="35.55031" lon="139.15362">
<ele>377.0</ele>
</trkpt>
<trkpt lat="35.55032" lon="139.15359">
<ele>376.4</ele>
</trkpt>
<trkpt lat="35.55034" lon="139.15355">
<ele>375.4</ele>
</trkpt>
<trkpt lat="35.55036" lon="139.1535199">
<ele>374.7</ele>
</trkpt>
<trkpt lat="35.5503799" lon="139.15349">
<ele>373.9</ele>
</trkpt>
<trkpt lat="35.55039" lon="139.15346">
<ele>373.3</ele>
</trkpt>
<trkpt lat="35.5504" lon="139.1534299">
<ele>372.7</ele>
</trkpt>
<trkpt lat="35.5504" lon="139.1534">
<ele>372.2</ele>
</trkpt>
<trkpt lat="35.5504" lon="139.15338">
<ele>371.9</ele>
</trkpt>
<trkpt lat="35.5504" lon="139.15336">
<ele>371.6</ele>
</trkpt>
<trkpt lat="35.5504" lon="139.1533399">
<ele>371.3</ele>
</trkpt>
<trkpt lat="35.5504" lon="139.15331">
<ele>371.0</ele>
</trkpt>
<trkpt lat="35.55039" lon="139.15327">
<ele>370.6</ele>
</trkpt>
<trkpt lat="35.5503799" lon="139.15324">
<ele>370.4</ele>
</trkpt>
<trkpt lat="35.55037" lon="139.15321">
<ele>370.2</ele>
</trkpt>
<trkpt lat="35.55035" lon="139.15317">
<ele>370.0</ele>
</trkpt>
<trkpt lat="35.55033" lon="139.15314">
<ele>369.9</ele>
</trkpt>
<trkpt lat="35.55031" lon="139.15311">
<ele>369.9</ele>
</trkpt>
<trkpt lat="35.5502899" lon="139.15309">
<ele>370.0</ele>
</trkpt>
<trkpt lat="35.55027" lon="139.15308">
<ele>370.2</ele>
</trkpt>
<trkpt lat="35.55023" lon="139.15306">
<ele>370.6</ele>
</trkpt>
<trkpt lat="35.55019" lon="139.15304">
<ele>371.0</ele>
</trkpt>
<trkpt lat="35.55013" lon="139.15302">
<ele>371.8</ele>
</trkpt>
<trkpt lat="35.55002" lon="139.15296">
<ele>373.1</ele>
</trkpt>
<trkpt lat="35.54994" lon="139.15291">
<ele>374.2</ele>
</trkpt>
<trkpt lat="35.54987" lon="139.15285">
<ele>375.0</ele>
</trkpt>
<trkpt lat="35.54972" lon="139.15274">
<ele>376.5</ele>
</trkpt>
<trkpt lat="35.54971" lon="139.15273">
<ele>376.6</ele>
</trkpt>
<trkpt lat="35.5496399" lon="139.15267">
<ele>377.0</ele>
</trkpt>
<trkpt lat="35.5496" lon="139.15264">
<ele>377.3</ele>
</trkpt>
<trkpt lat="35.54957" lon="139.15262">
<ele>377.5</ele>
</trkpt>
<trkpt lat="35.54954" lon="139.15261">
<ele>377.9</ele>
</trkpt>
<trkpt lat="35.54951" lon="139.1526">
<ele>378.2</ele>
</trkpt>
<trkpt lat="35.5495" lon="139.1526">
<ele>378.4</ele>
</trkpt>
<trkpt lat="35.54948" lon="139.15259">
<ele>378.6</ele>
</trkpt>
<trkpt lat="35.54942" lon="139.1526">
<ele>379.8</ele>
</trkpt>
<trkpt lat="35.54936" lon="139.1526299">
<ele>381.3</ele>
</trkpt>
<trkpt lat="35.54922" lon="139.15271">
<ele>385.3</ele>
</trkpt>
<trkpt lat="35.54913" lon="139.15275">
<ele>388.6</ele>
</trkpt>
<trkpt lat="35.54905" lon="139.15278">
<ele>392.4</ele>
</trkpt>
<trkpt lat="35.54903" lon="139.15278">
<ele>393.2</ele>
</trkpt>
<trkpt lat="35.54901" lon="139.15278">
<ele>394.0</ele>
</trkpt>
<trkpt lat="35.54898" lon="139.15278">
<ele>395.2</ele>
</trkpt>
<trkpt lat="35.54896" lon="139.15277">
<ele>395.9</ele>
</trkpt>
<trkpt lat="35.54894" lon="139.15276">
<ele>396.6</ele>
</trkpt>
<trkpt lat="35.54893" lon="139.15275">
<ele>396.8</ele>
</trkpt>
<trkpt lat="35.54892" lon="139.15274">
<ele>397.1</ele>
</trkpt>
<trkpt lat="35.5489" lon="139.15273">
<ele>397.8</ele>
</trkpt>
<trkpt lat="35.54889" lon="139.1527199">
<ele>398.0</ele>
</trkpt>
<trkpt lat="35.5488799" lon="139.15271">
<ele>398.3</ele>
</trkpt>
<trkpt lat="35.54887" lon="139.1527">
<ele>398.6</ele>
</trkpt>
<trkpt lat="35.54886" lon="139.15269">
<ele>398.9</ele>
</trkpt>
<trkpt lat="35.54885" lon="139.15267">
<ele>399.0</ele>
</trkpt>
<trkpt lat="35.54885" lon="139.15265">
<ele>398.8</ele>
</trkpt>
<trkpt lat="35.54884" lon="139.15262">
<ele>398.8</ele>
</trkpt>
<trkpt lat="35.54884" lon="139.15258">
<ele>398.3</ele>
</trkpt>
<trkpt lat="35.54884" lon="139.1525399">
<ele>397.8</ele>
</trkpt>
<trkpt lat="35.54886" lon="139.15247">
<ele>397.1</ele>
</trkpt>
<trkpt lat="35.54891" lon="139.15234">
<ele>397.8</ele>
</trkpt>
<trkpt lat="35.54892" lon="139.15232">
<ele>397.8</ele>
</trkpt>
<trkpt lat="35.54895" lon="139.15229">
<ele>397.0</ele>
</trkpt>
<trkpt lat="35.54901" lon="139.15223">
<ele>395.2</ele>
</trkpt>
<trkpt lat="35.5490799" lon="139.15215">
<ele>393.3</ele>
</trkpt>
<trkpt lat="35.54913" lon="139.15208">
<ele>392.0</ele>
</trkpt>
<trkpt lat="35.54919" lon="139.15201">
<ele>390.8</ele>
</trkpt>
<trkpt lat="35.54923" lon="139.15196">
<ele>390.6</ele>
</trkpt>
<trkpt lat="35.54927" lon="139.1519099">
<ele>390.4</ele>
</trkpt>
<trkpt lat="35.54929" lon="139.15187">
<ele>390.5</ele>
</trkpt>
<trkpt lat="35.5493" lon="139.15187">
<ele>390.2</ele>
</trkpt>
<trkpt lat="35.54932" lon="139.15183">
<ele>390.2</ele>
</trkpt>
<trkpt lat="35.54933" lon="139.15179">
<ele>390.6</ele>
</trkpt>
<trkpt lat="35.54934" lon="139.15174">
<ele>391.0</ele>
</trkpt>
<trkpt lat="35.54934" lon="139.15168">
<ele>392.0</ele>
</trkpt>
<trkpt lat="35.54933" lon="139.1516">
<ele>392.9</ele>
</trkpt>
<trkpt lat="35.54933" lon="139.1514599">
<ele>393.7</ele>
</trkpt>
<trkpt lat="35.54934" lon="139.1513699">
<ele>393.8</ele>
</trkpt>
<trkpt lat="35.5493499" lon="139.15128">
<ele>393.8</ele>
</trkpt>
<trkpt lat="35.54937" lon="139.15122">
<ele>393.1</ele>
</trkpt>
<trkpt lat="35.5494" lon="139.15117">
<ele>391.8</ele>
</trkpt>
<trkpt lat="35.54943" lon="139.1511">
<ele>390.4</ele>
</trkpt>
<trkpt lat="35.54946" lon="139.15104">
<ele>388.8</ele>
</trkpt>
<trkpt lat="35.54948" lon="139.15096">
<ele>387.7</ele>
</trkpt>
<trkpt lat="35.54948" lon="139.1509">
<ele>387.7</ele>
</trkpt>
<trkpt lat="35.54949" lon="139.15082">
<ele>386.8</ele>
</trkpt>
<trkpt lat="35.54949" lon="139.1507499">
<ele>385.7</ele>
</trkpt>
<trkpt lat="35.54949" lon="139.15068">
<ele>384.6</ele>
</trkpt>
<trkpt lat="35.54949" lon="139.15065">
<ele>384.1</ele>
</trkpt>
<trkpt lat="35.54947" lon="139.1505699">
<ele>384.0</ele>
</trkpt>
<trkpt lat="35.54946" lon="139.15051">
<ele>383.6</ele>
</trkpt>
<trkpt lat="35.54944" lon="139.15042">
<ele>383.3</ele>
</trkpt>
<trkpt lat="35.54937" lon="139.15025">
<ele>384.3</ele>
</trkpt>
<trkpt lat="35.54934" lon="139.15018">
<ele>384.6</ele>
</trkpt>
<trkpt lat="35.54929" lon="139.1501">
<ele>385.7</ele>
</trkpt>
<trkpt lat="35.5492599" lon="139.15004">
<ele>386.1</ele>
</trkpt>
<trkpt lat="35.54923" lon="139.15">
<ele>386.8</ele>
</trkpt>
<trkpt lat="35.54918" lon="139.1499399">
<ele>388.6</ele>
</trkpt>
<trkpt lat="35.54916" lon="139.14991">
<ele>389.3</ele>
</trkpt>
<trkpt lat="35.54914" lon="139.14989">
<ele>390.2</ele>
</trkpt>
<trkpt lat="35.54905" lon="139.14982">
<ele>394.1</ele>
</trkpt>
<trkpt lat="35.54901" lon="139.14978">
<ele>395.5</ele>
</trkpt>
<trkpt lat="35.5489" lon="139.14969">
<ele>399.2</ele>
</trkpt>
<trkpt lat="35.54886" lon="139.14966">
<ele>400.4</ele>
</trkpt>
<trkpt lat="35.54874" lon="139.14957">
<ele>403.6</ele>
</trkpt>
<trkpt lat="35.5486999" lon="139.14953">
<ele>404.2</ele>
</trkpt>
<trkpt lat="35.54862" lon="139.14946">
<ele>405.3</ele>
</trkpt>
<trkpt lat="35.54858" lon="139.14943">
<ele>405.8</ele>
</trkpt>
<trkpt lat="35.54855" lon="139.1494">
<ele>406.0</ele>
</trkpt>
<trkpt lat="35.54851" lon="139.14934">
<ele>405.3</ele>
</trkpt>
<trkpt lat="35.54848" lon="139.1493">
<ele>404.8</ele>
</trkpt>
<trkpt lat="35.54845" lon="139.14927">
<ele>404.7</ele>
</trkpt>
<trkpt lat="35.5484" lon="139.14919">
<ele>403.0</ele>
</trkpt>
<trkpt lat="35.54837" lon="139.14912">
<ele>402.8</ele>
</trkpt>
<trkpt lat="35.54836" lon="139.14907">
<ele>402.8</ele>
</trkpt>
<trkpt lat="35.54833" lon="139.14898">
<ele>403.2</ele>
</trkpt>
<trkpt lat="35.5483199" lon="139.14889">
<ele>403.0</ele>
</trkpt>
<trkpt lat="35.54831" lon="139.14881">
<ele>402.8</ele>
</trkpt>
<trkpt lat="35.5483199" lon="139.14873">
<ele>402.2</ele>
</trkpt>
<trkpt lat="35.5483199" lon="139.14866">
<ele>401.9</ele>
</trkpt>
<trkpt lat="35.54834" lon="139.1485999">
<ele>401.2</ele>
</trkpt>
<trkpt lat="35.54836" lon="139.1485099">
<ele>400.4</ele>
</trkpt>
<trkpt lat="35.54839" lon="139.1484199">
<ele>399.6</ele>
</trkpt>
<trkpt lat="35.5484" lon="139.1484">
<ele>399.4</ele>
</trkpt>
<trkpt lat="35.54843" lon="139.14834">
<ele>398.7</ele>
</trkpt>
<trkpt lat="35.5485" lon="139.14825">
<ele>399.1</ele>
</trkpt>
<trkpt lat="35.54854" lon="139.14819">
<ele>399.4</ele>
</trkpt>
<trkpt lat="35.54862" lon="139.1481">
<ele>399.6</ele>
</trkpt>
<trkpt lat="35.54872" lon="139.14799">
<ele>399.5</ele>
</trkpt>
<trkpt lat="35.54876" lon="139.14795">
<ele>399.4</ele>
</trkpt>
<trkpt lat="35.5489" lon="139.14778">
<ele>399.1</ele>
</trkpt>
<trkpt lat="35.54895" lon="139.14772">
<ele>398.9</ele>
</trkpt>
<trkpt lat="35.54899" lon="139.14766">
<ele>398.8</ele>
</trkpt>
<trkpt lat="35.54902" lon="139.1476">
<ele>398.9</ele>
</trkpt>
<trkpt lat="35.54904" lon="139.14757">
<ele>398.8</ele>
</trkpt>
<trkpt lat="35.54906" lon="139.14753">
<ele>398.9</ele>
</trkpt>
<trkpt lat="35.54907" lon="139.1475">
<ele>399.0</ele>
</trkpt>
<trkpt lat="35.5490799" lon="139.14745">
<ele>399.1</ele>
</trkpt>
<trkpt lat="35.54909" lon="139.14742">
<ele>399.1</ele>
</trkpt>
<trkpt lat="35.5491" lon="139.14738">
<ele>399.2</ele>
</trkpt>
<trkpt lat="35.54911" lon="139.14728">
<ele>399.6</ele>
</trkpt>
<trkpt lat="35.54911" lon="139.14723">
<ele>399.9</ele>
</trkpt>
<trkpt lat="35.54912" lon="139.14714">
<ele>400.2</ele>
</trkpt>
<trkpt lat="35.54912" lon="139.14703">
<ele>400.9</ele>
</trkpt>
<trkpt lat="35.54912" lon="139.14692">
<ele>401.6</ele>
</trkpt>
<trkpt lat="35.54912" lon="139.14687">
<ele>401.9</ele>
</trkpt>
<trkpt lat="35.54912" lon="139.14682">
<ele>402.2</ele>
</trkpt>
<trkpt lat="35.54913" lon="139.1467">
<ele>402.5</ele>
</trkpt>
<trkpt lat="35.54913" lon="139.14659">
<ele>402.1</ele>
</trkpt>
<trkpt lat="35.54913" lon="139.14647">
<ele>401.1</ele>
</trkpt>
<trkpt lat="35.54913" lon="139.1464">
<ele>400.6</ele>
</trkpt>
<trkpt lat="35.54912" lon="139.14637">
<ele>400.8</ele>
</trkpt>
<trkpt lat="35.54912" lon="139.14633">
<ele>400.5</ele>
</trkpt>
<trkpt lat="35.54911" lon="139.14629">
<ele>400.7</ele>
</trkpt>
<trkpt lat="35.5491" lon="139.14625">
<ele>400.9</ele>
</trkpt>
<trkpt lat="35.5490799" lon="139.14616">
<ele>401.3</ele>
</trkpt>
<trkpt lat="35.54907" lon="139.14612">
<ele>401.6</ele>
</trkpt>
<trkpt lat="35.54906" lon="139.1461">
<ele>402.0</ele>
</trkpt>
<trkpt lat="35.54903" lon="139.14603">
<ele>403.1</ele>
</trkpt>
<trkpt lat="35.54901" lon="139.14597">
<ele>403.9</ele>
</trkpt>
<trkpt lat="35.54898" lon="139.14592">
<ele>405.2</ele>
</trkpt>
<trkpt lat="35.54895" lon="139.14587">
<ele>406.7</ele>
</trkpt>
<trkpt lat="35.54889" lon="139.14577">
<ele>408.5</ele>
</trkpt>
<trkpt lat="35.54887" lon="139.14575">
<ele>409.1</ele>
</trkpt>
<trkpt lat="35.54881" lon="139.14565">
<ele>410.1</ele>
</trkpt>
<trkpt lat="35.54873" lon="139.14552">
<ele>411.2</ele>
</trkpt>
<trkpt lat="35.54869" lon="139.14546">
<ele>411.7</ele>
</trkpt>
<trkpt lat="35.54866" lon="139.14538">
<ele>411.2</ele>
</trkpt>
<trkpt lat="35.54862" lon="139.14532">
<ele>411.6</ele>
</trkpt>
<trkpt lat="35.5486" lon="139.14525">
<ele>410.7</ele>
</trkpt>
<trkpt lat="35.54856" lon="139.14516">
<ele>410.1</ele>
</trkpt>
<trkpt lat="35.54852" lon="139.14505">
<ele>408.9</ele>
</trkpt>
<trkpt lat="35.54845" lon="139.1448399">
<ele>407.7</ele>
</trkpt>
<trkpt lat="35.54837" lon="139.1446">
<ele>406.4</ele>
</trkpt>
<trkpt lat="35.54833" lon="139.1445">
<ele>406.0</ele>
</trkpt>
<trkpt lat="35.5483" lon="139.1444">
<ele>405.3</ele>
</trkpt>
<trkpt lat="35.54827" lon="139.14431">
<ele>404.8</ele>
</trkpt>
<trkpt lat="35.5482299" lon="139.1442">
<ele>404.3</ele>
</trkpt>
<trkpt lat="35.54821" lon="139.14415">
<ele>404.3</ele>
</trkpt>
<trkpt lat="35.54819" lon="139.14408">
<ele>404.4</ele>
</trkpt>
<trkpt lat="35.54815" lon="139.14397">
<ele>404.9</ele>
</trkpt>
<trkpt lat="35.54813" lon="139.14392">
<ele>405.2</ele>
</trkpt>
<trkpt lat="35.54809" lon="139.14382">
<ele>405.6</ele>
</trkpt>
<trkpt lat="35.54806" lon="139.14374">
<ele>405.9</ele>
</trkpt>
<trkpt lat="35.54802" lon="139.14365">
<ele>406.3</ele>
</trkpt>
<trkpt lat="35.54798" lon="139.14356">
<ele>406.7</ele>
</trkpt>
<trkpt lat="35.54789" lon="139.14336">
<ele>407.3</ele>
</trkpt>
<trkpt lat="35.5478499" lon="139.14327">
<ele>407.7</ele>
</trkpt>
<trkpt lat="35.54784" lon="139.14325">
<ele>407.9</ele>
</trkpt>
<trkpt lat="35.54783" lon="139.14322">
<ele>407.9</ele>
</trkpt>
<trkpt lat="35.5478" lon="139.14317">
<ele>408.3</ele>
</trkpt>
<trkpt lat="35.54774" lon="139.14308">
<ele>409.2</ele>
</trkpt>
<trkpt lat="35.5477" lon="139.14301">
<ele>409.5</ele>
</trkpt>
<trkpt lat="35.54765" lon="139.14295">
<ele>410.2</ele>
</trkpt>
<trkpt lat="35.54762" lon="139.14291">
<ele>410.4</ele>
</trkpt>
<trkpt lat="35.5476" lon="139.14289">
<ele>410.7</ele>
</trkpt>
<trkpt lat="35.54757" lon="139.14286">
<ele>411.1</ele>
</trkpt>
<trkpt lat="35.54753" lon="139.14281">
<ele>411.4</ele>
</trkpt>
<trkpt lat="35.54748" lon="139.14276">
<ele>411.7</ele>
</trkpt>
<trkpt lat="35.54743" lon="139.14272">
<ele>411.9</ele>
</trkpt>
<trkpt lat="35.5473799" lon="139.14268">
<ele>412.0</ele>
</trkpt>
<trkpt lat="35.54732" lon="139.14264">
<ele>412.2</ele>
</trkpt>
<trkpt lat="35.54727" lon="139.14261">
<ele>412.4</ele>
</trkpt>
<trkpt lat="35.54722" lon="139.14258">
<ele>412.5</ele>
</trkpt>
<trkpt lat="35.54712" lon="139.14252">
<ele>412.5</ele>
</trkpt>
<trkpt lat="35.54706" lon="139.14248">
<ele>412.6</ele>
</trkpt>
<trkpt lat="35.54697" lon="139.14243">
<ele>413.2</ele>
</trkpt>
<trkpt lat="35.54687" lon="139.14238">
<ele>414.0</ele>
</trkpt>
<trkpt lat="35.5468199" lon="139.14235">
<ele>414.3</ele>
</trkpt>
<trkpt lat="35.54668" lon="139.14227">
<ele>415.3</ele>
</trkpt>
<trkpt lat="35.54663" lon="139.14225">
<ele>416.9</ele>
</trkpt>
<trkpt lat="35.54653" lon="139.14219">
<ele>420.5</ele>
</trkpt>
<trkpt lat="35.54649" lon="139.14217">
<ele>421.9</ele>
</trkpt>
<trkpt lat="35.54642" lon="139.14212">
<ele>424.0</ele>
</trkpt>
<trkpt lat="35.54606" lon="139.14192">
<ele>434.0</ele>
</trkpt>
<trkpt lat="35.54553" lon="139.14162">
<ele>450.0</ele>
</trkpt>
<trkpt lat="35.54547" lon="139.14158">
<ele>451.9</ele>
</trkpt>
<trkpt lat="35.5454099" lon="139.14154">
<ele>453.7</ele>
</trkpt>
<trkpt lat="35.54539" lon="139.14153">
<ele>454.5</ele>
</trkpt>
<trkpt lat="35.54533" lon="139.14148">
<ele>455.9</ele>
</trkpt>
<trkpt lat="35.54525" lon="139.14142">
<ele>457.8</ele>
</trkpt>
<trkpt lat="35.54511" lon="139.14128">
<ele>459.5</ele>
</trkpt>
<trkpt lat="35.54509" lon="139.14127">
<ele>460.1</ele>
</trkpt>
<trkpt lat="35.54501" lon="139.14118">
<ele>460.3</ele>
</trkpt>
<trkpt lat="35.54497" lon="139.14115">
<ele>461.9</ele>
</trkpt>
<trkpt lat="35.5449399" lon="139.14111">
<ele>462.6</ele>
</trkpt>
<trkpt lat="35.54489" lon="139.14106">
<ele>464.7</ele>
</trkpt>
<trkpt lat="35.5448499" lon="139.1409899">
<ele>465.4</ele>
</trkpt>
<trkpt lat="35.54479" lon="139.14091">
<ele>467.5</ele>
</trkpt>
<trkpt lat="35.54475" lon="139.14083">
<ele>468.3</ele>
</trkpt>
<trkpt lat="35.54468" lon="139.14068">
<ele>471.9</ele>
</trkpt>
<trkpt lat="35.54465" lon="139.14061">
<ele>473.3</ele>
</trkpt>
<trkpt lat="35.54464" lon="139.14058">
<ele>473.7</ele>
</trkpt>
<trkpt lat="35.54463" lon="139.14055">
<ele>474.0</ele>
</trkpt>
<trkpt lat="35.54461" lon="139.1405">
<ele>474.9</ele>
</trkpt>
<trkpt lat="35.5446" lon="139.14042">
<ele>474.4</ele>
</trkpt>
<trkpt lat="35.5446" lon="139.14041">
<ele>474.3</ele>
</trkpt>
<trkpt lat="35.54459" lon="139.14028">
<ele>473.0</ele>
</trkpt>
<trkpt lat="35.54457" lon="139.14011">
<ele>471.8</ele>
</trkpt>
<trkpt lat="35.54455" lon="139.13953">
<ele>458.5</ele>
</trkpt>
<trkpt lat="35.54454" lon="139.13941">
<ele>455.8</ele>
</trkpt>
<trkpt lat="35.54452" lon="139.13928">
<ele>453.3</ele>
</trkpt>
<trkpt lat="35.5445" lon="139.13919">
<ele>451.9</ele>
</trkpt>
<trkpt lat="35.54448" lon="139.1391">
<ele>451.1</ele>
</trkpt>
<trkpt lat="35.5444699" lon="139.13909">
<ele>451.4</ele>
</trkpt>
<trkpt lat="35.54445" lon="139.1390199">
<ele>451.2</ele>
</trkpt>
<trkpt lat="35.54443" lon="139.13898">
<ele>451.5</ele>
</trkpt>
<trkpt lat="35.54441" lon="139.13895">
<ele>452.1</ele>
</trkpt>
<trkpt lat="35.5443799" lon="139.1389299">
<ele>453.3</ele>
</trkpt>
<trkpt lat="35.54437" lon="139.13892">
<ele>453.6</ele>
</trkpt>
<trkpt lat="35.54435" lon="139.13892">
<ele>454.7</ele>
</trkpt>
<trkpt lat="35.54432" lon="139.13892">
<ele>456.4</ele>
</trkpt>
<trkpt lat="35.54426" lon="139.13892">
<ele>459.6</ele>
</trkpt>
<trkpt lat="35.54417" lon="139.1389299">
<ele>464.7</ele>
</trkpt>
<trkpt lat="35.54409" lon="139.1389299">
<ele>468.9</ele>
</trkpt>
<trkpt lat="35.54407" lon="139.1389299">
<ele>469.9</ele>
</trkpt>
<trkpt lat="35.54406" lon="139.13892">
<ele>470.2</ele>
</trkpt>
<trkpt lat="35.54405" lon="139.13891">
<ele>470.5</ele>
</trkpt>
<trkpt lat="35.54405" lon="139.1389">
<ele>470.3</ele>
</trkpt>
<trkpt lat="35.54403" lon="139.13887">
<ele>470.5</ele>
</trkpt>
<trkpt lat="35.54402" lon="139.1388399">
<ele>470.3</ele>
</trkpt>
<trkpt lat="35.54401" lon="139.13878">
<ele>469.2</ele>
</trkpt>
<trkpt lat="35.54399" lon="139.13868">
<ele>467.5</ele>
</trkpt>
<trkpt lat="35.54397" lon="139.13844">
<ele>462.0</ele>
</trkpt>
<trkpt lat="35.54394" lon="139.1382999">
<ele>459.1</ele>
</trkpt>
<trkpt lat="35.54392" lon="139.1381199">
<ele>453.8</ele>
</trkpt>
<trkpt lat="35.5439099" lon="139.13808">
<ele>452.8</ele>
</trkpt>
<trkpt lat="35.5439099" lon="139.13805">
<ele>451.8</ele>
</trkpt>
<trkpt lat="35.5439" lon="139.1380299">
<ele>451.4</ele>
</trkpt>
<trkpt lat="35.54389" lon="139.13799">
<ele>450.3</ele>
</trkpt>
<trkpt lat="35.54388" lon="139.13795">
<ele>449.2</ele>
</trkpt>
<trkpt lat="35.54387" lon="139.13792">
<ele>448.4</ele>
</trkpt>
<trkpt lat="35.54385" lon="139.13789">
<ele>447.8</ele>
</trkpt>
<trkpt lat="35.54384" lon="139.13787">
<ele>447.3</ele>
</trkpt>
<trkpt lat="35.5438199" lon="139.13786">
<ele>447.4</ele>
</trkpt>
<trkpt lat="35.5438" lon="139.13784">
<ele>447.0</ele>
</trkpt>
<trkpt lat="35.54378" lon="139.13783">
<ele>447.1</ele>
</trkpt>
<trkpt lat="35.54377" lon="139.13783">
<ele>447.3</ele>
</trkpt>
<trkpt lat="35.54374" lon="139.13783">
<ele>447.9</ele>
</trkpt>
<trkpt lat="35.54372" lon="139.13783">
<ele>448.3</ele>
</trkpt>
<trkpt lat="35.54368" lon="139.13784">
<ele>449.5</ele>
</trkpt>
<trkpt lat="35.5436" lon="139.1378499">
<ele>451.5</ele>
</trkpt>
<trkpt lat="35.54359" lon="139.13786">
<ele>452.2</ele>
</trkpt>
<trkpt lat="35.54355" lon="139.13786">
<ele>453.0</ele>
</trkpt>
<trkpt lat="35.5435" lon="139.1378499">
<ele>453.6</ele>
</trkpt>
<trkpt lat="35.54345" lon="139.1378499">
<ele>454.7</ele>
</trkpt>
<trkpt lat="35.54341" lon="139.13783">
<ele>454.5</ele>
</trkpt>
<trkpt lat="35.54339" lon="139.13782">
<ele>454.4</ele>
</trkpt>
<trkpt lat="35.54336" lon="139.13781">
<ele>454.5</ele>
</trkpt>
<trkpt lat="35.54324" lon="139.13777">
<ele>454.6</ele>
</trkpt>
<trkpt lat="35.54316" lon="139.13772">
<ele>453.5</ele>
</trkpt>
<trkpt lat="35.5431" lon="139.1377">
<ele>453.6</ele>
</trkpt>
<trkpt lat="35.54307" lon="139.13768">
<ele>453.2</ele>
</trkpt>
<trkpt lat="35.54304" lon="139.13766">
<ele>452.8</ele>
</trkpt>
<trkpt lat="35.54295" lon="139.13759">
<ele>451.1</ele>
</trkpt>
<trkpt lat="35.54294" lon="139.13759">
<ele>451.3</ele>
</trkpt>
<trkpt lat="35.54292" lon="139.13758">
<ele>451.2</ele>
</trkpt>
<trkpt lat="35.5429" lon="139.13757">
<ele>451.2</ele>
</trkpt>
<trkpt lat="35.5428799" lon="139.13755">
<ele>450.6</ele>
</trkpt>
<trkpt lat="35.54285" lon="139.13755">
<ele>451.2</ele>
</trkpt>
<trkpt lat="35.54284" lon="139.13754">
<ele>450.9</ele>
</trkpt>
<trkpt lat="35.54281" lon="139.13754">
<ele>451.5</ele>
</trkpt>
<trkpt lat="35.54277" lon="139.13754">
<ele>452.3</ele>
</trkpt>
<trkpt lat="35.54273" lon="139.13754">
<ele>453.1</ele>
</trkpt>
<trkpt lat="35.54269" lon="139.13755">
<ele>454.4</ele>
</trkpt>
<trkpt lat="35.54266" lon="139.13756">
<ele>455.4</ele>
</trkpt>
<trkpt lat="35.54262" lon="139.13758">
<ele>457.1</ele>
</trkpt>
<trkpt lat="35.5425899" lon="139.1376">
<ele>458.6</ele>
</trkpt>
<trkpt lat="35.54255" lon="139.13763">
<ele>460.7</ele>
</trkpt>
<trkpt lat="35.54254" lon="139.13765">
<ele>461.7</ele>
</trkpt>
<trkpt lat="35.54244" lon="139.13773">
<ele>468.1</ele>
</trkpt>
<trkpt lat="35.54238" lon="139.13779">
<ele>472.5</ele>
</trkpt>
<trkpt lat="35.54233" lon="139.13782">
<ele>475.2</ele>
</trkpt>
<trkpt lat="35.54229" lon="139.13784">
<ele>477.1</ele>
</trkpt>
<trkpt lat="35.54226" lon="139.13786">
<ele>478.6</ele>
</trkpt>
<trkpt lat="35.54222" lon="139.13788">
<ele>480.4</ele>
</trkpt>
<trkpt lat="35.5422" lon="139.13788">
<ele>480.9</ele>
</trkpt>
<trkpt lat="35.54217" lon="139.13787">
<ele>481.5</ele>
</trkpt>
<trkpt lat="35.54214" lon="139.13786">
<ele>482.2</ele>
</trkpt>
<trkpt lat="35.54212" lon="139.1378499">
<ele>482.5</ele>
</trkpt>
<trkpt lat="35.54211" lon="139.13784">
<ele>482.6</ele>
</trkpt>
<trkpt lat="35.54209" lon="139.13783">
<ele>483.0</ele>
</trkpt>
<trkpt lat="35.54206" lon="139.13781">
<ele>483.6</ele>
</trkpt>
<trkpt lat="35.54204" lon="139.13779">
<ele>483.9</ele>
</trkpt>
<trkpt lat="35.54201" lon="139.1377599">
<ele>484.4</ele>
</trkpt>
<trkpt lat="35.542" lon="139.13773">
<ele>484.2</ele>
</trkpt>
<trkpt lat="35.54199" lon="139.13769">
<ele>484.0</ele>
</trkpt>
<trkpt lat="35.54199" lon="139.13764">
<ele>483.2</ele>
</trkpt>
<trkpt lat="35.54199" lon="139.13759">
<ele>482.5</ele>
</trkpt>
<trkpt lat="35.54199" lon="139.13745">
<ele>480.6</ele>
</trkpt>
<trkpt lat="35.542" lon="139.13731">
<ele>478.7</ele>
</trkpt>
<trkpt lat="35.54201" lon="139.13721">
<ele>477.2</ele>
</trkpt>
<trkpt lat="35.54201" lon="139.13716">
<ele>476.7</ele>
</trkpt>
<trkpt lat="35.5420299" lon="139.13709">
<ele>475.0</ele>
</trkpt>
<trkpt lat="35.54204" lon="139.13703">
<ele>473.9</ele>
</trkpt>
<trkpt lat="35.54205" lon="139.13701">
<ele>473.2</ele>
</trkpt>
<trkpt lat="35.54209" lon="139.13684">
<ele>469.4</ele>
</trkpt>
<trkpt lat="35.54214" lon="139.13668">
<ele>465.1</ele>
</trkpt>
<trkpt lat="35.54218" lon="139.13655">
<ele>465.0</ele>
</trkpt>
<trkpt lat="35.5422" lon="139.13648">
<ele>465.3</ele>
</trkpt>
<trkpt lat="35.54222" lon="139.13644">
<ele>465.0</ele>
</trkpt>
<trkpt lat="35.54224" lon="139.1364">
<ele>464.8</ele>
</trkpt>
<trkpt lat="35.54225" lon="139.13637">
<ele>464.9</ele>
</trkpt>
<trkpt lat="35.54227" lon="139.13634">
<ele>464.6</ele>
</trkpt>
<trkpt lat="35.54231" lon="139.1363">
<ele>463.5</ele>
</trkpt>
<trkpt lat="35.54235" lon="139.13627">
<ele>462.3</ele>
</trkpt>
<trkpt lat="35.54236" lon="139.13626">
<ele>462.1</ele>
</trkpt>
<trkpt lat="35.54242" lon="139.13622">
<ele>460.3</ele>
</trkpt>
<trkpt lat="35.54252" lon="139.1361499">
<ele>457.9</ele>
</trkpt>
<trkpt lat="35.54269" lon="139.13604">
<ele>456.4</ele>
</trkpt>
<trkpt lat="35.54273" lon="139.13601">
<ele>456.1</ele>
</trkpt>
<trkpt lat="35.54277" lon="139.13598">
<ele>455.8</ele>
</trkpt>
<trkpt lat="35.54281" lon="139.13594">
<ele>455.7</ele>
</trkpt>
<trkpt lat="35.54285" lon="139.13589">
<ele>455.9</ele>
</trkpt>
<trkpt lat="35.54287" lon="139.13587">
<ele>455.8</ele>
</trkpt>
<trkpt lat="35.54289" lon="139.13584">
<ele>456.0</ele>
</trkpt>
<trkpt lat="35.54293" lon="139.13578">
<ele>455.5</ele>
</trkpt>
<trkpt lat="35.5429699" lon="139.13571">
<ele>455.0</ele>
</trkpt>
<trkpt lat="35.54301" lon="139.13564">
<ele>454.6</ele>
</trkpt>
<trkpt lat="35.54305" lon="139.13557">
<ele>454.1</ele>
</trkpt>
<trkpt lat="35.5431" lon="139.13547">
<ele>453.8</ele>
</trkpt>
<trkpt lat="35.54315" lon="139.13537">
<ele>453.5</ele>
</trkpt>
<trkpt lat="35.5432" lon="139.13528">
<ele>453.1</ele>
</trkpt>
<trkpt lat="35.54323" lon="139.13516">
<ele>453.6</ele>
</trkpt>
<trkpt lat="35.54325" lon="139.13511">
<ele>453.6</ele>
</trkpt>
<trkpt lat="35.54325" lon="139.13506">
<ele>454.1</ele>
</trkpt>
<trkpt lat="35.5432599" lon="139.13502">
<ele>454.2</ele>
</trkpt>
<trkpt lat="35.54327" lon="139.13495">
<ele>454.2</ele>
</trkpt>
<trkpt lat="35.54329" lon="139.13486">
<ele>453.8</ele>
</trkpt>
<trkpt lat="35.54331" lon="139.13468">
<ele>453.4</ele>
</trkpt>
<trkpt lat="35.5433499" lon="139.1344">
<ele>452.7</ele>
</trkpt>
<trkpt lat="35.54338" lon="139.1342">
<ele>452.2</ele>
</trkpt>
<trkpt lat="35.54342" lon="139.13396">
<ele>450.8</ele>
</trkpt>
<trkpt lat="35.54342" lon="139.13395">
<ele>450.8</ele>
</trkpt>
<trkpt lat="35.54347" lon="139.13355">
<ele>448.5</ele>
</trkpt>
<trkpt lat="35.5435" lon="139.13341">
<ele>447.5</ele>
</trkpt>
<trkpt lat="35.54351" lon="139.13336">
<ele>447.1</ele>
</trkpt>
<trkpt lat="35.54351" lon="139.13331">
<ele>447.1</ele>
</trkpt>
<trkpt lat="35.5435299" lon="139.13321">
<ele>447.1</ele>
</trkpt>
<trkpt lat="35.54356" lon="139.13309">
<ele>447.1</ele>
</trkpt>
<trkpt lat="35.54359" lon="139.1330199">
<ele>446.9</ele>
</trkpt>
<trkpt lat="35.5436" lon="139.13298">
<ele>446.9</ele>
</trkpt>
<trkpt lat="35.54363" lon="139.1329299">
<ele>446.7</ele>
</trkpt>
<trkpt lat="35.54365" lon="139.1329">
<ele>446.5</ele>
</trkpt>
<trkpt lat="35.54369" lon="139.13286">
<ele>446.1</ele>
</trkpt>
<trkpt lat="35.54375" lon="139.13281">
<ele>445.5</ele>
</trkpt>
<trkpt lat="35.54384" lon="139.13273">
<ele>444.7</ele>
</trkpt>
<trkpt lat="35.5439099" lon="139.13268">
<ele>444.0</ele>
</trkpt>
<trkpt lat="35.54406" lon="139.13256">
<ele>442.9</ele>
</trkpt>
<trkpt lat="35.54409" lon="139.13253">
<ele>442.7</ele>
</trkpt>
<trkpt lat="35.54413" lon="139.1325">
<ele>442.4</ele>
</trkpt>
<trkpt lat="35.54414" lon="139.13249">
<ele>442.4</ele>
</trkpt>
<trkpt lat="35.54417" lon="139.13246">
<ele>442.2</ele>
</trkpt>
<trkpt lat="35.54419" lon="139.13243">
<ele>441.9</ele>
</trkpt>
<trkpt lat="35.54421" lon="139.1323899">
<ele>441.7</ele>
</trkpt>
<trkpt lat="35.54422" lon="139.13236">
<ele>441.7</ele>
</trkpt>
<trkpt lat="35.54423" lon="139.13233">
<ele>441.6</ele>
</trkpt>
<trkpt lat="35.54423" lon="139.1322999">
<ele>441.8</ele>
</trkpt>
<trkpt lat="35.54423" lon="139.13226">
<ele>442.1</ele>
</trkpt>
<trkpt lat="35.54423" lon="139.13223">
<ele>442.3</ele>
</trkpt>
<trkpt lat="35.54422" lon="139.1322">
<ele>442.7</ele>
</trkpt>
<trkpt lat="35.5441999" lon="139.13215">
<ele>443.4</ele>
</trkpt>
<trkpt lat="35.54416" lon="139.1320299">
<ele>444.9</ele>
</trkpt>
<trkpt lat="35.54414" lon="139.13197">
<ele>445.5</ele>
</trkpt>
<trkpt lat="35.54414" lon="139.13196">
<ele>445.6</ele>
</trkpt>
<trkpt lat="35.54411" lon="139.13188">
<ele>446.5</ele>
</trkpt>
<trkpt lat="35.54411" lon="139.1318499">
<ele>446.7</ele>
</trkpt>
<trkpt lat="35.54411" lon="139.13181">
<ele>446.9</ele>
</trkpt>
<trkpt lat="35.54411" lon="139.13177">
<ele>447.2</ele>
</trkpt>
<trkpt lat="35.54412" lon="139.13175">
<ele>447.2</ele>
</trkpt>
<trkpt lat="35.54413" lon="139.13173">
<ele>447.1</ele>
</trkpt>
<trkpt lat="35.54414" lon="139.13172">
<ele>447.1</ele>
</trkpt>
<trkpt lat="35.54415" lon="139.1317">
<ele>447.0</ele>
</trkpt>
<trkpt lat="35.54417" lon="139.13168">
<ele>446.9</ele>
</trkpt>
<trkpt lat="35.54418" lon="139.13166">
<ele>446.8</ele>
</trkpt>
<trkpt lat="35.54419" lon="139.13165">
<ele>446.7</ele>
</trkpt>
<trkpt lat="35.54423" lon="139.13162">
<ele>446.1</ele>
</trkpt>
<trkpt lat="35.54428" lon="139.1316">
<ele>445.4</ele>
</trkpt>
<trkpt lat="35.54431" lon="139.13159">
<ele>444.9</ele>
</trkpt>
<trkpt lat="35.54435" lon="139.13158">
<ele>444.2</ele>
</trkpt>
<trkpt lat="35.5444" lon="139.13157">
<ele>443.4</ele>
</trkpt>
<trkpt lat="35.54444" lon="139.13156">
<ele>442.8</ele>
</trkpt>
<trkpt lat="35.54448" lon="139.13156">
<ele>442.0</ele>
</trkpt>
<trkpt lat="35.54453" lon="139.13156">
<ele>441.2</ele>
</trkpt>
<trkpt lat="35.54456" lon="139.13156">
<ele>440.6</ele>
</trkpt>
<trkpt lat="35.54457" lon="139.13156">
<ele>440.4</ele>
</trkpt>
<trkpt lat="35.54462" lon="139.13157">
<ele>439.5</ele>
</trkpt>
<trkpt lat="35.54466" lon="139.13159">
<ele>438.6</ele>
</trkpt>
<trkpt lat="35.5447" lon="139.1316">
<ele>437.8</ele>
</trkpt>
<trkpt lat="35.54474" lon="139.13161">
<ele>437.1</ele>
</trkpt>
<trkpt lat="35.54479" lon="139.13162">
<ele>436.1</ele>
</trkpt>
<trkpt lat="35.54484" lon="139.13162">
<ele>435.2</ele>
</trkpt>
<trkpt lat="35.54489" lon="139.13161">
<ele>434.4</ele>
</trkpt>
<trkpt lat="35.54493" lon="139.13161">
<ele>433.7</ele>
</trkpt>
<trkpt lat="35.54495" lon="139.13161">
<ele>433.3</ele>
</trkpt>
<trkpt lat="35.54501" lon="139.1316">
<ele>432.2</ele>
</trkpt>
<trkpt lat="35.54505" lon="139.1316">
<ele>430.8</ele>
</trkpt>
<trkpt lat="35.5451" lon="139.13159">
<ele>429.3</ele>
</trkpt>
<trkpt lat="35.54512" lon="139.13158">
<ele>428.7</ele>
</trkpt>
<trkpt lat="35.54514" lon="139.13157">
<ele>428.1</ele>
</trkpt>
<trkpt lat="35.54515" lon="139.13155">
<ele>427.9</ele>
</trkpt>
<trkpt lat="35.54517" lon="139.13154">
<ele>427.3</ele>
</trkpt>
<trkpt lat="35.54518" lon="139.13153">
<ele>427.1</ele>
</trkpt>
<trkpt lat="35.54519" lon="139.13151">
<ele>426.9</ele>
</trkpt>
<trkpt lat="35.5452" lon="139.13149">
<ele>426.7</ele>
</trkpt>
<trkpt lat="35.54521" lon="139.13147">
<ele>426.5</ele>
</trkpt>
<trkpt lat="35.54521" lon="139.13143">
<ele>426.8</ele>
</trkpt>
<trkpt lat="35.54521" lon="139.13141">
<ele>426.9</ele>
</trkpt>
<trkpt lat="35.54521" lon="139.13139">
<ele>427.0</ele>
</trkpt>
<trkpt lat="35.54519" lon="139.13134">
<ele>428.0</ele>
</trkpt>
<trkpt lat="35.54518" lon="139.13133">
<ele>428.4</ele>
</trkpt>
<trkpt lat="35.54514" lon="139.13124">
<ele>430.4</ele>
</trkpt>
<trkpt lat="35.54509" lon="139.13115">
<ele>432.7</ele>
</trkpt>
<trkpt lat="35.54504" lon="139.13106">
<ele>435.0</ele>
</trkpt>
<trkpt lat="35.54493" lon="139.13085">
<ele>439.1</ele>
</trkpt>
<trkpt lat="35.54492" lon="139.13084">
<ele>439.3</ele>
</trkpt>
<trkpt lat="35.5449" lon="139.1308">
<ele>439.6</ele>
</trkpt>
<trkpt lat="35.54489" lon="139.13077">
<ele>439.8</ele>
</trkpt>
<trkpt lat="35.54488" lon="139.13075">
<ele>439.9</ele>
</trkpt>
<trkpt lat="35.54488" lon="139.13073">
<ele>439.9</ele>
</trkpt>
<trkpt lat="35.54488" lon="139.13071">
<ele>439.8</ele>
</trkpt>
<trkpt lat="35.54487" lon="139.1306899">
<ele>440.0</ele>
</trkpt>
<trkpt lat="35.54488" lon="139.13066">
<ele>439.7</ele>
</trkpt>
<trkpt lat="35.54488" lon="139.13064">
<ele>439.7</ele>
</trkpt>
<trkpt lat="35.5449" lon="139.13061">
<ele>439.3</ele>
</trkpt>
<trkpt lat="35.54491" lon="139.13059">
<ele>439.2</ele>
</trkpt>
<trkpt lat="35.54492" lon="139.13057">
<ele>439.0</ele>
</trkpt>
<trkpt lat="35.54495" lon="139.13055">
<ele>438.5</ele>
</trkpt>
<trkpt lat="35.54496" lon="139.13054">
<ele>438.3</ele>
</trkpt>
<trkpt lat="35.54499" lon="139.13054">
<ele>437.8</ele>
</trkpt>
<trkpt lat="35.54501" lon="139.13053">
<ele>437.3</ele>
</trkpt>
<trkpt lat="35.54505" lon="139.13053">
<ele>435.8</ele>
</trkpt>
<trkpt lat="35.54508" lon="139.13053">
<ele>434.6</ele>
</trkpt>
<trkpt lat="35.54512" lon="139.13054">
<ele>433.2</ele>
</trkpt>
<trkpt lat="35.54517" lon="139.13055">
<ele>431.3</ele>
</trkpt>
<trkpt lat="35.5452" lon="139.13056">
<ele>430.2</ele>
</trkpt>
<trkpt lat="35.54524" lon="139.13057">
<ele>428.8</ele>
</trkpt>
<trkpt lat="35.54527" lon="139.13058">
<ele>427.7</ele>
</trkpt>
<trkpt lat="35.5453" lon="139.13059">
<ele>426.6</ele>
</trkpt>
<trkpt lat="35.54531" lon="139.1305999">
<ele>426.3</ele>
</trkpt>
<trkpt lat="35.5453199" lon="139.13061">
<ele>426.0</ele>
</trkpt>
<trkpt lat="35.54534" lon="139.13062">
<ele>425.3</ele>
</trkpt>
<trkpt lat="35.54536" lon="139.13065">
<ele>424.7</ele>
</trkpt>
<trkpt lat="35.54538" lon="139.13068">
<ele>424.1</ele>
</trkpt>
<trkpt lat="35.5454099" lon="139.13072">
<ele>423.2</ele>
</trkpt>
<trkpt lat="35.54543" lon="139.13076">
<ele>422.7</ele>
</trkpt>
<trkpt lat="35.54546" lon="139.13079">
<ele>421.8</ele>
</trkpt>
<trkpt lat="35.54549" lon="139.13083">
<ele>420.9</ele>
</trkpt>
<trkpt lat="35.54551" lon="139.13085">
<ele>420.2</ele>
</trkpt>
<trkpt lat="35.54553" lon="139.13086">
<ele>419.4</ele>
</trkpt>
<trkpt lat="35.54555" lon="139.1308699">
<ele>418.7</ele>
</trkpt>
<trkpt lat="35.54557" lon="139.1308699">
<ele>418.0</ele>
</trkpt>
<trkpt lat="35.54558" lon="139.13088">
<ele>417.6</ele>
</trkpt>
<trkpt lat="35.54559" lon="139.13088">
<ele>417.2</ele>
</trkpt>
<trkpt lat="35.54562" lon="139.1308699">
<ele>416.2</ele>
</trkpt>
<trkpt lat="35.54563" lon="139.1308699">
<ele>415.9</ele>
</trkpt>
<trkpt lat="35.54566" lon="139.13086">
<ele>414.9</ele>
</trkpt>
<trkpt lat="35.54567" lon="139.13085">
<ele>414.6</ele>
</trkpt>
<trkpt lat="35.54569" lon="139.13084">
<ele>414.0</ele>
</trkpt>
<trkpt lat="35.5456999" lon="139.13083">
<ele>413.6</ele>
</trkpt>
<trkpt lat="35.54571" lon="139.13081">
<ele>413.1</ele>
</trkpt>
<trkpt lat="35.54572" lon="139.1308">
<ele>412.7</ele>
</trkpt>
<trkpt lat="35.54572" lon="139.1307799">
<ele>412.5</ele>
</trkpt>
<trkpt lat="35.54573" lon="139.13076">
<ele>412.0</ele>
</trkpt>
<trkpt lat="35.54573" lon="139.13074">
<ele>411.9</ele>
</trkpt>
<trkpt lat="35.54573" lon="139.13071">
<ele>411.7</ele>
</trkpt>
<trkpt lat="35.54574" lon="139.13068">
<ele>411.1</ele>
</trkpt>
<trkpt lat="35.54573" lon="139.13065">
<ele>411.2</ele>
</trkpt>
<trkpt lat="35.54573" lon="139.13064">
<ele>411.1</ele>
</trkpt>
<trkpt lat="35.54573" lon="139.1305999">
<ele>410.8</ele>
</trkpt>
<trkpt lat="35.54572" lon="139.13053">
<ele>410.7</ele>
</trkpt>
<trkpt lat="35.5456999" lon="139.13046">
<ele>410.9</ele>
</trkpt>
<trkpt lat="35.54569" lon="139.13041">
<ele>411.0</ele>
</trkpt>
<trkpt lat="35.54568" lon="139.13036">
<ele>411.0</ele>
</trkpt>
<trkpt lat="35.54566" lon="139.1303">
<ele>411.4</ele>
</trkpt>
<trkpt lat="35.54564" lon="139.13025">
<ele>411.8</ele>
</trkpt>
<trkpt lat="35.54561" lon="139.13019">
<ele>412.6</ele>
</trkpt>
<trkpt lat="35.54558" lon="139.13014">
<ele>413.5</ele>
</trkpt>
<trkpt lat="35.54553" lon="139.13004">
<ele>415.0</ele>
</trkpt>
<trkpt lat="35.54522" lon="139.12959">
<ele>420.2</ele>
</trkpt>
<trkpt lat="35.54508" lon="139.12938">
<ele>421.0</ele>
</trkpt>
<trkpt lat="35.54504" lon="139.12931">
<ele>420.8</ele>
</trkpt>
<trkpt lat="35.54501" lon="139.12927">
<ele>420.9</ele>
</trkpt>
<trkpt lat="35.54497" lon="139.1292">
<ele>420.2</ele>
</trkpt>
<trkpt lat="35.54493" lon="139.12913">
<ele>419.0</ele>
</trkpt>
<trkpt lat="35.54489" lon="139.12903">
<ele>416.5</ele>
</trkpt>
<trkpt lat="35.54482" lon="139.12886">
<ele>411.9</ele>
</trkpt>
<trkpt lat="35.5448" lon="139.12878">
<ele>409.4</ele>
</trkpt>
<trkpt lat="35.54478" lon="139.12868">
<ele>406.3</ele>
</trkpt>
<trkpt lat="35.5447599" lon="139.1286">
<ele>403.7</ele>
</trkpt>
<trkpt lat="35.54475" lon="139.1285399">
<ele>401.7</ele>
</trkpt>
<trkpt lat="35.54475" lon="139.12849">
<ele>400.0</ele>
</trkpt>
<trkpt lat="35.54474" lon="139.12844">
<ele>398.3</ele>
</trkpt>
<trkpt lat="35.54474" lon="139.12838">
<ele>396.2</ele>
</trkpt>
<trkpt lat="35.54473" lon="139.1283">
<ele>394.3</ele>
</trkpt>
<trkpt lat="35.54473" lon="139.12829">
<ele>394.1</ele>
</trkpt>
<trkpt lat="35.54473" lon="139.12825">
<ele>393.7</ele>
</trkpt>
<trkpt lat="35.54473" lon="139.12816">
<ele>392.6</ele>
</trkpt>
<trkpt lat="35.54474" lon="139.12803">
<ele>391.1</ele>
</trkpt>
<trkpt lat="35.5447599" lon="139.12789">
<ele>389.3</ele>
</trkpt>
<trkpt lat="35.54478" lon="139.12773">
<ele>387.2</ele>
</trkpt>
<trkpt lat="35.5448" lon="139.12759">
<ele>385.3</ele>
</trkpt>
<trkpt lat="35.54482" lon="139.12745">
<ele>384.2</ele>
</trkpt>
<trkpt lat="35.54487" lon="139.1271099">
<ele>385.1</ele>
</trkpt>
<trkpt lat="35.54492" lon="139.1267">
<ele>386.1</ele>
</trkpt>
<trkpt lat="35.54496" lon="139.12642">
<ele>383.9</ele>
</trkpt>
<trkpt lat="35.54499" lon="139.12624">
<ele>382.1</ele>
</trkpt>
<trkpt lat="35.54499" lon="139.12622">
<ele>382.0</ele>
</trkpt>
<trkpt lat="35.545" lon="139.1261199">
<ele>381.1</ele>
</trkpt>
<trkpt lat="35.54502" lon="139.12602">
<ele>379.8</ele>
</trkpt>
<trkpt lat="35.5450299" lon="139.12592">
<ele>378.8</ele>
</trkpt>
<trkpt lat="35.5450299" lon="139.12583">
<ele>378.1</ele>
</trkpt>
<trkpt lat="35.5450299" lon="139.12573">
<ele>377.0</ele>
</trkpt>
<trkpt lat="35.5450299" lon="139.12565">
<ele>376.2</ele>
</trkpt>
<trkpt lat="35.54502" lon="139.12557">
<ele>375.6</ele>
</trkpt>
<trkpt lat="35.54501" lon="139.12546">
<ele>374.7</ele>
</trkpt>
<trkpt lat="35.545" lon="139.12539">
<ele>374.2</ele>
</trkpt>
<trkpt lat="35.54498" lon="139.12529">
<ele>373.6</ele>
</trkpt>
<trkpt lat="35.54497" lon="139.12527">
<ele>373.6</ele>
</trkpt>
<trkpt lat="35.54496" lon="139.12522">
<ele>373.3</ele>
</trkpt>
<trkpt lat="35.54495" lon="139.12516">
<ele>372.8</ele>
</trkpt>
<trkpt lat="35.54492" lon="139.12507">
<ele>372.6</ele>
</trkpt>
<trkpt lat="35.54489" lon="139.12498">
<ele>372.1</ele>
</trkpt>
<trkpt lat="35.54484" lon="139.1248699">
<ele>371.0</ele>
</trkpt>
<trkpt lat="35.54478" lon="139.12476">
<ele>370.1</ele>
</trkpt>
<trkpt lat="35.54474" lon="139.1247">
<ele>369.7</ele>
</trkpt>
<trkpt lat="35.54469" lon="139.12461">
<ele>368.9</ele>
</trkpt>
<trkpt lat="35.54465" lon="139.12455">
<ele>368.4</ele>
</trkpt>
<trkpt lat="35.5446" lon="139.12448">
<ele>367.9</ele>
</trkpt>
<trkpt lat="35.54456" lon="139.1244199">
<ele>367.4</ele>
</trkpt>
<trkpt lat="35.54442" lon="139.12427">
<ele>366.8</ele>
</trkpt>
<trkpt lat="35.54437" lon="139.12422">
<ele>366.6</ele>
</trkpt>
<trkpt lat="35.54432" lon="139.12416">
<ele>366.0</ele>
</trkpt>
<trkpt lat="35.5441" lon="139.12396">
<ele>363.8</ele>
</trkpt>
<trkpt lat="35.54408" lon="139.12394">
<ele>363.7</ele>
</trkpt>
<trkpt lat="35.54394" lon="139.12381">
<ele>363.0</ele>
</trkpt>
<trkpt lat="35.54379" lon="139.12369">
<ele>363.3</ele>
</trkpt>
<trkpt lat="35.54364" lon="139.12356">
<ele>363.8</ele>
</trkpt>
<trkpt lat="35.54359" lon="139.12352">
<ele>364.1</ele>
</trkpt>
<trkpt lat="35.54349" lon="139.1234399">
<ele>364.9</ele>
</trkpt>
<trkpt lat="35.54338" lon="139.12334">
<ele>365.8</ele>
</trkpt>
<trkpt lat="35.54331" lon="139.12328">
<ele>366.3</ele>
</trkpt>
<trkpt lat="35.54325" lon="139.12325">
<ele>365.6</ele>
</trkpt>
<trkpt lat="35.54321" lon="139.12322">
<ele>365.0</ele>
</trkpt>
<trkpt lat="35.54313" lon="139.12318">
<ele>364.0</ele>
</trkpt>
<trkpt lat="35.54305" lon="139.12315">
<ele>363.1</ele>
</trkpt>
<trkpt lat="35.54296" lon="139.12313">
<ele>362.2</ele>
</trkpt>
<trkpt lat="35.5428799" lon="139.12311">
<ele>361.4</ele>
</trkpt>
<trkpt lat="35.54281" lon="139.12309">
<ele>360.5</ele>
</trkpt>
<trkpt lat="35.5427899" lon="139.12309">
<ele>360.4</ele>
</trkpt>
<trkpt lat="35.54277" lon="139.12309">
<ele>360.3</ele>
</trkpt>
<trkpt lat="35.54276" lon="139.12309">
<ele>360.2</ele>
</trkpt>
<trkpt lat="35.54271" lon="139.12309">
<ele>359.9</ele>
</trkpt>
<trkpt lat="35.54266" lon="139.1231">
<ele>359.7</ele>
</trkpt>
<trkpt lat="35.5426" lon="139.12311">
<ele>359.6</ele>
</trkpt>
<trkpt lat="35.5425899" lon="139.12311">
<ele>359.5</ele>
</trkpt>
<trkpt lat="35.54254" lon="139.12312">
<ele>359.4</ele>
</trkpt>
<trkpt lat="35.54249" lon="139.12314">
<ele>359.5</ele>
</trkpt>
<trkpt lat="35.54243" lon="139.12316">
<ele>359.6</ele>
</trkpt>
<trkpt lat="35.54242" lon="139.1231699">
<ele>359.7</ele>
</trkpt>
<trkpt lat="35.54239" lon="139.12318">
<ele>359.7</ele>
</trkpt>
<trkpt lat="35.54235" lon="139.1232">
<ele>359.8</ele>
</trkpt>
<trkpt lat="35.54234" lon="139.12321">
<ele>360.0</ele>
</trkpt>
<trkpt lat="35.54231" lon="139.12323">
<ele>360.2</ele>
</trkpt>
<trkpt lat="35.54226" lon="139.12327">
<ele>360.7</ele>
</trkpt>
<trkpt lat="35.54221" lon="139.12332">
<ele>361.3</ele>
</trkpt>
<trkpt lat="35.5422" lon="139.12334">
<ele>361.7</ele>
</trkpt>
<trkpt lat="35.54216" lon="139.12338">
<ele>362.7</ele>
</trkpt>
<trkpt lat="35.5421" lon="139.12345">
<ele>364.7</ele>
</trkpt>
<trkpt lat="35.54195" lon="139.12361">
<ele>369.3</ele>
</trkpt>
<trkpt lat="35.54193" lon="139.12363">
<ele>369.9</ele>
</trkpt>
<trkpt lat="35.54181" lon="139.12376">
<ele>374.1</ele>
</trkpt>
<trkpt lat="35.54179" lon="139.12377">
<ele>374.3</ele>
</trkpt>
<trkpt lat="35.54177" lon="139.1238">
<ele>375.4</ele>
</trkpt>
<trkpt lat="35.54175" lon="139.12381">
<ele>375.7</ele>
</trkpt>
<trkpt lat="35.54172" lon="139.12382">
<ele>375.9</ele>
</trkpt>
<trkpt lat="35.54168" lon="139.12384">
<ele>376.5</ele>
</trkpt>
<trkpt lat="35.54166" lon="139.12385">
<ele>376.8</ele>
</trkpt>
<trkpt lat="35.54164" lon="139.12386">
<ele>377.0</ele>
</trkpt>
<trkpt lat="35.5416" lon="139.12386">
<ele>376.8</ele>
</trkpt>
<trkpt lat="35.54157" lon="139.12386">
<ele>376.5</ele>
</trkpt>
<trkpt lat="35.54153" lon="139.12386">
<ele>376.3</ele>
</trkpt>
<trkpt lat="35.54151" lon="139.12386">
<ele>376.1</ele>
</trkpt>
<trkpt lat="35.54149" lon="139.12385">
<ele>375.6</ele>
</trkpt>
<trkpt lat="35.54144" lon="139.12384">
<ele>374.9</ele>
</trkpt>
<trkpt lat="35.5414" lon="139.12382">
<ele>374.0</ele>
</trkpt>
<trkpt lat="35.54135" lon="139.12379">
<ele>372.6</ele>
</trkpt>
<trkpt lat="35.5413" lon="139.12376">
<ele>371.4</ele>
</trkpt>
<trkpt lat="35.54128" lon="139.12375">
<ele>370.9</ele>
</trkpt>
<trkpt lat="35.54125" lon="139.1237">
<ele>369.2</ele>
</trkpt>
<trkpt lat="35.54119" lon="139.12361">
<ele>366.1</ele>
</trkpt>
<trkpt lat="35.54118" lon="139.12359">
<ele>365.5</ele>
</trkpt>
<trkpt lat="35.54114" lon="139.12351">
<ele>362.9</ele>
</trkpt>
<trkpt lat="35.54104" lon="139.12332">
<ele>357.8</ele>
</trkpt>
<trkpt lat="35.54095" lon="139.12315">
<ele>358.8</ele>
</trkpt>
<trkpt lat="35.54094" lon="139.12314">
<ele>358.9</ele>
</trkpt>
<trkpt lat="35.54084" lon="139.12296">
<ele>361.1</ele>
</trkpt>
<trkpt lat="35.54074" lon="139.12278">
<ele>366.5</ele>
</trkpt>
<trkpt lat="35.54067" lon="139.12265">
<ele>370.3</ele>
</trkpt>
<trkpt lat="35.54064" lon="139.12259">
<ele>372.0</ele>
</trkpt>
<trkpt lat="35.54064" lon="139.12257">
<ele>372.1</ele>
</trkpt>
<trkpt lat="35.5406199" lon="139.12253">
<ele>373.2</ele>
</trkpt>
<trkpt lat="35.54061" lon="139.1225">
<ele>373.8</ele>
</trkpt>
<trkpt lat="35.5406" lon="139.12246">
<ele>374.5</ele>
</trkpt>
<trkpt lat="35.54059" lon="139.12242">
<ele>375.2</ele>
</trkpt>
<trkpt lat="35.54058" lon="139.12237">
<ele>376.0</ele>
</trkpt>
<trkpt lat="35.54058" lon="139.12234">
<ele>376.3</ele>
</trkpt>
<trkpt lat="35.54058" lon="139.1223">
<ele>376.6</ele>
</trkpt>
<trkpt lat="35.54059" lon="139.12225">
<ele>376.6</ele>
</trkpt>
<trkpt lat="35.54059" lon="139.12221">
<ele>376.9</ele>
</trkpt>
<trkpt lat="35.5406" lon="139.12216">
<ele>376.9</ele>
</trkpt>
<trkpt lat="35.54061" lon="139.12213">
<ele>376.7</ele>
</trkpt>
<trkpt lat="35.5406199" lon="139.1220899">
<ele>376.6</ele>
</trkpt>
<trkpt lat="35.54065" lon="139.12202">
<ele>376.0</ele>
</trkpt>
<trkpt lat="35.54068" lon="139.12197">
<ele>375.3</ele>
</trkpt>
<trkpt lat="35.54078" lon="139.12182">
<ele>372.7</ele>
</trkpt>
<trkpt lat="35.54086" lon="139.12168">
<ele>370.8</ele>
</trkpt>
<trkpt lat="35.5409" lon="139.12158">
<ele>369.7</ele>
</trkpt>
<trkpt lat="35.54094" lon="139.12143">
<ele>368.8</ele>
</trkpt>
<trkpt lat="35.54096" lon="139.12134">
<ele>368.4</ele>
</trkpt>
<trkpt lat="35.54097" lon="139.12126">
<ele>368.4</ele>
</trkpt>
<trkpt lat="35.54096" lon="139.12116">
<ele>369.3</ele>
</trkpt>
<trkpt lat="35.54096" lon="139.12107">
<ele>369.7</ele>
</trkpt>
<trkpt lat="35.54095" lon="139.12101">
<ele>370.4</ele>
</trkpt>
<trkpt lat="35.5409099" lon="139.12087">
<ele>372.7</ele>
</trkpt>
<trkpt lat="35.54085" lon="139.1207">
<ele>375.5</ele>
</trkpt>
<trkpt lat="35.54077" lon="139.1204799">
<ele>378.2</ele>
</trkpt>
<trkpt lat="35.54076" lon="139.12043">
<ele>378.6</ele>
</trkpt>
<trkpt lat="35.54074" lon="139.12036">
<ele>379.1</ele>
</trkpt>
<trkpt lat="35.54074" lon="139.1202999">
<ele>379.2</ele>
</trkpt>
<trkpt lat="35.54074" lon="139.12025">
<ele>379.2</ele>
</trkpt>
<trkpt lat="35.54074" lon="139.12019">
<ele>379.2</ele>
</trkpt>
<trkpt lat="35.54074" lon="139.1201199">
<ele>379.2</ele>
</trkpt>
<trkpt lat="35.54075" lon="139.12006">
<ele>379.0</ele>
</trkpt>
<trkpt lat="35.54077" lon="139.12001">
<ele>378.5</ele>
</trkpt>
<trkpt lat="35.54078" lon="139.11999">
<ele>378.6</ele>
</trkpt>
<trkpt lat="35.5408" lon="139.11994">
<ele>379.9</ele>
</trkpt>
<trkpt lat="35.54084" lon="139.11988">
<ele>380.9</ele>
</trkpt>
<trkpt lat="35.54101" lon="139.11968">
<ele>381.6</ele>
</trkpt>
<trkpt lat="35.54102" lon="139.11967">
<ele>381.6</ele>
</trkpt>
<trkpt lat="35.54115" lon="139.11952">
<ele>381.2</ele>
</trkpt>
<trkpt lat="35.54122" lon="139.11945">
<ele>380.4</ele>
</trkpt>
<trkpt lat="35.54128" lon="139.11937">
<ele>380.1</ele>
</trkpt>
<trkpt lat="35.54134" lon="139.11929">
<ele>379.7</ele>
</trkpt>
<trkpt lat="35.54146" lon="139.11908">
<ele>379.7</ele>
</trkpt>
<trkpt lat="35.54154" lon="139.11891">
<ele>380.7</ele>
</trkpt>
<trkpt lat="35.5416" lon="139.11882">
<ele>380.7</ele>
</trkpt>
<trkpt lat="35.54168" lon="139.11873">
<ele>380.1</ele>
</trkpt>
<trkpt lat="35.54184" lon="139.11859">
<ele>377.9</ele>
</trkpt>
<trkpt lat="35.54187" lon="139.11855">
<ele>377.7</ele>
</trkpt>
<trkpt lat="35.54191" lon="139.11852">
<ele>376.9</ele>
</trkpt>
<trkpt lat="35.5419399" lon="139.11848">
<ele>376.7</ele>
</trkpt>
<trkpt lat="35.54197" lon="139.11844">
<ele>376.4</ele>
</trkpt>
<trkpt lat="35.54199" lon="139.1184">
<ele>376.5</ele>
</trkpt>
<trkpt lat="35.542" lon="139.11835">
<ele>377.2</ele>
</trkpt>
<trkpt lat="35.54201" lon="139.11829">
<ele>377.1</ele>
</trkpt>
<trkpt lat="35.54201" lon="139.11817">
<ele>376.8</ele>
</trkpt>
<trkpt lat="35.54201" lon="139.11811">
<ele>376.6</ele>
</trkpt>
<trkpt lat="35.54186" lon="139.11725">
<ele>382.5</ele>
</trkpt>
<trkpt lat="35.5418499" lon="139.1172">
<ele>382.8</ele>
</trkpt>
<trkpt lat="35.54184" lon="139.11716">
<ele>383.1</ele>
</trkpt>
<trkpt lat="35.54182" lon="139.11711">
<ele>384.0</ele>
</trkpt>
<trkpt lat="35.54181" lon="139.11707">
<ele>384.3</ele>
</trkpt>
<trkpt lat="35.54177" lon="139.11701">
<ele>386.3</ele>
</trkpt>
<trkpt lat="35.54173" lon="139.11697">
<ele>388.3</ele>
</trkpt>
<trkpt lat="35.5417" lon="139.11694">
<ele>389.8</ele>
</trkpt>
<trkpt lat="35.54158" lon="139.11684">
<ele>393.5</ele>
</trkpt>
<trkpt lat="35.54154" lon="139.1168099">
<ele>394.4</ele>
</trkpt>
<trkpt lat="35.54153" lon="139.1168">
<ele>394.6</ele>
</trkpt>
<trkpt lat="35.5415" lon="139.11675">
<ele>395.1</ele>
</trkpt>
<trkpt lat="35.54148" lon="139.1167">
<ele>395.4</ele>
</trkpt>
<trkpt lat="35.54146" lon="139.11665">
<ele>395.6</ele>
</trkpt>
<trkpt lat="35.54145" lon="139.11662">
<ele>395.6</ele>
</trkpt>
<trkpt lat="35.54145" lon="139.11658">
<ele>395.2</ele>
</trkpt>
<trkpt lat="35.54145" lon="139.1165399">
<ele>394.8</ele>
</trkpt>
<trkpt lat="35.54145" lon="139.11648">
<ele>394.3</ele>
</trkpt>
<trkpt lat="35.54146" lon="139.11644">
<ele>393.7</ele>
</trkpt>
<trkpt lat="35.54153" lon="139.1162">
<ele>389.9</ele>
</trkpt>
<trkpt lat="35.54171" lon="139.11566">
<ele>380.6</ele>
</trkpt>
<trkpt lat="35.54173" lon="139.11558">
<ele>379.1</ele>
</trkpt>
<trkpt lat="35.54174" lon="139.11552">
<ele>378.3</ele>
</trkpt>
<trkpt lat="35.54174" lon="139.1154699">
<ele>378.0</ele>
</trkpt>
<trkpt lat="35.54173" lon="139.11541">
<ele>378.0</ele>
</trkpt>
<trkpt lat="35.54172" lon="139.11537">
<ele>378.1</ele>
</trkpt>
<trkpt lat="35.54171" lon="139.11531">
<ele>378.0</ele>
</trkpt>
<trkpt lat="35.54166" lon="139.1151999">
<ele>378.8</ele>
</trkpt>
<trkpt lat="35.54161" lon="139.11513">
<ele>379.0</ele>
</trkpt>
<trkpt lat="35.54141" lon="139.11476">
<ele>374.5</ele>
</trkpt>
<trkpt lat="35.5413" lon="139.1145699">
<ele>371.1</ele>
</trkpt>
<trkpt lat="35.54128" lon="139.11455">
<ele>370.9</ele>
</trkpt>
<trkpt lat="35.54121" lon="139.11446">
<ele>369.6</ele>
</trkpt>
<trkpt lat="35.54117" lon="139.11442">
<ele>369.2</ele>
</trkpt>
<trkpt lat="35.54114" lon="139.11438">
<ele>368.6</ele>
</trkpt>
<trkpt lat="35.54107" lon="139.11432">
<ele>368.1</ele>
</trkpt>
<trkpt lat="35.54096" lon="139.11424">
<ele>367.8</ele>
</trkpt>
<trkpt lat="35.54059" lon="139.11402">
<ele>367.4</ele>
</trkpt>
<trkpt lat="35.54039" lon="139.11392">
<ele>367.3</ele>
</trkpt>
<trkpt lat="35.54031" lon="139.11389">
<ele>367.5</ele>
</trkpt>
<trkpt lat="35.54031" lon="139.11388">
<ele>367.2</ele>
</trkpt>
<trkpt lat="35.5402" lon="139.11386">
<ele>368.1</ele>
</trkpt>
<trkpt lat="35.54013" lon="139.11385">
<ele>368.8</ele>
</trkpt>
<trkpt lat="35.54009" lon="139.11385">
<ele>369.3</ele>
</trkpt>
<trkpt lat="35.53999" lon="139.11382">
<ele>369.6</ele>
</trkpt>
<trkpt lat="35.53995" lon="139.11381">
<ele>369.4</ele>
</trkpt>
<trkpt lat="35.53982" lon="139.11378">
<ele>368.7</ele>
</trkpt>
<trkpt lat="35.5398" lon="139.11378">
<ele>368.8</ele>
</trkpt>
<trkpt lat="35.53973" lon="139.11374">
<ele>367.7</ele>
</trkpt>
<trkpt lat="35.53966" lon="139.11369">
<ele>366.3</ele>
</trkpt>
<trkpt lat="35.5396" lon="139.11362">
<ele>364.4</ele>
</trkpt>
<trkpt lat="35.53955" lon="139.11355">
<ele>362.4</ele>
</trkpt>
<trkpt lat="35.53949" lon="139.11345">
<ele>359.6</ele>
</trkpt>
<trkpt lat="35.53945" lon="139.11338">
<ele>357.7</ele>
</trkpt>
<trkpt lat="35.5394" lon="139.11327">
<ele>356.6</ele>
</trkpt>
<trkpt lat="35.53922" lon="139.11301">
<ele>358.8</ele>
</trkpt>
<trkpt lat="35.53917" lon="139.11295">
<ele>359.7</ele>
</trkpt>
<trkpt lat="35.53914" lon="139.11292">
<ele>360.9</ele>
</trkpt>
<trkpt lat="35.5391" lon="139.11284">
<ele>362.9</ele>
</trkpt>
<trkpt lat="35.53908" lon="139.1128">
<ele>364.0</ele>
</trkpt>
<trkpt lat="35.53908" lon="139.1127799">
<ele>364.2</ele>
</trkpt>
<trkpt lat="35.53907" lon="139.11274">
<ele>365.0</ele>
</trkpt>
<trkpt lat="35.53906" lon="139.1126899">
<ele>365.9</ele>
</trkpt>
<trkpt lat="35.53905" lon="139.11262">
<ele>367.0</ele>
</trkpt>
<trkpt lat="35.53905" lon="139.1125099">
<ele>368.2</ele>
</trkpt>
<trkpt lat="35.53905" lon="139.11247">
<ele>368.8</ele>
</trkpt>
<trkpt lat="35.53908" lon="139.11194">
<ele>375.4</ele>
</trkpt>
<trkpt lat="35.53909" lon="139.11167">
<ele>379.0</ele>
</trkpt>
<trkpt lat="35.53911" lon="139.11134">
<ele>384.1</ele>
</trkpt>
<trkpt lat="35.53911" lon="139.11123">
<ele>386.1</ele>
</trkpt>
<trkpt lat="35.53911" lon="139.11122">
<ele>386.3</ele>
</trkpt>
<trkpt lat="35.53911" lon="139.11116">
<ele>387.4</ele>
</trkpt>
<trkpt lat="35.53911" lon="139.11112">
<ele>388.2</ele>
</trkpt>
<trkpt lat="35.5391" lon="139.11111">
<ele>388.8</ele>
</trkpt>
<trkpt lat="35.53908" lon="139.11107">
<ele>390.5</ele>
</trkpt>
<trkpt lat="35.53907" lon="139.11106">
<ele>391.2</ele>
</trkpt>
<trkpt lat="35.53906" lon="139.11105">
<ele>391.8</ele>
</trkpt>
<trkpt lat="35.5390299" lon="139.11103">
<ele>393.6</ele>
</trkpt>
<trkpt lat="35.53901" lon="139.11102">
<ele>394.7</ele>
</trkpt>
<trkpt lat="35.53898" lon="139.11101">
<ele>396.2</ele>
</trkpt>
<trkpt lat="35.53893" lon="139.11102">
<ele>398.4</ele>
</trkpt>
<trkpt lat="35.5389" lon="139.11104">
<ele>399.4</ele>
</trkpt>
<trkpt lat="35.53889" lon="139.11104">
<ele>399.9</ele>
</trkpt>
<trkpt lat="35.53887" lon="139.11106">
<ele>400.5</ele>
</trkpt>
<trkpt lat="35.53886" lon="139.11107">
<ele>400.8</ele>
</trkpt>
<trkpt lat="35.53886" lon="139.1110799">
<ele>400.6</ele>
</trkpt>
<trkpt lat="35.5388499" lon="139.11109">
<ele>400.9</ele>
</trkpt>
<trkpt lat="35.53884" lon="139.11114">
<ele>400.6</ele>
</trkpt>
<trkpt lat="35.53883" lon="139.11118">
<ele>400.5</ele>
</trkpt>
<trkpt lat="35.53883" lon="139.11123">
<ele>399.7</ele>
</trkpt>
<trkpt lat="35.53883" lon="139.11124">
<ele>399.5</ele>
</trkpt>
<trkpt lat="35.53884" lon="139.1113">
<ele>398.1</ele>
</trkpt>
<trkpt lat="35.53887" lon="139.11147">
<ele>393.8</ele>
</trkpt>
<trkpt lat="35.53888" lon="139.11165">
<ele>390.4</ele>
</trkpt>
<trkpt lat="35.53888" lon="139.11167">
<ele>390.1</ele>
</trkpt>
<trkpt lat="35.53887" lon="139.11185">
<ele>387.6</ele>
</trkpt>
<trkpt lat="35.53883" lon="139.11209">
<ele>385.4</ele>
</trkpt>
<trkpt lat="35.53882" lon="139.11212">
<ele>385.4</ele>
</trkpt>
<trkpt lat="35.53877" lon="139.11227">
<ele>385.2</ele>
</trkpt>
<trkpt lat="35.53871" lon="139.11241">
<ele>385.5</ele>
</trkpt>
<trkpt lat="35.53867" lon="139.1125">
<ele>385.6</ele>
</trkpt>
<trkpt lat="35.53864" lon="139.11255">
<ele>385.9</ele>
</trkpt>
<trkpt lat="35.53858" lon="139.11263">
<ele>386.5</ele>
</trkpt>
<trkpt lat="35.53855" lon="139.11266">
<ele>387.0</ele>
</trkpt>
<trkpt lat="35.53852" lon="139.1126899">
<ele>387.4</ele>
</trkpt>
<trkpt lat="35.53846" lon="139.11274">
<ele>388.4</ele>
</trkpt>
<trkpt lat="35.5384" lon="139.11277">
<ele>389.8</ele>
</trkpt>
<trkpt lat="35.53837" lon="139.11277">
<ele>390.9</ele>
</trkpt>
<trkpt lat="35.53832" lon="139.11277">
<ele>392.1</ele>
</trkpt>
<trkpt lat="35.53829" lon="139.11277">
<ele>391.8</ele>
</trkpt>
<trkpt lat="35.53824" lon="139.11275">
<ele>391.9</ele>
</trkpt>
<trkpt lat="35.53821" lon="139.11274">
<ele>391.8</ele>
</trkpt>
<trkpt lat="35.5381799" lon="139.11273">
<ele>391.8</ele>
</trkpt>
<trkpt lat="35.53814" lon="139.1127">
<ele>392.3</ele>
</trkpt>
<trkpt lat="35.5380899" lon="139.11267">
<ele>392.6</ele>
</trkpt>
<trkpt lat="35.53804" lon="139.11263">
<ele>393.2</ele>
</trkpt>
<trkpt lat="35.53799" lon="139.11259">
<ele>393.8</ele>
</trkpt>
<trkpt lat="35.53796" lon="139.11255">
<ele>394.6</ele>
</trkpt>
<trkpt lat="35.53769" lon="139.1123">
<ele>400.0</ele>
</trkpt>
<trkpt lat="35.53761" lon="139.11223">
<ele>402.1</ele>
</trkpt>
<trkpt lat="35.53751" lon="139.11214">
<ele>405.2</ele>
</trkpt>
<trkpt lat="35.53741" lon="139.11204">
<ele>406.7</ele>
</trkpt>
<trkpt lat="35.53721" lon="139.11184">
<ele>408.8</ele>
</trkpt>
<trkpt lat="35.53692" lon="139.11155">
<ele>409.1</ele>
</trkpt>
<trkpt lat="35.53676" lon="139.11138">
<ele>409.1</ele>
</trkpt>
<trkpt lat="35.53671" lon="139.11134">
<ele>408.9</ele>
</trkpt>
<trkpt lat="35.53656" lon="139.11118">
<ele>409.9</ele>
</trkpt>
<trkpt lat="35.53649" lon="139.1111">
<ele>410.3</ele>
</trkpt>
<trkpt lat="35.53643" lon="139.11101">
<ele>411.1</ele>
</trkpt>
<trkpt lat="35.53643" lon="139.111">
<ele>411.4</ele>
</trkpt>
<trkpt lat="35.5364" lon="139.11094">
<ele>412.2</ele>
</trkpt>
<trkpt lat="35.53639" lon="139.1108999">
<ele>412.9</ele>
</trkpt>
<trkpt lat="35.53637" lon="139.11084">
<ele>413.9</ele>
</trkpt>
<trkpt lat="35.53637" lon="139.1108099">
<ele>414.2</ele>
</trkpt>
<trkpt lat="35.53637" lon="139.11076">
<ele>414.4</ele>
</trkpt>
<trkpt lat="35.53637" lon="139.11067">
<ele>414.8</ele>
</trkpt>
<trkpt lat="35.53637" lon="139.1106299">
<ele>415.0</ele>
</trkpt>
<trkpt lat="35.53638" lon="139.11059">
<ele>415.4</ele>
</trkpt>
<trkpt lat="35.5364" lon="139.11049">
<ele>416.3</ele>
</trkpt>
<trkpt lat="35.5364099" lon="139.11044">
<ele>416.7</ele>
</trkpt>
<trkpt lat="35.53643" lon="139.11037">
<ele>417.3</ele>
</trkpt>
<trkpt lat="35.53644" lon="139.11031">
<ele>417.7</ele>
</trkpt>
<trkpt lat="35.53647" lon="139.11026">
<ele>418.3</ele>
</trkpt>
<trkpt lat="35.53653" lon="139.11019">
<ele>419.4</ele>
</trkpt>
<trkpt lat="35.53663" lon="139.11009">
<ele>420.7</ele>
</trkpt>
<trkpt lat="35.53667" lon="139.11005">
<ele>421.2</ele>
</trkpt>
<trkpt lat="35.53672" lon="139.10999">
<ele>422.4</ele>
</trkpt>
<trkpt lat="35.53676" lon="139.10992">
<ele>424.1</ele>
</trkpt>
<trkpt lat="35.53678" lon="139.10984">
<ele>425.5</ele>
</trkpt>
<trkpt lat="35.53679" lon="139.10977">
<ele>426.6</ele>
</trkpt>
<trkpt lat="35.5368" lon="139.10971">
<ele>427.5</ele>
</trkpt>
<trkpt lat="35.5368" lon="139.10967">
<ele>428.0</ele>
</trkpt>
<trkpt lat="35.5368" lon="139.10961">
<ele>428.6</ele>
</trkpt>
<trkpt lat="35.53679" lon="139.10958">
<ele>428.7</ele>
</trkpt>
<trkpt lat="35.53679" lon="139.10954">
<ele>429.2</ele>
</trkpt>
<trkpt lat="35.53677" lon="139.1094699">
<ele>429.4</ele>
</trkpt>
<trkpt lat="35.53674" lon="139.1094">
<ele>429.4</ele>
</trkpt>
<trkpt lat="35.53672" lon="139.10934">
<ele>429.6</ele>
</trkpt>
<trkpt lat="35.53669" lon="139.10928">
<ele>429.4</ele>
</trkpt>
<trkpt lat="35.53666" lon="139.10925">
<ele>429.0</ele>
</trkpt>
<trkpt lat="35.53664" lon="139.10923">
<ele>428.8</ele>
</trkpt>
<trkpt lat="35.53658" lon="139.10915">
<ele>428.3</ele>
</trkpt>
<trkpt lat="35.53652" lon="139.10906">
<ele>427.0</ele>
</trkpt>
<trkpt lat="35.53651" lon="139.10904">
<ele>426.7</ele>
</trkpt>
<trkpt lat="35.53645" lon="139.10894">
<ele>425.4</ele>
</trkpt>
<trkpt lat="35.53643" lon="139.10889">
<ele>425.0</ele>
</trkpt>
<trkpt lat="35.5364" lon="139.10879">
<ele>424.3</ele>
</trkpt>
<trkpt lat="35.53637" lon="139.1087">
<ele>423.6</ele>
</trkpt>
<trkpt lat="35.53637" lon="139.10867">
<ele>423.5</ele>
</trkpt>
<trkpt lat="35.53635" lon="139.1086">
<ele>423.1</ele>
</trkpt>
<trkpt lat="35.53635" lon="139.10853">
<ele>423.0</ele>
</trkpt>
<trkpt lat="35.53636" lon="139.10847">
<ele>423.1</ele>
</trkpt>
<trkpt lat="35.53637" lon="139.10838">
<ele>423.1</ele>
</trkpt>
<trkpt lat="35.5364" lon="139.10826">
<ele>423.3</ele>
</trkpt>
<trkpt lat="35.53644" lon="139.10817">
<ele>423.4</ele>
</trkpt>
<trkpt lat="35.53646" lon="139.1081">
<ele>423.3</ele>
</trkpt>
<trkpt lat="35.53646" lon="139.10809">
<ele>423.2</ele>
</trkpt>
<trkpt lat="35.53648" lon="139.10801">
<ele>422.9</ele>
</trkpt>
<trkpt lat="35.53648" lon="139.10794">
<ele>422.4</ele>
</trkpt>
<trkpt lat="35.53648" lon="139.10792">
<ele>422.3</ele>
</trkpt>
<trkpt lat="35.53647" lon="139.10788">
<ele>422.1</ele>
</trkpt>
<trkpt lat="35.53645" lon="139.10781">
<ele>421.7</ele>
</trkpt>
<trkpt lat="35.53642" lon="139.10776">
<ele>421.6</ele>
</trkpt>
<trkpt lat="35.5364" lon="139.10772">
<ele>421.5</ele>
</trkpt>
<trkpt lat="35.53634" lon="139.10763">
<ele>421.8</ele>
</trkpt>
<trkpt lat="35.53629" lon="139.10757">
<ele>422.4</ele>
</trkpt>
<trkpt lat="35.53626" lon="139.10755">
<ele>422.8</ele>
</trkpt>
<trkpt lat="35.5362099" lon="139.10751">
<ele>423.5</ele>
</trkpt>
<trkpt lat="35.53617" lon="139.10747">
<ele>425.1</ele>
</trkpt>
<trkpt lat="35.53611" lon="139.10743">
<ele>427.5</ele>
</trkpt>
<trkpt lat="35.53606" lon="139.10743">
<ele>428.4</ele>
</trkpt>
<trkpt lat="35.53602" lon="139.10743">
<ele>429.1</ele>
</trkpt>
<trkpt lat="35.53599" lon="139.10745">
<ele>428.8</ele>
</trkpt>
<trkpt lat="35.5359399" lon="139.10748">
<ele>428.3</ele>
</trkpt>
<trkpt lat="35.53584" lon="139.10754">
<ele>428.2</ele>
</trkpt>
<trkpt lat="35.53566" lon="139.1076799">
<ele>433.3</ele>
</trkpt>
<trkpt lat="35.53549" lon="139.10785">
<ele>437.4</ele>
</trkpt>
<trkpt lat="35.53545" lon="139.10789">
<ele>438.4</ele>
</trkpt>
<trkpt lat="35.53541" lon="139.10795">
<ele>438.9</ele>
</trkpt>
<trkpt lat="35.5354" lon="139.10799">
<ele>438.5</ele>
</trkpt>
<trkpt lat="35.53539" lon="139.10802">
<ele>438.3</ele>
</trkpt>
<trkpt lat="35.53537" lon="139.10809">
<ele>437.8</ele>
</trkpt>
<trkpt lat="35.53536" lon="139.10823">
<ele>435.4</ele>
</trkpt>
<trkpt lat="35.53535" lon="139.10824">
<ele>435.6</ele>
</trkpt>
<trkpt lat="35.53535" lon="139.10839">
<ele>433.2</ele>
</trkpt>
<trkpt lat="35.53535" lon="139.10855">
<ele>431.6</ele>
</trkpt>
<trkpt lat="35.53538" lon="139.10867">
<ele>429.4</ele>
</trkpt>
<trkpt lat="35.53542" lon="139.10876">
<ele>427.3</ele>
</trkpt>
<trkpt lat="35.53548" lon="139.10886">
<ele>424.7</ele>
</trkpt>
<trkpt lat="35.53555" lon="139.10899">
<ele>421.8</ele>
</trkpt>
<trkpt lat="35.53558" lon="139.10905">
<ele>420.7</ele>
</trkpt>
<trkpt lat="35.53559" lon="139.10907">
<ele>420.3</ele>
</trkpt>
<trkpt lat="35.53561" lon="139.10917">
<ele>419.3</ele>
</trkpt>
<trkpt lat="35.53562" lon="139.10925">
<ele>418.4</ele>
</trkpt>
<trkpt lat="35.53562" lon="139.10934">
<ele>417.6</ele>
</trkpt>
<trkpt lat="35.5356" lon="139.10942">
<ele>417.2</ele>
</trkpt>
<trkpt lat="35.53558" lon="139.10951">
<ele>416.6</ele>
</trkpt>
<trkpt lat="35.53557" lon="139.10954">
<ele>416.4</ele>
</trkpt>
<trkpt lat="35.53555" lon="139.10959">
<ele>416.2</ele>
</trkpt>
<trkpt lat="35.53553" lon="139.10963">
<ele>415.9</ele>
</trkpt>
<trkpt lat="35.53551" lon="139.10966">
<ele>415.8</ele>
</trkpt>
<trkpt lat="35.53546" lon="139.10972">
<ele>415.4</ele>
</trkpt>
<trkpt lat="35.5354" lon="139.10975">
<ele>415.4</ele>
</trkpt>
<trkpt lat="35.53533" lon="139.10978">
<ele>415.3</ele>
</trkpt>
<trkpt lat="35.53523" lon="139.10979">
<ele>415.6</ele>
</trkpt>
<trkpt lat="35.5351799" lon="139.10979">
<ele>415.9</ele>
</trkpt>
<trkpt lat="35.53514" lon="139.10978">
<ele>416.3</ele>
</trkpt>
<trkpt lat="35.5351" lon="139.10977">
<ele>416.8</ele>
</trkpt>
<trkpt lat="35.53506" lon="139.10975">
<ele>417.5</ele>
</trkpt>
<trkpt lat="35.53499" lon="139.10968">
<ele>419.6</ele>
</trkpt>
<trkpt lat="35.53493" lon="139.1096">
<ele>420.7</ele>
</trkpt>
<trkpt lat="35.53482" lon="139.10945">
<ele>423.3</ele>
</trkpt>
<trkpt lat="35.53473" lon="139.1092899">
<ele>427.3</ele>
</trkpt>
<trkpt lat="35.5346" lon="139.10908">
<ele>432.7</ele>
</trkpt>
<trkpt lat="35.53458" lon="139.10906">
<ele>433.1</ele>
</trkpt>
<trkpt lat="35.5345" lon="139.10895">
<ele>436.1</ele>
</trkpt>
<trkpt lat="35.53442" lon="139.10888">
<ele>438.3</ele>
</trkpt>
<trkpt lat="35.53435" lon="139.1088399">
<ele>439.7</ele>
</trkpt>
<trkpt lat="35.5343" lon="139.10881">
<ele>440.8</ele>
</trkpt>
<trkpt lat="35.53425" lon="139.10878">
<ele>442.1</ele>
</trkpt>
<trkpt lat="35.5341499" lon="139.10874">
<ele>443.3</ele>
</trkpt>
<trkpt lat="35.53414" lon="139.10873">
<ele>443.4</ele>
</trkpt>
<trkpt lat="35.53404" lon="139.1087">
<ele>441.0</ele>
</trkpt>
<trkpt lat="35.5339699" lon="139.10869">
<ele>438.8</ele>
</trkpt>
<trkpt lat="35.53391" lon="139.10867">
<ele>437.3</ele>
</trkpt>
<trkpt lat="35.53375" lon="139.10865">
<ele>432.0</ele>
</trkpt>
<trkpt lat="35.53371" lon="139.10864">
<ele>430.9</ele>
</trkpt>
<trkpt lat="35.5336799" lon="139.10862">
<ele>430.4</ele>
</trkpt>
<trkpt lat="35.53364" lon="139.10858">
<ele>430.1</ele>
</trkpt>
<trkpt lat="35.53362" lon="139.10855">
<ele>430.2</ele>
</trkpt>
<trkpt lat="35.53361" lon="139.10853">
<ele>430.4</ele>
</trkpt>
<trkpt lat="35.53361" lon="139.1085">
<ele>431.3</ele>
</trkpt>
<trkpt lat="35.5336" lon="139.1084799">
<ele>431.5</ele>
</trkpt>
<trkpt lat="35.5336" lon="139.10846">
<ele>432.1</ele>
</trkpt>
<trkpt lat="35.5336" lon="139.10842">
<ele>433.3</ele>
</trkpt>
<trkpt lat="35.53361" lon="139.10836">
<ele>435.5</ele>
</trkpt>
<trkpt lat="35.53366" lon="139.10804">
<ele>442.5</ele>
</trkpt>
<trkpt lat="35.5336799" lon="139.10789">
<ele>445.7</ele>
</trkpt>
<trkpt lat="35.5336799" lon="139.10783">
<ele>446.5</ele>
</trkpt>
<trkpt lat="35.53369" lon="139.10778">
<ele>447.8</ele>
</trkpt>
<trkpt lat="35.53367" lon="139.10761">
<ele>449.1</ele>
</trkpt>
<trkpt lat="35.53365" lon="139.10742">
<ele>450.6</ele>
</trkpt>
<trkpt lat="35.53362" lon="139.10725">
<ele>451.2</ele>
</trkpt>
<trkpt lat="35.5336" lon="139.10713">
<ele>451.6</ele>
</trkpt>
<trkpt lat="35.5335899" lon="139.10706">
<ele>451.9</ele>
</trkpt>
<trkpt lat="35.53358" lon="139.10682">
<ele>454.6</ele>
</trkpt>
<trkpt lat="35.53356" lon="139.10663">
<ele>456.1</ele>
</trkpt>
<trkpt lat="35.53356" lon="139.1065999">
<ele>456.7</ele>
</trkpt>
<trkpt lat="35.53354" lon="139.10616">
<ele>464.7</ele>
</trkpt>
<trkpt lat="35.53354" lon="139.10615">
<ele>464.9</ele>
</trkpt>
<trkpt lat="35.53353" lon="139.10604">
<ele>466.6</ele>
</trkpt>
<trkpt lat="35.53351" lon="139.10595">
<ele>467.1</ele>
</trkpt>
<trkpt lat="35.53347" lon="139.1057999">
<ele>468.1</ele>
</trkpt>
<trkpt lat="35.5334" lon="139.1056199">
<ele>469.6</ele>
</trkpt>
<trkpt lat="35.53325" lon="139.10527">
<ele>475.2</ele>
</trkpt>
<trkpt lat="35.53319" lon="139.10512">
<ele>479.1</ele>
</trkpt>
<trkpt lat="35.53314" lon="139.10505">
<ele>480.4</ele>
</trkpt>
<trkpt lat="35.53307" lon="139.1049899">
<ele>481.3</ele>
</trkpt>
<trkpt lat="35.53301" lon="139.10495">
<ele>482.3</ele>
</trkpt>
<trkpt lat="35.53296" lon="139.10492">
<ele>483.0</ele>
</trkpt>
<trkpt lat="35.5329" lon="139.10489">
<ele>483.4</ele>
</trkpt>
<trkpt lat="35.53287" lon="139.10487">
<ele>483.9</ele>
</trkpt>
<trkpt lat="35.53277" lon="139.10483">
<ele>483.9</ele>
</trkpt>
<trkpt lat="35.53264" lon="139.10478">
<ele>483.9</ele>
</trkpt>
<trkpt lat="35.5325599" lon="139.10477">
<ele>482.5</ele>
</trkpt>
<trkpt lat="35.53249" lon="139.10476">
<ele>481.5</ele>
</trkpt>
<trkpt lat="35.53239" lon="139.10476">
<ele>479.3</ele>
</trkpt>
<trkpt lat="35.5322" lon="139.10479">
<ele>473.7</ele>
</trkpt>
<trkpt lat="35.53217" lon="139.10479">
<ele>473.1</ele>
</trkpt>
<trkpt lat="35.53203" lon="139.10482">
<ele>468.9</ele>
</trkpt>
<trkpt lat="35.53185" lon="139.10486">
<ele>463.8</ele>
</trkpt>
<trkpt lat="35.53181" lon="139.10486">
<ele>463.1</ele>
</trkpt>
<trkpt lat="35.5317" lon="139.10488">
<ele>460.5</ele>
</trkpt>
<trkpt lat="35.53167" lon="139.10488">
<ele>459.9</ele>
</trkpt>
<trkpt lat="35.53164" lon="139.10487">
<ele>458.9</ele>
</trkpt>
<trkpt lat="35.5316199" lon="139.10485">
<ele>458.6</ele>
</trkpt>
<trkpt lat="35.5316" lon="139.10483">
<ele>458.3</ele>
</trkpt>
<trkpt lat="35.53159" lon="139.1048099">
<ele>458.4</ele>
</trkpt>
<trkpt lat="35.53158" lon="139.1048">
<ele>458.3</ele>
</trkpt>
<trkpt lat="35.53158" lon="139.10478">
<ele>458.9</ele>
</trkpt>
<trkpt lat="35.53157" lon="139.10474">
<ele>459.7</ele>
</trkpt>
<trkpt lat="35.53155" lon="139.10465">
<ele>461.7</ele>
</trkpt>
<trkpt lat="35.53155" lon="139.10451">
<ele>466.3</ele>
</trkpt>
<trkpt lat="35.53156" lon="139.10428">
<ele>474.3</ele>
</trkpt>
<trkpt lat="35.53156" lon="139.10425">
<ele>475.3</ele>
</trkpt>
<trkpt lat="35.53156" lon="139.10415">
<ele>478.8</ele>
</trkpt>
<trkpt lat="35.53156" lon="139.10409">
<ele>481.8</ele>
</trkpt>
<trkpt lat="35.53155" lon="139.10403">
<ele>484.4</ele>
</trkpt>
<trkpt lat="35.5315299" lon="139.10396">
<ele>486.9</ele>
</trkpt>
<trkpt lat="35.5315299" lon="139.10394">
<ele>487.9</ele>
</trkpt>
<trkpt lat="35.53151" lon="139.10388">
<ele>490.0</ele>
</trkpt>
<trkpt lat="35.53147" lon="139.10378">
<ele>493.1</ele>
</trkpt>
<trkpt lat="35.5314" lon="139.10366">
<ele>495.7</ele>
</trkpt>
<trkpt lat="35.53135" lon="139.10358">
<ele>497.2</ele>
</trkpt>
<trkpt lat="35.53131" lon="139.10354">
<ele>497.2</ele>
</trkpt>
<trkpt lat="35.53126" lon="139.10348">
<ele>497.8</ele>
</trkpt>
<trkpt lat="35.53118" lon="139.10343">
<ele>496.3</ele>
</trkpt>
<trkpt lat="35.53108" lon="139.10337">
<ele>494.3</ele>
</trkpt>
<trkpt lat="35.53105" lon="139.10334">
<ele>494.3</ele>
</trkpt>
<trkpt lat="35.53099" lon="139.1032899">
<ele>493.9</ele>
</trkpt>
<trkpt lat="35.53093" lon="139.10325">
<ele>493.0</ele>
</trkpt>
<trkpt lat="35.53089" lon="139.10323">
<ele>492.0</ele>
</trkpt>
<trkpt lat="35.53088" lon="139.10323">
<ele>491.5</ele>
</trkpt>
<trkpt lat="35.5308" lon="139.10319">
<ele>490.1</ele>
</trkpt>
<trkpt lat="35.53069" lon="139.10316">
<ele>487.7</ele>
</trkpt>
<trkpt lat="35.53064" lon="139.10315">
<ele>486.4</ele>
</trkpt>
<trkpt lat="35.53056" lon="139.10313">
<ele>484.4</ele>
</trkpt>
<trkpt lat="35.53041" lon="139.10312">
<ele>479.5</ele>
</trkpt>
<trkpt lat="35.53038" lon="139.1031099">
<ele>478.8</ele>
</trkpt>
<trkpt lat="35.53033" lon="139.10309">
<ele>477.7</ele>
</trkpt>
<trkpt lat="35.5302999" lon="139.10307">
<ele>477.4</ele>
</trkpt>
<trkpt lat="35.53027" lon="139.10304">
<ele>477.4</ele>
</trkpt>
<trkpt lat="35.5302099" lon="139.10298">
<ele>477.3</ele>
</trkpt>
<trkpt lat="35.53016" lon="139.10291">
<ele>477.8</ele>
</trkpt>
<trkpt lat="35.53014" lon="139.10288">
<ele>478.0</ele>
</trkpt>
<trkpt lat="35.5301199" lon="139.10285">
<ele>478.2</ele>
</trkpt>
<trkpt lat="35.53011" lon="139.10282">
<ele>478.7</ele>
</trkpt>
<trkpt lat="35.53011" lon="139.10279">
<ele>479.8</ele>
</trkpt>
<trkpt lat="35.5301" lon="139.10276">
<ele>480.3</ele>
</trkpt>
<trkpt lat="35.5301" lon="139.10273">
<ele>481.3</ele>
</trkpt>
<trkpt lat="35.53011" lon="139.10269">
<ele>483.1</ele>
</trkpt>
<trkpt lat="35.53014" lon="139.1025699">
<ele>488.6</ele>
</trkpt>
<trkpt lat="35.53022" lon="139.10234">
<ele>496.4</ele>
</trkpt>
<trkpt lat="35.53023" lon="139.1023">
<ele>497.3</ele>
</trkpt>
<trkpt lat="35.53026" lon="139.10223">
<ele>499.4</ele>
</trkpt>
<trkpt lat="35.53027" lon="139.10217">
<ele>500.4</ele>
</trkpt>
<trkpt lat="35.53027" lon="139.10213">
<ele>500.7</ele>
</trkpt>
<trkpt lat="35.53027" lon="139.10211">
<ele>500.9</ele>
</trkpt>
<trkpt lat="35.53027" lon="139.10208">
<ele>501.1</ele>
</trkpt>
<trkpt lat="35.53026" lon="139.10205">
<ele>500.9</ele>
</trkpt>
<trkpt lat="35.53024" lon="139.10203">
<ele>500.0</ele>
</trkpt>
<trkpt lat="35.53022" lon="139.102">
<ele>499.3</ele>
</trkpt>
<trkpt lat="35.5302099" lon="139.10199">
<ele>498.9</ele>
</trkpt>
<trkpt lat="35.53019" lon="139.10198">
<ele>497.9</ele>
</trkpt>
<trkpt lat="35.53016" lon="139.10198">
<ele>496.4</ele>
</trkpt>
<trkpt lat="35.53011" lon="139.10197">
<ele>494.0</ele>
</trkpt>
<trkpt lat="35.53002" lon="139.10198">
<ele>489.4</ele>
</trkpt>
<trkpt lat="35.5298299" lon="139.10199">
<ele>480.2</ele>
</trkpt>
<trkpt lat="35.5298" lon="139.10199">
<ele>478.7</ele>
</trkpt>
<trkpt lat="35.52976" lon="139.10199">
<ele>476.8</ele>
</trkpt>
<trkpt lat="35.52973" lon="139.10197">
<ele>475.7</ele>
</trkpt>
<trkpt lat="35.52971" lon="139.1019499">
<ele>475.0</ele>
</trkpt>
<trkpt lat="35.52969" lon="139.10194">
<ele>474.2</ele>
</trkpt>
<trkpt lat="35.52967" lon="139.10191">
<ele>473.8</ele>
</trkpt>
<trkpt lat="35.52966" lon="139.10189">
<ele>473.6</ele>
</trkpt>
<trkpt lat="35.52964" lon="139.1018599">
<ele>473.2</ele>
</trkpt>
<trkpt lat="35.52962" lon="139.10178">
<ele>473.6</ele>
</trkpt>
<trkpt lat="35.52961" lon="139.10172">
<ele>474.2</ele>
</trkpt>
<trkpt lat="35.52961" lon="139.10167">
<ele>475.0</ele>
</trkpt>
<trkpt lat="35.52961" lon="139.10163">
<ele>475.7</ele>
</trkpt>
<trkpt lat="35.52962" lon="139.1016">
<ele>476.6</ele>
</trkpt>
<trkpt lat="35.52963" lon="139.10157">
<ele>477.5</ele>
</trkpt>
<trkpt lat="35.52966" lon="139.10152">
<ele>479.6</ele>
</trkpt>
<trkpt lat="35.52967" lon="139.10151">
<ele>480.2</ele>
</trkpt>
<trkpt lat="35.52968" lon="139.1014999">
<ele>480.8</ele>
</trkpt>
<trkpt lat="35.52969" lon="139.10148">
<ele>481.5</ele>
</trkpt>
<trkpt lat="35.52971" lon="139.10146">
<ele>482.8</ele>
</trkpt>
<trkpt lat="35.52973" lon="139.10144">
<ele>484.0</ele>
</trkpt>
<trkpt lat="35.52981" lon="139.10139">
<ele>488.5</ele>
</trkpt>
<trkpt lat="35.52984" lon="139.10137">
<ele>490.2</ele>
</trkpt>
<trkpt lat="35.52987" lon="139.10134">
<ele>492.1</ele>
</trkpt>
<trkpt lat="35.52991" lon="139.10131">
<ele>494.6</ele>
</trkpt>
<trkpt lat="35.52994" lon="139.10127">
<ele>496.8</ele>
</trkpt>
<trkpt lat="35.52994" lon="139.10126">
<ele>497.0</ele>
</trkpt>
<trkpt lat="35.52997" lon="139.10119">
<ele>499.9</ele>
</trkpt>
<trkpt lat="35.53001" lon="139.1011">
<ele>503.8</ele>
</trkpt>
<trkpt lat="35.53002" lon="139.10106">
<ele>505.3</ele>
</trkpt>
<trkpt lat="35.53004" lon="139.10098">
<ele>508.3</ele>
</trkpt>
<trkpt lat="35.53005" lon="139.10094">
<ele>509.8</ele>
</trkpt>
<trkpt lat="35.53006" lon="139.10088">
<ele>511.8</ele>
</trkpt>
<trkpt lat="35.53006" lon="139.10084">
<ele>512.7</ele>
</trkpt>
<trkpt lat="35.53006" lon="139.10083">
<ele>513.0</ele>
</trkpt>
<trkpt lat="35.53005" lon="139.1007799">
<ele>514.1</ele>
</trkpt>
<trkpt lat="35.5300299" lon="139.10072">
<ele>514.9</ele>
</trkpt>
<trkpt lat="35.53002" lon="139.1006899">
<ele>515.3</ele>
</trkpt>
<trkpt lat="35.53001" lon="139.10067">
<ele>515.3</ele>
</trkpt>
<trkpt lat="35.52999" lon="139.10063">
<ele>515.5</ele>
</trkpt>
<trkpt lat="35.52996" lon="139.10061">
<ele>514.5</ele>
</trkpt>
<trkpt lat="35.52993" lon="139.10059">
<ele>513.4</ele>
</trkpt>
<trkpt lat="35.52989" lon="139.10056">
<ele>512.1</ele>
</trkpt>
<trkpt lat="35.52987" lon="139.10056">
<ele>511.0</ele>
</trkpt>
<trkpt lat="35.52984" lon="139.10054">
<ele>509.9</ele>
</trkpt>
<trkpt lat="35.5298" lon="139.10051">
<ele>508.5</ele>
</trkpt>
<trkpt lat="35.52977" lon="139.10048">
<ele>507.6</ele>
</trkpt>
<trkpt lat="35.5297399" lon="139.10045">
<ele>506.7</ele>
</trkpt>
<trkpt lat="35.52973" lon="139.10043">
<ele>506.7</ele>
</trkpt>
<trkpt lat="35.52971" lon="139.10037">
<ele>507.3</ele>
</trkpt>
<trkpt lat="35.52969" lon="139.10033">
<ele>507.2</ele>
</trkpt>
<trkpt lat="35.52967" lon="139.10022">
<ele>509.1</ele>
</trkpt>
<trkpt lat="35.52967" lon="139.10021">
<ele>509.4</ele>
</trkpt>
<trkpt lat="35.52967" lon="139.1">
<ele>515.4</ele>
</trkpt>
<trkpt lat="35.52967" lon="139.09999">
<ele>515.6</ele>
</trkpt>
<trkpt lat="35.52966" lon="139.09991">
<ele>516.6</ele>
</trkpt>
<trkpt lat="35.5296499" lon="139.09986">
<ele>517.0</ele>
</trkpt>
<trkpt lat="35.52963" lon="139.09981">
<ele>516.7</ele>
</trkpt>
<trkpt lat="35.52961" lon="139.09978">
<ele>516.0</ele>
</trkpt>
<trkpt lat="35.52958" lon="139.09974">
<ele>514.9</ele>
</trkpt>
<trkpt lat="35.52955" lon="139.0997099">
<ele>513.6</ele>
</trkpt>
<trkpt lat="35.52947" lon="139.09966">
<ele>509.4</ele>
</trkpt>
<trkpt lat="35.52937" lon="139.09959">
<ele>504.5</ele>
</trkpt>
<trkpt lat="35.5293" lon="139.09954">
<ele>501.2</ele>
</trkpt>
<trkpt lat="35.52926" lon="139.0995">
<ele>499.6</ele>
</trkpt>
<trkpt lat="35.52923" lon="139.09947">
<ele>498.4</ele>
</trkpt>
<trkpt lat="35.52921" lon="139.0994399">
<ele>497.9</ele>
</trkpt>
<trkpt lat="35.5292" lon="139.09942">
<ele>497.7</ele>
</trkpt>
<trkpt lat="35.5291799" lon="139.09939">
<ele>497.2</ele>
</trkpt>
<trkpt lat="35.5291799" lon="139.09936">
<ele>498.0</ele>
</trkpt>
<trkpt lat="35.52917" lon="139.09934">
<ele>497.8</ele>
</trkpt>
<trkpt lat="35.52917" lon="139.0993">
<ele>498.8</ele>
</trkpt>
<trkpt lat="35.52917" lon="139.09923">
<ele>500.6</ele>
</trkpt>
<trkpt lat="35.5291799" lon="139.0991">
<ele>504.1</ele>
</trkpt>
<trkpt lat="35.52919" lon="139.0989899">
<ele>506.9</ele>
</trkpt>
<trkpt lat="35.52919" lon="139.09896">
<ele>507.5</ele>
</trkpt>
<trkpt lat="35.52919" lon="139.09892">
<ele>508.2</ele>
</trkpt>
<trkpt lat="35.52919" lon="139.09887">
<ele>509.2</ele>
</trkpt>
<trkpt lat="35.52919" lon="139.09882">
<ele>510.2</ele>
</trkpt>
<trkpt lat="35.5291799" lon="139.09879">
<ele>510.3</ele>
</trkpt>
<trkpt lat="35.52917" lon="139.09875">
<ele>510.6</ele>
</trkpt>
<trkpt lat="35.52895" lon="139.09813">
<ele>506.0</ele>
</trkpt>
<trkpt lat="35.52891" lon="139.09802">
<ele>504.6</ele>
</trkpt>
<trkpt lat="35.52884" lon="139.09781">
<ele>503.7</ele>
</trkpt>
<trkpt lat="35.52876" lon="139.09758">
<ele>504.4</ele>
</trkpt>
<trkpt lat="35.52874" lon="139.09753">
<ele>504.8</ele>
</trkpt>
<trkpt lat="35.52874" lon="139.09752">
<ele>505.0</ele>
</trkpt>
<trkpt lat="35.52873" lon="139.09745">
<ele>504.3</ele>
</trkpt>
<trkpt lat="35.52872" lon="139.09739">
<ele>503.2</ele>
</trkpt>
<trkpt lat="35.52872" lon="139.0973">
<ele>501.7</ele>
</trkpt>
<trkpt lat="35.52873" lon="139.09722">
<ele>500.6</ele>
</trkpt>
<trkpt lat="35.52875" lon="139.09715">
<ele>499.6</ele>
</trkpt>
<trkpt lat="35.52877" lon="139.09709">
<ele>498.8</ele>
</trkpt>
<trkpt lat="35.52877" lon="139.09707">
<ele>498.5</ele>
</trkpt>
<trkpt lat="35.52879" lon="139.09703">
<ele>497.9</ele>
</trkpt>
<trkpt lat="35.52882" lon="139.09698">
<ele>497.3</ele>
</trkpt>
<trkpt lat="35.52885" lon="139.09692">
<ele>496.4</ele>
</trkpt>
<trkpt lat="35.52888" lon="139.09688">
<ele>495.8</ele>
</trkpt>
<trkpt lat="35.52891" lon="139.0968399">
<ele>495.2</ele>
</trkpt>
<trkpt lat="35.52894" lon="139.0968">
<ele>494.5</ele>
</trkpt>
<trkpt lat="35.52897" lon="139.09678">
<ele>494.2</ele>
</trkpt>
<trkpt lat="35.529" lon="139.0967499">
<ele>493.6</ele>
</trkpt>
<trkpt lat="35.52904" lon="139.09672">
<ele>493.1</ele>
</trkpt>
<trkpt lat="35.52907" lon="139.0967">
<ele>492.7</ele>
</trkpt>
<trkpt lat="35.52914" lon="139.09667">
<ele>492.1</ele>
</trkpt>
<trkpt lat="35.52916" lon="139.09667">
<ele>492.1</ele>
</trkpt>
<trkpt lat="35.5292699" lon="139.09663">
<ele>491.8</ele>
</trkpt>
<trkpt lat="35.52934" lon="139.09662">
<ele>492.2</ele>
</trkpt>
<trkpt lat="35.52944" lon="139.09659">
<ele>492.3</ele>
</trkpt>
<trkpt lat="35.5299" lon="139.09647">
<ele>493.7</ele>
</trkpt>
<trkpt lat="35.53001" lon="139.09645">
<ele>494.4</ele>
</trkpt>
<trkpt lat="35.53007" lon="139.09643">
<ele>494.1</ele>
</trkpt>
<trkpt lat="35.53017" lon="139.0964">
<ele>493.8</ele>
</trkpt>
<trkpt lat="35.53027" lon="139.09637">
<ele>493.6</ele>
</trkpt>
<trkpt lat="35.53034" lon="139.09633">
<ele>493.1</ele>
</trkpt>
<trkpt lat="35.5304" lon="139.0963">
<ele>492.8</ele>
</trkpt>
<trkpt lat="35.53049" lon="139.09624">
<ele>492.2</ele>
</trkpt>
<trkpt lat="35.53074" lon="139.09606">
<ele>490.7</ele>
</trkpt>
<trkpt lat="35.53083" lon="139.096">
<ele>490.4</ele>
</trkpt>
<trkpt lat="35.53088" lon="139.09596">
<ele>489.7</ele>
</trkpt>
<trkpt lat="35.53095" lon="139.09592">
<ele>489.0</ele>
</trkpt>
<trkpt lat="35.53097" lon="139.09591">
<ele>488.8</ele>
</trkpt>
<trkpt lat="35.53099" lon="139.0959">
<ele>488.7</ele>
</trkpt>
<trkpt lat="35.53101" lon="139.0959">
<ele>488.6</ele>
</trkpt>
<trkpt lat="35.53103" lon="139.0959">
<ele>488.6</ele>
</trkpt>
<trkpt lat="35.5310599" lon="139.0959">
<ele>488.5</ele>
</trkpt>
<trkpt lat="35.53108" lon="139.09591">
<ele>488.6</ele>
</trkpt>
<trkpt lat="35.53111" lon="139.09592">
<ele>488.7</ele>
</trkpt>
<trkpt lat="35.53113" lon="139.09594">
<ele>488.9</ele>
</trkpt>
<trkpt lat="35.5311499" lon="139.09597">
<ele>489.2</ele>
</trkpt>
<trkpt lat="35.53116" lon="139.09599">
<ele>489.3</ele>
</trkpt>
<trkpt lat="35.53119" lon="139.09606">
<ele>490.0</ele>
</trkpt>
<trkpt lat="35.53135" lon="139.09657">
<ele>494.2</ele>
</trkpt>
<trkpt lat="35.53138" lon="139.09668">
<ele>495.0</ele>
</trkpt>
<trkpt lat="35.5314" lon="139.09674">
<ele>495.9</ele>
</trkpt>
<trkpt lat="35.5314" lon="139.09687">
<ele>498.4</ele>
</trkpt>
<trkpt lat="35.5314" lon="139.09699">
<ele>500.6</ele>
</trkpt>
<trkpt lat="35.5314" lon="139.09704">
<ele>501.6</ele>
</trkpt>
<trkpt lat="35.53141" lon="139.09709">
<ele>502.4</ele>
</trkpt>
<trkpt lat="35.53141" lon="139.0971099">
<ele>502.8</ele>
</trkpt>
<trkpt lat="35.53141" lon="139.09713">
<ele>503.2</ele>
</trkpt>
<trkpt lat="35.53142" lon="139.09715">
<ele>503.5</ele>
</trkpt>
<trkpt lat="35.53143" lon="139.09716">
<ele>503.6</ele>
</trkpt>
<trkpt lat="35.53145" lon="139.0971999">
<ele>504.2</ele>
</trkpt>
<trkpt lat="35.53147" lon="139.09722">
<ele>504.4</ele>
</trkpt>
<trkpt lat="35.53148" lon="139.09722">
<ele>504.3</ele>
</trkpt>
<trkpt lat="35.53149" lon="139.09723">
<ele>504.4</ele>
</trkpt>
<trkpt lat="35.53152" lon="139.09723">
<ele>504.1</ele>
</trkpt>
<trkpt lat="35.53154" lon="139.09723">
<ele>503.9</ele>
</trkpt>
<trkpt lat="35.53155" lon="139.09723">
<ele>503.8</ele>
</trkpt>
<trkpt lat="35.53158" lon="139.09722">
<ele>503.4</ele>
</trkpt>
<trkpt lat="35.53159" lon="139.09722">
<ele>503.3</ele>
</trkpt>
<trkpt lat="35.53161" lon="139.09721">
<ele>502.9</ele>
</trkpt>
<trkpt lat="35.53163" lon="139.09718">
<ele>502.2</ele>
</trkpt>
<trkpt lat="35.53164" lon="139.09716">
<ele>501.7</ele>
</trkpt>
<trkpt lat="35.53166" lon="139.09714">
<ele>501.2</ele>
</trkpt>
<trkpt lat="35.53167" lon="139.0971099">
<ele>500.6</ele>
</trkpt>
<trkpt lat="35.53167" lon="139.09707">
<ele>499.8</ele>
</trkpt>
<trkpt lat="35.53168" lon="139.09704">
<ele>499.4</ele>
</trkpt>
<trkpt lat="35.53167" lon="139.09688">
<ele>496.2</ele>
</trkpt>
<trkpt lat="35.53167" lon="139.09671">
<ele>492.9</ele>
</trkpt>
<trkpt lat="35.53168" lon="139.09667">
<ele>492.3</ele>
</trkpt>
<trkpt lat="35.53169" lon="139.09661">
<ele>492.1</ele>
</trkpt>
<trkpt lat="35.53172" lon="139.09654">
<ele>492.1</ele>
</trkpt>
<trkpt lat="35.53178" lon="139.09642">
<ele>492.2</ele>
</trkpt>
<trkpt lat="35.53181" lon="139.09637">
<ele>492.2</ele>
</trkpt>
<trkpt lat="35.53194" lon="139.09611">
<ele>491.1</ele>
</trkpt>
<trkpt lat="35.53196" lon="139.09605">
<ele>490.5</ele>
</trkpt>
<trkpt lat="35.53196" lon="139.0960399">
<ele>490.4</ele>
</trkpt>
<trkpt lat="35.53197" lon="139.09602">
<ele>490.3</ele>
</trkpt>
<trkpt lat="35.53197" lon="139.09599">
<ele>489.9</ele>
</trkpt>
<trkpt lat="35.53197" lon="139.0959499">
<ele>489.5</ele>
</trkpt>
<trkpt lat="35.53197" lon="139.09591">
<ele>489.0</ele>
</trkpt>
<trkpt lat="35.53195" lon="139.0958599">
<ele>488.3</ele>
</trkpt>
<trkpt lat="35.53195" lon="139.09584">
<ele>488.1</ele>
</trkpt>
<trkpt lat="35.53192" lon="139.0958">
<ele>487.7</ele>
</trkpt>
<trkpt lat="35.53186" lon="139.09572">
<ele>486.8</ele>
</trkpt>
<trkpt lat="35.53184" lon="139.0957">
<ele>486.6</ele>
</trkpt>
<trkpt lat="35.53183" lon="139.0956799">
<ele>486.4</ele>
</trkpt>
<trkpt lat="35.5317999" lon="139.0956">
<ele>485.6</ele>
</trkpt>
<trkpt lat="35.53179" lon="139.09556">
<ele>485.2</ele>
</trkpt>
<trkpt lat="35.53179" lon="139.09553">
<ele>484.9</ele>
</trkpt>
<trkpt lat="35.53178" lon="139.0954999">
<ele>484.6</ele>
</trkpt>
<trkpt lat="35.53179" lon="139.09546">
<ele>484.3</ele>
</trkpt>
<trkpt lat="35.5317999" lon="139.09537">
<ele>483.7</ele>
</trkpt>
<trkpt lat="35.53186" lon="139.09507">
<ele>481.9</ele>
</trkpt>
<trkpt lat="35.53187" lon="139.09502">
<ele>481.6</ele>
</trkpt>
<trkpt lat="35.53187" lon="139.09501">
<ele>481.5</ele>
</trkpt>
<trkpt lat="35.53187" lon="139.09497">
<ele>480.5</ele>
</trkpt>
<trkpt lat="35.53187" lon="139.09492">
<ele>478.8</ele>
</trkpt>
<trkpt lat="35.53186" lon="139.09489">
<ele>477.7</ele>
</trkpt>
<trkpt lat="35.53185" lon="139.09483">
<ele>475.5</ele>
</trkpt>
<trkpt lat="35.53185" lon="139.0948">
<ele>474.5</ele>
</trkpt>
<trkpt lat="35.53181" lon="139.09459">
<ele>466.8</ele>
</trkpt>
<trkpt lat="35.53179" lon="139.09447">
<ele>462.3</ele>
</trkpt>
<trkpt lat="35.53179" lon="139.09441">
<ele>460.3</ele>
</trkpt>
<trkpt lat="35.53179" lon="139.09438">
<ele>459.3</ele>
</trkpt>
<trkpt lat="35.53179" lon="139.09437">
<ele>458.9</ele>
</trkpt>
<trkpt lat="35.53179" lon="139.09436">
<ele>458.6</ele>
</trkpt>
<trkpt lat="35.53181" lon="139.09433">
<ele>458.0</ele>
</trkpt>
<trkpt lat="35.53183" lon="139.0943">
<ele>457.4</ele>
</trkpt>
<trkpt lat="35.53186" lon="139.09428">
<ele>457.4</ele>
</trkpt>
<trkpt lat="35.53188" lon="139.09427">
<ele>457.5</ele>
</trkpt>
<trkpt lat="35.5319" lon="139.09426">
<ele>457.7</ele>
</trkpt>
<trkpt lat="35.53192" lon="139.09426">
<ele>458.1</ele>
</trkpt>
<trkpt lat="35.53193" lon="139.09426">
<ele>458.3</ele>
</trkpt>
<trkpt lat="35.53196" lon="139.09427">
<ele>459.3</ele>
</trkpt>
<trkpt lat="35.53201" lon="139.09429">
<ele>461.1</ele>
</trkpt>
<trkpt lat="35.5320899" lon="139.09435">
<ele>464.6</ele>
</trkpt>
<trkpt lat="35.5321799" lon="139.09439">
<ele>467.7</ele>
</trkpt>
<trkpt lat="35.53222" lon="139.09441">
<ele>469.1</ele>
</trkpt>
<trkpt lat="35.5324" lon="139.09446">
<ele>474.1</ele>
</trkpt>
<trkpt lat="35.53251" lon="139.09449">
<ele>477.0</ele>
</trkpt>
<trkpt lat="35.53285" lon="139.09459">
<ele>487.2</ele>
</trkpt>
<trkpt lat="35.53293" lon="139.09461">
<ele>489.5</ele>
</trkpt>
<trkpt lat="35.53295" lon="139.09461">
<ele>490.0</ele>
</trkpt>
<trkpt lat="35.53298" lon="139.09461">
<ele>490.7</ele>
</trkpt>
<trkpt lat="35.53302" lon="139.09459">
<ele>491.1</ele>
</trkpt>
<trkpt lat="35.5330299" lon="139.09459">
<ele>491.3</ele>
</trkpt>
<trkpt lat="35.5330299" lon="139.09458">
<ele>491.0</ele>
</trkpt>
<trkpt lat="35.53305" lon="139.09456">
<ele>490.9</ele>
</trkpt>
<trkpt lat="35.53306" lon="139.09454">
<ele>490.5</ele>
</trkpt>
<trkpt lat="35.53307" lon="139.09452">
<ele>490.2</ele>
</trkpt>
<trkpt lat="35.53308" lon="139.09448">
<ele>489.2</ele>
</trkpt>
<trkpt lat="35.53309" lon="139.09443">
<ele>488.0</ele>
</trkpt>
<trkpt lat="35.53309" lon="139.09439">
<ele>486.8</ele>
</trkpt>
<trkpt lat="35.5331" lon="139.09438">
<ele>486.8</ele>
</trkpt>
<trkpt lat="35.5331" lon="139.09435">
<ele>485.9</ele>
</trkpt>
<trkpt lat="35.5331199" lon="139.09431">
<ele>485.1</ele>
</trkpt>
<trkpt lat="35.53313" lon="139.09428">
<ele>484.4</ele>
</trkpt>
<trkpt lat="35.53315" lon="139.09426">
<ele>484.2</ele>
</trkpt>
<trkpt lat="35.53317" lon="139.09422">
<ele>483.5</ele>
</trkpt>
<trkpt lat="35.5332" lon="139.09419">
<ele>483.1</ele>
</trkpt>
<trkpt lat="35.53337" lon="139.09394">
<ele>478.4</ele>
</trkpt>
<trkpt lat="35.53355" lon="139.09369">
<ele>474.8</ele>
</trkpt>
<trkpt lat="35.53357" lon="139.09367">
<ele>474.6</ele>
</trkpt>
<trkpt lat="35.53372" lon="139.0935">
<ele>471.6</ele>
</trkpt>
<trkpt lat="35.53386" lon="139.09334">
<ele>467.7</ele>
</trkpt>
<trkpt lat="35.53398" lon="139.09324">
<ele>468.5</ele>
</trkpt>
<trkpt lat="35.53408" lon="139.0931699">
<ele>469.2</ele>
</trkpt>
<trkpt lat="35.53417" lon="139.0930799">
<ele>469.2</ele>
</trkpt>
<trkpt lat="35.53428" lon="139.0929899">
<ele>469.1</ele>
</trkpt>
<trkpt lat="35.53437" lon="139.09291">
<ele>468.9</ele>
</trkpt>
<trkpt lat="35.53441" lon="139.09286">
<ele>468.6</ele>
</trkpt>
<trkpt lat="35.5345" lon="139.09276">
<ele>468.2</ele>
</trkpt>
<trkpt lat="35.53454" lon="139.09269">
<ele>467.6</ele>
</trkpt>
<trkpt lat="35.53458" lon="139.09261">
<ele>466.9</ele>
</trkpt>
<trkpt lat="35.53461" lon="139.09255">
<ele>466.3</ele>
</trkpt>
<trkpt lat="35.53465" lon="139.09244">
<ele>466.2</ele>
</trkpt>
<trkpt lat="35.53466" lon="139.0924">
<ele>466.5</ele>
</trkpt>
<trkpt lat="35.53466" lon="139.09238">
<ele>466.6</ele>
</trkpt>
<trkpt lat="35.5347099" lon="139.0921899">
<ele>468.1</ele>
</trkpt>
<trkpt lat="35.53482" lon="139.09171">
<ele>472.6</ele>
</trkpt>
<trkpt lat="35.53488" lon="139.0914699">
<ele>473.5</ele>
</trkpt>
<trkpt lat="35.53492" lon="139.0912899">
<ele>473.8</ele>
</trkpt>
<trkpt lat="35.53505" lon="139.09071">
<ele>475.4</ele>
</trkpt>
<trkpt lat="35.53507" lon="139.09065">
<ele>475.8</ele>
</trkpt>
<trkpt lat="35.53519" lon="139.0901299">
<ele>476.5</ele>
</trkpt>
<trkpt lat="35.5352" lon="139.09009">
<ele>476.5</ele>
</trkpt>
<trkpt lat="35.53522" lon="139.09">
<ele>476.5</ele>
</trkpt>
<trkpt lat="35.53526" lon="139.08982">
<ele>476.6</ele>
</trkpt>
<trkpt lat="35.53529" lon="139.08961">
<ele>475.9</ele>
</trkpt>
<trkpt lat="35.53531" lon="139.08949">
<ele>475.4</ele>
</trkpt>
<trkpt lat="35.53533" lon="139.08935">
<ele>474.7</ele>
</trkpt>
<trkpt lat="35.53534" lon="139.08929">
<ele>474.5</ele>
</trkpt>
<trkpt lat="35.53537" lon="139.0891">
<ele>473.3</ele>
</trkpt>
<trkpt lat="35.53541" lon="139.0889599">
<ele>472.8</ele>
</trkpt>
<trkpt lat="35.53545" lon="139.08884">
<ele>472.5</ele>
</trkpt>
<trkpt lat="35.53546" lon="139.08881">
<ele>472.4</ele>
</trkpt>
<trkpt lat="35.5355599" lon="139.08861">
<ele>472.4</ele>
</trkpt>
<trkpt lat="35.5357" lon="139.08834">
<ele>472.1</ele>
</trkpt>
<trkpt lat="35.53576" lon="139.08824">
<ele>471.6</ele>
</trkpt>
<trkpt lat="35.53582" lon="139.08815">
<ele>471.0</ele>
</trkpt>
<trkpt lat="35.53586" lon="139.0881">
<ele>471.0</ele>
</trkpt>
<trkpt lat="35.5359" lon="139.08808">
<ele>471.9</ele>
</trkpt>
<trkpt lat="35.53605" lon="139.0879799">
<ele>474.5</ele>
</trkpt>
<trkpt lat="35.53614" lon="139.08791">
<ele>475.9</ele>
</trkpt>
<trkpt lat="35.53619" lon="139.08786">
<ele>476.6</ele>
</trkpt>
<trkpt lat="35.53622" lon="139.08783">
<ele>477.0</ele>
</trkpt>
<trkpt lat="35.53628" lon="139.08773">
<ele>477.1</ele>
</trkpt>
<trkpt lat="35.53629" lon="139.0877">
<ele>476.9</ele>
</trkpt>
<trkpt lat="35.53644" lon="139.08747">
<ele>478.0</ele>
</trkpt>
<trkpt lat="35.53646" lon="139.0874399">
<ele>478.4</ele>
</trkpt>
<trkpt lat="35.53648" lon="139.08738">
<ele>478.3</ele>
</trkpt>
<trkpt lat="35.5364999" lon="139.08733">
<ele>478.3</ele>
</trkpt>
<trkpt lat="35.53652" lon="139.08724">
<ele>477.8</ele>
</trkpt>
<trkpt lat="35.53653" lon="139.08713">
<ele>476.7</ele>
</trkpt>
<trkpt lat="35.53654" lon="139.0871">
<ele>476.6</ele>
</trkpt>
<trkpt lat="35.53655" lon="139.0870799">
<ele>476.7</ele>
</trkpt>
<trkpt lat="35.53656" lon="139.08706">
<ele>476.7</ele>
</trkpt>
<trkpt lat="35.53657" lon="139.08705">
<ele>476.8</ele>
</trkpt>
<trkpt lat="35.5366" lon="139.08702">
<ele>477.3</ele>
</trkpt>
<trkpt lat="35.53665" lon="139.0869899">
<ele>478.2</ele>
</trkpt>
<trkpt lat="35.53669" lon="139.08697">
<ele>479.3</ele>
</trkpt>
<trkpt lat="35.53674" lon="139.08695">
<ele>481.1</ele>
</trkpt>
<trkpt lat="35.53679" lon="139.08691">
<ele>482.5</ele>
</trkpt>
<trkpt lat="35.53683" lon="139.08687">
<ele>483.6</ele>
</trkpt>
<trkpt lat="35.53686" lon="139.08683">
<ele>484.2</ele>
</trkpt>
<trkpt lat="35.5368799" lon="139.08679">
<ele>484.5</ele>
</trkpt>
<trkpt lat="35.5369" lon="139.08674">
<ele>484.6</ele>
</trkpt>
<trkpt lat="35.53691" lon="139.08669">
<ele>484.3</ele>
</trkpt>
<trkpt lat="35.53691" lon="139.08668">
<ele>484.1</ele>
</trkpt>
<trkpt lat="35.53691" lon="139.08665">
<ele>484.3</ele>
</trkpt>
<trkpt lat="35.53691" lon="139.08654">
<ele>486.8</ele>
</trkpt>
<trkpt lat="35.53689" lon="139.08648">
<ele>487.3</ele>
</trkpt>
<trkpt lat="35.5368799" lon="139.08646">
<ele>487.3</ele>
</trkpt>
<trkpt lat="35.53687" lon="139.08642">
<ele>487.8</ele>
</trkpt>
<trkpt lat="35.53684" lon="139.0863699">
<ele>487.8</ele>
</trkpt>
<trkpt lat="35.53682" lon="139.08635">
<ele>487.4</ele>
</trkpt>
<trkpt lat="35.53681" lon="139.08634">
<ele>487.2</ele>
</trkpt>
<trkpt lat="35.5368" lon="139.08633">
<ele>487.0</ele>
</trkpt>
<trkpt lat="35.53671" lon="139.0862799">
<ele>484.6</ele>
</trkpt>
<trkpt lat="35.53657" lon="139.08623">
<ele>481.0</ele>
</trkpt>
<trkpt lat="35.53637" lon="139.08615">
<ele>476.4</ele>
</trkpt>
<trkpt lat="35.53632" lon="139.08613">
<ele>475.1</ele>
</trkpt>
<trkpt lat="35.5363" lon="139.08611">
<ele>474.8</ele>
</trkpt>
<trkpt lat="35.53629" lon="139.0860999">
<ele>474.6</ele>
</trkpt>
<trkpt lat="35.53625" lon="139.08607">
<ele>473.8</ele>
</trkpt>
<trkpt lat="35.5362099" lon="139.086">
<ele>473.5</ele>
</trkpt>
<trkpt lat="35.53604" lon="139.08566">
<ele>471.9</ele>
</trkpt>
<trkpt lat="35.53583" lon="139.08525">
<ele>468.3</ele>
</trkpt>
<trkpt lat="35.53579" lon="139.08516">
<ele>469.4</ele>
</trkpt>
<trkpt lat="35.53571" lon="139.08489">
<ele>471.3</ele>
</trkpt>
<trkpt lat="35.53562" lon="139.08465">
<ele>471.8</ele>
</trkpt>
<trkpt lat="35.53554" lon="139.08442">
<ele>471.5</ele>
</trkpt>
<trkpt lat="35.5355" lon="139.0843099">
<ele>471.0</ele>
</trkpt>
<trkpt lat="35.53549" lon="139.08428">
<ele>470.9</ele>
</trkpt>
<trkpt lat="35.53548" lon="139.08423">
<ele>470.7</ele>
</trkpt>
<trkpt lat="35.53548" lon="139.0842199">
<ele>470.8</ele>
</trkpt>
<trkpt lat="35.53549" lon="139.08415">
<ele>470.9</ele>
</trkpt>
<trkpt lat="35.53549" lon="139.0841299">
<ele>470.8</ele>
</trkpt>
<trkpt lat="35.5355" lon="139.08409">
<ele>470.7</ele>
</trkpt>
<trkpt lat="35.53551" lon="139.0840399">
<ele>470.6</ele>
</trkpt>
<trkpt lat="35.53554" lon="139.084">
<ele>471.0</ele>
</trkpt>
<trkpt lat="35.53555" lon="139.08398">
<ele>471.1</ele>
</trkpt>
<trkpt lat="35.53557" lon="139.08394">
<ele>471.3</ele>
</trkpt>
<trkpt lat="35.53561" lon="139.08391">
<ele>471.9</ele>
</trkpt>
<trkpt lat="35.53569" lon="139.08381">
<ele>472.9</ele>
</trkpt>
<trkpt lat="35.53578" lon="139.08372">
<ele>474.2</ele>
</trkpt>
<trkpt lat="35.53582" lon="139.08369">
<ele>474.9</ele>
</trkpt>
<trkpt lat="35.53584" lon="139.08366">
<ele>475.1</ele>
</trkpt>
<trkpt lat="35.53587" lon="139.08363">
<ele>475.7</ele>
</trkpt>
<trkpt lat="35.53591" lon="139.08356">
<ele>476.2</ele>
</trkpt>
<trkpt lat="35.53593" lon="139.0834999">
<ele>476.3</ele>
</trkpt>
<trkpt lat="35.53595" lon="139.08346">
<ele>476.5</ele>
</trkpt>
<trkpt lat="35.53598" lon="139.08334">
<ele>476.4</ele>
</trkpt>
<trkpt lat="35.53604" lon="139.0831399">
<ele>477.9</ele>
</trkpt>
<trkpt lat="35.53605" lon="139.0831">
<ele>478.1</ele>
</trkpt>
<trkpt lat="35.53616" lon="139.08276">
<ele>480.9</ele>
</trkpt>
<trkpt lat="35.53624" lon="139.08248">
<ele>482.7</ele>
</trkpt>
<trkpt lat="35.53634" lon="139.08215">
<ele>483.0</ele>
</trkpt>
<trkpt lat="35.5364" lon="139.08194">
<ele>483.4</ele>
</trkpt>
<trkpt lat="35.5364099" lon="139.0819">
<ele>483.5</ele>
</trkpt>
<trkpt lat="35.53646" lon="139.08173">
<ele>484.1</ele>
</trkpt>
<trkpt lat="35.53647" lon="139.0817099">
<ele>484.3</ele>
</trkpt>
<trkpt lat="35.53649" lon="139.08159">
<ele>483.9</ele>
</trkpt>
<trkpt lat="35.5364999" lon="139.08151">
<ele>483.4</ele>
</trkpt>
<trkpt lat="35.5364999" lon="139.0815">
<ele>483.3</ele>
</trkpt>
<trkpt lat="35.5364999" lon="139.08138">
<ele>482.1</ele>
</trkpt>
<trkpt lat="35.53651" lon="139.0813">
<ele>481.6</ele>
</trkpt>
<trkpt lat="35.53651" lon="139.08129">
<ele>481.5</ele>
</trkpt>
<trkpt lat="35.53654" lon="139.08122">
<ele>481.6</ele>
</trkpt>
<trkpt lat="35.53656" lon="139.08116">
<ele>481.6</ele>
</trkpt>
<trkpt lat="35.5366" lon="139.0811">
<ele>482.0</ele>
</trkpt>
<trkpt lat="35.53664" lon="139.08104">
<ele>482.5</ele>
</trkpt>
<trkpt lat="35.53676" lon="139.0809">
<ele>485.7</ele>
</trkpt>
<trkpt lat="35.53685" lon="139.08079">
<ele>489.3</ele>
</trkpt>
<trkpt lat="35.53693" lon="139.08068">
<ele>493.8</ele>
</trkpt>
<trkpt lat="35.53695" lon="139.08063">
<ele>495.0</ele>
</trkpt>
<trkpt lat="35.53699" lon="139.08056">
<ele>497.2</ele>
</trkpt>
<trkpt lat="35.53705" lon="139.08043">
<ele>500.6</ele>
</trkpt>
<trkpt lat="35.53708" lon="139.08035">
<ele>502.4</ele>
</trkpt>
<trkpt lat="35.53711" lon="139.08021">
<ele>504.4</ele>
</trkpt>
<trkpt lat="35.53712" lon="139.08014">
<ele>505.3</ele>
</trkpt>
<trkpt lat="35.53714" lon="139.08002">
<ele>506.8</ele>
</trkpt>
<trkpt lat="35.53714" lon="139.07988">
<ele>509.5</ele>
</trkpt>
<trkpt lat="35.53714" lon="139.0797399">
<ele>512.6</ele>
</trkpt>
<trkpt lat="35.5371" lon="139.07953">
<ele>516.1</ele>
</trkpt>
<trkpt lat="35.53704" lon="139.07934">
<ele>519.1</ele>
</trkpt>
<trkpt lat="35.53702" lon="139.0792899">
<ele>519.8</ele>
</trkpt>
<trkpt lat="35.53698" lon="139.07922">
<ele>520.7</ele>
</trkpt>
<trkpt lat="35.53679" lon="139.07896">
<ele>520.7</ele>
</trkpt>
<trkpt lat="35.53674" lon="139.07889">
<ele>520.5</ele>
</trkpt>
<trkpt lat="35.53669" lon="139.07883">
<ele>520.1</ele>
</trkpt>
<trkpt lat="35.53666" lon="139.07881">
<ele>519.7</ele>
</trkpt>
<trkpt lat="35.53662" lon="139.07878">
<ele>518.9</ele>
</trkpt>
<trkpt lat="35.5364999" lon="139.07871">
<ele>516.4</ele>
</trkpt>
<trkpt lat="35.53648" lon="139.0787">
<ele>516.0</ele>
</trkpt>
<trkpt lat="35.53624" lon="139.07859">
<ele>511.4</ele>
</trkpt>
<trkpt lat="35.5362" lon="139.07858">
<ele>510.6</ele>
</trkpt>
<trkpt lat="35.53616" lon="139.07858">
<ele>509.6</ele>
</trkpt>
<trkpt lat="35.53611" lon="139.07857">
<ele>508.5</ele>
</trkpt>
<trkpt lat="35.5360299" lon="139.07856">
<ele>506.7</ele>
</trkpt>
<trkpt lat="35.53595" lon="139.07855">
<ele>504.9</ele>
</trkpt>
<trkpt lat="35.53591" lon="139.07855">
<ele>504.0</ele>
</trkpt>
<trkpt lat="35.53586" lon="139.07854">
<ele>502.9</ele>
</trkpt>
<trkpt lat="35.53568" lon="139.07853">
<ele>500.1</ele>
</trkpt>
<trkpt lat="35.53559" lon="139.07852">
<ele>498.9</ele>
</trkpt>
<trkpt lat="35.5354699" lon="139.07851">
<ele>497.3</ele>
</trkpt>
<trkpt lat="35.53539" lon="139.0785">
<ele>496.3</ele>
</trkpt>
<trkpt lat="35.53523" lon="139.0784899">
<ele>494.0</ele>
</trkpt>
<trkpt lat="35.53512" lon="139.07848">
<ele>492.5</ele>
</trkpt>
<trkpt lat="35.5350899" lon="139.07847">
<ele>492.3</ele>
</trkpt>
<trkpt lat="35.53505" lon="139.07847">
<ele>491.7</ele>
</trkpt>
<trkpt lat="35.53501" lon="139.07846">
<ele>491.3</ele>
</trkpt>
<trkpt lat="35.53497" lon="139.07844">
<ele>491.0</ele>
</trkpt>
<trkpt lat="35.5349" lon="139.07841">
<ele>490.4</ele>
</trkpt>
<trkpt lat="35.53488" lon="139.0783999">
<ele>490.2</ele>
</trkpt>
<trkpt lat="35.53484" lon="139.07837">
<ele>490.0</ele>
</trkpt>
<trkpt lat="35.53477" lon="139.07832">
<ele>489.5</ele>
</trkpt>
<trkpt lat="35.53474" lon="139.07829">
<ele>489.4</ele>
</trkpt>
<trkpt lat="35.5347099" lon="139.07826">
<ele>489.3</ele>
</trkpt>
<trkpt lat="35.53469" lon="139.07823">
<ele>489.4</ele>
</trkpt>
<trkpt lat="35.53466" lon="139.07819">
<ele>489.4</ele>
</trkpt>
<trkpt lat="35.53461" lon="139.07812">
<ele>489.5</ele>
</trkpt>
<trkpt lat="35.53455" lon="139.07802">
<ele>489.8</ele>
</trkpt>
<trkpt lat="35.53451" lon="139.07792">
<ele>490.6</ele>
</trkpt>
<trkpt lat="35.53448" lon="139.0778599">
<ele>490.8</ele>
</trkpt>
<trkpt lat="35.53446" lon="139.07778">
<ele>491.7</ele>
</trkpt>
<trkpt lat="35.53445" lon="139.07773">
<ele>492.2</ele>
</trkpt>
<trkpt lat="35.53442" lon="139.07762">
<ele>493.2</ele>
</trkpt>
<trkpt lat="35.53431" lon="139.07712">
<ele>494.6</ele>
</trkpt>
<trkpt lat="35.53431" lon="139.07709">
<ele>494.8</ele>
</trkpt>
<trkpt lat="35.53428" lon="139.07698">
<ele>494.3</ele>
</trkpt>
<trkpt lat="35.53426" lon="139.07691">
<ele>493.9</ele>
</trkpt>
<trkpt lat="35.53419" lon="139.07671">
<ele>491.9</ele>
</trkpt>
<trkpt lat="35.53417" lon="139.07662">
<ele>491.2</ele>
</trkpt>
<trkpt lat="35.5341499" lon="139.07658">
<ele>491.0</ele>
</trkpt>
<trkpt lat="35.53414" lon="139.0765">
<ele>491.1</ele>
</trkpt>
<trkpt lat="35.53414" lon="139.07644">
<ele>491.2</ele>
</trkpt>
<trkpt lat="35.53413" lon="139.0763">
<ele>491.4</ele>
</trkpt>
<trkpt lat="35.53413" lon="139.07619">
<ele>491.5</ele>
</trkpt>
<trkpt lat="35.53413" lon="139.07612">
<ele>491.7</ele>
</trkpt>
<trkpt lat="35.53414" lon="139.07605">
<ele>491.8</ele>
</trkpt>
<trkpt lat="35.53414" lon="139.07604">
<ele>491.8</ele>
</trkpt>
<trkpt lat="35.53417" lon="139.07596">
<ele>492.0</ele>
</trkpt>
<trkpt lat="35.53419" lon="139.0758899">
<ele>492.9</ele>
</trkpt>
<trkpt lat="35.53421" lon="139.07584">
<ele>493.9</ele>
</trkpt>
<trkpt lat="35.53423" lon="139.07579">
<ele>494.7</ele>
</trkpt>
<trkpt lat="35.53427" lon="139.0757">
<ele>496.0</ele>
</trkpt>
<trkpt lat="35.53434" lon="139.0756">
<ele>498.2</ele>
</trkpt>
<trkpt lat="35.53456" lon="139.0753499">
<ele>503.0</ele>
</trkpt>
<trkpt lat="35.5347" lon="139.07519">
<ele>504.2</ele>
</trkpt>
<trkpt lat="35.53473" lon="139.07516">
<ele>504.3</ele>
</trkpt>
<trkpt lat="35.53483" lon="139.07503">
<ele>503.8</ele>
</trkpt>
<trkpt lat="35.53489" lon="139.07495">
<ele>503.2</ele>
</trkpt>
<trkpt lat="35.53494" lon="139.07486">
<ele>502.1</ele>
</trkpt>
<trkpt lat="35.53499" lon="139.07475">
<ele>500.2</ele>
</trkpt>
<trkpt lat="35.53502" lon="139.07467">
<ele>499.5</ele>
</trkpt>
<trkpt lat="35.53503" lon="139.0746399">
<ele>499.3</ele>
</trkpt>
<trkpt lat="35.53504" lon="139.07457">
<ele>498.2</ele>
</trkpt>
<trkpt lat="35.53505" lon="139.07454">
<ele>498.0</ele>
</trkpt>
<trkpt lat="35.53505" lon="139.07451">
<ele>497.4</ele>
</trkpt>
<trkpt lat="35.53505" lon="139.07444">
<ele>495.8</ele>
</trkpt>
<trkpt lat="35.53504" lon="139.07439">
<ele>494.1</ele>
</trkpt>
<trkpt lat="35.53502" lon="139.07433">
<ele>491.8</ele>
</trkpt>
<trkpt lat="35.53502" lon="139.07432">
<ele>491.5</ele>
</trkpt>
<trkpt lat="35.53497" lon="139.07423">
<ele>488.9</ele>
</trkpt>
<trkpt lat="35.53493" lon="139.07416">
<ele>488.1</ele>
</trkpt>
<trkpt lat="35.53487" lon="139.07406">
<ele>488.3</ele>
</trkpt>
<trkpt lat="35.53474" lon="139.07388">
<ele>489.5</ele>
</trkpt>
<trkpt lat="35.5347" lon="139.07382">
<ele>489.9</ele>
</trkpt>
<trkpt lat="35.53443" lon="139.07349">
<ele>495.4</ele>
</trkpt>
<trkpt lat="35.53443" lon="139.07348">
<ele>495.4</ele>
</trkpt>
<trkpt lat="35.53417" lon="139.07316">
<ele>502.3</ele>
</trkpt>
<trkpt lat="35.53412" lon="139.0731">
<ele>503.3</ele>
</trkpt>
<trkpt lat="35.53398" lon="139.0729">
<ele>506.3</ele>
</trkpt>
<trkpt lat="35.53393" lon="139.07282">
<ele>507.4</ele>
</trkpt>
<trkpt lat="35.5339" lon="139.07274">
<ele>508.1</ele>
</trkpt>
<trkpt lat="35.53386" lon="139.07265">
<ele>509.0</ele>
</trkpt>
<trkpt lat="35.53384" lon="139.07259">
<ele>509.5</ele>
</trkpt>
<trkpt lat="35.53382" lon="139.0724899">
<ele>509.9</ele>
</trkpt>
<trkpt lat="35.53381" lon="139.07241">
<ele>509.6</ele>
</trkpt>
<trkpt lat="35.53381" lon="139.0723999">
<ele>509.5</ele>
</trkpt>
<trkpt lat="35.53379" lon="139.07219">
<ele>508.5</ele>
</trkpt>
<trkpt lat="35.53379" lon="139.0721299">
<ele>508.0</ele>
</trkpt>
<trkpt lat="35.53379" lon="139.07201">
<ele>507.1</ele>
</trkpt>
<trkpt lat="35.53381" lon="139.0718599">
<ele>505.2</ele>
</trkpt>
<trkpt lat="35.53385" lon="139.0716799">
<ele>502.3</ele>
</trkpt>
<trkpt lat="35.53389" lon="139.07144">
<ele>499.5</ele>
</trkpt>
<trkpt lat="35.53389" lon="139.07139">
<ele>499.2</ele>
</trkpt>
<trkpt lat="35.53389" lon="139.07122">
<ele>498.3</ele>
</trkpt>
<trkpt lat="35.53391" lon="139.07107">
<ele>497.0</ele>
</trkpt>
<trkpt lat="35.53394" lon="139.07079">
<ele>495.8</ele>
</trkpt>
<trkpt lat="35.53395" lon="139.0706999">
<ele>497.1</ele>
</trkpt>
<trkpt lat="35.53396" lon="139.07064">
<ele>497.9</ele>
</trkpt>
<trkpt lat="35.53396" lon="139.07058">
<ele>498.9</ele>
</trkpt>
<trkpt lat="35.53396" lon="139.07055">
<ele>499.4</ele>
</trkpt>
<trkpt lat="35.53392" lon="139.07028">
<ele>503.7</ele>
</trkpt>
<trkpt lat="35.5339" lon="139.07015">
<ele>505.5</ele>
</trkpt>
<trkpt lat="35.53386" lon="139.06992">
<ele>506.8</ele>
</trkpt>
<trkpt lat="35.53384" lon="139.06979">
<ele>506.3</ele>
</trkpt>
<trkpt lat="35.5338" lon="139.06964">
<ele>505.5</ele>
</trkpt>
<trkpt lat="35.53374" lon="139.06948">
<ele>504.2</ele>
</trkpt>
<trkpt lat="35.53371" lon="139.06942">
<ele>503.6</ele>
</trkpt>
<trkpt lat="35.53369" lon="139.0693499">
<ele>503.1</ele>
</trkpt>
<trkpt lat="35.53367" lon="139.0693">
<ele>502.7</ele>
</trkpt>
<trkpt lat="35.53366" lon="139.06927">
<ele>502.4</ele>
</trkpt>
<trkpt lat="35.53365" lon="139.06923">
<ele>502.2</ele>
</trkpt>
<trkpt lat="35.53364" lon="139.06919">
<ele>501.9</ele>
</trkpt>
<trkpt lat="35.53365" lon="139.06914">
<ele>502.3</ele>
</trkpt>
<trkpt lat="35.53365" lon="139.06911">
<ele>502.6</ele>
</trkpt>
<trkpt lat="35.53366" lon="139.06907">
<ele>503.1</ele>
</trkpt>
<trkpt lat="35.53367" lon="139.06905">
<ele>503.5</ele>
</trkpt>
<trkpt lat="35.53369" lon="139.06903">
<ele>504.0</ele>
</trkpt>
<trkpt lat="35.53372" lon="139.069">
<ele>504.9</ele>
</trkpt>
<trkpt lat="35.53374" lon="139.06899">
<ele>505.3</ele>
</trkpt>
<trkpt lat="35.53376" lon="139.06898">
<ele>505.7</ele>
</trkpt>
<trkpt lat="35.53382" lon="139.06897">
<ele>506.9</ele>
</trkpt>
<trkpt lat="35.53385" lon="139.06895">
<ele>507.6</ele>
</trkpt>
<trkpt lat="35.5339" lon="139.06894">
<ele>508.6</ele>
</trkpt>
<trkpt lat="35.53404" lon="139.06891">
<ele>511.3</ele>
</trkpt>
<trkpt lat="35.53412" lon="139.06887">
<ele>513.0</ele>
</trkpt>
<trkpt lat="35.53418" lon="139.06883">
<ele>514.9</ele>
</trkpt>
<trkpt lat="35.53425" lon="139.06876">
<ele>520.0</ele>
</trkpt>
<trkpt lat="35.53428" lon="139.06871">
<ele>522.4</ele>
</trkpt>
<trkpt lat="35.53431" lon="139.0686399">
<ele>525.0</ele>
</trkpt>
<trkpt lat="35.53433" lon="139.06858">
<ele>526.9</ele>
</trkpt>
<trkpt lat="35.53434" lon="139.06852">
<ele>528.1</ele>
</trkpt>
<trkpt lat="35.53434" lon="139.06847">
<ele>528.5</ele>
</trkpt>
<trkpt lat="35.53434" lon="139.06835">
<ele>529.5</ele>
</trkpt>
<trkpt lat="35.53433" lon="139.06817">
<ele>530.4</ele>
</trkpt>
<trkpt lat="35.53432" lon="139.06812">
<ele>530.2</ele>
</trkpt>
<trkpt lat="35.53431" lon="139.068">
<ele>530.6</ele>
</trkpt>
<trkpt lat="35.5343" lon="139.06789">
<ele>531.0</ele>
</trkpt>
<trkpt lat="35.53426" lon="139.06776">
<ele>529.7</ele>
</trkpt>
<trkpt lat="35.5342399" lon="139.06769">
<ele>529.2</ele>
</trkpt>
<trkpt lat="35.53422" lon="139.06763">
<ele>528.6</ele>
</trkpt>
<trkpt lat="35.53416" lon="139.06746">
<ele>526.7</ele>
</trkpt>
<trkpt lat="35.53414" lon="139.06739">
<ele>526.2</ele>
</trkpt>
<trkpt lat="35.53413" lon="139.06734">
<ele>525.8</ele>
</trkpt>
<trkpt lat="35.53412" lon="139.06727">
<ele>525.4</ele>
</trkpt>
<trkpt lat="35.53413" lon="139.06722">
<ele>525.4</ele>
</trkpt>
<trkpt lat="35.53413" lon="139.06717">
<ele>525.2</ele>
</trkpt>
<trkpt lat="35.5341499" lon="139.06711">
<ele>525.3</ele>
</trkpt>
<trkpt lat="35.53418" lon="139.06706">
<ele>526.1</ele>
</trkpt>
<trkpt lat="35.53422" lon="139.06703">
<ele>528.2</ele>
</trkpt>
<trkpt lat="35.53426" lon="139.06699">
<ele>530.1</ele>
</trkpt>
<trkpt lat="35.53429" lon="139.06695">
<ele>531.5</ele>
</trkpt>
<trkpt lat="35.5343" lon="139.06693">
<ele>532.0</ele>
</trkpt>
<trkpt lat="35.53431" lon="139.0669">
<ele>532.4</ele>
</trkpt>
<trkpt lat="35.53432" lon="139.06687">
<ele>532.7</ele>
</trkpt>
<trkpt lat="35.53432" lon="139.06682">
<ele>532.5</ele>
</trkpt>
<trkpt lat="35.53429" lon="139.06672">
<ele>530.5</ele>
</trkpt>
<trkpt lat="35.53429" lon="139.0667">
<ele>530.4</ele>
</trkpt>
<trkpt lat="35.5342399" lon="139.0666">
<ele>528.2</ele>
</trkpt>
<trkpt lat="35.53421" lon="139.0665">
<ele>527.4</ele>
</trkpt>
<trkpt lat="35.5342" lon="139.06646">
<ele>527.2</ele>
</trkpt>
<trkpt lat="35.5342" lon="139.06642">
<ele>527.5</ele>
</trkpt>
<trkpt lat="35.53419" lon="139.06635">
<ele>527.5</ele>
</trkpt>
<trkpt lat="35.53418" lon="139.06612">
<ele>528.6</ele>
</trkpt>
<trkpt lat="35.53417" lon="139.06591">
<ele>529.6</ele>
</trkpt>
<trkpt lat="35.53417" lon="139.06578">
<ele>530.1</ele>
</trkpt>
<trkpt lat="35.53416" lon="139.06551">
<ele>529.0</ele>
</trkpt>
<trkpt lat="35.53416" lon="139.06501">
<ele>527.8</ele>
</trkpt>
<trkpt lat="35.53416" lon="139.06489">
<ele>526.8</ele>
</trkpt>
<trkpt lat="35.53417" lon="139.06481">
<ele>526.3</ele>
</trkpt>
<trkpt lat="35.53421" lon="139.06456">
<ele>525.9</ele>
</trkpt>
<trkpt lat="35.5342399" lon="139.06444">
<ele>526.3</ele>
</trkpt>
<trkpt lat="35.53429" lon="139.06431">
<ele>527.6</ele>
</trkpt>
<trkpt lat="35.53432" lon="139.06424">
<ele>528.5</ele>
</trkpt>
<trkpt lat="35.53434" lon="139.06421">
<ele>529.3</ele>
</trkpt>
<trkpt lat="35.53435" lon="139.06418">
<ele>529.6</ele>
</trkpt>
<trkpt lat="35.53438" lon="139.06412">
<ele>530.3</ele>
</trkpt>
<trkpt lat="35.53452" lon="139.06387">
<ele>533.7</ele>
</trkpt>
<trkpt lat="35.53465" lon="139.06363">
<ele>536.5</ele>
</trkpt>
<trkpt lat="35.5347" lon="139.06355">
<ele>537.7</ele>
</trkpt>
<trkpt lat="35.53476" lon="139.06346">
<ele>539.2</ele>
</trkpt>
<trkpt lat="35.5348" lon="139.06341">
<ele>540.4</ele>
</trkpt>
<trkpt lat="35.53486" lon="139.06333">
<ele>542.0</ele>
</trkpt>
<trkpt lat="35.53495" lon="139.06323">
<ele>543.2</ele>
</trkpt>
<trkpt lat="35.53507" lon="139.06311">
<ele>545.3</ele>
</trkpt>
<trkpt lat="35.5351799" lon="139.06301">
<ele>548.2</ele>
</trkpt>
<trkpt lat="35.5353" lon="139.06289">
<ele>551.1</ele>
</trkpt>
<trkpt lat="35.53531" lon="139.06288">
<ele>551.3</ele>
</trkpt>
<trkpt lat="35.53537" lon="139.0628199">
<ele>552.7</ele>
</trkpt>
<trkpt lat="35.53544" lon="139.0627299">
<ele>553.7</ele>
</trkpt>
<trkpt lat="35.53549" lon="139.06266">
<ele>554.3</ele>
</trkpt>
<trkpt lat="35.53566" lon="139.06238">
<ele>554.6</ele>
</trkpt>
<trkpt lat="35.53577" lon="139.06221">
<ele>554.2</ele>
</trkpt>
<trkpt lat="35.5359" lon="139.062">
<ele>553.9</ele>
</trkpt>
<trkpt lat="35.53611" lon="139.0616499">
<ele>555.2</ele>
</trkpt>
<trkpt lat="35.53632" lon="139.06133">
<ele>561.8</ele>
</trkpt>
<trkpt lat="35.53639" lon="139.06121">
<ele>563.5</ele>
</trkpt>
<trkpt lat="35.53642" lon="139.06115">
<ele>564.0</ele>
</trkpt>
<trkpt lat="35.5364999" lon="139.06101">
<ele>565.7</ele>
</trkpt>
<trkpt lat="35.53655" lon="139.06092">
<ele>566.6</ele>
</trkpt>
<trkpt lat="35.5366" lon="139.06078">
<ele>566.2</ele>
</trkpt>
<trkpt lat="35.53664" lon="139.06066">
<ele>565.3</ele>
</trkpt>
<trkpt lat="35.53675" lon="139.0603">
<ele>563.8</ele>
</trkpt>
<trkpt lat="35.5368" lon="139.06015">
<ele>564.4</ele>
</trkpt>
<trkpt lat="35.5368" lon="139.0601299">
<ele>563.8</ele>
</trkpt>
<trkpt lat="35.53683" lon="139.06002">
<ele>563.8</ele>
</trkpt>
<trkpt lat="35.53684" lon="139.05994">
<ele>565.3</ele>
</trkpt>
<trkpt lat="35.53684" lon="139.05993">
<ele>565.4</ele>
</trkpt>
<trkpt lat="35.53685" lon="139.05985">
<ele>567.7</ele>
</trkpt>
<trkpt lat="35.53684" lon="139.05973">
<ele>568.7</ele>
</trkpt>
<trkpt lat="35.53684" lon="139.05972">
<ele>568.9</ele>
</trkpt>
<trkpt lat="35.53684" lon="139.05953">
<ele>572.0</ele>
</trkpt>
<trkpt lat="35.53684" lon="139.0594">
<ele>574.2</ele>
</trkpt>
<trkpt lat="35.53683" lon="139.0593">
<ele>574.9</ele>
</trkpt>
<trkpt lat="35.53681" lon="139.05919">
<ele>574.9</ele>
</trkpt>
<trkpt lat="35.5365899" lon="139.05842">
<ele>574.9</ele>
</trkpt>
<trkpt lat="35.53653" lon="139.05823">
<ele>574.8</ele>
</trkpt>
<trkpt lat="35.53647" lon="139.05802">
<ele>574.3</ele>
</trkpt>
<trkpt lat="35.5364" lon="139.05782">
<ele>572.6</ele>
</trkpt>
<trkpt lat="35.53626" lon="139.05738">
<ele>568.7</ele>
</trkpt>
<trkpt lat="35.53616" lon="139.05704">
<ele>567.4</ele>
</trkpt>
<trkpt lat="35.53614" lon="139.05699">
<ele>567.0</ele>
</trkpt>
<trkpt lat="35.5361" lon="139.0569">
<ele>566.2</ele>
</trkpt>
<trkpt lat="35.53605" lon="139.0568199">
<ele>564.9</ele>
</trkpt>
<trkpt lat="35.53605" lon="139.05681">
<ele>565.1</ele>
</trkpt>
<trkpt lat="35.5360299" lon="139.05676">
<ele>565.0</ele>
</trkpt>
<trkpt lat="35.5359399" lon="139.05665">
<ele>562.7</ele>
</trkpt>
<trkpt lat="35.5359" lon="139.05661">
<ele>561.9</ele>
</trkpt>
<trkpt lat="35.53588" lon="139.05659">
<ele>561.6</ele>
</trkpt>
<trkpt lat="35.53582" lon="139.05651">
<ele>561.5</ele>
</trkpt>
<trkpt lat="35.53577" lon="139.0564599">
<ele>561.6</ele>
</trkpt>
<trkpt lat="35.53571" lon="139.0564">
<ele>561.7</ele>
</trkpt>
<trkpt lat="35.53567" lon="139.05636">
<ele>561.7</ele>
</trkpt>
<trkpt lat="35.5354699" lon="139.0562">
<ele>559.7</ele>
</trkpt>
<trkpt lat="35.53534" lon="139.05609">
<ele>558.1</ele>
</trkpt>
<trkpt lat="35.53526" lon="139.05598">
<ele>557.7</ele>
</trkpt>
<trkpt lat="35.53521" lon="139.05591">
<ele>557.4</ele>
</trkpt>
<trkpt lat="35.5352" lon="139.05587">
<ele>557.9</ele>
</trkpt>
<trkpt lat="35.5351799" lon="139.05582">
<ele>558.1</ele>
</trkpt>
<trkpt lat="35.53517" lon="139.05578">
<ele>558.3</ele>
</trkpt>
<trkpt lat="35.53516" lon="139.0557399">
<ele>558.4</ele>
</trkpt>
<trkpt lat="35.53514" lon="139.05566">
<ele>558.7</ele>
</trkpt>
<trkpt lat="35.53513" lon="139.05557">
<ele>559.5</ele>
</trkpt>
<trkpt lat="35.53511" lon="139.05541">
<ele>560.6</ele>
</trkpt>
<trkpt lat="35.53502" lon="139.0547599">
<ele>565.7</ele>
</trkpt>
<trkpt lat="35.53501" lon="139.05469">
<ele>566.7</ele>
</trkpt>
<trkpt lat="35.53499" lon="139.05461">
<ele>567.5</ele>
</trkpt>
<trkpt lat="35.53496" lon="139.05448">
<ele>569.1</ele>
</trkpt>
<trkpt lat="35.53493" lon="139.05441">
<ele>569.3</ele>
</trkpt>
<trkpt lat="35.53491" lon="139.05435">
<ele>569.6</ele>
</trkpt>
<trkpt lat="35.53487" lon="139.05428">
<ele>569.0</ele>
</trkpt>
<trkpt lat="35.53479" lon="139.05416">
<ele>567.1</ele>
</trkpt>
<trkpt lat="35.53473" lon="139.0540399">
<ele>568.4</ele>
</trkpt>
<trkpt lat="35.53468" lon="139.05397">
<ele>568.5</ele>
</trkpt>
<trkpt lat="35.53451" lon="139.05369">
<ele>571.7</ele>
</trkpt>
<trkpt lat="35.53449" lon="139.05366">
<ele>572.1</ele>
</trkpt>
<trkpt lat="35.53442" lon="139.05359">
<ele>572.1</ele>
</trkpt>
<trkpt lat="35.53438" lon="139.05354">
<ele>572.6</ele>
</trkpt>
<trkpt lat="35.53433" lon="139.0535">
<ele>572.4</ele>
</trkpt>
<trkpt lat="35.53427" lon="139.05344">
<ele>572.8</ele>
</trkpt>
<trkpt lat="35.53419" lon="139.05339">
<ele>572.1</ele>
</trkpt>
<trkpt lat="35.53411" lon="139.05335">
<ele>572.2</ele>
</trkpt>
<trkpt lat="35.534" lon="139.05331">
<ele>571.9</ele>
</trkpt>
<trkpt lat="35.53392" lon="139.05329">
<ele>571.1</ele>
</trkpt>
<trkpt lat="35.5338" lon="139.05329">
<ele>568.7</ele>
</trkpt>
<trkpt lat="35.5336799" lon="139.05328">
<ele>566.6</ele>
</trkpt>
<trkpt lat="35.5336" lon="139.05328">
<ele>565.0</ele>
</trkpt>
<trkpt lat="35.53356" lon="139.05327">
<ele>564.3</ele>
</trkpt>
<trkpt lat="35.53351" lon="139.05326">
<ele>563.5</ele>
</trkpt>
<trkpt lat="35.53347" lon="139.05325">
<ele>562.8</ele>
</trkpt>
<trkpt lat="35.53343" lon="139.05323">
<ele>562.2</ele>
</trkpt>
<trkpt lat="35.53339" lon="139.05321">
<ele>561.5</ele>
</trkpt>
<trkpt lat="35.53334" lon="139.05319">
<ele>560.5</ele>
</trkpt>
<trkpt lat="35.53327" lon="139.0531499">
<ele>559.2</ele>
</trkpt>
<trkpt lat="35.53319" lon="139.05309">
<ele>557.9</ele>
</trkpt>
<trkpt lat="35.53314" lon="139.05305">
<ele>557.2</ele>
</trkpt>
<trkpt lat="35.53308" lon="139.05298">
<ele>556.5</ele>
</trkpt>
<trkpt lat="35.53301" lon="139.0528799">
<ele>556.0</ele>
</trkpt>
<trkpt lat="35.53296" lon="139.05281">
<ele>555.7</ele>
</trkpt>
<trkpt lat="35.5329" lon="139.05268">
<ele>556.0</ele>
</trkpt>
<trkpt lat="35.53288" lon="139.05262">
<ele>556.3</ele>
</trkpt>
<trkpt lat="35.53287" lon="139.0526">
<ele>556.3</ele>
</trkpt>
<trkpt lat="35.53285" lon="139.05255">
<ele>556.5</ele>
</trkpt>
<trkpt lat="35.53283" lon="139.05247">
<ele>557.1</ele>
</trkpt>
<trkpt lat="35.5328" lon="139.05228">
<ele>558.7</ele>
</trkpt>
<trkpt lat="35.53272" lon="139.0518899">
<ele>561.2</ele>
</trkpt>
<trkpt lat="35.5327" lon="139.0517999">
<ele>561.6</ele>
</trkpt>
<trkpt lat="35.53253" lon="139.0509099">
<ele>560.2</ele>
</trkpt>
<trkpt lat="35.53252" lon="139.05085">
<ele>559.9</ele>
</trkpt>
<trkpt lat="35.53249" lon="139.0507">
<ele>561.4</ele>
</trkpt>
<trkpt lat="35.53246" lon="139.0505499">
<ele>563.5</ele>
</trkpt>
<trkpt lat="35.53245" lon="139.05047">
<ele>564.8</ele>
</trkpt>
<trkpt lat="35.53244" lon="139.05042">
<ele>565.4</ele>
</trkpt>
<trkpt lat="35.53243" lon="139.0503699">
<ele>566.1</ele>
</trkpt>
<trkpt lat="35.53243" lon="139.05034">
<ele>566.6</ele>
</trkpt>
<trkpt lat="35.53243" lon="139.05032">
<ele>567.0</ele>
</trkpt>
<trkpt lat="35.5324" lon="139.05013">
<ele>569.5</ele>
</trkpt>
<trkpt lat="35.53238" lon="139.05002">
<ele>570.8</ele>
</trkpt>
<trkpt lat="35.53235" lon="139.04986">
<ele>571.6</ele>
</trkpt>
<trkpt lat="35.5323" lon="139.04956">
<ele>573.0</ele>
</trkpt>
<trkpt lat="35.5323" lon="139.04955">
<ele>573.1</ele>
</trkpt>
<trkpt lat="35.53228" lon="139.04936">
<ele>574.3</ele>
</trkpt>
<trkpt lat="35.53228" lon="139.04929">
<ele>575.0</ele>
</trkpt>
<trkpt lat="35.53228" lon="139.04914">
<ele>576.4</ele>
</trkpt>
<trkpt lat="35.53229" lon="139.049">
<ele>577.3</ele>
</trkpt>
<trkpt lat="35.5323" lon="139.04888">
<ele>578.2</ele>
</trkpt>
<trkpt lat="35.53231" lon="139.04882">
<ele>578.9</ele>
</trkpt>
<trkpt lat="35.5324" lon="139.04837">
<ele>585.0</ele>
</trkpt>
<trkpt lat="35.53241" lon="139.04833">
<ele>585.7</ele>
</trkpt>
<trkpt lat="35.53241" lon="139.04826">
<ele>585.9</ele>
</trkpt>
<trkpt lat="35.5324" lon="139.04825">
<ele>585.4</ele>
</trkpt>
<trkpt lat="35.5324" lon="139.04818">
<ele>585.6</ele>
</trkpt>
<trkpt lat="35.53239" lon="139.04811">
<ele>585.4</ele>
</trkpt>
<trkpt lat="35.53237" lon="139.0480399">
<ele>584.8</ele>
</trkpt>
<trkpt lat="35.53236" lon="139.04801">
<ele>584.5</ele>
</trkpt>
<trkpt lat="35.53233" lon="139.0479499">
<ele>583.6</ele>
</trkpt>
<trkpt lat="35.53231" lon="139.04791">
<ele>583.1</ele>
</trkpt>
<trkpt lat="35.5322699" lon="139.04788">
<ele>581.8</ele>
</trkpt>
<trkpt lat="35.53221" lon="139.04782">
<ele>580.2</ele>
</trkpt>
<trkpt lat="35.53215" lon="139.04777">
<ele>578.6</ele>
</trkpt>
<trkpt lat="35.5320899" lon="139.04774">
<ele>577.0</ele>
</trkpt>
<trkpt lat="35.53195" lon="139.04764">
<ele>574.0</ele>
</trkpt>
<trkpt lat="35.53192" lon="139.04761">
<ele>573.6</ele>
</trkpt>
<trkpt lat="35.53167" lon="139.04744">
<ele>569.6</ele>
</trkpt>
<trkpt lat="35.5316199" lon="139.04741">
<ele>569.3</ele>
</trkpt>
<trkpt lat="35.5315299" lon="139.04734">
<ele>569.1</ele>
</trkpt>
<trkpt lat="35.53148" lon="139.04729">
<ele>569.1</ele>
</trkpt>
<trkpt lat="35.53145" lon="139.04726">
<ele>569.1</ele>
</trkpt>
<trkpt lat="35.53142" lon="139.04722">
<ele>569.2</ele>
</trkpt>
<trkpt lat="35.5314" lon="139.04719">
<ele>569.3</ele>
</trkpt>
<trkpt lat="35.53138" lon="139.04717">
<ele>569.3</ele>
</trkpt>
<trkpt lat="35.53137" lon="139.0471499">
<ele>569.4</ele>
</trkpt>
<trkpt lat="35.53136" lon="139.04712">
<ele>569.6</ele>
</trkpt>
<trkpt lat="35.53134" lon="139.04708">
<ele>569.8</ele>
</trkpt>
<trkpt lat="35.53132" lon="139.04703">
<ele>570.1</ele>
</trkpt>
<trkpt lat="35.53123" lon="139.04682">
<ele>571.4</ele>
</trkpt>
<trkpt lat="35.5311499" lon="139.0466">
<ele>572.8</ele>
</trkpt>
<trkpt lat="35.53105" lon="139.0463399">
<ele>573.6</ele>
</trkpt>
<trkpt lat="35.53091" lon="139.04596">
<ele>573.7</ele>
</trkpt>
<trkpt lat="35.53084" lon="139.04575">
<ele>573.2</ele>
</trkpt>
<trkpt lat="35.53079" lon="139.04562">
<ele>572.8</ele>
</trkpt>
<trkpt lat="35.53072" lon="139.04543">
<ele>572.3</ele>
</trkpt>
<trkpt lat="35.5307" lon="139.0453599">
<ele>572.2</ele>
</trkpt>
<trkpt lat="35.53069" lon="139.04532">
<ele>572.2</ele>
</trkpt>
<trkpt lat="35.53069" lon="139.04529">
<ele>572.3</ele>
</trkpt>
<trkpt lat="35.53069" lon="139.04525">
<ele>572.3</ele>
</trkpt>
<trkpt lat="35.53069" lon="139.0452">
<ele>572.4</ele>
</trkpt>
<trkpt lat="35.53069" lon="139.04517">
<ele>572.5</ele>
</trkpt>
<trkpt lat="35.5307" lon="139.04513">
<ele>572.6</ele>
</trkpt>
<trkpt lat="35.5307" lon="139.04512">
<ele>572.7</ele>
</trkpt>
<trkpt lat="35.53071" lon="139.0450899">
<ele>572.8</ele>
</trkpt>
<trkpt lat="35.53075" lon="139.04496">
<ele>573.3</ele>
</trkpt>
<trkpt lat="35.5307699" lon="139.0449099">
<ele>573.5</ele>
</trkpt>
<trkpt lat="35.5308" lon="139.0448199">
<ele>573.8</ele>
</trkpt>
<trkpt lat="35.53083" lon="139.04474">
<ele>574.0</ele>
</trkpt>
<trkpt lat="35.53089" lon="139.04458">
<ele>577.0</ele>
</trkpt>
<trkpt lat="35.5309" lon="139.04454">
<ele>577.5</ele>
</trkpt>
<trkpt lat="35.53091" lon="139.04447">
<ele>578.1</ele>
</trkpt>
<trkpt lat="35.53092" lon="139.0444">
<ele>578.6</ele>
</trkpt>
<trkpt lat="35.53092" lon="139.04435">
<ele>578.6</ele>
</trkpt>
<trkpt lat="35.53091" lon="139.04423">
<ele>578.1</ele>
</trkpt>
<trkpt lat="35.5309" lon="139.04407">
<ele>578.3</ele>
</trkpt>
<trkpt lat="35.53089" lon="139.04403">
<ele>578.0</ele>
</trkpt>
<trkpt lat="35.53087" lon="139.04385">
<ele>578.2</ele>
</trkpt>
<trkpt lat="35.53085" lon="139.04364">
<ele>578.7</ele>
</trkpt>
<trkpt lat="35.53084" lon="139.04349">
<ele>579.2</ele>
</trkpt>
<trkpt lat="35.53084" lon="139.04347">
<ele>579.4</ele>
</trkpt>
<trkpt lat="35.53083" lon="139.0434">
<ele>579.5</ele>
</trkpt>
<trkpt lat="35.53081" lon="139.04333">
<ele>579.7</ele>
</trkpt>
<trkpt lat="35.5308" lon="139.04328">
<ele>580.9</ele>
</trkpt>
<trkpt lat="35.53078" lon="139.04324">
<ele>581.6</ele>
</trkpt>
<trkpt lat="35.5307" lon="139.04307">
<ele>584.3</ele>
</trkpt>
<trkpt lat="35.53064" lon="139.04292">
<ele>586.3</ele>
</trkpt>
<trkpt lat="35.5306" lon="139.0428499">
<ele>586.8</ele>
</trkpt>
<trkpt lat="35.53057" lon="139.04281">
<ele>586.8</ele>
</trkpt>
<trkpt lat="35.53052" lon="139.0427599">
<ele>586.3</ele>
</trkpt>
<trkpt lat="35.5304" lon="139.04264">
<ele>584.6</ele>
</trkpt>
<trkpt lat="35.53026" lon="139.04251">
<ele>581.5</ele>
</trkpt>
<trkpt lat="35.5302099" lon="139.04245">
<ele>580.7</ele>
</trkpt>
<trkpt lat="35.53017" lon="139.04239">
<ele>580.1</ele>
</trkpt>
<trkpt lat="35.53015" lon="139.04236">
<ele>579.8</ele>
</trkpt>
<trkpt lat="35.53011" lon="139.0423">
<ele>579.2</ele>
</trkpt>
<trkpt lat="35.53002" lon="139.04209">
<ele>578.7</ele>
</trkpt>
<trkpt lat="35.52998" lon="139.04201">
<ele>578.8</ele>
</trkpt>
<trkpt lat="35.52987" lon="139.04175">
<ele>581.3</ele>
</trkpt>
<trkpt lat="35.52985" lon="139.0417">
<ele>581.7</ele>
</trkpt>
<trkpt lat="35.52973" lon="139.04141">
<ele>582.4</ele>
</trkpt>
<trkpt lat="35.52969" lon="139.0413">
<ele>582.5</ele>
</trkpt>
<trkpt lat="35.52961" lon="139.04109">
<ele>582.5</ele>
</trkpt>
<trkpt lat="35.52945" lon="139.04069">
<ele>583.1</ele>
</trkpt>
<trkpt lat="35.52944" lon="139.04066">
<ele>583.3</ele>
</trkpt>
<trkpt lat="35.52942" lon="139.0406">
<ele>583.7</ele>
</trkpt>
<trkpt lat="35.52932" lon="139.04035">
<ele>584.1</ele>
</trkpt>
<trkpt lat="35.5293" lon="139.0403">
<ele>584.0</ele>
</trkpt>
<trkpt lat="35.52919" lon="139.04">
<ele>582.9</ele>
</trkpt>
<trkpt lat="35.52919" lon="139.03999">
<ele>583.0</ele>
</trkpt>
<trkpt lat="35.5290899" lon="139.03976">
<ele>583.7</ele>
</trkpt>
<trkpt lat="35.52905" lon="139.03962">
<ele>584.6</ele>
</trkpt>
<trkpt lat="35.52903" lon="139.03957">
<ele>584.8</ele>
</trkpt>
<trkpt lat="35.52902" lon="139.0395">
<ele>585.4</ele>
</trkpt>
<trkpt lat="35.529" lon="139.0394499">
<ele>585.6</ele>
</trkpt>
<trkpt lat="35.529" lon="139.03939">
<ele>586.2</ele>
</trkpt>
<trkpt lat="35.529" lon="139.03938">
<ele>586.3</ele>
</trkpt>
<trkpt lat="35.529" lon="139.03935">
<ele>586.6</ele>
</trkpt>
<trkpt lat="35.52899" lon="139.03929">
<ele>587.0</ele>
</trkpt>
<trkpt lat="35.52899" lon="139.0392">
<ele>587.9</ele>
</trkpt>
<trkpt lat="35.52899" lon="139.03902">
<ele>588.1</ele>
</trkpt>
<trkpt lat="35.529" lon="139.03879">
<ele>587.9</ele>
</trkpt>
<trkpt lat="35.529" lon="139.03854">
<ele>587.6</ele>
</trkpt>
<trkpt lat="35.529" lon="139.03844">
<ele>587.5</ele>
</trkpt>
<trkpt lat="35.52899" lon="139.03835">
<ele>587.3</ele>
</trkpt>
<trkpt lat="35.52897" lon="139.0381899">
<ele>588.2</ele>
</trkpt>
<trkpt lat="35.52893" lon="139.03782">
<ele>590.5</ele>
</trkpt>
<trkpt lat="35.52891" lon="139.03761">
<ele>591.8</ele>
</trkpt>
<trkpt lat="35.52888" lon="139.03738">
<ele>593.8</ele>
</trkpt>
<trkpt lat="35.52887" lon="139.03724">
<ele>595.6</ele>
</trkpt>
<trkpt lat="35.52885" lon="139.03714">
<ele>596.6</ele>
</trkpt>
<trkpt lat="35.52885" lon="139.03711">
<ele>596.9</ele>
</trkpt>
<trkpt lat="35.52884" lon="139.0370299">
<ele>597.8</ele>
</trkpt>
<trkpt lat="35.52883" lon="139.03697">
<ele>598.4</ele>
</trkpt>
<trkpt lat="35.52882" lon="139.03693">
<ele>598.7</ele>
</trkpt>
<trkpt lat="35.52881" lon="139.03688">
<ele>599.2</ele>
</trkpt>
<trkpt lat="35.52877" lon="139.0367599">
<ele>599.8</ele>
</trkpt>
<trkpt lat="35.52876" lon="139.03671">
<ele>600.2</ele>
</trkpt>
<trkpt lat="35.52874" lon="139.03665">
<ele>600.6</ele>
</trkpt>
<trkpt lat="35.52872" lon="139.03659">
<ele>601.2</ele>
</trkpt>
<trkpt lat="35.52869" lon="139.03651">
<ele>601.8</ele>
</trkpt>
<trkpt lat="35.52869" lon="139.0364899">
<ele>602.2</ele>
</trkpt>
<trkpt lat="35.52864" lon="139.03637">
<ele>602.7</ele>
</trkpt>
<trkpt lat="35.52861" lon="139.0363">
<ele>602.7</ele>
</trkpt>
<trkpt lat="35.52857" lon="139.03623">
<ele>602.3</ele>
</trkpt>
<trkpt lat="35.52854" lon="139.03616">
<ele>602.1</ele>
</trkpt>
<trkpt lat="35.5285" lon="139.03609">
<ele>601.3</ele>
</trkpt>
<trkpt lat="35.52848" lon="139.03603">
<ele>601.1</ele>
</trkpt>
<trkpt lat="35.52846" lon="139.03598">
<ele>600.8</ele>
</trkpt>
<trkpt lat="35.52845" lon="139.03593">
<ele>600.8</ele>
</trkpt>
<trkpt lat="35.52844" lon="139.03592">
<ele>600.4</ele>
</trkpt>
<trkpt lat="35.5284199" lon="139.03586">
<ele>600.0</ele>
</trkpt>
<trkpt lat="35.5284" lon="139.03579">
<ele>599.5</ele>
</trkpt>
<trkpt lat="35.52839" lon="139.03572">
<ele>599.3</ele>
</trkpt>
<trkpt lat="35.52837" lon="139.03564">
<ele>598.6</ele>
</trkpt>
<trkpt lat="35.52836" lon="139.03562">
<ele>598.1</ele>
</trkpt>
<trkpt lat="35.52836" lon="139.03556">
<ele>598.4</ele>
</trkpt>
<trkpt lat="35.52835" lon="139.03549">
<ele>598.1</ele>
</trkpt>
<trkpt lat="35.52834" lon="139.03541">
<ele>597.9</ele>
</trkpt>
<trkpt lat="35.5283299" lon="139.0353">
<ele>597.9</ele>
</trkpt>
<trkpt lat="35.5283299" lon="139.03529">
<ele>598.0</ele>
</trkpt>
<trkpt lat="35.5283299" lon="139.0352">
<ele>598.3</ele>
</trkpt>
<trkpt lat="35.52832" lon="139.03507">
<ele>598.8</ele>
</trkpt>
<trkpt lat="35.52831" lon="139.0349699">
<ele>599.1</ele>
</trkpt>
<trkpt lat="35.5283" lon="139.03491">
<ele>599.3</ele>
</trkpt>
<trkpt lat="35.52829" lon="139.03484">
<ele>599.5</ele>
</trkpt>
<trkpt lat="35.52828" lon="139.03482">
<ele>599.6</ele>
</trkpt>
<trkpt lat="35.52828" lon="139.0347899">
<ele>599.7</ele>
</trkpt>
<trkpt lat="35.52826" lon="139.03472">
<ele>599.8</ele>
</trkpt>
<trkpt lat="35.52823" lon="139.0346099">
<ele>600.1</ele>
</trkpt>
<trkpt lat="35.52821" lon="139.03454">
<ele>600.2</ele>
</trkpt>
<trkpt lat="35.5282" lon="139.0345">
<ele>600.2</ele>
</trkpt>
<trkpt lat="35.52818" lon="139.03444">
<ele>600.3</ele>
</trkpt>
<trkpt lat="35.52812" lon="139.0343">
<ele>600.2</ele>
</trkpt>
<trkpt lat="35.5281" lon="139.03423">
<ele>600.2</ele>
</trkpt>
<trkpt lat="35.52804" lon="139.03409">
<ele>600.3</ele>
</trkpt>
<trkpt lat="35.52796" lon="139.03386">
<ele>600.9</ele>
</trkpt>
<trkpt lat="35.52789" lon="139.0337">
<ele>600.9</ele>
</trkpt>
<trkpt lat="35.5278599" lon="139.03361">
<ele>601.0</ele>
</trkpt>
<trkpt lat="35.52782" lon="139.0335">
<ele>600.9</ele>
</trkpt>
<trkpt lat="35.52779" lon="139.03342">
<ele>600.9</ele>
</trkpt>
<trkpt lat="35.52775" lon="139.03333">
<ele>600.6</ele>
</trkpt>
<trkpt lat="35.52772" lon="139.03325">
<ele>600.7</ele>
</trkpt>
<trkpt lat="35.52767" lon="139.03314">
<ele>600.5</ele>
</trkpt>
<trkpt lat="35.52763" lon="139.03307">
<ele>600.2</ele>
</trkpt>
<trkpt lat="35.52755" lon="139.03292">
<ele>599.4</ele>
</trkpt>
<trkpt lat="35.52745" lon="139.03272">
<ele>599.0</ele>
</trkpt>
<trkpt lat="35.52737" lon="139.03258">
<ele>598.8</ele>
</trkpt>
<trkpt lat="35.52736" lon="139.0325499">
<ele>598.7</ele>
</trkpt>
<trkpt lat="35.52734" lon="139.03251">
<ele>598.5</ele>
</trkpt>
<trkpt lat="35.52733" lon="139.0324599">
<ele>598.4</ele>
</trkpt>
<trkpt lat="35.52731" lon="139.03241">
<ele>598.2</ele>
</trkpt>
<trkpt lat="35.5272999" lon="139.03238">
<ele>598.2</ele>
</trkpt>
<trkpt lat="35.52729" lon="139.03235">
<ele>598.1</ele>
</trkpt>
<trkpt lat="35.52729" lon="139.03232">
<ele>598.1</ele>
</trkpt>
<trkpt lat="35.52728" lon="139.03229">
<ele>598.0</ele>
</trkpt>
<trkpt lat="35.52728" lon="139.0322799">
<ele>598.0</ele>
</trkpt>
<trkpt lat="35.52728" lon="139.03222">
<ele>598.0</ele>
</trkpt>
<trkpt lat="35.52727" lon="139.03217">
<ele>597.9</ele>
</trkpt>
<trkpt lat="35.52727" lon="139.03213">
<ele>597.9</ele>
</trkpt>
<trkpt lat="35.52727" lon="139.03209">
<ele>598.0</ele>
</trkpt>
<trkpt lat="35.52727" lon="139.03206">
<ele>598.0</ele>
</trkpt>
<trkpt lat="35.52728" lon="139.03202">
<ele>598.1</ele>
</trkpt>
<trkpt lat="35.52728" lon="139.03196">
<ele>598.2</ele>
</trkpt>
<trkpt lat="35.5272999" lon="139.03189">
<ele>598.5</ele>
</trkpt>
<trkpt lat="35.52731" lon="139.03184">
<ele>598.7</ele>
</trkpt>
<trkpt lat="35.52733" lon="139.03179">
<ele>599.0</ele>
</trkpt>
<trkpt lat="35.52734" lon="139.03176">
<ele>599.2</ele>
</trkpt>
<trkpt lat="35.52737" lon="139.0317">
<ele>599.8</ele>
</trkpt>
<trkpt lat="35.5273899" lon="139.03165">
<ele>600.2</ele>
</trkpt>
<trkpt lat="35.5274" lon="139.03163">
<ele>600.4</ele>
</trkpt>
<trkpt lat="35.52743" lon="139.03155">
<ele>601.0</ele>
</trkpt>
<trkpt lat="35.52747" lon="139.03145">
<ele>601.8</ele>
</trkpt>
<trkpt lat="35.52749" lon="139.0314">
<ele>602.2</ele>
</trkpt>
<trkpt lat="35.52753" lon="139.03128">
<ele>603.6</ele>
</trkpt>
<trkpt lat="35.52755" lon="139.0312099">
<ele>604.5</ele>
</trkpt>
<trkpt lat="35.52757" lon="139.03111">
<ele>605.4</ele>
</trkpt>
<trkpt lat="35.5275899" lon="139.03105">
<ele>606.2</ele>
</trkpt>
<trkpt lat="35.5276" lon="139.03101">
<ele>606.6</ele>
</trkpt>
<trkpt lat="35.52761" lon="139.03096">
<ele>607.1</ele>
</trkpt>
<trkpt lat="35.52761" lon="139.03092">
<ele>607.1</ele>
</trkpt>
<trkpt lat="35.52761" lon="139.03087">
<ele>607.2</ele>
</trkpt>
<trkpt lat="35.52761" lon="139.0308499">
<ele>607.2</ele>
</trkpt>
<trkpt lat="35.52761" lon="139.03082">
<ele>607.4</ele>
</trkpt>
<trkpt lat="35.5276" lon="139.03075">
<ele>608.1</ele>
</trkpt>
<trkpt lat="35.5275899" lon="139.03069">
<ele>608.6</ele>
</trkpt>
<trkpt lat="35.52757" lon="139.03062">
<ele>608.8</ele>
</trkpt>
<trkpt lat="35.52751" lon="139.03043">
<ele>608.8</ele>
</trkpt>
<trkpt lat="35.52748" lon="139.03029">
<ele>609.8</ele>
</trkpt>
<trkpt lat="35.52745" lon="139.03016">
<ele>610.9</ele>
</trkpt>
<trkpt lat="35.52743" lon="139.03">
<ele>612.6</ele>
</trkpt>
<trkpt lat="35.52741" lon="139.02984">
<ele>613.5</ele>
</trkpt>
<trkpt lat="35.5274" lon="139.02974">
<ele>614.0</ele>
</trkpt>
<trkpt lat="35.5273899" lon="139.0295999">
<ele>614.9</ele>
</trkpt>
<trkpt lat="35.52738" lon="139.02941">
<ele>616.1</ele>
</trkpt>
<trkpt lat="35.52738" lon="139.02926">
<ele>617.2</ele>
</trkpt>
<trkpt lat="35.52737" lon="139.02912">
<ele>618.2</ele>
</trkpt>
<trkpt lat="35.52737" lon="139.0290599">
<ele>618.9</ele>
</trkpt>
<trkpt lat="35.52736" lon="139.0289699">
<ele>619.7</ele>
</trkpt>
<trkpt lat="35.52734" lon="139.0288799">
<ele>620.0</ele>
</trkpt>
<trkpt lat="35.52732" lon="139.02883">
<ele>619.9</ele>
</trkpt>
<trkpt lat="35.5272999" lon="139.02878">
<ele>619.7</ele>
</trkpt>
<trkpt lat="35.52729" lon="139.02876">
<ele>619.6</ele>
</trkpt>
<trkpt lat="35.52726" lon="139.02872">
<ele>618.9</ele>
</trkpt>
<trkpt lat="35.52723" lon="139.02867">
<ele>618.3</ele>
</trkpt>
<trkpt lat="35.52718" lon="139.0286">
<ele>617.2</ele>
</trkpt>
<trkpt lat="35.52709" lon="139.02848">
<ele>614.9</ele>
</trkpt>
<trkpt lat="35.52708" lon="139.02848">
<ele>614.5</ele>
</trkpt>
<trkpt lat="35.52704" lon="139.02842">
<ele>613.4</ele>
</trkpt>
<trkpt lat="35.52695" lon="139.02829">
<ele>610.9</ele>
</trkpt>
<trkpt lat="35.52691" lon="139.02822">
<ele>609.8</ele>
</trkpt>
<trkpt lat="35.52686" lon="139.02813">
<ele>608.4</ele>
</trkpt>
<trkpt lat="35.52675" lon="139.0279">
<ele>605.3</ele>
</trkpt>
<trkpt lat="35.52666" lon="139.02773">
<ele>602.7</ele>
</trkpt>
<trkpt lat="35.52661" lon="139.02761">
<ele>603.6</ele>
</trkpt>
<trkpt lat="35.52657" lon="139.0275399">
<ele>604.0</ele>
</trkpt>
<trkpt lat="35.52655" lon="139.0275">
<ele>604.1</ele>
</trkpt>
<trkpt lat="35.5264499" lon="139.02728">
<ele>605.9</ele>
</trkpt>
<trkpt lat="35.52635" lon="139.02708">
<ele>606.7</ele>
</trkpt>
<trkpt lat="35.52633" lon="139.02703">
<ele>606.9</ele>
</trkpt>
<trkpt lat="35.52628" lon="139.02694">
<ele>606.8</ele>
</trkpt>
<trkpt lat="35.52626" lon="139.02689">
<ele>606.8</ele>
</trkpt>
<trkpt lat="35.52621" lon="139.0268">
<ele>606.5</ele>
</trkpt>
<trkpt lat="35.52616" lon="139.02671">
<ele>606.0</ele>
</trkpt>
<trkpt lat="35.5261" lon="139.0266">
<ele>605.9</ele>
</trkpt>
<trkpt lat="35.52605" lon="139.02653">
<ele>606.1</ele>
</trkpt>
<trkpt lat="35.526" lon="139.02645">
<ele>606.5</ele>
</trkpt>
<trkpt lat="35.52599" lon="139.02644">
<ele>606.5</ele>
</trkpt>
<trkpt lat="35.52592" lon="139.02634">
<ele>607.0</ele>
</trkpt>
<trkpt lat="35.52585" lon="139.02626">
<ele>607.5</ele>
</trkpt>
<trkpt lat="35.5257999" lon="139.02621">
<ele>608.0</ele>
</trkpt>
<trkpt lat="35.52575" lon="139.02614">
<ele>608.8</ele>
</trkpt>
<trkpt lat="35.52563" lon="139.02601">
<ele>609.6</ele>
</trkpt>
<trkpt lat="35.52547" lon="139.02584">
<ele>609.6</ele>
</trkpt>
<trkpt lat="35.52537" lon="139.02572">
<ele>611.4</ele>
</trkpt>
<trkpt lat="35.52534" lon="139.02568">
<ele>612.0</ele>
</trkpt>
<trkpt lat="35.52528" lon="139.02561">
<ele>612.8</ele>
</trkpt>
<trkpt lat="35.5252399" lon="139.02556">
<ele>613.4</ele>
</trkpt>
<trkpt lat="35.52501" lon="139.02529">
<ele>615.3</ele>
</trkpt>
<trkpt lat="35.52482" lon="139.02505">
<ele>618.3</ele>
</trkpt>
<trkpt lat="35.52473" lon="139.02493">
<ele>619.4</ele>
</trkpt>
<trkpt lat="35.52463" lon="139.02482">
<ele>620.2</ele>
</trkpt>
<trkpt lat="35.52457" lon="139.02475">
<ele>620.7</ele>
</trkpt>
<trkpt lat="35.52451" lon="139.02468">
<ele>621.0</ele>
</trkpt>
<trkpt lat="35.52446" lon="139.02463">
<ele>621.1</ele>
</trkpt>
<trkpt lat="35.5244" lon="139.02457">
<ele>621.2</ele>
</trkpt>
<trkpt lat="35.52436" lon="139.02453">
<ele>621.2</ele>
</trkpt>
<trkpt lat="35.52433" lon="139.02451">
<ele>621.0</ele>
</trkpt>
<trkpt lat="35.52429" lon="139.02447">
<ele>621.0</ele>
</trkpt>
<trkpt lat="35.52423" lon="139.02443">
<ele>620.6</ele>
</trkpt>
<trkpt lat="35.52417" lon="139.02439">
<ele>620.1</ele>
</trkpt>
<trkpt lat="35.52407" lon="139.02433">
<ele>620.2</ele>
</trkpt>
<trkpt lat="35.52399" lon="139.02429">
<ele>620.1</ele>
</trkpt>
<trkpt lat="35.52394" lon="139.02426">
<ele>620.0</ele>
</trkpt>
<trkpt lat="35.52384" lon="139.02422">
<ele>619.5</ele>
</trkpt>
<trkpt lat="35.5238299" lon="139.02422">
<ele>619.4</ele>
</trkpt>
<trkpt lat="35.52363" lon="139.02414">
<ele>618.5</ele>
</trkpt>
<trkpt lat="35.52335" lon="139.02404">
<ele>618.1</ele>
</trkpt>
<trkpt lat="35.52324" lon="139.02399">
<ele>618.4</ele>
</trkpt>
<trkpt lat="35.52315" lon="139.02396">
<ele>618.4</ele>
</trkpt>
<trkpt lat="35.52314" lon="139.02395">
<ele>618.5</ele>
</trkpt>
<trkpt lat="35.52312" lon="139.02394">
<ele>618.5</ele>
</trkpt>
<trkpt lat="35.52309" lon="139.02392">
<ele>618.7</ele>
</trkpt>
<trkpt lat="35.52306" lon="139.0239">
<ele>618.7</ele>
</trkpt>
<trkpt lat="35.5229799" lon="139.02384">
<ele>618.9</ele>
</trkpt>
<trkpt lat="35.52285" lon="139.02373">
<ele>618.9</ele>
</trkpt>
<trkpt lat="35.52279" lon="139.02368">
<ele>618.7</ele>
</trkpt>
<trkpt lat="35.5227" lon="139.02361">
<ele>618.0</ele>
</trkpt>
<trkpt lat="35.52266" lon="139.02357">
<ele>617.7</ele>
</trkpt>
<trkpt lat="35.52255" lon="139.02348">
<ele>616.4</ele>
</trkpt>
<trkpt lat="35.52246" lon="139.02336">
<ele>616.0</ele>
</trkpt>
<trkpt lat="35.5222" lon="139.02296">
<ele>619.0</ele>
</trkpt>
<trkpt lat="35.52215" lon="139.0228799">
<ele>619.2</ele>
</trkpt>
<trkpt lat="35.52203" lon="139.02268">
<ele>619.0</ele>
</trkpt>
<trkpt lat="35.5217699" lon="139.02225">
<ele>618.7</ele>
</trkpt>
<trkpt lat="35.52173" lon="139.02218">
<ele>618.9</ele>
</trkpt>
<trkpt lat="35.52166" lon="139.02207">
<ele>619.1</ele>
</trkpt>
<trkpt lat="35.5215699" lon="139.02192">
<ele>620.5</ele>
</trkpt>
<trkpt lat="35.52151" lon="139.02185">
<ele>620.8</ele>
</trkpt>
<trkpt lat="35.52117" lon="139.02139">
<ele>621.6</ele>
</trkpt>
<trkpt lat="35.52114" lon="139.02135">
<ele>621.7</ele>
</trkpt>
<trkpt lat="35.52104" lon="139.02121">
<ele>621.7</ele>
</trkpt>
<trkpt lat="35.52103" lon="139.0212">
<ele>621.7</ele>
</trkpt>
<trkpt lat="35.52098" lon="139.02115">
<ele>621.5</ele>
</trkpt>
<trkpt lat="35.52098" lon="139.02114">
<ele>621.6</ele>
</trkpt>
<trkpt lat="35.52096" lon="139.02112">
<ele>621.5</ele>
</trkpt>
<trkpt lat="35.52093" lon="139.0211">
<ele>621.2</ele>
</trkpt>
<trkpt lat="35.52091" lon="139.02108">
<ele>621.1</ele>
</trkpt>
<trkpt lat="35.52088" lon="139.02106">
<ele>620.8</ele>
</trkpt>
<trkpt lat="35.52085" lon="139.02104">
<ele>620.5</ele>
</trkpt>
<trkpt lat="35.52078" lon="139.0209999">
<ele>620.5</ele>
</trkpt>
<trkpt lat="35.52072" lon="139.02096">
<ele>620.7</ele>
</trkpt>
<trkpt lat="35.52061" lon="139.02089">
<ele>620.7</ele>
</trkpt>
<trkpt lat="35.5204" lon="139.02076">
<ele>620.7</ele>
</trkpt>
<trkpt lat="35.52023" lon="139.02066">
<ele>620.5</ele>
</trkpt>
<trkpt lat="35.5200699" lon="139.02056">
<ele>619.9</ele>
</trkpt>
<trkpt lat="35.51991" lon="139.02047">
<ele>620.0</ele>
</trkpt>
<trkpt lat="35.51978" lon="139.02038">
<ele>620.7</ele>
</trkpt>
<trkpt lat="35.51977" lon="139.02038">
<ele>620.7</ele>
</trkpt>
<trkpt lat="35.51966" lon="139.02031">
<ele>621.2</ele>
</trkpt>
<trkpt lat="35.51959" lon="139.02027">
<ele>621.5</ele>
</trkpt>
<trkpt lat="35.51952" lon="139.02023">
<ele>621.8</ele>
</trkpt>
<trkpt lat="35.51945" lon="139.02019">
<ele>622.0</ele>
</trkpt>
<trkpt lat="35.51931" lon="139.02011">
<ele>622.5</ele>
</trkpt>
<trkpt lat="35.5191" lon="139.02">
<ele>623.3</ele>
</trkpt>
<trkpt lat="35.519" lon="139.01995">
<ele>624.5</ele>
</trkpt>
<trkpt lat="35.51892" lon="139.0199">
<ele>625.5</ele>
</trkpt>
<trkpt lat="35.51888" lon="139.01987">
<ele>626.0</ele>
</trkpt>
<trkpt lat="35.51885" lon="139.01985">
<ele>626.4</ele>
</trkpt>
<trkpt lat="35.51881" lon="139.01982">
<ele>626.8</ele>
</trkpt>
<trkpt lat="35.51876" lon="139.01978">
<ele>627.4</ele>
</trkpt>
<trkpt lat="35.51872" lon="139.01974">
<ele>627.8</ele>
</trkpt>
<trkpt lat="35.51867" lon="139.01968">
<ele>628.5</ele>
</trkpt>
<trkpt lat="35.5186599" lon="139.01967">
<ele>628.6</ele>
</trkpt>
<trkpt lat="35.51864" lon="139.01965">
<ele>628.8</ele>
</trkpt>
<trkpt lat="35.51862" lon="139.01963">
<ele>628.9</ele>
</trkpt>
<trkpt lat="35.51858" lon="139.0195699">
<ele>629.4</ele>
</trkpt>
<trkpt lat="35.51855" lon="139.01953">
<ele>629.7</ele>
</trkpt>
<trkpt lat="35.51853" lon="139.01951">
<ele>629.8</ele>
</trkpt>
<trkpt lat="35.51853" lon="139.01949">
<ele>629.9</ele>
</trkpt>
<trkpt lat="35.5185" lon="139.01945">
<ele>630.2</ele>
</trkpt>
<trkpt lat="35.5184799" lon="139.0193899">
<ele>630.5</ele>
</trkpt>
<trkpt lat="35.51846" lon="139.01935">
<ele>630.7</ele>
</trkpt>
<trkpt lat="35.51845" lon="139.01931">
<ele>630.9</ele>
</trkpt>
<trkpt lat="35.51844" lon="139.01925">
<ele>631.2</ele>
</trkpt>
<trkpt lat="35.51843" lon="139.0192">
<ele>631.5</ele>
</trkpt>
<trkpt lat="35.51843" lon="139.0191">
<ele>632.0</ele>
</trkpt>
<trkpt lat="35.51842" lon="139.01883">
<ele>633.1</ele>
</trkpt>
<trkpt lat="35.51842" lon="139.01878">
<ele>633.4</ele>
</trkpt>
<trkpt lat="35.51841" lon="139.01873">
<ele>633.5</ele>
</trkpt>
<trkpt lat="35.51841" lon="139.0186699">
<ele>633.7</ele>
</trkpt>
<trkpt lat="35.5183899" lon="139.01859">
<ele>633.8</ele>
</trkpt>
<trkpt lat="35.51838" lon="139.0185">
<ele>634.0</ele>
</trkpt>
<trkpt lat="35.51836" lon="139.01839">
<ele>634.2</ele>
</trkpt>
<trkpt lat="35.5183" lon="139.01819">
<ele>635.1</ele>
</trkpt>
<trkpt lat="35.51824" lon="139.01798">
<ele>636.5</ele>
</trkpt>
<trkpt lat="35.5182" lon="139.01784">
<ele>637.3</ele>
</trkpt>
<trkpt lat="35.51817" lon="139.0177">
<ele>638.3</ele>
</trkpt>
<trkpt lat="35.5180099" lon="139.01713">
<ele>639.6</ele>
</trkpt>
<trkpt lat="35.51786" lon="139.0166">
<ele>639.8</ele>
</trkpt>
<trkpt lat="35.51785" lon="139.01656">
<ele>640.0</ele>
</trkpt>
<trkpt lat="35.51784" lon="139.0165">
<ele>640.4</ele>
</trkpt>
<trkpt lat="35.51776" lon="139.01621">
<ele>641.5</ele>
</trkpt>
<trkpt lat="35.51771" lon="139.01603">
<ele>642.0</ele>
</trkpt>
<trkpt lat="35.51768" lon="139.01591">
<ele>642.3</ele>
</trkpt>
<trkpt lat="35.51766" lon="139.01585">
<ele>642.3</ele>
</trkpt>
<trkpt lat="35.5176299" lon="139.01574">
<ele>642.8</ele>
</trkpt>
<trkpt lat="35.5176" lon="139.01564">
<ele>643.2</ele>
</trkpt>
<trkpt lat="35.51759" lon="139.0156">
<ele>643.4</ele>
</trkpt>
<trkpt lat="35.51757" lon="139.01556">
<ele>643.3</ele>
</trkpt>
<trkpt lat="35.51755" lon="139.01552">
<ele>643.2</ele>
</trkpt>
<trkpt lat="35.51753" lon="139.01548">
<ele>643.1</ele>
</trkpt>
<trkpt lat="35.5175" lon="139.01543">
<ele>642.9</ele>
</trkpt>
<trkpt lat="35.51748" lon="139.0154">
<ele>642.9</ele>
</trkpt>
<trkpt lat="35.51746" lon="139.01537">
<ele>643.0</ele>
</trkpt>
<trkpt lat="35.51742" lon="139.01532">
<ele>643.0</ele>
</trkpt>
<trkpt lat="35.51739" lon="139.0153">
<ele>642.8</ele>
</trkpt>
<trkpt lat="35.51737" lon="139.0152699">
<ele>642.8</ele>
</trkpt>
<trkpt lat="35.51728" lon="139.01519">
<ele>642.5</ele>
</trkpt>
<trkpt lat="35.5172" lon="139.01512">
<ele>642.0</ele>
</trkpt>
<trkpt lat="35.5171" lon="139.01503">
<ele>641.5</ele>
</trkpt>
<trkpt lat="35.5169" lon="139.01486">
<ele>642.0</ele>
</trkpt>
<trkpt lat="35.51649" lon="139.01451">
<ele>642.2</ele>
</trkpt>
<trkpt lat="35.51636" lon="139.01437">
<ele>643.0</ele>
</trkpt>
<trkpt lat="35.51596" lon="139.01392">
<ele>644.3</ele>
</trkpt>
<trkpt lat="35.51589" lon="139.0138399">
<ele>644.1</ele>
</trkpt>
<trkpt lat="35.51586" lon="139.01382">
<ele>643.8</ele>
</trkpt>
<trkpt lat="35.51583" lon="139.01379">
<ele>643.6</ele>
</trkpt>
<trkpt lat="35.5158" lon="139.01377">
<ele>643.8</ele>
</trkpt>
<trkpt lat="35.51573" lon="139.01373">
<ele>644.1</ele>
</trkpt>
<trkpt lat="35.51571" lon="139.01372">
<ele>644.2</ele>
</trkpt>
<trkpt lat="35.51545" lon="139.01367">
<ele>644.3</ele>
</trkpt>
<trkpt lat="35.51533" lon="139.0136599">
<ele>644.2</ele>
</trkpt>
<trkpt lat="35.51528" lon="139.01365">
<ele>644.2</ele>
</trkpt>
<trkpt lat="35.51523" lon="139.01363">
<ele>644.3</ele>
</trkpt>
<trkpt lat="35.51515" lon="139.01359">
<ele>644.3</ele>
</trkpt>
<trkpt lat="35.51508" lon="139.01355">
<ele>644.4</ele>
</trkpt>
<trkpt lat="35.51506" lon="139.01354">
<ele>644.4</ele>
</trkpt>
<trkpt lat="35.51503" lon="139.01352">
<ele>644.4</ele>
</trkpt>
<trkpt lat="35.51499" lon="139.0134799">
<ele>644.6</ele>
</trkpt>
<trkpt lat="35.5149199" lon="139.01341">
<ele>645.3</ele>
</trkpt>
<trkpt lat="35.51488" lon="139.01337">
<ele>645.5</ele>
</trkpt>
<trkpt lat="35.51482" lon="139.01331">
<ele>645.9</ele>
</trkpt>
<trkpt lat="35.51477" lon="139.01323">
<ele>646.7</ele>
</trkpt>
<trkpt lat="35.51473" lon="139.01316">
<ele>647.2</ele>
</trkpt>
<trkpt lat="35.5147" lon="139.01308">
<ele>647.8</ele>
</trkpt>
<trkpt lat="35.51466" lon="139.01298">
<ele>648.4</ele>
</trkpt>
<trkpt lat="35.5146299" lon="139.01289">
<ele>648.8</ele>
</trkpt>
<trkpt lat="35.5146" lon="139.01277">
<ele>649.3</ele>
</trkpt>
<trkpt lat="35.51458" lon="139.01269">
<ele>649.6</ele>
</trkpt>
<trkpt lat="35.51455" lon="139.01252">
<ele>650.1</ele>
</trkpt>
<trkpt lat="35.51455" lon="139.01247">
<ele>650.5</ele>
</trkpt>
<trkpt lat="35.51453" lon="139.01238">
<ele>651.1</ele>
</trkpt>
<trkpt lat="35.51449" lon="139.01219">
<ele>652.5</ele>
</trkpt>
<trkpt lat="35.51444" lon="139.01204">
<ele>653.2</ele>
</trkpt>
<trkpt lat="35.51441" lon="139.01195">
<ele>653.5</ele>
</trkpt>
<trkpt lat="35.51436" lon="139.01181">
<ele>653.8</ele>
</trkpt>
<trkpt lat="35.51423" lon="139.01147">
<ele>653.2</ele>
</trkpt>
<trkpt lat="35.51415" lon="139.01126">
<ele>653.1</ele>
</trkpt>
<trkpt lat="35.51412" lon="139.0111499">
<ele>653.8</ele>
</trkpt>
<trkpt lat="35.5141" lon="139.01109">
<ele>654.1</ele>
</trkpt>
<trkpt lat="35.51409" lon="139.01107">
<ele>654.2</ele>
</trkpt>
<trkpt lat="35.51408" lon="139.01102">
<ele>654.4</ele>
</trkpt>
<trkpt lat="35.5140699" lon="139.01098">
<ele>654.5</ele>
</trkpt>
<trkpt lat="35.51406" lon="139.01093">
<ele>654.6</ele>
</trkpt>
<trkpt lat="35.51405" lon="139.01089">
<ele>654.7</ele>
</trkpt>
<trkpt lat="35.51404" lon="139.0107899">
<ele>655.3</ele>
</trkpt>
<trkpt lat="35.51402" lon="139.01064">
<ele>656.6</ele>
</trkpt>
<trkpt lat="35.51401" lon="139.01058">
<ele>657.1</ele>
</trkpt>
<trkpt lat="35.51401" lon="139.01052">
<ele>657.7</ele>
</trkpt>
<trkpt lat="35.51401" lon="139.01043">
<ele>658.5</ele>
</trkpt>
<trkpt lat="35.51402" lon="139.01025">
<ele>660.2</ele>
</trkpt>
<trkpt lat="35.51403" lon="139.01006">
<ele>662.1</ele>
</trkpt>
<trkpt lat="35.51404" lon="139.00998">
<ele>663.1</ele>
</trkpt>
<trkpt lat="35.51404" lon="139.00987">
<ele>664.6</ele>
</trkpt>
<trkpt lat="35.51404" lon="139.00974">
<ele>666.3</ele>
</trkpt>
<trkpt lat="35.51403" lon="139.00967">
<ele>666.9</ele>
</trkpt>
<trkpt lat="35.51403" lon="139.00959">
<ele>668.0</ele>
</trkpt>
<trkpt lat="35.51402" lon="139.00953">
<ele>668.5</ele>
</trkpt>
<trkpt lat="35.51401" lon="139.00943">
<ele>669.5</ele>
</trkpt>
<trkpt lat="35.51399" lon="139.0093">
<ele>670.5</ele>
</trkpt>
<trkpt lat="35.51397" lon="139.00921">
<ele>670.9</ele>
</trkpt>
<trkpt lat="35.51395" lon="139.00911">
<ele>671.0</ele>
</trkpt>
<trkpt lat="35.51391" lon="139.00893">
<ele>670.8</ele>
</trkpt>
<trkpt lat="35.51388" lon="139.00877">
<ele>670.8</ele>
</trkpt>
<trkpt lat="35.51385" lon="139.00865">
<ele>670.5</ele>
</trkpt>
<trkpt lat="35.51383" lon="139.00855">
<ele>670.5</ele>
</trkpt>
<trkpt lat="35.51382" lon="139.00849">
<ele>670.6</ele>
</trkpt>
<trkpt lat="35.51381" lon="139.00841">
<ele>670.8</ele>
</trkpt>
<trkpt lat="35.5138" lon="139.00828">
<ele>671.4</ele>
</trkpt>
<trkpt lat="35.51379" lon="139.00807">
<ele>672.5</ele>
</trkpt>
<trkpt lat="35.5137799" lon="139.0078399">
<ele>673.8</ele>
</trkpt>
<trkpt lat="35.51375" lon="139.00746">
<ele>675.3</ele>
</trkpt>
<trkpt lat="35.51375" lon="139.00741">
<ele>675.6</ele>
</trkpt>
<trkpt lat="35.51374" lon="139.00719">
<ele>676.9</ele>
</trkpt>
<trkpt lat="35.51372" lon="139.007">
<ele>677.5</ele>
</trkpt>
<trkpt lat="35.51372" lon="139.00697">
<ele>677.7</ele>
</trkpt>
<trkpt lat="35.51371" lon="139.00689">
<ele>678.0</ele>
</trkpt>
<trkpt lat="35.5137" lon="139.00682">
<ele>678.1</ele>
</trkpt>
<trkpt lat="35.5136899" lon="139.00676">
<ele>678.2</ele>
</trkpt>
<trkpt lat="35.51367" lon="139.00671">
<ele>677.8</ele>
</trkpt>
<trkpt lat="35.51366" lon="139.00665">
<ele>677.9</ele>
</trkpt>
<trkpt lat="35.51364" lon="139.00659">
<ele>677.6</ele>
</trkpt>
<trkpt lat="35.51363" lon="139.00654">
<ele>677.6</ele>
</trkpt>
<trkpt lat="35.5135999" lon="139.00647">
<ele>677.1</ele>
</trkpt>
<trkpt lat="35.51356" lon="139.00639">
<ele>676.2</ele>
</trkpt>
<trkpt lat="35.51352" lon="139.00631">
<ele>675.4</ele>
</trkpt>
<trkpt lat="35.51347" lon="139.00624">
<ele>674.1</ele>
</trkpt>
<trkpt lat="35.51343" lon="139.00617">
<ele>673.1</ele>
</trkpt>
<trkpt lat="35.51339" lon="139.00612">
<ele>672.0</ele>
</trkpt>
<trkpt lat="35.51335" lon="139.0060499">
<ele>671.1</ele>
</trkpt>
<trkpt lat="35.5133" lon="139.00597">
<ele>670.5</ele>
</trkpt>
<trkpt lat="35.51327" lon="139.00592">
<ele>670.4</ele>
</trkpt>
<trkpt lat="35.51323" lon="139.00583">
<ele>670.3</ele>
</trkpt>
<trkpt lat="35.5132" lon="139.00577">
<ele>670.3</ele>
</trkpt>
<trkpt lat="35.51318" lon="139.00571">
<ele>670.4</ele>
</trkpt>
<trkpt lat="35.5131299" lon="139.00559">
<ele>670.5</ele>
</trkpt>
<trkpt lat="35.51309" lon="139.00545">
<ele>670.8</ele>
</trkpt>
<trkpt lat="35.51307" lon="139.00534">
<ele>671.2</ele>
</trkpt>
<trkpt lat="35.51305" lon="139.00526">
<ele>671.3</ele>
</trkpt>
<trkpt lat="35.5130399" lon="139.00518">
<ele>671.7</ele>
</trkpt>
<trkpt lat="35.51303" lon="139.00508">
<ele>672.2</ele>
</trkpt>
<trkpt lat="35.51302" lon="139.0049699">
<ele>672.8</ele>
</trkpt>
<trkpt lat="35.513" lon="139.00473">
<ele>675.0</ele>
</trkpt>
<trkpt lat="35.51299" lon="139.0046">
<ele>676.2</ele>
</trkpt>
<trkpt lat="35.51298" lon="139.00454">
<ele>676.7</ele>
</trkpt>
<trkpt lat="35.51296" lon="139.00443">
<ele>677.3</ele>
</trkpt>
<trkpt lat="35.51294" lon="139.00435">
<ele>677.7</ele>
</trkpt>
<trkpt lat="35.51292" lon="139.00428">
<ele>677.9</ele>
</trkpt>
<trkpt lat="35.5129" lon="139.00423">
<ele>677.8</ele>
</trkpt>
<trkpt lat="35.51288" lon="139.00418">
<ele>677.8</ele>
</trkpt>
<trkpt lat="35.51285" lon="139.00412">
<ele>677.8</ele>
</trkpt>
<trkpt lat="35.51282" lon="139.00405">
<ele>677.9</ele>
</trkpt>
<trkpt lat="35.5128" lon="139.00402">
<ele>677.8</ele>
</trkpt>
<trkpt lat="35.51278" lon="139.0039899">
<ele>677.6</ele>
</trkpt>
<trkpt lat="35.51273" lon="139.00392">
<ele>677.2</ele>
</trkpt>
<trkpt lat="35.51267" lon="139.00383">
<ele>676.7</ele>
</trkpt>
<trkpt lat="35.51258" lon="139.0037">
<ele>676.0</ele>
</trkpt>
<trkpt lat="35.51244" lon="139.00352">
<ele>675.8</ele>
</trkpt>
<trkpt lat="35.51243" lon="139.0035">
<ele>676.0</ele>
</trkpt>
<trkpt lat="35.5123" lon="139.00333">
<ele>676.9</ele>
</trkpt>
<trkpt lat="35.5122" lon="139.00317">
<ele>679.5</ele>
</trkpt>
<trkpt lat="35.51214" lon="139.0030899">
<ele>680.6</ele>
</trkpt>
<trkpt lat="35.51184" lon="139.00266">
<ele>685.6</ele>
</trkpt>
<trkpt lat="35.51173" lon="139.0025">
<ele>687.1</ele>
</trkpt>
<trkpt lat="35.5117" lon="139.00246">
<ele>687.2</ele>
</trkpt>
<trkpt lat="35.51167" lon="139.00241">
<ele>687.5</ele>
</trkpt>
<trkpt lat="35.51158" lon="139.00228">
<ele>688.0</ele>
</trkpt>
<trkpt lat="35.51153" lon="139.00218">
<ele>688.7</ele>
</trkpt>
<trkpt lat="35.51151" lon="139.00213">
<ele>689.1</ele>
</trkpt>
<trkpt lat="35.5113399" lon="139.0017499">
<ele>691.2</ele>
</trkpt>
<trkpt lat="35.51133" lon="139.00172">
<ele>691.4</ele>
</trkpt>
<trkpt lat="35.51121" lon="139.00146">
<ele>690.9</ele>
</trkpt>
<trkpt lat="35.51118" lon="139.00137">
<ele>690.8</ele>
</trkpt>
<trkpt lat="35.5111599" lon="139.00132">
<ele>690.5</ele>
</trkpt>
<trkpt lat="35.51115" lon="139.00129">
<ele>690.5</ele>
</trkpt>
<trkpt lat="35.51113" lon="139.00124">
<ele>690.2</ele>
</trkpt>
<trkpt lat="35.51112" lon="139.0012">
<ele>690.1</ele>
</trkpt>
<trkpt lat="35.51111" lon="139.00115">
<ele>690.1</ele>
</trkpt>
<trkpt lat="35.51111" lon="139.00108">
<ele>690.5</ele>
</trkpt>
<trkpt lat="35.51111" lon="139.00101">
<ele>690.8</ele>
</trkpt>
<trkpt lat="35.51111" lon="139.00091">
<ele>691.3</ele>
</trkpt>
<trkpt lat="35.51115" lon="139.00069">
<ele>693.2</ele>
</trkpt>
<trkpt lat="35.51117" lon="139.00055">
<ele>694.2</ele>
</trkpt>
<trkpt lat="35.51118" lon="139.00053">
<ele>694.6</ele>
</trkpt>
<trkpt lat="35.51118" lon="139.00051">
<ele>694.6</ele>
</trkpt>
<trkpt lat="35.51119" lon="139.00047">
<ele>695.1</ele>
</trkpt>
<trkpt lat="35.51119" lon="139.00043">
<ele>695.2</ele>
</trkpt>
<trkpt lat="35.5112" lon="139.00038">
<ele>695.6</ele>
</trkpt>
<trkpt lat="35.5112" lon="139.0003199">
<ele>695.8</ele>
</trkpt>
<trkpt lat="35.51121" lon="139.00026">
<ele>696.3</ele>
</trkpt>
<trkpt lat="35.51121" lon="139.00013">
<ele>696.7</ele>
</trkpt>
<trkpt lat="35.5112" lon="139.0000499">
<ele>696.5</ele>
</trkpt>
<trkpt lat="35.51119" lon="139.0">
<ele>696.3</ele>
</trkpt>
<trkpt lat="35.51119" lon="138.99995">
<ele>696.8</ele>
</trkpt>
<trkpt lat="35.51118" lon="138.9999">
<ele>696.9</ele>
</trkpt>
<trkpt lat="35.5111599" lon="138.99983">
<ele>696.9</ele>
</trkpt>
<trkpt lat="35.51113" lon="138.99972">
<ele>697.0</ele>
</trkpt>
<trkpt lat="35.51113" lon="138.9997">
<ele>697.2</ele>
</trkpt>
<trkpt lat="35.51112" lon="138.99966">
<ele>697.3</ele>
</trkpt>
<trkpt lat="35.5110699" lon="138.99954">
<ele>696.9</ele>
</trkpt>
<trkpt lat="35.51103" lon="138.9994199">
<ele>697.0</ele>
</trkpt>
<trkpt lat="35.51099" lon="138.99935">
<ele>696.5</ele>
</trkpt>
<trkpt lat="35.51095" lon="138.99929">
<ele>696.0</ele>
</trkpt>
<trkpt lat="35.51088" lon="138.99919">
<ele>695.1</ele>
</trkpt>
<trkpt lat="35.51084" lon="138.99913">
<ele>694.9</ele>
</trkpt>
<trkpt lat="35.5108" lon="138.99908">
<ele>695.0</ele>
</trkpt>
<trkpt lat="35.51077" lon="138.99905">
<ele>695.1</ele>
</trkpt>
<trkpt lat="35.51073" lon="138.99902">
<ele>695.0</ele>
</trkpt>
<trkpt lat="35.51068" lon="138.99898">
<ele>694.8</ele>
</trkpt>
<trkpt lat="35.51063" lon="138.99895">
<ele>694.5</ele>
</trkpt>
<trkpt lat="35.51053" lon="138.99889">
<ele>693.9</ele>
</trkpt>
<trkpt lat="35.51045" lon="138.99885">
<ele>693.2</ele>
</trkpt>
<trkpt lat="35.51036" lon="138.99882">
<ele>692.1</ele>
</trkpt>
<trkpt lat="35.51026" lon="138.99879">
<ele>690.9</ele>
</trkpt>
<trkpt lat="35.51015" lon="138.99875">
<ele>689.6</ele>
</trkpt>
<trkpt lat="35.5101" lon="138.99873">
<ele>689.0</ele>
</trkpt>
<trkpt lat="35.51001" lon="138.9987">
<ele>687.9</ele>
</trkpt>
<trkpt lat="35.50996" lon="138.99868">
<ele>687.8</ele>
</trkpt>
<trkpt lat="35.50985" lon="138.99864">
<ele>687.8</ele>
</trkpt>
<trkpt lat="35.50972" lon="138.9986">
<ele>687.7</ele>
</trkpt>
<trkpt lat="35.5095" lon="138.99853">
<ele>687.3</ele>
</trkpt>
<trkpt lat="35.50938" lon="138.99849">
<ele>687.0</ele>
</trkpt>
<trkpt lat="35.50936" lon="138.99849">
<ele>686.9</ele>
</trkpt>
<trkpt lat="35.50926" lon="138.99843">
<ele>686.8</ele>
</trkpt>
<trkpt lat="35.5092" lon="138.9984">
<ele>686.7</ele>
</trkpt>
<trkpt lat="35.50914" lon="138.99836">
<ele>686.6</ele>
</trkpt>
<trkpt lat="35.50906" lon="138.9983">
<ele>686.5</ele>
</trkpt>
<trkpt lat="35.50902" lon="138.99827">
<ele>686.4</ele>
</trkpt>
<trkpt lat="35.50895" lon="138.99821">
<ele>686.2</ele>
</trkpt>
<trkpt lat="35.50888" lon="138.99815">
<ele>686.0</ele>
</trkpt>
<trkpt lat="35.50882" lon="138.99809">
<ele>685.9</ele>
</trkpt>
<trkpt lat="35.50876" lon="138.99802">
<ele>685.8</ele>
</trkpt>
<trkpt lat="35.5087199" lon="138.99796">
<ele>685.8</ele>
</trkpt>
<trkpt lat="35.50866" lon="138.9978999">
<ele>685.5</ele>
</trkpt>
<trkpt lat="35.50861" lon="138.99784">
<ele>685.4</ele>
</trkpt>
<trkpt lat="35.50851" lon="138.9977">
<ele>685.0</ele>
</trkpt>
<trkpt lat="35.50836" lon="138.99752">
<ele>684.2</ele>
</trkpt>
<trkpt lat="35.5082499" lon="138.99738">
<ele>685.2</ele>
</trkpt>
<trkpt lat="35.50798" lon="138.99704">
<ele>687.7</ele>
</trkpt>
<trkpt lat="35.50792" lon="138.99695">
<ele>688.1</ele>
</trkpt>
<trkpt lat="35.50788" lon="138.99688">
<ele>688.4</ele>
</trkpt>
<trkpt lat="35.50779" lon="138.99671">
<ele>688.9</ele>
</trkpt>
<trkpt lat="35.50775" lon="138.99663">
<ele>689.3</ele>
</trkpt>
<trkpt lat="35.5077" lon="138.99653">
<ele>690.0</ele>
</trkpt>
<trkpt lat="35.50767" lon="138.99643">
<ele>690.6</ele>
</trkpt>
<trkpt lat="35.50764" lon="138.99633">
<ele>691.1</ele>
</trkpt>
<trkpt lat="35.50762" lon="138.99623">
<ele>691.7</ele>
</trkpt>
<trkpt lat="35.50761" lon="138.99623">
<ele>691.5</ele>
</trkpt>
<trkpt lat="35.5075999" lon="138.99613">
<ele>692.1</ele>
</trkpt>
<trkpt lat="35.50756" lon="138.99599">
<ele>692.3</ele>
</trkpt>
<trkpt lat="35.50752" lon="138.99582">
<ele>692.6</ele>
</trkpt>
<trkpt lat="35.50748" lon="138.99569">
<ele>693.6</ele>
</trkpt>
<trkpt lat="35.50745" lon="138.9956">
<ele>694.4</ele>
</trkpt>
<trkpt lat="35.5073999" lon="138.9954799">
<ele>695.3</ele>
</trkpt>
<trkpt lat="35.50733" lon="138.99532">
<ele>696.2</ele>
</trkpt>
<trkpt lat="35.50719" lon="138.99504">
<ele>696.5</ele>
</trkpt>
<trkpt lat="35.50705" lon="138.99476">
<ele>696.7</ele>
</trkpt>
<trkpt lat="35.50697" lon="138.99462">
<ele>696.2</ele>
</trkpt>
<trkpt lat="35.50692" lon="138.99453">
<ele>695.9</ele>
</trkpt>
<trkpt lat="35.50688" lon="138.99448">
<ele>695.4</ele>
</trkpt>
<trkpt lat="35.50683" lon="138.99442">
<ele>694.6</ele>
</trkpt>
<trkpt lat="35.5067499" lon="138.99433">
<ele>693.3</ele>
</trkpt>
<trkpt lat="35.50667" lon="138.99424">
<ele>691.7</ele>
</trkpt>
<trkpt lat="35.50649" lon="138.9940499">
<ele>693.3</ele>
</trkpt>
<trkpt lat="35.5063699" lon="138.99392">
<ele>694.4</ele>
</trkpt>
<trkpt lat="35.50634" lon="138.99389">
<ele>694.6</ele>
</trkpt>
<trkpt lat="35.50626" lon="138.99381">
<ele>695.1</ele>
</trkpt>
<trkpt lat="35.50617" lon="138.99375">
<ele>695.3</ele>
</trkpt>
<trkpt lat="35.50608" lon="138.9936899">
<ele>695.4</ele>
</trkpt>
<trkpt lat="35.50603" lon="138.99366">
<ele>695.4</ele>
</trkpt>
<trkpt lat="35.50591" lon="138.99359">
<ele>695.4</ele>
</trkpt>
<trkpt lat="35.50584" lon="138.99356">
<ele>695.2</ele>
</trkpt>
<trkpt lat="35.5057" lon="138.99348">
<ele>694.9</ele>
</trkpt>
<trkpt lat="35.50566" lon="138.99346">
<ele>694.8</ele>
</trkpt>
<trkpt lat="35.50561" lon="138.99343">
<ele>694.6</ele>
</trkpt>
<trkpt lat="35.50552" lon="138.99337">
<ele>694.4</ele>
</trkpt>
<trkpt lat="35.50548" lon="138.9933299">
<ele>694.3</ele>
</trkpt>
<trkpt lat="35.50544" lon="138.99329">
<ele>694.7</ele>
</trkpt>
<trkpt lat="35.50536" lon="138.99322">
<ele>695.1</ele>
</trkpt>
<trkpt lat="35.50528" lon="138.99313">
<ele>695.7</ele>
</trkpt>
<trkpt lat="35.50526" lon="138.99311">
<ele>695.8</ele>
</trkpt>
<trkpt lat="35.50518" lon="138.99301">
<ele>696.4</ele>
</trkpt>
<trkpt lat="35.50509" lon="138.99291">
<ele>696.8</ele>
</trkpt>
<trkpt lat="35.50509" lon="138.9929">
<ele>696.9</ele>
</trkpt>
<trkpt lat="35.505" lon="138.99279">
<ele>697.2</ele>
</trkpt>
<trkpt lat="35.50493" lon="138.9927">
<ele>698.0</ele>
</trkpt>
<trkpt lat="35.50486" lon="138.9926199">
<ele>698.4</ele>
</trkpt>
<trkpt lat="35.50471" lon="138.9924399">
<ele>699.1</ele>
</trkpt>
<trkpt lat="35.5047" lon="138.99242">
<ele>699.2</ele>
</trkpt>
<trkpt lat="35.50456" lon="138.99224">
<ele>699.7</ele>
</trkpt>
<trkpt lat="35.50453" lon="138.9922">
<ele>699.7</ele>
</trkpt>
<trkpt lat="35.50451" lon="138.9921699">
<ele>699.7</ele>
</trkpt>
<trkpt lat="35.50447" lon="138.9921">
<ele>699.8</ele>
</trkpt>
<trkpt lat="35.50446" lon="138.99206">
<ele>700.0</ele>
</trkpt>
<trkpt lat="35.50445" lon="138.99204">
<ele>700.0</ele>
</trkpt>
<trkpt lat="35.50444" lon="138.99202">
<ele>700.0</ele>
</trkpt>
<trkpt lat="35.50443" lon="138.9919899">
<ele>700.0</ele>
</trkpt>
<trkpt lat="35.50443" lon="138.99195">
<ele>700.3</ele>
</trkpt>
<trkpt lat="35.50442" lon="138.99191">
<ele>700.4</ele>
</trkpt>
<trkpt lat="35.50442" lon="138.99187">
<ele>700.6</ele>
</trkpt>
<trkpt lat="35.50442" lon="138.99178">
<ele>701.0</ele>
</trkpt>
<trkpt lat="35.50442" lon="138.99177">
<ele>701.1</ele>
</trkpt>
<trkpt lat="35.50443" lon="138.99164">
<ele>702.0</ele>
</trkpt>
<trkpt lat="35.50446" lon="138.9914">
<ele>704.2</ele>
</trkpt>
<trkpt lat="35.50447" lon="138.99128">
<ele>705.3</ele>
</trkpt>
<trkpt lat="35.50448" lon="138.99117">
<ele>706.2</ele>
</trkpt>
<trkpt lat="35.50448" lon="138.99115">
<ele>706.4</ele>
</trkpt>
<trkpt lat="35.5044899" lon="138.99111">
<ele>706.8</ele>
</trkpt>
<trkpt lat="35.5044899" lon="138.99102">
<ele>707.5</ele>
</trkpt>
<trkpt lat="35.5045" lon="138.99097">
<ele>708.0</ele>
</trkpt>
<trkpt lat="35.5045" lon="138.99092">
<ele>708.4</ele>
</trkpt>
<trkpt lat="35.5044899" lon="138.99086">
<ele>708.7</ele>
</trkpt>
<trkpt lat="35.5044899" lon="138.99082">
<ele>709.0</ele>
</trkpt>
<trkpt lat="35.50448" lon="138.99078">
<ele>709.1</ele>
</trkpt>
<trkpt lat="35.50446" lon="138.99071">
<ele>709.3</ele>
</trkpt>
<trkpt lat="35.5043999" lon="138.99055">
<ele>709.3</ele>
</trkpt>
<trkpt lat="35.50433" lon="138.99032">
<ele>709.3</ele>
</trkpt>
<trkpt lat="35.50426" lon="138.9901099">
<ele>708.7</ele>
</trkpt>
<trkpt lat="35.5042199" lon="138.98998">
<ele>708.4</ele>
</trkpt>
<trkpt lat="35.50418" lon="138.98989">
<ele>708.4</ele>
</trkpt>
<trkpt lat="35.50414" lon="138.9898">
<ele>708.7</ele>
</trkpt>
<trkpt lat="35.5041" lon="138.98971">
<ele>709.2</ele>
</trkpt>
<trkpt lat="35.50406" lon="138.98965">
<ele>709.3</ele>
</trkpt>
<trkpt lat="35.50406" lon="138.98964">
<ele>709.4</ele>
</trkpt>
<trkpt lat="35.50403" lon="138.98959">
<ele>709.5</ele>
</trkpt>
<trkpt lat="35.50396" lon="138.9895">
<ele>709.6</ele>
</trkpt>
<trkpt lat="35.5039299" lon="138.98945">
<ele>709.6</ele>
</trkpt>
<trkpt lat="35.50387" lon="138.98938">
<ele>709.5</ele>
</trkpt>
<trkpt lat="35.50377" lon="138.98928">
<ele>709.0</ele>
</trkpt>
<trkpt lat="35.50368" lon="138.9892">
<ele>708.4</ele>
</trkpt>
<trkpt lat="35.50355" lon="138.98911">
<ele>707.7</ele>
</trkpt>
<trkpt lat="35.50344" lon="138.98903">
<ele>707.4</ele>
</trkpt>
<trkpt lat="35.50326" lon="138.98891">
<ele>707.2</ele>
</trkpt>
<trkpt lat="35.50298" lon="138.98873">
<ele>708.4</ele>
</trkpt>
<trkpt lat="35.50269" lon="138.98855">
<ele>709.1</ele>
</trkpt>
<trkpt lat="35.5026" lon="138.98847">
<ele>709.4</ele>
</trkpt>
<trkpt lat="35.50245" lon="138.98834">
<ele>709.7</ele>
</trkpt>
<trkpt lat="35.50235" lon="138.98825">
<ele>711.3</ele>
</trkpt>
<trkpt lat="35.50226" lon="138.98815">
<ele>713.1</ele>
</trkpt>
<trkpt lat="35.5020499" lon="138.98791">
<ele>717.1</ele>
</trkpt>
<trkpt lat="35.50204" lon="138.9879">
<ele>717.3</ele>
</trkpt>
<trkpt lat="35.50193" lon="138.9877799">
<ele>718.9</ele>
</trkpt>
<trkpt lat="35.50184" lon="138.9876899">
<ele>720.0</ele>
</trkpt>
<trkpt lat="35.5017799" lon="138.98761">
<ele>721.0</ele>
</trkpt>
<trkpt lat="35.5017" lon="138.98754">
<ele>721.6</ele>
</trkpt>
<trkpt lat="35.50163" lon="138.98745">
<ele>723.2</ele>
</trkpt>
<trkpt lat="35.50158" lon="138.9874">
<ele>724.5</ele>
</trkpt>
<trkpt lat="35.50154" lon="138.98737">
<ele>725.3</ele>
</trkpt>
<trkpt lat="35.50151" lon="138.98734">
<ele>726.2</ele>
</trkpt>
<trkpt lat="35.50143" lon="138.98729">
<ele>727.7</ele>
</trkpt>
<trkpt lat="35.50136" lon="138.98724">
<ele>729.4</ele>
</trkpt>
<trkpt lat="35.5013" lon="138.98722">
<ele>730.1</ele>
</trkpt>
<trkpt lat="35.50123" lon="138.98719">
<ele>731.3</ele>
</trkpt>
<trkpt lat="35.50112" lon="138.98716">
<ele>732.7</ele>
</trkpt>
<trkpt lat="35.50101" lon="138.98714">
<ele>733.7</ele>
</trkpt>
<trkpt lat="35.50092" lon="138.98713">
<ele>734.4</ele>
</trkpt>
<trkpt lat="35.50086" lon="138.98712">
<ele>735.0</ele>
</trkpt>
<trkpt lat="35.5008" lon="138.98712">
<ele>734.8</ele>
</trkpt>
<trkpt lat="35.50063" lon="138.98711">
<ele>734.0</ele>
</trkpt>
<trkpt lat="35.50053" lon="138.98711">
<ele>733.2</ele>
</trkpt>
<trkpt lat="35.50042" lon="138.98711">
<ele>732.4</ele>
</trkpt>
<trkpt lat="35.50026" lon="138.98711">
<ele>731.2</ele>
</trkpt>
<trkpt lat="35.5002" lon="138.98711">
<ele>730.7</ele>
</trkpt>
<trkpt lat="35.50011" lon="138.98709">
<ele>730.7</ele>
</trkpt>
<trkpt lat="35.5000799" lon="138.98708">
<ele>730.8</ele>
</trkpt>
<trkpt lat="35.50003" lon="138.98707">
<ele>730.7</ele>
</trkpt>
<trkpt lat="35.49998" lon="138.98705">
<ele>730.6</ele>
</trkpt>
<trkpt lat="35.49991" lon="138.98702">
<ele>730.1</ele>
</trkpt>
<trkpt lat="35.4998999" lon="138.98701">
<ele>730.2</ele>
</trkpt>
<trkpt lat="35.49985" lon="138.98699">
<ele>729.7</ele>
</trkpt>
<trkpt lat="35.49982" lon="138.98697">
<ele>729.6</ele>
</trkpt>
<trkpt lat="35.49978" lon="138.98694">
<ele>729.4</ele>
</trkpt>
<trkpt lat="35.49973" lon="138.98689">
<ele>729.4</ele>
</trkpt>
<trkpt lat="35.49971" lon="138.98686">
<ele>729.6</ele>
</trkpt>
<trkpt lat="35.49966" lon="138.98679">
<ele>729.8</ele>
</trkpt>
<trkpt lat="35.49962" lon="138.98674">
<ele>729.7</ele>
</trkpt>
<trkpt lat="35.49958" lon="138.98666">
<ele>730.1</ele>
</trkpt>
<trkpt lat="35.49948" lon="138.98648">
<ele>731.8</ele>
</trkpt>
<trkpt lat="35.49939" lon="138.98631">
<ele>732.7</ele>
</trkpt>
<trkpt lat="35.49928" lon="138.98606">
<ele>733.4</ele>
</trkpt>
<trkpt lat="35.49913" lon="138.98575">
<ele>733.4</ele>
</trkpt>
<trkpt lat="35.49909" lon="138.98566">
<ele>734.8</ele>
</trkpt>
<trkpt lat="35.49907" lon="138.98562">
<ele>735.3</ele>
</trkpt>
<trkpt lat="35.49903" lon="138.98555">
<ele>736.0</ele>
</trkpt>
<trkpt lat="35.49898" lon="138.98546">
<ele>736.8</ele>
</trkpt>
<trkpt lat="35.49893" lon="138.98539">
<ele>737.1</ele>
</trkpt>
<trkpt lat="35.4989" lon="138.9853599">
<ele>736.9</ele>
</trkpt>
<trkpt lat="35.49888" lon="138.98532">
<ele>737.2</ele>
</trkpt>
<trkpt lat="35.49885" lon="138.98528">
<ele>737.2</ele>
</trkpt>
<trkpt lat="35.49879" lon="138.98521">
<ele>736.9</ele>
</trkpt>
<trkpt lat="35.4987" lon="138.98513">
<ele>735.7</ele>
</trkpt>
<trkpt lat="35.49856" lon="138.98501">
<ele>733.2</ele>
</trkpt>
<trkpt lat="35.49846" lon="138.98495">
<ele>731.2</ele>
</trkpt>
<trkpt lat="35.4983" lon="138.98484">
<ele>728.8</ele>
</trkpt>
<trkpt lat="35.49816" lon="138.98475">
<ele>728.7</ele>
</trkpt>
<trkpt lat="35.49809" lon="138.9847">
<ele>728.5</ele>
</trkpt>
<trkpt lat="35.49804" lon="138.98466">
<ele>728.4</ele>
</trkpt>
<trkpt lat="35.4980199" lon="138.98464">
<ele>728.4</ele>
</trkpt>
<trkpt lat="35.49795" lon="138.98455">
<ele>728.5</ele>
</trkpt>
<trkpt lat="35.4979" lon="138.98449">
<ele>728.4</ele>
</trkpt>
<trkpt lat="35.49788" lon="138.98445">
<ele>728.6</ele>
</trkpt>
<trkpt lat="35.4978399" lon="138.9844">
<ele>728.4</ele>
</trkpt>
<trkpt lat="35.49781" lon="138.98433">
<ele>728.6</ele>
</trkpt>
<trkpt lat="35.49778" lon="138.98426">
<ele>728.7</ele>
</trkpt>
<trkpt lat="35.49777" lon="138.98424">
<ele>728.7</ele>
</trkpt>
<trkpt lat="35.49773" lon="138.98414">
<ele>728.8</ele>
</trkpt>
<trkpt lat="35.49768" lon="138.98401">
<ele>728.9</ele>
</trkpt>
<trkpt lat="35.49757" lon="138.98373">
<ele>729.3</ele>
</trkpt>
<trkpt lat="35.4975" lon="138.98354">
<ele>729.8</ele>
</trkpt>
<trkpt lat="35.49743" lon="138.98338">
<ele>731.2</ele>
</trkpt>
<trkpt lat="35.4974" lon="138.9833">
<ele>731.8</ele>
</trkpt>
<trkpt lat="35.49736" lon="138.98323">
<ele>732.2</ele>
</trkpt>
<trkpt lat="35.49729" lon="138.9831">
<ele>732.8</ele>
</trkpt>
<trkpt lat="35.49723" lon="138.98301">
<ele>733.2</ele>
</trkpt>
<trkpt lat="35.497" lon="138.98262">
<ele>734.6</ele>
</trkpt>
<trkpt lat="35.49689" lon="138.98243">
<ele>735.9</ele>
</trkpt>
<trkpt lat="35.49685" lon="138.98235">
<ele>737.1</ele>
</trkpt>
<trkpt lat="35.49678" lon="138.9822299">
<ele>738.7</ele>
</trkpt>
<trkpt lat="35.49667" lon="138.9820499">
<ele>740.6</ele>
</trkpt>
<trkpt lat="35.49658" lon="138.98191">
<ele>742.4</ele>
</trkpt>
<trkpt lat="35.49658" lon="138.9819">
<ele>742.5</ele>
</trkpt>
<trkpt lat="35.49655" lon="138.98186">
<ele>743.0</ele>
</trkpt>
<trkpt lat="35.49653" lon="138.98183">
<ele>743.3</ele>
</trkpt>
<trkpt lat="35.4965" lon="138.9818">
<ele>743.5</ele>
</trkpt>
<trkpt lat="35.49648" lon="138.9817799">
<ele>743.7</ele>
</trkpt>
<trkpt lat="35.49646" lon="138.98176">
<ele>743.9</ele>
</trkpt>
<trkpt lat="35.49644" lon="138.98174">
<ele>744.0</ele>
</trkpt>
<trkpt lat="35.49641" lon="138.98172">
<ele>744.1</ele>
</trkpt>
<trkpt lat="35.49639" lon="138.9817">
<ele>744.2</ele>
</trkpt>
<trkpt lat="35.4963399" lon="138.98167">
<ele>744.2</ele>
</trkpt>
<trkpt lat="35.49628" lon="138.98164">
<ele>744.2</ele>
</trkpt>
<trkpt lat="35.49623" lon="138.98162">
<ele>744.2</ele>
</trkpt>
<trkpt lat="35.49619" lon="138.98161">
<ele>744.0</ele>
</trkpt>
<trkpt lat="35.49612" lon="138.9815999">
<ele>743.6</ele>
</trkpt>
<trkpt lat="35.4960499" lon="138.98158">
<ele>743.3</ele>
</trkpt>
<trkpt lat="35.49594" lon="138.98156">
<ele>742.7</ele>
</trkpt>
<trkpt lat="35.49565" lon="138.9815099">
<ele>741.9</ele>
</trkpt>
<trkpt lat="35.49563" lon="138.9815">
<ele>741.9</ele>
</trkpt>
<trkpt lat="35.49559" lon="138.98149">
<ele>741.9</ele>
</trkpt>
<trkpt lat="35.49554" lon="138.98147">
<ele>741.9</ele>
</trkpt>
<trkpt lat="35.4954899" lon="138.98144">
<ele>742.1</ele>
</trkpt>
<trkpt lat="35.49547" lon="138.98143">
<ele>742.1</ele>
</trkpt>
<trkpt lat="35.49545" lon="138.98141">
<ele>742.3</ele>
</trkpt>
<trkpt lat="35.49543" lon="138.98139">
<ele>742.4</ele>
</trkpt>
<trkpt lat="35.4953999" lon="138.98137">
<ele>742.5</ele>
</trkpt>
<trkpt lat="35.49538" lon="138.98135">
<ele>742.6</ele>
</trkpt>
<trkpt lat="35.49535" lon="138.98132">
<ele>742.7</ele>
</trkpt>
<trkpt lat="35.4953" lon="138.98127">
<ele>742.9</ele>
</trkpt>
<trkpt lat="35.49527" lon="138.98123">
<ele>743.1</ele>
</trkpt>
<trkpt lat="35.49521" lon="138.98114">
<ele>743.6</ele>
</trkpt>
<trkpt lat="35.49519" lon="138.9811">
<ele>743.8</ele>
</trkpt>
<trkpt lat="35.49499" lon="138.9807999">
<ele>744.1</ele>
</trkpt>
<trkpt lat="35.49496" lon="138.98076">
<ele>744.1</ele>
</trkpt>
<trkpt lat="35.49489" lon="138.98065">
<ele>744.1</ele>
</trkpt>
<trkpt lat="35.49487" lon="138.98063">
<ele>744.0</ele>
</trkpt>
<trkpt lat="35.49469" lon="138.9803">
<ele>744.0</ele>
</trkpt>
<trkpt lat="35.49452" lon="138.97994">
<ele>743.8</ele>
</trkpt>
<trkpt lat="35.49448" lon="138.97986">
<ele>743.5</ele>
</trkpt>
<trkpt lat="35.49441" lon="138.97969">
<ele>743.0</ele>
</trkpt>
<trkpt lat="35.49434" lon="138.9795">
<ele>742.5</ele>
</trkpt>
<trkpt lat="35.49424" lon="138.97925">
<ele>741.8</ele>
</trkpt>
<trkpt lat="35.49422" lon="138.97921">
<ele>741.6</ele>
</trkpt>
<trkpt lat="35.49415" lon="138.97909">
<ele>741.4</ele>
</trkpt>
<trkpt lat="35.49409" lon="138.97895">
<ele>741.9</ele>
</trkpt>
<trkpt lat="35.49401" lon="138.9788">
<ele>742.3</ele>
</trkpt>
<trkpt lat="35.49393" lon="138.9786499">
<ele>742.7</ele>
</trkpt>
<trkpt lat="35.4938999" lon="138.97859">
<ele>742.9</ele>
</trkpt>
<trkpt lat="35.49381" lon="138.97841">
<ele>743.5</ele>
</trkpt>
<trkpt lat="35.49375" lon="138.97827">
<ele>744.3</ele>
</trkpt>
<trkpt lat="35.49372" lon="138.97817">
<ele>745.2</ele>
</trkpt>
<trkpt lat="35.49362" lon="138.97792">
<ele>746.9</ele>
</trkpt>
<trkpt lat="35.49358" lon="138.97782">
<ele>747.5</ele>
</trkpt>
<trkpt lat="35.49357" lon="138.97779">
<ele>747.7</ele>
</trkpt>
<trkpt lat="35.49355" lon="138.9777499">
<ele>747.8</ele>
</trkpt>
<trkpt lat="35.49353" lon="138.97771">
<ele>747.9</ele>
</trkpt>
<trkpt lat="35.4935" lon="138.9776599">
<ele>748.0</ele>
</trkpt>
<trkpt lat="35.49347" lon="138.97761">
<ele>748.1</ele>
</trkpt>
<trkpt lat="35.4934299" lon="138.97756">
<ele>748.0</ele>
</trkpt>
<trkpt lat="35.49339" lon="138.97751">
<ele>747.8</ele>
</trkpt>
<trkpt lat="35.49335" lon="138.97746">
<ele>748.2</ele>
</trkpt>
<trkpt lat="35.4933" lon="138.97741">
<ele>748.7</ele>
</trkpt>
<trkpt lat="35.4929599" lon="138.97708">
<ele>751.4</ele>
</trkpt>
<trkpt lat="35.4928" lon="138.97693">
<ele>751.6</ele>
</trkpt>
<trkpt lat="35.49274" lon="138.9768599">
<ele>751.7</ele>
</trkpt>
<trkpt lat="35.4927" lon="138.97681">
<ele>751.7</ele>
</trkpt>
<trkpt lat="35.4926699" lon="138.97676">
<ele>751.9</ele>
</trkpt>
<trkpt lat="35.49264" lon="138.97671">
<ele>752.1</ele>
</trkpt>
<trkpt lat="35.49259" lon="138.97662">
<ele>752.7</ele>
</trkpt>
<trkpt lat="35.49257" lon="138.97658">
<ele>753.1</ele>
</trkpt>
<trkpt lat="35.49255" lon="138.97654">
<ele>753.6</ele>
</trkpt>
<trkpt lat="35.49251" lon="138.97644">
<ele>754.8</ele>
</trkpt>
<trkpt lat="35.49228" lon="138.97594">
<ele>760.5</ele>
</trkpt>
<trkpt lat="35.49218" lon="138.97574">
<ele>760.9</ele>
</trkpt>
<trkpt lat="35.49213" lon="138.97562">
<ele>760.8</ele>
</trkpt>
<trkpt lat="35.49205" lon="138.97544">
<ele>760.6</ele>
</trkpt>
<trkpt lat="35.49201" lon="138.97536">
<ele>760.4</ele>
</trkpt>
<trkpt lat="35.49195" lon="138.97523">
<ele>760.2</ele>
</trkpt>
<trkpt lat="35.49193" lon="138.97519">
<ele>760.1</ele>
</trkpt>
<trkpt lat="35.49186" lon="138.97504">
<ele>759.8</ele>
</trkpt>
<trkpt lat="35.49186" lon="138.97502">
<ele>760.0</ele>
</trkpt>
<trkpt lat="35.49182" lon="138.97494">
<ele>759.6</ele>
</trkpt>
<trkpt lat="35.4918" lon="138.97487">
<ele>759.5</ele>
</trkpt>
<trkpt lat="35.49177" lon="138.97477">
<ele>759.3</ele>
</trkpt>
<trkpt lat="35.49172" lon="138.97459">
<ele>758.8</ele>
</trkpt>
<trkpt lat="35.49167" lon="138.97442">
<ele>758.2</ele>
</trkpt>
<trkpt lat="35.49167" lon="138.97441">
<ele>758.2</ele>
</trkpt>
<trkpt lat="35.4916399" lon="138.97433">
<ele>758.1</ele>
</trkpt>
<trkpt lat="35.49162" lon="138.97425">
<ele>758.2</ele>
</trkpt>
<trkpt lat="35.49162" lon="138.97423">
<ele>758.2</ele>
</trkpt>
<trkpt lat="35.49159" lon="138.97415">
<ele>758.2</ele>
</trkpt>
<trkpt lat="35.49158" lon="138.97409">
<ele>758.7</ele>
</trkpt>
<trkpt lat="35.4915499" lon="138.97402">
<ele>759.0</ele>
</trkpt>
<trkpt lat="35.49152" lon="138.97395">
<ele>759.2</ele>
</trkpt>
<trkpt lat="35.49151" lon="138.97392">
<ele>759.4</ele>
</trkpt>
<trkpt lat="35.49149" lon="138.97388">
<ele>759.5</ele>
</trkpt>
<trkpt lat="35.49147" lon="138.97384">
<ele>759.6</ele>
</trkpt>
<trkpt lat="35.49145" lon="138.9738">
<ele>759.7</ele>
</trkpt>
<trkpt lat="35.49142" lon="138.97376">
<ele>759.7</ele>
</trkpt>
<trkpt lat="35.49139" lon="138.97369">
<ele>759.9</ele>
</trkpt>
<trkpt lat="35.49133" lon="138.97361">
<ele>759.8</ele>
</trkpt>
<trkpt lat="35.49115" lon="138.97333">
<ele>759.6</ele>
</trkpt>
<trkpt lat="35.49107" lon="138.97323">
<ele>759.6</ele>
</trkpt>
<trkpt lat="35.49096" lon="138.97306">
<ele>759.7</ele>
</trkpt>
<trkpt lat="35.49091" lon="138.97299">
<ele>759.6</ele>
</trkpt>
<trkpt lat="35.4906" lon="138.97253">
<ele>760.8</ele>
</trkpt>
<trkpt lat="35.49049" lon="138.97237">
<ele>761.2</ele>
</trkpt>
<trkpt lat="35.49025" lon="138.972">
<ele>762.1</ele>
</trkpt>
<trkpt lat="35.49009" lon="138.97176">
<ele>762.3</ele>
</trkpt>
<trkpt lat="35.49008" lon="138.9717499">
<ele>762.2</ele>
</trkpt>
<trkpt lat="35.48998" lon="138.97159">
<ele>762.8</ele>
</trkpt>
<trkpt lat="35.4898" lon="138.97133">
<ele>764.8</ele>
</trkpt>
<trkpt lat="35.48975" lon="138.97125">
<ele>765.3</ele>
</trkpt>
<trkpt lat="35.48962" lon="138.97105">
<ele>766.3</ele>
</trkpt>
<trkpt lat="35.4891999" lon="138.97042">
<ele>766.9</ele>
</trkpt>
<trkpt lat="35.48918" lon="138.97039">
<ele>766.8</ele>
</trkpt>
<trkpt lat="35.4888199" lon="138.96985">
<ele>769.5</ele>
</trkpt>
<trkpt lat="35.48872" lon="138.9697">
<ele>770.5</ele>
</trkpt>
<trkpt lat="35.48866" lon="138.96959">
<ele>771.1</ele>
</trkpt>
<trkpt lat="35.48863" lon="138.96954">
<ele>771.2</ele>
</trkpt>
<trkpt lat="35.48862" lon="138.9695">
<ele>771.5</ele>
</trkpt>
<trkpt lat="35.48858" lon="138.96942">
<ele>771.7</ele>
</trkpt>
<trkpt lat="35.48857" lon="138.96941">
<ele>771.7</ele>
</trkpt>
<trkpt lat="35.48853" lon="138.9693">
<ele>772.0</ele>
</trkpt>
<trkpt lat="35.4885" lon="138.96922">
<ele>772.2</ele>
</trkpt>
<trkpt lat="35.48849" lon="138.96917">
<ele>772.4</ele>
</trkpt>
<trkpt lat="35.48845" lon="138.96905">
<ele>773.6</ele>
</trkpt>
<trkpt lat="35.48844" lon="138.96899">
<ele>774.3</ele>
</trkpt>
<trkpt lat="35.48842" lon="138.96891">
<ele>775.1</ele>
</trkpt>
<trkpt lat="35.48841" lon="138.96886">
<ele>775.6</ele>
</trkpt>
<trkpt lat="35.4884" lon="138.96881">
<ele>776.1</ele>
</trkpt>
<trkpt lat="35.48839" lon="138.96876">
<ele>776.6</ele>
</trkpt>
<trkpt lat="35.48837" lon="138.96864">
<ele>777.8</ele>
</trkpt>
<trkpt lat="35.48833" lon="138.96839">
<ele>780.2</ele>
</trkpt>
<trkpt lat="35.48831" lon="138.96827">
<ele>781.2</ele>
</trkpt>
<trkpt lat="35.48829" lon="138.96812">
<ele>782.1</ele>
</trkpt>
<trkpt lat="35.48827" lon="138.968">
<ele>782.7</ele>
</trkpt>
<trkpt lat="35.48822" lon="138.96771">
<ele>784.2</ele>
</trkpt>
<trkpt lat="35.48821" lon="138.96765">
<ele>784.5</ele>
</trkpt>
<trkpt lat="35.48819" lon="138.96756">
<ele>784.8</ele>
</trkpt>
<trkpt lat="35.48818" lon="138.96751">
<ele>785.0</ele>
</trkpt>
<trkpt lat="35.4881699" lon="138.96745">
<ele>786.3</ele>
</trkpt>
<trkpt lat="35.48816" lon="138.96741">
<ele>787.3</ele>
</trkpt>
<trkpt lat="35.48814" lon="138.96735">
<ele>788.6</ele>
</trkpt>
<trkpt lat="35.48811" lon="138.96726">
<ele>790.5</ele>
</trkpt>
<trkpt lat="35.48809" lon="138.96721">
<ele>791.4</ele>
</trkpt>
<trkpt lat="35.48802" lon="138.96705">
<ele>793.9</ele>
</trkpt>
<trkpt lat="35.48794" lon="138.96686">
<ele>796.5</ele>
</trkpt>
<trkpt lat="35.4878799" lon="138.96672">
<ele>797.9</ele>
</trkpt>
<trkpt lat="35.4878" lon="138.9665599">
<ele>799.9</ele>
</trkpt>
<trkpt lat="35.48776" lon="138.9664699">
<ele>801.3</ele>
</trkpt>
<trkpt lat="35.48771" lon="138.9663799">
<ele>802.4</ele>
</trkpt>
<trkpt lat="35.48768" lon="138.96633">
<ele>802.9</ele>
</trkpt>
<trkpt lat="35.48766" lon="138.9662899">
<ele>803.5</ele>
</trkpt>
<trkpt lat="35.48764" lon="138.96627">
<ele>803.4</ele>
</trkpt>
<trkpt lat="35.4876099" lon="138.96624">
<ele>803.3</ele>
</trkpt>
<trkpt lat="35.48758" lon="138.96621">
<ele>803.1</ele>
</trkpt>
<trkpt lat="35.48754" lon="138.96619">
<ele>802.3</ele>
</trkpt>
<trkpt lat="35.48749" lon="138.96616">
<ele>801.6</ele>
</trkpt>
<trkpt lat="35.48745" lon="138.96615">
<ele>801.2</ele>
</trkpt>
<trkpt lat="35.4874" lon="138.96614">
<ele>800.5</ele>
</trkpt>
<trkpt lat="35.48733" lon="138.96613">
<ele>799.4</ele>
</trkpt>
<trkpt lat="35.48713" lon="138.9661">
<ele>796.4</ele>
</trkpt>
<trkpt lat="35.48692" lon="138.96607">
<ele>793.0</ele>
</trkpt>
<trkpt lat="35.48682" lon="138.96605">
<ele>791.4</ele>
</trkpt>
<trkpt lat="35.4867599" lon="138.96604">
<ele>790.4</ele>
</trkpt>
<trkpt lat="35.4867" lon="138.96603">
<ele>789.4</ele>
</trkpt>
<trkpt lat="35.48665" lon="138.96601">
<ele>789.0</ele>
</trkpt>
<trkpt lat="35.48659" lon="138.96598">
<ele>789.0</ele>
</trkpt>
<trkpt lat="35.48656" lon="138.96596">
<ele>789.0</ele>
</trkpt>
<trkpt lat="35.48653" lon="138.96594">
<ele>789.1</ele>
</trkpt>
<trkpt lat="35.4865" lon="138.96592">
<ele>789.1</ele>
</trkpt>
<trkpt lat="35.48646" lon="138.96589">
<ele>789.2</ele>
</trkpt>
<trkpt lat="35.48642" lon="138.9658399">
<ele>789.6</ele>
</trkpt>
<trkpt lat="35.48641" lon="138.96582">
<ele>789.8</ele>
</trkpt>
<trkpt lat="35.4864" lon="138.96581">
<ele>789.8</ele>
</trkpt>
<trkpt lat="35.4863799" lon="138.96578">
<ele>789.9</ele>
</trkpt>
<trkpt lat="35.48637" lon="138.96576">
<ele>790.0</ele>
</trkpt>
<trkpt lat="35.48635" lon="138.96572">
<ele>790.2</ele>
</trkpt>
<trkpt lat="35.48634" lon="138.96569">
<ele>790.4</ele>
</trkpt>
<trkpt lat="35.4862899" lon="138.96557">
<ele>791.1</ele>
</trkpt>
<trkpt lat="35.4862899" lon="138.96556">
<ele>791.2</ele>
</trkpt>
<trkpt lat="35.48628" lon="138.96552">
<ele>791.5</ele>
</trkpt>
<trkpt lat="35.48626" lon="138.96546">
<ele>791.9</ele>
</trkpt>
<trkpt lat="35.48624" lon="138.96542">
<ele>792.0</ele>
</trkpt>
<trkpt lat="35.48624" lon="138.96539">
<ele>792.4</ele>
</trkpt>
<trkpt lat="35.48623" lon="138.96536">
<ele>792.6</ele>
</trkpt>
<trkpt lat="35.48617" lon="138.96519">
<ele>793.4</ele>
</trkpt>
<trkpt lat="35.48616" lon="138.96517">
<ele>793.4</ele>
</trkpt>
<trkpt lat="35.48613" lon="138.96506">
<ele>794.1</ele>
</trkpt>
<trkpt lat="35.4861099" lon="138.965">
<ele>794.3</ele>
</trkpt>
<trkpt lat="35.4861" lon="138.96498">
<ele>794.4</ele>
</trkpt>
<trkpt lat="35.48609" lon="138.96493">
<ele>794.9</ele>
</trkpt>
<trkpt lat="35.48608" lon="138.96483">
<ele>796.0</ele>
</trkpt>
<trkpt lat="35.48607" lon="138.96479">
<ele>796.3</ele>
</trkpt>
<trkpt lat="35.48603" lon="138.96457">
<ele>798.3</ele>
</trkpt>
<trkpt lat="35.48603" lon="138.96453">
<ele>798.8</ele>
</trkpt>
<trkpt lat="35.486" lon="138.96439">
<ele>799.8</ele>
</trkpt>
<trkpt lat="35.48599" lon="138.96435">
<ele>800.1</ele>
</trkpt>
<trkpt lat="35.48598" lon="138.96427">
<ele>800.8</ele>
</trkpt>
<trkpt lat="35.48595" lon="138.96416">
<ele>801.3</ele>
</trkpt>
<trkpt lat="35.48595" lon="138.9641399">
<ele>801.7</ele>
</trkpt>
<trkpt lat="35.4859" lon="138.96394">
<ele>803.8</ele>
</trkpt>
<trkpt lat="35.4859" lon="138.96393">
<ele>804.0</ele>
</trkpt>
<trkpt lat="35.48586" lon="138.96379">
<ele>805.2</ele>
</trkpt>
<trkpt lat="35.48586" lon="138.96376">
<ele>805.7</ele>
</trkpt>
<trkpt lat="35.48585" lon="138.96372">
<ele>806.1</ele>
</trkpt>
<trkpt lat="35.48584" lon="138.96368">
<ele>806.4</ele>
</trkpt>
<trkpt lat="35.48579" lon="138.9635">
<ele>808.1</ele>
</trkpt>
<trkpt lat="35.48574" lon="138.96331">
<ele>809.8</ele>
</trkpt>
<trkpt lat="35.48574" lon="138.96329">
<ele>810.2</ele>
</trkpt>
<trkpt lat="35.48569" lon="138.96308">
<ele>812.9</ele>
</trkpt>
<trkpt lat="35.48567" lon="138.96303">
<ele>813.3</ele>
</trkpt>
<trkpt lat="35.48565" lon="138.96296">
<ele>814.0</ele>
</trkpt>
<trkpt lat="35.48562" lon="138.96287">
<ele>814.7</ele>
</trkpt>
<trkpt lat="35.48558" lon="138.96279">
<ele>814.9</ele>
</trkpt>
<trkpt lat="35.48554" lon="138.96273">
<ele>814.5</ele>
</trkpt>
<trkpt lat="35.4855" lon="138.96266">
<ele>814.4</ele>
</trkpt>
<trkpt lat="35.48543" lon="138.96257">
<ele>813.3</ele>
</trkpt>
<trkpt lat="35.48538" lon="138.96252">
<ele>812.3</ele>
</trkpt>
<trkpt lat="35.4853" lon="138.96243">
<ele>810.4</ele>
</trkpt>
<trkpt lat="35.4852599" lon="138.96239">
<ele>809.5</ele>
</trkpt>
<trkpt lat="35.48522" lon="138.9623499">
<ele>808.6</ele>
</trkpt>
<trkpt lat="35.48508" lon="138.96222">
<ele>805.7</ele>
</trkpt>
<trkpt lat="35.4849699" lon="138.9621">
<ele>804.8</ele>
</trkpt>
<trkpt lat="35.48494" lon="138.96207">
<ele>804.9</ele>
</trkpt>
<trkpt lat="35.48482" lon="138.96194">
<ele>805.3</ele>
</trkpt>
<trkpt lat="35.48471" lon="138.96183">
<ele>805.1</ele>
</trkpt>
<trkpt lat="35.48465" lon="138.96177">
<ele>804.9</ele>
</trkpt>
<trkpt lat="35.48453" lon="138.96165">
<ele>804.5</ele>
</trkpt>
<trkpt lat="35.48445" lon="138.96156">
<ele>805.4</ele>
</trkpt>
<trkpt lat="35.48437" lon="138.96148">
<ele>805.6</ele>
</trkpt>
<trkpt lat="35.4843199" lon="138.96143">
<ele>805.7</ele>
</trkpt>
<trkpt lat="35.4843" lon="138.96141">
<ele>805.6</ele>
</trkpt>
<trkpt lat="35.48422" lon="138.96134">
<ele>805.1</ele>
</trkpt>
<trkpt lat="35.4842" lon="138.96132">
<ele>805.0</ele>
</trkpt>
<trkpt lat="35.48412" lon="138.96126">
<ele>804.9</ele>
</trkpt>
<trkpt lat="35.48404" lon="138.96121">
<ele>805.1</ele>
</trkpt>
<trkpt lat="35.48399" lon="138.96117">
<ele>805.3</ele>
</trkpt>
<trkpt lat="35.4839" lon="138.96111">
<ele>805.4</ele>
</trkpt>
<trkpt lat="35.48388" lon="138.9610999">
<ele>805.3</ele>
</trkpt>
<trkpt lat="35.48381" lon="138.96106">
<ele>805.1</ele>
</trkpt>
<trkpt lat="35.48374" lon="138.96103">
<ele>804.7</ele>
</trkpt>
<trkpt lat="35.4836699" lon="138.961">
<ele>804.2</ele>
</trkpt>
<trkpt lat="35.48358" lon="138.96097">
<ele>803.3</ele>
</trkpt>
<trkpt lat="35.48354" lon="138.96095">
<ele>803.0</ele>
</trkpt>
<trkpt lat="35.48328" lon="138.9608299">
<ele>801.1</ele>
</trkpt>
<trkpt lat="35.48318" lon="138.96078">
<ele>802.0</ele>
</trkpt>
<trkpt lat="35.48308" lon="138.9607399">
<ele>802.6</ele>
</trkpt>
<trkpt lat="35.48305" lon="138.96071">
<ele>803.1</ele>
</trkpt>
<trkpt lat="35.48303" lon="138.96071">
<ele>803.0</ele>
</trkpt>
<trkpt lat="35.4829999" lon="138.96068">
<ele>803.5</ele>
</trkpt>
<trkpt lat="35.48297" lon="138.96066">
<ele>803.7</ele>
</trkpt>
<trkpt lat="35.48295" lon="138.96064">
<ele>804.0</ele>
</trkpt>
<trkpt lat="35.48292" lon="138.9606">
<ele>804.5</ele>
</trkpt>
<trkpt lat="35.48289" lon="138.96055">
<ele>805.1</ele>
</trkpt>
<trkpt lat="35.48285" lon="138.96048">
<ele>806.0</ele>
</trkpt>
<trkpt lat="35.48278" lon="138.96031">
<ele>807.9</ele>
</trkpt>
<trkpt lat="35.48271" lon="138.96017">
<ele>809.2</ele>
</trkpt>
<trkpt lat="35.48268" lon="138.9601">
<ele>809.7</ele>
</trkpt>
<trkpt lat="35.48264" lon="138.96001">
<ele>810.4</ele>
</trkpt>
<trkpt lat="35.4826" lon="138.95994">
<ele>810.8</ele>
</trkpt>
<trkpt lat="35.48257" lon="138.95989">
<ele>811.0</ele>
</trkpt>
<trkpt lat="35.48256" lon="138.95989">
<ele>810.9</ele>
</trkpt>
<trkpt lat="35.48252" lon="138.95982">
<ele>811.2</ele>
</trkpt>
<trkpt lat="35.4824399" lon="138.95973">
<ele>812.1</ele>
</trkpt>
<trkpt lat="35.48236" lon="138.95964">
<ele>813.1</ele>
</trkpt>
<trkpt lat="35.48223" lon="138.95948">
<ele>814.7</ele>
</trkpt>
<trkpt lat="35.48217" lon="138.95942">
<ele>815.2</ele>
</trkpt>
<trkpt lat="35.48209" lon="138.95933">
<ele>815.8</ele>
</trkpt>
<trkpt lat="35.48206" lon="138.9593">
<ele>816.0</ele>
</trkpt>
<trkpt lat="35.48186" lon="138.95907">
<ele>818.1</ele>
</trkpt>
<trkpt lat="35.48178" lon="138.95898">
<ele>819.4</ele>
</trkpt>
<trkpt lat="35.48174" lon="138.95893">
<ele>820.1</ele>
</trkpt>
<trkpt lat="35.4816999" lon="138.95889">
<ele>820.7</ele>
</trkpt>
<trkpt lat="35.48158" lon="138.9587699">
<ele>822.6</ele>
</trkpt>
<trkpt lat="35.48151" lon="138.95871">
<ele>823.5</ele>
</trkpt>
<trkpt lat="35.48145" lon="138.95866">
<ele>824.0</ele>
</trkpt>
<trkpt lat="35.4814099" lon="138.95863">
<ele>824.3</ele>
</trkpt>
<trkpt lat="35.48134" lon="138.95858">
<ele>824.6</ele>
</trkpt>
<trkpt lat="35.4813" lon="138.95856">
<ele>824.7</ele>
</trkpt>
<trkpt lat="35.48111" lon="138.95844">
<ele>824.6</ele>
</trkpt>
<trkpt lat="35.48109" lon="138.95843">
<ele>824.6</ele>
</trkpt>
<trkpt lat="35.48095" lon="138.95833">
<ele>824.1</ele>
</trkpt>
<trkpt lat="35.48087" lon="138.95829">
<ele>824.7</ele>
</trkpt>
<trkpt lat="35.48074" lon="138.95819">
<ele>827.0</ele>
</trkpt>
<trkpt lat="35.48069" lon="138.95817">
<ele>827.2</ele>
</trkpt>
<trkpt lat="35.48065" lon="138.95815">
<ele>827.4</ele>
</trkpt>
<trkpt lat="35.48054" lon="138.95811">
<ele>827.5</ele>
</trkpt>
<trkpt lat="35.48052" lon="138.9581">
<ele>827.5</ele>
</trkpt>
<trkpt lat="35.48023" lon="138.95801">
<ele>825.8</ele>
</trkpt>
<trkpt lat="35.48017" lon="138.95799">
<ele>825.3</ele>
</trkpt>
<trkpt lat="35.48011" lon="138.95797">
<ele>824.7</ele>
</trkpt>
<trkpt lat="35.48005" lon="138.95795">
<ele>824.0</ele>
</trkpt>
<trkpt lat="35.48001" lon="138.95793">
<ele>823.6</ele>
</trkpt>
<trkpt lat="35.4799999" lon="138.95793">
<ele>823.4</ele>
</trkpt>
<trkpt lat="35.47999" lon="138.95792">
<ele>823.6</ele>
</trkpt>
<trkpt lat="35.47996" lon="138.9579">
<ele>824.0</ele>
</trkpt>
<trkpt lat="35.47993" lon="138.95788">
<ele>824.3</ele>
</trkpt>
<trkpt lat="35.4799099" lon="138.95785">
<ele>824.6</ele>
</trkpt>
<trkpt lat="35.47988" lon="138.95781">
<ele>825.0</ele>
</trkpt>
<trkpt lat="35.47985" lon="138.95778">
<ele>825.2</ele>
</trkpt>
<trkpt lat="35.47981" lon="138.95773">
<ele>825.5</ele>
</trkpt>
<trkpt lat="35.47976" lon="138.95763">
<ele>825.7</ele>
</trkpt>
<trkpt lat="35.47975" lon="138.95762">
<ele>825.8</ele>
</trkpt>
<trkpt lat="35.47972" lon="138.95757">
<ele>825.8</ele>
</trkpt>
<trkpt lat="35.47968" lon="138.95749">
<ele>825.8</ele>
</trkpt>
<trkpt lat="35.47962" lon="138.95737">
<ele>827.2</ele>
</trkpt>
<trkpt lat="35.47954" lon="138.95722">
<ele>828.3</ele>
</trkpt>
<trkpt lat="35.47947" lon="138.95708">
<ele>828.8</ele>
</trkpt>
<trkpt lat="35.47943" lon="138.957">
<ele>828.9</ele>
</trkpt>
<trkpt lat="35.47941" lon="138.95696">
<ele>828.9</ele>
</trkpt>
<trkpt lat="35.47938" lon="138.95691">
<ele>828.7</ele>
</trkpt>
<trkpt lat="35.47931" lon="138.95679">
<ele>828.0</ele>
</trkpt>
<trkpt lat="35.4792599" lon="138.95667">
<ele>827.2</ele>
</trkpt>
<trkpt lat="35.47924" lon="138.95664">
<ele>827.0</ele>
</trkpt>
<trkpt lat="35.47922" lon="138.9566">
<ele>826.8</ele>
</trkpt>
<trkpt lat="35.47919" lon="138.95654">
<ele>826.5</ele>
</trkpt>
<trkpt lat="35.47917" lon="138.95649">
<ele>826.4</ele>
</trkpt>
<trkpt lat="35.47915" lon="138.95645">
<ele>826.8</ele>
</trkpt>
<trkpt lat="35.47913" lon="138.9564">
<ele>827.5</ele>
</trkpt>
<trkpt lat="35.47912" lon="138.9563499">
<ele>828.0</ele>
</trkpt>
<trkpt lat="35.4791" lon="138.95628">
<ele>828.8</ele>
</trkpt>
<trkpt lat="35.47909" lon="138.95625">
<ele>829.1</ele>
</trkpt>
<trkpt lat="35.47909" lon="138.95621">
<ele>829.4</ele>
</trkpt>
<trkpt lat="35.47907" lon="138.95606">
<ele>830.7</ele>
</trkpt>
<trkpt lat="35.47905" lon="138.95589">
<ele>832.0</ele>
</trkpt>
<trkpt lat="35.47901" lon="138.95557">
<ele>834.8</ele>
</trkpt>
<trkpt lat="35.479" lon="138.95553">
<ele>835.1</ele>
</trkpt>
<trkpt lat="35.47894" lon="138.95505">
<ele>838.4</ele>
</trkpt>
<trkpt lat="35.47892" lon="138.95481">
<ele>840.3</ele>
</trkpt>
<trkpt lat="35.47891" lon="138.95475">
<ele>840.8</ele>
</trkpt>
<trkpt lat="35.47887" lon="138.95443">
<ele>843.0</ele>
</trkpt>
<trkpt lat="35.47886" lon="138.95437">
<ele>843.3</ele>
</trkpt>
<trkpt lat="35.47886" lon="138.95432">
<ele>843.7</ele>
</trkpt>
<trkpt lat="35.47884" lon="138.95423">
<ele>844.1</ele>
</trkpt>
<trkpt lat="35.47877" lon="138.95406">
<ele>844.2</ele>
</trkpt>
<trkpt lat="35.47876" lon="138.95402">
<ele>844.3</ele>
</trkpt>
<trkpt lat="35.47871" lon="138.95391">
<ele>844.2</ele>
</trkpt>
<trkpt lat="35.47867" lon="138.95383">
<ele>844.0</ele>
</trkpt>
<trkpt lat="35.47863" lon="138.95373">
<ele>843.9</ele>
</trkpt>
<trkpt lat="35.47858" lon="138.95359">
<ele>843.7</ele>
</trkpt>
<trkpt lat="35.47851" lon="138.95343">
<ele>842.9</ele>
</trkpt>
<trkpt lat="35.47846" lon="138.95329">
<ele>843.0</ele>
</trkpt>
<trkpt lat="35.47838" lon="138.95311">
<ele>844.2</ele>
</trkpt>
<trkpt lat="35.47828" lon="138.95287">
<ele>847.1</ele>
</trkpt>
<trkpt lat="35.47822" lon="138.95271">
<ele>849.3</ele>
</trkpt>
<trkpt lat="35.47814" lon="138.95252">
<ele>851.4</ele>
</trkpt>
<trkpt lat="35.47809" lon="138.9524099">
<ele>852.9</ele>
</trkpt>
<trkpt lat="35.47807" lon="138.95235">
<ele>853.8</ele>
</trkpt>
<trkpt lat="35.47799" lon="138.95218">
<ele>856.2</ele>
</trkpt>
<trkpt lat="35.47797" lon="138.95212">
<ele>857.0</ele>
</trkpt>
<trkpt lat="35.47791" lon="138.95201">
<ele>858.3</ele>
</trkpt>
<trkpt lat="35.47789" lon="138.95197">
<ele>858.8</ele>
</trkpt>
<trkpt lat="35.47787" lon="138.95195">
<ele>858.8</ele>
</trkpt>
<trkpt lat="35.4778499" lon="138.95191">
<ele>859.3</ele>
</trkpt>
<trkpt lat="35.47781" lon="138.95186">
<ele>859.6</ele>
</trkpt>
<trkpt lat="35.47778" lon="138.95183">
<ele>859.7</ele>
</trkpt>
<trkpt lat="35.47775" lon="138.9518">
<ele>859.8</ele>
</trkpt>
<trkpt lat="35.47768" lon="138.95175">
<ele>859.5</ele>
</trkpt>
<trkpt lat="35.47761" lon="138.9517">
<ele>859.3</ele>
</trkpt>
<trkpt lat="35.47752" lon="138.95167">
<ele>858.3</ele>
</trkpt>
<trkpt lat="35.47745" lon="138.95166">
<ele>858.1</ele>
</trkpt>
<trkpt lat="35.47737" lon="138.95166">
<ele>857.8</ele>
</trkpt>
<trkpt lat="35.47735" lon="138.95166">
<ele>857.7</ele>
</trkpt>
<trkpt lat="35.47716" lon="138.95166">
<ele>857.0</ele>
</trkpt>
<trkpt lat="35.47707" lon="138.95166">
<ele>856.7</ele>
</trkpt>
<trkpt lat="35.47703" lon="138.95166">
<ele>856.5</ele>
</trkpt>
<trkpt lat="35.47695" lon="138.95167">
<ele>856.0</ele>
</trkpt>
<trkpt lat="35.47681" lon="138.95166">
<ele>855.7</ele>
</trkpt>
<trkpt lat="35.47667" lon="138.95165">
<ele>855.5</ele>
</trkpt>
<trkpt lat="35.47656" lon="138.95165">
<ele>856.5</ele>
</trkpt>
<trkpt lat="35.47651" lon="138.95165">
<ele>856.9</ele>
</trkpt>
<trkpt lat="35.47646" lon="138.95164">
<ele>857.6</ele>
</trkpt>
<trkpt lat="35.47645" lon="138.95164">
<ele>857.7</ele>
</trkpt>
<trkpt lat="35.47642" lon="138.95163">
<ele>858.2</ele>
</trkpt>
<trkpt lat="35.47638" lon="138.95163">
<ele>858.5</ele>
</trkpt>
<trkpt lat="35.47633" lon="138.9516099">
<ele>859.3</ele>
</trkpt>
<trkpt lat="35.47627" lon="138.9516">
<ele>860.0</ele>
</trkpt>
<trkpt lat="35.47627" lon="138.95159">
<ele>860.1</ele>
</trkpt>
<trkpt lat="35.47622" lon="138.95158">
<ele>860.7</ele>
</trkpt>
<trkpt lat="35.47616" lon="138.95155">
<ele>861.5</ele>
</trkpt>
<trkpt lat="35.47612" lon="138.95153">
<ele>862.0</ele>
</trkpt>
<trkpt lat="35.4760599" lon="138.95149">
<ele>862.7</ele>
</trkpt>
<trkpt lat="35.47603" lon="138.95146">
<ele>863.1</ele>
</trkpt>
<trkpt lat="35.47595" lon="138.9514">
<ele>863.8</ele>
</trkpt>
<trkpt lat="35.47587" lon="138.95131">
<ele>864.3</ele>
</trkpt>
<trkpt lat="35.47575" lon="138.95118">
<ele>865.1</ele>
</trkpt>
<trkpt lat="35.4757" lon="138.95113">
<ele>865.3</ele>
</trkpt>
<trkpt lat="35.47567" lon="138.95109">
<ele>865.4</ele>
</trkpt>
<trkpt lat="35.47563" lon="138.95105">
<ele>865.4</ele>
</trkpt>
<trkpt lat="35.47557" lon="138.95099">
<ele>865.4</ele>
</trkpt>
<trkpt lat="35.47554" lon="138.95095">
<ele>865.3</ele>
</trkpt>
<trkpt lat="35.47548" lon="138.9509">
<ele>865.0</ele>
</trkpt>
<trkpt lat="35.47543" lon="138.95084">
<ele>864.6</ele>
</trkpt>
<trkpt lat="35.4754" lon="138.95082">
<ele>864.8</ele>
</trkpt>
<trkpt lat="35.47535" lon="138.95077">
<ele>866.0</ele>
</trkpt>
<trkpt lat="35.4753" lon="138.95073">
<ele>867.0</ele>
</trkpt>
<trkpt lat="35.47526" lon="138.9507">
<ele>867.7</ele>
</trkpt>
<trkpt lat="35.4752" lon="138.95068">
<ele>868.0</ele>
</trkpt>
<trkpt lat="35.47511" lon="138.95063">
<ele>869.2</ele>
</trkpt>
<trkpt lat="35.47509" lon="138.9506199">
<ele>869.4</ele>
</trkpt>
<trkpt lat="35.47504" lon="138.95061">
<ele>869.5</ele>
</trkpt>
<trkpt lat="35.47498" lon="138.95059">
<ele>870.1</ele>
</trkpt>
<trkpt lat="35.47483" lon="138.95056">
<ele>871.5</ele>
</trkpt>
<trkpt lat="35.47481" lon="138.95055">
<ele>871.8</ele>
</trkpt>
<trkpt lat="35.47476" lon="138.95054">
<ele>872.3</ele>
</trkpt>
<trkpt lat="35.47467" lon="138.95052">
<ele>873.2</ele>
</trkpt>
<trkpt lat="35.47455" lon="138.9505">
<ele>874.1</ele>
</trkpt>
<trkpt lat="35.47452" lon="138.95049">
<ele>874.5</ele>
</trkpt>
<trkpt lat="35.47443" lon="138.95047">
<ele>875.3</ele>
</trkpt>
<trkpt lat="35.4743799" lon="138.95046">
<ele>875.7</ele>
</trkpt>
<trkpt lat="35.4742" lon="138.95042">
<ele>877.3</ele>
</trkpt>
<trkpt lat="35.47413" lon="138.95039">
<ele>877.9</ele>
</trkpt>
<trkpt lat="35.4740899" lon="138.95037">
<ele>878.1</ele>
</trkpt>
<trkpt lat="35.47407" lon="138.9503499">
<ele>878.4</ele>
</trkpt>
<trkpt lat="35.47404" lon="138.95032">
<ele>878.8</ele>
</trkpt>
<trkpt lat="35.47402" lon="138.9503">
<ele>879.0</ele>
</trkpt>
<trkpt lat="35.47396" lon="138.95023">
<ele>879.6</ele>
</trkpt>
<trkpt lat="35.47393" lon="138.95017">
<ele>880.2</ele>
</trkpt>
<trkpt lat="35.4739099" lon="138.95012">
<ele>880.6</ele>
</trkpt>
<trkpt lat="35.47389" lon="138.95006">
<ele>881.2</ele>
</trkpt>
<trkpt lat="35.47387" lon="138.94996">
<ele>882.4</ele>
</trkpt>
<trkpt lat="35.47385" lon="138.94988">
<ele>883.6</ele>
</trkpt>
<trkpt lat="35.47384" lon="138.94979">
<ele>885.1</ele>
</trkpt>
<trkpt lat="35.47381" lon="138.94969">
<ele>886.4</ele>
</trkpt>
<trkpt lat="35.4738" lon="138.94967">
<ele>886.5</ele>
</trkpt>
<trkpt lat="35.47379" lon="138.94961">
<ele>887.4</ele>
</trkpt>
<trkpt lat="35.47375" lon="138.94952">
<ele>887.9</ele>
</trkpt>
<trkpt lat="35.47373" lon="138.9494599">
<ele>888.4</ele>
</trkpt>
<trkpt lat="35.4737099" lon="138.94942">
<ele>888.6</ele>
</trkpt>
<trkpt lat="35.47367" lon="138.94934">
<ele>888.7</ele>
</trkpt>
<trkpt lat="35.47367" lon="138.94933">
<ele>888.9</ele>
</trkpt>
<trkpt lat="35.47364" lon="138.94929">
<ele>888.6</ele>
</trkpt>
<trkpt lat="35.4736" lon="138.94924">
<ele>888.1</ele>
</trkpt>
<trkpt lat="35.47347" lon="138.94907">
<ele>886.2</ele>
</trkpt>
<trkpt lat="35.47338" lon="138.94897">
<ele>884.8</ele>
</trkpt>
<trkpt lat="35.47332" lon="138.9489">
<ele>884.5</ele>
</trkpt>
<trkpt lat="35.47325" lon="138.94882">
<ele>886.0</ele>
</trkpt>
<trkpt lat="35.4732399" lon="138.94881">
<ele>886.2</ele>
</trkpt>
<trkpt lat="35.4731499" lon="138.9487">
<ele>887.8</ele>
</trkpt>
<trkpt lat="35.47312" lon="138.94867">
<ele>888.2</ele>
</trkpt>
<trkpt lat="35.47307" lon="138.9486">
<ele>888.9</ele>
</trkpt>
<trkpt lat="35.47301" lon="138.94852">
<ele>889.7</ele>
</trkpt>
<trkpt lat="35.47298" lon="138.94848">
<ele>890.0</ele>
</trkpt>
<trkpt lat="35.47296" lon="138.94844">
<ele>890.3</ele>
</trkpt>
<trkpt lat="35.47294" lon="138.9484">
<ele>890.5</ele>
</trkpt>
<trkpt lat="35.4729" lon="138.94834">
<ele>890.8</ele>
</trkpt>
<trkpt lat="35.47288" lon="138.94828">
<ele>891.6</ele>
</trkpt>
<trkpt lat="35.47286" lon="138.94823">
<ele>892.2</ele>
</trkpt>
<trkpt lat="35.47284" lon="138.94815">
<ele>893.3</ele>
</trkpt>
<trkpt lat="35.47282" lon="138.94811">
<ele>893.7</ele>
</trkpt>
<trkpt lat="35.47281" lon="138.94808">
<ele>894.0</ele>
</trkpt>
<trkpt lat="35.4728" lon="138.948">
<ele>895.0</ele>
</trkpt>
<trkpt lat="35.47279" lon="138.94796">
<ele>895.4</ele>
</trkpt>
<trkpt lat="35.47278" lon="138.94784">
<ele>896.9</ele>
</trkpt>
<trkpt lat="35.47276" lon="138.94771">
<ele>898.3</ele>
</trkpt>
<trkpt lat="35.47271" lon="138.94744">
<ele>901.1</ele>
</trkpt>
<trkpt lat="35.47269" lon="138.94734">
<ele>902.6</ele>
</trkpt>
<trkpt lat="35.4726799" lon="138.9473099">
<ele>903.0</ele>
</trkpt>
<trkpt lat="35.47267" lon="138.94726">
<ele>903.7</ele>
</trkpt>
<trkpt lat="35.47264" lon="138.94719">
<ele>904.3</ele>
</trkpt>
<trkpt lat="35.47262" lon="138.94711">
<ele>905.3</ele>
</trkpt>
<trkpt lat="35.47261" lon="138.94711">
<ele>905.0</ele>
</trkpt>
<trkpt lat="35.4725899" lon="138.94706">
<ele>905.3</ele>
</trkpt>
<trkpt lat="35.47257" lon="138.94701">
<ele>905.7</ele>
</trkpt>
<trkpt lat="35.47253" lon="138.9469499">
<ele>905.6</ele>
</trkpt>
<trkpt lat="35.47252" lon="138.94692">
<ele>905.8</ele>
</trkpt>
<trkpt lat="35.4724999" lon="138.9469">
<ele>905.5</ele>
</trkpt>
<trkpt lat="35.47248" lon="138.94687">
<ele>905.8</ele>
</trkpt>
<trkpt lat="35.47245" lon="138.94684">
<ele>905.9</ele>
</trkpt>
<trkpt lat="35.47241" lon="138.94679">
<ele>906.2</ele>
</trkpt>
<trkpt lat="35.47239" lon="138.9467699">
<ele>906.2</ele>
</trkpt>
<trkpt lat="35.47233" lon="138.9467">
<ele>906.1</ele>
</trkpt>
<trkpt lat="35.47227" lon="138.94663">
<ele>906.3</ele>
</trkpt>
<trkpt lat="35.47225" lon="138.94662">
<ele>906.2</ele>
</trkpt>
<trkpt lat="35.47222" lon="138.94658">
<ele>906.6</ele>
</trkpt>
<trkpt lat="35.47216" lon="138.94652">
<ele>906.9</ele>
</trkpt>
<trkpt lat="35.47211" lon="138.94648">
<ele>906.9</ele>
</trkpt>
<trkpt lat="35.47208" lon="138.94647">
<ele>906.5</ele>
</trkpt>
<trkpt lat="35.47202" lon="138.94644">
<ele>905.9</ele>
</trkpt>
<trkpt lat="35.47192" lon="138.94639">
<ele>905.0</ele>
</trkpt>
<trkpt lat="35.47175" lon="138.94629">
<ele>903.5</ele>
</trkpt>
<trkpt lat="35.47168" lon="138.94626">
<ele>902.6</ele>
</trkpt>
<trkpt lat="35.47168" lon="138.94625">
<ele>902.8</ele>
</trkpt>
<trkpt lat="35.47158" lon="138.9462">
<ele>903.5</ele>
</trkpt>
<trkpt lat="35.47152" lon="138.94617">
<ele>903.9</ele>
</trkpt>
<trkpt lat="35.47143" lon="138.94612">
<ele>904.5</ele>
</trkpt>
<trkpt lat="35.47137" lon="138.94607">
<ele>905.0</ele>
</trkpt>
<trkpt lat="35.47136" lon="138.94606">
<ele>905.1</ele>
</trkpt>
<trkpt lat="35.47132" lon="138.94603">
<ele>905.2</ele>
</trkpt>
<trkpt lat="35.47128" lon="138.94598">
<ele>905.6</ele>
</trkpt>
<trkpt lat="35.47124" lon="138.94593">
<ele>905.8</ele>
</trkpt>
<trkpt lat="35.47123" lon="138.94591">
<ele>905.9</ele>
</trkpt>
<trkpt lat="35.47121" lon="138.94587">
<ele>906.1</ele>
</trkpt>
<trkpt lat="35.47119" lon="138.94583">
<ele>906.3</ele>
</trkpt>
<trkpt lat="35.47117" lon="138.94578">
<ele>906.9</ele>
</trkpt>
<trkpt lat="35.47115" lon="138.94572">
<ele>907.6</ele>
</trkpt>
<trkpt lat="35.47113" lon="138.94568">
<ele>907.9</ele>
</trkpt>
<trkpt lat="35.47111" lon="138.94557">
<ele>909.2</ele>
</trkpt>
<trkpt lat="35.47105" lon="138.94533">
<ele>910.9</ele>
</trkpt>
<trkpt lat="35.47099" lon="138.94506">
<ele>912.0</ele>
</trkpt>
<trkpt lat="35.4709" lon="138.94466">
<ele>915.3</ele>
</trkpt>
<trkpt lat="35.47089" lon="138.94461">
<ele>915.9</ele>
</trkpt>
<trkpt lat="35.47085" lon="138.94445">
<ele>917.3</ele>
</trkpt>
<trkpt lat="35.47082" lon="138.94432">
<ele>919.0</ele>
</trkpt>
<trkpt lat="35.4707999" lon="138.94427">
<ele>919.7</ele>
</trkpt>
<trkpt lat="35.47079" lon="138.94424">
<ele>920.2</ele>
</trkpt>
<trkpt lat="35.47077" lon="138.9442">
<ele>920.7</ele>
</trkpt>
<trkpt lat="35.47076" lon="138.94419">
<ele>920.8</ele>
</trkpt>
<trkpt lat="35.47075" lon="138.94417">
<ele>921.0</ele>
</trkpt>
<trkpt lat="35.47065" lon="138.94403">
<ele>922.8</ele>
</trkpt>
<trkpt lat="35.47064" lon="138.94402">
<ele>922.9</ele>
</trkpt>
<trkpt lat="35.47057" lon="138.94392">
<ele>924.1</ele>
</trkpt>
<trkpt lat="35.47052" lon="138.94386">
<ele>924.7</ele>
</trkpt>
<trkpt lat="35.47048" lon="138.94381">
<ele>925.3</ele>
</trkpt>
<trkpt lat="35.4704" lon="138.9437">
<ele>926.5</ele>
</trkpt>
<trkpt lat="35.47033" lon="138.94361">
<ele>927.5</ele>
</trkpt>
<trkpt lat="35.47031" lon="138.94358">
<ele>927.9</ele>
</trkpt>
<trkpt lat="35.47029" lon="138.9435499">
<ele>928.2</ele>
</trkpt>
<trkpt lat="35.47028" lon="138.94354">
<ele>928.3</ele>
</trkpt>
<trkpt lat="35.47026" lon="138.94351">
<ele>928.7</ele>
</trkpt>
<trkpt lat="35.47023" lon="138.94349">
<ele>928.7</ele>
</trkpt>
<trkpt lat="35.4702" lon="138.94347">
<ele>928.7</ele>
</trkpt>
<trkpt lat="35.47018" lon="138.94345">
<ele>928.9</ele>
</trkpt>
<trkpt lat="35.4701499" lon="138.94344">
<ele>928.7</ele>
</trkpt>
<trkpt lat="35.47013" lon="138.94343">
<ele>928.7</ele>
</trkpt>
<trkpt lat="35.47009" lon="138.94342">
<ele>928.4</ele>
</trkpt>
<trkpt lat="35.47007" lon="138.94342">
<ele>928.2</ele>
</trkpt>
<trkpt lat="35.47004" lon="138.94342">
<ele>927.8</ele>
</trkpt>
<trkpt lat="35.46998" lon="138.94342">
<ele>927.7</ele>
</trkpt>
<trkpt lat="35.46996" lon="138.94343">
<ele>927.8</ele>
</trkpt>
<trkpt lat="35.46993" lon="138.94344">
<ele>928.0</ele>
</trkpt>
<trkpt lat="35.4699" lon="138.94345">
<ele>928.3</ele>
</trkpt>
<trkpt lat="35.46989" lon="138.94345">
<ele>928.5</ele>
</trkpt>
<trkpt lat="35.46986" lon="138.94347">
<ele>928.5</ele>
</trkpt>
<trkpt lat="35.46983" lon="138.94348">
<ele>928.8</ele>
</trkpt>
<trkpt lat="35.4698" lon="138.9435">
<ele>928.8</ele>
</trkpt>
<trkpt lat="35.46969" lon="138.94356">
<ele>929.1</ele>
</trkpt>
<trkpt lat="35.46964" lon="138.94358">
<ele>929.4</ele>
</trkpt>
<trkpt lat="35.4694999" lon="138.94365">
<ele>929.7</ele>
</trkpt>
<trkpt lat="35.46941" lon="138.9437">
<ele>929.7</ele>
</trkpt>
<trkpt lat="35.46928" lon="138.94377">
<ele>929.5</ele>
</trkpt>
<trkpt lat="35.46925" lon="138.94379">
<ele>929.4</ele>
</trkpt>
<trkpt lat="35.46908" lon="138.94387">
<ele>928.5</ele>
</trkpt>
<trkpt lat="35.469" lon="138.94391">
<ele>927.8</ele>
</trkpt>
<trkpt lat="35.46897" lon="138.94392">
<ele>927.7</ele>
</trkpt>
<trkpt lat="35.46896" lon="138.94392">
<ele>927.7</ele>
</trkpt>
<trkpt lat="35.46889" lon="138.94393">
<ele>927.8</ele>
</trkpt>
<trkpt lat="35.46884" lon="138.94393">
<ele>928.0</ele>
</trkpt>
<trkpt lat="35.46879" lon="138.94393">
<ele>928.3</ele>
</trkpt>
<trkpt lat="35.46878" lon="138.94393">
<ele>928.3</ele>
</trkpt>
<trkpt lat="35.46876" lon="138.94393">
<ele>928.4</ele>
</trkpt>
<trkpt lat="35.46873" lon="138.94392">
<ele>928.8</ele>
</trkpt>
<trkpt lat="35.46869" lon="138.94391">
<ele>929.1</ele>
</trkpt>
<trkpt lat="35.4686499" lon="138.94389">
<ele>929.7</ele>
</trkpt>
<trkpt lat="35.46863" lon="138.94388">
<ele>930.0</ele>
</trkpt>
<trkpt lat="35.46861" lon="138.94387">
<ele>930.2</ele>
</trkpt>
<trkpt lat="35.4686" lon="138.94386">
<ele>930.5</ele>
</trkpt>
<trkpt lat="35.46858" lon="138.94385">
<ele>930.7</ele>
</trkpt>
<trkpt lat="35.4685599" lon="138.94383">
<ele>931.1</ele>
</trkpt>
<trkpt lat="35.46853" lon="138.94381">
<ele>931.6</ele>
</trkpt>
<trkpt lat="35.46848" lon="138.94376">
<ele>932.6</ele>
</trkpt>
<trkpt lat="35.46847" lon="138.94375">
<ele>932.8</ele>
</trkpt>
<trkpt lat="35.4683599" lon="138.94363">
<ele>934.7</ele>
</trkpt>
<trkpt lat="35.46835" lon="138.94361">
<ele>935.0</ele>
</trkpt>
<trkpt lat="35.46832" lon="138.94358">
<ele>935.4</ele>
</trkpt>
<trkpt lat="35.4682699" lon="138.94352">
<ele>936.1</ele>
</trkpt>
<trkpt lat="35.46819" lon="138.94342">
<ele>936.7</ele>
</trkpt>
<trkpt lat="35.46815" lon="138.9433699">
<ele>936.8</ele>
</trkpt>
<trkpt lat="35.46806" lon="138.94327">
<ele>937.7</ele>
</trkpt>
<trkpt lat="35.46806" lon="138.94326">
<ele>938.0</ele>
</trkpt>
<trkpt lat="35.46798" lon="138.94317">
<ele>939.6</ele>
</trkpt>
<trkpt lat="35.46787" lon="138.94306">
<ele>941.6</ele>
</trkpt>
<trkpt lat="35.46785" lon="138.94302">
<ele>942.5</ele>
</trkpt>
<trkpt lat="35.46779" lon="138.94296">
<ele>943.7</ele>
</trkpt>
<trkpt lat="35.46773" lon="138.94289">
<ele>945.2</ele>
</trkpt>
<trkpt lat="35.4677099" lon="138.94286">
<ele>945.9</ele>
</trkpt>
<trkpt lat="35.46769" lon="138.94285">
<ele>946.0</ele>
</trkpt>
<trkpt lat="35.46765" lon="138.94282">
<ele>946.6</ele>
</trkpt>
<trkpt lat="35.4676199" lon="138.9428">
<ele>946.9</ele>
</trkpt>
<trkpt lat="35.46759" lon="138.94279">
<ele>947.0</ele>
</trkpt>
<trkpt lat="35.46756" lon="138.94278">
<ele>947.1</ele>
</trkpt>
<trkpt lat="35.46754" lon="138.94278">
<ele>946.9</ele>
</trkpt>
<trkpt lat="35.46752" lon="138.94278">
<ele>946.7</ele>
</trkpt>
<trkpt lat="35.46748" lon="138.94278">
<ele>946.5</ele>
</trkpt>
<trkpt lat="35.46743" lon="138.94278">
<ele>946.4</ele>
</trkpt>
<trkpt lat="35.46738" lon="138.94279">
<ele>946.0</ele>
</trkpt>
<trkpt lat="35.46736" lon="138.94279">
<ele>945.9</ele>
</trkpt>
<trkpt lat="35.46734" lon="138.9428">
<ele>945.6</ele>
</trkpt>
<trkpt lat="35.46729" lon="138.94282">
<ele>945.0</ele>
</trkpt>
<trkpt lat="35.46723" lon="138.94284">
<ele>944.4</ele>
</trkpt>
<trkpt lat="35.46719" lon="138.94286">
<ele>943.8</ele>
</trkpt>
<trkpt lat="35.46716" lon="138.94287">
<ele>943.6</ele>
</trkpt>
<trkpt lat="35.4671" lon="138.94289">
<ele>943.1</ele>
</trkpt>
<trkpt lat="35.4670599" lon="138.9429">
<ele>942.8</ele>
</trkpt>
<trkpt lat="35.46698" lon="138.9429">
<ele>942.8</ele>
</trkpt>
<trkpt lat="35.46694" lon="138.9429">
<ele>942.8</ele>
</trkpt>
<trkpt lat="35.46688" lon="138.94288">
<ele>943.1</ele>
</trkpt>
<trkpt lat="35.46685" lon="138.94286">
<ele>943.5</ele>
</trkpt>
<trkpt lat="35.46682" lon="138.94285">
<ele>943.6</ele>
</trkpt>
<trkpt lat="35.46681" lon="138.94284">
<ele>943.7</ele>
</trkpt>
<trkpt lat="35.46676" lon="138.94281">
<ele>944.1</ele>
</trkpt>
<trkpt lat="35.46671" lon="138.94277">
<ele>944.6</ele>
</trkpt>
<trkpt lat="35.46667" lon="138.9427399">
<ele>944.8</ele>
</trkpt>
<trkpt lat="35.46657" lon="138.94266">
<ele>946.0</ele>
</trkpt>
<trkpt lat="35.4665" lon="138.94261">
<ele>946.5</ele>
</trkpt>
<trkpt lat="35.46649" lon="138.94259">
<ele>946.7</ele>
</trkpt>
<trkpt lat="35.46643" lon="138.94254">
<ele>947.1</ele>
</trkpt>
<trkpt lat="35.4664" lon="138.94252">
<ele>947.2</ele>
</trkpt>
<trkpt lat="35.46634" lon="138.9424699">
<ele>948.1</ele>
</trkpt>
<trkpt lat="35.46631" lon="138.94244">
<ele>949.0</ele>
</trkpt>
<trkpt lat="35.46627" lon="138.94242">
<ele>949.5</ele>
</trkpt>
<trkpt lat="35.46622" lon="138.94237">
<ele>950.9</ele>
</trkpt>
<trkpt lat="35.46618" lon="138.94234">
<ele>951.7</ele>
</trkpt>
<trkpt lat="35.46616" lon="138.94233">
<ele>952.0</ele>
</trkpt>
<trkpt lat="35.46611" lon="138.94229">
<ele>953.1</ele>
</trkpt>
<trkpt lat="35.46605" lon="138.94228">
<ele>953.3</ele>
</trkpt>
<trkpt lat="35.46598" lon="138.94227">
<ele>953.5</ele>
</trkpt>
<trkpt lat="35.46586" lon="138.94228">
<ele>952.9</ele>
</trkpt>
<trkpt lat="35.4658299" lon="138.94229">
<ele>952.6</ele>
</trkpt>
<trkpt lat="35.46568" lon="138.94231">
<ele>952.9</ele>
</trkpt>
<trkpt lat="35.4656499" lon="138.94232">
<ele>952.7</ele>
</trkpt>
<trkpt lat="35.46553" lon="138.94234">
<ele>952.9</ele>
</trkpt>
<trkpt lat="35.4654" lon="138.94236">
<ele>953.1</ele>
</trkpt>
<trkpt lat="35.46525" lon="138.94236">
<ele>954.1</ele>
</trkpt>
<trkpt lat="35.46513" lon="138.94235">
<ele>955.1</ele>
</trkpt>
<trkpt lat="35.46502" lon="138.94233">
<ele>956.4</ele>
</trkpt>
<trkpt lat="35.46493" lon="138.94231">
<ele>957.2</ele>
</trkpt>
<trkpt lat="35.46481" lon="138.94228">
<ele>958.3</ele>
</trkpt>
<trkpt lat="35.46476" lon="138.94226">
<ele>958.9</ele>
</trkpt>
<trkpt lat="35.46441" lon="138.94215">
<ele>961.5</ele>
</trkpt>
<trkpt lat="35.46429" lon="138.94212">
<ele>962.0</ele>
</trkpt>
<trkpt lat="35.46409" lon="138.94206">
<ele>962.9</ele>
</trkpt>
<trkpt lat="35.464" lon="138.94203">
<ele>963.3</ele>
</trkpt>
<trkpt lat="35.46387" lon="138.94198">
<ele>963.6</ele>
</trkpt>
<trkpt lat="35.46379" lon="138.94195">
<ele>963.7</ele>
</trkpt>
<trkpt lat="35.46372" lon="138.94191">
<ele>963.7</ele>
</trkpt>
<trkpt lat="35.46365" lon="138.94187">
<ele>963.5</ele>
</trkpt>
<trkpt lat="35.46356" lon="138.94181">
<ele>963.1</ele>
</trkpt>
<trkpt lat="35.46347" lon="138.94175">
<ele>962.5</ele>
</trkpt>
<trkpt lat="35.46341" lon="138.9417">
<ele>961.8</ele>
</trkpt>
<trkpt lat="35.4634" lon="138.9417">
<ele>961.7</ele>
</trkpt>
<trkpt lat="35.46335" lon="138.94165">
<ele>961.6</ele>
</trkpt>
<trkpt lat="35.46309" lon="138.94142">
<ele>966.7</ele>
</trkpt>
<trkpt lat="35.46303" lon="138.94137">
<ele>967.5</ele>
</trkpt>
<trkpt lat="35.46288" lon="138.94124">
<ele>969.2</ele>
</trkpt>
<trkpt lat="35.46277" lon="138.9411299">
<ele>970.2</ele>
</trkpt>
<trkpt lat="35.4626" lon="138.94098">
<ele>970.6</ele>
</trkpt>
<trkpt lat="35.46257" lon="138.9409499">
<ele>970.6</ele>
</trkpt>
<trkpt lat="35.4625" lon="138.94089">
<ele>970.5</ele>
</trkpt>
<trkpt lat="35.4624499" lon="138.94085">
<ele>971.2</ele>
</trkpt>
<trkpt lat="35.46242" lon="138.94082">
<ele>971.9</ele>
</trkpt>
<trkpt lat="35.46231" lon="138.94072">
<ele>975.2</ele>
</trkpt>
<trkpt lat="35.4622" lon="138.94063">
<ele>977.6</ele>
</trkpt>
<trkpt lat="35.46201" lon="138.94046">
<ele>980.7</ele>
</trkpt>
<trkpt lat="35.46192" lon="138.94038">
<ele>981.6</ele>
</trkpt>
<trkpt lat="35.4619" lon="138.94036">
<ele>981.7</ele>
</trkpt>
<trkpt lat="35.46183" lon="138.9403">
<ele>982.0</ele>
</trkpt>
<trkpt lat="35.46169" lon="138.94017">
<ele>982.0</ele>
</trkpt>
<trkpt lat="35.46161" lon="138.9401">
<ele>982.5</ele>
</trkpt>
<trkpt lat="35.46136" lon="138.9398799">
<ele>987.0</ele>
</trkpt>
<trkpt lat="35.46132" lon="138.93984">
<ele>988.1</ele>
</trkpt>
<trkpt lat="35.46126" lon="138.9397899">
<ele>989.4</ele>
</trkpt>
<trkpt lat="35.46115" lon="138.93969">
<ele>991.8</ele>
</trkpt>
<trkpt lat="35.46103" lon="138.93957">
<ele>994.4</ele>
</trkpt>
<trkpt lat="35.46099" lon="138.93954">
<ele>994.9</ele>
</trkpt>
<trkpt lat="35.4609499" lon="138.93951">
<ele>995.5</ele>
</trkpt>
<trkpt lat="35.46089" lon="138.93946">
<ele>996.3</ele>
</trkpt>
<trkpt lat="35.46085" lon="138.9394299">
<ele>996.7</ele>
</trkpt>
<trkpt lat="35.46078" lon="138.93938">
<ele>998.0</ele>
</trkpt>
<trkpt lat="35.46075" lon="138.93937">
<ele>998.5</ele>
</trkpt>
<trkpt lat="35.46067" lon="138.93933">
<ele>999.9</ele>
</trkpt>
<trkpt lat="35.46063" lon="138.93931">
<ele>1000.6</ele>
</trkpt>
<trkpt lat="35.46058" lon="138.9393">
<ele>1001.1</ele>
</trkpt>
<trkpt lat="35.46053" lon="138.93929">
<ele>1001.7</ele>
</trkpt>
<trkpt lat="35.46051" lon="138.93929">
<ele>1001.9</ele>
</trkpt>
<trkpt lat="35.46049" lon="138.93929">
<ele>1002.0</ele>
</trkpt>
<trkpt lat="35.46045" lon="138.93929">
<ele>1002.3</ele>
</trkpt>
<trkpt lat="35.46041" lon="138.93929">
<ele>1002.6</ele>
</trkpt>
<trkpt lat="35.4604" lon="138.93929">
<ele>1002.7</ele>
</trkpt>
<trkpt lat="35.46037" lon="138.9393">
<ele>1002.7</ele>
</trkpt>
<trkpt lat="35.46033" lon="138.93932">
<ele>1002.6</ele>
</trkpt>
<trkpt lat="35.46027" lon="138.93935">
<ele>1002.5</ele>
</trkpt>
<trkpt lat="35.4602099" lon="138.93939">
<ele>1002.1</ele>
</trkpt>
<trkpt lat="35.46014" lon="138.93944">
<ele>1001.7</ele>
</trkpt>
<trkpt lat="35.46012" lon="138.93946">
<ele>1001.5</ele>
</trkpt>
<trkpt lat="35.4601" lon="138.93949">
<ele>1001.0</ele>
</trkpt>
<trkpt lat="35.46004" lon="138.93955">
<ele>1000.3</ele>
</trkpt>
<trkpt lat="35.45999" lon="138.93959">
<ele>1000.0</ele>
</trkpt>
<trkpt lat="35.45994" lon="138.93964">
<ele>999.5</ele>
</trkpt>
<trkpt lat="35.4598" lon="138.9397899">
<ele>998.1</ele>
</trkpt>
<trkpt lat="35.45975" lon="138.93984">
<ele>997.7</ele>
</trkpt>
<trkpt lat="35.4597" lon="138.9398799">
<ele>997.4</ele>
</trkpt>
<trkpt lat="35.45968" lon="138.9399">
<ele>997.3</ele>
</trkpt>
<trkpt lat="35.45965" lon="138.93992">
<ele>997.2</ele>
</trkpt>
<trkpt lat="35.4596" lon="138.93995">
<ele>997.2</ele>
</trkpt>
<trkpt lat="35.45959" lon="138.93995">
<ele>997.3</ele>
</trkpt>
<trkpt lat="35.45953" lon="138.93996">
<ele>997.8</ele>
</trkpt>
<trkpt lat="35.45947" lon="138.93996">
<ele>998.4</ele>
</trkpt>
<trkpt lat="35.45942" lon="138.93995">
<ele>999.1</ele>
</trkpt>
<trkpt lat="35.45938" lon="138.93993">
<ele>999.9</ele>
</trkpt>
<trkpt lat="35.45935" lon="138.93992">
<ele>1000.4</ele>
</trkpt>
<trkpt lat="35.45931" lon="138.93989">
<ele>1001.3</ele>
</trkpt>
<trkpt lat="35.45928" lon="138.93987">
<ele>1002.0</ele>
</trkpt>
<trkpt lat="35.45926" lon="138.93985">
<ele>1002.5</ele>
</trkpt>
<trkpt lat="35.45924" lon="138.93983">
<ele>1003.1</ele>
</trkpt>
<trkpt lat="35.45919" lon="138.93977">
<ele>1004.6</ele>
</trkpt>
<trkpt lat="35.45914" lon="138.93972">
<ele>1006.1</ele>
</trkpt>
<trkpt lat="35.4591" lon="138.93967">
<ele>1007.5</ele>
</trkpt>
<trkpt lat="35.45899" lon="138.93954">
<ele>1010.3</ele>
</trkpt>
<trkpt lat="35.45897" lon="138.93951">
<ele>1010.8</ele>
</trkpt>
<trkpt lat="35.45893" lon="138.93948">
<ele>1011.4</ele>
</trkpt>
<trkpt lat="35.45886" lon="138.93939">
<ele>1012.3</ele>
</trkpt>
<trkpt lat="35.45883" lon="138.9393399">
<ele>1012.7</ele>
</trkpt>
<trkpt lat="35.45881" lon="138.93932">
<ele>1012.8</ele>
</trkpt>
<trkpt lat="35.45876" lon="138.93927">
<ele>1012.9</ele>
</trkpt>
<trkpt lat="35.45863" lon="138.9391">
<ele>1013.6</ele>
</trkpt>
<trkpt lat="35.4584199" lon="138.93885">
<ele>1016.6</ele>
</trkpt>
<trkpt lat="35.45835" lon="138.93877">
<ele>1017.3</ele>
</trkpt>
<trkpt lat="35.45829" lon="138.9387">
<ele>1018.5</ele>
</trkpt>
<trkpt lat="35.45792" lon="138.93825">
<ele>1022.8</ele>
</trkpt>
<trkpt lat="35.45791" lon="138.93824">
<ele>1023.0</ele>
</trkpt>
<trkpt lat="35.45784" lon="138.93816">
<ele>1024.0</ele>
</trkpt>
<trkpt lat="35.45776" lon="138.93806">
<ele>1025.2</ele>
</trkpt>
<trkpt lat="35.45765" lon="138.93793">
<ele>1026.2</ele>
</trkpt>
<trkpt lat="35.45755" lon="138.9378199">
<ele>1026.7</ele>
</trkpt>
<trkpt lat="35.45752" lon="138.93778">
<ele>1026.9</ele>
</trkpt>
<trkpt lat="35.45745" lon="138.9377">
<ele>1028.2</ele>
</trkpt>
<trkpt lat="35.45736" lon="138.93759">
<ele>1030.1</ele>
</trkpt>
<trkpt lat="35.45726" lon="138.93747">
<ele>1031.9</ele>
</trkpt>
<trkpt lat="35.45721" lon="138.93741">
<ele>1033.2</ele>
</trkpt>
<trkpt lat="35.45716" lon="138.93735">
<ele>1034.5</ele>
</trkpt>
<trkpt lat="35.45711" lon="138.9373">
<ele>1035.5</ele>
</trkpt>
<trkpt lat="35.45708" lon="138.9372799">
<ele>1036.0</ele>
</trkpt>
<trkpt lat="35.45707" lon="138.93727">
<ele>1036.2</ele>
</trkpt>
<trkpt lat="35.45705" lon="138.93726">
<ele>1036.4</ele>
</trkpt>
<trkpt lat="35.45702" lon="138.93723">
<ele>1037.1</ele>
</trkpt>
<trkpt lat="35.45698" lon="138.9372">
<ele>1037.7</ele>
</trkpt>
<trkpt lat="35.45694" lon="138.93718">
<ele>1038.2</ele>
</trkpt>
<trkpt lat="35.45689" lon="138.93716">
<ele>1038.7</ele>
</trkpt>
<trkpt lat="35.45685" lon="138.93715">
<ele>1038.9</ele>
</trkpt>
<trkpt lat="35.45678" lon="138.93713">
<ele>1039.4</ele>
</trkpt>
<trkpt lat="35.45671" lon="138.93711">
<ele>1039.9</ele>
</trkpt>
<trkpt lat="35.4566" lon="138.93708">
<ele>1041.0</ele>
</trkpt>
<trkpt lat="35.45656" lon="138.93707">
<ele>1041.4</ele>
</trkpt>
<trkpt lat="35.45641" lon="138.93703">
<ele>1042.7</ele>
</trkpt>
<trkpt lat="35.45638" lon="138.93702">
<ele>1042.9</ele>
</trkpt>
<trkpt lat="35.45631" lon="138.937">
<ele>1043.4</ele>
</trkpt>
<trkpt lat="35.45623" lon="138.93698">
<ele>1043.8</ele>
</trkpt>
<trkpt lat="35.45602" lon="138.9369199">
<ele>1044.4</ele>
</trkpt>
<trkpt lat="35.45586" lon="138.93688">
<ele>1044.3</ele>
</trkpt>
<trkpt lat="35.45581" lon="138.93687">
<ele>1044.4</ele>
</trkpt>
<trkpt lat="35.45576" lon="138.93685">
<ele>1044.7</ele>
</trkpt>
<trkpt lat="35.45572" lon="138.93684">
<ele>1044.9</ele>
</trkpt>
<trkpt lat="35.4555" lon="138.93677">
<ele>1046.0</ele>
</trkpt>
<trkpt lat="35.45541" lon="138.9367399">
<ele>1046.3</ele>
</trkpt>
<trkpt lat="35.45538" lon="138.93673">
<ele>1046.4</ele>
</trkpt>
<trkpt lat="35.45532" lon="138.93671">
<ele>1046.6</ele>
</trkpt>
<trkpt lat="35.45526" lon="138.93669">
<ele>1046.7</ele>
</trkpt>
<trkpt lat="35.45524" lon="138.93668">
<ele>1046.7</ele>
</trkpt>
<trkpt lat="35.45523" lon="138.93667">
<ele>1046.7</ele>
</trkpt>
<trkpt lat="35.45519" lon="138.9366499">
<ele>1047.0</ele>
</trkpt>
<trkpt lat="35.45516" lon="138.93663">
<ele>1047.3</ele>
</trkpt>
<trkpt lat="35.4551299" lon="138.9366">
<ele>1047.6</ele>
</trkpt>
<trkpt lat="35.45511" lon="138.93658">
<ele>1047.8</ele>
</trkpt>
<trkpt lat="35.45509" lon="138.93655">
<ele>1048.0</ele>
</trkpt>
<trkpt lat="35.45508" lon="138.93655">
<ele>1048.1</ele>
</trkpt>
<trkpt lat="35.45506" lon="138.93651">
<ele>1048.4</ele>
</trkpt>
<trkpt lat="35.45503" lon="138.93647">
<ele>1048.6</ele>
</trkpt>
<trkpt lat="35.45501" lon="138.93642">
<ele>1048.9</ele>
</trkpt>
<trkpt lat="35.455" lon="138.93638">
<ele>1049.0</ele>
</trkpt>
<trkpt lat="35.45498" lon="138.93631">
<ele>1049.9</ele>
</trkpt>
<trkpt lat="35.45497" lon="138.93624">
<ele>1050.4</ele>
</trkpt>
<trkpt lat="35.45496" lon="138.93615">
<ele>1051.0</ele>
</trkpt>
<trkpt lat="35.45493" lon="138.93583">
<ele>1052.6</ele>
</trkpt>
<trkpt lat="35.45492" lon="138.93564">
<ele>1056.2</ele>
</trkpt>
<trkpt lat="35.45491" lon="138.93556">
<ele>1057.8</ele>
</trkpt>
<trkpt lat="35.4549" lon="138.93545">
<ele>1059.9</ele>
</trkpt>
<trkpt lat="35.4549" lon="138.93541">
<ele>1060.6</ele>
</trkpt>
<trkpt lat="35.45489" lon="138.93539">
<ele>1061.1</ele>
</trkpt>
<trkpt lat="35.45489" lon="138.93537">
<ele>1061.4</ele>
</trkpt>
<trkpt lat="35.45488" lon="138.9353">
<ele>1062.7</ele>
</trkpt>
<trkpt lat="35.4548599" lon="138.9352199">
<ele>1064.2</ele>
</trkpt>
<trkpt lat="35.45484" lon="138.93515">
<ele>1065.4</ele>
</trkpt>
<trkpt lat="35.45482" lon="138.93511">
<ele>1066.1</ele>
</trkpt>
<trkpt lat="35.45478" lon="138.93503">
<ele>1067.3</ele>
</trkpt>
<trkpt lat="35.45475" lon="138.93497">
<ele>1068.3</ele>
</trkpt>
<trkpt lat="35.45472" lon="138.93492">
<ele>1069.4</ele>
</trkpt>
<trkpt lat="35.45471" lon="138.9349">
<ele>1069.7</ele>
</trkpt>
<trkpt lat="35.45468" lon="138.9348599">
<ele>1070.5</ele>
</trkpt>
<trkpt lat="35.45467" lon="138.93485">
<ele>1070.6</ele>
</trkpt>
<trkpt lat="35.45464" lon="138.93481">
<ele>1071.3</ele>
</trkpt>
<trkpt lat="35.45459" lon="138.93476">
<ele>1072.0</ele>
</trkpt>
<trkpt lat="35.45455" lon="138.93471">
<ele>1072.7</ele>
</trkpt>
<trkpt lat="35.45445" lon="138.93462">
<ele>1073.5</ele>
</trkpt>
<trkpt lat="35.45441" lon="138.93458">
<ele>1073.7</ele>
</trkpt>
<trkpt lat="35.45434" lon="138.93452">
<ele>1073.9</ele>
</trkpt>
<trkpt lat="35.45432" lon="138.9345">
<ele>1074.0</ele>
</trkpt>
<trkpt lat="35.4543" lon="138.93447">
<ele>1074.2</ele>
</trkpt>
<trkpt lat="35.45427" lon="138.93443">
<ele>1074.4</ele>
</trkpt>
<trkpt lat="35.45425" lon="138.93441">
<ele>1074.4</ele>
</trkpt>
<trkpt lat="35.45425" lon="138.9344">
<ele>1074.5</ele>
</trkpt>
<trkpt lat="35.45423" lon="138.93437">
<ele>1074.6</ele>
</trkpt>
<trkpt lat="35.45421" lon="138.93433">
<ele>1074.8</ele>
</trkpt>
<trkpt lat="35.4541899" lon="138.93428">
<ele>1075.1</ele>
</trkpt>
<trkpt lat="35.45418" lon="138.93425">
<ele>1075.3</ele>
</trkpt>
<trkpt lat="35.45418" lon="138.93422">
<ele>1075.6</ele>
</trkpt>
<trkpt lat="35.45417" lon="138.93418">
<ele>1075.9</ele>
</trkpt>
<trkpt lat="35.45416" lon="138.93414">
<ele>1076.4</ele>
</trkpt>
<trkpt lat="35.45416" lon="138.93404">
<ele>1077.6</ele>
</trkpt>
<trkpt lat="35.45417" lon="138.93395">
<ele>1078.7</ele>
</trkpt>
<trkpt lat="35.4542" lon="138.93389">
<ele>1079.9</ele>
</trkpt>
<trkpt lat="35.45422" lon="138.93382">
<ele>1081.0</ele>
</trkpt>
<trkpt lat="35.45426" lon="138.93373">
<ele>1082.7</ele>
</trkpt>
<trkpt lat="35.45427" lon="138.9336999">
<ele>1083.2</ele>
</trkpt>
<trkpt lat="35.45431" lon="138.93362">
<ele>1084.7</ele>
</trkpt>
<trkpt lat="35.45433" lon="138.93357">
<ele>1085.6</ele>
</trkpt>
<trkpt lat="35.45434" lon="138.93354">
<ele>1086.1</ele>
</trkpt>
<trkpt lat="35.4544" lon="138.9334">
<ele>1088.6</ele>
</trkpt>
<trkpt lat="35.4545" lon="138.93318">
<ele>1093.5</ele>
</trkpt>
<trkpt lat="35.45451" lon="138.9331599">
<ele>1094.0</ele>
</trkpt>
<trkpt lat="35.45459" lon="138.93296">
<ele>1098.3</ele>
</trkpt>
<trkpt lat="35.45467" lon="138.93277">
<ele>1102.3</ele>
</trkpt>
<trkpt lat="35.45468" lon="138.93277">
<ele>1102.4</ele>
</trkpt>
<trkpt lat="35.45469" lon="138.93273">
<ele>1103.1</ele>
</trkpt>
<trkpt lat="35.4547" lon="138.9327">
<ele>1103.7</ele>
</trkpt>
<trkpt lat="35.4547" lon="138.93267">
<ele>1104.2</ele>
</trkpt>
<trkpt lat="35.4547" lon="138.93263">
<ele>1104.8</ele>
</trkpt>
<trkpt lat="35.4547" lon="138.93259">
<ele>1105.4</ele>
</trkpt>
<trkpt lat="35.45469" lon="138.93255">
<ele>1106.0</ele>
</trkpt>
<trkpt lat="35.45467" lon="138.93252">
<ele>1106.3</ele>
</trkpt>
<trkpt lat="35.45465" lon="138.9325">
<ele>1106.5</ele>
</trkpt>
<trkpt lat="35.45464" lon="138.93249">
<ele>1106.6</ele>
</trkpt>
<trkpt lat="35.45462" lon="138.93247">
<ele>1106.9</ele>
</trkpt>
<trkpt lat="35.45459" lon="138.93246">
<ele>1106.9</ele>
</trkpt>
<trkpt lat="35.45456" lon="138.93244">
<ele>1107.2</ele>
</trkpt>
<trkpt lat="35.45453" lon="138.93245">
<ele>1106.8</ele>
</trkpt>
<trkpt lat="35.45452" lon="138.93245">
<ele>1106.7</ele>
</trkpt>
<trkpt lat="35.45449" lon="138.93245">
<ele>1106.5</ele>
</trkpt>
<trkpt lat="35.45447" lon="138.93246">
<ele>1106.1</ele>
</trkpt>
<trkpt lat="35.45444" lon="138.93248">
<ele>1105.5</ele>
</trkpt>
<trkpt lat="35.45441" lon="138.93251">
<ele>1104.6</ele>
</trkpt>
<trkpt lat="35.4543899" lon="138.93255">
<ele>1103.7</ele>
</trkpt>
<trkpt lat="35.45438" lon="138.93256">
<ele>1103.4</ele>
</trkpt>
<trkpt lat="35.45437" lon="138.93257">
<ele>1103.2</ele>
</trkpt>
<trkpt lat="35.45434" lon="138.93264">
<ele>1101.6</ele>
</trkpt>
<trkpt lat="35.45424" lon="138.93283">
<ele>1097.0</ele>
</trkpt>
<trkpt lat="35.4542" lon="138.93291">
<ele>1095.0</ele>
</trkpt>
<trkpt lat="35.45417" lon="138.93295">
<ele>1093.9</ele>
</trkpt>
<trkpt lat="35.45414" lon="138.933">
<ele>1093.1</ele>
</trkpt>
<trkpt lat="35.4540999" lon="138.93304">
<ele>1092.7</ele>
</trkpt>
<trkpt lat="35.45406" lon="138.9331">
<ele>1091.8</ele>
</trkpt>
<trkpt lat="35.45397" lon="138.93317">
<ele>1091.1</ele>
</trkpt>
<trkpt lat="35.45389" lon="138.93323">
<ele>1090.4</ele>
</trkpt>
<trkpt lat="35.45383" lon="138.93327">
<ele>1089.9</ele>
</trkpt>
<trkpt lat="35.45379" lon="138.9333">
<ele>1089.5</ele>
</trkpt>
<trkpt lat="35.45375" lon="138.93331">
<ele>1089.6</ele>
</trkpt>
<trkpt lat="35.4537199" lon="138.93332">
<ele>1089.5</ele>
</trkpt>
<trkpt lat="35.45371" lon="138.93333">
<ele>1089.4</ele>
</trkpt>
<trkpt lat="35.45367" lon="138.9333399">
<ele>1089.5</ele>
</trkpt>
<trkpt lat="35.4536299" lon="138.9333399">
<ele>1089.8</ele>
</trkpt>
<trkpt lat="35.45358" lon="138.9333399">
<ele>1090.2</ele>
</trkpt>
<trkpt lat="35.45351" lon="138.93333">
<ele>1090.8</ele>
</trkpt>
<trkpt lat="35.4534499" lon="138.93331">
<ele>1091.8</ele>
</trkpt>
<trkpt lat="35.45339" lon="138.93329">
<ele>1092.8</ele>
</trkpt>
<trkpt lat="35.45337" lon="138.93328">
<ele>1093.2</ele>
</trkpt>
<trkpt lat="35.45335" lon="138.93327">
<ele>1093.7</ele>
</trkpt>
<trkpt lat="35.45332" lon="138.9332499">
<ele>1094.5</ele>
</trkpt>
<trkpt lat="35.45327" lon="138.93321">
<ele>1096.0</ele>
</trkpt>
<trkpt lat="35.45321" lon="138.93315">
<ele>1098.0</ele>
</trkpt>
<trkpt lat="35.45317" lon="138.93309">
<ele>1099.7</ele>
</trkpt>
<trkpt lat="35.45314" lon="138.93302">
<ele>1101.6</ele>
</trkpt>
<trkpt lat="35.45314" lon="138.933">
<ele>1102.1</ele>
</trkpt>
<trkpt lat="35.45311" lon="138.93293">
<ele>1103.8</ele>
</trkpt>
<trkpt lat="35.45303" lon="138.93269">
<ele>1109.2</ele>
</trkpt>
<trkpt lat="35.45299" lon="138.93258">
<ele>1111.4</ele>
</trkpt>
<trkpt lat="35.45294" lon="138.93242">
<ele>1115.5</ele>
</trkpt>
<trkpt lat="35.45286" lon="138.93217">
<ele>1123.2</ele>
</trkpt>
<trkpt lat="35.4528" lon="138.9319999">
<ele>1128.1</ele>
</trkpt>
<trkpt lat="35.45279" lon="138.93197">
<ele>1128.9</ele>
</trkpt>
<trkpt lat="35.45275" lon="138.93187">
<ele>1131.5</ele>
</trkpt>
<trkpt lat="35.45268" lon="138.93172">
<ele>1135.0</ele>
</trkpt>
<trkpt lat="35.45257" lon="138.93151">
<ele>1137.2</ele>
</trkpt>
<trkpt lat="35.45255" lon="138.93148">
<ele>1137.4</ele>
</trkpt>
<trkpt lat="35.45248" lon="138.93136">
<ele>1138.6</ele>
</trkpt>
<trkpt lat="35.45244" lon="138.9313">
<ele>1139.1</ele>
</trkpt>
<trkpt lat="35.45237" lon="138.9311899">
<ele>1139.4</ele>
</trkpt>
<trkpt lat="35.45233" lon="138.93113">
<ele>1139.2</ele>
</trkpt>
<trkpt lat="35.45225" lon="138.931">
<ele>1138.2</ele>
</trkpt>
<trkpt lat="35.4522199" lon="138.93095">
<ele>1137.6</ele>
</trkpt>
<trkpt lat="35.4521" lon="138.93078">
<ele>1133.4</ele>
</trkpt>
<trkpt lat="35.45209" lon="138.93077">
<ele>1133.0</ele>
</trkpt>
<trkpt lat="35.45198" lon="138.93061">
<ele>1128.3</ele>
</trkpt>
<trkpt lat="35.45186" lon="138.93046">
<ele>1123.5</ele>
</trkpt>
<trkpt lat="35.45178" lon="138.93036">
<ele>1120.4</ele>
</trkpt>
<trkpt lat="35.45177" lon="138.93034">
<ele>1120.0</ele>
</trkpt>
<trkpt lat="35.45173" lon="138.93029">
<ele>1118.5</ele>
</trkpt>
<trkpt lat="35.4517" lon="138.93026">
<ele>1117.5</ele>
</trkpt>
<trkpt lat="35.45167" lon="138.93023">
<ele>1116.4</ele>
</trkpt>
<trkpt lat="35.45165" lon="138.93021">
<ele>1116.0</ele>
</trkpt>
<trkpt lat="35.45162" lon="138.93021">
<ele>1115.6</ele>
</trkpt>
<trkpt lat="35.4516" lon="138.9302">
<ele>1115.4</ele>
</trkpt>
<trkpt lat="35.4515699" lon="138.93019">
<ele>1115.0</ele>
</trkpt>
<trkpt lat="35.45153" lon="138.9302">
<ele>1114.4</ele>
</trkpt>
<trkpt lat="35.4515" lon="138.93021">
<ele>1114.0</ele>
</trkpt>
<trkpt lat="35.45147" lon="138.93022">
<ele>1113.6</ele>
</trkpt>
<trkpt lat="35.45144" lon="138.93024">
<ele>1113.1</ele>
</trkpt>
<trkpt lat="35.45142" lon="138.93026">
<ele>1112.7</ele>
</trkpt>
<trkpt lat="35.45139" lon="138.9303">
<ele>1112.0</ele>
</trkpt>
<trkpt lat="35.45138" lon="138.9303">
<ele>1111.8</ele>
</trkpt>
<trkpt lat="35.45133" lon="138.93038">
<ele>1110.5</ele>
</trkpt>
<trkpt lat="35.45129" lon="138.93042">
<ele>1109.5</ele>
</trkpt>
<trkpt lat="35.45126" lon="138.93045">
<ele>1108.6</ele>
</trkpt>
<trkpt lat="35.45121" lon="138.93048">
<ele>1107.4</ele>
</trkpt>
<trkpt lat="35.45115" lon="138.93051">
<ele>1105.8</ele>
</trkpt>
<trkpt lat="35.45099" lon="138.93056">
<ele>1101.7</ele>
</trkpt>
<trkpt lat="35.45081" lon="138.93061">
<ele>1097.0</ele>
</trkpt>
<trkpt lat="35.45075" lon="138.93062">
<ele>1096.1</ele>
</trkpt>
<trkpt lat="35.45071" lon="138.93063">
<ele>1095.4</ele>
</trkpt>
<trkpt lat="35.45069" lon="138.93063">
<ele>1095.2</ele>
</trkpt>
<trkpt lat="35.45066" lon="138.93062">
<ele>1094.9</ele>
</trkpt>
<trkpt lat="35.45065" lon="138.93062">
<ele>1094.8</ele>
</trkpt>
<trkpt lat="35.4506299" lon="138.93062">
<ele>1094.6</ele>
</trkpt>
<trkpt lat="35.45059" lon="138.9306">
<ele>1094.3</ele>
</trkpt>
<trkpt lat="35.45056" lon="138.93058">
<ele>1094.1</ele>
</trkpt>
<trkpt lat="35.45052" lon="138.93056">
<ele>1093.8</ele>
</trkpt>
<trkpt lat="35.45049" lon="138.93054">
<ele>1093.5</ele>
</trkpt>
<trkpt lat="35.45046" lon="138.93051">
<ele>1093.3</ele>
</trkpt>
<trkpt lat="35.45043" lon="138.93047">
<ele>1093.1</ele>
</trkpt>
<trkpt lat="35.45041" lon="138.93045">
<ele>1092.9</ele>
</trkpt>
<trkpt lat="35.45039" lon="138.93042">
<ele>1092.7</ele>
</trkpt>
<trkpt lat="35.45037" lon="138.93038">
<ele>1092.6</ele>
</trkpt>
<trkpt lat="35.45034" lon="138.93033">
<ele>1092.2</ele>
</trkpt>
<trkpt lat="35.45031" lon="138.93028">
<ele>1091.7</ele>
</trkpt>
<trkpt lat="35.45027" lon="138.93021">
<ele>1091.0</ele>
</trkpt>
<trkpt lat="35.4502" lon="138.93008">
<ele>1089.2</ele>
</trkpt>
<trkpt lat="35.45015" lon="138.93001">
<ele>1087.7</ele>
</trkpt>
<trkpt lat="35.4501" lon="138.92993">
<ele>1087.5</ele>
</trkpt>
<trkpt lat="35.45005" lon="138.92988">
<ele>1086.9</ele>
</trkpt>
<trkpt lat="35.44999" lon="138.92981">
<ele>1086.5</ele>
</trkpt>
<trkpt lat="35.44991" lon="138.92972">
<ele>1086.8</ele>
</trkpt>
<trkpt lat="35.44983" lon="138.92963">
<ele>1086.8</ele>
</trkpt>
<trkpt lat="35.44977" lon="138.92957">
<ele>1086.5</ele>
</trkpt>
<trkpt lat="35.44964" lon="138.92943">
<ele>1085.5</ele>
</trkpt>
<trkpt lat="35.44959" lon="138.92939">
<ele>1084.7</ele>
</trkpt>
<trkpt lat="35.44957" lon="138.92937">
<ele>1084.5</ele>
</trkpt>
<trkpt lat="35.44956" lon="138.92935">
<ele>1084.4</ele>
</trkpt>
<trkpt lat="35.44955" lon="138.92933">
<ele>1084.4</ele>
</trkpt>
<trkpt lat="35.44953" lon="138.9293">
<ele>1084.2</ele>
</trkpt>
<trkpt lat="35.44952" lon="138.92927">
<ele>1084.2</ele>
</trkpt>
<trkpt lat="35.44952" lon="138.92924">
<ele>1084.5</ele>
</trkpt>
<trkpt lat="35.4495099" lon="138.9292199">
<ele>1084.4</ele>
</trkpt>
<trkpt lat="35.4495099" lon="138.92919">
<ele>1084.7</ele>
</trkpt>
<trkpt lat="35.4495099" lon="138.92918">
<ele>1084.8</ele>
</trkpt>
<trkpt lat="35.4495099" lon="138.92915">
<ele>1085.1</ele>
</trkpt>
<trkpt lat="35.4495099" lon="138.92906">
<ele>1086.0</ele>
</trkpt>
<trkpt lat="35.44952" lon="138.929">
<ele>1086.8</ele>
</trkpt>
<trkpt lat="35.44952" lon="138.9289499">
<ele>1087.3</ele>
</trkpt>
<trkpt lat="35.4495099" lon="138.92888">
<ele>1087.8</ele>
</trkpt>
<trkpt lat="35.4495099" lon="138.92884">
<ele>1088.2</ele>
</trkpt>
<trkpt lat="35.44949" lon="138.92881">
<ele>1088.0</ele>
</trkpt>
<trkpt lat="35.44948" lon="138.92879">
<ele>1088.0</ele>
</trkpt>
<trkpt lat="35.44946" lon="138.9287699">
<ele>1087.8</ele>
</trkpt>
<trkpt lat="35.44944" lon="138.92875">
<ele>1087.6</ele>
</trkpt>
<trkpt lat="35.44942" lon="138.92873">
<ele>1087.4</ele>
</trkpt>
<trkpt lat="35.44939" lon="138.92872">
<ele>1086.8</ele>
</trkpt>
<trkpt lat="35.44937" lon="138.92871">
<ele>1086.5</ele>
</trkpt>
<trkpt lat="35.44934" lon="138.9287">
<ele>1086.0</ele>
</trkpt>
<trkpt lat="35.4493099" lon="138.9287">
<ele>1085.3</ele>
</trkpt>
<trkpt lat="35.4493" lon="138.9287">
<ele>1085.1</ele>
</trkpt>
<trkpt lat="35.44927" lon="138.92872">
<ele>1084.2</ele>
</trkpt>
<trkpt lat="35.44925" lon="138.92873">
<ele>1083.6</ele>
</trkpt>
<trkpt lat="35.44924" lon="138.92874">
<ele>1083.3</ele>
</trkpt>
<trkpt lat="35.4492199" lon="138.92876">
<ele>1082.5</ele>
</trkpt>
<trkpt lat="35.44921" lon="138.92879">
<ele>1081.9</ele>
</trkpt>
<trkpt lat="35.44919" lon="138.92883">
<ele>1080.8</ele>
</trkpt>
<trkpt lat="35.44916" lon="138.92891">
<ele>1078.9</ele>
</trkpt>
<trkpt lat="35.4491" lon="138.92908">
<ele>1075.8</ele>
</trkpt>
<trkpt lat="35.44907" lon="138.92917">
<ele>1074.3</ele>
</trkpt>
<trkpt lat="35.44903" lon="138.92924">
<ele>1073.9</ele>
</trkpt>
<trkpt lat="35.44901" lon="138.92929">
<ele>1073.6</ele>
</trkpt>
<trkpt lat="35.44898" lon="138.92932">
<ele>1073.3</ele>
</trkpt>
<trkpt lat="35.44894" lon="138.92936">
<ele>1073.0</ele>
</trkpt>
<trkpt lat="35.4489" lon="138.9293999">
<ele>1072.6</ele>
</trkpt>
<trkpt lat="35.44887" lon="138.92942">
<ele>1072.4</ele>
</trkpt>
<trkpt lat="35.4488399" lon="138.92944">
<ele>1072.1</ele>
</trkpt>
<trkpt lat="35.44881" lon="138.92945">
<ele>1071.9</ele>
</trkpt>
<trkpt lat="35.44879" lon="138.92946">
<ele>1071.7</ele>
</trkpt>
<trkpt lat="35.44874" lon="138.92947">
<ele>1071.4</ele>
</trkpt>
<trkpt lat="35.44869" lon="138.92947">
<ele>1071.0</ele>
</trkpt>
<trkpt lat="35.44847" lon="138.92947">
<ele>1069.6</ele>
</trkpt>
<trkpt lat="35.44841" lon="138.92946">
<ele>1069.2</ele>
</trkpt>
<trkpt lat="35.44838" lon="138.92946">
<ele>1069.0</ele>
</trkpt>
<trkpt lat="35.44836" lon="138.92945">
<ele>1068.8</ele>
</trkpt>
<trkpt lat="35.44834" lon="138.92945">
<ele>1068.7</ele>
</trkpt>
<trkpt lat="35.44831" lon="138.92943">
<ele>1068.3</ele>
</trkpt>
<trkpt lat="35.44827" lon="138.92942">
<ele>1067.6</ele>
</trkpt>
<trkpt lat="35.4481899" lon="138.92936">
<ele>1066.2</ele>
</trkpt>
<trkpt lat="35.44813" lon="138.92932">
<ele>1065.0</ele>
</trkpt>
<trkpt lat="35.44812" lon="138.9293099">
<ele>1064.8</ele>
</trkpt>
<trkpt lat="35.44805" lon="138.92926">
<ele>1063.4</ele>
</trkpt>
<trkpt lat="35.44793" lon="138.92918">
<ele>1060.8</ele>
</trkpt>
<trkpt lat="35.44791" lon="138.92916">
<ele>1060.4</ele>
</trkpt>
<trkpt lat="35.44755" lon="138.92891">
<ele>1053.7</ele>
</trkpt>
<trkpt lat="35.44748" lon="138.92885">
<ele>1052.6</ele>
</trkpt>
<trkpt lat="35.44745" lon="138.92883">
<ele>1052.4</ele>
</trkpt>
<trkpt lat="35.44733" lon="138.92875">
<ele>1051.6</ele>
</trkpt>
<trkpt lat="35.44726" lon="138.92869">
<ele>1051.1</ele>
</trkpt>
<trkpt lat="35.4472" lon="138.92864">
<ele>1050.6</ele>
</trkpt>
<trkpt lat="35.4471599" lon="138.92859">
<ele>1050.4</ele>
</trkpt>
<trkpt lat="35.44711" lon="138.92854">
<ele>1050.0</ele>
</trkpt>
<trkpt lat="35.44706" lon="138.92848">
<ele>1049.6</ele>
</trkpt>
<trkpt lat="35.44703" lon="138.92844">
<ele>1049.4</ele>
</trkpt>
<trkpt lat="35.447" lon="138.9284">
<ele>1049.1</ele>
</trkpt>
<trkpt lat="35.44692" lon="138.9283">
<ele>1048.4</ele>
</trkpt>
<trkpt lat="35.44686" lon="138.92822">
<ele>1047.6</ele>
</trkpt>
<trkpt lat="35.44682" lon="138.92816">
<ele>1047.1</ele>
</trkpt>
<trkpt lat="35.44679" lon="138.92812">
<ele>1046.6</ele>
</trkpt>
<trkpt lat="35.44674" lon="138.9280599">
<ele>1045.9</ele>
</trkpt>
<trkpt lat="35.4466899" lon="138.928">
<ele>1045.1</ele>
</trkpt>
<trkpt lat="35.44662" lon="138.92793">
<ele>1044.4</ele>
</trkpt>
<trkpt lat="35.44655" lon="138.92786">
<ele>1043.9</ele>
</trkpt>
<trkpt lat="35.44654" lon="138.92785">
<ele>1043.9</ele>
</trkpt>
<trkpt lat="35.44649" lon="138.9278">
<ele>1043.6</ele>
</trkpt>
<trkpt lat="35.44647" lon="138.92778">
<ele>1043.5</ele>
</trkpt>
<trkpt lat="35.44644" lon="138.92776">
<ele>1043.3</ele>
</trkpt>
<trkpt lat="35.44642" lon="138.92775">
<ele>1043.2</ele>
</trkpt>
<trkpt lat="35.4464" lon="138.92773">
<ele>1043.2</ele>
</trkpt>
<trkpt lat="35.44635" lon="138.9276999">
<ele>1043.0</ele>
</trkpt>
<trkpt lat="35.44627" lon="138.92766">
<ele>1042.7</ele>
</trkpt>
<trkpt lat="35.44626" lon="138.92766">
<ele>1042.7</ele>
</trkpt>
<trkpt lat="35.44615" lon="138.9276">
<ele>1042.4</ele>
</trkpt>
<trkpt lat="35.44608" lon="138.92757">
<ele>1042.3</ele>
</trkpt>
<trkpt lat="35.44603" lon="138.92754">
<ele>1042.2</ele>
</trkpt>
<trkpt lat="35.44599" lon="138.9275199">
<ele>1042.2</ele>
</trkpt>
<trkpt lat="35.44598" lon="138.9275199">
<ele>1042.2</ele>
</trkpt>
<trkpt lat="35.44585" lon="138.92746">
<ele>1042.4</ele>
</trkpt>
<trkpt lat="35.44574" lon="138.92741">
<ele>1042.1</ele>
</trkpt>
<trkpt lat="35.4456" lon="138.92735">
<ele>1041.6</ele>
</trkpt>
<trkpt lat="35.44554" lon="138.92731">
<ele>1041.4</ele>
</trkpt>
<trkpt lat="35.44548" lon="138.92727">
<ele>1041.1</ele>
</trkpt>
<trkpt lat="35.44541" lon="138.92722">
<ele>1040.8</ele>
</trkpt>
<trkpt lat="35.44535" lon="138.9271599">
<ele>1040.5</ele>
</trkpt>
<trkpt lat="35.44529" lon="138.92712">
<ele>1040.1</ele>
</trkpt>
<trkpt lat="35.44522" lon="138.92705">
<ele>1039.7</ele>
</trkpt>
<trkpt lat="35.44515" lon="138.9269799">
<ele>1039.2</ele>
</trkpt>
<trkpt lat="35.44494" lon="138.92675">
<ele>1037.3</ele>
</trkpt>
<trkpt lat="35.44487" lon="138.92668">
<ele>1036.5</ele>
</trkpt>
<trkpt lat="35.44484" lon="138.92665">
<ele>1036.2</ele>
</trkpt>
<trkpt lat="35.44473" lon="138.92654">
<ele>1035.5</ele>
</trkpt>
<trkpt lat="35.44445" lon="138.92624">
<ele>1033.6</ele>
</trkpt>
<trkpt lat="35.44403" lon="138.9258">
<ele>1031.7</ele>
</trkpt>
<trkpt lat="35.444" lon="138.92577">
<ele>1031.9</ele>
</trkpt>
<trkpt lat="35.44376" lon="138.92552">
<ele>1032.7</ele>
</trkpt>
<trkpt lat="35.44359" lon="138.92534">
<ele>1032.5</ele>
</trkpt>
<trkpt lat="35.44355" lon="138.9253">
<ele>1032.3</ele>
</trkpt>
<trkpt lat="35.44349" lon="138.92523">
<ele>1032.0</ele>
</trkpt>
<trkpt lat="35.44338" lon="138.92512">
<ele>1031.2</ele>
</trkpt>
<trkpt lat="35.44328" lon="138.92502">
<ele>1030.7</ele>
</trkpt>
<trkpt lat="35.44324" lon="138.92497">
<ele>1030.6</ele>
</trkpt>
<trkpt lat="35.44317" lon="138.9249">
<ele>1030.2</ele>
</trkpt>
<trkpt lat="35.44304" lon="138.92474">
<ele>1029.6</ele>
</trkpt>
<trkpt lat="35.44296" lon="138.92463">
<ele>1029.3</ele>
</trkpt>
<trkpt lat="35.44292" lon="138.92457">
<ele>1029.2</ele>
</trkpt>
<trkpt lat="35.44272" lon="138.9243">
<ele>1029.4</ele>
</trkpt>
<trkpt lat="35.44257" lon="138.92407">
<ele>1030.6</ele>
</trkpt>
<trkpt lat="35.44256" lon="138.92407">
<ele>1030.6</ele>
</trkpt>
<trkpt lat="35.44251" lon="138.924">
<ele>1031.2</ele>
</trkpt>
<trkpt lat="35.4423" lon="138.92368">
<ele>1031.8</ele>
</trkpt>
<trkpt lat="35.44195" lon="138.92318">
<ele>1031.2</ele>
</trkpt>
<trkpt lat="35.44193" lon="138.92315">
<ele>1031.0</ele>
</trkpt>
<trkpt lat="35.44154" lon="138.92259">
<ele>1028.1</ele>
</trkpt>
<trkpt lat="35.44146" lon="138.92248">
<ele>1027.7</ele>
</trkpt>
<trkpt lat="35.44129" lon="138.92222">
<ele>1026.3</ele>
</trkpt>
<trkpt lat="35.44112" lon="138.9219699">
<ele>1025.5</ele>
</trkpt>
<trkpt lat="35.4409599" lon="138.92175">
<ele>1025.1</ele>
</trkpt>
<trkpt lat="35.44081" lon="138.92154">
<ele>1025.6</ele>
</trkpt>
<trkpt lat="35.4407799" lon="138.92149">
<ele>1025.7</ele>
</trkpt>
<trkpt lat="35.44073" lon="138.9214299">
<ele>1025.8</ele>
</trkpt>
<trkpt lat="35.44068" lon="138.92137">
<ele>1025.9</ele>
</trkpt>
<trkpt lat="35.44062" lon="138.9213">
<ele>1025.9</ele>
</trkpt>
<trkpt lat="35.44052" lon="138.92119">
<ele>1025.8</ele>
</trkpt>
<trkpt lat="35.44037" lon="138.92101">
<ele>1025.4</ele>
</trkpt>
<trkpt lat="35.43997" lon="138.92059">
<ele>1024.0</ele>
</trkpt>
<trkpt lat="35.43976" lon="138.9203599">
<ele>1023.3</ele>
</trkpt>
<trkpt lat="35.43971" lon="138.9203">
<ele>1023.2</ele>
</trkpt>
<trkpt lat="35.43969" lon="138.92028">
<ele>1023.1</ele>
</trkpt>
<trkpt lat="35.43966" lon="138.92025">
<ele>1022.9</ele>
</trkpt>
<trkpt lat="35.4392799" lon="138.91984">
<ele>1021.0</ele>
</trkpt>
<trkpt lat="35.43922" lon="138.91977">
<ele>1020.7</ele>
</trkpt>
<trkpt lat="35.43916" lon="138.9197">
<ele>1020.4</ele>
</trkpt>
<trkpt lat="35.43911" lon="138.91963">
<ele>1020.4</ele>
</trkpt>
<trkpt lat="35.43902" lon="138.91952">
<ele>1020.3</ele>
</trkpt>
<trkpt lat="35.43898" lon="138.9194599">
<ele>1020.3</ele>
</trkpt>
<trkpt lat="35.43896" lon="138.91945">
<ele>1020.2</ele>
</trkpt>
<trkpt lat="35.43885" lon="138.9192799">
<ele>1020.0</ele>
</trkpt>
<trkpt lat="35.43879" lon="138.9192">
<ele>1019.7</ele>
</trkpt>
<trkpt lat="35.43873" lon="138.9190999">
<ele>1019.6</ele>
</trkpt>
<trkpt lat="35.43866" lon="138.91899">
<ele>1019.5</ele>
</trkpt>
<trkpt lat="35.4386" lon="138.91887">
<ele>1019.4</ele>
</trkpt>
<trkpt lat="35.43853" lon="138.91875">
<ele>1019.3</ele>
</trkpt>
<trkpt lat="35.43837" lon="138.91846">
<ele>1018.9</ele>
</trkpt>
<trkpt lat="35.43833" lon="138.91837">
<ele>1018.9</ele>
</trkpt>
<trkpt lat="35.43828" lon="138.91827">
<ele>1018.7</ele>
</trkpt>
<trkpt lat="35.4382499" lon="138.91823">
<ele>1018.6</ele>
</trkpt>
<trkpt lat="35.43807" lon="138.91789">
<ele>1018.0</ele>
</trkpt>
<trkpt lat="35.43798" lon="138.91772">
<ele>1017.9</ele>
</trkpt>
<trkpt lat="35.43797" lon="138.91772">
<ele>1017.9</ele>
</trkpt>
<trkpt lat="35.4378699" lon="138.91753">
<ele>1018.1</ele>
</trkpt>
<trkpt lat="35.43776" lon="138.91733">
<ele>1018.6</ele>
</trkpt>
<trkpt lat="35.43771" lon="138.91723">
<ele>1018.8</ele>
</trkpt>
<trkpt lat="35.43768" lon="138.91717">
<ele>1018.9</ele>
</trkpt>
<trkpt lat="35.43767" lon="138.91715">
<ele>1018.9</ele>
</trkpt>
<trkpt lat="35.4375799" lon="138.91699">
<ele>1019.0</ele>
</trkpt>
<trkpt lat="35.43757" lon="138.91698">
<ele>1019.0</ele>
</trkpt>
<trkpt lat="35.43753" lon="138.9169">
<ele>1019.0</ele>
</trkpt>
<trkpt lat="35.43743" lon="138.91673">
<ele>1018.9</ele>
</trkpt>
<trkpt lat="35.43732" lon="138.91657">
<ele>1019.9</ele>
</trkpt>
<trkpt lat="35.43728" lon="138.9165">
<ele>1020.6</ele>
</trkpt>
<trkpt lat="35.43722" lon="138.91643">
<ele>1021.1</ele>
</trkpt>
<trkpt lat="35.4372" lon="138.9164">
<ele>1021.4</ele>
</trkpt>
<trkpt lat="35.43716" lon="138.91635">
<ele>1021.7</ele>
</trkpt>
<trkpt lat="35.43712" lon="138.91631">
<ele>1021.9</ele>
</trkpt>
<trkpt lat="35.4371" lon="138.91629">
<ele>1022.0</ele>
</trkpt>
<trkpt lat="35.43699" lon="138.91616">
<ele>1022.5</ele>
</trkpt>
<trkpt lat="35.43696" lon="138.91613">
<ele>1022.5</ele>
</trkpt>
<trkpt lat="35.43681" lon="138.9159699">
<ele>1022.5</ele>
</trkpt>
<trkpt lat="35.43675" lon="138.9159">
<ele>1022.4</ele>
</trkpt>
<trkpt lat="35.43653" lon="138.91567">
<ele>1020.8</ele>
</trkpt>
<trkpt lat="35.43636" lon="138.91549">
<ele>1019.6</ele>
</trkpt>
<trkpt lat="35.43634" lon="138.91547">
<ele>1019.5</ele>
</trkpt>
<trkpt lat="35.4361" lon="138.91522">
<ele>1018.1</ele>
</trkpt>
<trkpt lat="35.436" lon="138.91511">
<ele>1017.6</ele>
</trkpt>
<trkpt lat="35.43597" lon="138.9150699">
<ele>1017.4</ele>
</trkpt>
<trkpt lat="35.4358999" lon="138.915">
<ele>1017.2</ele>
</trkpt>
<trkpt lat="35.43579" lon="138.91487">
<ele>1017.7</ele>
</trkpt>
<trkpt lat="35.43573" lon="138.9148">
<ele>1017.9</ele>
</trkpt>
<trkpt lat="35.43564" lon="138.91468">
<ele>1018.3</ele>
</trkpt>
<trkpt lat="35.43556" lon="138.91457">
<ele>1018.6</ele>
</trkpt>
<trkpt lat="35.4355" lon="138.91448">
<ele>1018.8</ele>
</trkpt>
<trkpt lat="35.43544" lon="138.9143599">
<ele>1019.2</ele>
</trkpt>
<trkpt lat="35.43537" lon="138.91424">
<ele>1019.4</ele>
</trkpt>
<trkpt lat="35.43531" lon="138.91411">
<ele>1019.7</ele>
</trkpt>
<trkpt lat="35.43528" lon="138.91406">
<ele>1019.7</ele>
</trkpt>
<trkpt lat="35.43521" lon="138.91392">
<ele>1019.7</ele>
</trkpt>
<trkpt lat="35.43509" lon="138.91369">
<ele>1019.0</ele>
</trkpt>
<trkpt lat="35.435" lon="138.9135">
<ele>1018.0</ele>
</trkpt>
<trkpt lat="35.43497" lon="138.91344">
<ele>1017.9</ele>
</trkpt>
<trkpt lat="35.43482" lon="138.91314">
<ele>1017.9</ele>
</trkpt>
<trkpt lat="35.43466" lon="138.91283">
<ele>1018.5</ele>
</trkpt>
<trkpt lat="35.43461" lon="138.91274">
<ele>1018.7</ele>
</trkpt>
<trkpt lat="35.43445" lon="138.91242">
<ele>1019.5</ele>
</trkpt>
<trkpt lat="35.43439" lon="138.91224">
<ele>1019.6</ele>
</trkpt>
<trkpt lat="35.43434" lon="138.91213">
<ele>1019.6</ele>
</trkpt>
<trkpt lat="35.43431" lon="138.91201">
<ele>1019.6</ele>
</trkpt>
<trkpt lat="35.43425" lon="138.91181">
<ele>1019.4</ele>
</trkpt>
<trkpt lat="35.43421" lon="138.91166">
<ele>1019.2</ele>
</trkpt>
<trkpt lat="35.43415" lon="138.91144">
<ele>1017.6</ele>
</trkpt>
<trkpt lat="35.43415" lon="138.91141">
<ele>1017.4</ele>
</trkpt>
<trkpt lat="35.43407" lon="138.91112">
<ele>1015.6</ele>
</trkpt>
<trkpt lat="35.43401" lon="138.91088">
<ele>1014.3</ele>
</trkpt>
<trkpt lat="35.43397" lon="138.91074">
<ele>1013.8</ele>
</trkpt>
<trkpt lat="35.43396" lon="138.91071">
<ele>1013.7</ele>
</trkpt>
<trkpt lat="35.43392" lon="138.91057">
<ele>1013.4</ele>
</trkpt>
<trkpt lat="35.43389" lon="138.91047">
<ele>1013.1</ele>
</trkpt>
<trkpt lat="35.43387" lon="138.9104199">
<ele>1013.0</ele>
</trkpt>
<trkpt lat="35.43385" lon="138.91036">
<ele>1012.9</ele>
</trkpt>
<trkpt lat="35.43377" lon="138.91018">
<ele>1012.4</ele>
</trkpt>
<trkpt lat="35.43375" lon="138.91012">
<ele>1012.3</ele>
</trkpt>
<trkpt lat="35.43367" lon="138.90993">
<ele>1012.0</ele>
</trkpt>
<trkpt lat="35.43358" lon="138.90973">
<ele>1011.9</ele>
</trkpt>
<trkpt lat="35.4333699" lon="138.90927">
<ele>1011.2</ele>
</trkpt>
<trkpt lat="35.43322" lon="138.90893">
<ele>1011.2</ele>
</trkpt>
<trkpt lat="35.43304" lon="138.90852">
<ele>1011.5</ele>
</trkpt>
<trkpt lat="35.43298" lon="138.9084">
<ele>1011.5</ele>
</trkpt>
<trkpt lat="35.43295" lon="138.9083599">
<ele>1011.5</ele>
</trkpt>
<trkpt lat="35.43293" lon="138.90832">
<ele>1011.5</ele>
</trkpt>
<trkpt lat="35.43285" lon="138.90819">
<ele>1011.0</ele>
</trkpt>
<trkpt lat="35.43277" lon="138.90807">
<ele>1010.6</ele>
</trkpt>
<trkpt lat="35.43275" lon="138.90804">
<ele>1010.5</ele>
</trkpt>
<trkpt lat="35.4326999" lon="138.90797">
<ele>1010.3</ele>
</trkpt>
<trkpt lat="35.4326099" lon="138.90783">
<ele>1009.8</ele>
</trkpt>
<trkpt lat="35.43246" lon="138.90763">
<ele>1009.2</ele>
</trkpt>
<trkpt lat="35.43237" lon="138.90749">
<ele>1008.6</ele>
</trkpt>
<trkpt lat="35.43229" lon="138.90738">
<ele>1008.1</ele>
</trkpt>
<trkpt lat="35.43212" lon="138.90714">
<ele>1007.1</ele>
</trkpt>
<trkpt lat="35.43211" lon="138.90712">
<ele>1007.1</ele>
</trkpt>
<trkpt lat="35.4320499" lon="138.90704">
<ele>1006.9</ele>
</trkpt>
<trkpt lat="35.43192" lon="138.90684">
<ele>1006.6</ele>
</trkpt>
<trkpt lat="35.4318" lon="138.90668">
<ele>1006.7</ele>
</trkpt>
<trkpt lat="35.43168" lon="138.90651">
<ele>1007.0</ele>
</trkpt>
<trkpt lat="35.43153" lon="138.90628">
<ele>1006.6</ele>
</trkpt>
<trkpt lat="35.4314899" lon="138.90622">
<ele>1006.4</ele>
</trkpt>
<trkpt lat="35.43132" lon="138.90597">
<ele>1005.5</ele>
</trkpt>
<trkpt lat="35.43123" lon="138.90584">
<ele>1004.9</ele>
</trkpt>
<trkpt lat="35.43106" lon="138.9055799">
<ele>1006.3</ele>
</trkpt>
<trkpt lat="35.43091" lon="138.90535">
<ele>1006.7</ele>
</trkpt>
<trkpt lat="35.43087" lon="138.90529">
<ele>1006.7</ele>
</trkpt>
<trkpt lat="35.4307" lon="138.90503">
<ele>1006.9</ele>
</trkpt>
<trkpt lat="35.4306" lon="138.90488">
<ele>1007.1</ele>
</trkpt>
<trkpt lat="35.43059" lon="138.90487">
<ele>1007.1</ele>
</trkpt>
<trkpt lat="35.43049" lon="138.90473">
<ele>1007.1</ele>
</trkpt>
<trkpt lat="35.43044" lon="138.90467">
<ele>1007.0</ele>
</trkpt>
<trkpt lat="35.43039" lon="138.90462">
<ele>1006.8</ele>
</trkpt>
<trkpt lat="35.43037" lon="138.9045999">
<ele>1006.7</ele>
</trkpt>
<trkpt lat="35.43034" lon="138.90458">
<ele>1006.5</ele>
</trkpt>
<trkpt lat="35.4303" lon="138.90455">
<ele>1006.2</ele>
</trkpt>
<trkpt lat="35.43027" lon="138.90453">
<ele>1006.0</ele>
</trkpt>
<trkpt lat="35.43024" lon="138.9045">
<ele>1005.8</ele>
</trkpt>
<trkpt lat="35.43016" lon="138.90446">
<ele>1005.1</ele>
</trkpt>
<trkpt lat="35.42994" lon="138.90432">
<ele>1003.4</ele>
</trkpt>
<trkpt lat="35.42992" lon="138.90431">
<ele>1003.3</ele>
</trkpt>
<trkpt lat="35.42981" lon="138.9042399">
<ele>1002.9</ele>
</trkpt>
<trkpt lat="35.42963" lon="138.90413">
<ele>1002.4</ele>
</trkpt>
<trkpt lat="35.42945" lon="138.90401">
<ele>1002.3</ele>
</trkpt>
<trkpt lat="35.42938" lon="138.9039699">
<ele>1002.2</ele>
</trkpt>
<trkpt lat="35.42925" lon="138.9039">
<ele>1002.0</ele>
</trkpt>
<trkpt lat="35.42917" lon="138.90385">
<ele>1001.9</ele>
</trkpt>
<trkpt lat="35.42909" lon="138.90381">
<ele>1002.0</ele>
</trkpt>
<trkpt lat="35.42908" lon="138.9038">
<ele>1002.1</ele>
</trkpt>
<trkpt lat="35.42904" lon="138.9037899">
<ele>1002.1</ele>
</trkpt>
<trkpt lat="35.42897" lon="138.90378">
<ele>1002.1</ele>
</trkpt>
<trkpt lat="35.42891" lon="138.90377">
<ele>1002.1</ele>
</trkpt>
<trkpt lat="35.42886" lon="138.90377">
<ele>1002.0</ele>
</trkpt>
<trkpt lat="35.42873" lon="138.90376">
<ele>1001.9</ele>
</trkpt>
<trkpt lat="35.42868" lon="138.90376">
<ele>1001.9</ele>
</trkpt>
<trkpt lat="35.42854" lon="138.90376">
<ele>1001.7</ele>
</trkpt>
<trkpt lat="35.42839" lon="138.90376">
<ele>1001.5</ele>
</trkpt>
<trkpt lat="35.42825" lon="138.90375">
<ele>1001.0</ele>
</trkpt>
<trkpt lat="35.42812" lon="138.90374">
<ele>1000.3</ele>
</trkpt>
<trkpt lat="35.42798" lon="138.90375">
<ele>999.4</ele>
</trkpt>
<trkpt lat="35.42767" lon="138.90374">
<ele>997.5</ele>
</trkpt>
<trkpt lat="35.42748" lon="138.90374">
<ele>996.5</ele>
</trkpt>
<trkpt lat="35.42722" lon="138.90374">
<ele>995.7</ele>
</trkpt>
<trkpt lat="35.4271" lon="138.90374">
<ele>995.3</ele>
</trkpt>
<trkpt lat="35.42691" lon="138.90374">
<ele>994.7</ele>
</trkpt>
<trkpt lat="35.42684" lon="138.90373">
<ele>994.5</ele>
</trkpt>
<trkpt lat="35.42678" lon="138.90373">
<ele>994.3</ele>
</trkpt>
<trkpt lat="35.42676" lon="138.90372">
<ele>994.2</ele>
</trkpt>
<trkpt lat="35.42673" lon="138.90371">
<ele>994.1</ele>
</trkpt>
<trkpt lat="35.4266999" lon="138.9036999">
<ele>994.0</ele>
</trkpt>
<trkpt lat="35.42668" lon="138.90369">
<ele>993.9</ele>
</trkpt>
<trkpt lat="35.42665" lon="138.90367">
<ele>993.8</ele>
</trkpt>
<trkpt lat="35.42657" lon="138.90362">
<ele>993.4</ele>
</trkpt>
<trkpt lat="35.4265199" lon="138.90359">
<ele>993.1</ele>
</trkpt>
<trkpt lat="35.4264" lon="138.90351">
<ele>992.5</ele>
</trkpt>
<trkpt lat="35.4264" lon="138.90351">
<ele>992.5</ele>
</trkpt>
<trkpt lat="35.42643" lon="138.90342">
<ele>992.4</ele>
</trkpt>
<trkpt lat="35.42638" lon="138.9034">
<ele>992.2</ele>
</trkpt>
<trkpt lat="35.42631" lon="138.90335">
<ele>991.8</ele>
</trkpt>
<trkpt lat="35.42625" lon="138.90332">
<ele>991.5</ele>
</trkpt>
<trkpt lat="35.42624" lon="138.90331">
<ele>991.4</ele>
</trkpt>
<trkpt lat="35.42617" lon="138.90329">
<ele>991.2</ele>
</trkpt>
<trkpt lat="35.42611" lon="138.90327">
<ele>990.9</ele>
</trkpt>
<trkpt lat="35.42604" lon="138.90324">
<ele>990.6</ele>
</trkpt>
<trkpt lat="35.42598" lon="138.90321">
<ele>990.4</ele>
</trkpt>
<trkpt lat="35.42593" lon="138.90318">
<ele>990.2</ele>
</trkpt>
<trkpt lat="35.42589" lon="138.90313">
<ele>990.0</ele>
</trkpt>
<trkpt lat="35.42587" lon="138.9031">
<ele>989.9</ele>
</trkpt>
<trkpt lat="35.4258499" lon="138.90307">
<ele>989.7</ele>
</trkpt>
<trkpt lat="35.42582" lon="138.903">
<ele>989.6</ele>
</trkpt>
<trkpt lat="35.42579" lon="138.9029">
<ele>989.5</ele>
</trkpt>
<trkpt lat="35.42578" lon="138.90284">
<ele>989.4</ele>
</trkpt>
<trkpt lat="35.4257599" lon="138.9028">
<ele>989.4</ele>
</trkpt>
<trkpt lat="35.42573" lon="138.90275">
<ele>989.3</ele>
</trkpt>
<trkpt lat="35.4257" lon="138.9027">
<ele>989.3</ele>
</trkpt>
<trkpt lat="35.42564" lon="138.90264">
<ele>989.2</ele>
</trkpt>
<trkpt lat="35.42561" lon="138.90261">
<ele>989.2</ele>
</trkpt>
<trkpt lat="35.42557" lon="138.90258">
<ele>989.1</ele>
</trkpt>
<trkpt lat="35.42549" lon="138.9025">
<ele>989.0</ele>
</trkpt>
<trkpt lat="35.4253799" lon="138.9024">
<ele>988.9</ele>
</trkpt>
<trkpt lat="35.4253" lon="138.90231">
<ele>988.7</ele>
</trkpt>
<trkpt lat="35.42522" lon="138.9022">
<ele>988.5</ele>
</trkpt>
<trkpt lat="35.42514" lon="138.9020899">
<ele>988.2</ele>
</trkpt>
<trkpt lat="35.42499" lon="138.9019">
<ele>987.5</ele>
</trkpt>
<trkpt lat="35.42488" lon="138.90176">
<ele>987.0</ele>
</trkpt>
<trkpt lat="35.42487" lon="138.90174">
<ele>986.9</ele>
</trkpt>
<trkpt lat="35.424492" lon="138.901073">
<ele>986.8</ele>
</trkpt>
<trkpt lat="35.424334" lon="138.900721">
<ele>986.3</ele>
</trkpt>
    </trkseg>
  </trk>
</gpx>