<?xml version="1.0" encoding="UTF-8"?>
<gpx version="1.1"
     creator="KMLtoGPX"
     xmlns="http://www.topografix.com/GPX/1/1">
  <metadata>
    <name>Ikaho course</name>
    <desc>伊香保コース</desc>
    <bounds minlat="36.38318694444445" minlon="138.91379194444445" maxlat="36.504063055555555" maxlon="139.07267194444444"/>
  </metadata>
  <trk>
    <name>Ikaho course</name>
    <trkseg>
<trkpt lat="36.38429611111111" lon="139.07267194444444">
<ele>105</ele>
</trkpt>
<trkpt lat="36.38429611111111" lon="139.07262">
<ele>105</ele>
</trkpt>
<trkpt lat="36.38424611111111" lon="139.071745">
<ele>105</ele>
</trkpt>
<trkpt lat="36.38420388888889" lon="139.07085805555556">
<ele>105</ele>
</trkpt>
<trkpt lat="36.38417888888889" lon="139.07020805555555">
<ele>105</ele>
</trkpt>
<trkpt lat="36.38413694444444" lon="139.06972">
<ele>105</ele>
</trkpt>
<trkpt lat="36.38408694444445" lon="139.069245">
<ele>105</ele>
</trkpt>
<trkpt lat="36.38402111111111" lon="139.06867">
<ele>105</ele>
</trkpt>
<trkpt lat="36.38394611111111" lon="139.06802">
<ele>105</ele>
</trkpt>
<trkpt lat="36.383938055555554" lon="139.06797">
<ele>105</ele>
</trkpt>
<trkpt lat="36.38388805555556" lon="139.0674961111111">
<ele>105</ele>
</trkpt>
<trkpt lat="36.38386305555556" lon="139.06729611111112">
<ele>105</ele>
</trkpt>
<trkpt lat="36.383786944444445" lon="139.06665805555556">
<ele>105</ele>
</trkpt>
<trkpt lat="36.38362111111111" lon="139.0651961111111">
<ele>105</ele>
</trkpt>
<trkpt lat="36.38350388888889" lon="139.06428305555556">
<ele>105</ele>
</trkpt>
<trkpt lat="36.383496111111114" lon="139.0641711111111">
<ele>105</ele>
</trkpt>
<trkpt lat="36.38343694444445" lon="139.06363305555556">
<ele>105</ele>
</trkpt>
<trkpt lat="36.383386944444446" lon="139.0631711111111">
<ele>105</ele>
</trkpt>
<trkpt lat="36.383363055555556" lon="139.06293305555556">
<ele>105</ele>
</trkpt>
<trkpt lat="36.38332111111111" lon="139.0625961111111">
<ele>105</ele>
</trkpt>
<trkpt lat="36.38322888888889" lon="139.06173388888888">
<ele>105</ele>
</trkpt>
<trkpt lat="36.383203888888886" lon="139.0612588888889">
<ele>105</ele>
</trkpt>
<trkpt lat="36.383203888888886" lon="139.06104611111112">
<ele>105</ele>
</trkpt>
<trkpt lat="36.383203888888886" lon="139.0606961111111">
<ele>105</ele>
</trkpt>
<trkpt lat="36.383203888888886" lon="139.0605588888889">
<ele>105</ele>
</trkpt>
<trkpt lat="36.38318694444445" lon="139.0604461111111">
<ele>105</ele>
</trkpt>
<trkpt lat="36.38318694444445" lon="139.06037111111112">
<ele>105</ele>
</trkpt>
<trkpt lat="36.38325388888889" lon="139.0581838888889">
<ele>105</ele>
</trkpt>
<trkpt lat="36.383271111111114" lon="139.0580838888889">
<ele>105</ele>
</trkpt>
<trkpt lat="36.38327888888889" lon="139.05790888888887">
<ele>105</ele>
</trkpt>
<trkpt lat="36.38330388888889" lon="139.0574588888889">
<ele>105</ele>
</trkpt>
<trkpt lat="36.38332111111111" lon="139.0572838888889">
<ele>105</ele>
</trkpt>
<trkpt lat="36.38341388888889" lon="139.05667888888888">
<ele>106</ele>
</trkpt>
<trkpt lat="36.38341388888889" lon="139.05667888888888">
<ele>106</ele>
</trkpt>
<trkpt lat="36.38344611111111" lon="139.05647194444444">
<ele>106</ele>
</trkpt>
<trkpt lat="36.38355388888889" lon="139.05567194444444">
<ele>106</ele>
</trkpt>
<trkpt lat="36.38357111111111" lon="139.05552194444445">
<ele>107</ele>
</trkpt>
<trkpt lat="36.38357888888889" lon="139.05514694444443">
<ele>107</ele>
</trkpt>
<trkpt lat="36.38355388888889" lon="139.0550088888889">
<ele>107</ele>
</trkpt>
<trkpt lat="36.38347111111111" lon="139.05414694444445">
<ele>107</ele>
</trkpt>
<trkpt lat="36.38345388888889" lon="139.05393388888888">
<ele>107</ele>
</trkpt>
<trkpt lat="36.38346194444444" lon="139.05377194444443">
<ele>107</ele>
</trkpt>
<trkpt lat="36.38348694444444" lon="139.0536088888889">
<ele>107</ele>
</trkpt>
<trkpt lat="36.38355388888889" lon="139.05309694444443">
<ele>107</ele>
</trkpt>
<trkpt lat="36.383586944444446" lon="139.05284694444444">
<ele>107</ele>
</trkpt>
<trkpt lat="36.38364611111111" lon="139.05234694444445">
<ele>108</ele>
</trkpt>
<trkpt lat="36.38364611111111" lon="139.05229694444444">
<ele>108</ele>
</trkpt>
<trkpt lat="36.38368694444444" lon="139.05202194444445">
<ele>108</ele>
</trkpt>
<trkpt lat="36.383745" lon="139.05155888888888">
<ele>108</ele>
</trkpt>
<trkpt lat="36.38377" lon="139.0513838888889">
<ele>108</ele>
</trkpt>
<trkpt lat="36.383795" lon="139.05119694444446">
<ele>108</ele>
</trkpt>
<trkpt lat="36.383811944444446" lon="139.05107194444443">
<ele>108</ele>
</trkpt>
<trkpt lat="36.38388694444444" lon="139.05042194444445">
<ele>108</ele>
</trkpt>
<trkpt lat="36.383961944444444" lon="139.04991">
<ele>109</ele>
</trkpt>
<trkpt lat="36.38397888888889" lon="139.049735">
<ele>109</ele>
</trkpt>
<trkpt lat="36.384036944444446" lon="139.04931">
<ele>109</ele>
</trkpt>
<trkpt lat="36.38407" lon="139.048985">
<ele>110</ele>
</trkpt>
<trkpt lat="36.38413694444444" lon="139.04844694444444">
<ele>110</ele>
</trkpt>
<trkpt lat="36.384195" lon="139.047985">
<ele>110</ele>
</trkpt>
<trkpt lat="36.384211944444445" lon="139.04791">
<ele>110</ele>
</trkpt>
<trkpt lat="36.384253888888885" lon="139.04756194444445">
<ele>110</ele>
</trkpt>
<trkpt lat="36.384253888888885" lon="139.04756194444445">
<ele>110</ele>
</trkpt>
<trkpt lat="36.38428694444445" lon="139.04729694444444">
<ele>110</ele>
</trkpt>
<trkpt lat="36.384345" lon="139.046785">
<ele>111</ele>
</trkpt>
<trkpt lat="36.38442888888889" lon="139.04616">
<ele>111</ele>
</trkpt>
<trkpt lat="36.384445" lon="139.04597305555555">
<ele>111</ele>
</trkpt>
<trkpt lat="36.38453694444444" lon="139.04532194444445">
<ele>111</ele>
</trkpt>
<trkpt lat="36.384545" lon="139.045235">
<ele>111</ele>
</trkpt>
<trkpt lat="36.384611944444444" lon="139.04459805555555">
<ele>111</ele>
</trkpt>
<trkpt lat="36.384645" lon="139.04441">
<ele>111</ele>
</trkpt>
<trkpt lat="36.384703055555555" lon="139.04392305555555">
<ele>111</ele>
</trkpt>
<trkpt lat="36.38475305555556" lon="139.04349805555555">
<ele>111</ele>
</trkpt>
<trkpt lat="36.384811944444444" lon="139.04302305555555">
<ele>111</ele>
</trkpt>
<trkpt lat="36.384945" lon="139.04206">
<ele>110</ele>
</trkpt>
<trkpt lat="36.38497805555556" lon="139.04176">
<ele>110</ele>
</trkpt>
<trkpt lat="36.38502805555556" lon="139.04131">
<ele>110</ele>
</trkpt>
<trkpt lat="36.385061944444445" lon="139.04082305555556">
<ele>110</ele>
</trkpt>
<trkpt lat="36.38507" lon="139.04043611111112">
<ele>110</ele>
</trkpt>
<trkpt lat="36.385086944444446" lon="139.04002305555557">
<ele>110</ele>
</trkpt>
<trkpt lat="36.385095" lon="139.03977305555554">
<ele>110</ele>
</trkpt>
<trkpt lat="36.38512" lon="139.0393361111111">
<ele>111</ele>
</trkpt>
<trkpt lat="36.38513694444445" lon="139.03914805555556">
<ele>111</ele>
</trkpt>
<trkpt lat="36.385153055555556" lon="139.03873611111112">
<ele>111</ele>
</trkpt>
<trkpt lat="36.38517" lon="139.0384361111111">
<ele>111</ele>
</trkpt>
<trkpt lat="36.38518694444444" lon="139.03796111111112">
<ele>111</ele>
</trkpt>
<trkpt lat="36.38519194444444" lon="139.03788194444445">
<ele>111</ele>
</trkpt>
<trkpt lat="36.38519194444444" lon="139.03788194444445">
<ele>111</ele>
</trkpt>
<trkpt lat="36.38521194444444" lon="139.03757305555555">
<ele>111</ele>
</trkpt>
<trkpt lat="36.38520305555556" lon="139.0374611111111">
<ele>111</ele>
</trkpt>
<trkpt lat="36.385286944444445" lon="139.03749805555555">
<ele>111</ele>
</trkpt>
<trkpt lat="36.38552" lon="139.03752305555557">
<ele>111</ele>
</trkpt>
<trkpt lat="36.38572" lon="139.0375361111111">
<ele>111</ele>
</trkpt>
<trkpt lat="36.38598611111111" lon="139.03754805555556">
<ele>111</ele>
</trkpt>
<trkpt lat="36.386095" lon="139.0375611111111">
<ele>111</ele>
</trkpt>
<trkpt lat="36.38627" lon="139.03757305555555">
<ele>112</ele>
</trkpt>
<trkpt lat="36.386653055555556" lon="139.03762305555554">
<ele>112</ele>
</trkpt>
<trkpt lat="36.386828055555554" lon="139.0376361111111">
<ele>112</ele>
</trkpt>
<trkpt lat="36.38688611111111" lon="139.03762305555554">
<ele>112</ele>
</trkpt>
<trkpt lat="36.387028055555554" lon="139.03757305555555">
<ele>112</ele>
</trkpt>
<trkpt lat="36.38717805555556" lon="139.0375611111111">
<ele>112</ele>
</trkpt>
<trkpt lat="36.38766888888889" lon="139.0375611111111">
<ele>113</ele>
</trkpt>
<trkpt lat="36.38776" lon="139.0375611111111">
<ele>113</ele>
</trkpt>
<trkpt lat="36.38776" lon="139.0375611111111">
<ele>113</ele>
</trkpt>
<trkpt lat="36.38849388888889" lon="139.0375611111111">
<ele>114</ele>
</trkpt>
<trkpt lat="36.38846111111111" lon="139.03712305555555">
<ele>114</ele>
</trkpt>
<trkpt lat="36.38845305555556" lon="139.03697305555556">
<ele>114</ele>
</trkpt>
<trkpt lat="36.38844388888889" lon="139.0368861111111">
<ele>114</ele>
</trkpt>
<trkpt lat="36.38831888888889" lon="139.03584805555556">
<ele>114</ele>
</trkpt>
<trkpt lat="36.38824388888889" lon="139.0349611111111">
<ele>114</ele>
</trkpt>
<trkpt lat="36.388218888888886" lon="139.03472305555556">
<ele>115</ele>
</trkpt>
<trkpt lat="36.38817805555556" lon="139.03427305555556">
<ele>115</ele>
</trkpt>
<trkpt lat="36.388061111111114" lon="139.0331111111111">
<ele>117</ele>
</trkpt>
<trkpt lat="36.38802805555556" lon="139.0327738888889">
<ele>117</ele>
</trkpt>
<trkpt lat="36.38801888888889" lon="139.0326738888889">
<ele>117</ele>
</trkpt>
<trkpt lat="36.38796888888889" lon="139.0321988888889">
<ele>117</ele>
</trkpt>
<trkpt lat="36.38796111111111" lon="139.0320738888889">
<ele>117</ele>
</trkpt>
<trkpt lat="36.38793611111111" lon="139.03183611111112">
<ele>118</ele>
</trkpt>
<trkpt lat="36.38791888888889" lon="139.0316488888889">
<ele>118</ele>
</trkpt>
<trkpt lat="36.38785305555555" lon="139.0307488888889">
<ele>118</ele>
</trkpt>
<trkpt lat="36.38784388888889" lon="139.03067388888888">
<ele>118</ele>
</trkpt>
<trkpt lat="36.387838055555555" lon="139.030575">
<ele>118</ele>
</trkpt>
<trkpt lat="36.387838055555555" lon="139.030575">
<ele>118</ele>
</trkpt>
<trkpt lat="36.38781888888889" lon="139.0303111111111">
<ele>118</ele>
</trkpt>
<trkpt lat="36.38778611111111" lon="139.0298361111111">
<ele>118</ele>
</trkpt>
<trkpt lat="36.387768888888885" lon="139.0296361111111">
<ele>118</ele>
</trkpt>
<trkpt lat="36.387768888888885" lon="139.02942388888889">
<ele>118</ele>
</trkpt>
<trkpt lat="36.38778611111111" lon="139.0290611111111">
<ele>119</ele>
</trkpt>
<trkpt lat="36.38778611111111" lon="139.02888611111112">
<ele>119</ele>
</trkpt>
<trkpt lat="36.387793888888886" lon="139.0285738888889">
<ele>119</ele>
</trkpt>
<trkpt lat="36.38781111111111" lon="139.0282488888889">
<ele>119</ele>
</trkpt>
<trkpt lat="36.38783611111111" lon="139.0275488888889">
<ele>114</ele>
</trkpt>
<trkpt lat="36.38784388888889" lon="139.02731194444445">
<ele>114</ele>
</trkpt>
<trkpt lat="36.38785305555555" lon="139.0270238888889">
<ele>114</ele>
</trkpt>
<trkpt lat="36.387861111111114" lon="139.02646194444443">
<ele>115</ele>
</trkpt>
<trkpt lat="36.38788611111111" lon="139.0262988888889">
<ele>116</ele>
</trkpt>
<trkpt lat="36.38791111111111" lon="139.02594888888888">
<ele>120</ele>
</trkpt>
<trkpt lat="36.387951944444445" lon="139.02578694444443">
<ele>120</ele>
</trkpt>
<trkpt lat="36.38804388888889" lon="139.0255238888889">
<ele>120</ele>
</trkpt>
<trkpt lat="36.38838611111111" lon="139.0245488888889">
<ele>121</ele>
</trkpt>
<trkpt lat="36.38874388888889" lon="139.02348694444444">
<ele>123</ele>
</trkpt>
<trkpt lat="36.38876888888889" lon="139.02341194444443">
<ele>123</ele>
</trkpt>
<trkpt lat="36.38903611111111" lon="139.0226238888889">
<ele>124</ele>
</trkpt>
<trkpt lat="36.38921888888889" lon="139.02213694444444">
<ele>125</ele>
</trkpt>
<trkpt lat="36.38952694444444" lon="139.02141194444445">
<ele>125</ele>
</trkpt>
<trkpt lat="36.38977694444444" lon="139.020875">
<ele>126</ele>
</trkpt>
<trkpt lat="36.38983611111111" lon="139.02075">
<ele>126</ele>
</trkpt>
<trkpt lat="36.39031888888889" lon="139.01973694444445">
<ele>128</ele>
</trkpt>
<trkpt lat="36.39051888888889" lon="139.01928694444445">
<ele>128</ele>
</trkpt>
<trkpt lat="36.39064388888889" lon="139.01901194444446">
<ele>129</ele>
</trkpt>
<trkpt lat="36.390865" lon="139.0185011111111">
<ele>129</ele>
</trkpt>
<trkpt lat="36.390865" lon="139.0185011111111">
<ele>129</ele>
</trkpt>
<trkpt lat="36.39104388888889" lon="139.01808694444443">
<ele>130</ele>
</trkpt>
<trkpt lat="36.391176944444446" lon="139.017775">
<ele>130</ele>
</trkpt>
<trkpt lat="36.39131888888889" lon="139.01743694444446">
<ele>130</ele>
</trkpt>
<trkpt lat="36.391376944444445" lon="139.01726305555556">
<ele>130</ele>
</trkpt>
<trkpt lat="36.391418888888886" lon="139.01708805555555">
<ele>130</ele>
</trkpt>
<trkpt lat="36.39147694444444" lon="139.01678694444445">
<ele>130</ele>
</trkpt>
<trkpt lat="36.39151" lon="139.016525">
<ele>130</ele>
</trkpt>
<trkpt lat="36.39151888888889" lon="139.01643694444445">
<ele>130</ele>
</trkpt>
<trkpt lat="36.391535" lon="139.01625">
<ele>130</ele>
</trkpt>
<trkpt lat="36.39161" lon="139.01568805555556">
<ele>130</ele>
</trkpt>
<trkpt lat="36.391635" lon="139.015475">
<ele>130</ele>
</trkpt>
<trkpt lat="36.39170194444444" lon="139.01511194444444">
<ele>130</ele>
</trkpt>
<trkpt lat="36.391801944444445" lon="139.014825">
<ele>130</ele>
</trkpt>
<trkpt lat="36.39194305555556" lon="139.01455">
<ele>131</ele>
</trkpt>
<trkpt lat="36.39215194444444" lon="139.0142">
<ele>132</ele>
</trkpt>
<trkpt lat="36.392185" lon="139.01413805555555">
<ele>132</ele>
</trkpt>
<trkpt lat="36.39235194444444" lon="139.01383805555557">
<ele>133</ele>
</trkpt>
<trkpt lat="36.392785" lon="139.01301305555555">
<ele>135</ele>
</trkpt>
<trkpt lat="36.392876944444446" lon="139.01283805555556">
<ele>135</ele>
</trkpt>
<trkpt lat="36.392943055555556" lon="139.012725">
<ele>136</ele>
</trkpt>
<trkpt lat="36.393076111111114" lon="139.01245">
<ele>136</ele>
</trkpt>
<trkpt lat="36.393118055555554" lon="139.01236305555557">
<ele>136</ele>
</trkpt>
<trkpt lat="36.393301111111114" lon="139.012">
<ele>137</ele>
</trkpt>
<trkpt lat="36.39337611111111" lon="139.01186305555555">
<ele>137</ele>
</trkpt>
<trkpt lat="36.39346" lon="139.0117">
<ele>137</ele>
</trkpt>
<trkpt lat="36.39349305555555" lon="139.011625">
<ele>138</ele>
</trkpt>
<trkpt lat="36.39371" lon="139.0112">
<ele>138</ele>
</trkpt>
<trkpt lat="36.39381" lon="139.011">
<ele>138</ele>
</trkpt>
<trkpt lat="36.39385111111111" lon="139.010925">
<ele>139</ele>
</trkpt>
<trkpt lat="36.393951111111114" lon="139.01071305555556">
<ele>139</ele>
</trkpt>
<trkpt lat="36.39402611111111" lon="139.01056305555556">
<ele>139</ele>
</trkpt>
<trkpt lat="36.394085" lon="139.01043805555557">
<ele>139</ele>
</trkpt>
<trkpt lat="36.39416" lon="139.010275">
<ele>140</ele>
</trkpt>
<trkpt lat="36.394235" lon="139.01008805555554">
<ele>140</ele>
</trkpt>
<trkpt lat="36.39430111111111" lon="139.00993805555555">
<ele>140</ele>
</trkpt>
<trkpt lat="36.39441" lon="139.00968805555556">
<ele>140</ele>
</trkpt>
<trkpt lat="36.39456805555555" lon="139.00927611111112">
<ele>141</ele>
</trkpt>
<trkpt lat="36.39490111111111" lon="139.00838805555554">
<ele>143</ele>
</trkpt>
<trkpt lat="36.39503388888889" lon="139.00802611111112">
<ele>143</ele>
</trkpt>
<trkpt lat="36.39508388888889" lon="139.00792611111112">
<ele>144</ele>
</trkpt>
<trkpt lat="36.395243055555554" lon="139.00746305555555">
<ele>145</ele>
</trkpt>
<trkpt lat="36.39530111111111" lon="139.0071761111111">
<ele>146</ele>
</trkpt>
<trkpt lat="36.39534305555556" lon="139.00688805555555">
<ele>146</ele>
</trkpt>
<trkpt lat="36.39550111111111" lon="139.0055011111111">
<ele>148</ele>
</trkpt>
<trkpt lat="36.39553388888889" lon="139.00520111111112">
<ele>148</ele>
</trkpt>
<trkpt lat="36.39555" lon="139.00507194444444">
<ele>148</ele>
</trkpt>
<trkpt lat="36.39555" lon="139.0050711111111">
<ele>148</ele>
</trkpt>
<trkpt lat="36.39556694444445" lon="139.0049261111111">
<ele>149</ele>
</trkpt>
<trkpt lat="36.395716944444445" lon="139.0036511111111">
<ele>151</ele>
</trkpt>
<trkpt lat="36.395741944444445" lon="139.00343805555556">
<ele>151</ele>
</trkpt>
<trkpt lat="36.39579305555556" lon="139.0030011111111">
<ele>152</ele>
</trkpt>
<trkpt lat="36.39586805555555" lon="139.0024138888889">
<ele>153</ele>
</trkpt>
<trkpt lat="36.39590888888889" lon="139.0020638888889">
<ele>153</ele>
</trkpt>
<trkpt lat="36.39593388888889" lon="139.0018388888889">
<ele>153</ele>
</trkpt>
<trkpt lat="36.39595111111111" lon="139.00167611111112">
<ele>153</ele>
</trkpt>
<trkpt lat="36.39595111111111" lon="139.0015011111111">
<ele>154</ele>
</trkpt>
<trkpt lat="36.395941944444445" lon="139.00077611111112">
<ele>155</ele>
</trkpt>
<trkpt lat="36.395918055555555" lon="138.9997138888889">
<ele>157</ele>
</trkpt>
<trkpt lat="36.395918055555555" lon="138.9993638888889">
<ele>157</ele>
</trkpt>
<trkpt lat="36.39593388888889" lon="138.99827611111112">
<ele>159</ele>
</trkpt>
<trkpt lat="36.395941944444445" lon="138.99785111111112">
<ele>159</ele>
</trkpt>
<trkpt lat="36.39595111111111" lon="138.99736388888888">
<ele>160</ele>
</trkpt>
<trkpt lat="36.39592611111111" lon="138.9972511111111">
<ele>160</ele>
</trkpt>
<trkpt lat="36.39586694444444" lon="138.9970138888889">
<ele>160</ele>
</trkpt>
<trkpt lat="36.39579194444445" lon="138.99681388888888">
<ele>161</ele>
</trkpt>
<trkpt lat="36.39538388888889" lon="138.9956388888889">
<ele>162</ele>
</trkpt>
<trkpt lat="36.39523388888889" lon="138.9951888888889">
<ele>162</ele>
</trkpt>
<trkpt lat="36.39518388888889" lon="138.99500194444445">
<ele>162</ele>
</trkpt>
<trkpt lat="36.39517611111111" lon="138.99488888888888">
<ele>162</ele>
</trkpt>
<trkpt lat="36.39519194444444" lon="138.99467694444445">
<ele>162</ele>
</trkpt>
<trkpt lat="36.39520888888889" lon="138.99455194444445">
<ele>162</ele>
</trkpt>
<trkpt lat="36.395291944444445" lon="138.99425194444444">
<ele>162</ele>
</trkpt>
<trkpt lat="36.39533388888889" lon="138.99410194444445">
<ele>163</ele>
</trkpt>
<trkpt lat="36.39538388888889" lon="138.99398888888888">
<ele>163</ele>
</trkpt>
<trkpt lat="36.39543388888889" lon="138.99387694444445">
<ele>163</ele>
</trkpt>
<trkpt lat="36.395516944444445" lon="138.99375194444445">
<ele>163</ele>
</trkpt>
<trkpt lat="36.39562611111111" lon="138.9936138888889">
<ele>163</ele>
</trkpt>
<trkpt lat="36.395691944444444" lon="138.99351388888888">
<ele>164</ele>
</trkpt>
<trkpt lat="36.39581694444445" lon="138.9933888888889">
<ele>165</ele>
</trkpt>
<trkpt lat="36.39595111111111" lon="138.99327694444443">
<ele>166</ele>
</trkpt>
<trkpt lat="36.39605888888889" lon="138.9932388888889">
<ele>166</ele>
</trkpt>
<trkpt lat="36.39622611111111" lon="138.9932138888889">
<ele>166</ele>
</trkpt>
<trkpt lat="36.39640111111111" lon="138.99320194444445">
<ele>166</ele>
</trkpt>
<trkpt lat="36.39653388888889" lon="138.99318888888888">
<ele>166</ele>
</trkpt>
<trkpt lat="36.39662611111111" lon="138.9931638888889">
<ele>166</ele>
</trkpt>
<trkpt lat="36.39671694444444" lon="138.99310194444445">
<ele>167</ele>
</trkpt>
<trkpt lat="36.396841944444446" lon="138.9930138888889">
<ele>167</ele>
</trkpt>
<trkpt lat="36.397058888888886" lon="138.99286388888888">
<ele>168</ele>
</trkpt>
<trkpt lat="36.39725" lon="138.99270194444443">
<ele>169</ele>
</trkpt>
<trkpt lat="36.397483888888885" lon="138.99252694444445">
<ele>170</ele>
</trkpt>
<trkpt lat="36.39765888888889" lon="138.99240194444445">
<ele>171</ele>
</trkpt>
<trkpt lat="36.398091944444445" lon="138.99205194444446">
<ele>173</ele>
</trkpt>
<trkpt lat="36.398316944444446" lon="138.99183888888888">
<ele>174</ele>
</trkpt>
<trkpt lat="36.39848388888889" lon="138.9916638888889">
<ele>175</ele>
</trkpt>
<trkpt lat="36.398775" lon="138.99136388888888">
<ele>175</ele>
</trkpt>
<trkpt lat="36.398825" lon="138.9913138888889">
<ele>175</ele>
</trkpt>
<trkpt lat="36.399008055555555" lon="138.9911138888889">
<ele>176</ele>
</trkpt>
<trkpt lat="36.39913305555555" lon="138.99095194444445">
<ele>176</ele>
</trkpt>
<trkpt lat="36.39917694444444" lon="138.9908861111111">
<ele>177</ele>
</trkpt>
<trkpt lat="36.39917694444444" lon="138.9908861111111">
<ele>177</ele>
</trkpt>
<trkpt lat="36.399258055555556" lon="138.9907638888889">
<ele>177</ele>
</trkpt>
<trkpt lat="36.39938305555555" lon="138.9905638888889">
<ele>178</ele>
</trkpt>
<trkpt lat="36.399541944444444" lon="138.99036388888888">
<ele>179</ele>
</trkpt>
<trkpt lat="36.399633055555555" lon="138.9902888888889">
<ele>180</ele>
</trkpt>
<trkpt lat="36.399725" lon="138.99022694444446">
<ele>180</ele>
</trkpt>
<trkpt lat="36.399883055555556" lon="138.99013888888888">
<ele>180</ele>
</trkpt>
<trkpt lat="36.400525" lon="138.9897638888889">
<ele>182</ele>
</trkpt>
<trkpt lat="36.4006" lon="138.98972694444444">
<ele>182</ele>
</trkpt>
<trkpt lat="36.40078305555556" lon="138.98965194444443">
<ele>183</ele>
</trkpt>
<trkpt lat="36.400958055555556" lon="138.98960194444444">
<ele>183</ele>
</trkpt>
<trkpt lat="36.40105805555555" lon="138.98955194444446">
<ele>183</ele>
</trkpt>
<trkpt lat="36.401183055555556" lon="138.98945194444445">
<ele>184</ele>
</trkpt>
<trkpt lat="36.4015" lon="138.9891888888889">
<ele>184</ele>
</trkpt>
<trkpt lat="36.40190805555556" lon="138.98882694444444">
<ele>187</ele>
</trkpt>
<trkpt lat="36.402298888888886" lon="138.98865194444446">
<ele>189</ele>
</trkpt>
<trkpt lat="36.402408055555554" lon="138.98860194444444">
<ele>189</ele>
</trkpt>
<trkpt lat="36.40254888888889" lon="138.98853888888888">
<ele>189</ele>
</trkpt>
<trkpt lat="36.40269888888889" lon="138.98843888888888">
<ele>188</ele>
</trkpt>
<trkpt lat="36.40289111111111" lon="138.98827694444444">
<ele>189</ele>
</trkpt>
<trkpt lat="36.403083055555555" lon="138.98811388888888">
<ele>190</ele>
</trkpt>
<trkpt lat="36.40322388888889" lon="138.9880138888889">
<ele>191</ele>
</trkpt>
<trkpt lat="36.40372388888889" lon="138.98766388888887">
<ele>193</ele>
</trkpt>
<trkpt lat="36.403958055555556" lon="138.98752694444445">
<ele>194</ele>
</trkpt>
<trkpt lat="36.404223888888886" lon="138.98735194444444">
<ele>196</ele>
</trkpt>
<trkpt lat="36.40449111111111" lon="138.98717694444446">
<ele>195</ele>
</trkpt>
<trkpt lat="36.405033055555556" lon="138.98675194444445">
<ele>198</ele>
</trkpt>
<trkpt lat="36.40549111111111" lon="138.98638888888888">
<ele>200</ele>
</trkpt>
<trkpt lat="36.405633055555555" lon="138.98622694444444">
<ele>201</ele>
</trkpt>
<trkpt lat="36.40575694444444" lon="138.9860138888889">
<ele>201</ele>
</trkpt>
<trkpt lat="36.40584111111111" lon="138.98583888888888">
<ele>202</ele>
</trkpt>
<trkpt lat="36.40598194444444" lon="138.98537694444445">
<ele>204</ele>
</trkpt>
<trkpt lat="36.40614111111111" lon="138.98480194444446">
<ele>206</ele>
</trkpt>
<trkpt lat="36.40625694444444" lon="138.9843888888889">
<ele>207</ele>
</trkpt>
<trkpt lat="36.406306944444445" lon="138.98420194444444">
<ele>207</ele>
</trkpt>
<trkpt lat="36.40640694444444" lon="138.98390194444445">
<ele>208</ele>
</trkpt>
<trkpt lat="36.40649111111111" lon="138.98367694444445">
<ele>209</ele>
</trkpt>
<trkpt lat="36.40661611111111" lon="138.98335194444445">
<ele>210</ele>
</trkpt>
<trkpt lat="36.40684888888889" lon="138.98278888888888">
<ele>212</ele>
</trkpt>
<trkpt lat="36.40712388888889" lon="138.98212694444445">
<ele>215</ele>
</trkpt>
<trkpt lat="36.40732388888889" lon="138.98169">
<ele>217</ele>
</trkpt>
<trkpt lat="36.407565" lon="138.98112694444444">
<ele>219</ele>
</trkpt>
<trkpt lat="36.408031944444446" lon="138.98015194444446">
<ele>223</ele>
</trkpt>
<trkpt lat="36.40814" lon="138.97990194444444">
<ele>224</ele>
</trkpt>
<trkpt lat="36.40824" lon="138.97960194444445">
<ele>225</ele>
</trkpt>
<trkpt lat="36.40839" lon="138.97917694444445">
<ele>227</ele>
</trkpt>
<trkpt lat="36.408498888888886" lon="138.978965">
<ele>227</ele>
</trkpt>
<trkpt lat="36.40875" lon="138.9786038888889">
<ele>229</ele>
</trkpt>
<trkpt lat="36.40875" lon="138.9786038888889">
<ele>229</ele>
</trkpt>
<trkpt lat="36.409256944444444" lon="138.97787694444443">
<ele>232</ele>
</trkpt>
<trkpt lat="36.40940694444444" lon="138.97765194444443">
<ele>232</ele>
</trkpt>
<trkpt lat="36.409565" lon="138.97737694444444">
<ele>234</ele>
</trkpt>
<trkpt lat="36.409773055555554" lon="138.97699">
<ele>236</ele>
</trkpt>
<trkpt lat="36.40984805555556" lon="138.97689">
<ele>236</ele>
</trkpt>
<trkpt lat="36.409906944444444" lon="138.97684">
<ele>236</ele>
</trkpt>
<trkpt lat="36.40999" lon="138.97677694444445">
<ele>237</ele>
</trkpt>
<trkpt lat="36.41034805555555" lon="138.976565">
<ele>238</ele>
</trkpt>
<trkpt lat="36.41084" lon="138.97629">
<ele>241</ele>
</trkpt>
<trkpt lat="36.411665" lon="138.97587694444445">
<ele>245</ele>
</trkpt>
<trkpt lat="36.41179" lon="138.975815">
<ele>246</ele>
</trkpt>
<trkpt lat="36.41205611111111" lon="138.97567694444444">
<ele>246</ele>
</trkpt>
<trkpt lat="36.412106111111115" lon="138.97565194444445">
<ele>247</ele>
</trkpt>
<trkpt lat="36.41276388888889" lon="138.975315">
<ele>250</ele>
</trkpt>
<trkpt lat="36.41335611111111" lon="138.97500305555556">
<ele>253</ele>
</trkpt>
<trkpt lat="36.41343111111111" lon="138.97494">
<ele>252</ele>
</trkpt>
<trkpt lat="36.41368111111111" lon="138.97475194444445">
<ele>254</ele>
</trkpt>
<trkpt lat="36.41383111111111" lon="138.97464">
<ele>255</ele>
</trkpt>
<trkpt lat="36.414098055555556" lon="138.97440194444445">
<ele>257</ele>
</trkpt>
<trkpt lat="36.41423888888889" lon="138.974265">
<ele>257</ele>
</trkpt>
<trkpt lat="36.41451388888889" lon="138.973965">
<ele>259</ele>
</trkpt>
<trkpt lat="36.41486388888889" lon="138.973565">
<ele>260</ele>
</trkpt>
<trkpt lat="36.41583111111111" lon="138.97252694444444">
<ele>266</ele>
</trkpt>
<trkpt lat="36.41591388888889" lon="138.97244">
<ele>266</ele>
</trkpt>
<trkpt lat="36.416271944444446" lon="138.97207805555556">
<ele>268</ele>
</trkpt>
<trkpt lat="36.41648111111111" lon="138.97187805555555">
<ele>269</ele>
</trkpt>
<trkpt lat="36.41659694444444" lon="138.97179">
<ele>270</ele>
</trkpt>
<trkpt lat="36.41672194444445" lon="138.97172805555556">
<ele>270</ele>
</trkpt>
<trkpt lat="36.41742194444444" lon="138.971415">
<ele>273</ele>
</trkpt>
<trkpt lat="36.41748888888889" lon="138.97139">
<ele>273</ele>
</trkpt>
<trkpt lat="36.41764694444444" lon="138.97132805555555">
<ele>274</ele>
</trkpt>
<trkpt lat="36.41773888888889" lon="138.971315">
<ele>274</ele>
</trkpt>
<trkpt lat="36.41813" lon="138.971265">
<ele>276</ele>
</trkpt>
<trkpt lat="36.41827194444444" lon="138.97122694444445">
<ele>275</ele>
</trkpt>
<trkpt lat="36.418346944444444" lon="138.97119">
<ele>276</ele>
</trkpt>
<trkpt lat="36.418455" lon="138.97107805555555">
<ele>277</ele>
</trkpt>
<trkpt lat="36.418505" lon="138.97102694444445">
<ele>277</ele>
</trkpt>
<trkpt lat="36.41863" lon="138.97084">
<ele>278</ele>
</trkpt>
<trkpt lat="36.41865111111111" lon="138.9708038888889">
<ele>278</ele>
</trkpt>
<trkpt lat="36.41865111111111" lon="138.9708038888889">
<ele>278</ele>
</trkpt>
<trkpt lat="36.418855" lon="138.97045305555557">
<ele>279</ele>
</trkpt>
<trkpt lat="36.419063888888886" lon="138.97010305555557">
<ele>281</ele>
</trkpt>
<trkpt lat="36.41911388888889" lon="138.96997805555554">
<ele>282</ele>
</trkpt>
<trkpt lat="36.41914694444444" lon="138.96987805555557">
<ele>282</ele>
</trkpt>
<trkpt lat="36.41923" lon="138.969365">
<ele>285</ele>
</trkpt>
<trkpt lat="36.419255" lon="138.96924">
<ele>285</ele>
</trkpt>
<trkpt lat="36.41933" lon="138.96899">
<ele>286</ele>
</trkpt>
<trkpt lat="36.41961305555556" lon="138.96829">
<ele>289</ele>
</trkpt>
<trkpt lat="36.419763055555556" lon="138.967915">
<ele>290</ele>
</trkpt>
<trkpt lat="36.41979694444444" lon="138.96785305555557">
<ele>291</ele>
</trkpt>
<trkpt lat="36.419855" lon="138.96779">
<ele>291</ele>
</trkpt>
<trkpt lat="36.41992194444445" lon="138.96772805555557">
<ele>291</ele>
</trkpt>
<trkpt lat="36.42014694444445" lon="138.967565">
<ele>291</ele>
</trkpt>
<trkpt lat="36.420321944444446" lon="138.96744">
<ele>291</ele>
</trkpt>
<trkpt lat="36.420405" lon="138.96735305555555">
<ele>291</ele>
</trkpt>
<trkpt lat="36.420455" lon="138.96727805555557">
<ele>292</ele>
</trkpt>
<trkpt lat="36.420505" lon="138.96717805555556">
<ele>292</ele>
</trkpt>
<trkpt lat="36.42068805555556" lon="138.966715">
<ele>294</ele>
</trkpt>
<trkpt lat="36.420788055555555" lon="138.96654">
<ele>294</ele>
</trkpt>
<trkpt lat="36.42087194444444" lon="138.96644">
<ele>294</ele>
</trkpt>
<trkpt lat="36.42106305555556" lon="138.96625305555557">
<ele>295</ele>
</trkpt>
<trkpt lat="36.421555" lon="138.965765">
<ele>298</ele>
</trkpt>
<trkpt lat="36.42162111111111" lon="138.96570305555557">
<ele>299</ele>
</trkpt>
<trkpt lat="36.42193" lon="138.9653911111111">
<ele>300</ele>
</trkpt>
<trkpt lat="36.42213" lon="138.96521611111112">
<ele>302</ele>
</trkpt>
<trkpt lat="36.422305" lon="138.96510305555555">
<ele>302</ele>
</trkpt>
<trkpt lat="36.42248" lon="138.96502805555556">
<ele>303</ele>
</trkpt>
<trkpt lat="36.422671111111114" lon="138.96497805555555">
<ele>305</ele>
</trkpt>
<trkpt lat="36.42308805555555" lon="138.96490305555557">
<ele>307</ele>
</trkpt>
<trkpt lat="36.42328805555555" lon="138.964865">
<ele>308</ele>
</trkpt>
<trkpt lat="36.42342111111111" lon="138.96484">
<ele>309</ele>
</trkpt>
<trkpt lat="36.42357888888889" lon="138.96479">
<ele>310</ele>
</trkpt>
<trkpt lat="36.42373805555555" lon="138.96469">
<ele>310</ele>
</trkpt>
<trkpt lat="36.42383805555556" lon="138.964565">
<ele>311</ele>
</trkpt>
<trkpt lat="36.423963055555554" lon="138.96437805555556">
<ele>312</ele>
</trkpt>
<trkpt lat="36.424188055555554" lon="138.9640161111111">
<ele>314</ele>
</trkpt>
<trkpt lat="36.424263055555556" lon="138.96392805555556">
<ele>315</ele>
</trkpt>
<trkpt lat="36.42485388888889" lon="138.96339111111112">
<ele>319</ele>
</trkpt>
<trkpt lat="36.42532888888889" lon="138.96297805555557">
<ele>322</ele>
</trkpt>
<trkpt lat="36.42549611111111" lon="138.96284111111112">
<ele>324</ele>
</trkpt>
<trkpt lat="36.42565388888889" lon="138.9626661111111">
<ele>325</ele>
</trkpt>
<trkpt lat="36.42590388888889" lon="138.9622911111111">
<ele>327</ele>
</trkpt>
<trkpt lat="36.42603694444445" lon="138.9620911111111">
<ele>328</ele>
</trkpt>
<trkpt lat="36.42642111111111" lon="138.9615161111111">
<ele>332</ele>
</trkpt>
<trkpt lat="36.42646805555555" lon="138.961445">
<ele>332</ele>
</trkpt>
<trkpt lat="36.42646805555555" lon="138.961445">
<ele>332</ele>
</trkpt>
<trkpt lat="36.42672888888889" lon="138.96105305555557">
<ele>334</ele>
</trkpt>
<trkpt lat="36.42682888888889" lon="138.9608661111111">
<ele>335</ele>
</trkpt>
<trkpt lat="36.42696194444444" lon="138.9605911111111">
<ele>336</ele>
</trkpt>
<trkpt lat="36.42710388888889" lon="138.96017805555556">
<ele>338</ele>
</trkpt>
<trkpt lat="36.42719611111111" lon="138.95987805555555">
<ele>339</ele>
</trkpt>
<trkpt lat="36.427236944444445" lon="138.95975305555555">
<ele>340</ele>
</trkpt>
<trkpt lat="36.42728694444445" lon="138.95957805555557">
<ele>340</ele>
</trkpt>
<trkpt lat="36.427371111111114" lon="138.9592911111111">
<ele>342</ele>
</trkpt>
<trkpt lat="36.427571111111114" lon="138.95867805555557">
<ele>346</ele>
</trkpt>
<trkpt lat="36.42760388888889" lon="138.95860305555556">
<ele>346</ele>
</trkpt>
<trkpt lat="36.42770388888889" lon="138.9583661111111">
<ele>346</ele>
</trkpt>
<trkpt lat="36.42773694444445" lon="138.95829111111112">
<ele>346</ele>
</trkpt>
<trkpt lat="36.42781194444444" lon="138.9581411111111">
<ele>347</ele>
</trkpt>
<trkpt lat="36.42809111111111" lon="138.957535">
<ele>352</ele>
</trkpt>
<trkpt lat="36.42809111111111" lon="138.9575338888889">
<ele>352</ele>
</trkpt>
<trkpt lat="36.42823694444444" lon="138.9572161111111">
<ele>355</ele>
</trkpt>
<trkpt lat="36.428311944444445" lon="138.95710305555556">
<ele>355</ele>
</trkpt>
<trkpt lat="36.428695" lon="138.9574411111111">
<ele>356</ele>
</trkpt>
<trkpt lat="36.42875388888889" lon="138.95752805555554">
<ele>355</ele>
</trkpt>
<trkpt lat="36.428795" lon="138.95762805555555">
<ele>356</ele>
</trkpt>
<trkpt lat="36.428845" lon="138.95775305555554">
<ele>355</ele>
</trkpt>
<trkpt lat="36.428995" lon="138.95792805555556">
<ele>355</ele>
</trkpt>
<trkpt lat="36.42911194444444" lon="138.95802805555556">
<ele>355</ele>
</trkpt>
<trkpt lat="36.429586944444445" lon="138.95825305555556">
<ele>354</ele>
</trkpt>
<trkpt lat="36.429811944444445" lon="138.95837805555556">
<ele>354</ele>
</trkpt>
<trkpt lat="36.42993694444444" lon="138.95850305555555">
<ele>354</ele>
</trkpt>
<trkpt lat="36.43013694444444" lon="138.95876611111112">
<ele>354</ele>
</trkpt>
<trkpt lat="36.430495" lon="138.95922805555554">
<ele>353</ele>
</trkpt>
<trkpt lat="36.43102805555556" lon="138.95966611111112">
<ele>353</ele>
</trkpt>
<trkpt lat="36.43132111111111" lon="138.9598761111111">
<ele>352</ele>
</trkpt>
<trkpt lat="36.43132111111111" lon="138.9598761111111">
<ele>352</ele>
</trkpt>
<trkpt lat="36.43141194444444" lon="138.9599411111111">
<ele>352</ele>
</trkpt>
<trkpt lat="36.43162805555556" lon="138.9600911111111">
<ele>352</ele>
</trkpt>
<trkpt lat="36.431736944444445" lon="138.9601661111111">
<ele>353</ele>
</trkpt>
<trkpt lat="36.431895" lon="138.96027805555556">
<ele>355</ele>
</trkpt>
<trkpt lat="36.432161944444445" lon="138.96045305555555">
<ele>357</ele>
</trkpt>
<trkpt lat="36.432245" lon="138.9605161111111">
<ele>357</ele>
</trkpt>
<trkpt lat="36.43250305555556" lon="138.960715">
<ele>357</ele>
</trkpt>
<trkpt lat="36.43263694444445" lon="138.96085305555556">
<ele>357</ele>
</trkpt>
<trkpt lat="36.43297" lon="138.961265">
<ele>355</ele>
</trkpt>
<trkpt lat="36.433195" lon="138.961465">
<ele>355</ele>
</trkpt>
<trkpt lat="36.43377" lon="138.96187805555556">
<ele>356</ele>
</trkpt>
<trkpt lat="36.43437" lon="138.96230305555557">
<ele>353</ele>
</trkpt>
<trkpt lat="36.43442" lon="138.96234">
<ele>353</ele>
</trkpt>
<trkpt lat="36.434845" lon="138.96264">
<ele>353</ele>
</trkpt>
<trkpt lat="36.43492805555555" lon="138.96269">
<ele>353</ele>
</trkpt>
<trkpt lat="36.435745" lon="138.96334">
<ele>353</ele>
</trkpt>
<trkpt lat="36.435845" lon="138.96345305555556">
<ele>353</ele>
</trkpt>
<trkpt lat="36.43593611111111" lon="138.963565">
<ele>353</ele>
</trkpt>
<trkpt lat="36.43599388888889" lon="138.963715">
<ele>352</ele>
</trkpt>
<trkpt lat="36.43609111111111" lon="138.9639811111111">
<ele>351</ele>
</trkpt>
<trkpt lat="36.43609111111111" lon="138.9639811111111">
<ele>351</ele>
</trkpt>
<trkpt lat="36.43619388888889" lon="138.964265">
<ele>351</ele>
</trkpt>
<trkpt lat="36.43631111111111" lon="138.96444">
<ele>351</ele>
</trkpt>
<trkpt lat="36.43668611111111" lon="138.963815">
<ele>353</ele>
</trkpt>
<trkpt lat="36.43767805555556" lon="138.962165">
<ele>365</ele>
</trkpt>
<trkpt lat="36.43781111111111" lon="138.96194">
<ele>366</ele>
</trkpt>
<trkpt lat="36.43791111111111" lon="138.961715">
<ele>368</ele>
</trkpt>
<trkpt lat="36.43815194444444" lon="138.96100305555555">
<ele>373</ele>
</trkpt>
<trkpt lat="36.43816888888889" lon="138.96087805555555">
<ele>375</ele>
</trkpt>
<trkpt lat="36.438178055555554" lon="138.96082194444443">
<ele>375</ele>
</trkpt>
<trkpt lat="36.438178055555554" lon="138.96082194444443">
<ele>375</ele>
</trkpt>
<trkpt lat="36.43833611111111" lon="138.95984">
<ele>379</ele>
</trkpt>
<trkpt lat="36.43852694444445" lon="138.95899">
<ele>383</ele>
</trkpt>
<trkpt lat="36.43856888888889" lon="138.95880305555556">
<ele>383</ele>
</trkpt>
<trkpt lat="36.43876111111111" lon="138.95799">
<ele>389</ele>
</trkpt>
<trkpt lat="36.43899388888889" lon="138.9569911111111">
<ele>394</ele>
</trkpt>
<trkpt lat="36.439051944444444" lon="138.9569911111111">
<ele>395</ele>
</trkpt>
<trkpt lat="36.43941111111111" lon="138.95704111111112">
<ele>393</ele>
</trkpt>
<trkpt lat="36.43968611111111" lon="138.95717805555554">
<ele>391</ele>
</trkpt>
<trkpt lat="36.44029388888889" lon="138.95760305555555">
<ele>395</ele>
</trkpt>
<trkpt lat="36.44068611111111" lon="138.957915">
<ele>394</ele>
</trkpt>
<trkpt lat="36.441003888888886" lon="138.95816">
<ele>394</ele>
</trkpt>
<trkpt lat="36.441003888888886" lon="138.95816">
<ele>394</ele>
</trkpt>
<trkpt lat="36.44128611111111" lon="138.95837805555556">
<ele>393</ele>
</trkpt>
<trkpt lat="36.44166888888889" lon="138.95869">
<ele>391</ele>
</trkpt>
<trkpt lat="36.44176888888889" lon="138.95872805555555">
<ele>391</ele>
</trkpt>
<trkpt lat="36.442535" lon="138.95880194444445">
<ele>390</ele>
</trkpt>
<trkpt lat="36.44347694444444" lon="138.95887694444446">
<ele>401</ele>
</trkpt>
<trkpt lat="36.44356" lon="138.95889">
<ele>403</ele>
</trkpt>
<trkpt lat="36.444435" lon="138.95892694444444">
<ele>406</ele>
</trkpt>
<trkpt lat="36.445435" lon="138.958965">
<ele>406</ele>
</trkpt>
<trkpt lat="36.44564305555556" lon="138.95899">
<ele>402</ele>
</trkpt>
<trkpt lat="36.44569305555556" lon="138.95899">
<ele>402</ele>
</trkpt>
<trkpt lat="36.44611" lon="138.959115">
<ele>401</ele>
</trkpt>
<trkpt lat="36.44665111111111" lon="138.95927694444444">
<ele>400</ele>
</trkpt>
<trkpt lat="36.446843055555554" lon="138.95929">
<ele>401</ele>
</trkpt>
<trkpt lat="36.44696805555556" lon="138.95929">
<ele>402</ele>
</trkpt>
<trkpt lat="36.44710111111111" lon="138.95925194444445">
<ele>402</ele>
</trkpt>
<trkpt lat="36.44731" lon="138.95914">
<ele>404</ele>
</trkpt>
<trkpt lat="36.44786" lon="138.95884">
<ele>403</ele>
</trkpt>
<trkpt lat="36.44820694444444" lon="138.95862694444443">
<ele>404</ele>
</trkpt>
<trkpt lat="36.44820694444444" lon="138.95862805555555">
<ele>404</ele>
</trkpt>
<trkpt lat="36.44831" lon="138.958565">
<ele>405</ele>
</trkpt>
<trkpt lat="36.44844305555556" lon="138.958515">
<ele>404</ele>
</trkpt>
<trkpt lat="36.44870111111111" lon="138.958465">
<ele>401</ele>
</trkpt>
<trkpt lat="36.44891805555555" lon="138.95845194444445">
<ele>401</ele>
</trkpt>
<trkpt lat="36.44910111111111" lon="138.95844">
<ele>405</ele>
</trkpt>
<trkpt lat="36.449308888888886" lon="138.95839">
<ele>407</ele>
</trkpt>
<trkpt lat="36.449418055555554" lon="138.95832694444445">
<ele>407</ele>
</trkpt>
<trkpt lat="36.44972611111111" lon="138.95809">
<ele>412</ele>
</trkpt>
<trkpt lat="36.450043055555554" lon="138.957865">
<ele>415</ele>
</trkpt>
<trkpt lat="36.451368055555555" lon="138.95682805555555">
<ele>425</ele>
</trkpt>
<trkpt lat="36.45148388888889" lon="138.95674">
<ele>426</ele>
</trkpt>
<trkpt lat="36.45214305555555" lon="138.95624">
<ele>430</ele>
</trkpt>
<trkpt lat="36.45220111111111" lon="138.95619">
<ele>431</ele>
</trkpt>
<trkpt lat="36.45267611111111" lon="138.95590305555555">
<ele>433</ele>
</trkpt>
<trkpt lat="36.45295111111111" lon="138.95575194444444">
<ele>435</ele>
</trkpt>
<trkpt lat="36.453091944444445" lon="138.95570305555555">
<ele>436</ele>
</trkpt>
<trkpt lat="36.453158888888886" lon="138.95567694444443">
<ele>437</ele>
</trkpt>
<trkpt lat="36.45356694444445" lon="138.955565">
<ele>444</ele>
</trkpt>
<trkpt lat="36.454366944444445" lon="138.95547805555555">
<ele>444</ele>
</trkpt>
<trkpt lat="36.455283888888886" lon="138.95538305555556">
<ele>448</ele>
</trkpt>
<trkpt lat="36.455283888888886" lon="138.95538305555556">
<ele>448</ele>
</trkpt>
<trkpt lat="36.45534194444444" lon="138.95537694444445">
<ele>449</ele>
</trkpt>
<trkpt lat="36.4562" lon="138.95527694444445">
<ele>456</ele>
</trkpt>
<trkpt lat="36.456525" lon="138.95522694444443">
<ele>461</ele>
</trkpt>
<trkpt lat="36.45689194444444" lon="138.95515194444445">
<ele>463</ele>
</trkpt>
<trkpt lat="36.45721694444445" lon="138.95504">
<ele>466</ele>
</trkpt>
<trkpt lat="36.45876694444444" lon="138.954365">
<ele>485</ele>
</trkpt>
<trkpt lat="36.4602" lon="138.953715">
<ele>495</ele>
</trkpt>
<trkpt lat="36.46095805555556" lon="138.95340194444444">
<ele>496</ele>
</trkpt>
<trkpt lat="36.4611" lon="138.953365">
<ele>496</ele>
</trkpt>
<trkpt lat="36.46145" lon="138.953315">
<ele>496</ele>
</trkpt>
<trkpt lat="36.462425" lon="138.95322694444445">
<ele>498</ele>
</trkpt>
<trkpt lat="36.462516111111114" lon="138.953215">
<ele>499</ele>
</trkpt>
<trkpt lat="36.46341611111111" lon="138.95312694444445">
<ele>505</ele>
</trkpt>
<trkpt lat="36.463975" lon="138.95307694444443">
<ele>509</ele>
</trkpt>
<trkpt lat="36.46423305555555" lon="138.95305194444444">
<ele>509</ele>
</trkpt>
<trkpt lat="36.46449111111111" lon="138.953015">
<ele>511</ele>
</trkpt>
<trkpt lat="36.466408055555554" lon="138.9528138888889">
<ele>518</ele>
</trkpt>
<trkpt lat="36.466591111111114" lon="138.95277694444445">
<ele>518</ele>
</trkpt>
<trkpt lat="36.46675805555556" lon="138.95272694444444">
<ele>518</ele>
</trkpt>
<trkpt lat="36.466858055555555" lon="138.9526888888889">
<ele>518</ele>
</trkpt>
<trkpt lat="36.46704111111111" lon="138.9525888888889">
<ele>518</ele>
</trkpt>
<trkpt lat="36.467241111111115" lon="138.95245194444445">
<ele>518</ele>
</trkpt>
<trkpt lat="36.46751611111111" lon="138.9522388888889">
<ele>516</ele>
</trkpt>
<trkpt lat="36.468331944444444" lon="138.95159">
<ele>527</ele>
</trkpt>
<trkpt lat="36.46935805555555" lon="138.95077694444444">
<ele>527</ele>
</trkpt>
<trkpt lat="36.46958194444444" lon="138.95060194444446">
<ele>522</ele>
</trkpt>
<trkpt lat="36.469923888888886" lon="138.95040194444445">
<ele>524</ele>
</trkpt>
<trkpt lat="36.47013194444445" lon="138.95030194444445">
<ele>521</ele>
</trkpt>
<trkpt lat="36.470706944444444" lon="138.95012694444443">
<ele>517</ele>
</trkpt>
<trkpt lat="36.471066111111114" lon="138.95005194444445">
<ele>528</ele>
</trkpt>
<trkpt lat="36.47116611111111" lon="138.95005194444445">
<ele>530</ele>
</trkpt>
<trkpt lat="36.47127388888889" lon="138.950065">
<ele>532</ele>
</trkpt>
<trkpt lat="36.47137388888889" lon="138.95009">
<ele>533</ele>
</trkpt>
<trkpt lat="36.47146611111111" lon="138.95014">
<ele>536</ele>
</trkpt>
<trkpt lat="36.471556944444444" lon="138.950215">
<ele>537</ele>
</trkpt>
<trkpt lat="36.47169888888889" lon="138.9503638888889">
<ele>534</ele>
</trkpt>
<trkpt lat="36.472031944444446" lon="138.95080194444444">
<ele>528</ele>
</trkpt>
<trkpt lat="36.472366111111114" lon="138.95120194444445">
<ele>527</ele>
</trkpt>
<trkpt lat="36.47250694444445" lon="138.95132694444445">
<ele>527</ele>
</trkpt>
<trkpt lat="36.47273194444445" lon="138.9514638888889">
<ele>523</ele>
</trkpt>
<trkpt lat="36.47289111111111" lon="138.95151388888888">
<ele>525</ele>
</trkpt>
<trkpt lat="36.47300694444444" lon="138.95152694444445">
<ele>526</ele>
</trkpt>
<trkpt lat="36.47404888888889" lon="138.95150194444443">
<ele>526</ele>
</trkpt>
<trkpt lat="36.47412388888889" lon="138.95152694444445">
<ele>526</ele>
</trkpt>
<trkpt lat="36.474331944444444" lon="138.95167694444444">
<ele>523</ele>
</trkpt>
<trkpt lat="36.47452388888889" lon="138.95196388888888">
<ele>519</ele>
</trkpt>
<trkpt lat="36.474581944444445" lon="138.9520638888889">
<ele>518</ele>
</trkpt>
<trkpt lat="36.474715" lon="138.95200194444445">
<ele>519</ele>
</trkpt>
<trkpt lat="36.47509888888889" lon="138.95185194444446">
<ele>524</ele>
</trkpt>
<trkpt lat="36.47519" lon="138.95180194444444">
<ele>526</ele>
</trkpt>
<trkpt lat="36.475815" lon="138.95122694444444">
<ele>536</ele>
</trkpt>
<trkpt lat="36.47627305555555" lon="138.9507888888889">
<ele>534</ele>
</trkpt>
<trkpt lat="36.47643194444444" lon="138.95067694444444">
<ele>534</ele>
</trkpt>
<trkpt lat="36.476565" lon="138.95062694444445">
<ele>539</ele>
</trkpt>
<trkpt lat="36.47667305555556" lon="138.95060194444446">
<ele>541</ele>
</trkpt>
<trkpt lat="36.477223055555555" lon="138.95065194444445">
<ele>546</ele>
</trkpt>
<trkpt lat="36.477515" lon="138.95062694444445">
<ele>548</ele>
</trkpt>
<trkpt lat="36.477665" lon="138.9505638888889">
<ele>550</ele>
</trkpt>
<trkpt lat="36.47777305555555" lon="138.95051388888888">
<ele>553</ele>
</trkpt>
<trkpt lat="36.477873055555555" lon="138.95040194444445">
<ele>555</ele>
</trkpt>
<trkpt lat="36.478715" lon="138.94938888888888">
<ele>564</ele>
</trkpt>
<trkpt lat="36.47910611111111" lon="138.94893888888888">
<ele>567</ele>
</trkpt>
<trkpt lat="36.47919" lon="138.94877694444443">
<ele>568</ele>
</trkpt>
<trkpt lat="36.47929" lon="138.94855194444443">
<ele>570</ele>
</trkpt>
<trkpt lat="36.479348055555555" lon="138.94827694444444">
<ele>572</ele>
</trkpt>
<trkpt lat="36.47938111111111" lon="138.9477138888889">
<ele>574</ele>
</trkpt>
<trkpt lat="36.47939" lon="138.9472888888889">
<ele>576</ele>
</trkpt>
<trkpt lat="36.479365" lon="138.94690194444445">
<ele>578</ele>
</trkpt>
<trkpt lat="36.479323055555554" lon="138.94634">
<ele>583</ele>
</trkpt>
<trkpt lat="36.47935611111111" lon="138.94619">
<ele>587</ele>
</trkpt>
<trkpt lat="36.47943111111111" lon="138.94615194444444">
<ele>587</ele>
</trkpt>
<trkpt lat="36.47962305555556" lon="138.94617694444443">
<ele>587</ele>
</trkpt>
<trkpt lat="36.47970611111111" lon="138.94622694444445">
<ele>589</ele>
</trkpt>
<trkpt lat="36.47979" lon="138.94632694444445">
<ele>592</ele>
</trkpt>
<trkpt lat="36.47999" lon="138.94667694444445">
<ele>592</ele>
</trkpt>
<trkpt lat="36.48009805555556" lon="138.94680194444445">
<ele>592</ele>
</trkpt>
<trkpt lat="36.480315" lon="138.94695194444444">
<ele>594</ele>
</trkpt>
<trkpt lat="36.48039" lon="138.94701388888888">
<ele>593</ele>
</trkpt>
<trkpt lat="36.480465" lon="138.94711388888888">
<ele>598</ele>
</trkpt>
<trkpt lat="36.480665" lon="138.94747694444445">
<ele>601</ele>
</trkpt>
<trkpt lat="36.48074805555556" lon="138.9476138888889">
<ele>602</ele>
</trkpt>
<trkpt lat="36.48083111111111" lon="138.94768888888888">
<ele>603</ele>
</trkpt>
<trkpt lat="36.48094805555556" lon="138.94772694444444">
<ele>604</ele>
</trkpt>
<trkpt lat="36.48106388888889" lon="138.9477138888889">
<ele>605</ele>
</trkpt>
<trkpt lat="36.48115611111111" lon="138.94765194444443">
<ele>608</ele>
</trkpt>
<trkpt lat="36.48123888888889" lon="138.9475138888889">
<ele>609</ele>
</trkpt>
<trkpt lat="36.481273055555555" lon="138.9473638888889">
<ele>610</ele>
</trkpt>
<trkpt lat="36.48126388888889" lon="138.94721388888888">
<ele>610</ele>
</trkpt>
<trkpt lat="36.48118888888889" lon="138.94708888888889">
<ele>610</ele>
</trkpt>
<trkpt lat="36.48101388888889" lon="138.94690194444445">
<ele>610</ele>
</trkpt>
<trkpt lat="36.48092305555556" lon="138.94678888888888">
<ele>607</ele>
</trkpt>
<trkpt lat="36.48086388888889" lon="138.94667694444445">
<ele>605</ele>
</trkpt>
<trkpt lat="36.480806111111114" lon="138.946465">
<ele>607</ele>
</trkpt>
<trkpt lat="36.48078888888889" lon="138.946315">
<ele>610</ele>
</trkpt>
<trkpt lat="36.48079805555555" lon="138.94620194444445">
<ele>611</ele>
</trkpt>
<trkpt lat="36.48088111111111" lon="138.946015">
<ele>612</ele>
</trkpt>
<trkpt lat="36.48097305555556" lon="138.94592694444444">
<ele>612</ele>
</trkpt>
<trkpt lat="36.48134805555556" lon="138.94572694444443">
<ele>612</ele>
</trkpt>
<trkpt lat="36.48148888888889" lon="138.94560194444443">
<ele>613</ele>
</trkpt>
<trkpt lat="36.4816" lon="138.94545888888888">
<ele>613</ele>
</trkpt>
<trkpt lat="36.4816" lon="138.94545888888888">
<ele>613</ele>
</trkpt>
<trkpt lat="36.481856111111114" lon="138.94512694444444">
<ele>614</ele>
</trkpt>
<trkpt lat="36.481948055555556" lon="138.945065">
<ele>615</ele>
</trkpt>
<trkpt lat="36.48206388888889" lon="138.94497694444445">
<ele>617</ele>
</trkpt>
<trkpt lat="36.48220611111111" lon="138.944915">
<ele>616</ele>
</trkpt>
<trkpt lat="36.48283888888889" lon="138.94472694444445">
<ele>617</ele>
</trkpt>
<trkpt lat="36.484138888888886" lon="138.94434">
<ele>625</ele>
</trkpt>
<trkpt lat="36.48428888888889" lon="138.944265">
<ele>626</ele>
</trkpt>
<trkpt lat="36.48435611111111" lon="138.94419">
<ele>624</ele>
</trkpt>
<trkpt lat="36.48446388888889" lon="138.94404">
<ele>622</ele>
</trkpt>
<trkpt lat="36.48473888888889" lon="138.94357694444443">
<ele>620</ele>
</trkpt>
<trkpt lat="36.48486388888889" lon="138.94347694444446">
<ele>614</ele>
</trkpt>
<trkpt lat="36.484988888888886" lon="138.94339">
<ele>609</ele>
</trkpt>
<trkpt lat="36.485098055555554" lon="138.94334">
<ele>603</ele>
</trkpt>
<trkpt lat="36.48520611111111" lon="138.94330194444444">
<ele>599</ele>
</trkpt>
<trkpt lat="36.485821944444446" lon="138.943165">
<ele>626</ele>
</trkpt>
<trkpt lat="36.48608111111111" lon="138.94309">
<ele>629</ele>
</trkpt>
<trkpt lat="36.48625611111111" lon="138.94302694444445">
<ele>628</ele>
</trkpt>
<trkpt lat="36.486446944444445" lon="138.942915">
<ele>631</ele>
</trkpt>
<trkpt lat="36.486581111111114" lon="138.94280194444445">
<ele>633</ele>
</trkpt>
<trkpt lat="36.48666388888889" lon="138.94274">
<ele>634</ele>
</trkpt>
<trkpt lat="36.48673888888889" lon="138.942665">
<ele>633</ele>
</trkpt>
<trkpt lat="36.48683888888889" lon="138.94255194444443">
<ele>632</ele>
</trkpt>
<trkpt lat="36.48713111111111" lon="138.94209">
<ele>633</ele>
</trkpt>
<trkpt lat="36.487321944444446" lon="138.94185194444444">
<ele>636</ele>
</trkpt>
<trkpt lat="36.487505" lon="138.941715">
<ele>640</ele>
</trkpt>
<trkpt lat="36.487921944444444" lon="138.94144">
<ele>642</ele>
</trkpt>
<trkpt lat="36.488346944444444" lon="138.94109">
<ele>641</ele>
</trkpt>
<trkpt lat="36.488771944444444" lon="138.94064">
<ele>642</ele>
</trkpt>
<trkpt lat="36.489046944444446" lon="138.940315">
<ele>642</ele>
</trkpt>
<trkpt lat="36.489305" lon="138.93992694444444">
<ele>642</ele>
</trkpt>
<trkpt lat="36.489513055555555" lon="138.93955194444445">
<ele>642</ele>
</trkpt>
<trkpt lat="36.48986305555555" lon="138.93890194444444">
<ele>636</ele>
</trkpt>
<trkpt lat="36.48998" lon="138.938715">
<ele>634</ele>
</trkpt>
<trkpt lat="36.490046944444444" lon="138.938565">
<ele>633</ele>
</trkpt>
<trkpt lat="36.490105" lon="138.93834">
<ele>634</ele>
</trkpt>
<trkpt lat="36.49013" lon="138.93814">
<ele>633</ele>
</trkpt>
<trkpt lat="36.49017194444444" lon="138.93752694444444">
<ele>634</ele>
</trkpt>
<trkpt lat="36.49019694444444" lon="138.937365">
<ele>634</ele>
</trkpt>
<trkpt lat="36.49028" lon="138.93712805555555">
<ele>634</ele>
</trkpt>
<trkpt lat="36.490405" lon="138.93695305555556">
<ele>634</ele>
</trkpt>
<trkpt lat="36.49064694444444" lon="138.93672805555556">
<ele>634</ele>
</trkpt>
<trkpt lat="36.491455" lon="138.936015">
<ele>634</ele>
</trkpt>
<trkpt lat="36.491905" lon="138.93562805555555">
<ele>633</ele>
</trkpt>
<trkpt lat="36.49236305555556" lon="138.93525194444445">
<ele>637</ele>
</trkpt>
<trkpt lat="36.49266305555555" lon="138.93509">
<ele>638</ele>
</trkpt>
<trkpt lat="36.49284611111111" lon="138.93500194444445">
<ele>636</ele>
</trkpt>
<trkpt lat="36.49308805555555" lon="138.934915">
<ele>634</ele>
</trkpt>
<trkpt lat="36.493305" lon="138.93485305555555">
<ele>633</ele>
</trkpt>
<trkpt lat="36.49347111111111" lon="138.93479">
<ele>633</ele>
</trkpt>
<trkpt lat="36.49374611111111" lon="138.93464">
<ele>635</ele>
</trkpt>
<trkpt lat="36.49383805555556" lon="138.93455194444445">
<ele>638</ele>
</trkpt>
<trkpt lat="36.49400388888889" lon="138.93434">
<ele>640</ele>
</trkpt>
<trkpt lat="36.49451305555556" lon="138.93365194444445">
<ele>646</ele>
</trkpt>
<trkpt lat="36.49467888888889" lon="138.93347805555555">
<ele>650</ele>
</trkpt>
<trkpt lat="36.49485388888889" lon="138.93335305555556">
<ele>652</ele>
</trkpt>
<trkpt lat="36.49501305555555" lon="138.93327805555555">
<ele>652</ele>
</trkpt>
<trkpt lat="36.49556194444445" lon="138.93314">
<ele>652</ele>
</trkpt>
<trkpt lat="36.49578694444445" lon="138.93310305555556">
<ele>653</ele>
</trkpt>
<trkpt lat="36.495936944444445" lon="138.93305305555555">
<ele>652</ele>
</trkpt>
<trkpt lat="36.49604611111111" lon="138.93300305555556">
<ele>652</ele>
</trkpt>
<trkpt lat="36.49612111111111" lon="138.93295305555554">
<ele>654</ele>
</trkpt>
<trkpt lat="36.49627888888889" lon="138.93282805555555">
<ele>652</ele>
</trkpt>
<trkpt lat="36.49672888888889" lon="138.932265">
<ele>646</ele>
</trkpt>
<trkpt lat="36.49700388888889" lon="138.93192805555555">
<ele>645</ele>
</trkpt>
<trkpt lat="36.49727111111111" lon="138.93165194444444">
<ele>647</ele>
</trkpt>
<trkpt lat="36.49780388888889" lon="138.93104">
<ele>644</ele>
</trkpt>
<trkpt lat="36.49790388888889" lon="138.93085305555556">
<ele>644</ele>
</trkpt>
<trkpt lat="36.49793694444445" lon="138.93075305555556">
<ele>645</ele>
</trkpt>
<trkpt lat="36.497996111111114" lon="138.93045305555555">
<ele>648</ele>
</trkpt>
<trkpt lat="36.49802888888889" lon="138.93035305555554">
<ele>651</ele>
</trkpt>
<trkpt lat="36.498153888888886" lon="138.930165">
<ele>651</ele>
</trkpt>
<trkpt lat="36.498221111111114" lon="138.93009">
<ele>652</ele>
</trkpt>
<trkpt lat="36.498353888888886" lon="138.93000305555555">
<ele>651</ele>
</trkpt>
<trkpt lat="36.49847111111111" lon="138.92995305555556">
<ele>652</ele>
</trkpt>
<trkpt lat="36.49858694444445" lon="138.92992805555556">
<ele>652</ele>
</trkpt>
<trkpt lat="36.49879111111111" lon="138.92930694444445">
<ele>656</ele>
</trkpt>
<trkpt lat="36.49879111111111" lon="138.92930694444445">
<ele>656</ele>
</trkpt>
<trkpt lat="36.49882888888889" lon="138.92919">
<ele>657</ele>
</trkpt>
<trkpt lat="36.498911944444444" lon="138.928915">
<ele>660</ele>
</trkpt>
<trkpt lat="36.49901194444445" lon="138.928365">
<ele>665</ele>
</trkpt>
<trkpt lat="36.49908694444444" lon="138.92805305555555">
<ele>667</ele>
</trkpt>
<trkpt lat="36.49930388888889" lon="138.92734">
<ele>670</ele>
</trkpt>
<trkpt lat="36.49948694444444" lon="138.92680305555555">
<ele>671</ele>
</trkpt>
<trkpt lat="36.499836944444446" lon="138.92585305555556">
<ele>676</ele>
</trkpt>
<trkpt lat="36.50002888888889" lon="138.92530305555556">
<ele>681</ele>
</trkpt>
<trkpt lat="36.50007" lon="138.92517805555556">
<ele>683</ele>
</trkpt>
<trkpt lat="36.50007" lon="138.9249661111111">
<ele>685</ele>
</trkpt>
<trkpt lat="36.50000388888889" lon="138.9245161111111">
<ele>684</ele>
</trkpt>
<trkpt lat="36.49992888888889" lon="138.92424111111112">
<ele>687</ele>
</trkpt>
<trkpt lat="36.49987888888889" lon="138.9241411111111">
<ele>689</ele>
</trkpt>
<trkpt lat="36.499761944444444" lon="138.92392805555556">
<ele>693</ele>
</trkpt>
<trkpt lat="36.49967" lon="138.92376611111112">
<ele>693</ele>
</trkpt>
<trkpt lat="36.49962" lon="138.92364111111112">
<ele>694</ele>
</trkpt>
<trkpt lat="36.499611944444446" lon="138.92352805555555">
<ele>694</ele>
</trkpt>
<trkpt lat="36.499611944444446" lon="138.92337805555556">
<ele>694</ele>
</trkpt>
<trkpt lat="36.499655" lon="138.92282">
<ele>695</ele>
</trkpt>
<trkpt lat="36.499655" lon="138.92282">
<ele>695</ele>
</trkpt>
<trkpt lat="36.49967" lon="138.92261611111113">
<ele>695</ele>
</trkpt>
<trkpt lat="36.49967888888889" lon="138.92239111111112">
<ele>696</ele>
</trkpt>
<trkpt lat="36.49967888888889" lon="138.92110305555556">
<ele>705</ele>
</trkpt>
<trkpt lat="36.49967888888889" lon="138.92077805555556">
<ele>705</ele>
</trkpt>
<trkpt lat="36.49966194444445" lon="138.92005305555554">
<ele>708</ele>
</trkpt>
<trkpt lat="36.499653888888886" lon="138.91934111111112">
<ele>713</ele>
</trkpt>
<trkpt lat="36.499645" lon="138.91925305555554">
<ele>713</ele>
</trkpt>
<trkpt lat="36.49963694444445" lon="138.91869111111112">
<ele>714</ele>
</trkpt>
<trkpt lat="36.49960388888889" lon="138.9180411111111">
<ele>717</ele>
</trkpt>
<trkpt lat="36.499595" lon="138.9179661111111">
<ele>717</ele>
</trkpt>
<trkpt lat="36.499561944444444" lon="138.9176038888889">
<ele>714</ele>
</trkpt>
<trkpt lat="36.49951194444444" lon="138.91699111111112">
<ele>724</ele>
</trkpt>
<trkpt lat="36.49948694444444" lon="138.9168411111111">
<ele>723</ele>
</trkpt>
<trkpt lat="36.49947" lon="138.9167038888889">
<ele>722</ele>
</trkpt>
<trkpt lat="36.49942" lon="138.9165661111111">
<ele>725</ele>
</trkpt>
<trkpt lat="36.49917888888889" lon="138.91606611111112">
<ele>725</ele>
</trkpt>
<trkpt lat="36.49895388888889" lon="138.91562888888888">
<ele>726</ele>
</trkpt>
<trkpt lat="36.49885388888889" lon="138.91549111111112">
<ele>725</ele>
</trkpt>
<trkpt lat="36.49878694444445" lon="138.9154161111111">
<ele>724</ele>
</trkpt>
<trkpt lat="36.498691944444445" lon="138.91535611111112">
<ele>724</ele>
</trkpt>
<trkpt lat="36.498691944444445" lon="138.91535611111112">
<ele>724</ele>
</trkpt>
<trkpt lat="36.49862888888889" lon="138.9153161111111">
<ele>724</ele>
</trkpt>
<trkpt lat="36.49836194444445" lon="138.9152411111111">
<ele>726</ele>
</trkpt>
<trkpt lat="36.49830388888889" lon="138.9152161111111">
<ele>725</ele>
</trkpt>
<trkpt lat="36.49822888888889" lon="138.9151411111111">
<ele>725</ele>
</trkpt>
<trkpt lat="36.498111944444446" lon="138.91515388888888">
<ele>726</ele>
</trkpt>
<trkpt lat="36.49771194444445" lon="138.9150788888889">
<ele>725</ele>
</trkpt>
<trkpt lat="36.497611944444444" lon="138.91502888888888">
<ele>727</ele>
</trkpt>
<trkpt lat="36.497571111111114" lon="138.9149911111111">
<ele>727</ele>
</trkpt>
<trkpt lat="36.49748694444445" lon="138.9149038888889">
<ele>727</ele>
</trkpt>
<trkpt lat="36.497436944444445" lon="138.9148788888889">
<ele>727</ele>
</trkpt>
<trkpt lat="36.49688694444445" lon="138.9147661111111">
<ele>734</ele>
</trkpt>
<trkpt lat="36.49621194444445" lon="138.91461694444445">
<ele>742</ele>
</trkpt>
<trkpt lat="36.49606305555555" lon="138.91449194444445">
<ele>745</ele>
</trkpt>
<trkpt lat="36.49597888888889" lon="138.91444194444443">
<ele>749</ele>
</trkpt>
<trkpt lat="36.49588694444444" lon="138.9144288888889">
<ele>749</ele>
</trkpt>
<trkpt lat="36.49572111111111" lon="138.9144288888889">
<ele>749</ele>
</trkpt>
<trkpt lat="36.49537111111111" lon="138.9144038888889">
<ele>749</ele>
</trkpt>
<trkpt lat="36.494613055555554" lon="138.91429194444444">
<ele>765</ele>
</trkpt>
<trkpt lat="36.49428694444445" lon="138.9142788888889">
<ele>769</ele>
</trkpt>
<trkpt lat="36.49417111111111" lon="138.91429194444444">
<ele>769</ele>
</trkpt>
<trkpt lat="36.49392111111111" lon="138.91431694444444">
<ele>776</ele>
</trkpt>
<trkpt lat="36.49367888888889" lon="138.91434194444443">
<ele>776</ele>
</trkpt>
<trkpt lat="36.49327111111111" lon="138.91444194444443">
<ele>783</ele>
</trkpt>
<trkpt lat="36.49321305555556" lon="138.91444194444443">
<ele>785</ele>
</trkpt>
<trkpt lat="36.49312111111111" lon="138.9144038888889">
<ele>785</ele>
</trkpt>
<trkpt lat="36.49308805555555" lon="138.91431694444444">
<ele>788</ele>
</trkpt>
<trkpt lat="36.49308805555555" lon="138.91422888888889">
<ele>788</ele>
</trkpt>
<trkpt lat="36.49312888888889" lon="138.91416694444445">
<ele>787</ele>
</trkpt>
<trkpt lat="36.49318805555556" lon="138.91412888888888">
<ele>787</ele>
</trkpt>
<trkpt lat="36.49340388888889" lon="138.91409194444444">
<ele>790</ele>
</trkpt>
<trkpt lat="36.493496111111114" lon="138.91404194444445">
<ele>791</ele>
</trkpt>
<trkpt lat="36.493521111111114" lon="138.9139538888889">
<ele>795</ele>
</trkpt>
<trkpt lat="36.49348805555555" lon="138.9138288888889">
<ele>797</ele>
</trkpt>
<trkpt lat="36.49341305555556" lon="138.91379194444445">
<ele>796</ele>
</trkpt>
<trkpt lat="36.49332888888889" lon="138.91381694444445">
<ele>796</ele>
</trkpt>
<trkpt lat="36.49304611111111" lon="138.91399194444443">
<ele>796</ele>
</trkpt>
<trkpt lat="36.49287888888889" lon="138.9140788888889">
<ele>797</ele>
</trkpt>
<trkpt lat="36.49281611111111" lon="138.91409611111112">
<ele>797</ele>
</trkpt>
<trkpt lat="36.49281611111111" lon="138.91409611111112">
<ele>797</ele>
</trkpt>
<trkpt lat="36.49278805555556" lon="138.9141038888889">
<ele>797</ele>
</trkpt>
<trkpt lat="36.49258805555556" lon="138.91415388888888">
<ele>798</ele>
</trkpt>
<trkpt lat="36.492113055555556" lon="138.91439194444445">
<ele>807</ele>
</trkpt>
<trkpt lat="36.49197111111111" lon="138.9145538888889">
<ele>809</ele>
</trkpt>
<trkpt lat="36.49191305555556" lon="138.9147288888889">
<ele>807</ele>
</trkpt>
<trkpt lat="36.49195388888889" lon="138.91492888888888">
<ele>804</ele>
</trkpt>
<trkpt lat="36.49200388888889" lon="138.91504194444445">
<ele>805</ele>
</trkpt>
<trkpt lat="36.49257111111111" lon="138.91496694444444">
<ele>805</ele>
</trkpt>
<trkpt lat="36.49270388888889" lon="138.91491694444446">
<ele>805</ele>
</trkpt>
<trkpt lat="36.49279611111111" lon="138.9149038888889">
<ele>805</ele>
</trkpt>
<trkpt lat="36.49283805555555" lon="138.9149038888889">
<ele>805</ele>
</trkpt>
<trkpt lat="36.49302888888889" lon="138.91496694444444">
<ele>805</ele>
</trkpt>
<trkpt lat="36.49312888888889" lon="138.91496694444444">
<ele>805</ele>
</trkpt>
<trkpt lat="36.49368805555556" lon="138.9150788888889">
<ele>802</ele>
</trkpt>
<trkpt lat="36.49372888888889" lon="138.9151038888889">
<ele>802</ele>
</trkpt>
<trkpt lat="36.493946111111114" lon="138.91527888888888">
<ele>803</ele>
</trkpt>
<trkpt lat="36.49399611111111" lon="138.91529194444445">
<ele>803</ele>
</trkpt>
<trkpt lat="36.49402888888889" lon="138.91527888888888">
<ele>798</ele>
</trkpt>
<trkpt lat="36.49415388888889" lon="138.9151788888889">
<ele>794</ele>
</trkpt>
<trkpt lat="36.49422111111111" lon="138.91516694444445">
<ele>794</ele>
</trkpt>
<trkpt lat="36.49465388888889" lon="138.91515388888888">
<ele>796</ele>
</trkpt>
<trkpt lat="36.49482111111111" lon="138.91519194444444">
<ele>795</ele>
</trkpt>
<trkpt lat="36.495063055555555" lon="138.91525388888888">
<ele>797</ele>
</trkpt>
<trkpt lat="36.49537888888889" lon="138.91529194444445">
<ele>793</ele>
</trkpt>
<trkpt lat="36.495488055555555" lon="138.91531694444444">
<ele>792</ele>
</trkpt>
<trkpt lat="36.495738055555556" lon="138.9154288888889">
<ele>790</ele>
</trkpt>
<trkpt lat="36.49590388888889" lon="138.9154661111111">
<ele>788</ele>
</trkpt>
<trkpt lat="36.49597111111111" lon="138.9154538888889">
<ele>788</ele>
</trkpt>
<trkpt lat="36.49599611111111" lon="138.9154411111111">
<ele>784</ele>
</trkpt>
<trkpt lat="36.49605388888889" lon="138.9153661111111">
<ele>783</ele>
</trkpt>
<trkpt lat="36.49612111111111" lon="138.9153538888889">
<ele>783</ele>
</trkpt>
<trkpt lat="36.49630388888889" lon="138.9154161111111">
<ele>782</ele>
</trkpt>
<trkpt lat="36.49635388888889" lon="138.9154288888889">
<ele>781</ele>
</trkpt>
<trkpt lat="36.49666194444445" lon="138.9154161111111">
<ele>780</ele>
</trkpt>
<trkpt lat="36.496656944444446" lon="138.9157538888889">
<ele>780</ele>
</trkpt>
<trkpt lat="36.496656944444446" lon="138.9157538888889">
<ele>780</ele>
</trkpt>
<trkpt lat="36.496653888888886" lon="138.9159788888889">
<ele>780</ele>
</trkpt>
<trkpt lat="36.49669611111111" lon="138.9161161111111">
<ele>778</ele>
</trkpt>
<trkpt lat="36.49669611111111" lon="138.91616611111112">
<ele>778</ele>
</trkpt>
<trkpt lat="36.49654611111111" lon="138.91661611111113">
<ele>779</ele>
</trkpt>
<trkpt lat="36.49644611111111" lon="138.9169411111111">
<ele>777</ele>
</trkpt>
<trkpt lat="36.49642111111111" lon="138.91709111111112">
<ele>780</ele>
</trkpt>
<trkpt lat="36.49642111111111" lon="138.9175038888889">
<ele>780</ele>
</trkpt>
<trkpt lat="36.49647888888889" lon="138.91755388888888">
<ele>777</ele>
</trkpt>
<trkpt lat="36.496561944444444" lon="138.91766611111112">
<ele>774</ele>
</trkpt>
<trkpt lat="36.49660388888889" lon="138.91775388888888">
<ele>775</ele>
</trkpt>
<trkpt lat="36.49663694444445" lon="138.91783611111111">
<ele>775</ele>
</trkpt>
<trkpt lat="36.49663694444445" lon="138.91783611111111">
<ele>775</ele>
</trkpt>
<trkpt lat="36.49667888888889" lon="138.9179411111111">
<ele>774</ele>
</trkpt>
<trkpt lat="36.49675388888889" lon="138.9181288888889">
<ele>772</ele>
</trkpt>
<trkpt lat="36.49699611111111" lon="138.91844111111112">
<ele>768</ele>
</trkpt>
<trkpt lat="36.49710388888889" lon="138.91855388888888">
<ele>766</ele>
</trkpt>
<trkpt lat="36.49716194444444" lon="138.9186411111111">
<ele>763</ele>
</trkpt>
<trkpt lat="36.497186944444444" lon="138.91877888888888">
<ele>764</ele>
</trkpt>
<trkpt lat="36.49719611111111" lon="138.9189288888889">
<ele>764</ele>
</trkpt>
<trkpt lat="36.497236111111114" lon="138.9191311111111">
<ele>764</ele>
</trkpt>
<trkpt lat="36.497236111111114" lon="138.9191311111111">
<ele>764</ele>
</trkpt>
<trkpt lat="36.49728694444445" lon="138.9193911111111">
<ele>763</ele>
</trkpt>
<trkpt lat="36.49729611111111" lon="138.9195288888889">
<ele>763</ele>
</trkpt>
<trkpt lat="36.49730388888889" lon="138.91971611111111">
<ele>763</ele>
</trkpt>
<trkpt lat="36.49729611111111" lon="138.9198288888889">
<ele>764</ele>
</trkpt>
<trkpt lat="36.497261944444446" lon="138.9201161111111">
<ele>764</ele>
</trkpt>
<trkpt lat="36.497261944444446" lon="138.92025388888888">
<ele>765</ele>
</trkpt>
<trkpt lat="36.49729611111111" lon="138.92039111111112">
<ele>765</ele>
</trkpt>
<trkpt lat="36.49739611111111" lon="138.9205661111111">
<ele>764</ele>
</trkpt>
<trkpt lat="36.49751194444445" lon="138.9207411111111">
<ele>763</ele>
</trkpt>
<trkpt lat="36.497703888888886" lon="138.9212161111111">
<ele>756</ele>
</trkpt>
<trkpt lat="36.497861944444445" lon="138.9216661111111">
<ele>751</ele>
</trkpt>
<trkpt lat="36.49792111111111" lon="138.92192805555555">
<ele>745</ele>
</trkpt>
<trkpt lat="36.498021111111115" lon="138.92260305555556">
<ele>734</ele>
</trkpt>
<trkpt lat="36.49805388888889" lon="138.9228411111111">
<ele>733</ele>
</trkpt>
<trkpt lat="36.49807111111111" lon="138.92297805555555">
<ele>733</ele>
</trkpt>
<trkpt lat="36.498061944444444" lon="138.92347805555556">
<ele>725</ele>
</trkpt>
<trkpt lat="36.49805388888889" lon="138.9236911111111">
<ele>723</ele>
</trkpt>
<trkpt lat="36.49801194444444" lon="138.92489111111112">
<ele>713</ele>
</trkpt>
<trkpt lat="36.49802888888889" lon="138.92514111111112">
<ele>711</ele>
</trkpt>
<trkpt lat="36.498061944444444" lon="138.92571611111111">
<ele>703</ele>
</trkpt>
<trkpt lat="36.49807111111111" lon="138.9258911111111">
<ele>702</ele>
</trkpt>
<trkpt lat="36.498061944444444" lon="138.9261161111111">
<ele>699</ele>
</trkpt>
<trkpt lat="36.49804611111111" lon="138.92632805555556">
<ele>697</ele>
</trkpt>
<trkpt lat="36.49802888888889" lon="138.92649111111112">
<ele>696</ele>
</trkpt>
<trkpt lat="36.49802305555556" lon="138.92651694444444">
<ele>696</ele>
</trkpt>
<trkpt lat="36.49802305555556" lon="138.92651694444444">
<ele>696</ele>
</trkpt>
<trkpt lat="36.49800388888889" lon="138.92660305555555">
<ele>695</ele>
</trkpt>
<trkpt lat="36.49794611111111" lon="138.9267661111111">
<ele>696</ele>
</trkpt>
<trkpt lat="36.49787111111111" lon="138.92690305555556">
<ele>694</ele>
</trkpt>
<trkpt lat="36.49784611111111" lon="138.92697805555557">
<ele>694</ele>
</trkpt>
<trkpt lat="36.49782111111111" lon="138.92707805555557">
<ele>692</ele>
</trkpt>
<trkpt lat="36.49782111111111" lon="138.9272411111111">
<ele>688</ele>
</trkpt>
<trkpt lat="36.49784611111111" lon="138.9273161111111">
<ele>688</ele>
</trkpt>
<trkpt lat="36.49787888888889" lon="138.92739111111112">
<ele>686</ele>
</trkpt>
<trkpt lat="36.49792111111111" lon="138.927465">
<ele>684</ele>
</trkpt>
<trkpt lat="36.49798694444444" lon="138.927515">
<ele>684</ele>
</trkpt>
<trkpt lat="36.49804611111111" lon="138.92754">
<ele>683</ele>
</trkpt>
<trkpt lat="36.49813694444445" lon="138.92755305555556">
<ele>683</ele>
</trkpt>
<trkpt lat="36.498286944444445" lon="138.92749">
<ele>682</ele>
</trkpt>
<trkpt lat="36.49867888888889" lon="138.92714">
<ele>681</ele>
</trkpt>
<trkpt lat="36.49910388888889" lon="138.92677805555556">
<ele>676</ele>
</trkpt>
<trkpt lat="36.49921194444445" lon="138.92672805555554">
<ele>677</ele>
</trkpt>
<trkpt lat="36.499336944444444" lon="138.92672805555554">
<ele>674</ele>
</trkpt>
<trkpt lat="36.49948694444444" lon="138.92680305555555">
<ele>671</ele>
</trkpt>
<trkpt lat="36.49930388888889" lon="138.92734">
<ele>670</ele>
</trkpt>
<trkpt lat="36.49908694444444" lon="138.92805305555555">
<ele>667</ele>
</trkpt>
<trkpt lat="36.49901194444445" lon="138.928365">
<ele>665</ele>
</trkpt>
<trkpt lat="36.498911944444444" lon="138.928915">
<ele>660</ele>
</trkpt>
<trkpt lat="36.49882888888889" lon="138.92919">
<ele>657</ele>
</trkpt>
<trkpt lat="36.49858694444445" lon="138.92992805555556">
<ele>652</ele>
</trkpt>
<trkpt lat="36.49829611111111" lon="138.93072805555556">
<ele>645</ele>
</trkpt>
<trkpt lat="36.498261944444444" lon="138.93085305555556">
<ele>644</ele>
</trkpt>
<trkpt lat="36.49823694444444" lon="138.930965">
<ele>644</ele>
</trkpt>
<trkpt lat="36.49822888888889" lon="138.93114">
<ele>642</ele>
</trkpt>
<trkpt lat="36.49823694444444" lon="138.93135305555555">
<ele>639</ele>
</trkpt>
<trkpt lat="36.49827111111111" lon="138.93154">
<ele>636</ele>
</trkpt>
<trkpt lat="36.49847111111111" lon="138.93245305555556">
<ele>629</ele>
</trkpt>
<trkpt lat="36.49852888888889" lon="138.93277694444444">
<ele>625</ele>
</trkpt>
<trkpt lat="36.49862888888889" lon="138.93324">
<ele>623</ele>
</trkpt>
<trkpt lat="36.49872888888889" lon="138.93392694444444">
<ele>614</ele>
</trkpt>
<trkpt lat="36.49878694444445" lon="138.9345438888889">
<ele>610</ele>
</trkpt>
<trkpt lat="36.49878611111111" lon="138.9345438888889">
<ele>610</ele>
</trkpt>
<trkpt lat="36.49878694444445" lon="138.93455194444445">
<ele>610</ele>
</trkpt>
<trkpt lat="36.49884611111111" lon="138.93512694444445">
<ele>604</ele>
</trkpt>
<trkpt lat="36.49886194444444" lon="138.935565">
<ele>602</ele>
</trkpt>
<trkpt lat="36.49890388888889" lon="138.93599">
<ele>597</ele>
</trkpt>
<trkpt lat="36.498936944444445" lon="138.9364388888889">
<ele>594</ele>
</trkpt>
<trkpt lat="36.49905388888889" lon="138.9373388888889">
<ele>589</ele>
</trkpt>
<trkpt lat="36.49905388888889" lon="138.93752694444444">
<ele>588</ele>
</trkpt>
<trkpt lat="36.49902888888889" lon="138.9377388888889">
<ele>586</ele>
</trkpt>
<trkpt lat="36.49890388888889" lon="138.93845194444444">
<ele>582</ele>
</trkpt>
<trkpt lat="36.49875388888889" lon="138.93906388888888">
<ele>578</ele>
</trkpt>
<trkpt lat="36.49862111111111" lon="138.93950194444446">
<ele>574</ele>
</trkpt>
<trkpt lat="36.498446111111114" lon="138.9399388888889">
<ele>576</ele>
</trkpt>
<trkpt lat="36.49841305555555" lon="138.94002694444444">
<ele>572</ele>
</trkpt>
<trkpt lat="36.49821305555555" lon="138.9405638888889">
<ele>567</ele>
</trkpt>
<trkpt lat="36.49816194444445" lon="138.94076388888888">
<ele>566</ele>
</trkpt>
<trkpt lat="36.49810388888889" lon="138.94105194444444">
<ele>563</ele>
</trkpt>
<trkpt lat="36.49805388888889" lon="138.94132694444446">
<ele>561</ele>
</trkpt>
<trkpt lat="36.49804611111111" lon="138.94185194444444">
<ele>557</ele>
</trkpt>
<trkpt lat="36.49807111111111" lon="138.94211388888888">
<ele>554</ele>
</trkpt>
<trkpt lat="36.49812111111111" lon="138.94237694444445">
<ele>551</ele>
</trkpt>
<trkpt lat="36.498311944444445" lon="138.94338888888888">
<ele>543</ele>
</trkpt>
<trkpt lat="36.49834611111111" lon="138.94358888888888">
<ele>541</ele>
</trkpt>
<trkpt lat="36.49839611111111" lon="138.9440138888889">
<ele>538</ele>
</trkpt>
<trkpt lat="36.49847888888889" lon="138.9452511111111">
<ele>530</ele>
</trkpt>
<trkpt lat="36.49847888888889" lon="138.9453388888889">
<ele>529</ele>
</trkpt>
<trkpt lat="36.498488055555555" lon="138.94766388888888">
<ele>511</ele>
</trkpt>
<trkpt lat="36.49850388888889" lon="138.9480638888889">
<ele>507</ele>
</trkpt>
<trkpt lat="36.49861305555556" lon="138.94928805555554">
<ele>502</ele>
</trkpt>
<trkpt lat="36.49862888888889" lon="138.94962611111112">
<ele>498</ele>
</trkpt>
<trkpt lat="36.49861305555556" lon="138.94985111111112">
<ele>496</ele>
</trkpt>
<trkpt lat="36.49852888888889" lon="138.95031305555557">
<ele>493</ele>
</trkpt>
<trkpt lat="36.49821305555555" lon="138.95120111111112">
<ele>488</ele>
</trkpt>
<trkpt lat="36.498128888888886" lon="138.95151305555555">
<ele>483</ele>
</trkpt>
<trkpt lat="36.49805388888889" lon="138.95198805555555">
<ele>480</ele>
</trkpt>
<trkpt lat="36.49800388888889" lon="138.9523761111111">
<ele>480</ele>
</trkpt>
<trkpt lat="36.49801305555555" lon="138.9526261111111">
<ele>480</ele>
</trkpt>
<trkpt lat="36.498038055555554" lon="138.9528011111111">
<ele>478</ele>
</trkpt>
<trkpt lat="36.49810388888889" lon="138.9531511111111">
<ele>477</ele>
</trkpt>
<trkpt lat="36.49812111111111" lon="138.95323805555554">
<ele>476</ele>
</trkpt>
<trkpt lat="36.49822888888889" lon="138.95373805555556">
<ele>472</ele>
</trkpt>
<trkpt lat="36.49825388888889" lon="138.95393805555557">
<ele>471</ele>
</trkpt>
<trkpt lat="36.49827111111111" lon="138.95428805555557">
<ele>470</ele>
</trkpt>
<trkpt lat="36.49827888888889" lon="138.95463805555556">
<ele>470</ele>
</trkpt>
<trkpt lat="36.498288055555555" lon="138.95543805555556">
<ele>465</ele>
</trkpt>
<trkpt lat="36.49829611111111" lon="138.95588805555556">
<ele>463</ele>
</trkpt>
<trkpt lat="36.498313055555556" lon="138.95605">
<ele>462</ele>
</trkpt>
<trkpt lat="36.49833805555556" lon="138.95621305555557">
<ele>461</ele>
</trkpt>
<trkpt lat="36.49841305555555" lon="138.95651305555555">
<ele>458</ele>
</trkpt>
<trkpt lat="36.49863805555555" lon="138.95715">
<ele>452</ele>
</trkpt>
<trkpt lat="36.49883805555555" lon="138.95766194444445">
<ele>448</ele>
</trkpt>
<trkpt lat="36.49899611111111" lon="138.95796305555555">
<ele>446</ele>
</trkpt>
<trkpt lat="36.49914611111111" lon="138.95816305555556">
<ele>444</ele>
</trkpt>
<trkpt lat="36.499185" lon="138.95821">
<ele>443</ele>
</trkpt>
<trkpt lat="36.499185" lon="138.95821">
<ele>443</ele>
</trkpt>
<trkpt lat="36.499338055555555" lon="138.9584">
<ele>441</ele>
</trkpt>
<trkpt lat="36.499963055555554" lon="138.959025">
<ele>435</ele>
</trkpt>
<trkpt lat="36.50020388888889" lon="138.959275">
<ele>433</ele>
</trkpt>
<trkpt lat="36.50038694444444" lon="138.959525">
<ele>431</ele>
</trkpt>
<trkpt lat="36.500503888888886" lon="138.95973694444444">
<ele>430</ele>
</trkpt>
<trkpt lat="36.50072111111111" lon="138.96021194444444">
<ele>427</ele>
</trkpt>
<trkpt lat="36.50090388888889" lon="138.96061194444445">
<ele>423</ele>
</trkpt>
<trkpt lat="36.50102111111111" lon="138.96093694444446">
<ele>421</ele>
</trkpt>
<trkpt lat="36.501063055555555" lon="138.96111194444444">
<ele>420</ele>
</trkpt>
<trkpt lat="36.50111305555556" lon="138.96136194444443">
<ele>416</ele>
</trkpt>
<trkpt lat="36.50114611111111" lon="138.96161194444446">
<ele>416</ele>
</trkpt>
<trkpt lat="36.50117888888889" lon="138.9618988888889">
<ele>415</ele>
</trkpt>
<trkpt lat="36.501238055555554" lon="138.9624738888889">
<ele>413</ele>
</trkpt>
<trkpt lat="36.50127111111111" lon="138.96277388888888">
<ele>412</ele>
</trkpt>
<trkpt lat="36.501353888888886" lon="138.9635738888889">
<ele>405</ele>
</trkpt>
<trkpt lat="36.50137111111111" lon="138.9636988888889">
<ele>405</ele>
</trkpt>
<trkpt lat="36.50140388888889" lon="138.9638238888889">
<ele>405</ele>
</trkpt>
<trkpt lat="36.501488055555555" lon="138.96403694444444">
<ele>403</ele>
</trkpt>
<trkpt lat="36.50157111111111" lon="138.96416194444444">
<ele>402</ele>
</trkpt>
<trkpt lat="36.501663055555554" lon="138.96428694444444">
<ele>402</ele>
</trkpt>
<trkpt lat="36.501871111111114" lon="138.96453694444443">
<ele>400</ele>
</trkpt>
<trkpt lat="36.50245388888889" lon="138.9652238888889">
<ele>390</ele>
</trkpt>
<trkpt lat="36.50268805555555" lon="138.9655238888889">
<ele>390</ele>
</trkpt>
<trkpt lat="36.50275388888889" lon="138.9656238888889">
<ele>393</ele>
</trkpt>
<trkpt lat="36.502853888888886" lon="138.96586194444444">
<ele>394</ele>
</trkpt>
<trkpt lat="36.50289611111111" lon="138.96598694444444">
<ele>396</ele>
</trkpt>
<trkpt lat="36.50295388888889" lon="138.96618694444444">
<ele>394</ele>
</trkpt>
<trkpt lat="36.503036944444446" lon="138.96659888888888">
<ele>390</ele>
</trkpt>
<trkpt lat="36.50307111111111" lon="138.9667861111111">
<ele>388</ele>
</trkpt>
<trkpt lat="36.50312111111111" lon="138.9670361111111">
<ele>385</ele>
</trkpt>
<trkpt lat="36.503188055555555" lon="138.9673488888889">
<ele>384</ele>
</trkpt>
<trkpt lat="36.503238055555556" lon="138.9676111111111">
<ele>384</ele>
</trkpt>
<trkpt lat="36.503503888888886" lon="138.9686988888889">
<ele>381</ele>
</trkpt>
<trkpt lat="36.503686944444446" lon="138.9693988888889">
<ele>377</ele>
</trkpt>
<trkpt lat="36.503771111111114" lon="138.9698361111111">
<ele>374</ele>
</trkpt>
<trkpt lat="36.50380388888889" lon="138.9700738888889">
<ele>373</ele>
</trkpt>
<trkpt lat="36.50382111111111" lon="138.9702861111111">
<ele>373</ele>
</trkpt>
<trkpt lat="36.50384611111111" lon="138.9705988888889">
<ele>373</ele>
</trkpt>
<trkpt lat="36.503903888888885" lon="138.9716738888889">
<ele>370</ele>
</trkpt>
<trkpt lat="36.50391194444445" lon="138.9718611111111">
<ele>369</ele>
</trkpt>
<trkpt lat="36.50397888888889" lon="138.97316111111112">
<ele>364</ele>
</trkpt>
<trkpt lat="36.50400388888889" lon="138.9735611111111">
<ele>364</ele>
</trkpt>
<trkpt lat="36.504038055555554" lon="138.9741111111111">
<ele>363</ele>
</trkpt>
<trkpt lat="36.504063055555555" lon="138.9745861111111">
<ele>361</ele>
</trkpt>
<trkpt lat="36.504063055555555" lon="138.97489805555554">
<ele>359</ele>
</trkpt>
<trkpt lat="36.50404611111111" lon="138.97509805555555">
<ele>359</ele>
</trkpt>
<trkpt lat="36.503996111111114" lon="138.97546111111112">
<ele>357</ele>
</trkpt>
<trkpt lat="36.50396305555556" lon="138.9756361111111">
<ele>357</ele>
</trkpt>
<trkpt lat="36.50371305555556" lon="138.97658611111112">
<ele>352</ele>
</trkpt>
<trkpt lat="36.50367111111111" lon="138.9767361111111">
<ele>351</ele>
</trkpt>
<trkpt lat="36.50355388888889" lon="138.9771861111111">
<ele>347</ele>
</trkpt>
<trkpt lat="36.50352888888889" lon="138.9772861111111">
<ele>345</ele>
</trkpt>
<trkpt lat="36.50347111111111" lon="138.97772305555554">
<ele>340</ele>
</trkpt>
<trkpt lat="36.50347111111111" lon="138.97787305555556">
<ele>339</ele>
</trkpt>
<trkpt lat="36.50344611111111" lon="138.97831">
<ele>335</ele>
</trkpt>
<trkpt lat="36.50345388888889" lon="138.978535">
<ele>333</ele>
</trkpt>
<trkpt lat="36.503438055555556" lon="138.97874805555554">
<ele>334</ele>
</trkpt>
<trkpt lat="36.503413055555555" lon="138.97901">
<ele>332</ele>
</trkpt>
<trkpt lat="36.503388055555554" lon="138.97919805555554">
<ele>332</ele>
</trkpt>
<trkpt lat="36.50335388888889" lon="138.979385">
<ele>331</ele>
</trkpt>
<trkpt lat="36.50326305555556" lon="138.979785">
<ele>327</ele>
</trkpt>
<trkpt lat="36.50312111111111" lon="138.98029805555555">
<ele>324</ele>
</trkpt>
<trkpt lat="36.50282111111111" lon="138.98147194444445">
<ele>317</ele>
</trkpt>
<trkpt lat="36.50274611111111" lon="138.98167194444446">
<ele>316</ele>
</trkpt>
<trkpt lat="36.50263805555556" lon="138.981935">
<ele>314</ele>
</trkpt>
<trkpt lat="36.50242111111111" lon="138.98231">
<ele>311</ele>
</trkpt>
<trkpt lat="36.502355" lon="138.98242194444444">
<ele>310</ele>
</trkpt>
<trkpt lat="36.50133" lon="138.98412194444444">
<ele>295</ele>
</trkpt>
<trkpt lat="36.501238055555554" lon="138.98426">
<ele>295</ele>
</trkpt>
<trkpt lat="36.50111305555556" lon="138.98449694444443">
<ele>294</ele>
</trkpt>
<trkpt lat="36.501038055555554" lon="138.98466">
<ele>293</ele>
</trkpt>
<trkpt lat="36.50098" lon="138.98482194444443">
<ele>292</ele>
</trkpt>
<trkpt lat="36.50094694444444" lon="138.984935">
<ele>291</ele>
</trkpt>
<trkpt lat="36.50091305555556" lon="138.98522194444445">
<ele>290</ele>
</trkpt>
<trkpt lat="36.500905" lon="138.98539694444443">
<ele>289</ele>
</trkpt>
<trkpt lat="36.50094694444444" lon="138.985785">
<ele>285</ele>
</trkpt>
<trkpt lat="36.501021944444446" lon="138.98622194444445">
<ele>284</ele>
</trkpt>
<trkpt lat="36.50113" lon="138.98692194444445">
<ele>281</ele>
</trkpt>
<trkpt lat="36.501196944444445" lon="138.98732194444443">
<ele>277</ele>
</trkpt>
<trkpt lat="36.50133" lon="138.98822194444443">
<ele>274</ele>
</trkpt>
<trkpt lat="36.50143" lon="138.9886588888889">
<ele>271</ele>
</trkpt>
<trkpt lat="36.501455" lon="138.98883388888888">
<ele>271</ele>
</trkpt>
<trkpt lat="36.50147194444445" lon="138.98903388888888">
<ele>270</ele>
</trkpt>
<trkpt lat="36.501455" lon="138.98919694444444">
<ele>269</ele>
</trkpt>
<trkpt lat="36.50143805555555" lon="138.98938388888888">
<ele>267</ele>
</trkpt>
<trkpt lat="36.50133805555556" lon="138.9901088888889">
<ele>264</ele>
</trkpt>
<trkpt lat="36.50118805555555" lon="138.9911088888889">
<ele>262</ele>
</trkpt>
<trkpt lat="36.50107194444445" lon="138.99187194444445">
<ele>259</ele>
</trkpt>
<trkpt lat="36.500971944444444" lon="138.99244694444445">
<ele>257</ele>
</trkpt>
<trkpt lat="36.500838055555555" lon="138.9933211111111">
<ele>253</ele>
</trkpt>
<trkpt lat="36.50073805555556" lon="138.99392111111112">
<ele>249</ele>
</trkpt>
<trkpt lat="36.50068" lon="138.99425888888888">
<ele>247</ele>
</trkpt>
<trkpt lat="36.500638055555555" lon="138.9945338888889">
<ele>245</ele>
</trkpt>
<trkpt lat="36.5005" lon="138.995365">
<ele>239</ele>
</trkpt>
<trkpt lat="36.5005" lon="138.99536388888887">
<ele>239</ele>
</trkpt>
<trkpt lat="36.50033888888889" lon="138.9963338888889">
<ele>232</ele>
</trkpt>
<trkpt lat="36.50008" lon="138.9963338888889">
<ele>230</ele>
</trkpt>
<trkpt lat="36.499855" lon="138.9963338888889">
<ele>228</ele>
</trkpt>
<trkpt lat="36.49953" lon="138.9963461111111">
<ele>228</ele>
</trkpt>
<trkpt lat="36.499405" lon="138.9963588888889">
<ele>228</ele>
</trkpt>
<trkpt lat="36.498846944444445" lon="138.9964338888889">
<ele>229</ele>
</trkpt>
<trkpt lat="36.49841388888889" lon="138.9964461111111">
<ele>228</ele>
</trkpt>
<trkpt lat="36.498105" lon="138.9964338888889">
<ele>228</ele>
</trkpt>
<trkpt lat="36.49763111111111" lon="138.99642111111112">
<ele>227</ele>
</trkpt>
<trkpt lat="36.497281111111114" lon="138.99640888888888">
<ele>225</ele>
</trkpt>
<trkpt lat="36.49716388888889" lon="138.99640888888888">
<ele>225</ele>
</trkpt>
<trkpt lat="36.49703888888889" lon="138.9968088888889">
<ele>223</ele>
</trkpt>
<trkpt lat="36.49681388888889" lon="138.9973961111111">
<ele>221</ele>
</trkpt>
<trkpt lat="36.49661388888889" lon="138.9979211111111">
<ele>219</ele>
</trkpt>
<trkpt lat="36.496246944444444" lon="138.9989588888889">
<ele>214</ele>
</trkpt>
<trkpt lat="36.49606388888889" lon="138.9989461111111">
<ele>214</ele>
</trkpt>
<trkpt lat="36.49606388888889" lon="138.9990961111111">
<ele>214</ele>
</trkpt>
<trkpt lat="36.49605611111111" lon="138.9992088888889">
<ele>213</ele>
</trkpt>
<trkpt lat="36.49604" lon="138.99939">
<ele>213</ele>
</trkpt>
<trkpt lat="36.49604" lon="138.99939">
<ele>213</ele>
</trkpt>
<trkpt lat="36.496006111111114" lon="138.99978305555555">
<ele>211</ele>
</trkpt>
<trkpt lat="36.49593888888889" lon="139.00040805555557">
<ele>211</ele>
</trkpt>
<trkpt lat="36.49592194444445" lon="139.00055805555556">
<ele>210</ele>
</trkpt>
<trkpt lat="36.49583111111111" lon="139.00145805555556">
<ele>208</ele>
</trkpt>
<trkpt lat="36.49580611111111" lon="139.00175805555557">
<ele>207</ele>
</trkpt>
<trkpt lat="36.49574805555555" lon="139.00233305555557">
<ele>205</ele>
</trkpt>
<trkpt lat="36.49570611111111" lon="139.00278305555557">
<ele>203</ele>
</trkpt>
<trkpt lat="36.495598055555554" lon="139.00388305555555">
<ele>200</ele>
</trkpt>
<trkpt lat="36.495581111111115" lon="139.0040461111111">
<ele>199</ele>
</trkpt>
<trkpt lat="36.49553111111111" lon="139.00447111111112">
<ele>198</ele>
</trkpt>
<trkpt lat="36.49551388888889" lon="139.00467111111112">
<ele>197</ele>
</trkpt>
<trkpt lat="36.49543888888889" lon="139.00547111111112">
<ele>195</ele>
</trkpt>
<trkpt lat="36.49528111111111" lon="139.00700805555556">
<ele>190</ele>
</trkpt>
<trkpt lat="36.495198055555555" lon="139.007745">
<ele>188</ele>
</trkpt>
<trkpt lat="36.49508888888889" lon="139.008545">
<ele>187</ele>
</trkpt>
<trkpt lat="36.49508888888889" lon="139.00858305555556">
<ele>186</ele>
</trkpt>
<trkpt lat="36.49505611111111" lon="139.00887">
<ele>186</ele>
</trkpt>
<trkpt lat="36.49503111111111" lon="139.009145">
<ele>185</ele>
</trkpt>
<trkpt lat="36.49503111111111" lon="139.00938305555556">
<ele>185</ele>
</trkpt>
<trkpt lat="36.49504694444445" lon="139.00968305555554">
<ele>184</ele>
</trkpt>
<trkpt lat="36.495063888888886" lon="139.00985805555555">
<ele>183</ele>
</trkpt>
<trkpt lat="36.49508888888889" lon="139.01025694444445">
<ele>182</ele>
</trkpt>
<trkpt lat="36.49509694444444" lon="139.010345">
<ele>182</ele>
</trkpt>
<trkpt lat="36.49515611111111" lon="139.01107">
<ele>180</ele>
</trkpt>
<trkpt lat="36.49518111111111" lon="139.011245">
<ele>179</ele>
</trkpt>
<trkpt lat="36.49521388888889" lon="139.01138194444445">
<ele>179</ele>
</trkpt>
<trkpt lat="36.49527194444445" lon="139.01153194444444">
<ele>179</ele>
</trkpt>
<trkpt lat="36.49532305555555" lon="139.011645">
<ele>179</ele>
</trkpt>
<trkpt lat="36.49546388888889" lon="139.01187">
<ele>178</ele>
</trkpt>
<trkpt lat="36.49572305555556" lon="139.012295">
<ele>177</ele>
</trkpt>
<trkpt lat="36.495913888888886" lon="139.01260805555555">
<ele>176</ele>
</trkpt>
<trkpt lat="36.495845" lon="139.01260805555555">
<ele>176</ele>
</trkpt>
<trkpt lat="36.495845" lon="139.01260805555555">
<ele>176</ele>
</trkpt>
<trkpt lat="36.495913888888886" lon="139.01260805555555">
<ele>176</ele>
</trkpt>
<trkpt lat="36.49619805555555" lon="139.01308194444445">
<ele>176</ele>
</trkpt>
<trkpt lat="36.49625611111111" lon="139.01315805555555">
<ele>176</ele>
</trkpt>
<trkpt lat="36.49657194444445" lon="139.01360694444443">
<ele>175</ele>
</trkpt>
<trkpt lat="36.49668111111111" lon="139.013795">
<ele>175</ele>
</trkpt>
<trkpt lat="36.496746944444446" lon="139.01400694444445">
<ele>174</ele>
</trkpt>
<trkpt lat="36.496763888888886" lon="139.01420694444445">
<ele>174</ele>
</trkpt>
<trkpt lat="36.49674805555556" lon="139.01460305555557">
<ele>174</ele>
</trkpt>
<trkpt lat="36.49674805555556" lon="139.01460305555557">
<ele>174</ele>
</trkpt>
<trkpt lat="36.494232777777775" lon="139.01447083333332">
<ele>171</ele>
</trkpt>
<trkpt lat="36.494232777777775" lon="139.01447083333332">
<ele>171</ele>
</trkpt>
<trkpt lat="36.491973888888886" lon="139.01451166666666">
<ele>173</ele>
</trkpt>
<trkpt lat="36.491973888888886" lon="139.01451166666666">
<ele>173</ele>
</trkpt>
<trkpt lat="36.491325" lon="139.01464444444446">
<ele>170</ele>
</trkpt>
<trkpt lat="36.491325" lon="139.01464444444446">
<ele>170</ele>
</trkpt>
<trkpt lat="36.48916444444444" lon="139.01556416666668">
<ele>169</ele>
</trkpt>
<trkpt lat="36.48916444444444" lon="139.01556416666668">
<ele>169</ele>
</trkpt>
<trkpt lat="36.48864694444445" lon="139.01553361111112">
<ele>170</ele>
</trkpt>
<trkpt lat="36.48864694444445" lon="139.01553361111112">
<ele>170</ele>
</trkpt>
<trkpt lat="36.4882525" lon="139.01564583333334">
<ele>170</ele>
</trkpt>
<trkpt lat="36.4882525" lon="139.01564583333334">
<ele>170</ele>
</trkpt>
<trkpt lat="36.48522111111111" lon="139.01719888888888">
<ele>167</ele>
</trkpt>
<trkpt lat="36.48522111111111" lon="139.01719888888888">
<ele>167</ele>
</trkpt>
<trkpt lat="36.48383277777778" lon="139.01826166666666">
<ele>165</ele>
</trkpt>
<trkpt lat="36.48383277777778" lon="139.01826166666666">
<ele>165</ele>
</trkpt>
<trkpt lat="36.48312611111111" lon="139.01886444444443">
<ele>165</ele>
</trkpt>
<trkpt lat="36.48312611111111" lon="139.01886444444443">
<ele>165</ele>
</trkpt>
<trkpt lat="36.481705" lon="139.0205811111111">
<ele>165</ele>
</trkpt>
<trkpt lat="36.481705" lon="139.0205811111111">
<ele>165</ele>
</trkpt>
<trkpt lat="36.480250833333336" lon="139.02148027777778">
<ele>161</ele>
</trkpt>
<trkpt lat="36.480250833333336" lon="139.02148027777778">
<ele>161</ele>
</trkpt>
<trkpt lat="36.48007833333333" lon="139.02144972222223">
<ele>161</ele>
</trkpt>
<trkpt lat="36.48007833333333" lon="139.02144972222223">
<ele>161</ele>
</trkpt>
<trkpt lat="36.479930277777775" lon="139.02119416666667">
<ele>161</ele>
</trkpt>
<trkpt lat="36.479930277777775" lon="139.02119416666667">
<ele>161</ele>
</trkpt>
<trkpt lat="36.47982361111111" lon="139.02118388888888">
<ele>161</ele>
</trkpt>
<trkpt lat="36.47982361111111" lon="139.02118388888888">
<ele>161</ele>
</trkpt>
<trkpt lat="36.47951944444444" lon="139.02125555555557">
<ele>160</ele>
</trkpt>
<trkpt lat="36.47951944444444" lon="139.02125555555557">
<ele>160</ele>
</trkpt>
<trkpt lat="36.479420833333336" lon="139.02136805555557">
<ele>160</ele>
</trkpt>
<trkpt lat="36.479420833333336" lon="139.02136805555557">
<ele>160</ele>
</trkpt>
<trkpt lat="36.47935527777778" lon="139.02160305555554">
<ele>161</ele>
</trkpt>
<trkpt lat="36.47935527777778" lon="139.02160305555554">
<ele>161</ele>
</trkpt>
<trkpt lat="36.47919916666667" lon="139.021705">
<ele>160</ele>
</trkpt>
<trkpt lat="36.47919916666667" lon="139.021705">
<ele>160</ele>
</trkpt>
<trkpt lat="36.47908416666667" lon="139.0217663888889">
<ele>159</ele>
</trkpt>
<trkpt lat="36.47908416666667" lon="139.0217663888889">
<ele>159</ele>
</trkpt>
<trkpt lat="36.47857472222222" lon="139.02241027777777">
<ele>160</ele>
</trkpt>
<trkpt lat="36.47857472222222" lon="139.02241027777777">
<ele>160</ele>
</trkpt>
<trkpt lat="36.47532916666667" lon="139.02554694444444">
<ele>155</ele>
</trkpt>
<trkpt lat="36.47532916666667" lon="139.02554694444444">
<ele>155</ele>
</trkpt>
<trkpt lat="36.474540555555556" lon="139.0264563888889">
<ele>155</ele>
</trkpt>
<trkpt lat="36.474540555555556" lon="139.0264563888889">
<ele>155</ele>
</trkpt>
<trkpt lat="36.47329166666667" lon="139.0277236111111">
<ele>155</ele>
</trkpt>
<trkpt lat="36.47329166666667" lon="139.0277236111111">
<ele>155</ele>
</trkpt>
<trkpt lat="36.47245361111111" lon="139.02869416666667">
<ele>154</ele>
</trkpt>
<trkpt lat="36.47245361111111" lon="139.02869416666667">
<ele>154</ele>
</trkpt>
<trkpt lat="36.470933333333335" lon="139.029675">
<ele>153</ele>
</trkpt>
<trkpt lat="36.470933333333335" lon="139.029675">
<ele>153</ele>
</trkpt>
<trkpt lat="36.47044861111111" lon="139.03005305555556">
<ele>151</ele>
</trkpt>
<trkpt lat="36.47044861111111" lon="139.03005305555556">
<ele>151</ele>
</trkpt>
<trkpt lat="36.46980777777778" lon="139.03048222222222">
<ele>150</ele>
</trkpt>
<trkpt lat="36.46980777777778" lon="139.03048222222222">
<ele>150</ele>
</trkpt>
<trkpt lat="36.469339444444444" lon="139.03091138888888">
<ele>150</ele>
</trkpt>
<trkpt lat="36.469339444444444" lon="139.03091138888888">
<ele>150</ele>
</trkpt>
<trkpt lat="36.4671125" lon="139.03313888888889">
<ele>149</ele>
</trkpt>
<trkpt lat="36.4671125" lon="139.03313888888889">
<ele>149</ele>
</trkpt>
<trkpt lat="36.46606055555556" lon="139.0339461111111">
<ele>150</ele>
</trkpt>
<trkpt lat="36.46606055555556" lon="139.0339461111111">
<ele>150</ele>
</trkpt>
<trkpt lat="36.46476222222222" lon="139.03467166666667">
<ele>149</ele>
</trkpt>
<trkpt lat="36.46476222222222" lon="139.03467166666667">
<ele>149</ele>
</trkpt>
<trkpt lat="36.464483055555554" lon="139.03477388888888">
<ele>149</ele>
</trkpt>
<trkpt lat="36.464483055555554" lon="139.03477388888888">
<ele>149</ele>
</trkpt>
<trkpt lat="36.46391583333333" lon="139.03489638888888">
<ele>147</ele>
</trkpt>
<trkpt lat="36.46391583333333" lon="139.03489638888888">
<ele>147</ele>
</trkpt>
<trkpt lat="36.46294611111111" lon="139.03465138888888">
<ele>144</ele>
</trkpt>
<trkpt lat="36.46294611111111" lon="139.03465138888888">
<ele>144</ele>
</trkpt>
<trkpt lat="36.46269138888889" lon="139.03455916666667">
<ele>143</ele>
</trkpt>
<trkpt lat="36.46269138888889" lon="139.03455916666667">
<ele>143</ele>
</trkpt>
<trkpt lat="36.462445" lon="139.03449805555556">
<ele>143</ele>
</trkpt>
<trkpt lat="36.462445" lon="139.03449805555556">
<ele>143</ele>
</trkpt>
<trkpt lat="36.46228055555556" lon="139.03423222222222">
<ele>144</ele>
</trkpt>
<trkpt lat="36.46228055555556" lon="139.03423222222222">
<ele>144</ele>
</trkpt>
<trkpt lat="36.462140833333336" lon="139.03392583333334">
<ele>144</ele>
</trkpt>
<trkpt lat="36.462140833333336" lon="139.03392583333334">
<ele>144</ele>
</trkpt>
<trkpt lat="36.461754722222224" lon="139.03346611111112">
<ele>144</ele>
</trkpt>
<trkpt lat="36.461754722222224" lon="139.03346611111112">
<ele>144</ele>
</trkpt>
<trkpt lat="36.461573888888886" lon="139.03343527777778">
<ele>144</ele>
</trkpt>
<trkpt lat="36.461573888888886" lon="139.03343527777778">
<ele>144</ele>
</trkpt>
<trkpt lat="36.461039722222225" lon="139.03349666666668">
<ele>144</ele>
</trkpt>
<trkpt lat="36.461039722222225" lon="139.03349666666668">
<ele>144</ele>
</trkpt>
<trkpt lat="36.460858888888886" lon="139.03332305555554">
<ele>144</ele>
</trkpt>
<trkpt lat="36.460858888888886" lon="139.03332305555554">
<ele>144</ele>
</trkpt>
<trkpt lat="36.460480833333335" lon="139.03287333333333">
<ele>145</ele>
</trkpt>
<trkpt lat="36.460480833333335" lon="139.03287333333333">
<ele>145</ele>
</trkpt>
<trkpt lat="36.4602425" lon="139.03281194444443">
<ele>145</ele>
</trkpt>
<trkpt lat="36.4602425" lon="139.03281194444443">
<ele>145</ele>
</trkpt>
<trkpt lat="36.460053611111114" lon="139.03277111111112">
<ele>145</ele>
</trkpt>
<trkpt lat="36.460053611111114" lon="139.03277111111112">
<ele>145</ele>
</trkpt>
<trkpt lat="36.459757777777774" lon="139.0325975">
<ele>145</ele>
</trkpt>
<trkpt lat="36.459757777777774" lon="139.0325975">
<ele>145</ele>
</trkpt>
<trkpt lat="36.459289166666665" lon="139.0326486111111">
<ele>145</ele>
</trkpt>
<trkpt lat="36.459289166666665" lon="139.0326486111111">
<ele>145</ele>
</trkpt>
<trkpt lat="36.45891944444445" lon="139.03255666666666">
<ele>145</ele>
</trkpt>
<trkpt lat="36.45891944444445" lon="139.03255666666666">
<ele>145</ele>
</trkpt>
<trkpt lat="36.457974444444446" lon="139.03251583333332">
<ele>145</ele>
</trkpt>
<trkpt lat="36.457974444444446" lon="139.03251583333332">
<ele>145</ele>
</trkpt>
<trkpt lat="36.45738277777778" lon="139.03310833333333">
<ele>143</ele>
</trkpt>
<trkpt lat="36.45738277777778" lon="139.03310833333333">
<ele>143</ele>
</trkpt>
<trkpt lat="36.457053888888886" lon="139.03312888888888">
<ele>143</ele>
</trkpt>
<trkpt lat="36.457053888888886" lon="139.03312888888888">
<ele>143</ele>
</trkpt>
<trkpt lat="36.45673333333333" lon="139.03329222222223">
<ele>143</ele>
</trkpt>
<trkpt lat="36.45673333333333" lon="139.03329222222223">
<ele>143</ele>
</trkpt>
<trkpt lat="36.45416111111111" lon="139.03506">
<ele>139</ele>
</trkpt>
<trkpt lat="36.45416111111111" lon="139.03506">
<ele>139</ele>
</trkpt>
<trkpt lat="36.4536925" lon="139.03524388888889">
<ele>139</ele>
</trkpt>
<trkpt lat="36.4536925" lon="139.03524388888889">
<ele>139</ele>
</trkpt>
<trkpt lat="36.452730833333334" lon="139.0354686111111">
<ele>138</ele>
</trkpt>
<trkpt lat="36.452730833333334" lon="139.0354686111111">
<ele>138</ele>
</trkpt>
<trkpt lat="36.45146527777778" lon="139.03568333333334">
<ele>138</ele>
</trkpt>
<trkpt lat="36.45146527777778" lon="139.03568333333334">
<ele>138</ele>
</trkpt>
<trkpt lat="36.45104611111111" lon="139.0356936111111">
<ele>138</ele>
</trkpt>
<trkpt lat="36.45104611111111" lon="139.0356936111111">
<ele>138</ele>
</trkpt>
<trkpt lat="36.44992" lon="139.03513138888889">
<ele>138</ele>
</trkpt>
<trkpt lat="36.44992" lon="139.03513138888889">
<ele>138</ele>
</trkpt>
<trkpt lat="36.449468055555556" lon="139.03474333333332">
<ele>139</ele>
</trkpt>
<trkpt lat="36.449468055555556" lon="139.03474333333332">
<ele>139</ele>
</trkpt>
<trkpt lat="36.44922138888889" lon="139.03474333333332">
<ele>139</ele>
</trkpt>
<trkpt lat="36.44922138888889" lon="139.03474333333332">
<ele>139</ele>
</trkpt>
<trkpt lat="36.44902416666667" lon="139.03495777777778">
<ele>139</ele>
</trkpt>
<trkpt lat="36.44902416666667" lon="139.03495777777778">
<ele>139</ele>
</trkpt>
<trkpt lat="36.44829277777778" lon="139.03516222222223">
<ele>138</ele>
</trkpt>
<trkpt lat="36.44829277777778" lon="139.03516222222223">
<ele>138</ele>
</trkpt>
<trkpt lat="36.44799694444445" lon="139.03496805555557">
<ele>139</ele>
</trkpt>
<trkpt lat="36.44799694444445" lon="139.03496805555557">
<ele>139</ele>
</trkpt>
<trkpt lat="36.446895" lon="139.0353475">
<ele>139</ele>
</trkpt>
<trkpt lat="36.446895" lon="139.0353475">
<ele>139</ele>
</trkpt>
<trkpt lat="36.4462375" lon="139.03566944444444">
<ele>138</ele>
</trkpt>
<trkpt lat="36.4462375" lon="139.03566944444444">
<ele>138</ele>
</trkpt>
<trkpt lat="36.44591861111111" lon="139.03558611111112">
<ele>137</ele>
</trkpt>
<trkpt lat="36.44591861111111" lon="139.03558611111112">
<ele>137</ele>
</trkpt>
<trkpt lat="36.44463638888889" lon="139.03579055555556">
<ele>135</ele>
</trkpt>
<trkpt lat="36.44463638888889" lon="139.03579055555556">
<ele>135</ele>
</trkpt>
<trkpt lat="36.4438475" lon="139.03562694444443">
<ele>135</ele>
</trkpt>
<trkpt lat="36.4438475" lon="139.03562694444443">
<ele>135</ele>
</trkpt>
<trkpt lat="36.44284472222222" lon="139.03563722222222">
<ele>135</ele>
</trkpt>
<trkpt lat="36.44284472222222" lon="139.03563722222222">
<ele>135</ele>
</trkpt>
<trkpt lat="36.44163638888889" lon="139.03570888888888">
<ele>134</ele>
</trkpt>
<trkpt lat="36.44163638888889" lon="139.03570888888888">
<ele>134</ele>
</trkpt>
<trkpt lat="36.441003333333335" lon="139.03544305555556">
<ele>134</ele>
</trkpt>
<trkpt lat="36.441003333333335" lon="139.03544305555556">
<ele>134</ele>
</trkpt>
<trkpt lat="36.440288055555556" lon="139.03571916666667">
<ele>133</ele>
</trkpt>
<trkpt lat="36.440288055555556" lon="139.03571916666667">
<ele>133</ele>
</trkpt>
<trkpt lat="36.43989361111111" lon="139.03577">
<ele>132</ele>
</trkpt>
<trkpt lat="36.43989361111111" lon="139.03577">
<ele>132</ele>
</trkpt>
<trkpt lat="36.438718055555555" lon="139.03537166666666">
<ele>132</ele>
</trkpt>
<trkpt lat="36.438718055555555" lon="139.03537166666666">
<ele>132</ele>
</trkpt>
<trkpt lat="36.43783027777778" lon="139.03510583333335">
<ele>131</ele>
</trkpt>
<trkpt lat="36.43783027777778" lon="139.03510583333335">
<ele>131</ele>
</trkpt>
<trkpt lat="36.43743583333333" lon="139.0348197222222">
<ele>130</ele>
</trkpt>
<trkpt lat="36.43743583333333" lon="139.0348197222222">
<ele>130</ele>
</trkpt>
<trkpt lat="36.437106944444444" lon="139.03462583333334">
<ele>129</ele>
</trkpt>
<trkpt lat="36.437106944444444" lon="139.03462583333334">
<ele>129</ele>
</trkpt>
<trkpt lat="36.436704166666665" lon="139.03444166666668">
<ele>129</ele>
</trkpt>
<trkpt lat="36.436704166666665" lon="139.03444166666668">
<ele>129</ele>
</trkpt>
<trkpt lat="36.43461611111111" lon="139.0329602777778">
<ele>127</ele>
</trkpt>
<trkpt lat="36.43461611111111" lon="139.0329602777778">
<ele>127</ele>
</trkpt>
<trkpt lat="36.43447638888889" lon="139.03262305555555">
<ele>129</ele>
</trkpt>
<trkpt lat="36.43447638888889" lon="139.03262305555555">
<ele>129</ele>
</trkpt>
<trkpt lat="36.43431916666667" lon="139.03251722222222">
<ele>128</ele>
</trkpt>
<trkpt lat="36.43431916666667" lon="139.03251722222222">
<ele>128</ele>
</trkpt>
<trkpt lat="36.43141833333333" lon="139.0312947222222">
<ele>129</ele>
</trkpt>
<trkpt lat="36.43141833333333" lon="139.0312947222222">
<ele>129</ele>
</trkpt>
<trkpt lat="36.43080166666667" lon="139.03108">
<ele>129</ele>
</trkpt>
<trkpt lat="36.43080166666667" lon="139.03108">
<ele>129</ele>
</trkpt>
<trkpt lat="36.42997944444444" lon="139.0309472222222">
<ele>129</ele>
</trkpt>
<trkpt lat="36.42997944444444" lon="139.0309472222222">
<ele>129</ele>
</trkpt>
<trkpt lat="36.4285325" lon="139.03123333333335">
<ele>128</ele>
</trkpt>
<trkpt lat="36.4285325" lon="139.03123333333335">
<ele>128</ele>
</trkpt>
<trkpt lat="36.42751305555556" lon="139.03143777777777">
<ele>129</ele>
</trkpt>
<trkpt lat="36.42751305555556" lon="139.03143777777777">
<ele>129</ele>
</trkpt>
<trkpt lat="36.42692944444445" lon="139.03171361111112">
<ele>128</ele>
</trkpt>
<trkpt lat="36.42692944444445" lon="139.03171361111112">
<ele>128</ele>
</trkpt>
<trkpt lat="36.4268225" lon="139.03167277777777">
<ele>129</ele>
</trkpt>
<trkpt lat="36.4268225" lon="139.03167277777777">
<ele>129</ele>
</trkpt>
<trkpt lat="36.42369" lon="139.03315444444445">
<ele>125</ele>
</trkpt>
<trkpt lat="36.42369" lon="139.03315444444445">
<ele>125</ele>
</trkpt>
<trkpt lat="36.42258" lon="139.03413527777778">
<ele>125</ele>
</trkpt>
<trkpt lat="36.42258" lon="139.03413527777778">
<ele>125</ele>
</trkpt>
<trkpt lat="36.42216888888889" lon="139.03428861111112">
<ele>128</ele>
</trkpt>
<trkpt lat="36.42216888888889" lon="139.03428861111112">
<ele>128</ele>
</trkpt>
<trkpt lat="36.42179083333333" lon="139.0344213888889">
<ele>130</ele>
</trkpt>
<trkpt lat="36.42179083333333" lon="139.0344213888889">
<ele>130</ele>
</trkpt>
<trkpt lat="36.42119888888889" lon="139.03492194444445">
<ele>126</ele>
</trkpt>
<trkpt lat="36.42119888888889" lon="139.03492194444445">
<ele>126</ele>
</trkpt>
<trkpt lat="36.420721944444445" lon="139.03497305555555">
<ele>128</ele>
</trkpt>
<trkpt lat="36.420721944444445" lon="139.03497305555555">
<ele>128</ele>
</trkpt>
<trkpt lat="36.42012166666667" lon="139.0352286111111">
<ele>126</ele>
</trkpt>
<trkpt lat="36.42012166666667" lon="139.0352286111111">
<ele>126</ele>
</trkpt>
<trkpt lat="36.420141111111114" lon="139.03532722222224">
<ele>126</ele>
</trkpt>
<trkpt lat="36.420141111111114" lon="139.03532722222224">
<ele>126</ele>
</trkpt>
<trkpt lat="36.41910527777778" lon="139.03568472222221">
<ele>128</ele>
</trkpt>
<trkpt lat="36.41910527777778" lon="139.03568472222221">
<ele>128</ele>
</trkpt>
<trkpt lat="36.41871472222222" lon="139.03563888888888">
<ele>128</ele>
</trkpt>
<trkpt lat="36.41871472222222" lon="139.03563888888888">
<ele>128</ele>
</trkpt>
<trkpt lat="36.41846805555556" lon="139.03571555555556">
<ele>129</ele>
</trkpt>
<trkpt lat="36.41846805555556" lon="139.03571555555556">
<ele>129</ele>
</trkpt>
<trkpt lat="36.41783888888889" lon="139.03607305555556">
<ele>125</ele>
</trkpt>
<trkpt lat="36.41783888888889" lon="139.03607305555556">
<ele>125</ele>
</trkpt>
<trkpt lat="36.417501944444446" lon="139.0363847222222">
<ele>125</ele>
</trkpt>
<trkpt lat="36.417501944444446" lon="139.0363847222222">
<ele>125</ele>
</trkpt>
<trkpt lat="36.41725527777778" lon="139.03648694444445">
<ele>126</ele>
</trkpt>
<trkpt lat="36.41725527777778" lon="139.03648694444445">
<ele>126</ele>
</trkpt>
<trkpt lat="36.417185277777776" lon="139.03684444444445">
<ele>126</ele>
</trkpt>
<trkpt lat="36.417185277777776" lon="139.03684444444445">
<ele>126</ele>
</trkpt>
<trkpt lat="36.417271666666664" lon="139.03714583333334">
<ele>122</ele>
</trkpt>
<trkpt lat="36.417271666666664" lon="139.03714583333334">
<ele>122</ele>
</trkpt>
<trkpt lat="36.41725111111111" lon="139.0375547222222">
<ele>122</ele>
</trkpt>
<trkpt lat="36.41725111111111" lon="139.0375547222222">
<ele>122</ele>
</trkpt>
<trkpt lat="36.417316944444444" lon="139.03800944444444">
<ele>122</ele>
</trkpt>
<trkpt lat="36.417316944444444" lon="139.03800944444444">
<ele>122</ele>
</trkpt>
<trkpt lat="36.41743611111111" lon="139.03835166666667">
<ele>121</ele>
</trkpt>
<trkpt lat="36.41743611111111" lon="139.03835166666667">
<ele>121</ele>
</trkpt>
<trkpt lat="36.41743611111111" lon="139.03876555555556">
<ele>121</ele>
</trkpt>
<trkpt lat="36.41743611111111" lon="139.03876555555556">
<ele>121</ele>
</trkpt>
<trkpt lat="36.417070277777775" lon="139.03980777777778">
<ele>119</ele>
</trkpt>
<trkpt lat="36.417070277777775" lon="139.03980777777778">
<ele>119</ele>
</trkpt>
<trkpt lat="36.4168975" lon="139.04055888888888">
<ele>115</ele>
</trkpt>
<trkpt lat="36.4168975" lon="139.04055888888888">
<ele>115</ele>
</trkpt>
<trkpt lat="36.4166425" lon="139.0410388888889">
<ele>115</ele>
</trkpt>
<trkpt lat="36.4166425" lon="139.0410388888889">
<ele>115</ele>
</trkpt>
<trkpt lat="36.41639583333333" lon="139.0414425">
<ele>117</ele>
</trkpt>
<trkpt lat="36.41639583333333" lon="139.0414425">
<ele>117</ele>
</trkpt>
<trkpt lat="36.41598888888889" lon="139.0416675">
<ele>120</ele>
</trkpt>
<trkpt lat="36.41598888888889" lon="139.0416675">
<ele>120</ele>
</trkpt>
<trkpt lat="36.415713333333336" lon="139.0419586111111">
<ele>120</ele>
</trkpt>
<trkpt lat="36.415713333333336" lon="139.0419586111111">
<ele>120</ele>
</trkpt>
<trkpt lat="36.415438055555555" lon="139.04246444444445">
<ele>114</ele>
</trkpt>
<trkpt lat="36.415438055555555" lon="139.04246444444445">
<ele>114</ele>
</trkpt>
<trkpt lat="36.41503083333333" lon="139.04285777777778">
<ele>115</ele>
</trkpt>
<trkpt lat="36.41503083333333" lon="139.04285777777778">
<ele>115</ele>
</trkpt>
<trkpt lat="36.41404416666666" lon="139.04429861111112">
<ele>119</ele>
</trkpt>
<trkpt lat="36.41404416666666" lon="139.04429861111112">
<ele>119</ele>
</trkpt>
<trkpt lat="36.413871388888886" lon="139.04444666666666">
<ele>119</ele>
</trkpt>
<trkpt lat="36.413871388888886" lon="139.04444666666666">
<ele>119</ele>
</trkpt>
<trkpt lat="36.41365777777778" lon="139.04453361111112">
<ele>120</ele>
</trkpt>
<trkpt lat="36.41365777777778" lon="139.04453361111112">
<ele>120</ele>
</trkpt>
<trkpt lat="36.413600277777775" lon="139.04472777777778">
<ele>119</ele>
</trkpt>
<trkpt lat="36.413600277777775" lon="139.04472777777778">
<ele>119</ele>
</trkpt>
<trkpt lat="36.413600277777775" lon="139.04484527777777">
<ele>118</ele>
</trkpt>
<trkpt lat="36.413600277777775" lon="139.04484527777777">
<ele>118</ele>
</trkpt>
<trkpt lat="36.41300388888889" lon="139.04554">
<ele>117</ele>
</trkpt>
<trkpt lat="36.41300388888889" lon="139.04554">
<ele>117</ele>
</trkpt>
<trkpt lat="36.412638055555554" lon="139.04584666666668">
<ele>119</ele>
</trkpt>
<trkpt lat="36.412638055555554" lon="139.04584666666668">
<ele>119</ele>
</trkpt>
<trkpt lat="36.41211166666667" lon="139.0461836111111">
<ele>119</ele>
</trkpt>
<trkpt lat="36.41211166666667" lon="139.0461836111111">
<ele>119</ele>
</trkpt>
<trkpt lat="36.41165138888889" lon="139.04662833333333">
<ele>118</ele>
</trkpt>
<trkpt lat="36.41165138888889" lon="139.04662833333333">
<ele>118</ele>
</trkpt>
<trkpt lat="36.411565" lon="139.04656166666666">
<ele>118</ele>
</trkpt>
<trkpt lat="36.411565" lon="139.04656166666666">
<ele>118</ele>
</trkpt>
<trkpt lat="36.41151138888889" lon="139.04649527777778">
<ele>119</ele>
</trkpt>
<trkpt lat="36.41151138888889" lon="139.04649527777778">
<ele>119</ele>
</trkpt>
<trkpt lat="36.41133055555556" lon="139.0465311111111">
<ele>120</ele>
</trkpt>
<trkpt lat="36.41133055555556" lon="139.0465311111111">
<ele>120</ele>
</trkpt>
<trkpt lat="36.40862111111111" lon="139.0485338888889">
<ele>119</ele>
</trkpt>
<trkpt lat="36.40862111111111" lon="139.0485338888889">
<ele>119</ele>
</trkpt>
<trkpt lat="36.40716555555556" lon="139.0491775">
<ele>120</ele>
</trkpt>
<trkpt lat="36.40716555555556" lon="139.0491775">
<ele>120</ele>
</trkpt>
<trkpt lat="36.40589083333333" lon="139.04954027777777">
<ele>112</ele>
</trkpt>
<trkpt lat="36.40589083333333" lon="139.04954027777777">
<ele>112</ele>
</trkpt>
<trkpt lat="36.40554138888889" lon="139.04957611111112">
<ele>112</ele>
</trkpt>
<trkpt lat="36.40554138888889" lon="139.04957611111112">
<ele>112</ele>
</trkpt>
<trkpt lat="36.40448444444444" lon="139.04955555555554">
<ele>113</ele>
</trkpt>
<trkpt lat="36.40448444444444" lon="139.04955555555554">
<ele>113</ele>
</trkpt>
<trkpt lat="36.404089722222224" lon="139.04948916666666">
<ele>113</ele>
</trkpt>
<trkpt lat="36.404089722222224" lon="139.04948916666666">
<ele>113</ele>
</trkpt>
<trkpt lat="36.40367027777778" lon="139.04951472222223">
<ele>114</ele>
</trkpt>
<trkpt lat="36.40367027777778" lon="139.04951472222223">
<ele>114</ele>
</trkpt>
<trkpt lat="36.402362777777775" lon="139.04939222222222">
<ele>114</ele>
</trkpt>
<trkpt lat="36.402362777777775" lon="139.04939222222222">
<ele>114</ele>
</trkpt>
<trkpt lat="36.40085361111111" lon="139.04945361111112">
<ele>114</ele>
</trkpt>
<trkpt lat="36.40085361111111" lon="139.04945361111112">
<ele>114</ele>
</trkpt>
<trkpt lat="36.400578055555556" lon="139.04953">
<ele>114</ele>
</trkpt>
<trkpt lat="36.400578055555556" lon="139.04953">
<ele>114</ele>
</trkpt>
<trkpt lat="36.40043" lon="139.0496425">
<ele>114</ele>
</trkpt>
<trkpt lat="36.40043" lon="139.0496425">
<ele>114</ele>
</trkpt>
<trkpt lat="36.400084722222225" lon="139.04973444444445">
<ele>114</ele>
</trkpt>
<trkpt lat="36.400084722222225" lon="139.04973444444445">
<ele>114</ele>
</trkpt>
<trkpt lat="36.399948888888886" lon="139.04985194444444">
<ele>114</ele>
</trkpt>
<trkpt lat="36.399948888888886" lon="139.04985194444444">
<ele>114</ele>
</trkpt>
<trkpt lat="36.39959944444445" lon="139.04995916666667">
<ele>114</ele>
</trkpt>
<trkpt lat="36.39959944444445" lon="139.04995916666667">
<ele>114</ele>
</trkpt>
<trkpt lat="36.398694722222224" lon="139.05068972222222">
<ele>114</ele>
</trkpt>
<trkpt lat="36.398694722222224" lon="139.05068972222222">
<ele>114</ele>
</trkpt>
<trkpt lat="36.39776527777778" lon="139.05153805555557">
<ele>115</ele>
</trkpt>
<trkpt lat="36.39776527777778" lon="139.05153805555557">
<ele>115</ele>
</trkpt>
<trkpt lat="36.397465" lon="139.0519313888889">
<ele>115</ele>
</trkpt>
<trkpt lat="36.397465" lon="139.0519313888889">
<ele>115</ele>
</trkpt>
<trkpt lat="36.397173055555555" lon="139.0519925">
<ele>115</ele>
</trkpt>
<trkpt lat="36.397173055555555" lon="139.0519925">
<ele>115</ele>
</trkpt>
<trkpt lat="36.396835833333334" lon="139.05254944444445">
<ele>115</ele>
</trkpt>
<trkpt lat="36.396835833333334" lon="139.05254944444445">
<ele>115</ele>
</trkpt>
<trkpt lat="36.396474166666664" lon="139.05318805555555">
<ele>112</ele>
</trkpt>
<trkpt lat="36.396474166666664" lon="139.05318805555555">
<ele>112</ele>
</trkpt>
<trkpt lat="36.39629722222222" lon="139.0538011111111">
<ele>110</ele>
</trkpt>
<trkpt lat="36.39629722222222" lon="139.0538011111111">
<ele>110</ele>
</trkpt>
<trkpt lat="36.395894166666665" lon="139.05467472222222">
<ele>109</ele>
</trkpt>
<trkpt lat="36.395894166666665" lon="139.05467472222222">
<ele>109</ele>
</trkpt>
<trkpt lat="36.39510861111111" lon="139.05501194444443">
<ele>110</ele>
</trkpt>
<trkpt lat="36.39510861111111" lon="139.05501194444443">
<ele>110</ele>
</trkpt>
<trkpt lat="36.39471805555556" lon="139.05500194444446">
<ele>110</ele>
</trkpt>
<trkpt lat="36.39471805555556" lon="139.05500194444446">
<ele>110</ele>
</trkpt>
<trkpt lat="36.39449194444445" lon="139.05507333333333">
<ele>110</ele>
</trkpt>
<trkpt lat="36.39449194444445" lon="139.05507333333333">
<ele>110</ele>
</trkpt>
<trkpt lat="36.39416694444444" lon="139.0553338888889">
<ele>110</ele>
</trkpt>
<trkpt lat="36.39416694444444" lon="139.0553338888889">
<ele>110</ele>
</trkpt>
<trkpt lat="36.39375583333333" lon="139.05547694444445">
<ele>110</ele>
</trkpt>
<trkpt lat="36.39375583333333" lon="139.05547694444445">
<ele>110</ele>
</trkpt>
<trkpt lat="36.3935625" lon="139.05551277777778">
<ele>110</ele>
</trkpt>
<trkpt lat="36.3935625" lon="139.05551277777778">
<ele>110</ele>
</trkpt>
<trkpt lat="36.39343083333333" lon="139.05546166666667">
<ele>110</ele>
</trkpt>
<trkpt lat="36.39343083333333" lon="139.05546166666667">
<ele>110</ele>
</trkpt>
<trkpt lat="36.39319638888889" lon="139.05559444444444">
<ele>110</ele>
</trkpt>
<trkpt lat="36.39319638888889" lon="139.05559444444444">
<ele>110</ele>
</trkpt>
<trkpt lat="36.392945555555556" lon="139.0556711111111">
<ele>110</ele>
</trkpt>
<trkpt lat="36.392945555555556" lon="139.0556711111111">
<ele>110</ele>
</trkpt>
<trkpt lat="36.392451944444446" lon="139.0557375">
<ele>110</ele>
</trkpt>
<trkpt lat="36.392451944444446" lon="139.0557375">
<ele>110</ele>
</trkpt>
<trkpt lat="36.392110833333334" lon="139.05559444444444">
<ele>110</ele>
</trkpt>
<trkpt lat="36.392110833333334" lon="139.05559444444444">
<ele>110</ele>
</trkpt>
<trkpt lat="36.39179" lon="139.0553747222222">
<ele>110</ele>
</trkpt>
<trkpt lat="36.39179" lon="139.0553747222222">
<ele>110</ele>
</trkpt>
<trkpt lat="36.391711666666666" lon="139.05521638888888">
<ele>110</ele>
</trkpt>
<trkpt lat="36.391711666666666" lon="139.05521638888888">
<ele>110</ele>
</trkpt>
<trkpt lat="36.391374444444445" lon="139.055155">
<ele>110</ele>
</trkpt>
<trkpt lat="36.391374444444445" lon="139.055155">
<ele>110</ele>
</trkpt>
<trkpt lat="36.39119361111111" lon="139.0552011111111">
<ele>110</ele>
</trkpt>
<trkpt lat="36.39119361111111" lon="139.0552011111111">
<ele>110</ele>
</trkpt>
<trkpt lat="36.39085222222222" lon="139.05513972222224">
<ele>110</ele>
</trkpt>
<trkpt lat="36.39085222222222" lon="139.05513972222224">
<ele>110</ele>
</trkpt>
<trkpt lat="36.39059722222222" lon="139.05510916666665">
<ele>110</ele>
</trkpt>
<trkpt lat="36.39059722222222" lon="139.05510916666665">
<ele>110</ele>
</trkpt>
<trkpt lat="36.39021888888889" lon="139.05498138888888">
<ele>110</ele>
</trkpt>
<trkpt lat="36.39021888888889" lon="139.05498138888888">
<ele>110</ele>
</trkpt>
<trkpt lat="36.39012833333334" lon="139.05502222222222">
<ele>110</ele>
</trkpt>
<trkpt lat="36.39012833333334" lon="139.05502222222222">
<ele>110</ele>
</trkpt>
<trkpt lat="36.38984055555556" lon="139.05495083333332">
<ele>110</ele>
</trkpt>
<trkpt lat="36.38984055555556" lon="139.05495083333332">
<ele>110</ele>
</trkpt>
<trkpt lat="36.38948277777778" lon="139.0550988888889">
<ele>110</ele>
</trkpt>
<trkpt lat="36.38948277777778" lon="139.0550988888889">
<ele>110</ele>
</trkpt>
<trkpt lat="36.38931" lon="139.05513472222222">
<ele>109</ele>
</trkpt>
<trkpt lat="36.38931" lon="139.05513472222222">
<ele>109</ele>
</trkpt>
<trkpt lat="36.38900972222222" lon="139.05534916666667">
<ele>109</ele>
</trkpt>
<trkpt lat="36.38900972222222" lon="139.05534916666667">
<ele>109</ele>
</trkpt>
<trkpt lat="36.38887" lon="139.05538">
<ele>109</ele>
</trkpt>
<trkpt lat="36.38887" lon="139.05538">
<ele>109</ele>
</trkpt>
<trkpt lat="36.3886725" lon="139.05535944444443">
<ele>109</ele>
</trkpt>
<trkpt lat="36.3886725" lon="139.05535944444443">
<ele>109</ele>
</trkpt>
<trkpt lat="36.38852027777778" lon="139.0554463888889">
<ele>109</ele>
</trkpt>
<trkpt lat="36.38852027777778" lon="139.0554463888889">
<ele>109</ele>
</trkpt>
<trkpt lat="36.38845444444444" lon="139.05554333333333">
<ele>109</ele>
</trkpt>
<trkpt lat="36.38845444444444" lon="139.05554333333333">
<ele>109</ele>
</trkpt>
<trkpt lat="36.387965" lon="139.05562">
<ele>109</ele>
</trkpt>
<trkpt lat="36.387965" lon="139.05562">
<ele>109</ele>
</trkpt>
<trkpt lat="36.38753333333333" lon="139.05598277777779">
<ele>108</ele>
</trkpt>
<trkpt lat="36.38753333333333" lon="139.05598277777779">
<ele>108</ele>
</trkpt>
<trkpt lat="36.38740166666667" lon="139.05599805555556">
<ele>108</ele>
</trkpt>
<trkpt lat="36.38740166666667" lon="139.05599805555556">
<ele>108</ele>
</trkpt>
<trkpt lat="36.3872" lon="139.05614111111112">
<ele>107</ele>
</trkpt>
<trkpt lat="36.3872" lon="139.05614111111112">
<ele>107</ele>
</trkpt>
<trkpt lat="36.386875277777776" lon="139.05621277777777">
<ele>107</ele>
</trkpt>
<trkpt lat="36.386875277777776" lon="139.05621277777777">
<ele>107</ele>
</trkpt>
<trkpt lat="36.38672305555556" lon="139.0563302777778">
<ele>107</ele>
</trkpt>
<trkpt lat="36.38672305555556" lon="139.0563302777778">
<ele>107</ele>
</trkpt>
<trkpt lat="36.38617611111111" lon="139.0564322222222">
<ele>107</ele>
</trkpt>
<trkpt lat="36.38617611111111" lon="139.0564322222222">
<ele>107</ele>
</trkpt>
<trkpt lat="36.385805833333336" lon="139.0566775">
<ele>106</ele>
</trkpt>
<trkpt lat="36.385805833333336" lon="139.0566775">
<ele>106</ele>
</trkpt>
<trkpt lat="36.384769444444444" lon="139.05719861111112">
<ele>106</ele>
</trkpt>
<trkpt lat="36.384769444444444" lon="139.05719861111112">
<ele>106</ele>
</trkpt>
<trkpt lat="36.384654166666664" lon="139.05723944444443">
<ele>106</ele>
</trkpt>
<trkpt lat="36.384654166666664" lon="139.05723944444443">
<ele>106</ele>
</trkpt>
<trkpt lat="36.38436222222222" lon="139.057495">
<ele>105</ele>
</trkpt>
<trkpt lat="36.38436222222222" lon="139.057495">
<ele>105</ele>
</trkpt>
<trkpt lat="36.38416888888889" lon="139.05755638888888">
<ele>105</ele>
</trkpt>
<trkpt lat="36.38416888888889" lon="139.05755638888888">
<ele>105</ele>
</trkpt>
<trkpt lat="36.38401527777778" lon="139.05788916666666">
<ele>105</ele>
</trkpt>
<trkpt lat="36.38401527777778" lon="139.05788916666666">
<ele>105</ele>
</trkpt>
<trkpt lat="36.38350111111111" lon="139.05794777777777">
<ele>105</ele>
</trkpt>
<trkpt lat="36.38350111111111" lon="139.05794777777777">
<ele>105</ele>
</trkpt>
<trkpt lat="36.38326861111111" lon="139.057925">
<ele>105</ele>
</trkpt>
<trkpt lat="36.383271111111114" lon="139.0579261111111">
<ele>105</ele>
</trkpt>
<trkpt lat="36.38327888888889" lon="139.05790888888887">
<ele>105</ele>
</trkpt>
<trkpt lat="36.383271111111114" lon="139.0580838888889">
<ele>105</ele>
</trkpt>
<trkpt lat="36.38327888888889" lon="139.0581838888889">
<ele>105</ele>
</trkpt>
<trkpt lat="36.38322111111111" lon="139.06038388888888">
<ele>105</ele>
</trkpt>
<trkpt lat="36.38322111111111" lon="139.0604461111111">
<ele>105</ele>
</trkpt>
<trkpt lat="36.383203888888886" lon="139.0605588888889">
<ele>105</ele>
</trkpt>
<trkpt lat="36.383203888888886" lon="139.0606961111111">
<ele>105</ele>
</trkpt>
<trkpt lat="36.383203888888886" lon="139.06104611111112">
<ele>105</ele>
</trkpt>
<trkpt lat="36.383203888888886" lon="139.0612588888889">
<ele>105</ele>
</trkpt>
<trkpt lat="36.38322888888889" lon="139.06173388888888">
<ele>105</ele>
</trkpt>
<trkpt lat="36.38332111111111" lon="139.0625961111111">
<ele>105</ele>
</trkpt>
<trkpt lat="36.383363055555556" lon="139.06293305555556">
<ele>105</ele>
</trkpt>
<trkpt lat="36.383386944444446" lon="139.0631711111111">
<ele>105</ele>
</trkpt>
<trkpt lat="36.38343694444445" lon="139.06363305555556">
<ele>105</ele>
</trkpt>
<trkpt lat="36.383496111111114" lon="139.0641711111111">
<ele>105</ele>
</trkpt>
<trkpt lat="36.38350388888889" lon="139.06428305555556">
<ele>105</ele>
</trkpt>
<trkpt lat="36.38362111111111" lon="139.0651961111111">
<ele>105</ele>
</trkpt>
<trkpt lat="36.38367" lon="139.06562694444443">
<ele>105</ele>
</trkpt>
<trkpt lat="36.38367" lon="139.06562694444443">
<ele>105</ele>
</trkpt>
<trkpt lat="36.383786944444445" lon="139.06665805555556">
<ele>105</ele>
</trkpt>
<trkpt lat="36.38386305555556" lon="139.06729611111112">
<ele>105</ele>
</trkpt>
<trkpt lat="36.38388805555556" lon="139.0674961111111">
<ele>105</ele>
</trkpt>
<trkpt lat="36.383938055555554" lon="139.06797">
<ele>105</ele>
</trkpt>
<trkpt lat="36.38394611111111" lon="139.06802">
<ele>105</ele>
</trkpt>
<trkpt lat="36.38402111111111" lon="139.06867">
<ele>105</ele>
</trkpt>
<trkpt lat="36.38408694444445" lon="139.069245">
<ele>105</ele>
</trkpt>
<trkpt lat="36.38413694444444" lon="139.06972">
<ele>105</ele>
</trkpt>
<trkpt lat="36.38417888888889" lon="139.07020805555555">
<ele>105</ele>
</trkpt>
<trkpt lat="36.38420388888889" lon="139.07085805555556">
<ele>105</ele>
</trkpt>
<trkpt lat="36.38424611111111" lon="139.071745">
<ele>105</ele>
</trkpt>
<trkpt lat="36.38429611111111" lon="139.07262">
<ele>105</ele>
</trkpt>
<trkpt lat="36.38429611111111" lon="139.07265388888888">
<ele>105</ele>
</trkpt>
    </trkseg>
  </trk>
</gpx>