<?xml version="1.0" encoding="UTF-8"?>
<gpx version="1.1"
     creator="KMLtoGPX"
     xmlns="http://www.topografix.com/GPX/1/1">
  <metadata>
    <name>Tone River Bicycle Path (General Prefectural Road Tone River Bicycle Path Line)</name>
    <desc>利根川自転車道（一般県道利根川自転車道線）</desc>
    <time>2025-05-02T08:11:59.568491Z</time>
    <bounds minlat="36.14246833333333" minlon="139.00658305555555" maxlat="36.51235888888889" maxlon="139.70310916666668"/>
  </metadata>
  <trk>
    <name>Tone River Bicycle Path (General Prefectural Road Tone River Bicycle Path Line)</name>
    <trkseg>
<trkpt lat="36.14246833333333" lon="139.70310916666668">
<ele>12</ele>
</trkpt>
<trkpt lat="36.14306638888889" lon="139.70230083333334">
<ele>12</ele>
</trkpt>
<trkpt lat="36.14306638888889" lon="139.70230083333334">
<ele>12</ele>
</trkpt>
<trkpt lat="36.14404416666667" lon="139.70058416666666">
<ele>13</ele>
</trkpt>
<trkpt lat="36.14404416666667" lon="139.70058416666666">
<ele>13</ele>
</trkpt>
<trkpt lat="36.14469583333333" lon="139.6997411111111">
<ele>13</ele>
</trkpt>
<trkpt lat="36.14469583333333" lon="139.6997411111111">
<ele>13</ele>
</trkpt>
<trkpt lat="36.14501777777778" lon="139.69943472222224">
<ele>13</ele>
</trkpt>
<trkpt lat="36.14501777777778" lon="139.69943472222224">
<ele>13</ele>
</trkpt>
<trkpt lat="36.146049166666664" lon="139.69836166666667">
<ele>14</ele>
</trkpt>
<trkpt lat="36.146049166666664" lon="139.69836166666667">
<ele>14</ele>
</trkpt>
<trkpt lat="36.14749722222222" lon="139.69696694444445">
<ele>14</ele>
</trkpt>
<trkpt lat="36.14749722222222" lon="139.69696694444445">
<ele>14</ele>
</trkpt>
<trkpt lat="36.14930416666667" lon="139.69473444444444">
<ele>14</ele>
</trkpt>
<trkpt lat="36.14930416666667" lon="139.69473444444444">
<ele>14</ele>
</trkpt>
<trkpt lat="36.148492777777776" lon="139.69625166666665">
<ele>14</ele>
</trkpt>
<trkpt lat="36.148492777777776" lon="139.69625166666665">
<ele>14</ele>
</trkpt>
<trkpt lat="36.148385555555556" lon="139.6968136111111">
<ele>14</ele>
</trkpt>
<trkpt lat="36.148385555555556" lon="139.6968136111111">
<ele>14</ele>
</trkpt>
<trkpt lat="36.15073972222222" lon="139.693855">
<ele>14</ele>
</trkpt>
<trkpt lat="36.15073972222222" lon="139.693855">
<ele>14</ele>
</trkpt>
<trkpt lat="36.15177944444444" lon="139.69300694444445">
<ele>14</ele>
</trkpt>
<trkpt lat="36.15177944444444" lon="139.69300694444445">
<ele>14</ele>
</trkpt>
<trkpt lat="36.15351611111111" lon="139.6920411111111">
<ele>14</ele>
</trkpt>
<trkpt lat="36.15351611111111" lon="139.6920411111111">
<ele>14</ele>
</trkpt>
<trkpt lat="36.15417194444444" lon="139.69155583333333">
<ele>14</ele>
</trkpt>
<trkpt lat="36.15417194444444" lon="139.69155583333333">
<ele>14</ele>
</trkpt>
<trkpt lat="36.15461333333333" lon="139.69118305555557">
<ele>14</ele>
</trkpt>
<trkpt lat="36.15461333333333" lon="139.69118305555557">
<ele>14</ele>
</trkpt>
<trkpt lat="36.15536" lon="139.69031444444445">
<ele>13</ele>
</trkpt>
<trkpt lat="36.15536" lon="139.69031444444445">
<ele>13</ele>
</trkpt>
<trkpt lat="36.15589222222222" lon="139.68943555555555">
<ele>13</ele>
</trkpt>
<trkpt lat="36.15589222222222" lon="139.68943555555555">
<ele>13</ele>
</trkpt>
<trkpt lat="36.15734416666667" lon="139.68638055555556">
<ele>13</ele>
</trkpt>
<trkpt lat="36.15734416666667" lon="139.68638055555556">
<ele>13</ele>
</trkpt>
<trkpt lat="36.159571666666665" lon="139.68180805555556">
<ele>13</ele>
</trkpt>
<trkpt lat="36.159571666666665" lon="139.68180805555556">
<ele>13</ele>
</trkpt>
<trkpt lat="36.15993861111111" lon="139.6810722222222">
<ele>13</ele>
</trkpt>
<trkpt lat="36.15993861111111" lon="139.6810722222222">
<ele>13</ele>
</trkpt>
<trkpt lat="36.16037194444444" lon="139.67992777777778">
<ele>13</ele>
</trkpt>
<trkpt lat="36.16037194444444" lon="139.67992777777778">
<ele>13</ele>
</trkpt>
<trkpt lat="36.16042138888889" lon="139.67970305555556">
<ele>12</ele>
</trkpt>
<trkpt lat="36.16042138888889" lon="139.67970305555556">
<ele>12</ele>
</trkpt>
<trkpt lat="36.16159611111111" lon="139.67681083333332">
<ele>13</ele>
</trkpt>
<trkpt lat="36.16159611111111" lon="139.67681083333332">
<ele>13</ele>
</trkpt>
<trkpt lat="36.16176611111111" lon="139.6749722222222">
<ele>12</ele>
</trkpt>
<trkpt lat="36.16176611111111" lon="139.6749722222222">
<ele>12</ele>
</trkpt>
<trkpt lat="36.16214138888889" lon="139.6739963888889">
<ele>13</ele>
</trkpt>
<trkpt lat="36.16214138888889" lon="139.6739963888889">
<ele>13</ele>
</trkpt>
<trkpt lat="36.16403472222222" lon="139.66971">
<ele>13</ele>
</trkpt>
<trkpt lat="36.16403472222222" lon="139.66971">
<ele>13</ele>
</trkpt>
<trkpt lat="36.1651275" lon="139.6671861111111">
<ele>13</ele>
</trkpt>
<trkpt lat="36.1651275" lon="139.6671861111111">
<ele>13</ele>
</trkpt>
<trkpt lat="36.16613" lon="139.66473888888888">
<ele>13</ele>
</trkpt>
<trkpt lat="36.16613" lon="139.66473888888888">
<ele>13</ele>
</trkpt>
<trkpt lat="36.16658777777778" lon="139.66357916666666">
<ele>13</ele>
</trkpt>
<trkpt lat="36.16658777777778" lon="139.66357916666666">
<ele>13</ele>
</trkpt>
<trkpt lat="36.167965277777775" lon="139.66018666666668">
<ele>12</ele>
</trkpt>
<trkpt lat="36.167965277777775" lon="139.66018666666668">
<ele>12</ele>
</trkpt>
<trkpt lat="36.1699325" lon="139.65533833333333">
<ele>14</ele>
</trkpt>
<trkpt lat="36.1699325" lon="139.65533833333333">
<ele>14</ele>
</trkpt>
<trkpt lat="36.171371388888886" lon="139.65187916666667">
<ele>14</ele>
</trkpt>
<trkpt lat="36.171371388888886" lon="139.65187916666667">
<ele>14</ele>
</trkpt>
<trkpt lat="36.173339166666665" lon="139.64745027777778">
<ele>14</ele>
</trkpt>
<trkpt lat="36.173339166666665" lon="139.64745027777778">
<ele>14</ele>
</trkpt>
<trkpt lat="36.173335" lon="139.6473225">
<ele>14</ele>
</trkpt>
<trkpt lat="36.173335" lon="139.6473225">
<ele>14</ele>
</trkpt>
<trkpt lat="36.173516666666664" lon="139.6465611111111">
<ele>14</ele>
</trkpt>
<trkpt lat="36.173516666666664" lon="139.6465611111111">
<ele>14</ele>
</trkpt>
<trkpt lat="36.17376388888889" lon="139.6459888888889">
<ele>14</ele>
</trkpt>
<trkpt lat="36.17376388888889" lon="139.6459888888889">
<ele>14</ele>
</trkpt>
<trkpt lat="36.17408972222222" lon="139.64549333333332">
<ele>14</ele>
</trkpt>
<trkpt lat="36.17408972222222" lon="139.64549333333332">
<ele>14</ele>
</trkpt>
<trkpt lat="36.17433305555556" lon="139.64513583333334">
<ele>14</ele>
</trkpt>
<trkpt lat="36.17433305555556" lon="139.64513583333334">
<ele>14</ele>
</trkpt>
<trkpt lat="36.17630861111111" lon="139.640645">
<ele>14</ele>
</trkpt>
<trkpt lat="36.17630861111111" lon="139.640645">
<ele>14</ele>
</trkpt>
<trkpt lat="36.178642777777775" lon="139.6351425">
<ele>14</ele>
</trkpt>
<trkpt lat="36.178642777777775" lon="139.6351425">
<ele>14</ele>
</trkpt>
<trkpt lat="36.179582777777775" lon="139.63293555555555">
<ele>14</ele>
</trkpt>
<trkpt lat="36.179582777777775" lon="139.63293555555555">
<ele>14</ele>
</trkpt>
<trkpt lat="36.18057666666667" lon="139.63031972222223">
<ele>14</ele>
</trkpt>
<trkpt lat="36.18057666666667" lon="139.63031972222223">
<ele>14</ele>
</trkpt>
<trkpt lat="36.18176027777778" lon="139.62711638888888">
<ele>14</ele>
</trkpt>
<trkpt lat="36.18176027777778" lon="139.62711638888888">
<ele>14</ele>
</trkpt>
<trkpt lat="36.182786944444445" lon="139.62438305555557">
<ele>15</ele>
</trkpt>
<trkpt lat="36.182786944444445" lon="139.62438305555557">
<ele>15</ele>
</trkpt>
<trkpt lat="36.183863333333335" lon="139.62152722222223">
<ele>15</ele>
</trkpt>
<trkpt lat="36.183863333333335" lon="139.62152722222223">
<ele>15</ele>
</trkpt>
<trkpt lat="36.18437472222222" lon="139.62002527777778">
<ele>15</ele>
</trkpt>
<trkpt lat="36.18437472222222" lon="139.62002527777778">
<ele>15</ele>
</trkpt>
<trkpt lat="36.18517861111111" lon="139.61788972222223">
<ele>15</ele>
</trkpt>
<trkpt lat="36.18517861111111" lon="139.61788972222223">
<ele>15</ele>
</trkpt>
<trkpt lat="36.1861025" lon="139.61612194444444">
<ele>15</ele>
</trkpt>
<trkpt lat="36.1861025" lon="139.61612194444444">
<ele>15</ele>
</trkpt>
<trkpt lat="36.186461111111115" lon="139.6155447222222">
<ele>15</ele>
</trkpt>
<trkpt lat="36.186461111111115" lon="139.6155447222222">
<ele>15</ele>
</trkpt>
<trkpt lat="36.187961944444446" lon="139.61424694444443">
<ele>15</ele>
</trkpt>
<trkpt lat="36.187961944444446" lon="139.61424694444443">
<ele>15</ele>
</trkpt>
<trkpt lat="36.18960722222222" lon="139.61193777777777">
<ele>15</ele>
</trkpt>
<trkpt lat="36.18960722222222" lon="139.61193777777777">
<ele>15</ele>
</trkpt>
<trkpt lat="36.190304166666664" lon="139.61094666666668">
<ele>15</ele>
</trkpt>
<trkpt lat="36.190304166666664" lon="139.61094666666668">
<ele>15</ele>
</trkpt>
<trkpt lat="36.191132777777774" lon="139.60993">
<ele>15</ele>
</trkpt>
<trkpt lat="36.191132777777774" lon="139.60993">
<ele>15</ele>
</trkpt>
<trkpt lat="36.191429722222225" lon="139.60954166666667">
<ele>15</ele>
</trkpt>
<trkpt lat="36.191429722222225" lon="139.60954166666667">
<ele>15</ele>
</trkpt>
<trkpt lat="36.19173083333333" lon="139.60897444444444">
<ele>15</ele>
</trkpt>
<trkpt lat="36.19173083333333" lon="139.60897444444444">
<ele>15</ele>
</trkpt>
<trkpt lat="36.19351611111111" lon="139.60668055555556">
<ele>15</ele>
</trkpt>
<trkpt lat="36.19351611111111" lon="139.60668055555556">
<ele>15</ele>
</trkpt>
<trkpt lat="36.19429111111111" lon="139.605955">
<ele>15</ele>
</trkpt>
<trkpt lat="36.19429111111111" lon="139.605955">
<ele>15</ele>
</trkpt>
<trkpt lat="36.19573" lon="139.60503555555556">
<ele>15</ele>
</trkpt>
<trkpt lat="36.19573" lon="139.60503555555556">
<ele>15</ele>
</trkpt>
<trkpt lat="36.197849166666664" lon="139.60303777777779">
<ele>15</ele>
</trkpt>
<trkpt lat="36.197849166666664" lon="139.60303777777779">
<ele>15</ele>
</trkpt>
<trkpt lat="36.199106666666665" lon="139.601735">
<ele>15</ele>
</trkpt>
<trkpt lat="36.199106666666665" lon="139.601735">
<ele>15</ele>
</trkpt>
<trkpt lat="36.20005916666667" lon="139.6006213888889">
<ele>16</ele>
</trkpt>
<trkpt lat="36.20005916666667" lon="139.6006213888889">
<ele>16</ele>
</trkpt>
<trkpt lat="36.2013125" lon="139.59911416666668">
<ele>16</ele>
</trkpt>
<trkpt lat="36.2013125" lon="139.59911416666668">
<ele>16</ele>
</trkpt>
<trkpt lat="36.20337361111111" lon="139.59620194444443">
<ele>16</ele>
</trkpt>
<trkpt lat="36.20337361111111" lon="139.59620194444443">
<ele>16</ele>
</trkpt>
<trkpt lat="36.20466416666667" lon="139.59395416666666">
<ele>16</ele>
</trkpt>
<trkpt lat="36.20466416666667" lon="139.59395416666666">
<ele>16</ele>
</trkpt>
<trkpt lat="36.20554611111111" lon="139.59193083333332">
<ele>16</ele>
</trkpt>
<trkpt lat="36.20554611111111" lon="139.59193083333332">
<ele>16</ele>
</trkpt>
<trkpt lat="36.20606166666666" lon="139.58990777777777">
<ele>16</ele>
</trkpt>
<trkpt lat="36.20606166666666" lon="139.58990777777777">
<ele>16</ele>
</trkpt>
<trkpt lat="36.206275833333336" lon="139.58811444444444">
<ele>16</ele>
</trkpt>
<trkpt lat="36.206275833333336" lon="139.58811444444444">
<ele>16</ele>
</trkpt>
<trkpt lat="36.20630888888889" lon="139.5869036111111">
<ele>15</ele>
</trkpt>
<trkpt lat="36.20630888888889" lon="139.5869036111111">
<ele>15</ele>
</trkpt>
<trkpt lat="36.20619333333333" lon="139.58524333333332">
<ele>15</ele>
</trkpt>
<trkpt lat="36.20619333333333" lon="139.58524333333332">
<ele>15</ele>
</trkpt>
<trkpt lat="36.20585944444444" lon="139.58336833333334">
<ele>15</ele>
</trkpt>
<trkpt lat="36.20585944444444" lon="139.58336833333334">
<ele>15</ele>
</trkpt>
<trkpt lat="36.20534833333333" lon="139.58199916666666">
<ele>16</ele>
</trkpt>
<trkpt lat="36.20534833333333" lon="139.58199916666666">
<ele>16</ele>
</trkpt>
<trkpt lat="36.20448666666667" lon="139.5802875">
<ele>16</ele>
</trkpt>
<trkpt lat="36.20448666666667" lon="139.5802875">
<ele>16</ele>
</trkpt>
<trkpt lat="36.202936666666666" lon="139.5771813888889">
<ele>16</ele>
</trkpt>
<trkpt lat="36.202936666666666" lon="139.5771813888889">
<ele>16</ele>
</trkpt>
<trkpt lat="36.20312638888889" lon="139.5772836111111">
<ele>16</ele>
</trkpt>
<trkpt lat="36.20312638888889" lon="139.5772836111111">
<ele>16</ele>
</trkpt>
<trkpt lat="36.203489166666664" lon="139.5776563888889">
<ele>16</ele>
</trkpt>
<trkpt lat="36.203489166666664" lon="139.5776563888889">
<ele>16</ele>
</trkpt>
<trkpt lat="36.20382305555555" lon="139.57813166666668">
<ele>16</ele>
</trkpt>
<trkpt lat="36.20382305555555" lon="139.57813166666668">
<ele>16</ele>
</trkpt>
<trkpt lat="36.20399194444445" lon="139.578295">
<ele>16</ele>
</trkpt>
<trkpt lat="36.20399194444445" lon="139.578295">
<ele>16</ele>
</trkpt>
<trkpt lat="36.20411166666667" lon="139.57827472222223">
<ele>16</ele>
</trkpt>
<trkpt lat="36.20411166666667" lon="139.57827472222223">
<ele>16</ele>
</trkpt>
<trkpt lat="36.2041075" lon="139.5781675">
<ele>16</ele>
</trkpt>
<trkpt lat="36.2041075" lon="139.5781675">
<ele>16</ele>
</trkpt>
<trkpt lat="36.20353444444444" lon="139.5770025">
<ele>16</ele>
</trkpt>
<trkpt lat="36.20353444444444" lon="139.5770025">
<ele>16</ele>
</trkpt>
<trkpt lat="36.20335722222222" lon="139.5767625">
<ele>17</ele>
</trkpt>
<trkpt lat="36.20335722222222" lon="139.5767625">
<ele>17</ele>
</trkpt>
<trkpt lat="36.20312222222222" lon="139.57661416666667">
<ele>16</ele>
</trkpt>
<trkpt lat="36.20312222222222" lon="139.57661416666667">
<ele>16</ele>
</trkpt>
<trkpt lat="36.20282527777778" lon="139.5758325">
<ele>17</ele>
</trkpt>
<trkpt lat="36.20282527777778" lon="139.5758325">
<ele>17</ele>
</trkpt>
<trkpt lat="36.2017" lon="139.5747188888889">
<ele>17</ele>
</trkpt>
<trkpt lat="36.2017" lon="139.5747188888889">
<ele>17</ele>
</trkpt>
<trkpt lat="36.200872777777775" lon="139.57303861111112">
<ele>18</ele>
</trkpt>
<trkpt lat="36.200872777777775" lon="139.57303861111112">
<ele>18</ele>
</trkpt>
<trkpt lat="36.200155277777775" lon="139.57130166666667">
<ele>19</ele>
</trkpt>
<trkpt lat="36.200155277777775" lon="139.57130166666667">
<ele>19</ele>
</trkpt>
<trkpt lat="36.199127222222224" lon="139.56783194444444">
<ele>19</ele>
</trkpt>
<trkpt lat="36.199127222222224" lon="139.56783194444444">
<ele>19</ele>
</trkpt>
<trkpt lat="36.19923861111111" lon="139.5688638888889">
<ele>19</ele>
</trkpt>
<trkpt lat="36.19923861111111" lon="139.5688638888889">
<ele>19</ele>
</trkpt>
<trkpt lat="36.198838611111114" lon="139.56702472222221">
<ele>19</ele>
</trkpt>
<trkpt lat="36.198838611111114" lon="139.56702472222221">
<ele>19</ele>
</trkpt>
<trkpt lat="36.19851305555556" lon="139.56555833333334">
<ele>18</ele>
</trkpt>
<trkpt lat="36.19851305555556" lon="139.56555833333334">
<ele>18</ele>
</trkpt>
<trkpt lat="36.19826166666667" lon="139.5640361111111">
<ele>17</ele>
</trkpt>
<trkpt lat="36.19826166666667" lon="139.5640361111111">
<ele>17</ele>
</trkpt>
<trkpt lat="36.19754972222222" lon="139.5586722222222">
<ele>16</ele>
</trkpt>
<trkpt lat="36.19754972222222" lon="139.5586722222222">
<ele>16</ele>
</trkpt>
<trkpt lat="36.19711138888889" lon="139.5547222222222">
<ele>16</ele>
</trkpt>
<trkpt lat="36.19711138888889" lon="139.5547222222222">
<ele>16</ele>
</trkpt>
<trkpt lat="36.19696277777778" lon="139.55369027777778">
<ele>16</ele>
</trkpt>
<trkpt lat="36.19696277777778" lon="139.55369027777778">
<ele>16</ele>
</trkpt>
<trkpt lat="36.19674027777778" lon="139.552735">
<ele>17</ele>
</trkpt>
<trkpt lat="36.19674027777778" lon="139.552735">
<ele>17</ele>
</trkpt>
<trkpt lat="36.19619194444444" lon="139.55094166666666">
<ele>18</ele>
</trkpt>
<trkpt lat="36.19619194444444" lon="139.55094166666666">
<ele>18</ele>
</trkpt>
<trkpt lat="36.19573" lon="139.54970527777778">
<ele>18</ele>
</trkpt>
<trkpt lat="36.19573" lon="139.54970527777778">
<ele>18</ele>
</trkpt>
<trkpt lat="36.19508527777778" lon="139.548255">
<ele>18</ele>
</trkpt>
<trkpt lat="36.19508527777778" lon="139.548255">
<ele>18</ele>
</trkpt>
<trkpt lat="36.194113888888886" lon="139.54614444444445">
<ele>19</ele>
</trkpt>
<trkpt lat="36.194113888888886" lon="139.54614444444445">
<ele>19</ele>
</trkpt>
<trkpt lat="36.19394888888889" lon="139.54590416666667">
<ele>19</ele>
</trkpt>
<trkpt lat="36.19394888888889" lon="139.54590416666667">
<ele>19</ele>
</trkpt>
<trkpt lat="36.19313666666667" lon="139.5439425">
<ele>19</ele>
</trkpt>
<trkpt lat="36.19313666666667" lon="139.5439425">
<ele>19</ele>
</trkpt>
<trkpt lat="36.19208111111111" lon="139.54134694444446">
<ele>19</ele>
</trkpt>
<trkpt lat="36.19208111111111" lon="139.54134694444446">
<ele>19</ele>
</trkpt>
<trkpt lat="36.19117416666667" lon="139.5389152777778">
<ele>19</ele>
</trkpt>
<trkpt lat="36.19117416666667" lon="139.5389152777778">
<ele>19</ele>
</trkpt>
<trkpt lat="36.19054333333333" lon="139.53712194444444">
<ele>19</ele>
</trkpt>
<trkpt lat="36.19054333333333" lon="139.53712194444444">
<ele>19</ele>
</trkpt>
<trkpt lat="36.18946305555556" lon="139.53371944444444">
<ele>19</ele>
</trkpt>
<trkpt lat="36.18946305555556" lon="139.53371944444444">
<ele>19</ele>
</trkpt>
<trkpt lat="36.18924888888889" lon="139.53304083333333">
<ele>19</ele>
</trkpt>
<trkpt lat="36.18924888888889" lon="139.53304083333333">
<ele>19</ele>
</trkpt>
<trkpt lat="36.18912888888889" lon="139.53236027777777">
<ele>19</ele>
</trkpt>
<trkpt lat="36.18912888888889" lon="139.53236027777777">
<ele>19</ele>
</trkpt>
<trkpt lat="36.18915777777778" lon="139.53225305555554">
<ele>19</ele>
</trkpt>
<trkpt lat="36.18915777777778" lon="139.53225305555554">
<ele>19</ele>
</trkpt>
<trkpt lat="36.18881555555556" lon="139.53071027777779">
<ele>19</ele>
</trkpt>
<trkpt lat="36.18881555555556" lon="139.53071027777779">
<ele>19</ele>
</trkpt>
<trkpt lat="36.18821361111111" lon="139.52909055555557">
<ele>19</ele>
</trkpt>
<trkpt lat="36.18821361111111" lon="139.52909055555557">
<ele>19</ele>
</trkpt>
<trkpt lat="36.188143333333336" lon="139.5287586111111">
<ele>19</ele>
</trkpt>
<trkpt lat="36.188143333333336" lon="139.5287586111111">
<ele>19</ele>
</trkpt>
<trkpt lat="36.188225833333334" lon="139.52752222222222">
<ele>19</ele>
</trkpt>
<trkpt lat="36.188225833333334" lon="139.52752222222222">
<ele>19</ele>
</trkpt>
<trkpt lat="36.18823" lon="139.5267863888889">
<ele>19</ele>
</trkpt>
<trkpt lat="36.18823" lon="139.5267863888889">
<ele>19</ele>
</trkpt>
<trkpt lat="36.1880775" lon="139.5249625">
<ele>19</ele>
</trkpt>
<trkpt lat="36.1880775" lon="139.5249625">
<ele>19</ele>
</trkpt>
<trkpt lat="36.18801138888889" lon="139.52296">
<ele>19</ele>
</trkpt>
<trkpt lat="36.18801138888889" lon="139.52296">
<ele>19</ele>
</trkpt>
<trkpt lat="36.18803638888889" lon="139.52152944444444">
<ele>21</ele>
</trkpt>
<trkpt lat="36.18803638888889" lon="139.52152944444444">
<ele>21</ele>
</trkpt>
<trkpt lat="36.188114722222224" lon="139.51990472222224">
<ele>20</ele>
</trkpt>
<trkpt lat="36.188114722222224" lon="139.51990472222224">
<ele>20</ele>
</trkpt>
<trkpt lat="36.18821777777778" lon="139.51897944444445">
<ele>20</ele>
</trkpt>
<trkpt lat="36.18821777777778" lon="139.51897944444445">
<ele>20</ele>
</trkpt>
<trkpt lat="36.18852694444445" lon="139.51568972222222">
<ele>20</ele>
</trkpt>
<trkpt lat="36.18852694444445" lon="139.51568972222222">
<ele>20</ele>
</trkpt>
<trkpt lat="36.1885475" lon="139.5141213888889">
<ele>20</ele>
</trkpt>
<trkpt lat="36.1885475" lon="139.5141213888889">
<ele>20</ele>
</trkpt>
<trkpt lat="36.18877444444445" lon="139.51284416666667">
<ele>20</ele>
</trkpt>
<trkpt lat="36.18877444444445" lon="139.51284416666667">
<ele>20</ele>
</trkpt>
<trkpt lat="36.18920305555555" lon="139.51126027777778">
<ele>20</ele>
</trkpt>
<trkpt lat="36.18920305555555" lon="139.51126027777778">
<ele>20</ele>
</trkpt>
<trkpt lat="36.18917416666667" lon="139.51103555555557">
<ele>20</ele>
</trkpt>
<trkpt lat="36.18917416666667" lon="139.51103555555557">
<ele>20</ele>
</trkpt>
<trkpt lat="36.189656666666664" lon="139.50932416666666">
<ele>20</ele>
</trkpt>
<trkpt lat="36.189656666666664" lon="139.50932416666666">
<ele>20</ele>
</trkpt>
<trkpt lat="36.19009805555555" lon="139.50736722222223">
<ele>20</ele>
</trkpt>
<trkpt lat="36.19009805555555" lon="139.50736722222223">
<ele>20</ele>
</trkpt>
<trkpt lat="36.190192777777774" lon="139.5059777777778">
<ele>20</ele>
</trkpt>
<trkpt lat="36.190192777777774" lon="139.5059777777778">
<ele>20</ele>
</trkpt>
<trkpt lat="36.190135" lon="139.50405166666667">
<ele>20</ele>
</trkpt>
<trkpt lat="36.190135" lon="139.50405166666667">
<ele>20</ele>
</trkpt>
<trkpt lat="36.190044444444446" lon="139.5031013888889">
<ele>20</ele>
</trkpt>
<trkpt lat="36.190044444444446" lon="139.5031013888889">
<ele>20</ele>
</trkpt>
<trkpt lat="36.18964138888889" lon="139.50134277777778">
<ele>20</ele>
</trkpt>
<trkpt lat="36.18964138888889" lon="139.50134277777778">
<ele>20</ele>
</trkpt>
<trkpt lat="36.18962777777778" lon="139.5008636111111">
<ele>20</ele>
</trkpt>
<trkpt lat="36.18962777777778" lon="139.5008636111111">
<ele>20</ele>
</trkpt>
<trkpt lat="36.189953611111115" lon="139.4976961111111">
<ele>20</ele>
</trkpt>
<trkpt lat="36.189953611111115" lon="139.4976961111111">
<ele>20</ele>
</trkpt>
<trkpt lat="36.1899125" lon="139.49585666666667">
<ele>20</ele>
</trkpt>
<trkpt lat="36.1899125" lon="139.49585666666667">
<ele>20</ele>
</trkpt>
<trkpt lat="36.1898175" lon="139.49498305555556">
<ele>20</ele>
</trkpt>
<trkpt lat="36.1898175" lon="139.49498305555556">
<ele>20</ele>
</trkpt>
<trkpt lat="36.1894175" lon="139.4925411111111">
<ele>20</ele>
</trkpt>
<trkpt lat="36.1894175" lon="139.4925411111111">
<ele>20</ele>
</trkpt>
<trkpt lat="36.18891444444444" lon="139.49016527777778">
<ele>20</ele>
</trkpt>
<trkpt lat="36.18891444444444" lon="139.49016527777778">
<ele>20</ele>
</trkpt>
<trkpt lat="36.18881555555556" lon="139.48978722222222">
<ele>20</ele>
</trkpt>
<trkpt lat="36.18881555555556" lon="139.48978722222222">
<ele>20</ele>
</trkpt>
<trkpt lat="36.188361944444445" lon="139.48865833333332">
<ele>20</ele>
</trkpt>
<trkpt lat="36.188361944444445" lon="139.48865833333332">
<ele>20</ele>
</trkpt>
<trkpt lat="36.18792916666666" lon="139.4869825">
<ele>20</ele>
</trkpt>
<trkpt lat="36.18792916666666" lon="139.4869825">
<ele>20</ele>
</trkpt>
<trkpt lat="36.187665277777775" lon="139.48562361111112">
<ele>20</ele>
</trkpt>
<trkpt lat="36.187665277777775" lon="139.48562361111112">
<ele>20</ele>
</trkpt>
<trkpt lat="36.187355833333335" lon="139.48371777777777">
<ele>22</ele>
</trkpt>
<trkpt lat="36.187355833333335" lon="139.48371777777777">
<ele>22</ele>
</trkpt>
<trkpt lat="36.18690222222222" lon="139.4802488888889">
<ele>21</ele>
</trkpt>
<trkpt lat="36.18690222222222" lon="139.4802488888889">
<ele>21</ele>
</trkpt>
<trkpt lat="36.18669194444445" lon="139.4785375">
<ele>20</ele>
</trkpt>
<trkpt lat="36.18669194444445" lon="139.4785375">
<ele>20</ele>
</trkpt>
<trkpt lat="36.186461111111115" lon="139.476085">
<ele>20</ele>
</trkpt>
<trkpt lat="36.186461111111115" lon="139.476085">
<ele>20</ele>
</trkpt>
<trkpt lat="36.18631666666667" lon="139.47426638888888">
<ele>20</ele>
</trkpt>
<trkpt lat="36.18631666666667" lon="139.47426638888888">
<ele>20</ele>
</trkpt>
<trkpt lat="36.186188888888886" lon="139.47376555555556">
<ele>20</ele>
</trkpt>
<trkpt lat="36.186188888888886" lon="139.47376555555556">
<ele>20</ele>
</trkpt>
<trkpt lat="36.186188888888886" lon="139.47329055555556">
<ele>20</ele>
</trkpt>
<trkpt lat="36.186188888888886" lon="139.47329055555556">
<ele>20</ele>
</trkpt>
<trkpt lat="36.1860075" lon="139.4704397222222">
<ele>21</ele>
</trkpt>
<trkpt lat="36.1860075" lon="139.4704397222222">
<ele>21</ele>
</trkpt>
<trkpt lat="36.18592916666667" lon="139.46819166666666">
<ele>21</ele>
</trkpt>
<trkpt lat="36.18592916666667" lon="139.46819166666666">
<ele>21</ele>
</trkpt>
<trkpt lat="36.18602" lon="139.46567305555556">
<ele>22</ele>
</trkpt>
<trkpt lat="36.18602" lon="139.46567305555556">
<ele>22</ele>
</trkpt>
<trkpt lat="36.18618083333333" lon="139.4638388888889">
<ele>22</ele>
</trkpt>
<trkpt lat="36.18618083333333" lon="139.4638388888889">
<ele>22</ele>
</trkpt>
<trkpt lat="36.187087777777776" lon="139.4597261111111">
<ele>22</ele>
</trkpt>
<trkpt lat="36.187087777777776" lon="139.4597261111111">
<ele>22</ele>
</trkpt>
<trkpt lat="36.18731888888889" lon="139.45884222222222">
<ele>23</ele>
</trkpt>
<trkpt lat="36.18731888888889" lon="139.45884222222222">
<ele>23</ele>
</trkpt>
<trkpt lat="36.18921972222222" lon="139.45350333333334">
<ele>24</ele>
</trkpt>
<trkpt lat="36.18921972222222" lon="139.45350333333334">
<ele>24</ele>
</trkpt>
<trkpt lat="36.18985277777778" lon="139.45166833333334">
<ele>24</ele>
</trkpt>
<trkpt lat="36.18985277777778" lon="139.45166833333334">
<ele>24</ele>
</trkpt>
<trkpt lat="36.1906875" lon="139.4491811111111">
<ele>24</ele>
</trkpt>
<trkpt lat="36.1906875" lon="139.4491811111111">
<ele>24</ele>
</trkpt>
<trkpt lat="36.19115861111111" lon="139.4478825">
<ele>24</ele>
</trkpt>
<trkpt lat="36.19115861111111" lon="139.4478825">
<ele>24</ele>
</trkpt>
<trkpt lat="36.19132666666667" lon="139.4469536111111">
<ele>24</ele>
</trkpt>
<trkpt lat="36.19132666666667" lon="139.4469536111111">
<ele>24</ele>
</trkpt>
<trkpt lat="36.191475" lon="139.44471083333335">
<ele>23</ele>
</trkpt>
<trkpt lat="36.191475" lon="139.44471083333335">
<ele>23</ele>
</trkpt>
<trkpt lat="36.19168527777778" lon="139.44287166666666">
<ele>22</ele>
</trkpt>
<trkpt lat="36.19168527777778" lon="139.44287166666666">
<ele>22</ele>
</trkpt>
<trkpt lat="36.19193694444444" lon="139.4419213888889">
<ele>22</ele>
</trkpt>
<trkpt lat="36.19193694444444" lon="139.4419213888889">
<ele>22</ele>
</trkpt>
<trkpt lat="36.19215527777778" lon="139.44133888888888">
<ele>22</ele>
</trkpt>
<trkpt lat="36.19215527777778" lon="139.44133888888888">
<ele>22</ele>
</trkpt>
<trkpt lat="36.19244" lon="139.44069">
<ele>22</ele>
</trkpt>
<trkpt lat="36.19244" lon="139.44069">
<ele>22</ele>
</trkpt>
<trkpt lat="36.192996388888886" lon="139.43976027777776">
<ele>22</ele>
</trkpt>
<trkpt lat="36.192996388888886" lon="139.43976027777776">
<ele>22</ele>
</trkpt>
<trkpt lat="36.19403972222222" lon="139.4406747222222">
<ele>23</ele>
</trkpt>
<trkpt lat="36.19403972222222" lon="139.4406747222222">
<ele>23</ele>
</trkpt>
<trkpt lat="36.195235277777776" lon="139.43896333333333">
<ele>25</ele>
</trkpt>
<trkpt lat="36.195235277777776" lon="139.43896333333333">
<ele>25</ele>
</trkpt>
<trkpt lat="36.197160833333335" lon="139.43643944444443">
<ele>25</ele>
</trkpt>
<trkpt lat="36.197160833333335" lon="139.43643944444443">
<ele>25</ele>
</trkpt>
<trkpt lat="36.198414166666666" lon="139.43474333333333">
<ele>25</ele>
</trkpt>
<trkpt lat="36.198414166666666" lon="139.43474333333333">
<ele>25</ele>
</trkpt>
<trkpt lat="36.20034361111111" lon="139.43203555555556">
<ele>28</ele>
</trkpt>
<trkpt lat="36.20034361111111" lon="139.43203555555556">
<ele>28</ele>
</trkpt>
<trkpt lat="36.20202138888889" lon="139.4296547222222">
<ele>25</ele>
</trkpt>
<trkpt lat="36.20202138888889" lon="139.4296547222222">
<ele>25</ele>
</trkpt>
<trkpt lat="36.20422694444444" lon="139.4265536111111">
<ele>25</ele>
</trkpt>
<trkpt lat="36.20422694444444" lon="139.4265536111111">
<ele>25</ele>
</trkpt>
<trkpt lat="36.20534833333333" lon="139.42506166666666">
<ele>25</ele>
</trkpt>
<trkpt lat="36.20534833333333" lon="139.42506166666666">
<ele>25</ele>
</trkpt>
<trkpt lat="36.207211666666666" lon="139.42254305555556">
<ele>25</ele>
</trkpt>
<trkpt lat="36.207211666666666" lon="139.42254305555556">
<ele>25</ele>
</trkpt>
<trkpt lat="36.208173611111114" lon="139.42121166666666">
<ele>25</ele>
</trkpt>
<trkpt lat="36.208173611111114" lon="139.42121166666666">
<ele>25</ele>
</trkpt>
<trkpt lat="36.20979638888889" lon="139.41915583333332">
<ele>25</ele>
</trkpt>
<trkpt lat="36.20979638888889" lon="139.41915583333332">
<ele>25</ele>
</trkpt>
<trkpt lat="36.212995" lon="139.41511972222222">
<ele>25</ele>
</trkpt>
<trkpt lat="36.212995" lon="139.41511972222222">
<ele>25</ele>
</trkpt>
<trkpt lat="36.215315833333335" lon="139.41210555555554">
<ele>25</ele>
</trkpt>
<trkpt lat="36.215315833333335" lon="139.41210555555554">
<ele>25</ele>
</trkpt>
<trkpt lat="36.21819277777778" lon="139.4082736111111">
<ele>25</ele>
</trkpt>
<trkpt lat="36.21819277777778" lon="139.4082736111111">
<ele>25</ele>
</trkpt>
<trkpt lat="36.219186111111114" lon="139.4069861111111">
<ele>25</ele>
</trkpt>
<trkpt lat="36.219186111111114" lon="139.4069861111111">
<ele>25</ele>
</trkpt>
<trkpt lat="36.220484444444445" lon="139.40504472222221">
<ele>25</ele>
</trkpt>
<trkpt lat="36.220484444444445" lon="139.40504472222221">
<ele>25</ele>
</trkpt>
<trkpt lat="36.22188166666667" lon="139.4028888888889">
<ele>25</ele>
</trkpt>
<trkpt lat="36.22188166666667" lon="139.4028888888889">
<ele>25</ele>
</trkpt>
<trkpt lat="36.22389722222222" lon="139.39952194444444">
<ele>26</ele>
</trkpt>
<trkpt lat="36.22389722222222" lon="139.39952194444444">
<ele>26</ele>
</trkpt>
<trkpt lat="36.22502638888889" lon="139.39752944444444">
<ele>27</ele>
</trkpt>
<trkpt lat="36.22502638888889" lon="139.39752944444444">
<ele>27</ele>
</trkpt>
<trkpt lat="36.22680694444445" lon="139.3941986111111">
<ele>26</ele>
</trkpt>
<trkpt lat="36.22680694444445" lon="139.3941986111111">
<ele>26</ele>
</trkpt>
<trkpt lat="36.228793333333336" lon="139.3903361111111">
<ele>25</ele>
</trkpt>
<trkpt lat="36.228793333333336" lon="139.3903361111111">
<ele>25</ele>
</trkpt>
<trkpt lat="36.22961333333333" lon="139.38857861111111">
<ele>25</ele>
</trkpt>
<trkpt lat="36.22961333333333" lon="139.38857861111111">
<ele>25</ele>
</trkpt>
<trkpt lat="36.23117111111111" lon="139.38480833333332">
<ele>25</ele>
</trkpt>
<trkpt lat="36.23117111111111" lon="139.38480833333332">
<ele>25</ele>
</trkpt>
<trkpt lat="36.23177694444445" lon="139.38321416666668">
<ele>26</ele>
</trkpt>
<trkpt lat="36.23177694444445" lon="139.38321416666668">
<ele>26</ele>
</trkpt>
<trkpt lat="36.232213888888886" lon="139.38217194444445">
<ele>26</ele>
</trkpt>
<trkpt lat="36.232213888888886" lon="139.38217194444445">
<ele>26</ele>
</trkpt>
<trkpt lat="36.232841388888886" lon="139.38093444444445">
<ele>26</ele>
</trkpt>
<trkpt lat="36.232841388888886" lon="139.38093444444445">
<ele>26</ele>
</trkpt>
<trkpt lat="36.23397361111111" lon="139.3789788888889">
<ele>26</ele>
</trkpt>
<trkpt lat="36.23397361111111" lon="139.3789788888889">
<ele>26</ele>
</trkpt>
<trkpt lat="36.23495027777778" lon="139.377395">
<ele>25</ele>
</trkpt>
<trkpt lat="36.23495027777778" lon="139.377395">
<ele>25</ele>
</trkpt>
<trkpt lat="36.23562611111111" lon="139.37623027777778">
<ele>34</ele>
</trkpt>
<trkpt lat="36.23562611111111" lon="139.37623027777778">
<ele>34</ele>
</trkpt>
<trkpt lat="36.23619472222222" lon="139.37513194444443">
<ele>30</ele>
</trkpt>
<trkpt lat="36.23619472222222" lon="139.37513194444443">
<ele>30</ele>
</trkpt>
<trkpt lat="36.23692833333333" lon="139.37309833333333">
<ele>30</ele>
</trkpt>
<trkpt lat="36.23692833333333" lon="139.37309833333333">
<ele>30</ele>
</trkpt>
<trkpt lat="36.23740222222222" lon="139.3714838888889">
<ele>32</ele>
</trkpt>
<trkpt lat="36.23740222222222" lon="139.3714838888889">
<ele>32</ele>
</trkpt>
<trkpt lat="36.23853944444444" lon="139.3670136111111">
<ele>30</ele>
</trkpt>
<trkpt lat="36.23853944444444" lon="139.3670136111111">
<ele>30</ele>
</trkpt>
<trkpt lat="36.23912444444444" lon="139.36457166666668">
<ele>31</ele>
</trkpt>
<trkpt lat="36.23912444444444" lon="139.36457166666668">
<ele>31</ele>
</trkpt>
<trkpt lat="36.23945833333333" lon="139.3627886111111">
<ele>31</ele>
</trkpt>
<trkpt lat="36.23945833333333" lon="139.3627886111111">
<ele>31</ele>
</trkpt>
<trkpt lat="36.24000638888889" lon="139.35930944444445">
<ele>31</ele>
</trkpt>
<trkpt lat="36.24000638888889" lon="139.35930944444445">
<ele>31</ele>
</trkpt>
<trkpt lat="36.24048027777778" lon="139.3556411111111">
<ele>32</ele>
</trkpt>
<trkpt lat="36.24048027777778" lon="139.3556411111111">
<ele>32</ele>
</trkpt>
<trkpt lat="36.240538055555554" lon="139.3547113888889">
<ele>33</ele>
</trkpt>
<trkpt lat="36.240538055555554" lon="139.3547113888889">
<ele>33</ele>
</trkpt>
<trkpt lat="36.24051333333333" lon="139.35343916666667">
<ele>35</ele>
</trkpt>
<trkpt lat="36.24051333333333" lon="139.35343916666667">
<ele>35</ele>
</trkpt>
<trkpt lat="36.240315277777775" lon="139.35169194444444">
<ele>31</ele>
</trkpt>
<trkpt lat="36.240315277777775" lon="139.35169194444444">
<ele>31</ele>
</trkpt>
<trkpt lat="36.239911666666664" lon="139.3490402777778">
<ele>30</ele>
</trkpt>
<trkpt lat="36.239911666666664" lon="139.3490402777778">
<ele>30</ele>
</trkpt>
<trkpt lat="36.2384075" lon="139.34449333333333">
<ele>30</ele>
</trkpt>
<trkpt lat="36.2384075" lon="139.34449333333333">
<ele>30</ele>
</trkpt>
<trkpt lat="36.237542222222224" lon="139.34198472222224">
<ele>30</ele>
</trkpt>
<trkpt lat="36.237542222222224" lon="139.34198472222224">
<ele>30</ele>
</trkpt>
<trkpt lat="36.237295" lon="139.34139222222223">
<ele>30</ele>
</trkpt>
<trkpt lat="36.237295" lon="139.34139222222223">
<ele>30</ele>
</trkpt>
<trkpt lat="36.23660666666667" lon="139.34019666666666">
<ele>30</ele>
</trkpt>
<trkpt lat="36.23660666666667" lon="139.34019666666666">
<ele>30</ele>
</trkpt>
<trkpt lat="36.23575777777778" lon="139.338475">
<ele>30</ele>
</trkpt>
<trkpt lat="36.23575777777778" lon="139.338475">
<ele>30</ele>
</trkpt>
<trkpt lat="36.234785277777775" lon="139.3367225">
<ele>30</ele>
</trkpt>
<trkpt lat="36.234785277777775" lon="139.3367225">
<ele>30</ele>
</trkpt>
<trkpt lat="36.232800555555556" lon="139.33383166666667">
<ele>30</ele>
</trkpt>
<trkpt lat="36.232800555555556" lon="139.33383166666667">
<ele>30</ele>
</trkpt>
<trkpt lat="36.23264388888889" lon="139.33238055555555">
<ele>30</ele>
</trkpt>
<trkpt lat="36.23264388888889" lon="139.33238055555555">
<ele>30</ele>
</trkpt>
<trkpt lat="36.231119166666666" lon="139.33045972222223">
<ele>31</ele>
</trkpt>
<trkpt lat="36.231119166666666" lon="139.33045972222223">
<ele>31</ele>
</trkpt>
<trkpt lat="36.230401944444445" lon="139.32945833333332">
<ele>31</ele>
</trkpt>
<trkpt lat="36.230401944444445" lon="139.32945833333332">
<ele>31</ele>
</trkpt>
<trkpt lat="36.22980027777778" lon="139.32834444444444">
<ele>31</ele>
</trkpt>
<trkpt lat="36.22980027777778" lon="139.32834444444444">
<ele>31</ele>
</trkpt>
<trkpt lat="36.2294625" lon="139.32761888888888">
<ele>31</ele>
</trkpt>
<trkpt lat="36.2294625" lon="139.32761888888888">
<ele>31</ele>
</trkpt>
<trkpt lat="36.22910805555556" lon="139.32653583333334">
<ele>31</ele>
</trkpt>
<trkpt lat="36.22910805555556" lon="139.32653583333334">
<ele>31</ele>
</trkpt>
<trkpt lat="36.22881916666667" lon="139.32502194444444">
<ele>31</ele>
</trkpt>
<trkpt lat="36.22881916666667" lon="139.32502194444444">
<ele>31</ele>
</trkpt>
<trkpt lat="36.22873694444444" lon="139.3229597222222">
<ele>31</ele>
</trkpt>
<trkpt lat="36.22873694444444" lon="139.3229597222222">
<ele>31</ele>
</trkpt>
<trkpt lat="36.22888555555556" lon="139.3211713888889">
<ele>31</ele>
</trkpt>
<trkpt lat="36.22888555555556" lon="139.3211713888889">
<ele>31</ele>
</trkpt>
<trkpt lat="36.22944583333334" lon="139.31883166666665">
<ele>32</ele>
</trkpt>
<trkpt lat="36.22944583333334" lon="139.31883166666665">
<ele>32</ele>
</trkpt>
<trkpt lat="36.23019611111111" lon="139.31634861111112">
<ele>32</ele>
</trkpt>
<trkpt lat="36.23019611111111" lon="139.31634861111112">
<ele>32</ele>
</trkpt>
<trkpt lat="36.23183888888889" lon="139.31712444444443">
<ele>31</ele>
</trkpt>
<trkpt lat="36.23183888888889" lon="139.31712444444443">
<ele>31</ele>
</trkpt>
<trkpt lat="36.232036666666666" lon="139.31728305555555">
<ele>31</ele>
</trkpt>
<trkpt lat="36.232036666666666" lon="139.31728305555555">
<ele>31</ele>
</trkpt>
<trkpt lat="36.232127222222225" lon="139.31718583333333">
<ele>31</ele>
</trkpt>
<trkpt lat="36.232127222222225" lon="139.31718583333333">
<ele>31</ele>
</trkpt>
<trkpt lat="36.23212888888889" lon="139.31621583333333">
<ele>31</ele>
</trkpt>
<trkpt lat="36.23212888888889" lon="139.31621583333333">
<ele>31</ele>
</trkpt>
<trkpt lat="36.23222777777778" lon="139.31427444444444">
<ele>31</ele>
</trkpt>
<trkpt lat="36.23222777777778" lon="139.31427444444444">
<ele>31</ele>
</trkpt>
<trkpt lat="36.232524444444444" lon="139.31219">
<ele>32</ele>
</trkpt>
<trkpt lat="36.232524444444444" lon="139.31219">
<ele>32</ele>
</trkpt>
<trkpt lat="36.23306" lon="139.3096763888889">
<ele>31</ele>
</trkpt>
<trkpt lat="36.23306" lon="139.3096763888889">
<ele>31</ele>
</trkpt>
<trkpt lat="36.233062777777775" lon="139.3093436111111">
<ele>31</ele>
</trkpt>
<trkpt lat="36.233062777777775" lon="139.3093436111111">
<ele>31</ele>
</trkpt>
<trkpt lat="36.233198888888886" lon="139.30861305555555">
<ele>31</ele>
</trkpt>
<trkpt lat="36.233198888888886" lon="139.30861305555555">
<ele>31</ele>
</trkpt>
<trkpt lat="36.233404722222225" lon="139.30796916666668">
<ele>31</ele>
</trkpt>
<trkpt lat="36.233404722222225" lon="139.30796916666668">
<ele>31</ele>
</trkpt>
<trkpt lat="36.23359444444444" lon="139.30763222222222">
<ele>31</ele>
</trkpt>
<trkpt lat="36.23359444444444" lon="139.30763222222222">
<ele>31</ele>
</trkpt>
<trkpt lat="36.23469194444444" lon="139.30391333333333">
<ele>32</ele>
</trkpt>
<trkpt lat="36.23469194444444" lon="139.30391333333333">
<ele>32</ele>
</trkpt>
<trkpt lat="36.234675555555555" lon="139.30375">
<ele>32</ele>
</trkpt>
<trkpt lat="36.234675555555555" lon="139.30375">
<ele>32</ele>
</trkpt>
<trkpt lat="36.2363" lon="139.29935194444445">
<ele>32</ele>
</trkpt>
<trkpt lat="36.2363" lon="139.29935194444445">
<ele>32</ele>
</trkpt>
<trkpt lat="36.23758472222222" lon="139.29630111111112">
<ele>33</ele>
</trkpt>
<trkpt lat="36.23758472222222" lon="139.29630111111112">
<ele>33</ele>
</trkpt>
<trkpt lat="36.239867777777775" lon="139.29059944444444">
<ele>35</ele>
</trkpt>
<trkpt lat="36.239867777777775" lon="139.29059944444444">
<ele>35</ele>
</trkpt>
<trkpt lat="36.240634166666666" lon="139.28850472222223">
<ele>35</ele>
</trkpt>
<trkpt lat="36.240634166666666" lon="139.28850472222223">
<ele>35</ele>
</trkpt>
<trkpt lat="36.241458333333334" lon="139.28584805555556">
<ele>35</ele>
</trkpt>
<trkpt lat="36.241458333333334" lon="139.28584805555556">
<ele>35</ele>
</trkpt>
<trkpt lat="36.2421175" lon="139.28302805555555">
<ele>35</ele>
</trkpt>
<trkpt lat="36.2421175" lon="139.28302805555555">
<ele>35</ele>
</trkpt>
<trkpt lat="36.2433125" lon="139.2773263888889">
<ele>36</ele>
</trkpt>
<trkpt lat="36.2433125" lon="139.2773263888889">
<ele>36</ele>
</trkpt>
<trkpt lat="36.24467222222222" lon="139.27097083333334">
<ele>35</ele>
</trkpt>
<trkpt lat="36.24467222222222" lon="139.27097083333334">
<ele>35</ele>
</trkpt>
<trkpt lat="36.244705277777776" lon="139.27051083333333">
<ele>35</ele>
</trkpt>
<trkpt lat="36.244705277777776" lon="139.27051083333333">
<ele>35</ele>
</trkpt>
<trkpt lat="36.24482888888889" lon="139.27020444444443">
<ele>35</ele>
</trkpt>
<trkpt lat="36.24482888888889" lon="139.27020444444443">
<ele>35</ele>
</trkpt>
<trkpt lat="36.24639444444445" lon="139.2630313888889">
<ele>36</ele>
</trkpt>
<trkpt lat="36.24639444444445" lon="139.2630313888889">
<ele>36</ele>
</trkpt>
<trkpt lat="36.24718555555555" lon="139.25852527777778">
<ele>35</ele>
</trkpt>
<trkpt lat="36.24718555555555" lon="139.25852527777778">
<ele>35</ele>
</trkpt>
<trkpt lat="36.247861388888886" lon="139.25386583333332">
<ele>36</ele>
</trkpt>
<trkpt lat="36.247861388888886" lon="139.25386583333332">
<ele>36</ele>
</trkpt>
<trkpt lat="36.24850416666666" lon="139.248665">
<ele>39</ele>
</trkpt>
<trkpt lat="36.24850416666666" lon="139.248665">
<ele>39</ele>
</trkpt>
<trkpt lat="36.24937861111111" lon="139.24066444444443">
<ele>40</ele>
</trkpt>
<trkpt lat="36.24937861111111" lon="139.24066444444443">
<ele>40</ele>
</trkpt>
<trkpt lat="36.2498225" lon="139.23577">
<ele>40</ele>
</trkpt>
<trkpt lat="36.2498225" lon="139.23577">
<ele>40</ele>
</trkpt>
<trkpt lat="36.250391111111114" lon="139.22821888888888">
<ele>40</ele>
</trkpt>
<trkpt lat="36.250391111111114" lon="139.22821888888888">
<ele>40</ele>
</trkpt>
<trkpt lat="36.250951388888886" lon="139.2227625">
<ele>42</ele>
</trkpt>
<trkpt lat="36.250951388888886" lon="139.2227625">
<ele>42</ele>
</trkpt>
<trkpt lat="36.25150555555555" lon="139.21825666666666">
<ele>40</ele>
</trkpt>
<trkpt lat="36.25150555555555" lon="139.21825666666666">
<ele>40</ele>
</trkpt>
<trkpt lat="36.25215444444444" lon="139.21102222222223">
<ele>41</ele>
</trkpt>
<trkpt lat="36.25215444444444" lon="139.21102222222223">
<ele>41</ele>
</trkpt>
<trkpt lat="36.25259111111111" lon="139.20726194444444">
<ele>41</ele>
</trkpt>
<trkpt lat="36.25259111111111" lon="139.20726194444444">
<ele>41</ele>
</trkpt>
<trkpt lat="36.253415277777776" lon="139.2023061111111">
<ele>42</ele>
</trkpt>
<trkpt lat="36.253415277777776" lon="139.2023061111111">
<ele>42</ele>
</trkpt>
<trkpt lat="36.25358" lon="139.20057944444446">
<ele>42</ele>
</trkpt>
<trkpt lat="36.25358" lon="139.20057944444446">
<ele>42</ele>
</trkpt>
<trkpt lat="36.25418138888889" lon="139.19624694444445">
<ele>46</ele>
</trkpt>
<trkpt lat="36.25418138888889" lon="139.19624694444445">
<ele>46</ele>
</trkpt>
<trkpt lat="36.254601666666666" lon="139.19459166666667">
<ele>46</ele>
</trkpt>
<trkpt lat="36.254601666666666" lon="139.19459166666667">
<ele>46</ele>
</trkpt>
<trkpt lat="36.25523611111111" lon="139.19315083333333">
<ele>46</ele>
</trkpt>
<trkpt lat="36.25523611111111" lon="139.19315083333333">
<ele>46</ele>
</trkpt>
<trkpt lat="36.25577166666667" lon="139.19226194444445">
<ele>45</ele>
</trkpt>
<trkpt lat="36.25577166666667" lon="139.19226194444445">
<ele>45</ele>
</trkpt>
<trkpt lat="36.25680166666667" lon="139.19110722222223">
<ele>45</ele>
</trkpt>
<trkpt lat="36.25680166666667" lon="139.19110722222223">
<ele>45</ele>
</trkpt>
<trkpt lat="36.25877083333334" lon="139.18916583333333">
<ele>45</ele>
</trkpt>
<trkpt lat="36.25877083333334" lon="139.18916583333333">
<ele>45</ele>
</trkpt>
<trkpt lat="36.26625166666667" lon="139.1943261111111">
<ele>52</ele>
</trkpt>
<trkpt lat="36.26625166666667" lon="139.1943261111111">
<ele>52</ele>
</trkpt>
<trkpt lat="36.266441388888886" lon="139.1939172222222">
<ele>52</ele>
</trkpt>
<trkpt lat="36.266441388888886" lon="139.1939172222222">
<ele>52</ele>
</trkpt>
<trkpt lat="36.26757" lon="139.191935">
<ele>47</ele>
</trkpt>
<trkpt lat="36.26757" lon="139.191935">
<ele>47</ele>
</trkpt>
<trkpt lat="36.27047805555556" lon="139.18714277777778">
<ele>50</ele>
</trkpt>
<trkpt lat="36.27047805555556" lon="139.18714277777778">
<ele>50</ele>
</trkpt>
<trkpt lat="36.27363888888889" lon="139.1822725">
<ele>49</ele>
</trkpt>
<trkpt lat="36.27363888888889" lon="139.1822725">
<ele>49</ele>
</trkpt>
<trkpt lat="36.276491666666665" lon="139.1783961111111">
<ele>51</ele>
</trkpt>
<trkpt lat="36.276491666666665" lon="139.1783961111111">
<ele>51</ele>
</trkpt>
<trkpt lat="36.27935" lon="139.17477916666667">
<ele>55</ele>
</trkpt>
<trkpt lat="36.27935" lon="139.17477916666667">
<ele>55</ele>
</trkpt>
<trkpt lat="36.280700833333334" lon="139.17328722222223">
<ele>55</ele>
</trkpt>
<trkpt lat="36.280700833333334" lon="139.17328722222223">
<ele>55</ele>
</trkpt>
<trkpt lat="36.28377305555556" lon="139.1704363888889">
<ele>58</ele>
</trkpt>
<trkpt lat="36.28377305555556" lon="139.1704363888889">
<ele>58</ele>
</trkpt>
<trkpt lat="36.285313333333335" lon="139.16910805555557">
<ele>59</ele>
</trkpt>
<trkpt lat="36.285313333333335" lon="139.16910805555557">
<ele>59</ele>
</trkpt>
<trkpt lat="36.28803944444444" lon="139.16728944444444">
<ele>60</ele>
</trkpt>
<trkpt lat="36.28803944444444" lon="139.16728944444444">
<ele>60</ele>
</trkpt>
<trkpt lat="36.290032777777775" lon="139.16601222222224">
<ele>60</ele>
</trkpt>
<trkpt lat="36.290032777777775" lon="139.16601222222224">
<ele>60</ele>
</trkpt>
<trkpt lat="36.29056805555555" lon="139.1656338888889">
<ele>60</ele>
</trkpt>
<trkpt lat="36.29056805555555" lon="139.1656338888889">
<ele>60</ele>
</trkpt>
<trkpt lat="36.287866666666666" lon="139.1604536111111">
<ele>60</ele>
</trkpt>
<trkpt lat="36.287866666666666" lon="139.1604536111111">
<ele>60</ele>
</trkpt>
<trkpt lat="36.28855194444444" lon="139.15929194444445">
<ele>60</ele>
</trkpt>
<trkpt lat="36.28857" lon="139.1592411111111">
<ele>60</ele>
</trkpt>
<trkpt lat="36.28858805555556" lon="139.15919">
<ele>60</ele>
</trkpt>
<trkpt lat="36.288606944444446" lon="139.1591388888889">
<ele>60</ele>
</trkpt>
<trkpt lat="36.288625" lon="139.15908805555554">
<ele>60</ele>
</trkpt>
<trkpt lat="36.28864388888889" lon="139.15903694444444">
<ele>60</ele>
</trkpt>
<trkpt lat="36.28866194444444" lon="139.15898611111112">
<ele>60</ele>
</trkpt>
<trkpt lat="36.28868111111111" lon="139.158935">
<ele>60</ele>
</trkpt>
<trkpt lat="36.28869888888889" lon="139.15888388888888">
<ele>60</ele>
</trkpt>
<trkpt lat="36.288716944444445" lon="139.15883305555556">
<ele>60</ele>
</trkpt>
<trkpt lat="36.28873611111111" lon="139.15878194444446">
<ele>60</ele>
</trkpt>
<trkpt lat="36.28875388888889" lon="139.1587311111111">
<ele>60</ele>
</trkpt>
<trkpt lat="36.28877194444444" lon="139.15868111111112">
<ele>60</ele>
</trkpt>
<trkpt lat="36.28879111111111" lon="139.1586288888889">
<ele>60</ele>
</trkpt>
<trkpt lat="36.28880888888889" lon="139.15857888888888">
<ele>60</ele>
</trkpt>
<trkpt lat="36.288828055555555" lon="139.15852805555556">
<ele>60</ele>
</trkpt>
<trkpt lat="36.28884611111111" lon="139.15847694444443">
<ele>60</ele>
</trkpt>
<trkpt lat="36.288873055555555" lon="139.15843194444443">
<ele>60</ele>
</trkpt>
<trkpt lat="36.2889" lon="139.15838694444443">
<ele>60</ele>
</trkpt>
<trkpt lat="36.28892694444444" lon="139.15834194444443">
<ele>60</ele>
</trkpt>
<trkpt lat="36.28895305555555" lon="139.15829805555555">
<ele>60</ele>
</trkpt>
<trkpt lat="36.28898" lon="139.15825305555555">
<ele>60</ele>
</trkpt>
<trkpt lat="36.289006944444445" lon="139.15820805555555">
<ele>60</ele>
</trkpt>
<trkpt lat="36.28903388888889" lon="139.15816388888888">
<ele>60</ele>
</trkpt>
<trkpt lat="36.28904111111111" lon="139.15815111111112">
<ele>60</ele>
</trkpt>
<trkpt lat="36.289076111111115" lon="139.1581161111111">
<ele>60</ele>
</trkpt>
<trkpt lat="36.28911111111111" lon="139.1580811111111">
<ele>60</ele>
</trkpt>
<trkpt lat="36.28914611111111" lon="139.1580461111111">
<ele>60</ele>
</trkpt>
<trkpt lat="36.28918" lon="139.15801">
<ele>60</ele>
</trkpt>
<trkpt lat="36.289215" lon="139.157975">
<ele>60</ele>
</trkpt>
<trkpt lat="36.28925" lon="139.15794">
<ele>60</ele>
</trkpt>
<trkpt lat="36.289285" lon="139.15790388888888">
<ele>60</ele>
</trkpt>
<trkpt lat="36.289318888888886" lon="139.15786888888888">
<ele>60</ele>
</trkpt>
<trkpt lat="36.28935388888889" lon="139.1578338888889">
<ele>60</ele>
</trkpt>
<trkpt lat="36.28938888888889" lon="139.1577988888889">
<ele>60</ele>
</trkpt>
<trkpt lat="36.28942388888889" lon="139.15776305555556">
<ele>60</ele>
</trkpt>
<trkpt lat="36.28945888888889" lon="139.15772805555557">
<ele>60</ele>
</trkpt>
<trkpt lat="36.28949305555555" lon="139.15769305555557">
<ele>60</ele>
</trkpt>
<trkpt lat="36.28951888888889" lon="139.15766694444446">
<ele>60</ele>
</trkpt>
<trkpt lat="36.28955611111111" lon="139.15763611111112">
<ele>60</ele>
</trkpt>
<trkpt lat="36.28959305555556" lon="139.1576038888889">
<ele>60</ele>
</trkpt>
<trkpt lat="36.28963" lon="139.15757305555556">
<ele>60</ele>
</trkpt>
<trkpt lat="36.28966805555556" lon="139.15754194444443">
<ele>60</ele>
</trkpt>
<trkpt lat="36.28970388888889" lon="139.15751">
<ele>60</ele>
</trkpt>
<trkpt lat="36.289741944444444" lon="139.15747888888887">
<ele>60</ele>
</trkpt>
<trkpt lat="36.28977888888889" lon="139.15744805555556">
<ele>60</ele>
</trkpt>
<trkpt lat="36.28981611111111" lon="139.1574161111111">
<ele>60</ele>
</trkpt>
<trkpt lat="36.289853055555554" lon="139.157385">
<ele>60</ele>
</trkpt>
<trkpt lat="36.28989" lon="139.15735388888888">
<ele>60</ele>
</trkpt>
<trkpt lat="36.289926944444446" lon="139.15732194444445">
<ele>60</ele>
</trkpt>
<trkpt lat="36.28996388888889" lon="139.1572911111111">
<ele>60</ele>
</trkpt>
<trkpt lat="36.29000194444444" lon="139.1572588888889">
<ele>60</ele>
</trkpt>
<trkpt lat="36.29000305555556" lon="139.15725805555556">
<ele>60</ele>
</trkpt>
<trkpt lat="36.29004388888889" lon="139.1572361111111">
<ele>60</ele>
</trkpt>
<trkpt lat="36.29008611111111" lon="139.15721305555556">
<ele>60</ele>
</trkpt>
<trkpt lat="36.290126944444445" lon="139.1571911111111">
<ele>60</ele>
</trkpt>
<trkpt lat="36.290168055555554" lon="139.15716805555556">
<ele>60</ele>
</trkpt>
<trkpt lat="36.29020888888889" lon="139.1571461111111">
<ele>60</ele>
</trkpt>
<trkpt lat="36.29025" lon="139.1571238888889">
<ele>60</ele>
</trkpt>
<trkpt lat="36.29029111111111" lon="139.1571011111111">
<ele>60</ele>
</trkpt>
<trkpt lat="36.290331944444446" lon="139.1570788888889">
<ele>60</ele>
</trkpt>
<trkpt lat="36.290373055555555" lon="139.1570561111111">
<ele>60</ele>
</trkpt>
<trkpt lat="36.29041388888889" lon="139.1570338888889">
<ele>60</ele>
</trkpt>
<trkpt lat="36.29045611111111" lon="139.1570111111111">
<ele>60</ele>
</trkpt>
<trkpt lat="36.29049694444444" lon="139.1569888888889">
<ele>60</ele>
</trkpt>
<trkpt lat="36.290508055555556" lon="139.15698305555554">
<ele>60</ele>
</trkpt>
<trkpt lat="36.29062" lon="139.15696111111112">
<ele>60</ele>
</trkpt>
<trkpt lat="36.290733055555556" lon="139.15694">
<ele>60</ele>
</trkpt>
<trkpt lat="36.29084611111111" lon="139.1569188888889">
<ele>60</ele>
</trkpt>
<trkpt lat="36.290958055555556" lon="139.15689805555556">
<ele>60</ele>
</trkpt>
<trkpt lat="36.29107111111111" lon="139.1568761111111">
<ele>60</ele>
</trkpt>
<trkpt lat="36.29118305555556" lon="139.156855">
<ele>60</ele>
</trkpt>
<trkpt lat="36.29129611111111" lon="139.15683388888888">
<ele>60</ele>
</trkpt>
<trkpt lat="36.29140805555556" lon="139.15681194444446">
<ele>60</ele>
</trkpt>
<trkpt lat="36.29152111111111" lon="139.15679111111112">
<ele>60</ele>
</trkpt>
<trkpt lat="36.29163388888889" lon="139.15677">
<ele>60</ele>
</trkpt>
<trkpt lat="36.29174611111111" lon="139.15674805555557">
<ele>60</ele>
</trkpt>
<trkpt lat="36.29185888888889" lon="139.15672694444444">
<ele>60</ele>
</trkpt>
<trkpt lat="36.29197111111111" lon="139.1567061111111">
<ele>60</ele>
</trkpt>
<trkpt lat="36.29208388888889" lon="139.1566838888889">
<ele>60</ele>
</trkpt>
<trkpt lat="36.29219694444444" lon="139.15666305555555">
<ele>60</ele>
</trkpt>
<trkpt lat="36.29230888888889" lon="139.15664194444443">
<ele>60</ele>
</trkpt>
<trkpt lat="36.29242194444444" lon="139.15662111111112">
<ele>60</ele>
</trkpt>
<trkpt lat="36.29253388888889" lon="139.15659888888888">
<ele>60</ele>
</trkpt>
<trkpt lat="36.29264694444444" lon="139.15657805555554">
<ele>60</ele>
</trkpt>
<trkpt lat="36.29270805555556" lon="139.1565588888889">
<ele>60</ele>
</trkpt>
<trkpt lat="36.292768055555555" lon="139.1565388888889">
<ele>60</ele>
</trkpt>
<trkpt lat="36.29282888888889" lon="139.15652">
<ele>60</ele>
</trkpt>
<trkpt lat="36.29288888888889" lon="139.1565011111111">
<ele>60</ele>
</trkpt>
<trkpt lat="36.29295" lon="139.1564811111111">
<ele>60</ele>
</trkpt>
<trkpt lat="36.29301" lon="139.15646194444443">
<ele>60</ele>
</trkpt>
<trkpt lat="36.29307111111111" lon="139.15644305555554">
<ele>60</ele>
</trkpt>
<trkpt lat="36.29313111111111" lon="139.15642305555556">
<ele>60</ele>
</trkpt>
<trkpt lat="36.293191944444445" lon="139.1564038888889">
<ele>60</ele>
</trkpt>
<trkpt lat="36.29325194444444" lon="139.156385">
<ele>60</ele>
</trkpt>
<trkpt lat="36.29331305555556" lon="139.156365">
<ele>60</ele>
</trkpt>
<trkpt lat="36.293373055555556" lon="139.1563461111111">
<ele>60</ele>
</trkpt>
<trkpt lat="36.29343388888889" lon="139.15632694444446">
<ele>60</ele>
</trkpt>
<trkpt lat="36.29349388888889" lon="139.15630805555554">
<ele>60</ele>
</trkpt>
<trkpt lat="36.293555" lon="139.15628805555556">
<ele>60</ele>
</trkpt>
<trkpt lat="36.29361611111111" lon="139.1562688888889">
<ele>60</ele>
</trkpt>
<trkpt lat="36.29367611111111" lon="139.15624888888888">
<ele>60</ele>
</trkpt>
<trkpt lat="36.29373694444445" lon="139.15623">
<ele>60</ele>
</trkpt>
<trkpt lat="36.293796944444445" lon="139.1562111111111">
<ele>60</ele>
</trkpt>
<trkpt lat="36.293841111111114" lon="139.15619611111111">
<ele>60</ele>
</trkpt>
<trkpt lat="36.29388388888889" lon="139.15618194444446">
<ele>60</ele>
</trkpt>
<trkpt lat="36.293928055555554" lon="139.15616805555555">
<ele>60</ele>
</trkpt>
<trkpt lat="36.29397111111111" lon="139.1561538888889">
<ele>60</ele>
</trkpt>
<trkpt lat="36.29401388888889" lon="139.15613888888888">
<ele>60</ele>
</trkpt>
<trkpt lat="36.29405805555555" lon="139.156125">
<ele>60</ele>
</trkpt>
<trkpt lat="36.29410111111111" lon="139.1561111111111">
<ele>60</ele>
</trkpt>
<trkpt lat="36.294145" lon="139.15609694444444">
<ele>60</ele>
</trkpt>
<trkpt lat="36.29418805555556" lon="139.15608194444445">
<ele>60</ele>
</trkpt>
<trkpt lat="36.29423111111111" lon="139.15606805555555">
<ele>60</ele>
</trkpt>
<trkpt lat="36.294275" lon="139.1560538888889">
<ele>60</ele>
</trkpt>
<trkpt lat="36.29431805555556" lon="139.15604">
<ele>60</ele>
</trkpt>
<trkpt lat="36.29436194444445" lon="139.15602611111112">
<ele>60</ele>
</trkpt>
<trkpt lat="36.294405" lon="139.1560111111111">
<ele>60</ele>
</trkpt>
<trkpt lat="36.29444888888889" lon="139.15599694444444">
<ele>60</ele>
</trkpt>
<trkpt lat="36.294491944444445" lon="139.15598305555557">
<ele>60</ele>
</trkpt>
<trkpt lat="36.294536111111114" lon="139.15596888888888">
<ele>60</ele>
</trkpt>
<trkpt lat="36.294578888888886" lon="139.1559538888889">
<ele>60</ele>
</trkpt>
<trkpt lat="36.29461111111111" lon="139.15594388888888">
<ele>60</ele>
</trkpt>
<trkpt lat="36.29464388888889" lon="139.15590305555557">
<ele>60</ele>
</trkpt>
<trkpt lat="36.29467694444445" lon="139.15586194444444">
<ele>60</ele>
</trkpt>
<trkpt lat="36.29471" lon="139.15582111111112">
<ele>60</ele>
</trkpt>
<trkpt lat="36.29474305555556" lon="139.15578">
<ele>60</ele>
</trkpt>
<trkpt lat="36.29477611111111" lon="139.1557388888889">
<ele>60</ele>
</trkpt>
<trkpt lat="36.29480888888889" lon="139.15569888888888">
<ele>60</ele>
</trkpt>
<trkpt lat="36.29484194444444" lon="139.15565805555556">
<ele>60</ele>
</trkpt>
<trkpt lat="36.29487388888889" lon="139.15561694444443">
<ele>60</ele>
</trkpt>
<trkpt lat="36.29490805555555" lon="139.15557611111112">
<ele>60</ele>
</trkpt>
<trkpt lat="36.294941111111115" lon="139.155535">
<ele>60</ele>
</trkpt>
<trkpt lat="36.29497305555556" lon="139.15549388888888">
<ele>60</ele>
</trkpt>
<trkpt lat="36.295006111111114" lon="139.15545305555557">
<ele>60</ele>
</trkpt>
<trkpt lat="36.29503888888889" lon="139.15541194444444">
<ele>60</ele>
</trkpt>
<trkpt lat="36.295071944444445" lon="139.15537194444445">
<ele>60</ele>
</trkpt>
<trkpt lat="36.295105" lon="139.1553311111111">
<ele>60</ele>
</trkpt>
<trkpt lat="36.295138055555555" lon="139.15529">
<ele>60</ele>
</trkpt>
<trkpt lat="36.29517111111111" lon="139.15524888888888">
<ele>60</ele>
</trkpt>
<trkpt lat="36.29520388888889" lon="139.15520805555556">
<ele>60</ele>
</trkpt>
<trkpt lat="36.29523694444445" lon="139.15516805555555">
<ele>60</ele>
</trkpt>
<trkpt lat="36.295273055555555" lon="139.155135">
<ele>60</ele>
</trkpt>
<trkpt lat="36.29531" lon="139.15510194444445">
<ele>60</ele>
</trkpt>
<trkpt lat="36.29534611111111" lon="139.15507">
<ele>60</ele>
</trkpt>
<trkpt lat="36.295383055555554" lon="139.15503805555556">
<ele>60</ele>
</trkpt>
<trkpt lat="36.29541888888889" lon="139.155005">
<ele>60</ele>
</trkpt>
<trkpt lat="36.295451944444444" lon="139.15497611111113">
<ele>60</ele>
</trkpt>
<trkpt lat="36.29549611111111" lon="139.15496194444444">
<ele>60</ele>
</trkpt>
<trkpt lat="36.29553888888889" lon="139.15494805555556">
<ele>60</ele>
</trkpt>
<trkpt lat="36.29558194444444" lon="139.15493388888888">
<ele>60</ele>
</trkpt>
<trkpt lat="36.29562611111111" lon="139.15492111111112">
<ele>60</ele>
</trkpt>
<trkpt lat="36.29567" lon="139.15490694444443">
<ele>60</ele>
</trkpt>
<trkpt lat="36.29571305555555" lon="139.1548938888889">
<ele>60</ele>
</trkpt>
<trkpt lat="36.29575694444444" lon="139.15488">
<ele>60</ele>
</trkpt>
<trkpt lat="36.2958" lon="139.15486611111112">
<ele>60</ele>
</trkpt>
<trkpt lat="36.29584388888889" lon="139.15485194444443">
<ele>60</ele>
</trkpt>
<trkpt lat="36.29588805555556" lon="139.1548388888889">
<ele>60</ele>
</trkpt>
<trkpt lat="36.29593111111111" lon="139.154825">
<ele>60</ele>
</trkpt>
<trkpt lat="36.29597388888889" lon="139.15481111111112">
<ele>60</ele>
</trkpt>
<trkpt lat="36.29601" lon="139.1548">
<ele>60</ele>
</trkpt>
<trkpt lat="36.296053055555554" lon="139.1547838888889">
<ele>60</ele>
</trkpt>
<trkpt lat="36.29609611111111" lon="139.15476805555556">
<ele>60</ele>
</trkpt>
<trkpt lat="36.29613888888889" lon="139.15475111111112">
<ele>60</ele>
</trkpt>
<trkpt lat="36.29618194444444" lon="139.154735">
<ele>60</ele>
</trkpt>
<trkpt lat="36.296225" lon="139.15471888888888">
<ele>60</ele>
</trkpt>
<trkpt lat="36.29626805555556" lon="139.15470194444444">
<ele>60</ele>
</trkpt>
<trkpt lat="36.29631111111111" lon="139.15468611111112">
<ele>60</ele>
</trkpt>
<trkpt lat="36.29635388888889" lon="139.15467">
<ele>60</ele>
</trkpt>
<trkpt lat="36.296396944444446" lon="139.1546538888889">
<ele>60</ele>
</trkpt>
<trkpt lat="36.29644" lon="139.15463805555555">
<ele>60</ele>
</trkpt>
<trkpt lat="36.296483055555555" lon="139.1546211111111">
<ele>60</ele>
</trkpt>
<trkpt lat="36.29652611111111" lon="139.154605">
<ele>60</ele>
</trkpt>
<trkpt lat="36.29656888888889" lon="139.1545888888889">
<ele>60</ele>
</trkpt>
<trkpt lat="36.29661194444444" lon="139.15457194444446">
<ele>60</ele>
</trkpt>
<trkpt lat="36.296655" lon="139.1545561111111">
<ele>60</ele>
</trkpt>
<trkpt lat="36.29669805555555" lon="139.15454">
<ele>60</ele>
</trkpt>
<trkpt lat="36.29673694444445" lon="139.154525">
<ele>60</ele>
</trkpt>
<trkpt lat="36.29678111111111" lon="139.15451694444445">
<ele>60</ele>
</trkpt>
<trkpt lat="36.29682611111111" lon="139.1545088888889">
<ele>60</ele>
</trkpt>
<trkpt lat="36.29687" lon="139.1545011111111">
<ele>60</ele>
</trkpt>
<trkpt lat="36.29691388888889" lon="139.15449305555555">
<ele>60</ele>
</trkpt>
<trkpt lat="36.29695888888889" lon="139.154485">
<ele>60</ele>
</trkpt>
<trkpt lat="36.29700305555556" lon="139.15447694444444">
<ele>60</ele>
</trkpt>
<trkpt lat="36.29704805555556" lon="139.15446888888889">
<ele>60</ele>
</trkpt>
<trkpt lat="36.29706" lon="139.1544661111111">
<ele>60</ele>
</trkpt>
<trkpt lat="36.297156944444446" lon="139.15446305555557">
<ele>60</ele>
</trkpt>
<trkpt lat="36.29725388888889" lon="139.15445888888888">
<ele>60</ele>
</trkpt>
<trkpt lat="36.29735111111111" lon="139.1544561111111">
<ele>60</ele>
</trkpt>
<trkpt lat="36.297448055555556" lon="139.15445194444445">
<ele>60</ele>
</trkpt>
<trkpt lat="36.297545" lon="139.15444888888888">
<ele>60</ele>
</trkpt>
<trkpt lat="36.29764194444444" lon="139.154445">
<ele>60</ele>
</trkpt>
<trkpt lat="36.29773888888889" lon="139.15444194444444">
<ele>60</ele>
</trkpt>
<trkpt lat="36.29783611111111" lon="139.15443805555554">
<ele>60</ele>
</trkpt>
<trkpt lat="36.29793305555555" lon="139.154435">
<ele>60</ele>
</trkpt>
<trkpt lat="36.29803" lon="139.1544311111111">
<ele>60</ele>
</trkpt>
<trkpt lat="36.29812694444445" lon="139.15442805555554">
<ele>60</ele>
</trkpt>
<trkpt lat="36.29822388888889" lon="139.15442388888889">
<ele>60</ele>
</trkpt>
<trkpt lat="36.298321111111115" lon="139.1544211111111">
<ele>60</ele>
</trkpt>
<trkpt lat="36.29841805555556" lon="139.15441694444445">
<ele>60</ele>
</trkpt>
<trkpt lat="36.298515" lon="139.15441388888888">
<ele>60</ele>
</trkpt>
<trkpt lat="36.298611944444445" lon="139.15441">
<ele>60</ele>
</trkpt>
<trkpt lat="36.29870888888889" lon="139.15440694444445">
<ele>60</ele>
</trkpt>
<trkpt lat="36.29880611111111" lon="139.15440305555555">
<ele>60</ele>
</trkpt>
<trkpt lat="36.298903055555556" lon="139.1544">
<ele>60</ele>
</trkpt>
<trkpt lat="36.298948055555556" lon="139.154395">
<ele>60</ele>
</trkpt>
<trkpt lat="36.298991944444445" lon="139.15439">
<ele>60</ele>
</trkpt>
<trkpt lat="36.299036944444445" lon="139.154385">
<ele>60</ele>
</trkpt>
<trkpt lat="36.299081944444445" lon="139.15438">
<ele>60</ele>
</trkpt>
<trkpt lat="36.299126111111114" lon="139.154375">
<ele>60</ele>
</trkpt>
<trkpt lat="36.299171111111114" lon="139.15437">
<ele>60</ele>
</trkpt>
<trkpt lat="36.299216111111114" lon="139.154365">
<ele>60</ele>
</trkpt>
<trkpt lat="36.299261111111115" lon="139.15436">
<ele>60</ele>
</trkpt>
<trkpt lat="36.299305" lon="139.154355">
<ele>60</ele>
</trkpt>
<trkpt lat="36.29935" lon="139.15435">
<ele>60</ele>
</trkpt>
<trkpt lat="36.299395" lon="139.154345">
<ele>60</ele>
</trkpt>
<trkpt lat="36.29942694444444" lon="139.1543411111111">
<ele>60</ele>
</trkpt>
<trkpt lat="36.29947194444444" lon="139.15434">
<ele>60</ele>
</trkpt>
<trkpt lat="36.29951694444444" lon="139.15433805555554">
<ele>60</ele>
</trkpt>
<trkpt lat="36.29956194444444" lon="139.15433694444445">
<ele>60</ele>
</trkpt>
<trkpt lat="36.29960694444444" lon="139.15433611111112">
<ele>60</ele>
</trkpt>
<trkpt lat="36.29965194444444" lon="139.15433388888889">
<ele>60</ele>
</trkpt>
<trkpt lat="36.29969694444444" lon="139.15433305555555">
<ele>60</ele>
</trkpt>
<trkpt lat="36.29974194444444" lon="139.1543311111111">
<ele>60</ele>
</trkpt>
<trkpt lat="36.29978694444444" lon="139.15433">
<ele>60</ele>
</trkpt>
<trkpt lat="36.29983111111111" lon="139.1543288888889">
<ele>60</ele>
</trkpt>
<trkpt lat="36.29987611111111" lon="139.15432694444445">
<ele>60</ele>
</trkpt>
<trkpt lat="36.29992111111111" lon="139.15432611111112">
<ele>60</ele>
</trkpt>
<trkpt lat="36.29996611111111" lon="139.15432388888888">
<ele>60</ele>
</trkpt>
<trkpt lat="36.30001111111111" lon="139.15432305555555">
<ele>60</ele>
</trkpt>
<trkpt lat="36.30005611111111" lon="139.15432194444443">
<ele>60</ele>
</trkpt>
<trkpt lat="36.30010111111111" lon="139.15432">
<ele>60</ele>
</trkpt>
<trkpt lat="36.30014611111111" lon="139.1543188888889">
<ele>60</ele>
</trkpt>
<trkpt lat="36.30019111111111" lon="139.15431805555556">
<ele>60</ele>
</trkpt>
<trkpt lat="36.30022805555556" lon="139.15431611111111">
<ele>60</ele>
</trkpt>
<trkpt lat="36.300275" lon="139.15431">
<ele>60</ele>
</trkpt>
<trkpt lat="36.30032305555556" lon="139.15430388888888">
<ele>60</ele>
</trkpt>
<trkpt lat="36.30037" lon="139.15429805555556">
<ele>60</ele>
</trkpt>
<trkpt lat="36.300418055555554" lon="139.15429194444445">
<ele>60</ele>
</trkpt>
<trkpt lat="36.300465" lon="139.1542861111111">
<ele>60</ele>
</trkpt>
<trkpt lat="36.300511944444445" lon="139.15427888888888">
<ele>60</ele>
</trkpt>
<trkpt lat="36.30056" lon="139.15427305555556">
<ele>60</ele>
</trkpt>
<trkpt lat="36.300606944444446" lon="139.15426694444446">
<ele>60</ele>
</trkpt>
<trkpt lat="36.300655" lon="139.1542611111111">
<ele>60</ele>
</trkpt>
<trkpt lat="36.30070194444444" lon="139.154255">
<ele>60</ele>
</trkpt>
<trkpt lat="36.30075" lon="139.1542488888889">
<ele>60</ele>
</trkpt>
<trkpt lat="36.30079694444444" lon="139.15424194444444">
<ele>60</ele>
</trkpt>
<trkpt lat="36.30084388888889" lon="139.15423611111112">
<ele>60</ele>
</trkpt>
<trkpt lat="36.300891944444444" lon="139.15423">
<ele>60</ele>
</trkpt>
<trkpt lat="36.300938888888886" lon="139.15422388888888">
<ele>60</ele>
</trkpt>
<trkpt lat="36.300986944444446" lon="139.15421805555556">
<ele>60</ele>
</trkpt>
<trkpt lat="36.30103388888889" lon="139.15421194444446">
<ele>60</ele>
</trkpt>
<trkpt lat="36.30108194444445" lon="139.1542061111111">
<ele>60</ele>
</trkpt>
<trkpt lat="36.30112888888889" lon="139.15419888888889">
<ele>60</ele>
</trkpt>
<trkpt lat="36.30117111111111" lon="139.15418">
<ele>60</ele>
</trkpt>
<trkpt lat="36.30121388888889" lon="139.1541611111111">
<ele>60</ele>
</trkpt>
<trkpt lat="36.30125611111111" lon="139.15414194444443">
<ele>60</ele>
</trkpt>
<trkpt lat="36.301298055555556" lon="139.15412388888888">
<ele>60</ele>
</trkpt>
<trkpt lat="36.30134" lon="139.1541038888889">
<ele>60</ele>
</trkpt>
<trkpt lat="36.301381944444444" lon="139.1540861111111">
<ele>60</ele>
</trkpt>
<trkpt lat="36.301425" lon="139.15406694444445">
<ele>60</ele>
</trkpt>
<trkpt lat="36.30146694444444" lon="139.15404805555556">
<ele>60</ele>
</trkpt>
<trkpt lat="36.30150888888889" lon="139.1540288888889">
<ele>60</ele>
</trkpt>
<trkpt lat="36.301518888888886" lon="139.1540238888889">
<ele>60</ele>
</trkpt>
<trkpt lat="36.30155694444444" lon="139.1539938888889">
<ele>60</ele>
</trkpt>
<trkpt lat="36.301595" lon="139.15396388888888">
<ele>60</ele>
</trkpt>
<trkpt lat="36.301633055555556" lon="139.1539338888889">
<ele>60</ele>
</trkpt>
<trkpt lat="36.30167111111111" lon="139.1539038888889">
<ele>60</ele>
</trkpt>
<trkpt lat="36.30170805555556" lon="139.15387388888888">
<ele>60</ele>
</trkpt>
<trkpt lat="36.301746111111115" lon="139.1538438888889">
<ele>60</ele>
</trkpt>
<trkpt lat="36.30178388888889" lon="139.1538138888889">
<ele>60</ele>
</trkpt>
<trkpt lat="36.30182194444444" lon="139.15378388888888">
<ele>60</ele>
</trkpt>
<trkpt lat="36.301856111111114" lon="139.15375694444444">
<ele>60</ele>
</trkpt>
<trkpt lat="36.30188611111111" lon="139.15371694444445">
<ele>60</ele>
</trkpt>
<trkpt lat="36.301918055555554" lon="139.1536761111111">
<ele>60</ele>
</trkpt>
<trkpt lat="36.30194888888889" lon="139.1536361111111">
<ele>60</ele>
</trkpt>
<trkpt lat="36.30197888888889" lon="139.1535961111111">
<ele>60</ele>
</trkpt>
<trkpt lat="36.30201111111111" lon="139.1535561111111">
<ele>60</ele>
</trkpt>
<trkpt lat="36.30204194444445" lon="139.153515">
<ele>60</ele>
</trkpt>
<trkpt lat="36.30207194444444" lon="139.153475">
<ele>60</ele>
</trkpt>
<trkpt lat="36.30210388888889" lon="139.15343388888888">
<ele>60</ele>
</trkpt>
<trkpt lat="36.302135" lon="139.1533938888889">
<ele>60</ele>
</trkpt>
<trkpt lat="36.30213805555555" lon="139.15339">
<ele>60</ele>
</trkpt>
<trkpt lat="36.302166944444444" lon="139.15334694444445">
<ele>60</ele>
</trkpt>
<trkpt lat="36.302195" lon="139.1533038888889">
<ele>60</ele>
</trkpt>
<trkpt lat="36.30222388888889" lon="139.1532611111111">
<ele>60</ele>
</trkpt>
<trkpt lat="36.30225305555555" lon="139.15321805555556">
<ele>60</ele>
</trkpt>
<trkpt lat="36.302281111111114" lon="139.153175">
<ele>60</ele>
</trkpt>
<trkpt lat="36.30231" lon="139.15313194444445">
<ele>60</ele>
</trkpt>
<trkpt lat="36.30233888888889" lon="139.1530888888889">
<ele>60</ele>
</trkpt>
<trkpt lat="36.302368055555554" lon="139.15304694444444">
<ele>60</ele>
</trkpt>
<trkpt lat="36.30239611111111" lon="139.1530038888889">
<ele>60</ele>
</trkpt>
<trkpt lat="36.302425" lon="139.15296111111113">
<ele>60</ele>
</trkpt>
<trkpt lat="36.30245388888889" lon="139.15291805555555">
<ele>60</ele>
</trkpt>
<trkpt lat="36.302481944444445" lon="139.152875">
<ele>60</ele>
</trkpt>
<trkpt lat="36.30251111111111" lon="139.15283194444444">
<ele>60</ele>
</trkpt>
<trkpt lat="36.30253888888889" lon="139.1527888888889">
<ele>60</ele>
</trkpt>
<trkpt lat="36.302568055555554" lon="139.1527461111111">
<ele>60</ele>
</trkpt>
<trkpt lat="36.302596944444446" lon="139.15270388888888">
<ele>60</ele>
</trkpt>
<trkpt lat="36.30262611111111" lon="139.15266111111112">
<ele>60</ele>
</trkpt>
<trkpt lat="36.30265388888889" lon="139.15261805555556">
<ele>60</ele>
</trkpt>
<trkpt lat="36.302661944444445" lon="139.152605">
<ele>60</ele>
</trkpt>
<trkpt lat="36.30271305555556" lon="139.15253611111112">
<ele>60</ele>
</trkpt>
<trkpt lat="36.30276388888889" lon="139.15246805555554">
<ele>60</ele>
</trkpt>
<trkpt lat="36.30281388888889" lon="139.15239805555555">
<ele>60</ele>
</trkpt>
<trkpt lat="36.302865" lon="139.1523288888889">
<ele>60</ele>
</trkpt>
<trkpt lat="36.30291611111111" lon="139.1522611111111">
<ele>60</ele>
</trkpt>
<trkpt lat="36.30296611111111" lon="139.1521911111111">
<ele>60</ele>
</trkpt>
<trkpt lat="36.303016944444444" lon="139.15212194444445">
<ele>60</ele>
</trkpt>
<trkpt lat="36.303068055555556" lon="139.1520538888889">
<ele>60</ele>
</trkpt>
<trkpt lat="36.30311805555556" lon="139.151985">
<ele>60</ele>
</trkpt>
<trkpt lat="36.30316888888889" lon="139.15191611111112">
<ele>60</ele>
</trkpt>
<trkpt lat="36.303218888888885" lon="139.15184694444446">
<ele>60</ele>
</trkpt>
<trkpt lat="36.30327" lon="139.15177805555555">
<ele>60</ele>
</trkpt>
<trkpt lat="36.30332111111111" lon="139.1517088888889">
<ele>60</ele>
</trkpt>
<trkpt lat="36.30337111111111" lon="139.15164">
<ele>60</ele>
</trkpt>
<trkpt lat="36.303421944444445" lon="139.1515711111111">
<ele>60</ele>
</trkpt>
<trkpt lat="36.303471944444446" lon="139.15150194444445">
<ele>60</ele>
</trkpt>
<trkpt lat="36.30352305555556" lon="139.15143305555554">
<ele>60</ele>
</trkpt>
<trkpt lat="36.30357388888889" lon="139.15136388888888">
<ele>60</ele>
</trkpt>
<trkpt lat="36.303623888888886" lon="139.151295">
<ele>60</ele>
</trkpt>
<trkpt lat="36.30364888888889" lon="139.15124805555556">
<ele>60</ele>
</trkpt>
<trkpt lat="36.30367305555556" lon="139.1512011111111">
<ele>60</ele>
</trkpt>
<trkpt lat="36.30369694444445" lon="139.1511538888889">
<ele>60</ele>
</trkpt>
<trkpt lat="36.30372111111111" lon="139.15110694444445">
<ele>60</ele>
</trkpt>
<trkpt lat="36.303745" lon="139.15106">
<ele>60</ele>
</trkpt>
<trkpt lat="36.30376888888889" lon="139.15101305555555">
<ele>60</ele>
</trkpt>
<trkpt lat="36.30379305555556" lon="139.1509661111111">
<ele>60</ele>
</trkpt>
<trkpt lat="36.30381805555555" lon="139.1509188888889">
<ele>60</ele>
</trkpt>
<trkpt lat="36.30384111111111" lon="139.15087194444445">
<ele>60</ele>
</trkpt>
<trkpt lat="36.30386" lon="139.15083611111112">
<ele>60</ele>
</trkpt>
<trkpt lat="36.30389" lon="139.1507938888889">
<ele>60</ele>
</trkpt>
<trkpt lat="36.30391888888889" lon="139.15075194444444">
<ele>60</ele>
</trkpt>
<trkpt lat="36.30394888888889" lon="139.15071111111112">
<ele>60</ele>
</trkpt>
<trkpt lat="36.30397888888889" lon="139.1506688888889">
<ele>60</ele>
</trkpt>
<trkpt lat="36.30400888888889" lon="139.15062694444444">
<ele>60</ele>
</trkpt>
<trkpt lat="36.30403805555556" lon="139.15058611111112">
<ele>60</ele>
</trkpt>
<trkpt lat="36.304068055555554" lon="139.15054388888888">
<ele>60</ele>
</trkpt>
<trkpt lat="36.304098055555556" lon="139.15050194444444">
<ele>60</ele>
</trkpt>
<trkpt lat="36.30412805555556" lon="139.15046">
<ele>60</ele>
</trkpt>
<trkpt lat="36.304158055555554" lon="139.15041805555555">
<ele>60</ele>
</trkpt>
<trkpt lat="36.304186944444446" lon="139.15037694444445">
<ele>60</ele>
</trkpt>
<trkpt lat="36.30421694444444" lon="139.150335">
<ele>60</ele>
</trkpt>
<trkpt lat="36.304246944444444" lon="139.15029305555555">
<ele>60</ele>
</trkpt>
<trkpt lat="36.30427611111111" lon="139.15025111111112">
<ele>60</ele>
</trkpt>
<trkpt lat="36.30430611111111" lon="139.15021">
<ele>60</ele>
</trkpt>
<trkpt lat="36.30433611111111" lon="139.15016805555555">
<ele>60</ele>
</trkpt>
<trkpt lat="36.30436611111111" lon="139.15012611111112">
<ele>60</ele>
</trkpt>
<trkpt lat="36.304395" lon="139.1500838888889">
<ele>60</ele>
</trkpt>
<trkpt lat="36.304425" lon="139.15004305555556">
<ele>60</ele>
</trkpt>
<trkpt lat="36.30446694444444" lon="139.14998694444444">
<ele>60</ele>
</trkpt>
<trkpt lat="36.30451" lon="139.1499311111111">
<ele>60</ele>
</trkpt>
<trkpt lat="36.30455194444444" lon="139.1498738888889">
<ele>60</ele>
</trkpt>
<trkpt lat="36.304595" lon="139.14981805555556">
<ele>60</ele>
</trkpt>
<trkpt lat="36.30463694444445" lon="139.14976194444444">
<ele>60</ele>
</trkpt>
<trkpt lat="36.30468" lon="139.1497061111111">
<ele>60</ele>
</trkpt>
<trkpt lat="36.304721944444445" lon="139.1496488888889">
<ele>60</ele>
</trkpt>
<trkpt lat="36.304765" lon="139.14959305555556">
<ele>60</ele>
</trkpt>
<trkpt lat="36.304806944444444" lon="139.14953694444443">
<ele>60</ele>
</trkpt>
<trkpt lat="36.30485" lon="139.1494811111111">
<ele>60</ele>
</trkpt>
<trkpt lat="36.30489194444444" lon="139.149425">
<ele>60</ele>
</trkpt>
<trkpt lat="36.30493388888889" lon="139.14936805555556">
<ele>60</ele>
</trkpt>
<trkpt lat="36.30497694444445" lon="139.14931194444443">
<ele>60</ele>
</trkpt>
<trkpt lat="36.30501888888889" lon="139.1492561111111">
<ele>60</ele>
</trkpt>
<trkpt lat="36.30506194444445" lon="139.1492">
<ele>60</ele>
</trkpt>
<trkpt lat="36.30510388888889" lon="139.14914305555556">
<ele>60</ele>
</trkpt>
<trkpt lat="36.305146944444445" lon="139.14908694444443">
<ele>60</ele>
</trkpt>
<trkpt lat="36.305188888888885" lon="139.1490311111111">
<ele>60</ele>
</trkpt>
<trkpt lat="36.305231944444444" lon="139.148975">
<ele>60</ele>
</trkpt>
<trkpt lat="36.30525194444444" lon="139.1489188888889">
<ele>60</ele>
</trkpt>
<trkpt lat="36.30527194444444" lon="139.14886305555555">
<ele>60</ele>
</trkpt>
<trkpt lat="36.30529111111111" lon="139.14880805555555">
<ele>60</ele>
</trkpt>
<trkpt lat="36.30531111111111" lon="139.14875194444446">
<ele>60</ele>
</trkpt>
<trkpt lat="36.30533111111111" lon="139.14869611111112">
<ele>60</ele>
</trkpt>
<trkpt lat="36.30535111111111" lon="139.14864">
<ele>60</ele>
</trkpt>
<trkpt lat="36.305371111111114" lon="139.14858388888888">
<ele>60</ele>
</trkpt>
<trkpt lat="36.30539111111111" lon="139.14852888888888">
<ele>60</ele>
</trkpt>
<trkpt lat="36.30541" lon="139.14847305555554">
<ele>60</ele>
</trkpt>
<trkpt lat="36.30543" lon="139.14841694444445">
<ele>60</ele>
</trkpt>
<trkpt lat="36.30545" lon="139.14836111111111">
<ele>60</ele>
</trkpt>
<trkpt lat="36.30547" lon="139.148305">
<ele>60</ele>
</trkpt>
<trkpt lat="36.30549" lon="139.1482488888889">
<ele>60</ele>
</trkpt>
<trkpt lat="36.30550888888889" lon="139.1481938888889">
<ele>60</ele>
</trkpt>
<trkpt lat="36.30552888888889" lon="139.14813805555556">
<ele>60</ele>
</trkpt>
<trkpt lat="36.305548888888886" lon="139.14808194444444">
<ele>60</ele>
</trkpt>
<trkpt lat="36.30556888888889" lon="139.1480261111111">
<ele>60</ele>
</trkpt>
<trkpt lat="36.30558888888889" lon="139.1479711111111">
<ele>60</ele>
</trkpt>
<trkpt lat="36.30560888888889" lon="139.147915">
<ele>60</ele>
</trkpt>
<trkpt lat="36.3056" lon="139.14786">
<ele>60</ele>
</trkpt>
<trkpt lat="36.30559111111111" lon="139.14780611111112">
<ele>60</ele>
</trkpt>
<trkpt lat="36.30558194444444" lon="139.14775111111112">
<ele>60</ele>
</trkpt>
<trkpt lat="36.305573055555556" lon="139.14769611111112">
<ele>60</ele>
</trkpt>
<trkpt lat="36.30556388888889" lon="139.14764194444444">
<ele>60</ele>
</trkpt>
<trkpt lat="36.305555" lon="139.14758694444444">
<ele>60</ele>
</trkpt>
<trkpt lat="36.30554611111111" lon="139.14753194444444">
<ele>60</ele>
</trkpt>
<trkpt lat="36.30553694444444" lon="139.14747805555555">
<ele>60</ele>
</trkpt>
<trkpt lat="36.305528055555556" lon="139.14742305555555">
<ele>60</ele>
</trkpt>
<trkpt lat="36.30551888888889" lon="139.14736888888888">
<ele>60</ele>
</trkpt>
<trkpt lat="36.30551388888889" lon="139.1473388888889">
<ele>60</ele>
</trkpt>
<trkpt lat="36.30551805555555" lon="139.14728305555556">
<ele>60</ele>
</trkpt>
<trkpt lat="36.30552111111111" lon="139.14722805555556">
<ele>60</ele>
</trkpt>
<trkpt lat="36.30552388888889" lon="139.14717194444444">
<ele>60</ele>
</trkpt>
<trkpt lat="36.305526944444445" lon="139.14711694444443">
<ele>60</ele>
</trkpt>
<trkpt lat="36.30553" lon="139.1470611111111">
<ele>61</ele>
</trkpt>
<trkpt lat="36.30553305555556" lon="139.147005">
<ele>61</ele>
</trkpt>
<trkpt lat="36.30553694444444" lon="139.14695">
<ele>61</ele>
</trkpt>
<trkpt lat="36.30554" lon="139.14689388888888">
<ele>61</ele>
</trkpt>
<trkpt lat="36.30554305555555" lon="139.14683888888888">
<ele>61</ele>
</trkpt>
<trkpt lat="36.30554611111111" lon="139.14678305555555">
<ele>61</ele>
</trkpt>
<trkpt lat="36.305548888888886" lon="139.14672805555554">
<ele>61</ele>
</trkpt>
<trkpt lat="36.305551944444446" lon="139.14667194444445">
<ele>61</ele>
</trkpt>
<trkpt lat="36.305555" lon="139.1466288888889">
<ele>61</ele>
</trkpt>
<trkpt lat="36.30556388888889" lon="139.146575">
<ele>61</ele>
</trkpt>
<trkpt lat="36.305571944444445" lon="139.14652">
<ele>61</ele>
</trkpt>
<trkpt lat="36.30558111111111" lon="139.14646611111112">
<ele>61</ele>
</trkpt>
<trkpt lat="36.30559" lon="139.14641111111112">
<ele>61</ele>
</trkpt>
<trkpt lat="36.30559888888889" lon="139.14635611111112">
<ele>61</ele>
</trkpt>
<trkpt lat="36.30560805555555" lon="139.14630194444445">
<ele>61</ele>
</trkpt>
<trkpt lat="36.305616111111114" lon="139.14624694444444">
<ele>61</ele>
</trkpt>
<trkpt lat="36.305625" lon="139.14619194444444">
<ele>61</ele>
</trkpt>
<trkpt lat="36.30563388888889" lon="139.14613805555555">
<ele>61</ele>
</trkpt>
<trkpt lat="36.30564305555556" lon="139.14608305555555">
<ele>61</ele>
</trkpt>
<trkpt lat="36.30565194444444" lon="139.14602805555555">
<ele>61</ele>
</trkpt>
<trkpt lat="36.305661111111114" lon="139.14597388888888">
<ele>61</ele>
</trkpt>
<trkpt lat="36.30566888888889" lon="139.1459188888889">
<ele>61</ele>
</trkpt>
<trkpt lat="36.30567805555555" lon="139.1458638888889">
<ele>61</ele>
</trkpt>
<trkpt lat="36.305681944444444" lon="139.14583694444445">
<ele>61</ele>
</trkpt>
<trkpt lat="36.305695" lon="139.14578305555557">
<ele>61</ele>
</trkpt>
<trkpt lat="36.305708055555556" lon="139.14573">
<ele>61</ele>
</trkpt>
<trkpt lat="36.30572111111111" lon="139.1456761111111">
<ele>61</ele>
</trkpt>
<trkpt lat="36.30573305555556" lon="139.14562305555555">
<ele>61</ele>
</trkpt>
<trkpt lat="36.30574611111111" lon="139.1455688888889">
<ele>61</ele>
</trkpt>
<trkpt lat="36.30575888888889" lon="139.1455161111111">
<ele>61</ele>
</trkpt>
<trkpt lat="36.30577" lon="139.1454688888889">
<ele>61</ele>
</trkpt>
<trkpt lat="36.30577805555556" lon="139.1449188888889">
<ele>62</ele>
</trkpt>
<trkpt lat="36.30578888888889" lon="139.14485888888888">
<ele>62</ele>
</trkpt>
<trkpt lat="36.30579888888889" lon="139.1447988888889">
<ele>62</ele>
</trkpt>
<trkpt lat="36.30580888888889" lon="139.14473805555556">
<ele>63</ele>
</trkpt>
<trkpt lat="36.305818888888886" lon="139.14467805555554">
<ele>63</ele>
</trkpt>
<trkpt lat="36.30582888888889" lon="139.14461805555555">
<ele>63</ele>
</trkpt>
<trkpt lat="36.305838888888886" lon="139.14455805555556">
<ele>63</ele>
</trkpt>
<trkpt lat="36.30585" lon="139.14449805555554">
<ele>63</ele>
</trkpt>
<trkpt lat="36.30586" lon="139.14443694444444">
<ele>63</ele>
</trkpt>
<trkpt lat="36.30587" lon="139.14437694444445">
<ele>63</ele>
</trkpt>
<trkpt lat="36.30588" lon="139.14431694444445">
<ele>63</ele>
</trkpt>
<trkpt lat="36.30589" lon="139.14425694444444">
<ele>62</ele>
</trkpt>
<trkpt lat="36.30590111111111" lon="139.14419694444445">
<ele>62</ele>
</trkpt>
<trkpt lat="36.30591111111111" lon="139.14413611111112">
<ele>62</ele>
</trkpt>
<trkpt lat="36.30592111111111" lon="139.1440761111111">
<ele>62</ele>
</trkpt>
<trkpt lat="36.305931111111114" lon="139.1440161111111">
<ele>62</ele>
</trkpt>
<trkpt lat="36.30594111111111" lon="139.14395611111112">
<ele>62</ele>
</trkpt>
<trkpt lat="36.30595111111111" lon="139.1438961111111">
<ele>62</ele>
</trkpt>
<trkpt lat="36.30596194444445" lon="139.1438361111111">
<ele>62</ele>
</trkpt>
<trkpt lat="36.305971944444444" lon="139.143775">
<ele>62</ele>
</trkpt>
<trkpt lat="36.30598694444444" lon="139.14372305555557">
<ele>62</ele>
</trkpt>
<trkpt lat="36.306001944444446" lon="139.14367">
<ele>61</ele>
</trkpt>
<trkpt lat="36.306016944444444" lon="139.14361805555555">
<ele>61</ele>
</trkpt>
<trkpt lat="36.30603194444444" lon="139.143565">
<ele>61</ele>
</trkpt>
<trkpt lat="36.30604694444445" lon="139.14351305555556">
<ele>61</ele>
</trkpt>
<trkpt lat="36.306061944444444" lon="139.14346">
<ele>61</ele>
</trkpt>
<trkpt lat="36.30607805555555" lon="139.14340805555557">
<ele>60</ele>
</trkpt>
<trkpt lat="36.30609194444445" lon="139.143355">
<ele>60</ele>
</trkpt>
<trkpt lat="36.306108055555555" lon="139.14330305555555">
<ele>61</ele>
</trkpt>
<trkpt lat="36.30612305555555" lon="139.14325">
<ele>60</ele>
</trkpt>
<trkpt lat="36.30613805555556" lon="139.14319805555556">
<ele>60</ele>
</trkpt>
<trkpt lat="36.306153055555555" lon="139.143145">
<ele>60</ele>
</trkpt>
<trkpt lat="36.30616805555555" lon="139.14309305555557">
<ele>60</ele>
</trkpt>
<trkpt lat="36.30618305555556" lon="139.14304">
<ele>60</ele>
</trkpt>
<trkpt lat="36.306198055555555" lon="139.14298805555555">
<ele>60</ele>
</trkpt>
<trkpt lat="36.30621388888889" lon="139.1429361111111">
<ele>60</ele>
</trkpt>
<trkpt lat="36.30622888888889" lon="139.14288305555556">
<ele>60</ele>
</trkpt>
<trkpt lat="36.30624111111111" lon="139.14284111111112">
<ele>60</ele>
</trkpt>
<trkpt lat="36.30626111111111" lon="139.1427911111111">
<ele>60</ele>
</trkpt>
<trkpt lat="36.30628111111111" lon="139.14274111111112">
<ele>60</ele>
</trkpt>
<trkpt lat="36.30630111111111" lon="139.1426911111111">
<ele>60</ele>
</trkpt>
<trkpt lat="36.30632111111111" lon="139.14264111111112">
<ele>60</ele>
</trkpt>
<trkpt lat="36.30634111111111" lon="139.1425911111111">
<ele>60</ele>
</trkpt>
<trkpt lat="36.30636111111111" lon="139.14254111111111">
<ele>60</ele>
</trkpt>
<trkpt lat="36.30638111111111" lon="139.14249194444446">
<ele>60</ele>
</trkpt>
<trkpt lat="36.306401111111114" lon="139.14244194444444">
<ele>60</ele>
</trkpt>
<trkpt lat="36.306421944444445" lon="139.14239194444446">
<ele>60</ele>
</trkpt>
<trkpt lat="36.306441944444444" lon="139.14234194444444">
<ele>60</ele>
</trkpt>
<trkpt lat="36.30646194444444" lon="139.14229194444445">
<ele>60</ele>
</trkpt>
<trkpt lat="36.30648194444444" lon="139.14224194444444">
<ele>60</ele>
</trkpt>
<trkpt lat="36.30650194444444" lon="139.14219194444445">
<ele>60</ele>
</trkpt>
<trkpt lat="36.30652194444444" lon="139.14214194444443">
<ele>60</ele>
</trkpt>
<trkpt lat="36.30654194444445" lon="139.14209305555556">
<ele>60</ele>
</trkpt>
<trkpt lat="36.306556944444445" lon="139.14205611111112">
<ele>60</ele>
</trkpt>
<trkpt lat="36.30657305555555" lon="139.1420038888889">
<ele>60</ele>
</trkpt>
<trkpt lat="36.30658888888889" lon="139.14195194444446">
<ele>60</ele>
</trkpt>
<trkpt lat="36.306605" lon="139.1419">
<ele>60</ele>
</trkpt>
<trkpt lat="36.30662111111111" lon="139.14184805555556">
<ele>60</ele>
</trkpt>
<trkpt lat="36.30663694444444" lon="139.14179611111112">
<ele>60</ele>
</trkpt>
<trkpt lat="36.30665305555556" lon="139.1417438888889">
<ele>60</ele>
</trkpt>
<trkpt lat="36.306668888888886" lon="139.1416911111111">
<ele>60</ele>
</trkpt>
<trkpt lat="36.306685" lon="139.14163888888888">
<ele>60</ele>
</trkpt>
<trkpt lat="36.30670111111111" lon="139.14158694444444">
<ele>60</ele>
</trkpt>
<trkpt lat="36.306716944444446" lon="139.141535">
<ele>60</ele>
</trkpt>
<trkpt lat="36.306733055555554" lon="139.14148305555557">
<ele>60</ele>
</trkpt>
<trkpt lat="36.30674888888889" lon="139.1414311111111">
<ele>60</ele>
</trkpt>
<trkpt lat="36.306765" lon="139.14137888888888">
<ele>60</ele>
</trkpt>
<trkpt lat="36.306781111111114" lon="139.14132694444444">
<ele>60</ele>
</trkpt>
<trkpt lat="36.30679694444444" lon="139.141275">
<ele>60</ele>
</trkpt>
<trkpt lat="36.30681305555556" lon="139.14122305555554">
<ele>60</ele>
</trkpt>
<trkpt lat="36.30682888888889" lon="139.1411711111111">
<ele>60</ele>
</trkpt>
<trkpt lat="36.306845" lon="139.14111888888888">
<ele>60</ele>
</trkpt>
<trkpt lat="36.30685888888889" lon="139.1410711111111">
<ele>60</ele>
</trkpt>
<trkpt lat="36.30690194444445" lon="139.1409711111111">
<ele>60</ele>
</trkpt>
<trkpt lat="36.30694388888889" lon="139.14087111111112">
<ele>60</ele>
</trkpt>
<trkpt lat="36.306986944444446" lon="139.14077111111112">
<ele>60</ele>
</trkpt>
<trkpt lat="36.30702888888889" lon="139.14067111111112">
<ele>60</ele>
</trkpt>
<trkpt lat="36.307071944444445" lon="139.14057">
<ele>60</ele>
</trkpt>
<trkpt lat="36.307113888888885" lon="139.14047">
<ele>60</ele>
</trkpt>
<trkpt lat="36.30715694444444" lon="139.14037">
<ele>60</ele>
</trkpt>
<trkpt lat="36.30719888888889" lon="139.14027">
<ele>60</ele>
</trkpt>
<trkpt lat="36.30724194444444" lon="139.14017">
<ele>60</ele>
</trkpt>
<trkpt lat="36.30728388888889" lon="139.14007">
<ele>60</ele>
</trkpt>
<trkpt lat="36.30732694444445" lon="139.1399688888889">
<ele>60</ele>
</trkpt>
<trkpt lat="36.30736888888889" lon="139.13986888888888">
<ele>60</ele>
</trkpt>
<trkpt lat="36.307411944444446" lon="139.13976888888888">
<ele>60</ele>
</trkpt>
<trkpt lat="36.30745388888889" lon="139.13966888888888">
<ele>60</ele>
</trkpt>
<trkpt lat="36.307496944444445" lon="139.1395688888889">
<ele>60</ele>
</trkpt>
<trkpt lat="36.30753888888889" lon="139.1394688888889">
<ele>60</ele>
</trkpt>
<trkpt lat="36.30758194444444" lon="139.1393688888889">
<ele>60</ele>
</trkpt>
<trkpt lat="36.30762388888889" lon="139.13926805555556">
<ele>60</ele>
</trkpt>
<trkpt lat="36.30766694444444" lon="139.13916805555556">
<ele>60</ele>
</trkpt>
<trkpt lat="36.30768888888889" lon="139.13909611111112">
<ele>60</ele>
</trkpt>
<trkpt lat="36.30771111111111" lon="139.13902305555555">
<ele>60</ele>
</trkpt>
<trkpt lat="36.30773388888889" lon="139.1389511111111">
<ele>60</ele>
</trkpt>
<trkpt lat="36.30775611111111" lon="139.13887805555555">
<ele>60</ele>
</trkpt>
<trkpt lat="36.30777805555555" lon="139.1388061111111">
<ele>60</ele>
</trkpt>
<trkpt lat="36.30780111111111" lon="139.13873305555555">
<ele>60</ele>
</trkpt>
<trkpt lat="36.30782305555555" lon="139.1386611111111">
<ele>60</ele>
</trkpt>
<trkpt lat="36.307845" lon="139.13858805555554">
<ele>60</ele>
</trkpt>
<trkpt lat="36.30786694444444" lon="139.1385161111111">
<ele>61</ele>
</trkpt>
<trkpt lat="36.30789" lon="139.1384438888889">
<ele>61</ele>
</trkpt>
<trkpt lat="36.30791194444444" lon="139.1383711111111">
<ele>61</ele>
</trkpt>
<trkpt lat="36.30793388888889" lon="139.1382988888889">
<ele>62</ele>
</trkpt>
<trkpt lat="36.30795694444444" lon="139.13822611111112">
<ele>62</ele>
</trkpt>
<trkpt lat="36.30797888888889" lon="139.1381538888889">
<ele>62</ele>
</trkpt>
<trkpt lat="36.30800111111111" lon="139.13808111111112">
<ele>62</ele>
</trkpt>
<trkpt lat="36.30802305555556" lon="139.1380088888889">
<ele>62</ele>
</trkpt>
<trkpt lat="36.30804611111111" lon="139.13793611111112">
<ele>63</ele>
</trkpt>
<trkpt lat="36.30806805555556" lon="139.1378638888889">
<ele>63</ele>
</trkpt>
<trkpt lat="36.30809" lon="139.1377911111111">
<ele>63</ele>
</trkpt>
<trkpt lat="36.308101111111114" lon="139.13773194444445">
<ele>64</ele>
</trkpt>
<trkpt lat="36.30811194444444" lon="139.13767388888888">
<ele>64</ele>
</trkpt>
<trkpt lat="36.308121944444444" lon="139.137615">
<ele>64</ele>
</trkpt>
<trkpt lat="36.30813305555556" lon="139.1375561111111">
<ele>64</ele>
</trkpt>
<trkpt lat="36.308143055555554" lon="139.13749694444445">
<ele>65</ele>
</trkpt>
<trkpt lat="36.30815388888889" lon="139.13743805555555">
<ele>65</ele>
</trkpt>
<trkpt lat="36.308165" lon="139.1373788888889">
<ele>65</ele>
</trkpt>
<trkpt lat="36.308175" lon="139.13732">
<ele>65</ele>
</trkpt>
<trkpt lat="36.30818611111111" lon="139.13726111111112">
<ele>65</ele>
</trkpt>
<trkpt lat="36.30819694444445" lon="139.13720194444446">
<ele>65</ele>
</trkpt>
<trkpt lat="36.30820694444444" lon="139.1371438888889">
<ele>65</ele>
</trkpt>
<trkpt lat="36.30821805555556" lon="139.137085">
<ele>65</ele>
</trkpt>
<trkpt lat="36.30822805555555" lon="139.1370261111111">
<ele>65</ele>
</trkpt>
<trkpt lat="36.30823888888889" lon="139.13696694444445">
<ele>65</ele>
</trkpt>
<trkpt lat="36.30825" lon="139.13690805555555">
<ele>65</ele>
</trkpt>
<trkpt lat="36.30826" lon="139.1368488888889">
<ele>65</ele>
</trkpt>
<trkpt lat="36.30827111111111" lon="139.1367911111111">
<ele>65</ele>
</trkpt>
<trkpt lat="36.308281111111114" lon="139.13673194444445">
<ele>65</ele>
</trkpt>
<trkpt lat="36.30829194444444" lon="139.13667305555555">
<ele>65</ele>
</trkpt>
<trkpt lat="36.30830888888889" lon="139.1366211111111">
<ele>65</ele>
</trkpt>
<trkpt lat="36.308326111111114" lon="139.1365688888889">
<ele>65</ele>
</trkpt>
<trkpt lat="36.308343055555554" lon="139.13651805555557">
<ele>65</ele>
</trkpt>
<trkpt lat="36.30836" lon="139.1364661111111">
<ele>65</ele>
</trkpt>
<trkpt lat="36.30837694444445" lon="139.136415">
<ele>65</ele>
</trkpt>
<trkpt lat="36.30837888888889" lon="139.1364061111111">
<ele>65</ele>
</trkpt>
<trkpt lat="36.30840611111111" lon="139.1363611111111">
<ele>65</ele>
</trkpt>
<trkpt lat="36.30843194444444" lon="139.136315">
<ele>65</ele>
</trkpt>
<trkpt lat="36.308458055555555" lon="139.13627">
<ele>65</ele>
</trkpt>
<trkpt lat="36.30848388888889" lon="139.136225">
<ele>65</ele>
</trkpt>
<trkpt lat="36.30851111111111" lon="139.13617888888888">
<ele>65</ele>
</trkpt>
<trkpt lat="36.30853694444444" lon="139.13613388888888">
<ele>65</ele>
</trkpt>
<trkpt lat="36.30856305555555" lon="139.13608888888888">
<ele>65</ele>
</trkpt>
<trkpt lat="36.308568055555554" lon="139.13608">
<ele>65</ele>
</trkpt>
<trkpt lat="36.308596944444446" lon="139.13603805555556">
<ele>65</ele>
</trkpt>
<trkpt lat="36.30862611111111" lon="139.135995">
<ele>65</ele>
</trkpt>
<trkpt lat="36.308655" lon="139.13595305555555">
<ele>65</ele>
</trkpt>
<trkpt lat="36.308683888888886" lon="139.13591">
<ele>64</ele>
</trkpt>
<trkpt lat="36.30871305555556" lon="139.13586805555556">
<ele>64</ele>
</trkpt>
<trkpt lat="36.30874194444444" lon="139.135825">
<ele>64</ele>
</trkpt>
<trkpt lat="36.30877111111111" lon="139.13578305555555">
<ele>63</ele>
</trkpt>
<trkpt lat="36.3088" lon="139.13574">
<ele>63</ele>
</trkpt>
<trkpt lat="36.30882888888889" lon="139.13569805555557">
<ele>63</ele>
</trkpt>
<trkpt lat="36.308858055555554" lon="139.135655">
<ele>63</ele>
</trkpt>
<trkpt lat="36.308888055555556" lon="139.13561194444443">
<ele>63</ele>
</trkpt>
<trkpt lat="36.30891611111111" lon="139.13557">
<ele>63</ele>
</trkpt>
<trkpt lat="36.30894611111111" lon="139.13552805555557">
<ele>63</ele>
</trkpt>
<trkpt lat="36.308973888888886" lon="139.135485">
<ele>63</ele>
</trkpt>
<trkpt lat="36.30900388888889" lon="139.13544194444444">
<ele>63</ele>
</trkpt>
<trkpt lat="36.30903194444444" lon="139.1354">
<ele>63</ele>
</trkpt>
<trkpt lat="36.309061944444444" lon="139.13535805555554">
<ele>63</ele>
</trkpt>
<trkpt lat="36.30909111111111" lon="139.135315">
<ele>63</ele>
</trkpt>
<trkpt lat="36.30909194444445" lon="139.13531194444445">
<ele>63</ele>
</trkpt>
<trkpt lat="36.309131111111114" lon="139.13528305555556">
<ele>63</ele>
</trkpt>
<trkpt lat="36.30916805555555" lon="139.13525305555555">
<ele>63</ele>
</trkpt>
<trkpt lat="36.30920611111111" lon="139.13522305555554">
<ele>63</ele>
</trkpt>
<trkpt lat="36.309243888888886" lon="139.13519305555556">
<ele>62</ele>
</trkpt>
<trkpt lat="36.30928194444444" lon="139.13516388888888">
<ele>62</ele>
</trkpt>
<trkpt lat="36.30932" lon="139.1351338888889">
<ele>62</ele>
</trkpt>
<trkpt lat="36.309358055555556" lon="139.1351038888889">
<ele>62</ele>
</trkpt>
<trkpt lat="36.30939611111111" lon="139.13507388888888">
<ele>62</ele>
</trkpt>
<trkpt lat="36.30943388888889" lon="139.1350438888889">
<ele>62</ele>
</trkpt>
<trkpt lat="36.30947194444445" lon="139.135015">
<ele>62</ele>
</trkpt>
<trkpt lat="36.30951" lon="139.134985">
<ele>62</ele>
</trkpt>
<trkpt lat="36.30954805555555" lon="139.134955">
<ele>62</ele>
</trkpt>
<trkpt lat="36.30958611111111" lon="139.1349261111111">
<ele>62</ele>
</trkpt>
<trkpt lat="36.309623888888886" lon="139.13489611111112">
<ele>62</ele>
</trkpt>
<trkpt lat="36.30966194444444" lon="139.1348661111111">
<ele>62</ele>
</trkpt>
<trkpt lat="36.3097" lon="139.1348361111111">
<ele>62</ele>
</trkpt>
<trkpt lat="36.30973111111111" lon="139.13481194444444">
<ele>62</ele>
</trkpt>
<trkpt lat="36.30975611111111" lon="139.1347661111111">
<ele>62</ele>
</trkpt>
<trkpt lat="36.309781944444445" lon="139.1347188888889">
<ele>62</ele>
</trkpt>
<trkpt lat="36.309806944444446" lon="139.13467305555557">
<ele>62</ele>
</trkpt>
<trkpt lat="36.30983194444445" lon="139.13462694444445">
<ele>62</ele>
</trkpt>
<trkpt lat="36.30985694444445" lon="139.13458111111112">
<ele>62</ele>
</trkpt>
<trkpt lat="36.30988194444444" lon="139.13453388888888">
<ele>63</ele>
</trkpt>
<trkpt lat="36.30990694444444" lon="139.13448805555555">
<ele>63</ele>
</trkpt>
<trkpt lat="36.30992611111111" lon="139.13445305555555">
<ele>63</ele>
</trkpt>
<trkpt lat="36.31005888888889" lon="139.13412888888888">
<ele>63</ele>
</trkpt>
<trkpt lat="36.31019194444445" lon="139.1338061111111">
<ele>64</ele>
</trkpt>
<trkpt lat="36.31032611111111" lon="139.13348305555556">
<ele>64</ele>
</trkpt>
<trkpt lat="36.31045888888889" lon="139.13316">
<ele>64</ele>
</trkpt>
<trkpt lat="36.31059194444445" lon="139.13283611111112">
<ele>64</ele>
</trkpt>
<trkpt lat="36.310725" lon="139.13251305555556">
<ele>64</ele>
</trkpt>
<trkpt lat="36.310858055555556" lon="139.13219">
<ele>64</ele>
</trkpt>
<trkpt lat="36.310991111111115" lon="139.13186611111112">
<ele>64</ele>
</trkpt>
<trkpt lat="36.311123888888886" lon="139.13154305555557">
<ele>64</ele>
</trkpt>
<trkpt lat="36.311256944444445" lon="139.13122">
<ele>65</ele>
</trkpt>
<trkpt lat="36.31139" lon="139.13089694444446">
<ele>65</ele>
</trkpt>
<trkpt lat="36.311523888888885" lon="139.13057305555554">
<ele>65</ele>
</trkpt>
<trkpt lat="36.311656944444444" lon="139.13025">
<ele>66</ele>
</trkpt>
<trkpt lat="36.31179" lon="139.12992694444443">
<ele>66</ele>
</trkpt>
<trkpt lat="36.31192305555555" lon="139.12960305555555">
<ele>66</ele>
</trkpt>
<trkpt lat="36.31205611111111" lon="139.12928">
<ele>67</ele>
</trkpt>
<trkpt lat="36.31218888888889" lon="139.12895694444444">
<ele>67</ele>
</trkpt>
<trkpt lat="36.31232194444444" lon="139.12863388888888">
<ele>67</ele>
</trkpt>
<trkpt lat="36.312455" lon="139.12831">
<ele>67</ele>
</trkpt>
<trkpt lat="36.31246194444444" lon="139.1282388888889">
<ele>67</ele>
</trkpt>
<trkpt lat="36.31246888888889" lon="139.1281688888889">
<ele>67</ele>
</trkpt>
<trkpt lat="36.31247611111111" lon="139.12809805555557">
<ele>67</ele>
</trkpt>
<trkpt lat="36.31248305555555" lon="139.12802694444446">
<ele>67</ele>
</trkpt>
<trkpt lat="36.312491111111115" lon="139.12795694444443">
<ele>67</ele>
</trkpt>
<trkpt lat="36.31249805555556" lon="139.1278861111111">
<ele>67</ele>
</trkpt>
<trkpt lat="36.312505" lon="139.127815">
<ele>67</ele>
</trkpt>
<trkpt lat="36.312511944444445" lon="139.1277438888889">
<ele>67</ele>
</trkpt>
<trkpt lat="36.31251888888889" lon="139.1276738888889">
<ele>67</ele>
</trkpt>
<trkpt lat="36.31252611111111" lon="139.12760305555557">
<ele>66</ele>
</trkpt>
<trkpt lat="36.312533055555555" lon="139.12753194444446">
<ele>66</ele>
</trkpt>
<trkpt lat="36.31254" lon="139.1274611111111">
<ele>66</ele>
</trkpt>
<trkpt lat="36.31254694444444" lon="139.1273911111111">
<ele>66</ele>
</trkpt>
<trkpt lat="36.312553888888885" lon="139.12732">
<ele>66</ele>
</trkpt>
<trkpt lat="36.31256111111111" lon="139.1272488888889">
<ele>66</ele>
</trkpt>
<trkpt lat="36.31256805555556" lon="139.1271788888889">
<ele>66</ele>
</trkpt>
<trkpt lat="36.31257611111111" lon="139.12710805555557">
<ele>66</ele>
</trkpt>
<trkpt lat="36.312581944444446" lon="139.12703694444446">
<ele>66</ele>
</trkpt>
<trkpt lat="36.31259" lon="139.1269661111111">
<ele>66</ele>
</trkpt>
<trkpt lat="36.31260888888889" lon="139.12701694444445">
<ele>66</ele>
</trkpt>
<trkpt lat="36.31262111111111" lon="139.12704888888888">
<ele>66</ele>
</trkpt>
<trkpt lat="36.312626944444446" lon="139.12710388888888">
<ele>66</ele>
</trkpt>
<trkpt lat="36.31263111111111" lon="139.12714888888888">
<ele>66</ele>
</trkpt>
<trkpt lat="36.31262805555556" lon="139.127205">
<ele>66</ele>
</trkpt>
<trkpt lat="36.312625" lon="139.12726">
<ele>66</ele>
</trkpt>
<trkpt lat="36.312621944444444" lon="139.1273161111111">
<ele>66</ele>
</trkpt>
<trkpt lat="36.31261888888889" lon="139.1273711111111">
<ele>66</ele>
</trkpt>
<trkpt lat="36.31261611111111" lon="139.12742694444444">
<ele>66</ele>
</trkpt>
<trkpt lat="36.31261194444444" lon="139.12748305555556">
<ele>66</ele>
</trkpt>
<trkpt lat="36.31260888888889" lon="139.12753805555556">
<ele>66</ele>
</trkpt>
<trkpt lat="36.31260611111111" lon="139.1275938888889">
<ele>66</ele>
</trkpt>
<trkpt lat="36.312603055555556" lon="139.1276488888889">
<ele>66</ele>
</trkpt>
<trkpt lat="36.312601111111114" lon="139.12768305555556">
<ele>66</ele>
</trkpt>
<trkpt lat="36.31260888888889" lon="139.12773805555557">
<ele>66</ele>
</trkpt>
<trkpt lat="36.31261111111111" lon="139.12775">
<ele>66</ele>
</trkpt>
<trkpt lat="36.31263805555555" lon="139.12777888888888">
<ele>67</ele>
</trkpt>
<trkpt lat="36.312663055555554" lon="139.12773305555555">
<ele>66</ele>
</trkpt>
<trkpt lat="36.312665" lon="139.1277288888889">
<ele>66</ele>
</trkpt>
<trkpt lat="36.312668055555555" lon="139.12767305555556">
<ele>66</ele>
</trkpt>
<trkpt lat="36.31267" lon="139.12761805555556">
<ele>66</ele>
</trkpt>
<trkpt lat="36.312671944444446" lon="139.12756194444444">
<ele>66</ele>
</trkpt>
<trkpt lat="36.312675" lon="139.1275061111111">
<ele>66</ele>
</trkpt>
<trkpt lat="36.31267694444445" lon="139.1274511111111">
<ele>66</ele>
</trkpt>
<trkpt lat="36.31268" lon="139.127395">
<ele>66</ele>
</trkpt>
<trkpt lat="36.31268194444444" lon="139.1273388888889">
<ele>66</ele>
</trkpt>
<trkpt lat="36.312685" lon="139.12728388888888">
<ele>66</ele>
</trkpt>
<trkpt lat="36.312686944444444" lon="139.12722805555555">
<ele>66</ele>
</trkpt>
<trkpt lat="36.312688888888886" lon="139.12717194444446">
<ele>66</ele>
</trkpt>
<trkpt lat="36.312691944444445" lon="139.12711694444445">
<ele>66</ele>
</trkpt>
<trkpt lat="36.31269388888889" lon="139.12706111111112">
<ele>66</ele>
</trkpt>
<trkpt lat="36.31269694444445" lon="139.12700611111111">
<ele>66</ele>
</trkpt>
<trkpt lat="36.31269888888889" lon="139.1269661111111">
<ele>66</ele>
</trkpt>
<trkpt lat="36.31269805555556" lon="139.12691">
<ele>66</ele>
</trkpt>
<trkpt lat="36.31269694444445" lon="139.1268538888889">
<ele>66</ele>
</trkpt>
<trkpt lat="36.31269611111111" lon="139.12679805555555">
<ele>66</ele>
</trkpt>
<trkpt lat="36.31269388888889" lon="139.12674194444443">
<ele>66</ele>
</trkpt>
<trkpt lat="36.312693055555556" lon="139.12668694444446">
<ele>66</ele>
</trkpt>
<trkpt lat="36.312691944444445" lon="139.12663111111112">
<ele>66</ele>
</trkpt>
<trkpt lat="36.312691944444445" lon="139.12661111111112">
<ele>66</ele>
</trkpt>
<trkpt lat="36.31269888888889" lon="139.1265561111111">
<ele>66</ele>
</trkpt>
<trkpt lat="36.31270194444444" lon="139.12652694444444">
<ele>66</ele>
</trkpt>
<trkpt lat="36.31272611111111" lon="139.12648">
<ele>66</ele>
</trkpt>
<trkpt lat="36.31274194444445" lon="139.12644805555556">
<ele>66</ele>
</trkpt>
<trkpt lat="36.312778055555555" lon="139.1264138888889">
<ele>66</ele>
</trkpt>
<trkpt lat="36.31281388888889" lon="139.1263811111111">
<ele>66</ele>
</trkpt>
<trkpt lat="36.312823055555555" lon="139.12637305555555">
<ele>66</ele>
</trkpt>
<trkpt lat="36.312846111111114" lon="139.126325">
<ele>66</ele>
</trkpt>
<trkpt lat="36.31286305555555" lon="139.1262888888889">
<ele>66</ele>
</trkpt>
<trkpt lat="36.312873055555556" lon="139.126235">
<ele>66</ele>
</trkpt>
<trkpt lat="36.31288305555555" lon="139.12618111111112">
<ele>66</ele>
</trkpt>
<trkpt lat="36.312891944444445" lon="139.12612611111112">
<ele>66</ele>
</trkpt>
<trkpt lat="36.31290194444444" lon="139.12607194444445">
<ele>66</ele>
</trkpt>
<trkpt lat="36.31290694444444" lon="139.12604305555556">
<ele>66</ele>
</trkpt>
<trkpt lat="36.31290388888889" lon="139.12598805555555">
<ele>66</ele>
</trkpt>
<trkpt lat="36.31290111111111" lon="139.125935">
<ele>66</ele>
</trkpt>
<trkpt lat="36.31287694444445" lon="139.12588694444443">
<ele>66</ele>
</trkpt>
<trkpt lat="36.31285388888889" lon="139.1258388888889">
<ele>66</ele>
</trkpt>
<trkpt lat="36.31283111111111" lon="139.1257911111111">
<ele>66</ele>
</trkpt>
<trkpt lat="36.31280805555556" lon="139.12574388888888">
<ele>66</ele>
</trkpt>
<trkpt lat="36.31278888888889" lon="139.125705">
<ele>66</ele>
</trkpt>
<trkpt lat="36.312776944444444" lon="139.12565194444446">
<ele>66</ele>
</trkpt>
<trkpt lat="36.312765" lon="139.12559805555554">
<ele>66</ele>
</trkpt>
<trkpt lat="36.31275611111111" lon="139.1255588888889">
<ele>66</ele>
</trkpt>
<trkpt lat="36.31276111111111" lon="139.1255038888889">
<ele>66</ele>
</trkpt>
<trkpt lat="36.31276694444445" lon="139.12544888888888">
<ele>66</ele>
</trkpt>
<trkpt lat="36.31277305555555" lon="139.12539305555555">
<ele>66</ele>
</trkpt>
<trkpt lat="36.312778055555555" lon="139.12533805555555">
<ele>66</ele>
</trkpt>
<trkpt lat="36.31278388888889" lon="139.12528305555554">
<ele>66</ele>
</trkpt>
<trkpt lat="36.31279" lon="139.12522694444445">
<ele>66</ele>
</trkpt>
<trkpt lat="36.312795" lon="139.12517194444445">
<ele>66</ele>
</trkpt>
<trkpt lat="36.31280111111111" lon="139.12511694444444">
<ele>66</ele>
</trkpt>
<trkpt lat="36.312806944444446" lon="139.1250611111111">
<ele>66</ele>
</trkpt>
<trkpt lat="36.31281194444445" lon="139.1250061111111">
<ele>66</ele>
</trkpt>
<trkpt lat="36.31281805555555" lon="139.1249511111111">
<ele>66</ele>
</trkpt>
<trkpt lat="36.312823888888886" lon="139.1248961111111">
<ele>66</ele>
</trkpt>
<trkpt lat="36.31282888888889" lon="139.12484">
<ele>66</ele>
</trkpt>
<trkpt lat="36.312835" lon="139.124785">
<ele>66</ele>
</trkpt>
<trkpt lat="36.31284111111111" lon="139.12473">
<ele>67</ele>
</trkpt>
<trkpt lat="36.312846111111114" lon="139.12467388888888">
<ele>67</ele>
</trkpt>
<trkpt lat="36.31285" lon="139.12463694444443">
<ele>67</ele>
</trkpt>
<trkpt lat="36.312851944444446" lon="139.1245811111111">
<ele>67</ele>
</trkpt>
<trkpt lat="36.31285305555556" lon="139.12452611111112">
<ele>67</ele>
</trkpt>
<trkpt lat="36.312855" lon="139.12447">
<ele>67</ele>
</trkpt>
<trkpt lat="36.31285694444444" lon="139.12441388888888">
<ele>67</ele>
</trkpt>
<trkpt lat="36.31285888888889" lon="139.12435805555555">
<ele>67</ele>
</trkpt>
<trkpt lat="36.31286" lon="139.12430305555554">
<ele>67</ele>
</trkpt>
<trkpt lat="36.31286194444444" lon="139.12424694444445">
<ele>67</ele>
</trkpt>
<trkpt lat="36.31286388888889" lon="139.12419111111112">
<ele>67</ele>
</trkpt>
<trkpt lat="36.31286611111111" lon="139.1241361111111">
<ele>67</ele>
</trkpt>
<trkpt lat="36.312866944444444" lon="139.12408">
<ele>67</ele>
</trkpt>
<trkpt lat="36.312868888888886" lon="139.1240238888889">
<ele>67</ele>
</trkpt>
<trkpt lat="36.312871111111114" lon="139.1239688888889">
<ele>67</ele>
</trkpt>
<trkpt lat="36.312871944444446" lon="139.12391305555556">
<ele>67</ele>
</trkpt>
<trkpt lat="36.31287388888889" lon="139.12385694444444">
<ele>67</ele>
</trkpt>
<trkpt lat="36.31287611111111" lon="139.1238011111111">
<ele>67</ele>
</trkpt>
<trkpt lat="36.31287694444445" lon="139.123765">
<ele>67</ele>
</trkpt>
<trkpt lat="36.31287388888889" lon="139.1237088888889">
<ele>67</ele>
</trkpt>
<trkpt lat="36.312871944444446" lon="139.12365305555556">
<ele>67</ele>
</trkpt>
<trkpt lat="36.312868888888886" lon="139.12359805555556">
<ele>67</ele>
</trkpt>
<trkpt lat="36.31286611111111" lon="139.12354194444444">
<ele>68</ele>
</trkpt>
<trkpt lat="36.31286388888889" lon="139.12348694444444">
<ele>68</ele>
</trkpt>
<trkpt lat="36.31286111111111" lon="139.1234311111111">
<ele>68</ele>
</trkpt>
<trkpt lat="36.31285805555556" lon="139.123375">
<ele>68</ele>
</trkpt>
<trkpt lat="36.31285611111111" lon="139.12332">
<ele>68</ele>
</trkpt>
<trkpt lat="36.31285305555556" lon="139.12326388888889">
<ele>68</ele>
</trkpt>
<trkpt lat="36.31285111111111" lon="139.12320805555555">
<ele>68</ele>
</trkpt>
<trkpt lat="36.312848055555556" lon="139.12315305555555">
<ele>68</ele>
</trkpt>
<trkpt lat="36.312846944444445" lon="139.1231261111111">
<ele>68</ele>
</trkpt>
<trkpt lat="36.31284194444444" lon="139.12307">
<ele>68</ele>
</trkpt>
<trkpt lat="36.31283805555555" lon="139.1230138888889">
<ele>68</ele>
</trkpt>
<trkpt lat="36.31283305555556" lon="139.12295805555556">
<ele>68</ele>
</trkpt>
<trkpt lat="36.31282888888889" lon="139.1229011111111">
<ele>68</ele>
</trkpt>
<trkpt lat="36.312823888888886" lon="139.122845">
<ele>68</ele>
</trkpt>
<trkpt lat="36.31282" lon="139.1227888888889">
<ele>68</ele>
</trkpt>
<trkpt lat="36.31281611111111" lon="139.12273305555556">
<ele>68</ele>
</trkpt>
<trkpt lat="36.31281111111111" lon="139.1226761111111">
<ele>68</ele>
</trkpt>
<trkpt lat="36.312806944444446" lon="139.12262">
<ele>68</ele>
</trkpt>
<trkpt lat="36.312801944444445" lon="139.1225638888889">
<ele>68</ele>
</trkpt>
<trkpt lat="36.312798055555554" lon="139.12250805555556">
<ele>68</ele>
</trkpt>
<trkpt lat="36.31279388888889" lon="139.12245194444444">
<ele>68</ele>
</trkpt>
<trkpt lat="36.31278888888889" lon="139.122395">
<ele>68</ele>
</trkpt>
<trkpt lat="36.312785" lon="139.1223388888889">
<ele>68</ele>
</trkpt>
<trkpt lat="36.31278" lon="139.12228305555556">
<ele>68</ele>
</trkpt>
<trkpt lat="36.31277611111111" lon="139.12222694444444">
<ele>69</ele>
</trkpt>
<trkpt lat="36.31277111111111" lon="139.1221711111111">
<ele>69</ele>
</trkpt>
<trkpt lat="36.31276694444445" lon="139.1221138888889">
<ele>69</ele>
</trkpt>
<trkpt lat="36.312761944444446" lon="139.12205805555556">
<ele>68</ele>
</trkpt>
<trkpt lat="36.31275388888889" lon="139.12200305555555">
<ele>68</ele>
</trkpt>
<trkpt lat="36.312745" lon="139.12194888888888">
<ele>69</ele>
</trkpt>
<trkpt lat="36.312736111111114" lon="139.12189388888888">
<ele>69</ele>
</trkpt>
<trkpt lat="36.31272805555555" lon="139.1218388888889">
<ele>69</ele>
</trkpt>
<trkpt lat="36.31271888888889" lon="139.121785">
<ele>69</ele>
</trkpt>
<trkpt lat="36.31271" lon="139.12173">
<ele>69</ele>
</trkpt>
<trkpt lat="36.31270111111111" lon="139.121675">
<ele>69</ele>
</trkpt>
<trkpt lat="36.312691944444445" lon="139.12162111111112">
<ele>69</ele>
</trkpt>
<trkpt lat="36.31268388888889" lon="139.12156611111112">
<ele>69</ele>
</trkpt>
<trkpt lat="36.312675" lon="139.12151111111112">
<ele>69</ele>
</trkpt>
<trkpt lat="36.31266611111111" lon="139.12145694444445">
<ele>69</ele>
</trkpt>
<trkpt lat="36.31265805555555" lon="139.12140194444444">
<ele>69</ele>
</trkpt>
<trkpt lat="36.312655" lon="139.12138611111112">
<ele>69</ele>
</trkpt>
<trkpt lat="36.31264" lon="139.1213338888889">
<ele>69</ele>
</trkpt>
<trkpt lat="36.312625" lon="139.1212811111111">
<ele>69</ele>
</trkpt>
<trkpt lat="36.31261" lon="139.12122888888888">
<ele>69</ele>
</trkpt>
<trkpt lat="36.31259388888889" lon="139.1211761111111">
<ele>69</ele>
</trkpt>
<trkpt lat="36.312578888888886" lon="139.1211238888889">
<ele>69</ele>
</trkpt>
<trkpt lat="36.31257111111111" lon="139.12109388888888">
<ele>69</ele>
</trkpt>
<trkpt lat="36.31254111111111" lon="139.12105305555556">
<ele>69</ele>
</trkpt>
<trkpt lat="36.31253111111111" lon="139.12104">
<ele>69</ele>
</trkpt>
<trkpt lat="36.31252" lon="139.1209861111111">
<ele>69</ele>
</trkpt>
<trkpt lat="36.312508888888885" lon="139.1209311111111">
<ele>69</ele>
</trkpt>
<trkpt lat="36.31249888888889" lon="139.12087694444443">
<ele>69</ele>
</trkpt>
<trkpt lat="36.312488055555555" lon="139.12082305555555">
<ele>69</ele>
</trkpt>
<trkpt lat="36.31247694444444" lon="139.12076888888888">
<ele>68</ele>
</trkpt>
<trkpt lat="36.312466944444445" lon="139.120715">
<ele>68</ele>
</trkpt>
<trkpt lat="36.312463055555554" lon="139.12069805555555">
<ele>68</ele>
</trkpt>
<trkpt lat="36.31246194444444" lon="139.12064194444446">
<ele>68</ele>
</trkpt>
<trkpt lat="36.31246" lon="139.12058611111112">
<ele>68</ele>
</trkpt>
<trkpt lat="36.31245888888889" lon="139.12053111111112">
<ele>68</ele>
</trkpt>
<trkpt lat="36.31245694444444" lon="139.120475">
<ele>68</ele>
</trkpt>
<trkpt lat="36.312455" lon="139.12041888888888">
<ele>68</ele>
</trkpt>
<trkpt lat="36.31245388888889" lon="139.12036305555554">
<ele>68</ele>
</trkpt>
<trkpt lat="36.31245194444445" lon="139.12030805555557">
<ele>68</ele>
</trkpt>
<trkpt lat="36.31245111111111" lon="139.12025194444445">
<ele>68</ele>
</trkpt>
<trkpt lat="36.31244888888889" lon="139.1201961111111">
<ele>69</ele>
</trkpt>
<trkpt lat="36.312446944444446" lon="139.1201411111111">
<ele>69</ele>
</trkpt>
<trkpt lat="36.312446111111115" lon="139.12011305555555">
<ele>69</ele>
</trkpt>
<trkpt lat="36.312443055555555" lon="139.12005805555555">
<ele>69</ele>
</trkpt>
<trkpt lat="36.31244" lon="139.12000194444445">
<ele>69</ele>
</trkpt>
<trkpt lat="36.31243611111111" lon="139.11994694444445">
<ele>70</ele>
</trkpt>
<trkpt lat="36.31243305555556" lon="139.11989111111112">
<ele>70</ele>
</trkpt>
<trkpt lat="36.31242888888889" lon="139.1198361111111">
<ele>70</ele>
</trkpt>
<trkpt lat="36.31242611111111" lon="139.11978">
<ele>70</ele>
</trkpt>
<trkpt lat="36.312421944444445" lon="139.1197238888889">
<ele>70</ele>
</trkpt>
<trkpt lat="36.31241888888889" lon="139.1196688888889">
<ele>70</ele>
</trkpt>
<trkpt lat="36.31241611111111" lon="139.11962111111112">
<ele>70</ele>
</trkpt>
<trkpt lat="36.31241694444444" lon="139.119565">
<ele>70</ele>
</trkpt>
<trkpt lat="36.312418055555554" lon="139.1195088888889">
<ele>70</ele>
</trkpt>
<trkpt lat="36.312418055555554" lon="139.1194538888889">
<ele>70</ele>
</trkpt>
<trkpt lat="36.31241888888889" lon="139.11939805555556">
<ele>70</ele>
</trkpt>
<trkpt lat="36.31242" lon="139.11934194444444">
<ele>70</ele>
</trkpt>
<trkpt lat="36.31242" lon="139.11928694444444">
<ele>70</ele>
</trkpt>
<trkpt lat="36.312421111111114" lon="139.1192311111111">
<ele>70</ele>
</trkpt>
<trkpt lat="36.312421944444445" lon="139.119175">
<ele>70</ele>
</trkpt>
<trkpt lat="36.312421944444445" lon="139.1191188888889">
<ele>70</ele>
</trkpt>
<trkpt lat="36.312423055555556" lon="139.1190638888889">
<ele>70</ele>
</trkpt>
<trkpt lat="36.31242388888889" lon="139.11900805555555">
<ele>70</ele>
</trkpt>
<trkpt lat="36.31242388888889" lon="139.11895194444443">
<ele>70</ele>
</trkpt>
<trkpt lat="36.312425" lon="139.1188961111111">
<ele>70</ele>
</trkpt>
<trkpt lat="36.31242611111111" lon="139.11884111111112">
<ele>70</ele>
</trkpt>
<trkpt lat="36.31242611111111" lon="139.11878611111112">
<ele>70</ele>
</trkpt>
<trkpt lat="36.31243194444444" lon="139.11873111111112">
<ele>70</ele>
</trkpt>
<trkpt lat="36.31243694444444" lon="139.1186761111111">
<ele>70</ele>
</trkpt>
<trkpt lat="36.312441944444444" lon="139.11862">
<ele>70</ele>
</trkpt>
<trkpt lat="36.312448055555556" lon="139.118565">
<ele>69</ele>
</trkpt>
<trkpt lat="36.31245305555556" lon="139.11851">
<ele>69</ele>
</trkpt>
<trkpt lat="36.31245805555555" lon="139.1184538888889">
<ele>69</ele>
</trkpt>
<trkpt lat="36.31246388888889" lon="139.1183988888889">
<ele>69</ele>
</trkpt>
<trkpt lat="36.31246888888889" lon="139.1183438888889">
<ele>69</ele>
</trkpt>
<trkpt lat="36.31247388888889" lon="139.11828805555555">
<ele>69</ele>
</trkpt>
<trkpt lat="36.31247888888889" lon="139.11823305555555">
<ele>69</ele>
</trkpt>
<trkpt lat="36.312485" lon="139.11817805555555">
<ele>69</ele>
</trkpt>
<trkpt lat="36.31249" lon="139.11812194444445">
<ele>69</ele>
</trkpt>
<trkpt lat="36.31249611111111" lon="139.11806694444445">
<ele>69</ele>
</trkpt>
<trkpt lat="36.31250111111111" lon="139.11801111111112">
<ele>69</ele>
</trkpt>
<trkpt lat="36.31250611111111" lon="139.1179561111111">
<ele>70</ele>
</trkpt>
<trkpt lat="36.312511111111114" lon="139.1179011111111">
<ele>70</ele>
</trkpt>
<trkpt lat="36.31251388888889" lon="139.11787694444445">
<ele>70</ele>
</trkpt>
<trkpt lat="36.31251611111111" lon="139.1178211111111">
<ele>70</ele>
</trkpt>
<trkpt lat="36.31251805555556" lon="139.117765">
<ele>70</ele>
</trkpt>
<trkpt lat="36.31251888888889" lon="139.11771">
<ele>70</ele>
</trkpt>
<trkpt lat="36.31252111111111" lon="139.1176538888889">
<ele>70</ele>
</trkpt>
<trkpt lat="36.31252305555556" lon="139.11759805555556">
<ele>70</ele>
</trkpt>
<trkpt lat="36.312525" lon="139.11754194444444">
<ele>70</ele>
</trkpt>
<trkpt lat="36.31252694444444" lon="139.11748694444444">
<ele>70</ele>
</trkpt>
<trkpt lat="36.31252888888889" lon="139.1174311111111">
<ele>70</ele>
</trkpt>
<trkpt lat="36.31253111111111" lon="139.1173761111111">
<ele>70</ele>
</trkpt>
<trkpt lat="36.312531944444444" lon="139.11732">
<ele>70</ele>
</trkpt>
<trkpt lat="36.312533888888886" lon="139.11726388888889">
<ele>70</ele>
</trkpt>
<trkpt lat="36.31253611111111" lon="139.11720805555555">
<ele>70</ele>
</trkpt>
<trkpt lat="36.31253805555556" lon="139.11715305555555">
<ele>70</ele>
</trkpt>
<trkpt lat="36.31254" lon="139.11709694444446">
<ele>70</ele>
</trkpt>
<trkpt lat="36.31254194444445" lon="139.11704111111112">
<ele>70</ele>
</trkpt>
<trkpt lat="36.31254388888889" lon="139.11698611111112">
<ele>70</ele>
</trkpt>
<trkpt lat="36.31254611111111" lon="139.11693">
<ele>70</ele>
</trkpt>
<trkpt lat="36.31254805555555" lon="139.116875">
<ele>70</ele>
</trkpt>
<trkpt lat="36.312556944444445" lon="139.1168211111111">
<ele>70</ele>
</trkpt>
<trkpt lat="36.31256611111111" lon="139.1167661111111">
<ele>70</ele>
</trkpt>
<trkpt lat="36.312575" lon="139.11671194444443">
<ele>70</ele>
</trkpt>
<trkpt lat="36.312585" lon="139.11665694444446">
<ele>70</ele>
</trkpt>
<trkpt lat="36.31259388888889" lon="139.11660194444445">
<ele>70</ele>
</trkpt>
<trkpt lat="36.31259388888889" lon="139.1166">
<ele>70</ele>
</trkpt>
<trkpt lat="36.31261" lon="139.11654694444445">
<ele>70</ele>
</trkpt>
<trkpt lat="36.312625" lon="139.116495">
<ele>70</ele>
</trkpt>
<trkpt lat="36.31264" lon="139.11644194444443">
<ele>70</ele>
</trkpt>
<trkpt lat="36.312655" lon="139.11639">
<ele>70</ele>
</trkpt>
<trkpt lat="36.31267111111111" lon="139.11633805555556">
<ele>70</ele>
</trkpt>
<trkpt lat="36.31268611111111" lon="139.116285">
<ele>70</ele>
</trkpt>
<trkpt lat="36.31269888888889" lon="139.11624111111112">
<ele>70</ele>
</trkpt>
<trkpt lat="36.31271805555556" lon="139.11619">
<ele>70</ele>
</trkpt>
<trkpt lat="36.312736944444445" lon="139.11614">
<ele>70</ele>
</trkpt>
<trkpt lat="36.31275611111111" lon="139.1160888888889">
<ele>70</ele>
</trkpt>
<trkpt lat="36.312775" lon="139.11603888888888">
<ele>70</ele>
</trkpt>
<trkpt lat="36.31279388888889" lon="139.1159888888889">
<ele>70</ele>
</trkpt>
<trkpt lat="36.31281305555556" lon="139.11593805555555">
<ele>70</ele>
</trkpt>
<trkpt lat="36.31283194444445" lon="139.11588805555556">
<ele>70</ele>
</trkpt>
<trkpt lat="36.31284194444444" lon="139.11586194444445">
<ele>70</ele>
</trkpt>
<trkpt lat="36.312871111111114" lon="139.11580194444446">
<ele>70</ele>
</trkpt>
<trkpt lat="36.31289888888889" lon="139.11574305555555">
<ele>70</ele>
</trkpt>
<trkpt lat="36.31292805555555" lon="139.11568305555556">
<ele>70</ele>
</trkpt>
<trkpt lat="36.31295611111111" lon="139.11562305555555">
<ele>70</ele>
</trkpt>
<trkpt lat="36.312985" lon="139.11556305555555">
<ele>70</ele>
</trkpt>
<trkpt lat="36.31301388888889" lon="139.1155038888889">
<ele>70</ele>
</trkpt>
<trkpt lat="36.31304194444444" lon="139.11544388888888">
<ele>70</ele>
</trkpt>
<trkpt lat="36.313071111111114" lon="139.11538388888889">
<ele>70</ele>
</trkpt>
<trkpt lat="36.3131" lon="139.1153238888889">
<ele>70</ele>
</trkpt>
<trkpt lat="36.31312888888889" lon="139.115265">
<ele>70</ele>
</trkpt>
<trkpt lat="36.313156944444444" lon="139.115205">
<ele>70</ele>
</trkpt>
<trkpt lat="36.31318611111111" lon="139.115145">
<ele>70</ele>
</trkpt>
<trkpt lat="36.31321388888889" lon="139.1150861111111">
<ele>70</ele>
</trkpt>
<trkpt lat="36.31324305555555" lon="139.11502611111112">
<ele>70</ele>
</trkpt>
<trkpt lat="36.313271944444445" lon="139.1149661111111">
<ele>70</ele>
</trkpt>
<trkpt lat="36.31330111111111" lon="139.1149061111111">
<ele>70</ele>
</trkpt>
<trkpt lat="36.31332888888889" lon="139.11484694444445">
<ele>70</ele>
</trkpt>
<trkpt lat="36.313358055555554" lon="139.11478694444443">
<ele>70</ele>
</trkpt>
<trkpt lat="36.313386944444446" lon="139.11472694444444">
<ele>70</ele>
</trkpt>
<trkpt lat="36.31342611111111" lon="139.11466194444444">
<ele>70</ele>
</trkpt>
<trkpt lat="36.313465" lon="139.11459694444446">
<ele>70</ele>
</trkpt>
<trkpt lat="36.31350388888889" lon="139.11453194444445">
<ele>70</ele>
</trkpt>
<trkpt lat="36.31354388888889" lon="139.11446694444444">
<ele>70</ele>
</trkpt>
<trkpt lat="36.313583055555554" lon="139.11440194444444">
<ele>70</ele>
</trkpt>
<trkpt lat="36.31362194444444" lon="139.11433694444443">
<ele>70</ele>
</trkpt>
<trkpt lat="36.31366194444445" lon="139.11427194444445">
<ele>70</ele>
</trkpt>
<trkpt lat="36.31370111111111" lon="139.11420694444445">
<ele>70</ele>
</trkpt>
<trkpt lat="36.31374" lon="139.11414194444444">
<ele>70</ele>
</trkpt>
<trkpt lat="36.31377888888889" lon="139.11407694444443">
<ele>70</ele>
</trkpt>
<trkpt lat="36.31381888888889" lon="139.11401194444446">
<ele>70</ele>
</trkpt>
<trkpt lat="36.313858055555556" lon="139.11394694444445">
<ele>70</ele>
</trkpt>
<trkpt lat="36.313896944444444" lon="139.11388194444444">
<ele>71</ele>
</trkpt>
<trkpt lat="36.31393694444444" lon="139.11381694444444">
<ele>71</ele>
</trkpt>
<trkpt lat="36.31397611111111" lon="139.11375194444443">
<ele>71</ele>
</trkpt>
<trkpt lat="36.314015" lon="139.11368694444445">
<ele>71</ele>
</trkpt>
<trkpt lat="36.314053888888886" lon="139.11362194444445">
<ele>71</ele>
</trkpt>
<trkpt lat="36.31409388888889" lon="139.11355694444444">
<ele>71</ele>
</trkpt>
<trkpt lat="36.31413305555556" lon="139.11349194444443">
<ele>71</ele>
</trkpt>
<trkpt lat="36.314208055555554" lon="139.1133888888889">
<ele>71</ele>
</trkpt>
<trkpt lat="36.314281944444446" lon="139.11328694444444">
<ele>71</ele>
</trkpt>
<trkpt lat="36.31435694444444" lon="139.113185">
<ele>71</ele>
</trkpt>
<trkpt lat="36.31443194444444" lon="139.11308194444445">
<ele>71</ele>
</trkpt>
<trkpt lat="36.31450611111111" lon="139.11298">
<ele>71</ele>
</trkpt>
<trkpt lat="36.31458111111111" lon="139.11287805555557">
<ele>72</ele>
</trkpt>
<trkpt lat="36.31465611111111" lon="139.11277611111112">
<ele>72</ele>
</trkpt>
<trkpt lat="36.31473111111111" lon="139.11267305555555">
<ele>72</ele>
</trkpt>
<trkpt lat="36.314805" lon="139.11257111111112">
<ele>72</ele>
</trkpt>
<trkpt lat="36.31488" lon="139.11246805555555">
<ele>72</ele>
</trkpt>
<trkpt lat="36.31495388888889" lon="139.1123661111111">
<ele>72</ele>
</trkpt>
<trkpt lat="36.31502888888889" lon="139.1122638888889">
<ele>72</ele>
</trkpt>
<trkpt lat="36.31510388888889" lon="139.1121611111111">
<ele>72</ele>
</trkpt>
<trkpt lat="36.31517888888889" lon="139.1120588888889">
<ele>72</ele>
</trkpt>
<trkpt lat="36.31525305555556" lon="139.11195694444444">
<ele>73</ele>
</trkpt>
<trkpt lat="36.315328055555554" lon="139.1118538888889">
<ele>73</ele>
</trkpt>
<trkpt lat="36.315401944444446" lon="139.11175194444445">
<ele>73</ele>
</trkpt>
<trkpt lat="36.31547694444444" lon="139.11165">
<ele>73</ele>
</trkpt>
<trkpt lat="36.315551944444444" lon="139.11154694444446">
<ele>74</ele>
</trkpt>
<trkpt lat="36.31556611111111" lon="139.1114938888889">
<ele>73</ele>
</trkpt>
<trkpt lat="36.31558111111111" lon="139.11144194444444">
<ele>73</ele>
</trkpt>
<trkpt lat="36.315595" lon="139.11138888888888">
<ele>73</ele>
</trkpt>
<trkpt lat="36.31560888888889" lon="139.11133611111111">
<ele>73</ele>
</trkpt>
<trkpt lat="36.31561694444444" lon="139.1113038888889">
<ele>73</ele>
</trkpt>
<trkpt lat="36.315621944444445" lon="139.11124611111111">
<ele>73</ele>
</trkpt>
<trkpt lat="36.31562611111111" lon="139.11118888888888">
<ele>74</ele>
</trkpt>
<trkpt lat="36.31563111111111" lon="139.11113111111112">
<ele>74</ele>
</trkpt>
<trkpt lat="36.315635" lon="139.11107305555555">
<ele>74</ele>
</trkpt>
<trkpt lat="36.31563888888889" lon="139.111015">
<ele>74</ele>
</trkpt>
<trkpt lat="36.315643888888886" lon="139.11095805555556">
<ele>74</ele>
</trkpt>
<trkpt lat="36.315648055555556" lon="139.1109">
<ele>74</ele>
</trkpt>
<trkpt lat="36.31565305555556" lon="139.11084194444445">
<ele>73</ele>
</trkpt>
<trkpt lat="36.31565694444444" lon="139.11078388888888">
<ele>73</ele>
</trkpt>
<trkpt lat="36.31566194444444" lon="139.11072694444445">
<ele>73</ele>
</trkpt>
<trkpt lat="36.31566611111111" lon="139.11066888888888">
<ele>73</ele>
</trkpt>
<trkpt lat="36.31567111111111" lon="139.1106111111111">
<ele>72</ele>
</trkpt>
<trkpt lat="36.315675" lon="139.11055305555556">
<ele>72</ele>
</trkpt>
<trkpt lat="36.31567888888889" lon="139.1104961111111">
<ele>72</ele>
</trkpt>
<trkpt lat="36.31568388888889" lon="139.11043805555556">
<ele>72</ele>
</trkpt>
<trkpt lat="36.315688055555555" lon="139.11038">
<ele>72</ele>
</trkpt>
<trkpt lat="36.315691944444445" lon="139.11032194444445">
<ele>73</ele>
</trkpt>
<trkpt lat="36.31569694444445" lon="139.11026388888888">
<ele>73</ele>
</trkpt>
<trkpt lat="36.31570111111111" lon="139.11020694444446">
<ele>73</ele>
</trkpt>
<trkpt lat="36.31570611111111" lon="139.11015111111112">
<ele>73</ele>
</trkpt>
<trkpt lat="36.31571" lon="139.11009611111112">
<ele>74</ele>
</trkpt>
<trkpt lat="36.31571388888889" lon="139.11004">
<ele>74</ele>
</trkpt>
<trkpt lat="36.31571805555556" lon="139.109985">
<ele>74</ele>
</trkpt>
<trkpt lat="36.31572194444445" lon="139.1099288888889">
<ele>74</ele>
</trkpt>
<trkpt lat="36.31572611111111" lon="139.1098738888889">
<ele>74</ele>
</trkpt>
<trkpt lat="36.31573111111111" lon="139.10981805555556">
<ele>74</ele>
</trkpt>
<trkpt lat="36.315731944444444" lon="139.10980194444446">
<ele>74</ele>
</trkpt>
<trkpt lat="36.315731944444444" lon="139.10974194444444">
<ele>74</ele>
</trkpt>
<trkpt lat="36.315733055555555" lon="139.10968111111112">
<ele>74</ele>
</trkpt>
<trkpt lat="36.315733888888886" lon="139.10962111111112">
<ele>74</ele>
</trkpt>
<trkpt lat="36.315733888888886" lon="139.10956">
<ele>74</ele>
</trkpt>
<trkpt lat="36.315735" lon="139.1095">
<ele>74</ele>
</trkpt>
<trkpt lat="36.315736111111114" lon="139.1094388888889">
<ele>74</ele>
</trkpt>
<trkpt lat="36.315736944444446" lon="139.1093788888889">
<ele>74</ele>
</trkpt>
<trkpt lat="36.315736944444446" lon="139.10931888888888">
<ele>74</ele>
</trkpt>
<trkpt lat="36.315738055555556" lon="139.10925805555556">
<ele>74</ele>
</trkpt>
<trkpt lat="36.31573888888889" lon="139.10919805555557">
<ele>74</ele>
</trkpt>
<trkpt lat="36.31573888888889" lon="139.10913805555555">
<ele>74</ele>
</trkpt>
<trkpt lat="36.31574" lon="139.10907694444444">
<ele>74</ele>
</trkpt>
<trkpt lat="36.31574111111111" lon="139.10901694444445">
<ele>74</ele>
</trkpt>
<trkpt lat="36.31574194444445" lon="139.1089561111111">
<ele>74</ele>
</trkpt>
<trkpt lat="36.31574194444445" lon="139.1088961111111">
<ele>74</ele>
</trkpt>
<trkpt lat="36.31574305555556" lon="139.10883611111112">
<ele>74</ele>
</trkpt>
<trkpt lat="36.31574388888889" lon="139.108775">
<ele>74</ele>
</trkpt>
<trkpt lat="36.31574388888889" lon="139.108715">
<ele>74</ele>
</trkpt>
<trkpt lat="36.315745" lon="139.10865388888888">
<ele>74</ele>
</trkpt>
<trkpt lat="36.31574194444445" lon="139.10859888888888">
<ele>74</ele>
</trkpt>
<trkpt lat="36.31573888888889" lon="139.10854305555554">
<ele>74</ele>
</trkpt>
<trkpt lat="36.315736111111114" lon="139.10848805555557">
<ele>74</ele>
</trkpt>
<trkpt lat="36.315733055555555" lon="139.10843194444445">
<ele>74</ele>
</trkpt>
<trkpt lat="36.31573" lon="139.1083761111111">
<ele>74</ele>
</trkpt>
<trkpt lat="36.31572694444444" lon="139.1083211111111">
<ele>74</ele>
</trkpt>
<trkpt lat="36.315725" lon="139.10828305555555">
<ele>73</ele>
</trkpt>
<trkpt lat="36.31571805555556" lon="139.10822805555554">
<ele>73</ele>
</trkpt>
<trkpt lat="36.31571" lon="139.10817305555557">
<ele>72</ele>
</trkpt>
<trkpt lat="36.31570194444444" lon="139.10811805555556">
<ele>72</ele>
</trkpt>
<trkpt lat="36.315695" lon="139.10806305555556">
<ele>72</ele>
</trkpt>
<trkpt lat="36.315688055555555" lon="139.10800805555556">
<ele>72</ele>
</trkpt>
<trkpt lat="36.31568" lon="139.10795305555556">
<ele>72</ele>
</trkpt>
<trkpt lat="36.31567805555556" lon="139.10793694444445">
<ele>74</ele>
</trkpt>
<trkpt lat="36.315666944444445" lon="139.10788194444444">
<ele>74</ele>
</trkpt>
<trkpt lat="36.31565694444444" lon="139.10782805555556">
<ele>74</ele>
</trkpt>
<trkpt lat="36.315646111111114" lon="139.1077738888889">
<ele>74</ele>
</trkpt>
<trkpt lat="36.31563611111111" lon="139.10772">
<ele>73</ele>
</trkpt>
<trkpt lat="36.315625" lon="139.10766611111112">
<ele>73</ele>
</trkpt>
<trkpt lat="36.31561388888889" lon="139.10761194444444">
<ele>73</ele>
</trkpt>
<trkpt lat="36.31560388888889" lon="139.10755805555556">
<ele>73</ele>
</trkpt>
<trkpt lat="36.31559305555555" lon="139.10750305555555">
<ele>73</ele>
</trkpt>
<trkpt lat="36.31558305555556" lon="139.10744888888888">
<ele>73</ele>
</trkpt>
<trkpt lat="36.31557194444444" lon="139.107395">
<ele>73</ele>
</trkpt>
<trkpt lat="36.31557" lon="139.1073861111111">
<ele>73</ele>
</trkpt>
<trkpt lat="36.31556694444444" lon="139.10733">
<ele>72</ele>
</trkpt>
<trkpt lat="36.31556305555556" lon="139.107275">
<ele>74</ele>
</trkpt>
<trkpt lat="36.31555888888889" lon="139.1072188888889">
<ele>74</ele>
</trkpt>
<trkpt lat="36.315556944444445" lon="139.10717694444443">
<ele>73</ele>
</trkpt>
<trkpt lat="36.31556" lon="139.10712194444446">
<ele>73</ele>
</trkpt>
<trkpt lat="36.31556305555556" lon="139.10706611111112">
<ele>73</ele>
</trkpt>
<trkpt lat="36.31556611111111" lon="139.10701">
<ele>73</ele>
</trkpt>
<trkpt lat="36.31556888888889" lon="139.106955">
<ele>73</ele>
</trkpt>
<trkpt lat="36.315573055555554" lon="139.10689888888888">
<ele>73</ele>
</trkpt>
<trkpt lat="36.31557611111111" lon="139.10684388888887">
<ele>73</ele>
</trkpt>
<trkpt lat="36.315578888888886" lon="139.10678805555557">
<ele>73</ele>
</trkpt>
<trkpt lat="36.31558" lon="139.10676388888888">
<ele>74</ele>
</trkpt>
<trkpt lat="36.31558611111111" lon="139.10670888888887">
<ele>74</ele>
</trkpt>
<trkpt lat="36.31559111111111" lon="139.10665305555557">
<ele>74</ele>
</trkpt>
<trkpt lat="36.315596944444444" lon="139.10659805555557">
<ele>74</ele>
</trkpt>
<trkpt lat="36.315601944444445" lon="139.10654305555556">
<ele>74</ele>
</trkpt>
<trkpt lat="36.31560805555556" lon="139.10648805555556">
<ele>74</ele>
</trkpt>
<trkpt lat="36.31561305555555" lon="139.10643194444444">
<ele>74</ele>
</trkpt>
<trkpt lat="36.31561888888889" lon="139.10637694444443">
<ele>74</ele>
</trkpt>
<trkpt lat="36.31562111111111" lon="139.10635888888888">
<ele>74</ele>
</trkpt>
<trkpt lat="36.31563194444445" lon="139.1063061111111">
<ele>74</ele>
</trkpt>
<trkpt lat="36.315643888888886" lon="139.10625194444444">
<ele>73</ele>
</trkpt>
<trkpt lat="36.31565611111111" lon="139.10619805555555">
<ele>73</ele>
</trkpt>
<trkpt lat="36.315668055555555" lon="139.10614388888888">
<ele>73</ele>
</trkpt>
<trkpt lat="36.31568" lon="139.10609">
<ele>74</ele>
</trkpt>
<trkpt lat="36.315691111111114" lon="139.1060361111111">
<ele>74</ele>
</trkpt>
<trkpt lat="36.31570305555555" lon="139.10598305555555">
<ele>74</ele>
</trkpt>
<trkpt lat="36.315715" lon="139.10592888888888">
<ele>74</ele>
</trkpt>
<trkpt lat="36.31572694444444" lon="139.105875">
<ele>74</ele>
</trkpt>
<trkpt lat="36.31573888888889" lon="139.1058211111111">
<ele>74</ele>
</trkpt>
<trkpt lat="36.31575" lon="139.10576805555556">
<ele>74</ele>
</trkpt>
<trkpt lat="36.315761944444446" lon="139.10571388888889">
<ele>73</ele>
</trkpt>
<trkpt lat="36.31577388888889" lon="139.10566">
<ele>74</ele>
</trkpt>
<trkpt lat="36.31578611111111" lon="139.10560611111111">
<ele>74</ele>
</trkpt>
<trkpt lat="36.315798055555554" lon="139.10555194444444">
<ele>74</ele>
</trkpt>
<trkpt lat="36.31580888888889" lon="139.1054988888889">
<ele>74</ele>
</trkpt>
<trkpt lat="36.31581888888889" lon="139.1054538888889">
<ele>74</ele>
</trkpt>
<trkpt lat="36.31586611111111" lon="139.10533805555556">
<ele>74</ele>
</trkpt>
<trkpt lat="36.315911944444444" lon="139.10522194444445">
<ele>74</ele>
</trkpt>
<trkpt lat="36.315958888888886" lon="139.1051061111111">
<ele>74</ele>
</trkpt>
<trkpt lat="36.31600611111111" lon="139.1049911111111">
<ele>73</ele>
</trkpt>
<trkpt lat="36.31605305555556" lon="139.104875">
<ele>74</ele>
</trkpt>
<trkpt lat="36.31609888888889" lon="139.10475888888888">
<ele>74</ele>
</trkpt>
<trkpt lat="36.31614611111111" lon="139.1046438888889">
<ele>73</ele>
</trkpt>
<trkpt lat="36.31619305555556" lon="139.10452805555556">
<ele>74</ele>
</trkpt>
<trkpt lat="36.31623888888889" lon="139.10441194444445">
<ele>73</ele>
</trkpt>
<trkpt lat="36.31628611111111" lon="139.1042961111111">
<ele>73</ele>
</trkpt>
<trkpt lat="36.31633305555555" lon="139.1041811111111">
<ele>74</ele>
</trkpt>
<trkpt lat="36.31638" lon="139.104065">
<ele>73</ele>
</trkpt>
<trkpt lat="36.31642611111111" lon="139.10394888888888">
<ele>74</ele>
</trkpt>
<trkpt lat="36.316473055555555" lon="139.10383305555555">
<ele>72</ele>
</trkpt>
<trkpt lat="36.31652" lon="139.10371805555556">
<ele>73</ele>
</trkpt>
<trkpt lat="36.316566944444446" lon="139.10360194444445">
<ele>72</ele>
</trkpt>
<trkpt lat="36.31661305555556" lon="139.10348611111112">
<ele>73</ele>
</trkpt>
<trkpt lat="36.31666" lon="139.10337">
<ele>73</ele>
</trkpt>
<trkpt lat="36.31670694444445" lon="139.1032538888889">
<ele>71</ele>
</trkpt>
<trkpt lat="36.31672611111111" lon="139.10320388888888">
<ele>72</ele>
</trkpt>
<trkpt lat="36.316745" lon="139.1031538888889">
<ele>72</ele>
</trkpt>
<trkpt lat="36.316763888888886" lon="139.10310305555555">
<ele>72</ele>
</trkpt>
<trkpt lat="36.316783055555554" lon="139.10305305555556">
<ele>71</ele>
</trkpt>
<trkpt lat="36.31680194444444" lon="139.10300194444446">
<ele>71</ele>
</trkpt>
<trkpt lat="36.31682194444444" lon="139.10295194444444">
<ele>71</ele>
</trkpt>
<trkpt lat="36.31684111111111" lon="139.10290194444445">
<ele>71</ele>
</trkpt>
<trkpt lat="36.316845" lon="139.10289111111112">
<ele>70</ele>
</trkpt>
<trkpt lat="36.31685888888889" lon="139.1028388888889">
<ele>71</ele>
</trkpt>
<trkpt lat="36.316873055555554" lon="139.1027861111111">
<ele>71</ele>
</trkpt>
<trkpt lat="36.31688694444444" lon="139.10273194444446">
<ele>71</ele>
</trkpt>
<trkpt lat="36.316901111111115" lon="139.10268">
<ele>70</ele>
</trkpt>
<trkpt lat="36.316915" lon="139.10262694444444">
<ele>70</ele>
</trkpt>
<trkpt lat="36.31692888888889" lon="139.10257388888888">
<ele>70</ele>
</trkpt>
<trkpt lat="36.316943055555555" lon="139.10252111111112">
<ele>71</ele>
</trkpt>
<trkpt lat="36.31695694444444" lon="139.10246805555556">
<ele>71</ele>
</trkpt>
<trkpt lat="36.31697111111111" lon="139.102415">
<ele>71</ele>
</trkpt>
<trkpt lat="36.316985" lon="139.10236194444445">
<ele>71</ele>
</trkpt>
<trkpt lat="36.31699888888889" lon="139.1023088888889">
<ele>71</ele>
</trkpt>
<trkpt lat="36.317013055555556" lon="139.1022561111111">
<ele>71</ele>
</trkpt>
<trkpt lat="36.31702694444444" lon="139.10220305555555">
<ele>71</ele>
</trkpt>
<trkpt lat="36.31704111111111" lon="139.10215">
<ele>71</ele>
</trkpt>
<trkpt lat="36.317055" lon="139.10209694444444">
<ele>71</ele>
</trkpt>
<trkpt lat="36.31706305555556" lon="139.102065">
<ele>71</ele>
</trkpt>
<trkpt lat="36.317081944444446" lon="139.10201388888888">
<ele>71</ele>
</trkpt>
<trkpt lat="36.3171" lon="139.1019638888889">
<ele>71</ele>
</trkpt>
<trkpt lat="36.31711888888889" lon="139.10191305555554">
<ele>70</ele>
</trkpt>
<trkpt lat="36.31713694444444" lon="139.10186194444444">
<ele>71</ele>
</trkpt>
<trkpt lat="36.31715611111111" lon="139.10181111111112">
<ele>71</ele>
</trkpt>
<trkpt lat="36.31717111111111" lon="139.1017688888889">
<ele>71</ele>
</trkpt>
<trkpt lat="36.31719388888889" lon="139.10172194444445">
<ele>71</ele>
</trkpt>
<trkpt lat="36.31721805555556" lon="139.10167388888888">
<ele>71</ele>
</trkpt>
<trkpt lat="36.31724194444445" lon="139.10162694444443">
<ele>71</ele>
</trkpt>
<trkpt lat="36.31726611111111" lon="139.10158">
<ele>71</ele>
</trkpt>
<trkpt lat="36.31729" lon="139.10153194444445">
<ele>71</ele>
</trkpt>
<trkpt lat="36.31731305555556" lon="139.101485">
<ele>71</ele>
</trkpt>
<trkpt lat="36.31733694444444" lon="139.10143805555555">
<ele>71</ele>
</trkpt>
<trkpt lat="36.31734888888889" lon="139.10141388888889">
<ele>71</ele>
</trkpt>
<trkpt lat="36.317368055555555" lon="139.1013638888889">
<ele>71</ele>
</trkpt>
<trkpt lat="36.31738694444444" lon="139.10131305555555">
<ele>71</ele>
</trkpt>
<trkpt lat="36.317405" lon="139.10126194444445">
<ele>71</ele>
</trkpt>
<trkpt lat="36.31742388888889" lon="139.10121194444446">
<ele>71</ele>
</trkpt>
<trkpt lat="36.31742611111111" lon="139.1012061111111">
<ele>71</ele>
</trkpt>
<trkpt lat="36.31743888888889" lon="139.10115194444444">
<ele>71</ele>
</trkpt>
<trkpt lat="36.31745111111111" lon="139.10109805555555">
<ele>72</ele>
</trkpt>
<trkpt lat="36.31746305555556" lon="139.101045">
<ele>72</ele>
</trkpt>
<trkpt lat="36.31747611111111" lon="139.1009911111111">
<ele>72</ele>
</trkpt>
<trkpt lat="36.31748694444445" lon="139.10094305555555">
<ele>72</ele>
</trkpt>
<trkpt lat="36.317503055555555" lon="139.1008911111111">
<ele>72</ele>
</trkpt>
<trkpt lat="36.31751" lon="139.10086805555557">
<ele>88</ele>
</trkpt>
<trkpt lat="36.31755888888889" lon="139.10077694444445">
<ele>71</ele>
</trkpt>
<trkpt lat="36.31760111111111" lon="139.1007561111111">
<ele>71</ele>
</trkpt>
<trkpt lat="36.317641944444446" lon="139.1007361111111">
<ele>71</ele>
</trkpt>
<trkpt lat="36.31768388888889" lon="139.100715">
<ele>69</ele>
</trkpt>
<trkpt lat="36.317726111111114" lon="139.10069388888888">
<ele>69</ele>
</trkpt>
<trkpt lat="36.317768055555554" lon="139.10067305555555">
<ele>69</ele>
</trkpt>
<trkpt lat="36.31780888888889" lon="139.10065194444445">
<ele>68</ele>
</trkpt>
<trkpt lat="36.31785111111111" lon="139.1006311111111">
<ele>68</ele>
</trkpt>
<trkpt lat="36.31789194444445" lon="139.1006111111111">
<ele>68</ele>
</trkpt>
<trkpt lat="36.31793388888889" lon="139.1005888888889">
<ele>68</ele>
</trkpt>
<trkpt lat="36.31797611111111" lon="139.1005688888889">
<ele>68</ele>
</trkpt>
<trkpt lat="36.318018055555555" lon="139.10054805555555">
<ele>68</ele>
</trkpt>
<trkpt lat="36.31805888888889" lon="139.10052694444445">
<ele>68</ele>
</trkpt>
<trkpt lat="36.31810111111111" lon="139.10050611111112">
<ele>68</ele>
</trkpt>
<trkpt lat="36.318111944444446" lon="139.1005">
<ele>68</ele>
</trkpt>
<trkpt lat="36.31815388888889" lon="139.1004561111111">
<ele>68</ele>
</trkpt>
<trkpt lat="36.318196111111114" lon="139.10041194444443">
<ele>68</ele>
</trkpt>
<trkpt lat="36.318238055555554" lon="139.10036805555555">
<ele>68</ele>
</trkpt>
<trkpt lat="36.31828" lon="139.10032388888888">
<ele>67</ele>
</trkpt>
<trkpt lat="36.31832194444444" lon="139.10028">
<ele>67</ele>
</trkpt>
<trkpt lat="36.31836388888889" lon="139.10023611111112">
<ele>67</ele>
</trkpt>
<trkpt lat="36.31840611111111" lon="139.10019111111112">
<ele>68</ele>
</trkpt>
<trkpt lat="36.31844805555556" lon="139.10014694444445">
<ele>68</ele>
</trkpt>
<trkpt lat="36.31849" lon="139.10010305555556">
<ele>68</ele>
</trkpt>
<trkpt lat="36.318531944444445" lon="139.1000588888889">
<ele>68</ele>
</trkpt>
<trkpt lat="36.31857388888889" lon="139.100015">
<ele>68</ele>
</trkpt>
<trkpt lat="36.31861611111111" lon="139.0999711111111">
<ele>69</ele>
</trkpt>
<trkpt lat="36.31865805555555" lon="139.0999261111111">
<ele>69</ele>
</trkpt>
<trkpt lat="36.31869888888889" lon="139.09988194444443">
<ele>69</ele>
</trkpt>
<trkpt lat="36.31874111111111" lon="139.09983805555555">
<ele>69</ele>
</trkpt>
<trkpt lat="36.318783055555556" lon="139.09979388888888">
<ele>69</ele>
</trkpt>
<trkpt lat="36.318825" lon="139.09975">
<ele>69</ele>
</trkpt>
<trkpt lat="36.318866944444444" lon="139.09970611111112">
<ele>69</ele>
</trkpt>
<trkpt lat="36.31890888888889" lon="139.09966194444445">
<ele>69</ele>
</trkpt>
<trkpt lat="36.31894111111111" lon="139.09962194444444">
<ele>69</ele>
</trkpt>
<trkpt lat="36.31897194444444" lon="139.09958194444445">
<ele>69</ele>
</trkpt>
<trkpt lat="36.319003888888886" lon="139.09954194444444">
<ele>70</ele>
</trkpt>
<trkpt lat="36.319035" lon="139.09950194444446">
<ele>70</ele>
</trkpt>
<trkpt lat="36.319066944444444" lon="139.09946305555556">
<ele>70</ele>
</trkpt>
<trkpt lat="36.31909805555556" lon="139.09942305555555">
<ele>70</ele>
</trkpt>
<trkpt lat="36.31910111111111" lon="139.0994188888889">
<ele>70</ele>
</trkpt>
<trkpt lat="36.31912694444444" lon="139.099375">
<ele>70</ele>
</trkpt>
<trkpt lat="36.31915388888889" lon="139.09933">
<ele>70</ele>
</trkpt>
<trkpt lat="36.31918" lon="139.099285">
<ele>70</ele>
</trkpt>
<trkpt lat="36.319206944444446" lon="139.09924">
<ele>70</ele>
</trkpt>
<trkpt lat="36.31923388888889" lon="139.099195">
<ele>70</ele>
</trkpt>
<trkpt lat="36.31926" lon="139.09915">
<ele>70</ele>
</trkpt>
<trkpt lat="36.31927611111111" lon="139.09912305555557">
<ele>70</ele>
</trkpt>
<trkpt lat="36.31929" lon="139.09907">
<ele>71</ele>
</trkpt>
<trkpt lat="36.31930388888889" lon="139.09901694444446">
<ele>71</ele>
</trkpt>
<trkpt lat="36.319318055555556" lon="139.09896388888887">
<ele>71</ele>
</trkpt>
<trkpt lat="36.31933111111111" lon="139.0989111111111">
<ele>71</ele>
</trkpt>
<trkpt lat="36.31934611111111" lon="139.09885805555555">
<ele>71</ele>
</trkpt>
<trkpt lat="36.319358888888885" lon="139.098805">
<ele>71</ele>
</trkpt>
<trkpt lat="36.31937305555556" lon="139.09875194444444">
<ele>71</ele>
</trkpt>
<trkpt lat="36.31938805555556" lon="139.0986988888889">
<ele>71</ele>
</trkpt>
<trkpt lat="36.31940111111111" lon="139.09864611111112">
<ele>72</ele>
</trkpt>
<trkpt lat="36.319415" lon="139.0985938888889">
<ele>72</ele>
</trkpt>
<trkpt lat="36.319428888888886" lon="139.0985411111111">
<ele>72</ele>
</trkpt>
<trkpt lat="36.31944305555555" lon="139.09848805555555">
<ele>72</ele>
</trkpt>
<trkpt lat="36.31945694444445" lon="139.09843388888888">
<ele>72</ele>
</trkpt>
<trkpt lat="36.31946111111111" lon="139.09842194444445">
<ele>72</ele>
</trkpt>
<trkpt lat="36.31947111111111" lon="139.09836805555557">
<ele>72</ele>
</trkpt>
<trkpt lat="36.31948111111111" lon="139.0983138888889">
<ele>72</ele>
</trkpt>
<trkpt lat="36.31949111111111" lon="139.0982588888889">
<ele>72</ele>
</trkpt>
<trkpt lat="36.31950194444445" lon="139.098205">
<ele>72</ele>
</trkpt>
<trkpt lat="36.31951194444444" lon="139.09815111111112">
<ele>72</ele>
</trkpt>
<trkpt lat="36.319521944444446" lon="139.09809694444445">
<ele>72</ele>
</trkpt>
<trkpt lat="36.31953194444444" lon="139.09804194444445">
<ele>72</ele>
</trkpt>
<trkpt lat="36.319543055555556" lon="139.09798805555556">
<ele>72</ele>
</trkpt>
<trkpt lat="36.31955305555555" lon="139.0979338888889">
<ele>72</ele>
</trkpt>
<trkpt lat="36.31956388888889" lon="139.09788">
<ele>72</ele>
</trkpt>
<trkpt lat="36.31957388888889" lon="139.097825">
<ele>72</ele>
</trkpt>
<trkpt lat="36.319583888888886" lon="139.09777111111111">
<ele>72</ele>
</trkpt>
<trkpt lat="36.31959388888889" lon="139.09771694444444">
<ele>72</ele>
</trkpt>
<trkpt lat="36.319605" lon="139.09766194444444">
<ele>73</ele>
</trkpt>
<trkpt lat="36.319615" lon="139.09760805555555">
<ele>73</ele>
</trkpt>
<trkpt lat="36.319625" lon="139.09755388888888">
<ele>73</ele>
</trkpt>
<trkpt lat="36.31963611111111" lon="139.0975">
<ele>73</ele>
</trkpt>
<trkpt lat="36.31964611111111" lon="139.0974461111111">
<ele>73</ele>
</trkpt>
<trkpt lat="36.319651944444445" lon="139.09741194444445">
<ele>73</ele>
</trkpt>
<trkpt lat="36.31966694444444" lon="139.0973588888889">
<ele>73</ele>
</trkpt>
<trkpt lat="36.31968111111111" lon="139.09730694444445">
<ele>73</ele>
</trkpt>
<trkpt lat="36.319696111111114" lon="139.0972538888889">
<ele>73</ele>
</trkpt>
<trkpt lat="36.31971" lon="139.0972011111111">
<ele>73</ele>
</trkpt>
<trkpt lat="36.31972388888889" lon="139.09714805555555">
<ele>73</ele>
</trkpt>
<trkpt lat="36.31973888888889" lon="139.0970961111111">
<ele>73</ele>
</trkpt>
<trkpt lat="36.31975305555556" lon="139.09704305555556">
<ele>73</ele>
</trkpt>
<trkpt lat="36.319768055555556" lon="139.09699">
<ele>73</ele>
</trkpt>
<trkpt lat="36.31978194444444" lon="139.09693694444445">
<ele>72</ele>
</trkpt>
<trkpt lat="36.31979611111111" lon="139.0968838888889">
<ele>73</ele>
</trkpt>
<trkpt lat="36.319811111111115" lon="139.09683194444443">
<ele>73</ele>
</trkpt>
<trkpt lat="36.319825" lon="139.09677888888888">
<ele>73</ele>
</trkpt>
<trkpt lat="36.31983888888889" lon="139.0967261111111">
<ele>73</ele>
</trkpt>
<trkpt lat="36.319853888888886" lon="139.09667305555556">
<ele>73</ele>
</trkpt>
<trkpt lat="36.31986111111111" lon="139.0966488888889">
<ele>73</ele>
</trkpt>
<trkpt lat="36.31988611111111" lon="139.09656694444445">
<ele>73</ele>
</trkpt>
<trkpt lat="36.31991111111111" lon="139.096485">
<ele>72</ele>
</trkpt>
<trkpt lat="36.31993611111111" lon="139.0964038888889">
<ele>72</ele>
</trkpt>
<trkpt lat="36.31996111111111" lon="139.09632194444444">
<ele>72</ele>
</trkpt>
<trkpt lat="36.31998611111111" lon="139.09624">
<ele>72</ele>
</trkpt>
<trkpt lat="36.320011111111114" lon="139.09615888888888">
<ele>71</ele>
</trkpt>
<trkpt lat="36.320036944444446" lon="139.09607694444443">
<ele>71</ele>
</trkpt>
<trkpt lat="36.32006194444445" lon="139.095995">
<ele>71</ele>
</trkpt>
<trkpt lat="36.32008694444445" lon="139.09591305555554">
<ele>72</ele>
</trkpt>
<trkpt lat="36.32011194444444" lon="139.09583194444446">
<ele>72</ele>
</trkpt>
<trkpt lat="36.32013694444444" lon="139.09575">
<ele>71</ele>
</trkpt>
<trkpt lat="36.32016194444444" lon="139.09566805555556">
<ele>71</ele>
</trkpt>
<trkpt lat="36.320186944444444" lon="139.09558694444445">
<ele>71</ele>
</trkpt>
<trkpt lat="36.320211944444445" lon="139.095505">
<ele>71</ele>
</trkpt>
<trkpt lat="36.320238055555556" lon="139.09542305555556">
<ele>70</ele>
</trkpt>
<trkpt lat="36.32026305555556" lon="139.0953411111111">
<ele>70</ele>
</trkpt>
<trkpt lat="36.32028805555556" lon="139.09526">
<ele>70</ele>
</trkpt>
<trkpt lat="36.32031305555556" lon="139.09517805555555">
<ele>70</ele>
</trkpt>
<trkpt lat="36.32033805555555" lon="139.0950961111111">
<ele>70</ele>
</trkpt>
<trkpt lat="36.32035805555556" lon="139.0950311111111">
<ele>70</ele>
</trkpt>
<trkpt lat="36.32037888888889" lon="139.09496611111112">
<ele>70</ele>
</trkpt>
<trkpt lat="36.32039888888889" lon="139.0949011111111">
<ele>70</ele>
</trkpt>
<trkpt lat="36.32041888888889" lon="139.0948361111111">
<ele>70</ele>
</trkpt>
<trkpt lat="36.32044" lon="139.0947711111111">
<ele>70</ele>
</trkpt>
<trkpt lat="36.32046" lon="139.09470611111112">
<ele>70</ele>
</trkpt>
<trkpt lat="36.320481111111114" lon="139.09464111111112">
<ele>70</ele>
</trkpt>
<trkpt lat="36.32050111111111" lon="139.0945761111111">
<ele>70</ele>
</trkpt>
<trkpt lat="36.32052111111111" lon="139.0945111111111">
<ele>70</ele>
</trkpt>
<trkpt lat="36.32054194444444" lon="139.09444611111113">
<ele>70</ele>
</trkpt>
<trkpt lat="36.32056194444444" lon="139.09438111111112">
<ele>70</ele>
</trkpt>
<trkpt lat="36.32058194444444" lon="139.0943161111111">
<ele>70</ele>
</trkpt>
<trkpt lat="36.32060305555556" lon="139.0942511111111">
<ele>70</ele>
</trkpt>
<trkpt lat="36.32062305555556" lon="139.0941861111111">
<ele>70</ele>
</trkpt>
<trkpt lat="36.32064305555556" lon="139.09412111111112">
<ele>70</ele>
</trkpt>
<trkpt lat="36.32066388888889" lon="139.09405611111112">
<ele>70</ele>
</trkpt>
<trkpt lat="36.32068388888889" lon="139.0939911111111">
<ele>70</ele>
</trkpt>
<trkpt lat="36.320703888888886" lon="139.0939261111111">
<ele>70</ele>
</trkpt>
<trkpt lat="36.320725" lon="139.09386111111112">
<ele>70</ele>
</trkpt>
<trkpt lat="36.32074611111111" lon="139.09377305555554">
<ele>70</ele>
</trkpt>
<trkpt lat="36.32076694444444" lon="139.09368388888888">
<ele>70</ele>
</trkpt>
<trkpt lat="36.32078805555555" lon="139.0935961111111">
<ele>70</ele>
</trkpt>
<trkpt lat="36.32080888888889" lon="139.09350805555556">
<ele>70</ele>
</trkpt>
<trkpt lat="36.32083" lon="139.09342">
<ele>70</ele>
</trkpt>
<trkpt lat="36.32085111111111" lon="139.0933311111111">
<ele>70</ele>
</trkpt>
<trkpt lat="36.32087194444444" lon="139.09324305555555">
<ele>70</ele>
</trkpt>
<trkpt lat="36.32089305555556" lon="139.093155">
<ele>70</ele>
</trkpt>
<trkpt lat="36.32091388888889" lon="139.09306694444444">
<ele>70</ele>
</trkpt>
<trkpt lat="36.320935" lon="139.09297805555556">
<ele>70</ele>
</trkpt>
<trkpt lat="36.32095611111111" lon="139.09289">
<ele>70</ele>
</trkpt>
<trkpt lat="36.32097805555556" lon="139.09280194444443">
<ele>71</ele>
</trkpt>
<trkpt lat="36.32099888888889" lon="139.09271305555555">
<ele>71</ele>
</trkpt>
<trkpt lat="36.32101888888889" lon="139.092625">
<ele>71</ele>
</trkpt>
<trkpt lat="36.321041111111114" lon="139.09253694444445">
<ele>71</ele>
</trkpt>
<trkpt lat="36.321061944444445" lon="139.0924488888889">
<ele>71</ele>
</trkpt>
<trkpt lat="36.321083055555555" lon="139.09236">
<ele>71</ele>
</trkpt>
<trkpt lat="36.32110388888889" lon="139.09227194444443">
<ele>71</ele>
</trkpt>
<trkpt lat="36.321125" lon="139.09218388888888">
<ele>71</ele>
</trkpt>
<trkpt lat="36.32114" lon="139.09213111111112">
<ele>71</ele>
</trkpt>
<trkpt lat="36.32115388888889" lon="139.09207805555556">
<ele>71</ele>
</trkpt>
<trkpt lat="36.32116888888889" lon="139.09202611111112">
<ele>71</ele>
</trkpt>
<trkpt lat="36.32118388888889" lon="139.09197305555554">
<ele>71</ele>
</trkpt>
<trkpt lat="36.32119888888889" lon="139.0919211111111">
<ele>71</ele>
</trkpt>
<trkpt lat="36.32121388888889" lon="139.09186805555555">
<ele>71</ele>
</trkpt>
<trkpt lat="36.32122888888889" lon="139.091815">
<ele>71</ele>
</trkpt>
<trkpt lat="36.32124388888889" lon="139.09176305555556">
<ele>72</ele>
</trkpt>
<trkpt lat="36.32125888888889" lon="139.09171">
<ele>72</ele>
</trkpt>
<trkpt lat="36.32127305555556" lon="139.09165805555557">
<ele>72</ele>
</trkpt>
<trkpt lat="36.321288055555556" lon="139.091605">
<ele>72</ele>
</trkpt>
<trkpt lat="36.32130305555555" lon="139.09155194444443">
<ele>72</ele>
</trkpt>
<trkpt lat="36.32131805555556" lon="139.0915">
<ele>72</ele>
</trkpt>
<trkpt lat="36.321333055555556" lon="139.09144694444444">
<ele>72</ele>
</trkpt>
<trkpt lat="36.321333055555556" lon="139.091445">
<ele>72</ele>
</trkpt>
<trkpt lat="36.32136" lon="139.0914">
<ele>72</ele>
</trkpt>
<trkpt lat="36.32138694444444" lon="139.091355">
<ele>72</ele>
</trkpt>
<trkpt lat="36.32140111111111" lon="139.09133194444445">
<ele>73</ele>
</trkpt>
<trkpt lat="36.32143694444444" lon="139.0912911111111">
<ele>74</ele>
</trkpt>
<trkpt lat="36.32147388888889" lon="139.09125">
<ele>74</ele>
</trkpt>
<trkpt lat="36.321511111111114" lon="139.0912088888889">
<ele>74</ele>
</trkpt>
<trkpt lat="36.32154694444444" lon="139.09116805555556">
<ele>74</ele>
</trkpt>
<trkpt lat="36.32158388888889" lon="139.09112694444445">
<ele>74</ele>
</trkpt>
<trkpt lat="36.32162" lon="139.0910861111111">
<ele>74</ele>
</trkpt>
<trkpt lat="36.32165694444444" lon="139.091045">
<ele>74</ele>
</trkpt>
<trkpt lat="36.32169388888889" lon="139.09100388888888">
<ele>74</ele>
</trkpt>
<trkpt lat="36.32173" lon="139.09096305555556">
<ele>74</ele>
</trkpt>
<trkpt lat="36.32176694444444" lon="139.09092194444443">
<ele>74</ele>
</trkpt>
<trkpt lat="36.32180388888889" lon="139.09088111111112">
<ele>74</ele>
</trkpt>
<trkpt lat="36.32184" lon="139.0908388888889">
<ele>74</ele>
</trkpt>
<trkpt lat="36.32187694444445" lon="139.09079805555555">
<ele>74</ele>
</trkpt>
<trkpt lat="36.321913055555555" lon="139.09075694444445">
<ele>74</ele>
</trkpt>
<trkpt lat="36.32195" lon="139.0907161111111">
<ele>74</ele>
</trkpt>
<trkpt lat="36.32198694444445" lon="139.090675">
<ele>74</ele>
</trkpt>
<trkpt lat="36.322023055555555" lon="139.0906338888889">
<ele>74</ele>
</trkpt>
<trkpt lat="36.32206" lon="139.09059305555556">
<ele>74</ele>
</trkpt>
<trkpt lat="36.322096944444446" lon="139.09055194444446">
<ele>74</ele>
</trkpt>
<trkpt lat="36.32213194444444" lon="139.09051805555555">
<ele>75</ele>
</trkpt>
<trkpt lat="36.32216805555556" lon="139.09048388888888">
<ele>75</ele>
</trkpt>
<trkpt lat="36.322203888888886" lon="139.09045111111112">
<ele>75</ele>
</trkpt>
<trkpt lat="36.32223888888889" lon="139.09041694444446">
<ele>75</ele>
</trkpt>
<trkpt lat="36.322275" lon="139.09038305555555">
<ele>75</ele>
</trkpt>
<trkpt lat="36.32231111111111" lon="139.09034888888888">
<ele>75</ele>
</trkpt>
<trkpt lat="36.32234611111111" lon="139.090315">
<ele>75</ele>
</trkpt>
<trkpt lat="36.322381944444444" lon="139.09028111111112">
<ele>75</ele>
</trkpt>
<trkpt lat="36.32241805555555" lon="139.09024694444443">
<ele>75</ele>
</trkpt>
<trkpt lat="36.322453055555556" lon="139.09021388888888">
<ele>75</ele>
</trkpt>
<trkpt lat="36.32249" lon="139.09018305555554">
<ele>75</ele>
</trkpt>
<trkpt lat="36.32252694444445" lon="139.0901511111111">
<ele>75</ele>
</trkpt>
<trkpt lat="36.32256388888889" lon="139.09012">
<ele>75</ele>
</trkpt>
<trkpt lat="36.32260194444444" lon="139.09008888888889">
<ele>75</ele>
</trkpt>
<trkpt lat="36.32263888888889" lon="139.09005805555555">
<ele>75</ele>
</trkpt>
<trkpt lat="36.322676111111114" lon="139.09002611111111">
<ele>75</ele>
</trkpt>
<trkpt lat="36.32271305555555" lon="139.089995">
<ele>75</ele>
</trkpt>
<trkpt lat="36.32275111111111" lon="139.0899638888889">
<ele>75</ele>
</trkpt>
<trkpt lat="36.322788055555556" lon="139.08993194444446">
<ele>75</ele>
</trkpt>
<trkpt lat="36.322825" lon="139.08990111111112">
<ele>75</ele>
</trkpt>
<trkpt lat="36.32286194444445" lon="139.08987">
<ele>75</ele>
</trkpt>
<trkpt lat="36.322898888888886" lon="139.0898388888889">
<ele>75</ele>
</trkpt>
<trkpt lat="36.32293611111111" lon="139.08980805555555">
<ele>75</ele>
</trkpt>
<trkpt lat="36.32297388888889" lon="139.08977611111112">
<ele>75</ele>
</trkpt>
<trkpt lat="36.32298388888889" lon="139.08976805555557">
<ele>75</ele>
</trkpt>
<trkpt lat="36.32302388888889" lon="139.08974194444446">
<ele>75</ele>
</trkpt>
<trkpt lat="36.32306388888889" lon="139.08971694444443">
<ele>75</ele>
</trkpt>
<trkpt lat="36.32310388888889" lon="139.08969194444444">
<ele>75</ele>
</trkpt>
<trkpt lat="36.323145" lon="139.08966694444445">
<ele>75</ele>
</trkpt>
<trkpt lat="36.323185" lon="139.08964194444445">
<ele>75</ele>
</trkpt>
<trkpt lat="36.323225" lon="139.08961694444446">
<ele>75</ele>
</trkpt>
<trkpt lat="36.323265" lon="139.08959194444444">
<ele>75</ele>
</trkpt>
<trkpt lat="36.323305" lon="139.08956694444444">
<ele>75</ele>
</trkpt>
<trkpt lat="36.323345" lon="139.08954194444445">
<ele>76</ele>
</trkpt>
<trkpt lat="36.323385" lon="139.08951694444445">
<ele>76</ele>
</trkpt>
<trkpt lat="36.323425" lon="139.08949194444443">
<ele>76</ele>
</trkpt>
<trkpt lat="36.323445" lon="139.0894788888889">
<ele>75</ele>
</trkpt>
<trkpt lat="36.32348694444445" lon="139.08946111111112">
<ele>76</ele>
</trkpt>
<trkpt lat="36.32352888888889" lon="139.08944194444445">
<ele>76</ele>
</trkpt>
<trkpt lat="36.323571944444446" lon="139.0894238888889">
<ele>76</ele>
</trkpt>
<trkpt lat="36.323613888888886" lon="139.089405">
<ele>76</ele>
</trkpt>
<trkpt lat="36.32365611111111" lon="139.08938694444444">
<ele>76</ele>
</trkpt>
<trkpt lat="36.32369888888889" lon="139.08936805555555">
<ele>76</ele>
</trkpt>
<trkpt lat="36.32372111111111" lon="139.08935888888888">
<ele>76</ele>
</trkpt>
<trkpt lat="36.32376611111111" lon="139.0893461111111">
<ele>76</ele>
</trkpt>
<trkpt lat="36.323811944444444" lon="139.0893338888889">
<ele>76</ele>
</trkpt>
<trkpt lat="36.323858055555554" lon="139.08932194444444">
<ele>76</ele>
</trkpt>
<trkpt lat="36.323903888888886" lon="139.0893088888889">
<ele>76</ele>
</trkpt>
<trkpt lat="36.32395" lon="139.08929694444444">
<ele>76</ele>
</trkpt>
<trkpt lat="36.323996111111114" lon="139.089285">
<ele>76</ele>
</trkpt>
<trkpt lat="36.324041111111114" lon="139.08927194444445">
<ele>76</ele>
</trkpt>
<trkpt lat="36.324086944444446" lon="139.08926">
<ele>76</ele>
</trkpt>
<trkpt lat="36.324133055555556" lon="139.08924805555554">
<ele>76</ele>
</trkpt>
<trkpt lat="36.32417888888889" lon="139.08923611111112">
<ele>76</ele>
</trkpt>
<trkpt lat="36.32422388888889" lon="139.08922305555555">
<ele>76</ele>
</trkpt>
<trkpt lat="36.32427" lon="139.0892111111111">
<ele>76</ele>
</trkpt>
<trkpt lat="36.32431611111111" lon="139.0891988888889">
<ele>76</ele>
</trkpt>
<trkpt lat="36.32436194444445" lon="139.0891861111111">
<ele>76</ele>
</trkpt>
<trkpt lat="36.32440805555556" lon="139.0891738888889">
<ele>76</ele>
</trkpt>
<trkpt lat="36.32445388888889" lon="139.08916194444444">
<ele>76</ele>
</trkpt>
<trkpt lat="36.32449888888889" lon="139.0891488888889">
<ele>76</ele>
</trkpt>
<trkpt lat="36.324545" lon="139.08913694444445">
<ele>76</ele>
</trkpt>
<trkpt lat="36.32459111111111" lon="139.089125">
<ele>76</ele>
</trkpt>
<trkpt lat="36.32462805555556" lon="139.08909194444445">
<ele>76</ele>
</trkpt>
<trkpt lat="36.32466388888889" lon="139.0890588888889">
<ele>76</ele>
</trkpt>
<trkpt lat="36.3247" lon="139.0890261111111">
<ele>76</ele>
</trkpt>
<trkpt lat="36.32471888888889" lon="139.08900805555555">
<ele>76</ele>
</trkpt>
<trkpt lat="36.32474888888889" lon="139.08896611111112">
<ele>76</ele>
</trkpt>
<trkpt lat="36.324778888888886" lon="139.088925">
<ele>76</ele>
</trkpt>
<trkpt lat="36.32480888888889" lon="139.08888305555556">
<ele>76</ele>
</trkpt>
<trkpt lat="36.32483888888889" lon="139.08884194444445">
<ele>76</ele>
</trkpt>
<trkpt lat="36.324868888888886" lon="139.0888">
<ele>76</ele>
</trkpt>
<trkpt lat="36.32489888888889" lon="139.0887588888889">
<ele>76</ele>
</trkpt>
<trkpt lat="36.324916944444446" lon="139.08873194444445">
<ele>76</ele>
</trkpt>
<trkpt lat="36.32499611111111" lon="139.0885761111111">
<ele>76</ele>
</trkpt>
<trkpt lat="36.32507388888889" lon="139.0884188888889">
<ele>76</ele>
</trkpt>
<trkpt lat="36.32515305555555" lon="139.08826305555556">
<ele>76</ele>
</trkpt>
<trkpt lat="36.32523194444445" lon="139.0881061111111">
<ele>76</ele>
</trkpt>
<trkpt lat="36.32531" lon="139.0879488888889">
<ele>76</ele>
</trkpt>
<trkpt lat="36.32538888888889" lon="139.08779305555555">
<ele>76</ele>
</trkpt>
<trkpt lat="36.32546694444444" lon="139.08763611111112">
<ele>76</ele>
</trkpt>
<trkpt lat="36.32554611111111" lon="139.08748">
<ele>76</ele>
</trkpt>
<trkpt lat="36.32562388888889" lon="139.08732305555554">
<ele>76</ele>
</trkpt>
<trkpt lat="36.32570305555556" lon="139.08716694444445">
<ele>75</ele>
</trkpt>
<trkpt lat="36.325781944444444" lon="139.08701">
<ele>75</ele>
</trkpt>
<trkpt lat="36.32586" lon="139.08685305555557">
<ele>75</ele>
</trkpt>
<trkpt lat="36.32593888888889" lon="139.08669694444444">
<ele>75</ele>
</trkpt>
<trkpt lat="36.32601694444445" lon="139.08654">
<ele>75</ele>
</trkpt>
<trkpt lat="36.32609611111111" lon="139.0863838888889">
<ele>75</ele>
</trkpt>
<trkpt lat="36.32617388888889" lon="139.08622694444443">
<ele>75</ele>
</trkpt>
<trkpt lat="36.326253055555554" lon="139.08607">
<ele>76</ele>
</trkpt>
<trkpt lat="36.32633111111111" lon="139.08591388888888">
<ele>76</ele>
</trkpt>
<trkpt lat="36.32641" lon="139.08575694444446">
<ele>77</ele>
</trkpt>
<trkpt lat="36.32644305555556" lon="139.08569111111112">
<ele>77</ele>
</trkpt>
<trkpt lat="36.32647611111111" lon="139.08562388888888">
<ele>77</ele>
</trkpt>
<trkpt lat="36.32650888888889" lon="139.08555694444445">
<ele>77</ele>
</trkpt>
<trkpt lat="36.32654194444444" lon="139.08549">
<ele>77</ele>
</trkpt>
<trkpt lat="36.32657611111111" lon="139.08542305555557">
<ele>78</ele>
</trkpt>
<trkpt lat="36.32660888888889" lon="139.08535694444444">
<ele>78</ele>
</trkpt>
<trkpt lat="36.32664194444445" lon="139.08529">
<ele>78</ele>
</trkpt>
<trkpt lat="36.326675" lon="139.08522305555556">
<ele>78</ele>
</trkpt>
<trkpt lat="36.32670805555556" lon="139.0851561111111">
<ele>78</ele>
</trkpt>
<trkpt lat="36.32674111111111" lon="139.0850888888889">
<ele>78</ele>
</trkpt>
<trkpt lat="36.32677388888889" lon="139.08502305555555">
<ele>78</ele>
</trkpt>
<trkpt lat="36.32680694444444" lon="139.0849561111111">
<ele>79</ele>
</trkpt>
<trkpt lat="36.32684" lon="139.08488888888888">
<ele>79</ele>
</trkpt>
<trkpt lat="36.32687305555555" lon="139.08482194444446">
<ele>79</ele>
</trkpt>
<trkpt lat="36.326906111111114" lon="139.08475611111112">
<ele>79</ele>
</trkpt>
<trkpt lat="36.32693888888889" lon="139.08468888888888">
<ele>79</ele>
</trkpt>
<trkpt lat="36.326971944444445" lon="139.08462194444445">
<ele>80</ele>
</trkpt>
<trkpt lat="36.32700611111111" lon="139.084555">
<ele>80</ele>
</trkpt>
<trkpt lat="36.327038888888886" lon="139.0844888888889">
<ele>80</ele>
</trkpt>
<trkpt lat="36.32707805555555" lon="139.0844111111111">
<ele>80</ele>
</trkpt>
<trkpt lat="36.32711694444444" lon="139.08433305555556">
<ele>80</ele>
</trkpt>
<trkpt lat="36.32715694444445" lon="139.084255">
<ele>80</ele>
</trkpt>
<trkpt lat="36.327196111111114" lon="139.08417694444444">
<ele>80</ele>
</trkpt>
<trkpt lat="36.327235" lon="139.0840988888889">
<ele>80</ele>
</trkpt>
<trkpt lat="36.32727388888889" lon="139.0840211111111">
<ele>80</ele>
</trkpt>
<trkpt lat="36.32731388888889" lon="139.08394305555555">
<ele>80</ele>
</trkpt>
<trkpt lat="36.327353055555555" lon="139.083865">
<ele>80</ele>
</trkpt>
<trkpt lat="36.32739194444444" lon="139.08378694444446">
<ele>80</ele>
</trkpt>
<trkpt lat="36.32743194444444" lon="139.08370888888888">
<ele>80</ele>
</trkpt>
<trkpt lat="36.32747111111111" lon="139.08363111111112">
<ele>80</ele>
</trkpt>
<trkpt lat="36.32751" lon="139.08355305555557">
<ele>80</ele>
</trkpt>
<trkpt lat="36.32754888888889" lon="139.083475">
<ele>80</ele>
</trkpt>
<trkpt lat="36.32758888888889" lon="139.08339694444444">
<ele>80</ele>
</trkpt>
<trkpt lat="36.32762805555556" lon="139.0833188888889">
<ele>80</ele>
</trkpt>
<trkpt lat="36.327666944444445" lon="139.0832411111111">
<ele>79</ele>
</trkpt>
<trkpt lat="36.327706944444444" lon="139.08316305555556">
<ele>80</ele>
</trkpt>
<trkpt lat="36.32774611111111" lon="139.083085">
<ele>80</ele>
</trkpt>
<trkpt lat="36.327785" lon="139.08300694444443">
<ele>79</ele>
</trkpt>
<trkpt lat="36.32780805555556" lon="139.0829588888889">
<ele>80</ele>
</trkpt>
<trkpt lat="36.32783194444445" lon="139.08291194444445">
<ele>80</ele>
</trkpt>
<trkpt lat="36.327855" lon="139.08286388888888">
<ele>80</ele>
</trkpt>
<trkpt lat="36.32787805555556" lon="139.0828161111111">
<ele>80</ele>
</trkpt>
<trkpt lat="36.32790111111111" lon="139.0827688888889">
<ele>80</ele>
</trkpt>
<trkpt lat="36.327925" lon="139.0827211111111">
<ele>80</ele>
</trkpt>
<trkpt lat="36.32794805555555" lon="139.08267305555555">
<ele>80</ele>
</trkpt>
<trkpt lat="36.32797111111111" lon="139.08262611111113">
<ele>80</ele>
</trkpt>
<trkpt lat="36.32799388888889" lon="139.08257805555556">
<ele>80</ele>
</trkpt>
<trkpt lat="36.32801805555555" lon="139.08253">
<ele>80</ele>
</trkpt>
<trkpt lat="36.32804111111111" lon="139.08248305555554">
<ele>80</ele>
</trkpt>
<trkpt lat="36.32806388888889" lon="139.082435">
<ele>80</ele>
</trkpt>
<trkpt lat="36.328088055555554" lon="139.08238694444444">
<ele>80</ele>
</trkpt>
<trkpt lat="36.32811111111111" lon="139.08234">
<ele>80</ele>
</trkpt>
<trkpt lat="36.328133888888885" lon="139.08229194444445">
<ele>80</ele>
</trkpt>
<trkpt lat="36.328158055555555" lon="139.08224388888888">
<ele>80</ele>
</trkpt>
<trkpt lat="36.328181111111114" lon="139.08219694444443">
<ele>80</ele>
</trkpt>
<trkpt lat="36.328203888888886" lon="139.0821488888889">
<ele>80</ele>
</trkpt>
<trkpt lat="36.32820888888889" lon="139.0821388888889">
<ele>80</ele>
</trkpt>
<trkpt lat="36.32822888888889" lon="139.08208888888888">
<ele>80</ele>
</trkpt>
<trkpt lat="36.328248888888886" lon="139.08204">
<ele>80</ele>
</trkpt>
<trkpt lat="36.328268888888886" lon="139.08199">
<ele>80</ele>
</trkpt>
<trkpt lat="36.32828888888889" lon="139.08194">
<ele>80</ele>
</trkpt>
<trkpt lat="36.32831" lon="139.08189">
<ele>80</ele>
</trkpt>
<trkpt lat="36.32833" lon="139.08184111111112">
<ele>80</ele>
</trkpt>
<trkpt lat="36.32835" lon="139.0817911111111">
<ele>80</ele>
</trkpt>
<trkpt lat="36.32837111111111" lon="139.0817411111111">
<ele>80</ele>
</trkpt>
<trkpt lat="36.32839111111111" lon="139.0816911111111">
<ele>80</ele>
</trkpt>
<trkpt lat="36.32841111111111" lon="139.0816411111111">
<ele>80</ele>
</trkpt>
<trkpt lat="36.32842111111111" lon="139.08161805555557">
<ele>80</ele>
</trkpt>
<trkpt lat="36.32843694444445" lon="139.0815661111111">
<ele>80</ele>
</trkpt>
<trkpt lat="36.32845388888889" lon="139.08151388888888">
<ele>80</ele>
</trkpt>
<trkpt lat="36.32847" lon="139.08146194444444">
<ele>80</ele>
</trkpt>
<trkpt lat="36.32848694444444" lon="139.08141111111112">
<ele>80</ele>
</trkpt>
<trkpt lat="36.32850388888889" lon="139.0813588888889">
<ele>80</ele>
</trkpt>
<trkpt lat="36.32852" lon="139.08130694444444">
<ele>80</ele>
</trkpt>
<trkpt lat="36.328536944444444" lon="139.081255">
<ele>80</ele>
</trkpt>
<trkpt lat="36.32855305555555" lon="139.08120305555556">
<ele>80</ele>
</trkpt>
<trkpt lat="36.32857" lon="139.0811511111111">
<ele>80</ele>
</trkpt>
<trkpt lat="36.328586944444446" lon="139.0811">
<ele>80</ele>
</trkpt>
<trkpt lat="36.328603055555554" lon="139.08104805555556">
<ele>80</ele>
</trkpt>
<trkpt lat="36.32862" lon="139.08099611111112">
<ele>80</ele>
</trkpt>
<trkpt lat="36.32863611111111" lon="139.0809438888889">
<ele>80</ele>
</trkpt>
<trkpt lat="36.328653055555556" lon="139.08089194444443">
<ele>80</ele>
</trkpt>
<trkpt lat="36.32867" lon="139.0808411111111">
<ele>80</ele>
</trkpt>
<trkpt lat="36.32868611111111" lon="139.0807888888889">
<ele>80</ele>
</trkpt>
<trkpt lat="36.328696111111114" lon="139.08075805555555">
<ele>80</ele>
</trkpt>
<trkpt lat="36.32871388888889" lon="139.08070694444444">
<ele>80</ele>
</trkpt>
<trkpt lat="36.32873194444444" lon="139.08065611111113">
<ele>80</ele>
</trkpt>
<trkpt lat="36.32874888888889" lon="139.0806038888889">
<ele>80</ele>
</trkpt>
<trkpt lat="36.328766944444446" lon="139.08055305555555">
<ele>80</ele>
</trkpt>
<trkpt lat="36.328785" lon="139.08050194444445">
<ele>80</ele>
</trkpt>
<trkpt lat="36.32880194444444" lon="139.0804511111111">
<ele>80</ele>
</trkpt>
<trkpt lat="36.32882" lon="139.08039888888888">
<ele>80</ele>
</trkpt>
<trkpt lat="36.32883805555556" lon="139.08034805555556">
<ele>80</ele>
</trkpt>
<trkpt lat="36.32885611111111" lon="139.08029694444446">
<ele>80</ele>
</trkpt>
<trkpt lat="36.32885805555556" lon="139.0802911111111">
<ele>80</ele>
</trkpt>
<trkpt lat="36.32888111111111" lon="139.08024305555554">
<ele>80</ele>
</trkpt>
<trkpt lat="36.32890388888889" lon="139.080195">
<ele>80</ele>
</trkpt>
<trkpt lat="36.32892694444445" lon="139.08014805555555">
<ele>80</ele>
</trkpt>
<trkpt lat="36.32895111111111" lon="139.0801">
<ele>80</ele>
</trkpt>
<trkpt lat="36.32897388888889" lon="139.08005194444445">
<ele>80</ele>
</trkpt>
<trkpt lat="36.32899694444444" lon="139.08000388888888">
<ele>80</ele>
</trkpt>
<trkpt lat="36.32902" lon="139.07995694444443">
<ele>80</ele>
</trkpt>
<trkpt lat="36.32904388888889" lon="139.0799088888889">
<ele>80</ele>
</trkpt>
<trkpt lat="36.32906694444444" lon="139.07986111111111">
<ele>80</ele>
</trkpt>
<trkpt lat="36.32908888888889" lon="139.079815">
<ele>80</ele>
</trkpt>
<trkpt lat="36.32912611111111" lon="139.07978111111112">
<ele>80</ele>
</trkpt>
<trkpt lat="36.32916111111111" lon="139.07974805555557">
<ele>80</ele>
</trkpt>
<trkpt lat="36.32919694444445" lon="139.07971388888888">
<ele>80</ele>
</trkpt>
<trkpt lat="36.32922388888889" lon="139.07969">
<ele>80</ele>
</trkpt>
<trkpt lat="36.329256111111114" lon="139.0796511111111">
<ele>80</ele>
</trkpt>
<trkpt lat="36.32928888888889" lon="139.07961194444445">
<ele>80</ele>
</trkpt>
<trkpt lat="36.32932111111111" lon="139.0795738888889">
<ele>80</ele>
</trkpt>
<trkpt lat="36.32935388888889" lon="139.0795361111111">
<ele>80</ele>
</trkpt>
<trkpt lat="36.32938611111111" lon="139.07949694444446">
<ele>80</ele>
</trkpt>
<trkpt lat="36.32941888888889" lon="139.07945805555556">
<ele>80</ele>
</trkpt>
<trkpt lat="36.32945111111111" lon="139.07942">
<ele>80</ele>
</trkpt>
<trkpt lat="36.32946305555556" lon="139.0794061111111">
<ele>80</ele>
</trkpt>
<trkpt lat="36.32948611111111" lon="139.0793588888889">
<ele>80</ele>
</trkpt>
<trkpt lat="36.32951" lon="139.0793111111111">
<ele>80</ele>
</trkpt>
<trkpt lat="36.32953388888889" lon="139.0792638888889">
<ele>80</ele>
</trkpt>
<trkpt lat="36.32955805555556" lon="139.07921611111112">
<ele>80</ele>
</trkpt>
<trkpt lat="36.32958111111111" lon="139.0791688888889">
<ele>80</ele>
</trkpt>
<trkpt lat="36.329605" lon="139.07912194444444">
<ele>80</ele>
</trkpt>
<trkpt lat="36.32962888888889" lon="139.0790738888889">
<ele>80</ele>
</trkpt>
<trkpt lat="36.32965194444444" lon="139.07902694444445">
<ele>80</ele>
</trkpt>
<trkpt lat="36.32966111111111" lon="139.0790088888889">
<ele>80</ele>
</trkpt>
<trkpt lat="36.329695" lon="139.07892805555556">
<ele>80</ele>
</trkpt>
<trkpt lat="36.32972888888889" lon="139.078845">
<ele>80</ele>
</trkpt>
<trkpt lat="36.32976194444444" lon="139.07876305555556">
<ele>80</ele>
</trkpt>
<trkpt lat="36.32979611111111" lon="139.0786811111111">
<ele>80</ele>
</trkpt>
<trkpt lat="36.32983" lon="139.07859888888888">
<ele>80</ele>
</trkpt>
<trkpt lat="36.32986388888889" lon="139.07851694444443">
<ele>80</ele>
</trkpt>
<trkpt lat="36.32989805555555" lon="139.0784338888889">
<ele>80</ele>
</trkpt>
<trkpt lat="36.32993111111111" lon="139.07835194444445">
<ele>80</ele>
</trkpt>
<trkpt lat="36.329965" lon="139.07827">
<ele>80</ele>
</trkpt>
<trkpt lat="36.32999888888889" lon="139.07818805555556">
<ele>80</ele>
</trkpt>
<trkpt lat="36.33003305555555" lon="139.0781061111111">
<ele>80</ele>
</trkpt>
<trkpt lat="36.33006694444445" lon="139.07802388888888">
<ele>80</ele>
</trkpt>
<trkpt lat="36.3301" lon="139.07794194444443">
<ele>80</ele>
</trkpt>
<trkpt lat="36.33013388888889" lon="139.0778588888889">
<ele>80</ele>
</trkpt>
<trkpt lat="36.33016805555555" lon="139.07777805555557">
<ele>80</ele>
</trkpt>
<trkpt lat="36.33020194444445" lon="139.077695">
<ele>80</ele>
</trkpt>
<trkpt lat="36.33023611111111" lon="139.07761305555556">
<ele>80</ele>
</trkpt>
<trkpt lat="36.33026888888889" lon="139.0775311111111">
<ele>80</ele>
</trkpt>
<trkpt lat="36.330303055555554" lon="139.07744888888888">
<ele>80</ele>
</trkpt>
<trkpt lat="36.330325" lon="139.0774">
<ele>80</ele>
</trkpt>
<trkpt lat="36.33034694444444" lon="139.07735194444444">
<ele>80</ele>
</trkpt>
<trkpt lat="36.33036888888889" lon="139.07730305555555">
<ele>80</ele>
</trkpt>
<trkpt lat="36.33039111111111" lon="139.0772538888889">
<ele>80</ele>
</trkpt>
<trkpt lat="36.33041111111111" lon="139.0772111111111">
<ele>80</ele>
</trkpt>
<trkpt lat="36.330445" lon="139.077175">
<ele>80</ele>
</trkpt>
<trkpt lat="36.33047888888889" lon="139.0771388888889">
<ele>80</ele>
</trkpt>
<trkpt lat="36.330513055555556" lon="139.07710194444445">
<ele>80</ele>
</trkpt>
<trkpt lat="36.330525" lon="139.07709">
<ele>80</ele>
</trkpt>
<trkpt lat="36.33056305555556" lon="139.07706">
<ele>80</ele>
</trkpt>
<trkpt lat="36.33060111111111" lon="139.07703">
<ele>80</ele>
</trkpt>
<trkpt lat="36.33063805555555" lon="139.077">
<ele>80</ele>
</trkpt>
<trkpt lat="36.33067611111111" lon="139.0769688888889">
<ele>80</ele>
</trkpt>
<trkpt lat="36.33070305555555" lon="139.07694805555556">
<ele>80</ele>
</trkpt>
<trkpt lat="36.33074611111111" lon="139.07693194444445">
<ele>80</ele>
</trkpt>
<trkpt lat="36.33078888888889" lon="139.076915">
<ele>80</ele>
</trkpt>
<trkpt lat="36.33083194444445" lon="139.07689888888888">
<ele>80</ele>
</trkpt>
<trkpt lat="36.330843888888886" lon="139.0768938888889">
<ele>80</ele>
</trkpt>
<trkpt lat="36.33089805555556" lon="139.0768811111111">
<ele>80</ele>
</trkpt>
<trkpt lat="36.33095194444444" lon="139.07686805555556">
<ele>80</ele>
</trkpt>
<trkpt lat="36.331005" lon="139.07685388888888">
<ele>80</ele>
</trkpt>
<trkpt lat="36.33105888888889" lon="139.07684111111112">
<ele>80</ele>
</trkpt>
<trkpt lat="36.331111944444444" lon="139.07682805555555">
<ele>80</ele>
</trkpt>
<trkpt lat="36.33116611111111" lon="139.076815">
<ele>80</ele>
</trkpt>
<trkpt lat="36.33122" lon="139.07680194444444">
<ele>80</ele>
</trkpt>
<trkpt lat="36.331273055555556" lon="139.07678805555557">
<ele>80</ele>
</trkpt>
<trkpt lat="36.33132694444444" lon="139.076775">
<ele>80</ele>
</trkpt>
<trkpt lat="36.331381111111114" lon="139.07676194444446">
<ele>80</ele>
</trkpt>
<trkpt lat="36.33143388888889" lon="139.0767488888889">
<ele>80</ele>
</trkpt>
<trkpt lat="36.33148805555555" lon="139.0767361111111">
<ele>80</ele>
</trkpt>
<trkpt lat="36.331541111111115" lon="139.07672194444444">
<ele>80</ele>
</trkpt>
<trkpt lat="36.331595" lon="139.0767088888889">
<ele>80</ele>
</trkpt>
<trkpt lat="36.331648888888886" lon="139.07669611111112">
<ele>80</ele>
</trkpt>
<trkpt lat="36.33170194444445" lon="139.07668305555555">
<ele>80</ele>
</trkpt>
<trkpt lat="36.33175611111111" lon="139.07667">
<ele>80</ele>
</trkpt>
<trkpt lat="36.33180888888889" lon="139.07665694444444">
<ele>80</ele>
</trkpt>
<trkpt lat="36.33186305555556" lon="139.07664305555556">
<ele>80</ele>
</trkpt>
<trkpt lat="36.33190388888889" lon="139.0766188888889">
<ele>80</ele>
</trkpt>
<trkpt lat="36.33192694444445" lon="139.07660611111112">
<ele>80</ele>
</trkpt>
<trkpt lat="36.33197" lon="139.07656305555557">
<ele>80</ele>
</trkpt>
<trkpt lat="36.33201388888889" lon="139.07652">
<ele>80</ele>
</trkpt>
<trkpt lat="36.332056944444446" lon="139.07647694444444">
<ele>80</ele>
</trkpt>
<trkpt lat="36.3321" lon="139.0764338888889">
<ele>80</ele>
</trkpt>
<trkpt lat="36.332143888888886" lon="139.07639111111112">
<ele>80</ele>
</trkpt>
<trkpt lat="36.332186944444445" lon="139.07634805555554">
<ele>80</ele>
</trkpt>
<trkpt lat="36.33223" lon="139.0763038888889">
<ele>80</ele>
</trkpt>
<trkpt lat="36.33227388888889" lon="139.0762611111111">
<ele>80</ele>
</trkpt>
<trkpt lat="36.33231694444444" lon="139.07621805555556">
<ele>80</ele>
</trkpt>
<trkpt lat="36.33236" lon="139.076175">
<ele>80</ele>
</trkpt>
<trkpt lat="36.33240388888889" lon="139.07613194444446">
<ele>80</ele>
</trkpt>
<trkpt lat="36.33244694444444" lon="139.07608888888888">
<ele>80</ele>
</trkpt>
<trkpt lat="36.33249111111111" lon="139.0760461111111">
<ele>80</ele>
</trkpt>
<trkpt lat="36.33253388888889" lon="139.07600305555556">
<ele>80</ele>
</trkpt>
<trkpt lat="36.33257694444445" lon="139.07596">
<ele>80</ele>
</trkpt>
<trkpt lat="36.33262111111111" lon="139.07591694444446">
<ele>80</ele>
</trkpt>
<trkpt lat="36.33266388888889" lon="139.07587388888888">
<ele>80</ele>
</trkpt>
<trkpt lat="36.332706944444446" lon="139.0758311111111">
<ele>80</ele>
</trkpt>
<trkpt lat="36.33275111111111" lon="139.07578805555556">
<ele>80</ele>
</trkpt>
<trkpt lat="36.33278888888889" lon="139.07575888888888">
<ele>80</ele>
</trkpt>
<trkpt lat="36.33282805555555" lon="139.07573">
<ele>80</ele>
</trkpt>
<trkpt lat="36.33286611111111" lon="139.0757011111111">
<ele>80</ele>
</trkpt>
<trkpt lat="36.332903888888886" lon="139.07567194444445">
<ele>80</ele>
</trkpt>
<trkpt lat="36.33291194444445" lon="139.07566694444444">
<ele>80</ele>
</trkpt>
<trkpt lat="36.33295611111111" lon="139.07564694444446">
<ele>80</ele>
</trkpt>
<trkpt lat="36.333" lon="139.07562694444445">
<ele>80</ele>
</trkpt>
<trkpt lat="36.33304388888889" lon="139.07560694444444">
<ele>80</ele>
</trkpt>
<trkpt lat="36.33308805555556" lon="139.07558694444444">
<ele>80</ele>
</trkpt>
<trkpt lat="36.333131944444446" lon="139.07556694444443">
<ele>80</ele>
</trkpt>
<trkpt lat="36.33317611111111" lon="139.07554694444445">
<ele>80</ele>
</trkpt>
<trkpt lat="36.33322" lon="139.07552694444445">
<ele>80</ele>
</trkpt>
<trkpt lat="36.33326388888889" lon="139.07550694444444">
<ele>80</ele>
</trkpt>
<trkpt lat="36.333308055555555" lon="139.07548694444444">
<ele>80</ele>
</trkpt>
<trkpt lat="36.333351944444445" lon="139.07546694444446">
<ele>80</ele>
</trkpt>
<trkpt lat="36.333396111111114" lon="139.07544694444445">
<ele>80</ele>
</trkpt>
<trkpt lat="36.333441111111114" lon="139.07542694444444">
<ele>80</ele>
</trkpt>
<trkpt lat="36.333485" lon="139.07540694444444">
<ele>80</ele>
</trkpt>
<trkpt lat="36.333528888888885" lon="139.07538694444443">
<ele>80</ele>
</trkpt>
<trkpt lat="36.333573055555554" lon="139.07536694444445">
<ele>80</ele>
</trkpt>
<trkpt lat="36.333616944444444" lon="139.07534694444445">
<ele>80</ele>
</trkpt>
<trkpt lat="36.33366111111111" lon="139.07532694444444">
<ele>80</ele>
</trkpt>
<trkpt lat="36.333705" lon="139.07530694444443">
<ele>80</ele>
</trkpt>
<trkpt lat="36.33374888888889" lon="139.07528694444446">
<ele>80</ele>
</trkpt>
<trkpt lat="36.33379194444444" lon="139.07527305555556">
<ele>80</ele>
</trkpt>
<trkpt lat="36.33383611111111" lon="139.0752588888889">
<ele>80</ele>
</trkpt>
<trkpt lat="36.33387888888889" lon="139.075245">
<ele>80</ele>
</trkpt>
<trkpt lat="36.33392305555556" lon="139.07523">
<ele>80</ele>
</trkpt>
<trkpt lat="36.33396611111111" lon="139.0752161111111">
<ele>80</ele>
</trkpt>
<trkpt lat="36.33400888888889" lon="139.07520194444444">
<ele>80</ele>
</trkpt>
<trkpt lat="36.33405305555556" lon="139.07518805555554">
<ele>80</ele>
</trkpt>
<trkpt lat="36.33409611111111" lon="139.07517388888888">
<ele>80</ele>
</trkpt>
<trkpt lat="36.33414" lon="139.0751588888889">
<ele>80</ele>
</trkpt>
<trkpt lat="36.334183055555556" lon="139.075145">
<ele>80</ele>
</trkpt>
<trkpt lat="36.334226944444445" lon="139.07513111111112">
<ele>80</ele>
</trkpt>
<trkpt lat="36.33427" lon="139.07511694444443">
<ele>80</ele>
</trkpt>
<trkpt lat="36.33431" lon="139.0751038888889">
<ele>80</ele>
</trkpt>
<trkpt lat="36.334355" lon="139.0751011111111">
<ele>80</ele>
</trkpt>
<trkpt lat="36.3344" lon="139.07509805555554">
<ele>80</ele>
</trkpt>
<trkpt lat="36.334445" lon="139.075095">
<ele>80</ele>
</trkpt>
<trkpt lat="36.33449" lon="139.07509194444444">
<ele>80</ele>
</trkpt>
<trkpt lat="36.334535" lon="139.0750888888889">
<ele>80</ele>
</trkpt>
<trkpt lat="36.33457888888889" lon="139.07508694444445">
<ele>80</ele>
</trkpt>
<trkpt lat="36.33462388888889" lon="139.07508388888888">
<ele>80</ele>
</trkpt>
<trkpt lat="36.33466888888889" lon="139.0750811111111">
<ele>80</ele>
</trkpt>
<trkpt lat="36.33471388888889" lon="139.07507805555557">
<ele>80</ele>
</trkpt>
<trkpt lat="36.33475888888889" lon="139.07507611111112">
<ele>80</ele>
</trkpt>
<trkpt lat="36.33480388888889" lon="139.07507194444443">
<ele>80</ele>
</trkpt>
<trkpt lat="36.33484888888889" lon="139.07507">
<ele>80</ele>
</trkpt>
<trkpt lat="36.33489388888889" lon="139.07506694444444">
<ele>80</ele>
</trkpt>
<trkpt lat="36.33490888888889" lon="139.0750661111111">
<ele>80</ele>
</trkpt>
<trkpt lat="36.33495694444444" lon="139.0750661111111">
<ele>80</ele>
</trkpt>
<trkpt lat="36.335005" lon="139.0750661111111">
<ele>80</ele>
</trkpt>
<trkpt lat="36.335051944444444" lon="139.0750661111111">
<ele>80</ele>
</trkpt>
<trkpt lat="36.33510111111111" lon="139.0750661111111">
<ele>80</ele>
</trkpt>
<trkpt lat="36.33514805555556" lon="139.0750661111111">
<ele>80</ele>
</trkpt>
<trkpt lat="36.33519611111111" lon="139.0750661111111">
<ele>80</ele>
</trkpt>
<trkpt lat="36.33524388888889" lon="139.0750661111111">
<ele>80</ele>
</trkpt>
<trkpt lat="36.33529194444444" lon="139.0750661111111">
<ele>80</ele>
</trkpt>
<trkpt lat="36.33534" lon="139.0750661111111">
<ele>80</ele>
</trkpt>
<trkpt lat="36.335388055555555" lon="139.0750661111111">
<ele>80</ele>
</trkpt>
<trkpt lat="36.335436111111115" lon="139.0750661111111">
<ele>80</ele>
</trkpt>
<trkpt lat="36.33548388888889" lon="139.0750661111111">
<ele>80</ele>
</trkpt>
<trkpt lat="36.33553194444445" lon="139.0750661111111">
<ele>80</ele>
</trkpt>
<trkpt lat="36.33558" lon="139.0750661111111">
<ele>80</ele>
</trkpt>
<trkpt lat="36.33562805555555" lon="139.0750661111111">
<ele>80</ele>
</trkpt>
<trkpt lat="36.33567611111111" lon="139.0750661111111">
<ele>80</ele>
</trkpt>
<trkpt lat="36.335723888888886" lon="139.0750661111111">
<ele>80</ele>
</trkpt>
<trkpt lat="36.335771944444446" lon="139.0750661111111">
<ele>80</ele>
</trkpt>
<trkpt lat="36.33582" lon="139.0750661111111">
<ele>80</ele>
</trkpt>
<trkpt lat="36.33586388888889" lon="139.07505805555556">
<ele>80</ele>
</trkpt>
<trkpt lat="36.33590888888889" lon="139.0750488888889">
<ele>80</ele>
</trkpt>
<trkpt lat="36.33595305555556" lon="139.07504111111112">
<ele>80</ele>
</trkpt>
<trkpt lat="36.335996944444446" lon="139.07503194444445">
<ele>80</ele>
</trkpt>
<trkpt lat="36.336041944444446" lon="139.0750238888889">
<ele>80</ele>
</trkpt>
<trkpt lat="36.336106944444445" lon="139.0750088888889">
<ele>80</ele>
</trkpt>
<trkpt lat="36.336171944444445" lon="139.07499388888888">
<ele>81</ele>
</trkpt>
<trkpt lat="36.336236944444444" lon="139.0749788888889">
<ele>81</ele>
</trkpt>
<trkpt lat="36.33630194444444" lon="139.0749638888889">
<ele>81</ele>
</trkpt>
<trkpt lat="36.33636694444444" lon="139.07495">
<ele>81</ele>
</trkpt>
<trkpt lat="36.33643194444444" lon="139.074935">
<ele>81</ele>
</trkpt>
<trkpt lat="36.33649694444444" lon="139.07492">
<ele>81</ele>
</trkpt>
<trkpt lat="36.33656194444445" lon="139.074905">
<ele>81</ele>
</trkpt>
<trkpt lat="36.33662805555556" lon="139.07489">
<ele>81</ele>
</trkpt>
<trkpt lat="36.33669305555556" lon="139.074875">
<ele>81</ele>
</trkpt>
<trkpt lat="36.336758055555556" lon="139.07486">
<ele>81</ele>
</trkpt>
<trkpt lat="36.336823055555556" lon="139.074845">
<ele>81</ele>
</trkpt>
<trkpt lat="36.336888055555555" lon="139.07483">
<ele>81</ele>
</trkpt>
<trkpt lat="36.336953055555554" lon="139.074815">
<ele>81</ele>
</trkpt>
<trkpt lat="36.33701805555555" lon="139.0748">
<ele>81</ele>
</trkpt>
<trkpt lat="36.33708305555555" lon="139.074785">
<ele>81</ele>
</trkpt>
<trkpt lat="36.33714805555555" lon="139.07477">
<ele>81</ele>
</trkpt>
<trkpt lat="36.33721388888889" lon="139.0747561111111">
<ele>81</ele>
</trkpt>
<trkpt lat="36.33727888888889" lon="139.0747411111111">
<ele>81</ele>
</trkpt>
<trkpt lat="36.33735305555555" lon="139.0747111111111">
<ele>81</ele>
</trkpt>
<trkpt lat="36.337428055555556" lon="139.07468194444445">
<ele>81</ele>
</trkpt>
<trkpt lat="36.33750194444445" lon="139.07465305555556">
<ele>81</ele>
</trkpt>
<trkpt lat="36.33757694444444" lon="139.07462388888888">
<ele>81</ele>
</trkpt>
<trkpt lat="36.337651111111114" lon="139.0745938888889">
<ele>81</ele>
</trkpt>
<trkpt lat="36.33772611111111" lon="139.074565">
<ele>80</ele>
</trkpt>
<trkpt lat="36.3378" lon="139.07453611111112">
<ele>81</ele>
</trkpt>
<trkpt lat="36.337873888888886" lon="139.07450694444444">
<ele>81</ele>
</trkpt>
<trkpt lat="36.33794888888889" lon="139.07447805555555">
<ele>81</ele>
</trkpt>
<trkpt lat="36.33802305555555" lon="139.07444805555556">
<ele>80</ele>
</trkpt>
<trkpt lat="36.338098055555555" lon="139.07441888888889">
<ele>81</ele>
</trkpt>
<trkpt lat="36.33817194444445" lon="139.07439">
<ele>81</ele>
</trkpt>
<trkpt lat="36.33824694444444" lon="139.0743611111111">
<ele>81</ele>
</trkpt>
<trkpt lat="36.338321111111114" lon="139.07433194444445">
<ele>81</ele>
</trkpt>
<trkpt lat="36.33839611111111" lon="139.07430194444444">
<ele>81</ele>
</trkpt>
<trkpt lat="36.33847" lon="139.07427305555555">
<ele>81</ele>
</trkpt>
<trkpt lat="36.338545" lon="139.0742438888889">
<ele>81</ele>
</trkpt>
<trkpt lat="36.33861888888889" lon="139.074215">
<ele>82</ele>
</trkpt>
<trkpt lat="36.33869388888889" lon="139.07418611111112">
<ele>82</ele>
</trkpt>
<trkpt lat="36.338771111111114" lon="139.0741588888889">
<ele>82</ele>
</trkpt>
<trkpt lat="36.33884805555556" lon="139.07413194444445">
<ele>82</ele>
</trkpt>
<trkpt lat="36.338925" lon="139.07410611111112">
<ele>83</ele>
</trkpt>
<trkpt lat="36.33900194444445" lon="139.0740788888889">
<ele>83</ele>
</trkpt>
<trkpt lat="36.33907888888889" lon="139.07405305555557">
<ele>83</ele>
</trkpt>
<trkpt lat="36.33915611111111" lon="139.07402611111112">
<ele>82</ele>
</trkpt>
<trkpt lat="36.33923194444444" lon="139.0739988888889">
<ele>83</ele>
</trkpt>
<trkpt lat="36.33930888888889" lon="139.07397305555557">
<ele>83</ele>
</trkpt>
<trkpt lat="36.33938611111111" lon="139.0739461111111">
<ele>82</ele>
</trkpt>
<trkpt lat="36.339463055555555" lon="139.07392">
<ele>82</ele>
</trkpt>
<trkpt lat="36.33954" lon="139.07389305555554">
<ele>82</ele>
</trkpt>
<trkpt lat="36.339616944444444" lon="139.07386694444443">
<ele>84</ele>
</trkpt>
<trkpt lat="36.33969388888889" lon="139.07384">
<ele>83</ele>
</trkpt>
<trkpt lat="36.33977111111111" lon="139.07381388888888">
<ele>83</ele>
</trkpt>
<trkpt lat="36.33984805555556" lon="139.07378694444444">
<ele>82</ele>
</trkpt>
<trkpt lat="36.339925" lon="139.07376">
<ele>81</ele>
</trkpt>
<trkpt lat="36.340001944444445" lon="139.07373388888888">
<ele>80</ele>
</trkpt>
<trkpt lat="36.34007888888889" lon="139.07370694444444">
<ele>80</ele>
</trkpt>
<trkpt lat="36.34015611111111" lon="139.0736811111111">
<ele>80</ele>
</trkpt>
<trkpt lat="36.340201111111114" lon="139.07368888888888">
<ele>80</ele>
</trkpt>
<trkpt lat="36.340245" lon="139.07369694444444">
<ele>80</ele>
</trkpt>
<trkpt lat="36.34028888888889" lon="139.0737061111111">
<ele>80</ele>
</trkpt>
<trkpt lat="36.340333888888885" lon="139.07371388888888">
<ele>80</ele>
</trkpt>
<trkpt lat="36.340378888888885" lon="139.0737061111111">
<ele>80</ele>
</trkpt>
<trkpt lat="36.340423055555554" lon="139.07369694444444">
<ele>80</ele>
</trkpt>
<trkpt lat="36.340468055555554" lon="139.07368888888888">
<ele>80</ele>
</trkpt>
<trkpt lat="36.340511944444444" lon="139.07368">
<ele>80</ele>
</trkpt>
<trkpt lat="36.34055611111111" lon="139.07367194444444">
<ele>80</ele>
</trkpt>
<trkpt lat="36.34060111111111" lon="139.07366305555556">
<ele>81</ele>
</trkpt>
<trkpt lat="36.340645" lon="139.073655">
<ele>81</ele>
</trkpt>
<trkpt lat="36.34068888888889" lon="139.07364611111112">
<ele>81</ele>
</trkpt>
<trkpt lat="36.34070694444444" lon="139.07364305555555">
<ele>81</ele>
</trkpt>
<trkpt lat="36.34075111111111" lon="139.07363">
<ele>81</ele>
</trkpt>
<trkpt lat="36.340795" lon="139.07361805555556">
<ele>81</ele>
</trkpt>
<trkpt lat="36.34083888888889" lon="139.073605">
<ele>81</ele>
</trkpt>
<trkpt lat="36.34088194444445" lon="139.07359194444444">
<ele>81</ele>
</trkpt>
<trkpt lat="36.34092611111111" lon="139.07357888888887">
<ele>81</ele>
</trkpt>
<trkpt lat="36.34097" lon="139.07356694444445">
<ele>82</ele>
</trkpt>
<trkpt lat="36.34101305555556" lon="139.07355388888888">
<ele>82</ele>
</trkpt>
<trkpt lat="36.341056944444446" lon="139.0735411111111">
<ele>82</ele>
</trkpt>
<trkpt lat="36.34110111111111" lon="139.0735288888889">
<ele>82</ele>
</trkpt>
<trkpt lat="36.341138055555554" lon="139.07351805555555">
<ele>82</ele>
</trkpt>
<trkpt lat="36.34118194444444" lon="139.073525">
<ele>82</ele>
</trkpt>
<trkpt lat="36.34122694444444" lon="139.07353194444445">
<ele>82</ele>
</trkpt>
<trkpt lat="36.34127111111111" lon="139.0735388888889">
<ele>82</ele>
</trkpt>
<trkpt lat="36.34131611111111" lon="139.0735461111111">
<ele>82</ele>
</trkpt>
<trkpt lat="36.34133111111111" lon="139.07354805555556">
<ele>82</ele>
</trkpt>
<trkpt lat="36.341433888888886" lon="139.0735488888889">
<ele>82</ele>
</trkpt>
<trkpt lat="36.34153805555555" lon="139.07355">
<ele>82</ele>
</trkpt>
<trkpt lat="36.34164111111111" lon="139.0735511111111">
<ele>82</ele>
</trkpt>
<trkpt lat="36.34174388888889" lon="139.07355194444443">
<ele>82</ele>
</trkpt>
<trkpt lat="36.34184805555556" lon="139.07355194444443">
<ele>82</ele>
</trkpt>
<trkpt lat="36.34195111111111" lon="139.07355305555555">
<ele>82</ele>
</trkpt>
<trkpt lat="36.34205388888889" lon="139.07355388888888">
<ele>82</ele>
</trkpt>
<trkpt lat="36.34215805555556" lon="139.073555">
<ele>82</ele>
</trkpt>
<trkpt lat="36.342261111111114" lon="139.07355611111112">
<ele>82</ele>
</trkpt>
<trkpt lat="36.34236388888889" lon="139.07355694444445">
<ele>82</ele>
</trkpt>
<trkpt lat="36.34246805555556" lon="139.07355805555557">
<ele>82</ele>
</trkpt>
<trkpt lat="36.34257111111111" lon="139.0735588888889">
<ele>82</ele>
</trkpt>
<trkpt lat="36.34267388888889" lon="139.0735588888889">
<ele>82</ele>
</trkpt>
<trkpt lat="36.342778055555556" lon="139.07356">
<ele>82</ele>
</trkpt>
<trkpt lat="36.34288111111111" lon="139.0735611111111">
<ele>82</ele>
</trkpt>
<trkpt lat="36.34298388888889" lon="139.07356194444444">
<ele>82</ele>
</trkpt>
<trkpt lat="36.343088055555555" lon="139.07356305555555">
<ele>82</ele>
</trkpt>
<trkpt lat="36.34319111111111" lon="139.07356388888888">
<ele>82</ele>
</trkpt>
<trkpt lat="36.34329388888889" lon="139.073565">
<ele>82</ele>
</trkpt>
<trkpt lat="36.343336944444445" lon="139.0735488888889">
<ele>82</ele>
</trkpt>
<trkpt lat="36.34338" lon="139.07353388888887">
<ele>82</ele>
</trkpt>
<trkpt lat="36.343423888888886" lon="139.07351888888888">
<ele>82</ele>
</trkpt>
<trkpt lat="36.343466944444444" lon="139.0735038888889">
<ele>82</ele>
</trkpt>
<trkpt lat="36.34351" lon="139.07348805555554">
<ele>82</ele>
</trkpt>
<trkpt lat="36.34355305555555" lon="139.07347305555555">
<ele>82</ele>
</trkpt>
<trkpt lat="36.34359611111111" lon="139.07345805555556">
<ele>82</ele>
</trkpt>
<trkpt lat="36.34363888888889" lon="139.07344194444445">
<ele>82</ele>
</trkpt>
<trkpt lat="36.34368305555556" lon="139.07342694444444">
<ele>82</ele>
</trkpt>
<trkpt lat="36.343718055555556" lon="139.0734138888889">
<ele>82</ele>
</trkpt>
<trkpt lat="36.343761944444445" lon="139.07341194444444">
<ele>82</ele>
</trkpt>
<trkpt lat="36.343806944444445" lon="139.07341">
<ele>81</ele>
</trkpt>
<trkpt lat="36.343851944444445" lon="139.07340805555555">
<ele>81</ele>
</trkpt>
<trkpt lat="36.34387888888889" lon="139.0734061111111">
<ele>81</ele>
</trkpt>
<trkpt lat="36.34396111111111" lon="139.07336805555556">
<ele>81</ele>
</trkpt>
<trkpt lat="36.34404194444444" lon="139.07333111111112">
<ele>81</ele>
</trkpt>
<trkpt lat="36.34412388888889" lon="139.07329305555555">
<ele>81</ele>
</trkpt>
<trkpt lat="36.34420611111111" lon="139.073255">
<ele>81</ele>
</trkpt>
<trkpt lat="36.34428805555556" lon="139.07321694444445">
<ele>81</ele>
</trkpt>
<trkpt lat="36.34436888888889" lon="139.0731788888889">
<ele>81</ele>
</trkpt>
<trkpt lat="36.34445111111111" lon="139.07314194444444">
<ele>81</ele>
</trkpt>
<trkpt lat="36.34453305555556" lon="139.07310388888888">
<ele>81</ele>
</trkpt>
<trkpt lat="36.34461388888889" lon="139.0730661111111">
<ele>81</ele>
</trkpt>
<trkpt lat="36.34469611111111" lon="139.07302805555557">
<ele>81</ele>
</trkpt>
<trkpt lat="36.34477805555556" lon="139.07299111111112">
<ele>81</ele>
</trkpt>
<trkpt lat="36.34486" lon="139.07295305555556">
<ele>81</ele>
</trkpt>
<trkpt lat="36.34494111111111" lon="139.072915">
<ele>81</ele>
</trkpt>
<trkpt lat="36.34502305555556" lon="139.07287694444443">
<ele>81</ele>
</trkpt>
<trkpt lat="36.345105" lon="139.07284">
<ele>81</ele>
</trkpt>
<trkpt lat="36.34518694444444" lon="139.07280194444445">
<ele>81</ele>
</trkpt>
<trkpt lat="36.34526805555556" lon="139.0727638888889">
<ele>81</ele>
</trkpt>
<trkpt lat="36.34535" lon="139.0727261111111">
<ele>80</ele>
</trkpt>
<trkpt lat="36.34543194444444" lon="139.07268888888888">
<ele>80</ele>
</trkpt>
<trkpt lat="36.34547194444445" lon="139.07266388888888">
<ele>80</ele>
</trkpt>
<trkpt lat="36.34551305555556" lon="139.07264">
<ele>80</ele>
</trkpt>
<trkpt lat="36.345553055555555" lon="139.0726161111111">
<ele>80</ele>
</trkpt>
<trkpt lat="36.34559388888889" lon="139.07259194444444">
<ele>80</ele>
</trkpt>
<trkpt lat="36.34563388888889" lon="139.07256805555556">
<ele>80</ele>
</trkpt>
<trkpt lat="36.345675" lon="139.0725438888889">
<ele>80</ele>
</trkpt>
<trkpt lat="36.345715" lon="139.07252">
<ele>80</ele>
</trkpt>
<trkpt lat="36.34575611111111" lon="139.07249611111112">
<ele>80</ele>
</trkpt>
<trkpt lat="36.34579611111111" lon="139.07247194444443">
<ele>80</ele>
</trkpt>
<trkpt lat="36.34583694444444" lon="139.07244805555555">
<ele>80</ele>
</trkpt>
<trkpt lat="36.34587805555555" lon="139.0724238888889">
<ele>80</ele>
</trkpt>
<trkpt lat="36.34591805555556" lon="139.0724">
<ele>80</ele>
</trkpt>
<trkpt lat="36.34595888888889" lon="139.0723761111111">
<ele>80</ele>
</trkpt>
<trkpt lat="36.345998888888886" lon="139.07235194444445">
<ele>80</ele>
</trkpt>
<trkpt lat="36.34603888888889" lon="139.07232805555554">
<ele>80</ele>
</trkpt>
<trkpt lat="36.34605" lon="139.0723211111111">
<ele>80</ele>
</trkpt>
<trkpt lat="36.34608611111111" lon="139.07228805555556">
<ele>80</ele>
</trkpt>
<trkpt lat="36.34612194444444" lon="139.072255">
<ele>80</ele>
</trkpt>
<trkpt lat="36.34615888888889" lon="139.07222194444444">
<ele>81</ele>
</trkpt>
<trkpt lat="36.346195" lon="139.0721888888889">
<ele>81</ele>
</trkpt>
<trkpt lat="36.34623111111111" lon="139.0721561111111">
<ele>80</ele>
</trkpt>
<trkpt lat="36.346266944444444" lon="139.07212305555555">
<ele>80</ele>
</trkpt>
<trkpt lat="36.34630388888889" lon="139.07209">
<ele>81</ele>
</trkpt>
<trkpt lat="36.34634" lon="139.07205694444445">
<ele>80</ele>
</trkpt>
<trkpt lat="36.34637611111111" lon="139.07202388888888">
<ele>80</ele>
</trkpt>
<trkpt lat="36.34641194444445" lon="139.07199111111112">
<ele>81</ele>
</trkpt>
<trkpt lat="36.346448055555555" lon="139.07195805555557">
<ele>80</ele>
</trkpt>
<trkpt lat="36.34648388888889" lon="139.071925">
<ele>80</ele>
</trkpt>
<trkpt lat="36.34650694444444" lon="139.0719038888889">
<ele>81</ele>
</trkpt>
<trkpt lat="36.346563055555556" lon="139.07183694444444">
<ele>81</ele>
</trkpt>
<trkpt lat="36.34661888888889" lon="139.0717688888889">
<ele>82</ele>
</trkpt>
<trkpt lat="36.346675" lon="139.07170194444444">
<ele>82</ele>
</trkpt>
<trkpt lat="36.34673111111111" lon="139.071635">
<ele>83</ele>
</trkpt>
<trkpt lat="36.346786944444446" lon="139.07156805555556">
<ele>85</ele>
</trkpt>
<trkpt lat="36.34684305555555" lon="139.0715011111111">
<ele>83</ele>
</trkpt>
<trkpt lat="36.34689888888889" lon="139.0714338888889">
<ele>86</ele>
</trkpt>
<trkpt lat="36.34695388888889" lon="139.0713661111111">
<ele>84</ele>
</trkpt>
<trkpt lat="36.34701111111111" lon="139.0712988888889">
<ele>87</ele>
</trkpt>
<trkpt lat="36.34706611111111" lon="139.07123194444443">
<ele>90</ele>
</trkpt>
<trkpt lat="36.347121944444446" lon="139.071165">
<ele>90</ele>
</trkpt>
<trkpt lat="36.34717805555555" lon="139.07109805555555">
<ele>90</ele>
</trkpt>
<trkpt lat="36.34723388888889" lon="139.07103">
<ele>90</ele>
</trkpt>
<trkpt lat="36.34729" lon="139.07096305555555">
<ele>90</ele>
</trkpt>
<trkpt lat="36.34734611111111" lon="139.07089611111113">
<ele>90</ele>
</trkpt>
<trkpt lat="36.34740194444444" lon="139.07082888888888">
<ele>90</ele>
</trkpt>
<trkpt lat="36.347458055555556" lon="139.07076111111112">
<ele>90</ele>
</trkpt>
<trkpt lat="36.34751388888889" lon="139.07069388888888">
<ele>90</ele>
</trkpt>
<trkpt lat="36.34756888888889" lon="139.07062694444446">
<ele>90</ele>
</trkpt>
<trkpt lat="36.34758" lon="139.07057305555554">
<ele>81</ele>
</trkpt>
<trkpt lat="36.34759" lon="139.07051805555557">
<ele>81</ele>
</trkpt>
<trkpt lat="36.34759611111111" lon="139.070485">
<ele>90</ele>
</trkpt>
<trkpt lat="36.34762888888889" lon="139.07044611111112">
<ele>90</ele>
</trkpt>
<trkpt lat="36.34766111111111" lon="139.07040805555556">
<ele>90</ele>
</trkpt>
<trkpt lat="36.34769305555555" lon="139.07036888888888">
<ele>90</ele>
</trkpt>
<trkpt lat="36.34772611111111" lon="139.07033">
<ele>90</ele>
</trkpt>
<trkpt lat="36.34775805555556" lon="139.07029194444445">
<ele>90</ele>
</trkpt>
<trkpt lat="36.34778388888889" lon="139.07026">
<ele>90</ele>
</trkpt>
<trkpt lat="36.34782" lon="139.0702261111111">
<ele>90</ele>
</trkpt>
<trkpt lat="36.34785611111111" lon="139.07019111111111">
<ele>90</ele>
</trkpt>
<trkpt lat="36.34789111111111" lon="139.07015694444445">
<ele>90</ele>
</trkpt>
<trkpt lat="36.347926111111114" lon="139.07012305555557">
<ele>90</ele>
</trkpt>
<trkpt lat="36.34796194444444" lon="139.07008888888888">
<ele>90</ele>
</trkpt>
<trkpt lat="36.347996944444446" lon="139.07005388888888">
<ele>90</ele>
</trkpt>
<trkpt lat="36.348033055555554" lon="139.07002">
<ele>90</ele>
</trkpt>
<trkpt lat="36.34806805555556" lon="139.06998611111112">
<ele>90</ele>
</trkpt>
<trkpt lat="36.348103888888886" lon="139.06995194444445">
<ele>90</ele>
</trkpt>
<trkpt lat="36.34813888888889" lon="139.06991805555555">
<ele>90</ele>
</trkpt>
<trkpt lat="36.34817388888889" lon="139.06988305555555">
<ele>90</ele>
</trkpt>
<trkpt lat="36.34820805555555" lon="139.06985111111112">
<ele>90</ele>
</trkpt>
<trkpt lat="36.34824694444445" lon="139.06982194444444">
<ele>90</ele>
</trkpt>
<trkpt lat="36.348285" lon="139.06979388888888">
<ele>90</ele>
</trkpt>
<trkpt lat="36.34832388888889" lon="139.069765">
<ele>90</ele>
</trkpt>
<trkpt lat="36.34836194444444" lon="139.06973694444446">
<ele>90</ele>
</trkpt>
<trkpt lat="36.34840111111111" lon="139.06970805555557">
<ele>90</ele>
</trkpt>
<trkpt lat="36.348438888888886" lon="139.0696788888889">
<ele>90</ele>
</trkpt>
<trkpt lat="36.34847805555555" lon="139.0696511111111">
<ele>90</ele>
</trkpt>
<trkpt lat="36.34851694444444" lon="139.06962194444444">
<ele>90</ele>
</trkpt>
<trkpt lat="36.348555" lon="139.06959388888887">
<ele>90</ele>
</trkpt>
<trkpt lat="36.34859388888889" lon="139.069565">
<ele>90</ele>
</trkpt>
<trkpt lat="36.348625" lon="139.06954194444444">
<ele>90</ele>
</trkpt>
<trkpt lat="36.34866805555556" lon="139.06952611111112">
<ele>90</ele>
</trkpt>
<trkpt lat="36.34871111111111" lon="139.0695111111111">
<ele>90</ele>
</trkpt>
<trkpt lat="36.348753888888886" lon="139.069495">
<ele>90</ele>
</trkpt>
<trkpt lat="36.348796944444445" lon="139.06948">
<ele>90</ele>
</trkpt>
<trkpt lat="36.34883305555555" lon="139.06946694444446">
<ele>90</ele>
</trkpt>
<trkpt lat="36.348875" lon="139.06944611111112">
<ele>90</ele>
</trkpt>
<trkpt lat="36.34891694444445" lon="139.0694261111111">
<ele>90</ele>
</trkpt>
<trkpt lat="36.348958055555556" lon="139.069405">
<ele>90</ele>
</trkpt>
<trkpt lat="36.349" lon="139.0693838888889">
<ele>90</ele>
</trkpt>
<trkpt lat="36.349041944444444" lon="139.06936305555556">
<ele>90</ele>
</trkpt>
<trkpt lat="36.34908305555555" lon="139.06934305555555">
<ele>90</ele>
</trkpt>
<trkpt lat="36.349125" lon="139.06932194444445">
<ele>90</ele>
</trkpt>
<trkpt lat="36.34916694444444" lon="139.06930111111112">
<ele>90</ele>
</trkpt>
<trkpt lat="36.34920888888889" lon="139.0692811111111">
<ele>90</ele>
</trkpt>
<trkpt lat="36.34925" lon="139.06926">
<ele>90</ele>
</trkpt>
<trkpt lat="36.349291944444445" lon="139.0692388888889">
<ele>90</ele>
</trkpt>
<trkpt lat="36.349333888888886" lon="139.06921805555555">
<ele>90</ele>
</trkpt>
<trkpt lat="36.349375" lon="139.06919805555555">
<ele>90</ele>
</trkpt>
<trkpt lat="36.34941694444444" lon="139.06917694444445">
<ele>90</ele>
</trkpt>
<trkpt lat="36.34943805555555" lon="139.06916611111112">
<ele>90</ele>
</trkpt>
<trkpt lat="36.34948305555555" lon="139.06916611111112">
<ele>90</ele>
</trkpt>
<trkpt lat="36.34952805555555" lon="139.06916611111112">
<ele>90</ele>
</trkpt>
<trkpt lat="36.34957305555555" lon="139.06916611111112">
<ele>90</ele>
</trkpt>
<trkpt lat="36.34961805555555" lon="139.06916611111112">
<ele>90</ele>
</trkpt>
<trkpt lat="36.34966305555555" lon="139.06916611111112">
<ele>90</ele>
</trkpt>
<trkpt lat="36.3497" lon="139.06916611111112">
<ele>90</ele>
</trkpt>
<trkpt lat="36.34974388888889" lon="139.0691561111111">
<ele>90</ele>
</trkpt>
<trkpt lat="36.34978805555556" lon="139.069145">
<ele>90</ele>
</trkpt>
<trkpt lat="36.349831944444446" lon="139.0691338888889">
<ele>90</ele>
</trkpt>
<trkpt lat="36.34987611111111" lon="139.06912305555556">
<ele>90</ele>
</trkpt>
<trkpt lat="36.34992111111111" lon="139.06911194444444">
<ele>90</ele>
</trkpt>
<trkpt lat="36.349965" lon="139.0691011111111">
<ele>90</ele>
</trkpt>
<trkpt lat="36.35000888888889" lon="139.06909">
<ele>90</ele>
</trkpt>
<trkpt lat="36.350053055555556" lon="139.0690788888889">
<ele>90</ele>
</trkpt>
<trkpt lat="36.350096944444445" lon="139.06906805555556">
<ele>90</ele>
</trkpt>
<trkpt lat="36.350141111111114" lon="139.06905694444444">
<ele>90</ele>
</trkpt>
<trkpt lat="36.35017111111111" lon="139.06905">
<ele>90</ele>
</trkpt>
<trkpt lat="36.35021388888889" lon="139.069065">
<ele>90</ele>
</trkpt>
<trkpt lat="36.350256944444446" lon="139.06908">
<ele>90</ele>
</trkpt>
<trkpt lat="36.35030111111111" lon="139.069095">
<ele>90</ele>
</trkpt>
<trkpt lat="36.35034388888889" lon="139.06911">
<ele>90</ele>
</trkpt>
<trkpt lat="36.350386944444445" lon="139.069125">
<ele>90</ele>
</trkpt>
<trkpt lat="36.35043" lon="139.06914111111112">
<ele>90</ele>
</trkpt>
<trkpt lat="36.350433055555555" lon="139.06914111111112">
<ele>90</ele>
</trkpt>
<trkpt lat="36.350478055555556" lon="139.0691388888889">
<ele>90</ele>
</trkpt>
<trkpt lat="36.350523055555556" lon="139.06913694444444">
<ele>90</ele>
</trkpt>
<trkpt lat="36.350568055555556" lon="139.069135">
<ele>90</ele>
</trkpt>
<trkpt lat="36.350608055555554" lon="139.06913305555557">
<ele>90</ele>
</trkpt>
<trkpt lat="36.350651944444444" lon="139.0691388888889">
<ele>90</ele>
</trkpt>
<trkpt lat="36.350696944444444" lon="139.069145">
<ele>90</ele>
</trkpt>
<trkpt lat="36.350741944444444" lon="139.0691511111111">
<ele>90</ele>
</trkpt>
<trkpt lat="36.35078611111111" lon="139.06915694444444">
<ele>90</ele>
</trkpt>
<trkpt lat="36.35083111111111" lon="139.06916305555555">
<ele>90</ele>
</trkpt>
<trkpt lat="36.35087611111111" lon="139.0691688888889">
<ele>90</ele>
</trkpt>
<trkpt lat="36.35092" lon="139.069175">
<ele>90</ele>
</trkpt>
<trkpt lat="36.350965" lon="139.0691811111111">
<ele>90</ele>
</trkpt>
<trkpt lat="36.35101" lon="139.06918694444445">
<ele>90</ele>
</trkpt>
<trkpt lat="36.351045" lon="139.0691911111111">
<ele>90</ele>
</trkpt>
<trkpt lat="36.35108611111111" lon="139.0692138888889">
<ele>90</ele>
</trkpt>
<trkpt lat="36.351126944444445" lon="139.06923694444444">
<ele>90</ele>
</trkpt>
<trkpt lat="36.351168055555554" lon="139.06926">
<ele>90</ele>
</trkpt>
<trkpt lat="36.35120888888889" lon="139.06928194444444">
<ele>90</ele>
</trkpt>
<trkpt lat="36.35125" lon="139.069305">
<ele>90</ele>
</trkpt>
<trkpt lat="36.35129111111111" lon="139.06932805555556">
<ele>90</ele>
</trkpt>
<trkpt lat="36.351331944444446" lon="139.0693511111111">
<ele>90</ele>
</trkpt>
<trkpt lat="36.351373055555555" lon="139.0693738888889">
<ele>90</ele>
</trkpt>
<trkpt lat="36.35141388888889" lon="139.0693961111111">
<ele>90</ele>
</trkpt>
<trkpt lat="36.351455" lon="139.0694188888889">
<ele>90</ele>
</trkpt>
<trkpt lat="36.351486111111114" lon="139.06943694444445">
<ele>90</ele>
</trkpt>
<trkpt lat="36.35152194444444" lon="139.0694711111111">
<ele>89</ele>
</trkpt>
<trkpt lat="36.35155805555556" lon="139.0695038888889">
<ele>90</ele>
</trkpt>
<trkpt lat="36.351593888888885" lon="139.06953805555557">
<ele>90</ele>
</trkpt>
<trkpt lat="36.35160111111111" lon="139.069545">
<ele>90</ele>
</trkpt>
<trkpt lat="36.35162388888889" lon="139.06959194444445">
<ele>89</ele>
</trkpt>
<trkpt lat="36.35164805555556" lon="139.06964">
<ele>89</ele>
</trkpt>
<trkpt lat="36.35167194444445" lon="139.06968805555556">
<ele>88</ele>
</trkpt>
<trkpt lat="36.351688055555556" lon="139.0697211111111">
<ele>88</ele>
</trkpt>
<trkpt lat="36.351708888888886" lon="139.0697688888889">
<ele>88</ele>
</trkpt>
<trkpt lat="36.351711944444446" lon="139.069775">
<ele>88</ele>
</trkpt>
<trkpt lat="36.351755" lon="139.06978805555556">
<ele>87</ele>
</trkpt>
<trkpt lat="36.35179888888889" lon="139.06980194444444">
<ele>87</ele>
</trkpt>
<trkpt lat="36.351841944444445" lon="139.069815">
<ele>87</ele>
</trkpt>
<trkpt lat="36.351886111111114" lon="139.06982888888888">
<ele>87</ele>
</trkpt>
<trkpt lat="36.35192888888889" lon="139.06984194444445">
<ele>88</ele>
</trkpt>
<trkpt lat="36.351973055555554" lon="139.0698561111111">
<ele>88</ele>
</trkpt>
<trkpt lat="36.35201694444444" lon="139.0698688888889">
<ele>89</ele>
</trkpt>
<trkpt lat="36.35206" lon="139.06988194444443">
<ele>89</ele>
</trkpt>
<trkpt lat="36.35210388888889" lon="139.06989611111112">
<ele>89</ele>
</trkpt>
<trkpt lat="36.35214805555555" lon="139.06990888888888">
<ele>89</ele>
</trkpt>
<trkpt lat="36.35216111111111" lon="139.06991305555556">
<ele>89</ele>
</trkpt>
<trkpt lat="36.3522" lon="139.06994">
<ele>89</ele>
</trkpt>
<trkpt lat="36.35224" lon="139.0699661111111">
<ele>90</ele>
</trkpt>
<trkpt lat="36.35227888888889" lon="139.06999305555556">
<ele>90</ele>
</trkpt>
<trkpt lat="36.35229611111111" lon="139.0700038888889">
<ele>89</ele>
</trkpt>
<trkpt lat="36.35232194444445" lon="139.07005">
<ele>89</ele>
</trkpt>
<trkpt lat="36.35234805555555" lon="139.070095">
<ele>89</ele>
</trkpt>
<trkpt lat="36.35235388888889" lon="139.0701038888889">
<ele>89</ele>
</trkpt>
<trkpt lat="36.35235611111111" lon="139.07016">
<ele>88</ele>
</trkpt>
<trkpt lat="36.35235888888889" lon="139.0702161111111">
<ele>88</ele>
</trkpt>
<trkpt lat="36.35236111111111" lon="139.0702711111111">
<ele>88</ele>
</trkpt>
<trkpt lat="36.35236305555556" lon="139.07032694444445">
<ele>88</ele>
</trkpt>
<trkpt lat="36.35236611111111" lon="139.07038305555557">
<ele>87</ele>
</trkpt>
<trkpt lat="36.35236805555556" lon="139.07043805555554">
<ele>87</ele>
</trkpt>
<trkpt lat="36.35237111111111" lon="139.07049388888888">
<ele>87</ele>
</trkpt>
<trkpt lat="36.35237111111111" lon="139.07051">
<ele>87</ele>
</trkpt>
<trkpt lat="36.352376944444444" lon="139.07052611111112">
<ele>87</ele>
</trkpt>
<trkpt lat="36.352395" lon="139.07057694444444">
<ele>86</ele>
</trkpt>
<trkpt lat="36.35241305555556" lon="139.07062805555555">
<ele>86</ele>
</trkpt>
<trkpt lat="36.35241388888889" lon="139.07063">
<ele>89</ele>
</trkpt>
<trkpt lat="36.35245194444445" lon="139.07066">
<ele>89</ele>
</trkpt>
<trkpt lat="36.35249" lon="139.0706911111111">
<ele>89</ele>
</trkpt>
<trkpt lat="36.35250805555555" lon="139.070705">
<ele>88</ele>
</trkpt>
<trkpt lat="36.35255" lon="139.0707261111111">
<ele>89</ele>
</trkpt>
<trkpt lat="36.35259194444444" lon="139.07074694444444">
<ele>89</ele>
</trkpt>
<trkpt lat="36.35264111111111" lon="139.07075">
<ele>88</ele>
</trkpt>
<trkpt lat="36.35268888888889" lon="139.07075305555554">
<ele>88</ele>
</trkpt>
<trkpt lat="36.352736944444445" lon="139.0707561111111">
<ele>89</ele>
</trkpt>
<trkpt lat="36.352785" lon="139.0707588888889">
<ele>89</ele>
</trkpt>
<trkpt lat="36.35283388888889" lon="139.07076194444446">
<ele>89</ele>
</trkpt>
<trkpt lat="36.35288194444445" lon="139.0707661111111">
<ele>89</ele>
</trkpt>
<trkpt lat="36.35293" lon="139.0707688888889">
<ele>89</ele>
</trkpt>
<trkpt lat="36.35297888888889" lon="139.07077194444443">
<ele>90</ele>
</trkpt>
<trkpt lat="36.353026944444444" lon="139.070775">
<ele>90</ele>
</trkpt>
<trkpt lat="36.353075" lon="139.07077805555556">
<ele>89</ele>
</trkpt>
<trkpt lat="36.35312305555556" lon="139.0707811111111">
<ele>89</ele>
</trkpt>
<trkpt lat="36.35317194444445" lon="139.07078388888888">
<ele>89</ele>
</trkpt>
<trkpt lat="36.35322" lon="139.07078694444445">
<ele>89</ele>
</trkpt>
<trkpt lat="36.35326805555555" lon="139.07079">
<ele>89</ele>
</trkpt>
<trkpt lat="36.353316944444444" lon="139.07079305555555">
<ele>89</ele>
</trkpt>
<trkpt lat="36.353365" lon="139.07079611111112">
<ele>89</ele>
</trkpt>
<trkpt lat="36.353413055555556" lon="139.0707988888889">
<ele>89</ele>
</trkpt>
<trkpt lat="36.35346111111111" lon="139.07080194444444">
<ele>89</ele>
</trkpt>
<trkpt lat="36.35351" lon="139.07080611111112">
<ele>89</ele>
</trkpt>
<trkpt lat="36.35355" lon="139.07083111111112">
<ele>89</ele>
</trkpt>
<trkpt lat="36.353588888888886" lon="139.0708561111111">
<ele>89</ele>
</trkpt>
<trkpt lat="36.35362888888889" lon="139.07088194444444">
<ele>89</ele>
</trkpt>
<trkpt lat="36.35366888888889" lon="139.07090805555555">
<ele>89</ele>
</trkpt>
<trkpt lat="36.35370888888889" lon="139.07093305555554">
<ele>89</ele>
</trkpt>
<trkpt lat="36.35374888888889" lon="139.0709588888889">
<ele>89</ele>
</trkpt>
<trkpt lat="36.353788888888886" lon="139.0709838888889">
<ele>89</ele>
</trkpt>
<trkpt lat="36.35382888888889" lon="139.07101">
<ele>89</ele>
</trkpt>
<trkpt lat="36.35386888888889" lon="139.071035">
<ele>89</ele>
</trkpt>
<trkpt lat="36.35390888888889" lon="139.0710611111111">
<ele>89</ele>
</trkpt>
<trkpt lat="36.35394888888889" lon="139.0710861111111">
<ele>89</ele>
</trkpt>
<trkpt lat="36.35395305555556" lon="139.07108888888888">
<ele>89</ele>
</trkpt>
<trkpt lat="36.35399694444445" lon="139.07110111111112">
<ele>89</ele>
</trkpt>
<trkpt lat="36.35404111111111" lon="139.07111305555554">
<ele>89</ele>
</trkpt>
<trkpt lat="36.35404388888889" lon="139.0711138888889">
<ele>89</ele>
</trkpt>
<trkpt lat="36.35408888888889" lon="139.07111805555556">
<ele>89</ele>
</trkpt>
<trkpt lat="36.35413388888889" lon="139.07112194444446">
<ele>89</ele>
</trkpt>
<trkpt lat="36.35417888888889" lon="139.071125">
<ele>89</ele>
</trkpt>
<trkpt lat="36.35422305555556" lon="139.0711288888889">
<ele>89</ele>
</trkpt>
<trkpt lat="36.35426805555556" lon="139.07113194444443">
<ele>89</ele>
</trkpt>
<trkpt lat="36.35429888888889" lon="139.071135">
<ele>89</ele>
</trkpt>
<trkpt lat="36.35434388888889" lon="139.071135">
<ele>89</ele>
</trkpt>
<trkpt lat="36.35438888888889" lon="139.07113611111112">
<ele>89</ele>
</trkpt>
<trkpt lat="36.35443388888889" lon="139.07113611111112">
<ele>89</ele>
</trkpt>
<trkpt lat="36.35447888888889" lon="139.07113611111112">
<ele>89</ele>
</trkpt>
<trkpt lat="36.35452388888889" lon="139.07113611111112">
<ele>89</ele>
</trkpt>
<trkpt lat="36.35456888888889" lon="139.07113694444445">
<ele>89</ele>
</trkpt>
<trkpt lat="36.35461388888889" lon="139.07113694444445">
<ele>89</ele>
</trkpt>
<trkpt lat="36.35465888888889" lon="139.07113694444445">
<ele>89</ele>
</trkpt>
<trkpt lat="36.35470388888889" lon="139.07113805555556">
<ele>90</ele>
</trkpt>
<trkpt lat="36.35474888888889" lon="139.07113805555556">
<ele>90</ele>
</trkpt>
<trkpt lat="36.35479388888889" lon="139.07113805555556">
<ele>90</ele>
</trkpt>
<trkpt lat="36.35483888888889" lon="139.07113805555556">
<ele>90</ele>
</trkpt>
<trkpt lat="36.354883055555554" lon="139.07113805555556">
<ele>90</ele>
</trkpt>
<trkpt lat="36.354928055555554" lon="139.0711388888889">
<ele>90</ele>
</trkpt>
<trkpt lat="36.354973055555554" lon="139.0711388888889">
<ele>90</ele>
</trkpt>
<trkpt lat="36.355018055555554" lon="139.0711388888889">
<ele>90</ele>
</trkpt>
<trkpt lat="36.35503194444444" lon="139.0711388888889">
<ele>90</ele>
</trkpt>
<trkpt lat="36.35507694444444" lon="139.07113194444443">
<ele>90</ele>
</trkpt>
<trkpt lat="36.35512111111111" lon="139.07112388888888">
<ele>90</ele>
</trkpt>
<trkpt lat="36.35516611111111" lon="139.0711161111111">
<ele>90</ele>
</trkpt>
<trkpt lat="36.35521" lon="139.0711088888889">
<ele>90</ele>
</trkpt>
<trkpt lat="36.355255" lon="139.07110111111112">
<ele>90</ele>
</trkpt>
<trkpt lat="36.35529888888889" lon="139.07109305555556">
<ele>90</ele>
</trkpt>
<trkpt lat="36.35534388888889" lon="139.0710861111111">
<ele>90</ele>
</trkpt>
<trkpt lat="36.35537194444444" lon="139.0710811111111">
<ele>90</ele>
</trkpt>
<trkpt lat="36.355415" lon="139.07106805555554">
<ele>90</ele>
</trkpt>
<trkpt lat="36.35545888888889" lon="139.07105388888888">
<ele>90</ele>
</trkpt>
<trkpt lat="36.35550194444444" lon="139.0710411111111">
<ele>90</ele>
</trkpt>
<trkpt lat="36.35554611111111" lon="139.07102805555556">
<ele>90</ele>
</trkpt>
<trkpt lat="36.35559" lon="139.0710138888889">
<ele>90</ele>
</trkpt>
<trkpt lat="36.35563305555556" lon="139.07100111111112">
<ele>90</ele>
</trkpt>
<trkpt lat="36.35567694444445" lon="139.07098805555555">
<ele>90</ele>
</trkpt>
<trkpt lat="36.35572111111111" lon="139.0709738888889">
<ele>90</ele>
</trkpt>
<trkpt lat="36.355755" lon="139.07096388888888">
<ele>90</ele>
</trkpt>
<trkpt lat="36.35579611111111" lon="139.07094305555555">
<ele>90</ele>
</trkpt>
<trkpt lat="36.35583805555556" lon="139.07092305555557">
<ele>90</ele>
</trkpt>
<trkpt lat="36.35588" lon="139.07090194444444">
<ele>90</ele>
</trkpt>
<trkpt lat="36.35592194444445" lon="139.07088194444444">
<ele>90</ele>
</trkpt>
<trkpt lat="36.35596388888889" lon="139.0708611111111">
<ele>90</ele>
</trkpt>
<trkpt lat="36.356005" lon="139.07084111111112">
<ele>90</ele>
</trkpt>
<trkpt lat="36.356046944444444" lon="139.07082">
<ele>90</ele>
</trkpt>
<trkpt lat="36.35608888888889" lon="139.0708">
<ele>90</ele>
</trkpt>
<trkpt lat="36.35613111111111" lon="139.0707788888889">
<ele>90</ele>
</trkpt>
<trkpt lat="36.35617194444445" lon="139.0707588888889">
<ele>91</ele>
</trkpt>
<trkpt lat="36.35621388888889" lon="139.07073805555555">
<ele>91</ele>
</trkpt>
<trkpt lat="36.35623888888889" lon="139.0707261111111">
<ele>91</ele>
</trkpt>
<trkpt lat="36.35631388888889" lon="139.0706788888889">
<ele>91</ele>
</trkpt>
<trkpt lat="36.35638888888889" lon="139.07063194444444">
<ele>91</ele>
</trkpt>
<trkpt lat="36.356465" lon="139.0705861111111">
<ele>91</ele>
</trkpt>
<trkpt lat="36.35654" lon="139.07053888888888">
<ele>91</ele>
</trkpt>
<trkpt lat="36.356615" lon="139.07049194444446">
<ele>91</ele>
</trkpt>
<trkpt lat="36.35669111111111" lon="139.07044611111112">
<ele>91</ele>
</trkpt>
<trkpt lat="36.356766111111114" lon="139.0703988888889">
<ele>91</ele>
</trkpt>
<trkpt lat="36.35684111111111" lon="139.07035194444444">
<ele>91</ele>
</trkpt>
<trkpt lat="36.35691694444444" lon="139.070305">
<ele>91</ele>
</trkpt>
<trkpt lat="36.356991944444445" lon="139.07025805555554">
<ele>91</ele>
</trkpt>
<trkpt lat="36.35706805555556" lon="139.07021194444445">
<ele>91</ele>
</trkpt>
<trkpt lat="36.357143055555554" lon="139.070165">
<ele>91</ele>
</trkpt>
<trkpt lat="36.357218055555556" lon="139.07011805555555">
<ele>91</ele>
</trkpt>
<trkpt lat="36.35729388888889" lon="139.0700711111111">
<ele>91</ele>
</trkpt>
<trkpt lat="36.35736888888889" lon="139.0700238888889">
<ele>91</ele>
</trkpt>
<trkpt lat="36.35744388888889" lon="139.06997805555557">
<ele>91</ele>
</trkpt>
<trkpt lat="36.35751888888889" lon="139.06993111111112">
<ele>91</ele>
</trkpt>
<trkpt lat="36.357595" lon="139.06988388888888">
<ele>91</ele>
</trkpt>
<trkpt lat="36.35767" lon="139.06983694444443">
<ele>91</ele>
</trkpt>
<trkpt lat="36.35770611111111" lon="139.06980388888888">
<ele>91</ele>
</trkpt>
<trkpt lat="36.35774194444444" lon="139.06977111111112">
<ele>91</ele>
</trkpt>
<trkpt lat="36.35776111111111" lon="139.0697538888889">
<ele>91</ele>
</trkpt>
<trkpt lat="36.35778194444445" lon="139.069705">
<ele>91</ele>
</trkpt>
<trkpt lat="36.35780388888889" lon="139.0696561111111">
<ele>92</ele>
</trkpt>
<trkpt lat="36.35782611111111" lon="139.06960694444444">
<ele>92</ele>
</trkpt>
<trkpt lat="36.35784694444445" lon="139.06955805555555">
<ele>92</ele>
</trkpt>
<trkpt lat="36.35785888888889" lon="139.06953305555555">
<ele>92</ele>
</trkpt>
<trkpt lat="36.35789388888889" lon="139.0694988888889">
<ele>92</ele>
</trkpt>
<trkpt lat="36.357928888888885" lon="139.0694638888889">
<ele>92</ele>
</trkpt>
<trkpt lat="36.357965" lon="139.06943">
<ele>92</ele>
</trkpt>
<trkpt lat="36.35799305555555" lon="139.06940305555557">
<ele>92</ele>
</trkpt>
<trkpt lat="36.35803305555556" lon="139.06937805555555">
<ele>93</ele>
</trkpt>
<trkpt lat="36.35807194444445" lon="139.06935194444443">
<ele>93</ele>
</trkpt>
<trkpt lat="36.358111944444445" lon="139.0693261111111">
<ele>93</ele>
</trkpt>
<trkpt lat="36.35813388888889" lon="139.06931111111112">
<ele>93</ele>
</trkpt>
<trkpt lat="36.358176944444445" lon="139.0692961111111">
<ele>93</ele>
</trkpt>
<trkpt lat="36.35822111111111" lon="139.0692811111111">
<ele>93</ele>
</trkpt>
<trkpt lat="36.35826388888889" lon="139.06926611111112">
<ele>94</ele>
</trkpt>
<trkpt lat="36.35829888888889" lon="139.06925305555555">
<ele>94</ele>
</trkpt>
<trkpt lat="36.35834305555556" lon="139.06924805555556">
<ele>94</ele>
</trkpt>
<trkpt lat="36.35838805555556" lon="139.06924194444446">
<ele>94</ele>
</trkpt>
<trkpt lat="36.358398888888885" lon="139.0692411111111">
<ele>94</ele>
</trkpt>
<trkpt lat="36.358443055555554" lon="139.06925305555555">
<ele>94</ele>
</trkpt>
<trkpt lat="36.358486944444444" lon="139.06926611111112">
<ele>94</ele>
</trkpt>
<trkpt lat="36.35853111111111" lon="139.0692788888889">
<ele>94</ele>
</trkpt>
<trkpt lat="36.35857388888889" lon="139.06929194444444">
<ele>94</ele>
</trkpt>
<trkpt lat="36.35861805555555" lon="139.0693038888889">
<ele>94</ele>
</trkpt>
<trkpt lat="36.35866194444444" lon="139.06931694444444">
<ele>94</ele>
</trkpt>
<trkpt lat="36.35870611111111" lon="139.06933">
<ele>94</ele>
</trkpt>
<trkpt lat="36.35874888888889" lon="139.06934194444443">
<ele>94</ele>
</trkpt>
<trkpt lat="36.35878611111111" lon="139.06935305555555">
<ele>94</ele>
</trkpt>
<trkpt lat="36.35883" lon="139.0693411111111">
<ele>94</ele>
</trkpt>
<trkpt lat="36.35887388888889" lon="139.0693288888889">
<ele>94</ele>
</trkpt>
<trkpt lat="36.358918055555556" lon="139.06931694444444">
<ele>94</ele>
</trkpt>
<trkpt lat="36.358961111111114" lon="139.069305">
<ele>94</ele>
</trkpt>
<trkpt lat="36.359005" lon="139.06929305555556">
<ele>94</ele>
</trkpt>
<trkpt lat="36.359048888888886" lon="139.0692811111111">
<ele>94</ele>
</trkpt>
<trkpt lat="36.359093055555554" lon="139.0692688888889">
<ele>94</ele>
</trkpt>
<trkpt lat="36.359136944444444" lon="139.06925805555557">
<ele>94</ele>
</trkpt>
<trkpt lat="36.35918111111111" lon="139.0692461111111">
<ele>94</ele>
</trkpt>
<trkpt lat="36.35919888888889" lon="139.0692411111111">
<ele>94</ele>
</trkpt>
<trkpt lat="36.35924388888889" lon="139.06923111111112">
<ele>94</ele>
</trkpt>
<trkpt lat="36.35928805555555" lon="139.06922111111112">
<ele>94</ele>
</trkpt>
<trkpt lat="36.35933194444444" lon="139.06921111111112">
<ele>94</ele>
</trkpt>
<trkpt lat="36.35937611111111" lon="139.06920194444444">
<ele>94</ele>
</trkpt>
<trkpt lat="36.35942111111111" lon="139.06919194444444">
<ele>94</ele>
</trkpt>
<trkpt lat="36.359465" lon="139.06918194444444">
<ele>94</ele>
</trkpt>
<trkpt lat="36.35950888888889" lon="139.06917305555555">
<ele>94</ele>
</trkpt>
<trkpt lat="36.35955305555556" lon="139.06916305555555">
<ele>94</ele>
</trkpt>
<trkpt lat="36.35959805555556" lon="139.06915305555555">
<ele>94</ele>
</trkpt>
<trkpt lat="36.35964194444445" lon="139.0691438888889">
<ele>94</ele>
</trkpt>
<trkpt lat="36.35968611111111" lon="139.0691338888889">
<ele>94</ele>
</trkpt>
<trkpt lat="36.35973" lon="139.0691238888889">
<ele>94</ele>
</trkpt>
<trkpt lat="36.35977388888889" lon="139.0691138888889">
<ele>94</ele>
</trkpt>
<trkpt lat="36.35981888888889" lon="139.069105">
<ele>94</ele>
</trkpt>
<trkpt lat="36.35986305555556" lon="139.069095">
<ele>94</ele>
</trkpt>
<trkpt lat="36.359885" lon="139.06909">
<ele>94</ele>
</trkpt>
<trkpt lat="36.35993" lon="139.06909">
<ele>94</ele>
</trkpt>
<trkpt lat="36.359975" lon="139.0690888888889">
<ele>94</ele>
</trkpt>
<trkpt lat="36.36002" lon="139.0690888888889">
<ele>94</ele>
</trkpt>
<trkpt lat="36.36006388888889" lon="139.06908805555557">
<ele>94</ele>
</trkpt>
<trkpt lat="36.36010888888889" lon="139.06908805555557">
<ele>94</ele>
</trkpt>
<trkpt lat="36.36015388888889" lon="139.06908694444445">
<ele>94</ele>
</trkpt>
<trkpt lat="36.36019888888889" lon="139.06908611111112">
<ele>94</ele>
</trkpt>
<trkpt lat="36.36022805555555" lon="139.06908611111112">
<ele>94</ele>
</trkpt>
<trkpt lat="36.36027111111111" lon="139.06907194444443">
<ele>94</ele>
</trkpt>
<trkpt lat="36.36029194444444" lon="139.069065">
<ele>94</ele>
</trkpt>
<trkpt lat="36.36032888888889" lon="139.069035">
<ele>94</ele>
</trkpt>
<trkpt lat="36.36036694444444" lon="139.0690038888889">
<ele>94</ele>
</trkpt>
<trkpt lat="36.36040388888889" lon="139.06897388888888">
<ele>94</ele>
</trkpt>
<trkpt lat="36.360441944444446" lon="139.06894305555556">
<ele>94</ele>
</trkpt>
<trkpt lat="36.36048" lon="139.06891305555556">
<ele>94</ele>
</trkpt>
<trkpt lat="36.36051694444444" lon="139.06888194444446">
<ele>94</ele>
</trkpt>
<trkpt lat="36.36053388888889" lon="139.0688688888889">
<ele>94</ele>
</trkpt>
<trkpt lat="36.36057611111111" lon="139.06885194444445">
<ele>94</ele>
</trkpt>
<trkpt lat="36.36061888888889" lon="139.0688338888889">
<ele>94</ele>
</trkpt>
<trkpt lat="36.360661944444445" lon="139.06881694444445">
<ele>94</ele>
</trkpt>
<trkpt lat="36.36070388888889" lon="139.0688">
<ele>94</ele>
</trkpt>
<trkpt lat="36.360708055555556" lon="139.06879805555556">
<ele>94</ele>
</trkpt>
<trkpt lat="36.360753055555556" lon="139.06879111111112">
<ele>94</ele>
</trkpt>
<trkpt lat="36.360798055555556" lon="139.068785">
<ele>94</ele>
</trkpt>
<trkpt lat="36.360841944444445" lon="139.06877805555555">
<ele>94</ele>
</trkpt>
<trkpt lat="36.360886944444445" lon="139.06877111111112">
<ele>94</ele>
</trkpt>
<trkpt lat="36.360931111111114" lon="139.0687638888889">
<ele>94</ele>
</trkpt>
<trkpt lat="36.360976111111114" lon="139.06875805555555">
<ele>94</ele>
</trkpt>
<trkpt lat="36.36102" lon="139.0687511111111">
<ele>94</ele>
</trkpt>
<trkpt lat="36.361065" lon="139.0687438888889">
<ele>94</ele>
</trkpt>
<trkpt lat="36.36109111111111" lon="139.06874">
<ele>94</ele>
</trkpt>
<trkpt lat="36.361135" lon="139.0687511111111">
<ele>94</ele>
</trkpt>
<trkpt lat="36.36117888888889" lon="139.06876194444445">
<ele>94</ele>
</trkpt>
<trkpt lat="36.361223055555556" lon="139.06877305555557">
<ele>94</ele>
</trkpt>
<trkpt lat="36.36125611111111" lon="139.06878111111112">
<ele>94</ele>
</trkpt>
<trkpt lat="36.361286944444444" lon="139.06882194444444">
<ele>94</ele>
</trkpt>
<trkpt lat="36.36131805555556" lon="139.06886194444445">
<ele>94</ele>
</trkpt>
<trkpt lat="36.36134888888889" lon="139.06890305555555">
<ele>94</ele>
</trkpt>
<trkpt lat="36.36137388888889" lon="139.0689361111111">
<ele>94</ele>
</trkpt>
<trkpt lat="36.36140805555556" lon="139.06897194444446">
<ele>94</ele>
</trkpt>
<trkpt lat="36.36144111111111" lon="139.0690088888889">
<ele>94</ele>
</trkpt>
<trkpt lat="36.361475" lon="139.0690461111111">
<ele>94</ele>
</trkpt>
<trkpt lat="36.36150888888889" lon="139.06908194444443">
<ele>94</ele>
</trkpt>
<trkpt lat="36.361531944444444" lon="139.06910694444446">
<ele>94</ele>
</trkpt>
<trkpt lat="36.36157305555555" lon="139.06912805555555">
<ele>94</ele>
</trkpt>
<trkpt lat="36.361615" lon="139.06914805555556">
<ele>94</ele>
</trkpt>
<trkpt lat="36.36164888888889" lon="139.06916611111112">
<ele>94</ele>
</trkpt>
<trkpt lat="36.36170305555556" lon="139.0691711111111">
<ele>94</ele>
</trkpt>
<trkpt lat="36.36175611111111" lon="139.06917694444445">
<ele>94</ele>
</trkpt>
<trkpt lat="36.36181" lon="139.06918194444444">
<ele>94</ele>
</trkpt>
<trkpt lat="36.36186388888889" lon="139.06918805555554">
<ele>94</ele>
</trkpt>
<trkpt lat="36.361916944444445" lon="139.0691938888889">
<ele>94</ele>
</trkpt>
<trkpt lat="36.36197111111111" lon="139.0692">
<ele>94</ele>
</trkpt>
<trkpt lat="36.36202388888889" lon="139.069205">
<ele>94</ele>
</trkpt>
<trkpt lat="36.36207805555556" lon="139.06921111111112">
<ele>94</ele>
</trkpt>
<trkpt lat="36.36213111111111" lon="139.06921694444443">
<ele>94</ele>
</trkpt>
<trkpt lat="36.362185" lon="139.06922194444445">
<ele>94</ele>
</trkpt>
<trkpt lat="36.36223888888889" lon="139.06922805555556">
<ele>94</ele>
</trkpt>
<trkpt lat="36.36229194444444" lon="139.0692338888889">
<ele>94</ele>
</trkpt>
<trkpt lat="36.36234611111111" lon="139.06924">
<ele>94</ele>
</trkpt>
<trkpt lat="36.36239888888889" lon="139.069245">
<ele>94</ele>
</trkpt>
<trkpt lat="36.362453055555555" lon="139.0692511111111">
<ele>94</ele>
</trkpt>
<trkpt lat="36.36250694444445" lon="139.06925694444445">
<ele>94</ele>
</trkpt>
<trkpt lat="36.36256" lon="139.06926194444443">
<ele>94</ele>
</trkpt>
<trkpt lat="36.36261388888889" lon="139.06926805555557">
<ele>94</ele>
</trkpt>
<trkpt lat="36.36266805555555" lon="139.0692738888889">
<ele>94</ele>
</trkpt>
<trkpt lat="36.36271194444444" lon="139.0692738888889">
<ele>94</ele>
</trkpt>
<trkpt lat="36.36275694444444" lon="139.06927305555556">
<ele>94</ele>
</trkpt>
<trkpt lat="36.36280194444444" lon="139.06927194444444">
<ele>94</ele>
</trkpt>
<trkpt lat="36.36284694444444" lon="139.06927194444444">
<ele>94</ele>
</trkpt>
<trkpt lat="36.36289194444444" lon="139.06927194444444">
<ele>94</ele>
</trkpt>
<trkpt lat="36.36293694444444" lon="139.0692711111111">
<ele>94</ele>
</trkpt>
<trkpt lat="36.36298194444444" lon="139.0692711111111">
<ele>94</ele>
</trkpt>
<trkpt lat="36.36302694444444" lon="139.06927">
<ele>94</ele>
</trkpt>
<trkpt lat="36.36307194444444" lon="139.06927">
<ele>94</ele>
</trkpt>
<trkpt lat="36.36311694444444" lon="139.0692688888889">
<ele>94</ele>
</trkpt>
<trkpt lat="36.36316111111111" lon="139.0692688888889">
<ele>94</ele>
</trkpt>
<trkpt lat="36.36320611111111" lon="139.06926805555557">
<ele>94</ele>
</trkpt>
<trkpt lat="36.36325111111111" lon="139.06926805555557">
<ele>94</ele>
</trkpt>
<trkpt lat="36.36329611111111" lon="139.06926805555557">
<ele>94</ele>
</trkpt>
<trkpt lat="36.36334111111111" lon="139.06926694444445">
<ele>94</ele>
</trkpt>
<trkpt lat="36.36338611111111" lon="139.06926694444445">
<ele>94</ele>
</trkpt>
<trkpt lat="36.36343111111111" lon="139.06926611111112">
<ele>94</ele>
</trkpt>
<trkpt lat="36.36347611111111" lon="139.06926611111112">
<ele>94</ele>
</trkpt>
<trkpt lat="36.36349111111111" lon="139.06926611111112">
<ele>94</ele>
</trkpt>
<trkpt lat="36.36353611111111" lon="139.06927">
<ele>94</ele>
</trkpt>
<trkpt lat="36.36358" lon="139.069275">
<ele>94</ele>
</trkpt>
<trkpt lat="36.363625" lon="139.06928">
<ele>94</ele>
</trkpt>
<trkpt lat="36.36367" lon="139.069285">
<ele>94</ele>
</trkpt>
<trkpt lat="36.363686111111114" lon="139.0692861111111">
<ele>94</ele>
</trkpt>
<trkpt lat="36.36371388888889" lon="139.06924388888888">
<ele>94</ele>
</trkpt>
<trkpt lat="36.36374305555555" lon="139.0692011111111">
<ele>94</ele>
</trkpt>
<trkpt lat="36.363771944444444" lon="139.06915805555556">
<ele>94</ele>
</trkpt>
<trkpt lat="36.36380111111111" lon="139.0691161111111">
<ele>94</ele>
</trkpt>
<trkpt lat="36.36383" lon="139.06907305555555">
<ele>94</ele>
</trkpt>
<trkpt lat="36.36385888888889" lon="139.06903">
<ele>94</ele>
</trkpt>
<trkpt lat="36.363888055555556" lon="139.06898805555556">
<ele>94</ele>
</trkpt>
<trkpt lat="36.36391694444445" lon="139.068945">
<ele>95</ele>
</trkpt>
<trkpt lat="36.36391888888889" lon="139.06894111111112">
<ele>95</ele>
</trkpt>
<trkpt lat="36.36393888888889" lon="139.0688911111111">
<ele>95</ele>
</trkpt>
<trkpt lat="36.36395888888889" lon="139.0688411111111">
<ele>95</ele>
</trkpt>
<trkpt lat="36.36397888888889" lon="139.06879111111112">
<ele>95</ele>
</trkpt>
<trkpt lat="36.36399888888889" lon="139.0687411111111">
<ele>95</ele>
</trkpt>
<trkpt lat="36.36400805555556" lon="139.0687188888889">
<ele>95</ele>
</trkpt>
<trkpt lat="36.364035" lon="139.0686738888889">
<ele>95</ele>
</trkpt>
<trkpt lat="36.364035" lon="139.06867305555556">
<ele>95</ele>
</trkpt>
<trkpt lat="36.36408" lon="139.06867888888888">
<ele>95</ele>
</trkpt>
<trkpt lat="36.36412388888889" lon="139.0686838888889">
<ele>95</ele>
</trkpt>
<trkpt lat="36.36416888888889" lon="139.06869">
<ele>95</ele>
</trkpt>
<trkpt lat="36.36421388888889" lon="139.068695">
<ele>95</ele>
</trkpt>
<trkpt lat="36.36425888888889" lon="139.06870111111112">
<ele>95</ele>
</trkpt>
<trkpt lat="36.36430305555555" lon="139.0687061111111">
<ele>95</ele>
</trkpt>
<trkpt lat="36.36434805555555" lon="139.06871194444443">
<ele>95</ele>
</trkpt>
<trkpt lat="36.36437111111111" lon="139.068715">
<ele>95</ele>
</trkpt>
<trkpt lat="36.36436694444444" lon="139.06865888888888">
<ele>95</ele>
</trkpt>
<trkpt lat="36.36436305555556" lon="139.0686038888889">
<ele>95</ele>
</trkpt>
<trkpt lat="36.36435888888889" lon="139.06854805555557">
<ele>95</ele>
</trkpt>
<trkpt lat="36.364353888888886" lon="139.06849194444445">
<ele>95</ele>
</trkpt>
<trkpt lat="36.36435" lon="139.06843694444444">
<ele>95</ele>
</trkpt>
<trkpt lat="36.36434611111111" lon="139.06838194444444">
<ele>95</ele>
</trkpt>
<trkpt lat="36.36434388888889" lon="139.06836">
<ele>95</ele>
</trkpt>
<trkpt lat="36.36438888888889" lon="139.06836194444443">
<ele>95</ele>
</trkpt>
<trkpt lat="36.36443388888889" lon="139.068365">
<ele>95</ele>
</trkpt>
<trkpt lat="36.36447888888889" lon="139.06836805555557">
<ele>95</ele>
</trkpt>
<trkpt lat="36.36452388888889" lon="139.06837">
<ele>95</ele>
</trkpt>
<trkpt lat="36.36456888888889" lon="139.06837194444444">
<ele>95</ele>
</trkpt>
<trkpt lat="36.36461305555556" lon="139.068375">
<ele>95</ele>
</trkpt>
<trkpt lat="36.36465805555556" lon="139.06837694444445">
<ele>95</ele>
</trkpt>
<trkpt lat="36.36470305555556" lon="139.06838">
<ele>95</ele>
</trkpt>
<trkpt lat="36.36474805555556" lon="139.06838194444444">
<ele>95</ele>
</trkpt>
<trkpt lat="36.36479305555556" lon="139.068385">
<ele>95</ele>
</trkpt>
<trkpt lat="36.36483805555556" lon="139.06838694444446">
<ele>95</ele>
</trkpt>
<trkpt lat="36.36488305555555" lon="139.06839">
<ele>95</ele>
</trkpt>
<trkpt lat="36.36492805555555" lon="139.06839194444444">
<ele>95</ele>
</trkpt>
<trkpt lat="36.36495194444444" lon="139.06839305555556">
<ele>95</ele>
</trkpt>
<trkpt lat="36.36495194444444" lon="139.06833805555556">
<ele>95</ele>
</trkpt>
<trkpt lat="36.36495194444444" lon="139.06828194444444">
<ele>95</ele>
</trkpt>
<trkpt lat="36.36495194444444" lon="139.06826805555556">
<ele>95</ele>
</trkpt>
<trkpt lat="36.36499694444444" lon="139.068265">
<ele>95</ele>
</trkpt>
<trkpt lat="36.36504194444444" lon="139.06826194444446">
<ele>95</ele>
</trkpt>
<trkpt lat="36.36508694444444" lon="139.0682588888889">
<ele>95</ele>
</trkpt>
<trkpt lat="36.36513194444444" lon="139.0682561111111">
<ele>95</ele>
</trkpt>
<trkpt lat="36.36517694444444" lon="139.06825194444446">
<ele>95</ele>
</trkpt>
<trkpt lat="36.36522111111111" lon="139.0682488888889">
<ele>95</ele>
</trkpt>
<trkpt lat="36.36526611111111" lon="139.0682461111111">
<ele>95</ele>
</trkpt>
<trkpt lat="36.36531111111111" lon="139.06824305555557">
<ele>95</ele>
</trkpt>
<trkpt lat="36.36535611111111" lon="139.06824">
<ele>95</ele>
</trkpt>
<trkpt lat="36.36540111111111" lon="139.0682361111111">
<ele>95</ele>
</trkpt>
<trkpt lat="36.36544611111111" lon="139.06823305555557">
<ele>95</ele>
</trkpt>
<trkpt lat="36.36549111111111" lon="139.06823">
<ele>95</ele>
</trkpt>
<trkpt lat="36.365535" lon="139.06822694444443">
<ele>95</ele>
</trkpt>
<trkpt lat="36.36558" lon="139.0682238888889">
<ele>95</ele>
</trkpt>
<trkpt lat="36.36560111111111" lon="139.06822194444445">
<ele>95</ele>
</trkpt>
<trkpt lat="36.36561805555556" lon="139.06827388888888">
<ele>95</ele>
</trkpt>
<trkpt lat="36.365628055555554" lon="139.06830194444444">
<ele>95</ele>
</trkpt>
<trkpt lat="36.36567111111111" lon="139.06828805555554">
<ele>95</ele>
</trkpt>
<trkpt lat="36.365715" lon="139.06827388888888">
<ele>95</ele>
</trkpt>
<trkpt lat="36.36575888888889" lon="139.0682611111111">
<ele>95</ele>
</trkpt>
<trkpt lat="36.36580194444444" lon="139.06824694444444">
<ele>95</ele>
</trkpt>
<trkpt lat="36.36584611111111" lon="139.06823305555557">
<ele>95</ele>
</trkpt>
<trkpt lat="36.36586611111111" lon="139.0682261111111">
<ele>146</ele>
</trkpt>
<trkpt lat="36.36594111111111" lon="139.06818194444443">
<ele>95</ele>
</trkpt>
<trkpt lat="36.36598" lon="139.0681538888889">
<ele>95</ele>
</trkpt>
<trkpt lat="36.36601805555556" lon="139.0681261111111">
<ele>95</ele>
</trkpt>
<trkpt lat="36.366056944444445" lon="139.06809694444445">
<ele>95</ele>
</trkpt>
<trkpt lat="36.36609194444444" lon="139.06807194444445">
<ele>95</ele>
</trkpt>
<trkpt lat="36.36613388888889" lon="139.0680538888889">
<ele>95</ele>
</trkpt>
<trkpt lat="36.36617611111111" lon="139.068035">
<ele>95</ele>
</trkpt>
<trkpt lat="36.36621888888889" lon="139.06801694444445">
<ele>95</ele>
</trkpt>
<trkpt lat="36.36626111111111" lon="139.06799805555556">
<ele>95</ele>
</trkpt>
<trkpt lat="36.366303888888886" lon="139.06798">
<ele>95</ele>
</trkpt>
<trkpt lat="36.36634611111111" lon="139.06796111111112">
<ele>95</ele>
</trkpt>
<trkpt lat="36.366388055555554" lon="139.06794305555556">
<ele>95</ele>
</trkpt>
<trkpt lat="36.36643111111111" lon="139.06792388888888">
<ele>95</ele>
</trkpt>
<trkpt lat="36.36647305555555" lon="139.0679061111111">
<ele>95</ele>
</trkpt>
<trkpt lat="36.36651611111111" lon="139.06788805555556">
<ele>95</ele>
</trkpt>
<trkpt lat="36.36655805555556" lon="139.06786888888888">
<ele>95</ele>
</trkpt>
<trkpt lat="36.3666" lon="139.0678511111111">
<ele>95</ele>
</trkpt>
<trkpt lat="36.36660888888889" lon="139.06784694444445">
<ele>115</ele>
</trkpt>
<trkpt lat="36.36673111111111" lon="139.0677738888889">
<ele>95</ele>
</trkpt>
<trkpt lat="36.36676111111111" lon="139.06773194444443">
<ele>95</ele>
</trkpt>
<trkpt lat="36.36679111111111" lon="139.06769111111112">
<ele>95</ele>
</trkpt>
<trkpt lat="36.36682111111111" lon="139.06765">
<ele>95</ele>
</trkpt>
<trkpt lat="36.36685194444444" lon="139.06760888888888">
<ele>95</ele>
</trkpt>
<trkpt lat="36.366858055555554" lon="139.06760111111112">
<ele>95</ele>
</trkpt>
<trkpt lat="36.36689805555555" lon="139.067575">
<ele>95</ele>
</trkpt>
<trkpt lat="36.36693805555556" lon="139.0675488888889">
<ele>95</ele>
</trkpt>
<trkpt lat="36.366976944444446" lon="139.0675238888889">
<ele>95</ele>
</trkpt>
<trkpt lat="36.367016944444444" lon="139.06749805555555">
<ele>95</ele>
</trkpt>
<trkpt lat="36.36705694444444" lon="139.06747194444443">
<ele>95</ele>
</trkpt>
<trkpt lat="36.36709694444444" lon="139.06744694444444">
<ele>95</ele>
</trkpt>
<trkpt lat="36.36713694444445" lon="139.06742111111112">
<ele>95</ele>
</trkpt>
<trkpt lat="36.367176944444445" lon="139.067395">
<ele>95</ele>
</trkpt>
<trkpt lat="36.36721694444444" lon="139.0673688888889">
<ele>95</ele>
</trkpt>
<trkpt lat="36.36725611111111" lon="139.0673438888889">
<ele>95</ele>
</trkpt>
<trkpt lat="36.36729611111111" lon="139.06731805555555">
<ele>95</ele>
</trkpt>
<trkpt lat="36.36731805555556" lon="139.0673038888889">
<ele>95</ele>
</trkpt>
<trkpt lat="36.36734805555555" lon="139.06726194444445">
<ele>95</ele>
</trkpt>
<trkpt lat="36.367376944444445" lon="139.06722">
<ele>95</ele>
</trkpt>
<trkpt lat="36.36740611111111" lon="139.0671788888889">
<ele>95</ele>
</trkpt>
<trkpt lat="36.36744" lon="139.06714305555556">
<ele>95</ele>
</trkpt>
<trkpt lat="36.36747388888889" lon="139.06710694444445">
<ele>95</ele>
</trkpt>
<trkpt lat="36.367488888888886" lon="139.06709111111113">
<ele>171</ele>
</trkpt>
<trkpt lat="36.367578055555555" lon="139.0670388888889">
<ele>95</ele>
</trkpt>
<trkpt lat="36.367621944444444" lon="139.06702805555557">
<ele>95</ele>
</trkpt>
<trkpt lat="36.36766611111111" lon="139.06701694444445">
<ele>95</ele>
</trkpt>
<trkpt lat="36.36771" lon="139.0670061111111">
<ele>95</ele>
</trkpt>
<trkpt lat="36.36775388888889" lon="139.066995">
<ele>95</ele>
</trkpt>
<trkpt lat="36.367785" lon="139.06698694444444">
<ele>95</ele>
</trkpt>
<trkpt lat="36.367823055555554" lon="139.06695694444446">
<ele>95</ele>
</trkpt>
<trkpt lat="36.36786" lon="139.06692611111112">
<ele>95</ele>
</trkpt>
<trkpt lat="36.36786194444444" lon="139.06692388888888">
<ele>95</ele>
</trkpt>
<trkpt lat="36.367885" lon="139.0668761111111">
<ele>95</ele>
</trkpt>
<trkpt lat="36.36790305555556" lon="139.06683694444445">
<ele>95</ele>
</trkpt>
<trkpt lat="36.36790305555556" lon="139.0667811111111">
<ele>95</ele>
</trkpt>
<trkpt lat="36.36790305555556" lon="139.066725">
<ele>95</ele>
</trkpt>
<trkpt lat="36.36790305555556" lon="139.0667161111111">
<ele>95</ele>
</trkpt>
<trkpt lat="36.367911944444444" lon="139.0666611111111">
<ele>95</ele>
</trkpt>
<trkpt lat="36.36791888888889" lon="139.06661194444445">
<ele>95</ele>
</trkpt>
<trkpt lat="36.368005" lon="139.0665611111111">
<ele>95</ele>
</trkpt>
<trkpt lat="36.36803111111111" lon="139.066515">
<ele>95</ele>
</trkpt>
<trkpt lat="36.36805611111111" lon="139.06647">
<ele>95</ele>
</trkpt>
<trkpt lat="36.36808194444444" lon="139.0664238888889">
<ele>95</ele>
</trkpt>
<trkpt lat="36.36810805555555" lon="139.06637805555556">
<ele>95</ele>
</trkpt>
<trkpt lat="36.36813388888889" lon="139.06633305555556">
<ele>95</ele>
</trkpt>
<trkpt lat="36.368135" lon="139.06633194444444">
<ele>95</ele>
</trkpt>
<trkpt lat="36.36816388888889" lon="139.06629">
<ele>95</ele>
</trkpt>
<trkpt lat="36.36819388888889" lon="139.06624805555555">
<ele>95</ele>
</trkpt>
<trkpt lat="36.36820194444444" lon="139.06623611111112">
<ele>95</ele>
</trkpt>
<trkpt lat="36.36824305555555" lon="139.06621305555555">
<ele>95</ele>
</trkpt>
<trkpt lat="36.36828388888889" lon="139.06619">
<ele>95</ele>
</trkpt>
<trkpt lat="36.36832388888889" lon="139.06616694444443">
<ele>95</ele>
</trkpt>
<trkpt lat="36.36836611111111" lon="139.0661438888889">
<ele>95</ele>
</trkpt>
<trkpt lat="36.36840611111111" lon="139.0661211111111">
<ele>95</ele>
</trkpt>
<trkpt lat="36.36844694444444" lon="139.06609805555556">
<ele>95</ele>
</trkpt>
<trkpt lat="36.36848805555555" lon="139.066075">
<ele>95</ele>
</trkpt>
<trkpt lat="36.36852888888889" lon="139.06605194444444">
<ele>95</ele>
</trkpt>
<trkpt lat="36.36857" lon="139.0660288888889">
<ele>95</ele>
</trkpt>
<trkpt lat="36.368611111111115" lon="139.0660061111111">
<ele>95</ele>
</trkpt>
<trkpt lat="36.368651944444444" lon="139.06598305555556">
<ele>95</ele>
</trkpt>
<trkpt lat="36.36869305555555" lon="139.06596">
<ele>95</ele>
</trkpt>
<trkpt lat="36.36873388888889" lon="139.06593694444445">
<ele>95</ele>
</trkpt>
<trkpt lat="36.368766111111114" lon="139.0659188888889">
<ele>95</ele>
</trkpt>
<trkpt lat="36.36881611111111" lon="139.065895">
<ele>95</ele>
</trkpt>
<trkpt lat="36.36886611111111" lon="139.0658711111111">
<ele>95</ele>
</trkpt>
<trkpt lat="36.368915" lon="139.06584805555556">
<ele>95</ele>
</trkpt>
<trkpt lat="36.368965" lon="139.0658238888889">
<ele>95</ele>
</trkpt>
<trkpt lat="36.369015" lon="139.0658">
<ele>95</ele>
</trkpt>
<trkpt lat="36.36906388888889" lon="139.06577694444445">
<ele>95</ele>
</trkpt>
<trkpt lat="36.36911388888889" lon="139.06575305555555">
<ele>95</ele>
</trkpt>
<trkpt lat="36.36916388888889" lon="139.06572888888888">
<ele>95</ele>
</trkpt>
<trkpt lat="36.369213888888886" lon="139.065705">
<ele>95</ele>
</trkpt>
<trkpt lat="36.36926305555556" lon="139.06568194444444">
<ele>95</ele>
</trkpt>
<trkpt lat="36.36931305555556" lon="139.06565805555556">
<ele>95</ele>
</trkpt>
<trkpt lat="36.36936305555555" lon="139.0656338888889">
<ele>95</ele>
</trkpt>
<trkpt lat="36.369411944444444" lon="139.0656111111111">
<ele>95</ele>
</trkpt>
<trkpt lat="36.369461944444446" lon="139.06558694444445">
<ele>95</ele>
</trkpt>
<trkpt lat="36.36951194444445" lon="139.06556305555554">
<ele>95</ele>
</trkpt>
<trkpt lat="36.36956111111111" lon="139.06553888888888">
<ele>95</ele>
</trkpt>
<trkpt lat="36.36961111111111" lon="139.06551611111112">
<ele>95</ele>
</trkpt>
<trkpt lat="36.369661111111114" lon="139.06549194444443">
<ele>95</ele>
</trkpt>
<trkpt lat="36.36971111111111" lon="139.06546805555556">
<ele>95</ele>
</trkpt>
<trkpt lat="36.369748888888886" lon="139.06549611111112">
<ele>95</ele>
</trkpt>
<trkpt lat="36.36978888888889" lon="139.0655238888889">
<ele>95</ele>
</trkpt>
<trkpt lat="36.36982805555556" lon="139.06555111111112">
<ele>95</ele>
</trkpt>
<trkpt lat="36.36985194444444" lon="139.06556805555556">
<ele>95</ele>
</trkpt>
<trkpt lat="36.36989611111111" lon="139.0655638888889">
<ele>95</ele>
</trkpt>
<trkpt lat="36.36994111111111" lon="139.06556111111112">
<ele>95</ele>
</trkpt>
<trkpt lat="36.36998611111111" lon="139.06555694444444">
<ele>95</ele>
</trkpt>
<trkpt lat="36.369996111111114" lon="139.0655561111111">
<ele>95</ele>
</trkpt>
<trkpt lat="36.370038055555554" lon="139.0655361111111">
<ele>95</ele>
</trkpt>
<trkpt lat="36.37008" lon="139.065515">
<ele>95</ele>
</trkpt>
<trkpt lat="36.37012194444444" lon="139.065495">
<ele>95</ele>
</trkpt>
<trkpt lat="36.37016388888889" lon="139.065475">
<ele>95</ele>
</trkpt>
<trkpt lat="36.370205" lon="139.0654538888889">
<ele>95</ele>
</trkpt>
<trkpt lat="36.37021111111111" lon="139.06545111111112">
<ele>95</ele>
</trkpt>
<trkpt lat="36.37025611111111" lon="139.06545694444443">
<ele>95</ele>
</trkpt>
<trkpt lat="36.37030111111111" lon="139.06546194444445">
<ele>95</ele>
</trkpt>
<trkpt lat="36.37032194444444" lon="139.0654638888889">
<ele>95</ele>
</trkpt>
<trkpt lat="36.37036611111111" lon="139.06545111111112">
<ele>95</ele>
</trkpt>
<trkpt lat="36.37039194444444" lon="139.06544305555556">
<ele>95</ele>
</trkpt>
<trkpt lat="36.37043194444445" lon="139.06541611111112">
<ele>95</ele>
</trkpt>
<trkpt lat="36.37047111111111" lon="139.0653888888889">
<ele>95</ele>
</trkpt>
<trkpt lat="36.37051" lon="139.06536111111112">
<ele>95</ele>
</trkpt>
<trkpt lat="36.37054888888889" lon="139.0653338888889">
<ele>95</ele>
</trkpt>
<trkpt lat="36.37058888888889" lon="139.06530694444444">
<ele>96</ele>
</trkpt>
<trkpt lat="36.37062805555556" lon="139.06528">
<ele>96</ele>
</trkpt>
<trkpt lat="36.370666944444444" lon="139.06525194444444">
<ele>96</ele>
</trkpt>
<trkpt lat="36.370675" lon="139.06524694444445">
<ele>96</ele>
</trkpt>
<trkpt lat="36.370711944444444" lon="139.0652161111111">
<ele>96</ele>
</trkpt>
<trkpt lat="36.37075" lon="139.0651861111111">
<ele>96</ele>
</trkpt>
<trkpt lat="36.37078805555556" lon="139.06515611111112">
<ele>96</ele>
</trkpt>
<trkpt lat="36.370825" lon="139.065125">
<ele>96</ele>
</trkpt>
<trkpt lat="36.37086305555555" lon="139.0650938888889">
<ele>96</ele>
</trkpt>
<trkpt lat="36.37090111111111" lon="139.0650638888889">
<ele>96</ele>
</trkpt>
<trkpt lat="36.370938055555555" lon="139.06503305555555">
<ele>96</ele>
</trkpt>
<trkpt lat="36.37097611111111" lon="139.06500305555556">
<ele>96</ele>
</trkpt>
<trkpt lat="36.37101305555556" lon="139.06497194444444">
<ele>96</ele>
</trkpt>
<trkpt lat="36.37101388888889" lon="139.06497194444444">
<ele>96</ele>
</trkpt>
<trkpt lat="36.371048055555555" lon="139.064935">
<ele>96</ele>
</trkpt>
<trkpt lat="36.37108194444444" lon="139.06489888888888">
<ele>96</ele>
</trkpt>
<trkpt lat="36.371116111111114" lon="139.06486194444443">
<ele>96</ele>
</trkpt>
<trkpt lat="36.37115111111111" lon="139.0648261111111">
<ele>96</ele>
</trkpt>
<trkpt lat="36.371185" lon="139.06479">
<ele>96</ele>
</trkpt>
<trkpt lat="36.37121888888889" lon="139.0647538888889">
<ele>96</ele>
</trkpt>
<trkpt lat="36.371253055555556" lon="139.06471694444446">
<ele>96</ele>
</trkpt>
<trkpt lat="36.37128694444444" lon="139.0646811111111">
<ele>96</ele>
</trkpt>
<trkpt lat="36.37132111111111" lon="139.0646438888889">
<ele>96</ele>
</trkpt>
<trkpt lat="36.371355" lon="139.06460805555557">
<ele>96</ele>
</trkpt>
<trkpt lat="36.37138888888889" lon="139.06457194444445">
<ele>96</ele>
</trkpt>
<trkpt lat="36.37142305555555" lon="139.064535">
<ele>96</ele>
</trkpt>
<trkpt lat="36.371456944444446" lon="139.0644988888889">
<ele>96</ele>
</trkpt>
<trkpt lat="36.37149111111111" lon="139.06446305555556">
<ele>96</ele>
</trkpt>
<trkpt lat="36.371525" lon="139.06442611111112">
<ele>96</ele>
</trkpt>
<trkpt lat="36.371538055555554" lon="139.06441194444446">
<ele>96</ele>
</trkpt>
<trkpt lat="36.371575" lon="139.06438">
<ele>96</ele>
</trkpt>
<trkpt lat="36.371611944444446" lon="139.06434805555554">
<ele>96</ele>
</trkpt>
<trkpt lat="36.37164888888889" lon="139.0643161111111">
<ele>96</ele>
</trkpt>
<trkpt lat="36.371685" lon="139.0642838888889">
<ele>96</ele>
</trkpt>
<trkpt lat="36.371721944444445" lon="139.06425194444444">
<ele>96</ele>
</trkpt>
<trkpt lat="36.37175888888889" lon="139.06422">
<ele>97</ele>
</trkpt>
<trkpt lat="36.37179611111111" lon="139.06418805555555">
<ele>97</ele>
</trkpt>
<trkpt lat="36.371831944444445" lon="139.06415611111112">
<ele>97</ele>
</trkpt>
<trkpt lat="36.37184388888889" lon="139.064145">
<ele>97</ele>
</trkpt>
<trkpt lat="36.37188388888889" lon="139.06411888888888">
<ele>97</ele>
</trkpt>
<trkpt lat="36.37192388888889" lon="139.0640938888889">
<ele>97</ele>
</trkpt>
<trkpt lat="36.371963055555554" lon="139.06406805555557">
<ele>97</ele>
</trkpt>
<trkpt lat="36.37200305555555" lon="139.06404194444445">
<ele>97</ele>
</trkpt>
<trkpt lat="36.37204305555556" lon="139.0640161111111">
<ele>97</ele>
</trkpt>
<trkpt lat="36.37208305555556" lon="139.06399">
<ele>97</ele>
</trkpt>
<trkpt lat="36.37211305555556" lon="139.06397">
<ele>97</ele>
</trkpt>
<trkpt lat="36.372155" lon="139.06395">
<ele>97</ele>
</trkpt>
<trkpt lat="36.37219694444445" lon="139.06393">
<ele>97</ele>
</trkpt>
<trkpt lat="36.37223888888889" lon="139.06391">
<ele>97</ele>
</trkpt>
<trkpt lat="36.372281111111114" lon="139.06389">
<ele>97</ele>
</trkpt>
<trkpt lat="36.372321944444444" lon="139.06387">
<ele>97</ele>
</trkpt>
<trkpt lat="36.37236388888889" lon="139.06385">
<ele>97</ele>
</trkpt>
<trkpt lat="36.372375" lon="139.063845">
<ele>97</ele>
</trkpt>
<trkpt lat="36.37241888888889" lon="139.0638338888889">
<ele>97</ele>
</trkpt>
<trkpt lat="36.372463055555556" lon="139.0638238888889">
<ele>97</ele>
</trkpt>
<trkpt lat="36.372508055555556" lon="139.06381305555556">
<ele>97</ele>
</trkpt>
<trkpt lat="36.372551111111115" lon="139.06380305555555">
<ele>97</ele>
</trkpt>
<trkpt lat="36.37259611111111" lon="139.06379194444443">
<ele>97</ele>
</trkpt>
<trkpt lat="36.37264" lon="139.06378194444446">
<ele>97</ele>
</trkpt>
<trkpt lat="36.372683888888886" lon="139.06377111111112">
<ele>97</ele>
</trkpt>
<trkpt lat="36.372708055555556" lon="139.0637661111111">
<ele>97</ele>
</trkpt>
<trkpt lat="36.37274388888889" lon="139.06373194444444">
<ele>97</ele>
</trkpt>
<trkpt lat="36.37278" lon="139.0636988888889">
<ele>97</ele>
</trkpt>
<trkpt lat="36.37281611111111" lon="139.0636661111111">
<ele>97</ele>
</trkpt>
<trkpt lat="36.37285194444444" lon="139.06363194444444">
<ele>97</ele>
</trkpt>
<trkpt lat="36.372888055555556" lon="139.0635988888889">
<ele>97</ele>
</trkpt>
<trkpt lat="36.37292388888889" lon="139.0635661111111">
<ele>97</ele>
</trkpt>
<trkpt lat="36.37296" lon="139.06353194444443">
<ele>97</ele>
</trkpt>
<trkpt lat="36.372996111111114" lon="139.0634988888889">
<ele>97</ele>
</trkpt>
<trkpt lat="36.37303194444444" lon="139.0634661111111">
<ele>97</ele>
</trkpt>
<trkpt lat="36.37306805555556" lon="139.06343194444443">
<ele>97</ele>
</trkpt>
<trkpt lat="36.37310388888889" lon="139.06339888888888">
<ele>97</ele>
</trkpt>
<trkpt lat="36.37314" lon="139.06336611111112">
<ele>97</ele>
</trkpt>
<trkpt lat="36.373176111111114" lon="139.06333194444446">
<ele>97</ele>
</trkpt>
<trkpt lat="36.37321194444444" lon="139.06329888888888">
<ele>97</ele>
</trkpt>
<trkpt lat="36.37324805555556" lon="139.06326611111112">
<ele>97</ele>
</trkpt>
<trkpt lat="36.37328388888889" lon="139.06323194444445">
<ele>97</ele>
</trkpt>
<trkpt lat="36.37332" lon="139.06319888888888">
<ele>97</ele>
</trkpt>
<trkpt lat="36.373356111111114" lon="139.06316611111112">
<ele>97</ele>
</trkpt>
<trkpt lat="36.37338" lon="139.0631438888889">
<ele>97</ele>
</trkpt>
<trkpt lat="36.37341305555555" lon="139.06310611111113">
<ele>97</ele>
</trkpt>
<trkpt lat="36.373446111111114" lon="139.06306805555556">
<ele>97</ele>
</trkpt>
<trkpt lat="36.37347888888889" lon="139.06303111111112">
<ele>97</ele>
</trkpt>
<trkpt lat="36.373511944444445" lon="139.06299305555555">
<ele>97</ele>
</trkpt>
<trkpt lat="36.37354111111111" lon="139.06296">
<ele>97</ele>
</trkpt>
<trkpt lat="36.373578888888886" lon="139.06293">
<ele>97</ele>
</trkpt>
<trkpt lat="36.37361611111111" lon="139.0628988888889">
<ele>97</ele>
</trkpt>
<trkpt lat="36.37362805555556" lon="139.0628888888889">
<ele>97</ele>
</trkpt>
<trkpt lat="36.37367111111111" lon="139.06287305555554">
<ele>97</ele>
</trkpt>
<trkpt lat="36.37371388888889" lon="139.06285805555555">
<ele>97</ele>
</trkpt>
<trkpt lat="36.373758055555555" lon="139.06284194444444">
<ele>97</ele>
</trkpt>
<trkpt lat="36.37377611111111" lon="139.062835">
<ele>97</ele>
</trkpt>
<trkpt lat="36.37381111111111" lon="139.0628">
<ele>97</ele>
</trkpt>
<trkpt lat="36.37384611111111" lon="139.062765">
<ele>97</ele>
</trkpt>
<trkpt lat="36.37388111111111" lon="139.0627311111111">
<ele>97</ele>
</trkpt>
<trkpt lat="36.373916111111114" lon="139.0626961111111">
<ele>97</ele>
</trkpt>
<trkpt lat="36.37394388888889" lon="139.06266805555555">
<ele>97</ele>
</trkpt>
<trkpt lat="36.373983055555556" lon="139.06264">
<ele>97</ele>
</trkpt>
<trkpt lat="36.37402194444444" lon="139.06261194444446">
<ele>97</ele>
</trkpt>
<trkpt lat="36.37406" lon="139.06258305555556">
<ele>97</ele>
</trkpt>
<trkpt lat="36.37409888888889" lon="139.062555">
<ele>97</ele>
</trkpt>
<trkpt lat="36.374138055555555" lon="139.06252694444444">
<ele>97</ele>
</trkpt>
<trkpt lat="36.37417611111111" lon="139.06249888888888">
<ele>97</ele>
</trkpt>
<trkpt lat="36.374215" lon="139.06247">
<ele>98</ele>
</trkpt>
<trkpt lat="36.37425388888889" lon="139.06244194444446">
<ele>98</ele>
</trkpt>
<trkpt lat="36.374293055555555" lon="139.0624138888889">
<ele>98</ele>
</trkpt>
<trkpt lat="36.37432694444445" lon="139.06238888888888">
<ele>98</ele>
</trkpt>
<trkpt lat="36.374361111111114" lon="139.06235194444446">
<ele>98</ele>
</trkpt>
<trkpt lat="36.37439611111111" lon="139.0623161111111">
<ele>98</ele>
</trkpt>
<trkpt lat="36.37443" lon="139.06228">
<ele>98</ele>
</trkpt>
<trkpt lat="36.37446388888889" lon="139.0622438888889">
<ele>98</ele>
</trkpt>
<trkpt lat="36.37449888888889" lon="139.06220805555554">
<ele>98</ele>
</trkpt>
<trkpt lat="36.37453305555555" lon="139.06217194444446">
<ele>98</ele>
</trkpt>
<trkpt lat="36.374566944444446" lon="139.0621361111111">
<ele>98</ele>
</trkpt>
<trkpt lat="36.37460111111111" lon="139.0621">
<ele>98</ele>
</trkpt>
<trkpt lat="36.37463611111111" lon="139.0620638888889">
<ele>98</ele>
</trkpt>
<trkpt lat="36.37467" lon="139.06202805555554">
<ele>98</ele>
</trkpt>
<trkpt lat="36.37470388888889" lon="139.06199194444446">
<ele>98</ele>
</trkpt>
<trkpt lat="36.37473888888889" lon="139.0619561111111">
<ele>98</ele>
</trkpt>
<trkpt lat="36.37474388888889" lon="139.06195">
<ele>98</ele>
</trkpt>
<trkpt lat="36.37477194444445" lon="139.06190805555556">
<ele>98</ele>
</trkpt>
<trkpt lat="36.37480111111111" lon="139.061865">
<ele>98</ele>
</trkpt>
<trkpt lat="36.37483" lon="139.06182194444443">
<ele>98</ele>
</trkpt>
<trkpt lat="36.37485888888889" lon="139.06177888888888">
<ele>98</ele>
</trkpt>
<trkpt lat="36.37488805555556" lon="139.06173611111112">
<ele>98</ele>
</trkpt>
<trkpt lat="36.37491611111111" lon="139.06169305555557">
<ele>98</ele>
</trkpt>
<trkpt lat="36.374945" lon="139.06165">
<ele>98</ele>
</trkpt>
<trkpt lat="36.37497388888889" lon="139.06160805555555">
<ele>98</ele>
</trkpt>
<trkpt lat="36.37500194444444" lon="139.061565">
<ele>98</ele>
</trkpt>
<trkpt lat="36.37503111111111" lon="139.06152194444445">
<ele>98</ele>
</trkpt>
<trkpt lat="36.37506" lon="139.0614788888889">
<ele>98</ele>
</trkpt>
<trkpt lat="36.37508888888889" lon="139.0614361111111">
<ele>98</ele>
</trkpt>
<trkpt lat="36.375118055555554" lon="139.06139305555556">
<ele>98</ele>
</trkpt>
<trkpt lat="36.37513" lon="139.06137388888888">
<ele>98</ele>
</trkpt>
<trkpt lat="36.37515388888889" lon="139.06132694444443">
<ele>98</ele>
</trkpt>
<trkpt lat="36.37517805555556" lon="139.06128">
<ele>98</ele>
</trkpt>
<trkpt lat="36.37519388888889" lon="139.06124888888888">
<ele>98</ele>
</trkpt>
<trkpt lat="36.37521388888889" lon="139.0611988888889">
<ele>98</ele>
</trkpt>
<trkpt lat="36.375233055555555" lon="139.06114888888888">
<ele>98</ele>
</trkpt>
<trkpt lat="36.375253055555554" lon="139.0610988888889">
<ele>98</ele>
</trkpt>
<trkpt lat="36.375258055555555" lon="139.06108694444444">
<ele>98</ele>
</trkpt>
<trkpt lat="36.37526805555556" lon="139.06103194444444">
<ele>98</ele>
</trkpt>
<trkpt lat="36.375278888888886" lon="139.06097805555555">
<ele>98</ele>
</trkpt>
<trkpt lat="36.37528888888889" lon="139.06092388888888">
<ele>98</ele>
</trkpt>
<trkpt lat="36.37529888888889" lon="139.06086888888888">
<ele>99</ele>
</trkpt>
<trkpt lat="36.375301944444445" lon="139.06085694444445">
<ele>99</ele>
</trkpt>
<trkpt lat="36.375321944444444" lon="139.06080805555555">
<ele>99</ele>
</trkpt>
<trkpt lat="36.375343055555554" lon="139.06075805555557">
<ele>99</ele>
</trkpt>
<trkpt lat="36.37536305555555" lon="139.06070805555555">
<ele>99</ele>
</trkpt>
<trkpt lat="36.37538388888889" lon="139.0606588888889">
<ele>99</ele>
</trkpt>
<trkpt lat="36.375405" lon="139.06060888888888">
<ele>99</ele>
</trkpt>
<trkpt lat="36.375425" lon="139.06056">
<ele>99</ele>
</trkpt>
<trkpt lat="36.37544611111111" lon="139.06051">
<ele>99</ele>
</trkpt>
<trkpt lat="36.37546694444445" lon="139.06046111111112">
<ele>99</ele>
</trkpt>
<trkpt lat="36.37548694444445" lon="139.0604111111111">
<ele>99</ele>
</trkpt>
<trkpt lat="36.375503055555555" lon="139.06037305555554">
<ele>99</ele>
</trkpt>
<trkpt lat="36.37553" lon="139.06032805555554">
<ele>99</ele>
</trkpt>
<trkpt lat="36.37555611111111" lon="139.06028305555554">
<ele>99</ele>
</trkpt>
<trkpt lat="36.37558305555556" lon="139.06023805555554">
<ele>99</ele>
</trkpt>
<trkpt lat="36.37560888888889" lon="139.06019305555554">
<ele>99</ele>
</trkpt>
<trkpt lat="36.37563611111111" lon="139.06014805555554">
<ele>99</ele>
</trkpt>
<trkpt lat="36.375661944444445" lon="139.06010305555554">
<ele>99</ele>
</trkpt>
<trkpt lat="36.37568888888889" lon="139.06005805555554">
<ele>99</ele>
</trkpt>
<trkpt lat="36.375715" lon="139.06001194444445">
<ele>99</ele>
</trkpt>
<trkpt lat="36.37574194444444" lon="139.05996805555554">
<ele>100</ele>
</trkpt>
<trkpt lat="36.375768055555554" lon="139.05992194444445">
<ele>100</ele>
</trkpt>
<trkpt lat="36.375795" lon="139.05987805555554">
<ele>99</ele>
</trkpt>
<trkpt lat="36.37582111111111" lon="139.05983194444445">
<ele>99</ele>
</trkpt>
<trkpt lat="36.375821944444446" lon="139.05983111111112">
<ele>99</ele>
</trkpt>
<trkpt lat="36.37585111111111" lon="139.05978694444445">
<ele>99</ele>
</trkpt>
<trkpt lat="36.37587888888889" lon="139.0597438888889">
<ele>100</ele>
</trkpt>
<trkpt lat="36.375906944444445" lon="139.0597">
<ele>100</ele>
</trkpt>
<trkpt lat="36.375935" lon="139.05965694444444">
<ele>99</ele>
</trkpt>
<trkpt lat="36.37596305555556" lon="139.05961305555556">
<ele>99</ele>
</trkpt>
<trkpt lat="36.375976944444446" lon="139.05959194444443">
<ele>100</ele>
</trkpt>
<trkpt lat="36.37600888888889" lon="139.0595538888889">
<ele>100</ele>
</trkpt>
<trkpt lat="36.376041111111114" lon="139.059515">
<ele>100</ele>
</trkpt>
<trkpt lat="36.37607388888889" lon="139.0594761111111">
<ele>100</ele>
</trkpt>
<trkpt lat="36.37610611111111" lon="139.05943694444446">
<ele>100</ele>
</trkpt>
<trkpt lat="36.37613805555556" lon="139.05939805555556">
<ele>100</ele>
</trkpt>
<trkpt lat="36.37617" lon="139.05935888888888">
<ele>100</ele>
</trkpt>
<trkpt lat="36.376201944444446" lon="139.05932">
<ele>100</ele>
</trkpt>
<trkpt lat="36.376218888888886" lon="139.05930111111113">
<ele>100</ele>
</trkpt>
<trkpt lat="36.376266944444446" lon="139.0592511111111">
<ele>100</ele>
</trkpt>
<trkpt lat="36.37631388888889" lon="139.05920194444445">
<ele>100</ele>
</trkpt>
<trkpt lat="36.37636194444445" lon="139.05915194444444">
<ele>100</ele>
</trkpt>
<trkpt lat="36.37641" lon="139.05910305555557">
<ele>100</ele>
</trkpt>
<trkpt lat="36.37645805555555" lon="139.05905305555555">
<ele>100</ele>
</trkpt>
<trkpt lat="36.376505" lon="139.0590038888889">
<ele>100</ele>
</trkpt>
<trkpt lat="36.376553055555554" lon="139.058955">
<ele>100</ele>
</trkpt>
<trkpt lat="36.376601111111114" lon="139.058905">
<ele>100</ele>
</trkpt>
<trkpt lat="36.37664888888889" lon="139.0588561111111">
<ele>100</ele>
</trkpt>
<trkpt lat="36.37669611111111" lon="139.05880611111112">
<ele>100</ele>
</trkpt>
<trkpt lat="36.37674388888889" lon="139.05875694444444">
<ele>100</ele>
</trkpt>
<trkpt lat="36.37679194444444" lon="139.05870805555554">
<ele>100</ele>
</trkpt>
<trkpt lat="36.37683888888889" lon="139.05865805555555">
<ele>100</ele>
</trkpt>
<trkpt lat="36.37688694444444" lon="139.0586088888889">
<ele>100</ele>
</trkpt>
<trkpt lat="36.376935" lon="139.05855888888888">
<ele>100</ele>
</trkpt>
<trkpt lat="36.376983055555556" lon="139.05851">
<ele>100</ele>
</trkpt>
<trkpt lat="36.37703111111111" lon="139.05846">
<ele>100</ele>
</trkpt>
<trkpt lat="36.37707805555556" lon="139.0584111111111">
<ele>100</ele>
</trkpt>
<trkpt lat="36.37712611111111" lon="139.05836194444444">
<ele>100</ele>
</trkpt>
<trkpt lat="36.377163055555556" lon="139.0583311111111">
<ele>100</ele>
</trkpt>
<trkpt lat="36.37720111111111" lon="139.0583">
<ele>100</ele>
</trkpt>
<trkpt lat="36.37723805555556" lon="139.05826888888888">
<ele>100</ele>
</trkpt>
<trkpt lat="36.37727611111111" lon="139.05823805555556">
<ele>100</ele>
</trkpt>
<trkpt lat="36.37728694444444" lon="139.05822805555556">
<ele>100</ele>
</trkpt>
<trkpt lat="36.37734805555556" lon="139.05819694444443">
<ele>100</ele>
</trkpt>
<trkpt lat="36.377408055555556" lon="139.058165">
<ele>100</ele>
</trkpt>
<trkpt lat="36.37746805555555" lon="139.05813388888888">
<ele>100</ele>
</trkpt>
<trkpt lat="36.37752805555556" lon="139.05810194444445">
<ele>100</ele>
</trkpt>
<trkpt lat="36.37758888888889" lon="139.0580711111111">
<ele>100</ele>
</trkpt>
<trkpt lat="36.37764888888889" lon="139.05804">
<ele>100</ele>
</trkpt>
<trkpt lat="36.37770888888889" lon="139.05800805555555">
<ele>100</ele>
</trkpt>
<trkpt lat="36.37777" lon="139.05797694444445">
<ele>100</ele>
</trkpt>
<trkpt lat="36.37783" lon="139.057945">
<ele>100</ele>
</trkpt>
<trkpt lat="36.37789" lon="139.0579138888889">
<ele>100</ele>
</trkpt>
<trkpt lat="36.37795111111111" lon="139.05788194444443">
<ele>100</ele>
</trkpt>
<trkpt lat="36.378011111111114" lon="139.05785111111112">
<ele>100</ele>
</trkpt>
<trkpt lat="36.37807111111111" lon="139.05782">
<ele>100</ele>
</trkpt>
<trkpt lat="36.37813111111111" lon="139.05778805555556">
<ele>100</ele>
</trkpt>
<trkpt lat="36.378191944444445" lon="139.05775694444444">
<ele>100</ele>
</trkpt>
<trkpt lat="36.37825194444444" lon="139.05772611111112">
<ele>100</ele>
</trkpt>
<trkpt lat="36.37831194444444" lon="139.05769388888888">
<ele>100</ele>
</trkpt>
<trkpt lat="36.378371944444446" lon="139.05766305555557">
<ele>101</ele>
</trkpt>
<trkpt lat="36.378433055555554" lon="139.0576311111111">
<ele>101</ele>
</trkpt>
<trkpt lat="36.37848" lon="139.057615">
<ele>101</ele>
</trkpt>
<trkpt lat="36.378526944444445" lon="139.0575988888889">
<ele>101</ele>
</trkpt>
<trkpt lat="36.37857388888889" lon="139.05758305555557">
<ele>101</ele>
</trkpt>
<trkpt lat="36.37862194444445" lon="139.05756694444443">
<ele>101</ele>
</trkpt>
<trkpt lat="36.37866888888889" lon="139.0575511111111">
<ele>101</ele>
</trkpt>
<trkpt lat="36.37871611111111" lon="139.057535">
<ele>101</ele>
</trkpt>
<trkpt lat="36.37876305555555" lon="139.0575188888889">
<ele>101</ele>
</trkpt>
<trkpt lat="36.37881111111111" lon="139.05750305555554">
<ele>102</ele>
</trkpt>
<trkpt lat="36.378858055555554" lon="139.05748694444443">
<ele>102</ele>
</trkpt>
<trkpt lat="36.378905" lon="139.0574711111111">
<ele>102</ele>
</trkpt>
<trkpt lat="36.378951944444445" lon="139.057455">
<ele>102</ele>
</trkpt>
<trkpt lat="36.37899888888889" lon="139.0574388888889">
<ele>102</ele>
</trkpt>
<trkpt lat="36.37904694444445" lon="139.05742305555555">
<ele>102</ele>
</trkpt>
<trkpt lat="36.37909388888889" lon="139.05740694444444">
<ele>102</ele>
</trkpt>
<trkpt lat="36.37914111111111" lon="139.05739111111112">
<ele>103</ele>
</trkpt>
<trkpt lat="36.37918805555555" lon="139.057375">
<ele>103</ele>
</trkpt>
<trkpt lat="36.37923611111111" lon="139.0573588888889">
<ele>103</ele>
</trkpt>
<trkpt lat="36.379283055555554" lon="139.05734305555555">
<ele>103</ele>
</trkpt>
<trkpt lat="36.37933" lon="139.05732694444444">
<ele>103</ele>
</trkpt>
<trkpt lat="36.379375" lon="139.05732805555556">
<ele>103</ele>
</trkpt>
<trkpt lat="36.37942" lon="139.0573288888889">
<ele>103</ele>
</trkpt>
<trkpt lat="36.379465" lon="139.05733">
<ele>104</ele>
</trkpt>
<trkpt lat="36.379508888888886" lon="139.05733111111113">
<ele>104</ele>
</trkpt>
<trkpt lat="36.379553888888886" lon="139.05733194444446">
<ele>104</ele>
</trkpt>
<trkpt lat="36.379598888888886" lon="139.05733388888888">
<ele>104</ele>
</trkpt>
<trkpt lat="36.379643888888886" lon="139.057335">
<ele>104</ele>
</trkpt>
<trkpt lat="36.379688888888886" lon="139.0573361111111">
<ele>104</ele>
</trkpt>
<trkpt lat="36.379733888888886" lon="139.05733805555556">
<ele>104</ele>
</trkpt>
<trkpt lat="36.379778888888886" lon="139.0573388888889">
<ele>104</ele>
</trkpt>
<trkpt lat="36.37980388888889" lon="139.0573388888889">
<ele>104</ele>
</trkpt>
<trkpt lat="36.379848055555556" lon="139.05735">
<ele>104</ele>
</trkpt>
<trkpt lat="36.379891944444445" lon="139.0573611111111">
<ele>104</ele>
</trkpt>
<trkpt lat="36.379936111111114" lon="139.05737194444444">
<ele>104</ele>
</trkpt>
<trkpt lat="36.37998" lon="139.05738305555556">
<ele>104</ele>
</trkpt>
<trkpt lat="36.380023888888886" lon="139.0573938888889">
<ele>104</ele>
</trkpt>
<trkpt lat="36.380068055555554" lon="139.057405">
<ele>104</ele>
</trkpt>
<trkpt lat="36.38010611111111" lon="139.0574138888889">
<ele>104</ele>
</trkpt>
<trkpt lat="36.38015" lon="139.05743">
<ele>104</ele>
</trkpt>
<trkpt lat="36.38019305555556" lon="139.057445">
<ele>104</ele>
</trkpt>
<trkpt lat="36.38023694444444" lon="139.0574611111111">
<ele>104</ele>
</trkpt>
<trkpt lat="36.38028111111111" lon="139.0574761111111">
<ele>104</ele>
</trkpt>
<trkpt lat="36.38032388888889" lon="139.05749111111112">
<ele>104</ele>
</trkpt>
<trkpt lat="36.38036805555556" lon="139.05750694444444">
<ele>105</ele>
</trkpt>
<trkpt lat="36.38041194444445" lon="139.05752194444443">
<ele>105</ele>
</trkpt>
<trkpt lat="36.38045611111111" lon="139.05753694444445">
<ele>105</ele>
</trkpt>
<trkpt lat="36.38049888888889" lon="139.05755305555556">
<ele>105</ele>
</trkpt>
<trkpt lat="36.380543055555556" lon="139.05756805555555">
<ele>105</ele>
</trkpt>
<trkpt lat="36.380586111111114" lon="139.05758305555557">
<ele>105</ele>
</trkpt>
<trkpt lat="36.38063" lon="139.0575988888889">
<ele>105</ele>
</trkpt>
<trkpt lat="36.380673888888886" lon="139.05761388888888">
<ele>105</ele>
</trkpt>
<trkpt lat="36.380718055555555" lon="139.0576288888889">
<ele>105</ele>
</trkpt>
<trkpt lat="36.38076111111111" lon="139.057645">
<ele>105</ele>
</trkpt>
<trkpt lat="36.380805" lon="139.05766">
<ele>105</ele>
</trkpt>
<trkpt lat="36.38084888888889" lon="139.0576761111111">
<ele>105</ele>
</trkpt>
<trkpt lat="36.38089194444444" lon="139.0576911111111">
<ele>105</ele>
</trkpt>
<trkpt lat="36.38093611111111" lon="139.05770611111112">
<ele>105</ele>
</trkpt>
<trkpt lat="36.38098111111111" lon="139.05771305555555">
<ele>105</ele>
</trkpt>
<trkpt lat="36.381025" lon="139.05772">
<ele>105</ele>
</trkpt>
<trkpt lat="36.38106888888889" lon="139.05772694444445">
<ele>105</ele>
</trkpt>
<trkpt lat="36.38111388888889" lon="139.0577338888889">
<ele>105</ele>
</trkpt>
<trkpt lat="36.38115888888889" lon="139.0577411111111">
<ele>105</ele>
</trkpt>
<trkpt lat="36.38120305555555" lon="139.05774805555555">
<ele>105</ele>
</trkpt>
<trkpt lat="36.38124805555555" lon="139.057755">
<ele>105</ele>
</trkpt>
<trkpt lat="36.38129194444444" lon="139.05776194444445">
<ele>105</ele>
</trkpt>
<trkpt lat="36.38133694444444" lon="139.0577688888889">
<ele>105</ele>
</trkpt>
<trkpt lat="36.38138111111111" lon="139.0577761111111">
<ele>105</ele>
</trkpt>
<trkpt lat="36.38142611111111" lon="139.05778305555555">
<ele>105</ele>
</trkpt>
<trkpt lat="36.38147" lon="139.05779">
<ele>105</ele>
</trkpt>
<trkpt lat="36.38151305555556" lon="139.05780611111112">
<ele>105</ele>
</trkpt>
<trkpt lat="36.38155611111111" lon="139.05782194444444">
<ele>105</ele>
</trkpt>
<trkpt lat="36.38159888888889" lon="139.05783805555555">
<ele>105</ele>
</trkpt>
<trkpt lat="36.381613888888886" lon="139.0578438888889">
<ele>105</ele>
</trkpt>
<trkpt lat="36.381658888888886" lon="139.0578538888889">
<ele>105</ele>
</trkpt>
<trkpt lat="36.381703055555555" lon="139.05786305555554">
<ele>105</ele>
</trkpt>
<trkpt lat="36.381746944444444" lon="139.05787194444446">
<ele>105</ele>
</trkpt>
<trkpt lat="36.381791944444444" lon="139.05788194444443">
<ele>105</ele>
</trkpt>
<trkpt lat="36.38183611111111" lon="139.0578911111111">
<ele>105</ele>
</trkpt>
<trkpt lat="36.38188" lon="139.0579011111111">
<ele>105</ele>
</trkpt>
<trkpt lat="36.38192388888889" lon="139.05791">
<ele>105</ele>
</trkpt>
<trkpt lat="36.381926944444444" lon="139.0579111111111">
<ele>105</ele>
</trkpt>
<trkpt lat="36.381971944444444" lon="139.057905">
<ele>105</ele>
</trkpt>
<trkpt lat="36.38201611111111" lon="139.0578988888889">
<ele>105</ele>
</trkpt>
<trkpt lat="36.38206111111111" lon="139.05789388888888">
<ele>105</ele>
</trkpt>
<trkpt lat="36.38210611111111" lon="139.05788805555557">
<ele>105</ele>
</trkpt>
<trkpt lat="36.38212194444444" lon="139.05788611111112">
<ele>105</ele>
</trkpt>
<trkpt lat="36.38216611111111" lon="139.05789305555555">
<ele>105</ele>
</trkpt>
<trkpt lat="36.38221111111111" lon="139.0579">
<ele>105</ele>
</trkpt>
<trkpt lat="36.38225611111111" lon="139.05790805555554">
<ele>105</ele>
</trkpt>
<trkpt lat="36.3823" lon="139.0579138888889">
<ele>105</ele>
</trkpt>
<trkpt lat="36.38234388888889" lon="139.05792194444444">
<ele>105</ele>
</trkpt>
<trkpt lat="36.38238888888889" lon="139.05792888888888">
<ele>105</ele>
</trkpt>
<trkpt lat="36.38243388888889" lon="139.0579361111111">
<ele>105</ele>
</trkpt>
<trkpt lat="36.38247805555555" lon="139.05794305555557">
<ele>105</ele>
</trkpt>
<trkpt lat="36.382485" lon="139.0579438888889">
<ele>105</ele>
</trkpt>
<trkpt lat="36.38251611111111" lon="139.05798388888888">
<ele>105</ele>
</trkpt>
<trkpt lat="36.38254805555555" lon="139.05802305555557">
<ele>105</ele>
</trkpt>
<trkpt lat="36.38257194444444" lon="139.05805305555555">
<ele>105</ele>
</trkpt>
<trkpt lat="36.38261611111111" lon="139.05806194444443">
<ele>105</ele>
</trkpt>
<trkpt lat="36.38266111111111" lon="139.05807194444444">
<ele>105</ele>
</trkpt>
<trkpt lat="36.382705" lon="139.0580811111111">
<ele>105</ele>
</trkpt>
<trkpt lat="36.38274888888889" lon="139.0580911111111">
<ele>105</ele>
</trkpt>
<trkpt lat="36.38279305555555" lon="139.0581011111111">
<ele>105</ele>
</trkpt>
<trkpt lat="36.38283805555555" lon="139.05811">
<ele>105</ele>
</trkpt>
<trkpt lat="36.38288194444444" lon="139.05812">
<ele>105</ele>
</trkpt>
<trkpt lat="36.38292611111111" lon="139.0581288888889">
<ele>105</ele>
</trkpt>
<trkpt lat="36.38297" lon="139.0581388888889">
<ele>105</ele>
</trkpt>
<trkpt lat="36.38301388888889" lon="139.05814805555556">
<ele>105</ele>
</trkpt>
<trkpt lat="36.38305888888889" lon="139.05815805555557">
<ele>105</ele>
</trkpt>
<trkpt lat="36.38310305555556" lon="139.05816805555557">
<ele>105</ele>
</trkpt>
<trkpt lat="36.38314694444445" lon="139.05817694444445">
<ele>105</ele>
</trkpt>
<trkpt lat="36.38319111111111" lon="139.05818694444446">
<ele>105</ele>
</trkpt>
<trkpt lat="36.38323611111111" lon="139.0581961111111">
<ele>105</ele>
</trkpt>
<trkpt lat="36.383268055555554" lon="139.05820305555557">
<ele>105</ele>
</trkpt>
<trkpt lat="36.38331194444444" lon="139.0581938888889">
<ele>105</ele>
</trkpt>
<trkpt lat="36.38335611111111" lon="139.0581861111111">
<ele>105</ele>
</trkpt>
<trkpt lat="36.383375" lon="139.05818194444444">
<ele>105</ele>
</trkpt>
<trkpt lat="36.383448888888886" lon="139.05813694444444">
<ele>105</ele>
</trkpt>
<trkpt lat="36.38348111111111" lon="139.05809805555555">
<ele>105</ele>
</trkpt>
<trkpt lat="36.38351194444444" lon="139.05805805555556">
<ele>105</ele>
</trkpt>
<trkpt lat="36.38354388888889" lon="139.05801805555555">
<ele>105</ele>
</trkpt>
<trkpt lat="36.38356611111111" lon="139.05799">
<ele>105</ele>
</trkpt>
<trkpt lat="36.38361111111111" lon="139.05798694444445">
<ele>105</ele>
</trkpt>
<trkpt lat="36.38365611111111" lon="139.05798388888888">
<ele>105</ele>
</trkpt>
<trkpt lat="36.38370111111111" lon="139.0579811111111">
<ele>105</ele>
</trkpt>
<trkpt lat="36.38374611111111" lon="139.05797805555557">
<ele>105</ele>
</trkpt>
<trkpt lat="36.38379111111111" lon="139.057975">
<ele>105</ele>
</trkpt>
<trkpt lat="36.38383611111111" lon="139.05797194444443">
<ele>105</ele>
</trkpt>
<trkpt lat="36.38387888888889" lon="139.0579688888889">
<ele>105</ele>
</trkpt>
<trkpt lat="36.383921944444445" lon="139.05795388888887">
<ele>105</ele>
</trkpt>
<trkpt lat="36.383965" lon="139.05793888888888">
<ele>105</ele>
</trkpt>
<trkpt lat="36.38399611111111" lon="139.05792805555555">
<ele>105</ele>
</trkpt>
<trkpt lat="36.38402305555555" lon="139.05788194444443">
<ele>105</ele>
</trkpt>
<trkpt lat="36.38404888888889" lon="139.05783694444443">
<ele>105</ele>
</trkpt>
<trkpt lat="36.384056944444445" lon="139.05782305555556">
<ele>105</ele>
</trkpt>
<trkpt lat="36.384076944444445" lon="139.05777305555554">
<ele>105</ele>
</trkpt>
<trkpt lat="36.384096944444444" lon="139.05772305555556">
<ele>105</ele>
</trkpt>
<trkpt lat="36.38411694444444" lon="139.0576738888889">
<ele>105</ele>
</trkpt>
<trkpt lat="36.38413694444444" lon="139.05762388888888">
<ele>105</ele>
</trkpt>
<trkpt lat="36.384148055555556" lon="139.05759805555556">
<ele>105</ele>
</trkpt>
<trkpt lat="36.384185" lon="139.0575661111111">
<ele>105</ele>
</trkpt>
<trkpt lat="36.384211111111114" lon="139.0575438888889">
<ele>105</ele>
</trkpt>
<trkpt lat="36.384255" lon="139.05752805555557">
<ele>105</ele>
</trkpt>
<trkpt lat="36.384298055555554" lon="139.05751305555555">
<ele>105</ele>
</trkpt>
<trkpt lat="36.38434111111111" lon="139.05749805555556">
<ele>105</ele>
</trkpt>
<trkpt lat="36.38437611111111" lon="139.057485">
<ele>105</ele>
</trkpt>
<trkpt lat="36.384413055555555" lon="139.0574538888889">
<ele>105</ele>
</trkpt>
<trkpt lat="36.38445" lon="139.05742194444446">
<ele>106</ele>
</trkpt>
<trkpt lat="36.38448694444445" lon="139.05739111111112">
<ele>106</ele>
</trkpt>
<trkpt lat="36.384523888888886" lon="139.0573588888889">
<ele>106</ele>
</trkpt>
<trkpt lat="36.38456111111111" lon="139.05732805555556">
<ele>106</ele>
</trkpt>
<trkpt lat="36.38459888888889" lon="139.0572961111111">
<ele>106</ele>
</trkpt>
<trkpt lat="36.384636111111114" lon="139.057265">
<ele>106</ele>
</trkpt>
<trkpt lat="36.38467305555555" lon="139.0572338888889">
<ele>106</ele>
</trkpt>
<trkpt lat="36.38471" lon="139.05720194444444">
<ele>106</ele>
</trkpt>
<trkpt lat="36.384746944444444" lon="139.0571711111111">
<ele>106</ele>
</trkpt>
<trkpt lat="36.38476194444444" lon="139.05715805555556">
<ele>106</ele>
</trkpt>
<trkpt lat="36.38480694444444" lon="139.05716611111112">
<ele>106</ele>
</trkpt>
<trkpt lat="36.384816111111114" lon="139.05716805555556">
<ele>106</ele>
</trkpt>
<trkpt lat="36.384856944444444" lon="139.0571461111111">
<ele>106</ele>
</trkpt>
<trkpt lat="36.38489888888889" lon="139.0571238888889">
<ele>106</ele>
</trkpt>
<trkpt lat="36.38494" lon="139.0571011111111">
<ele>106</ele>
</trkpt>
<trkpt lat="36.38498111111111" lon="139.0570788888889">
<ele>106</ele>
</trkpt>
<trkpt lat="36.385021944444446" lon="139.05705694444444">
<ele>106</ele>
</trkpt>
<trkpt lat="36.385063055555555" lon="139.0570338888889">
<ele>106</ele>
</trkpt>
<trkpt lat="36.38507805555555" lon="139.0570261111111">
<ele>106</ele>
</trkpt>
<trkpt lat="36.38513805555556" lon="139.056995">
<ele>106</ele>
</trkpt>
<trkpt lat="36.385198055555556" lon="139.0569638888889">
<ele>106</ele>
</trkpt>
<trkpt lat="36.38525888888889" lon="139.05693305555556">
<ele>106</ele>
</trkpt>
<trkpt lat="36.38531888888889" lon="139.05690194444443">
<ele>106</ele>
</trkpt>
<trkpt lat="36.38537888888889" lon="139.05687111111112">
<ele>106</ele>
</trkpt>
<trkpt lat="36.38543888888889" lon="139.0568411111111">
<ele>106</ele>
</trkpt>
<trkpt lat="36.38549888888889" lon="139.0568088888889">
<ele>106</ele>
</trkpt>
<trkpt lat="36.38555888888889" lon="139.05677888888889">
<ele>106</ele>
</trkpt>
<trkpt lat="36.38561888888889" lon="139.05674805555554">
<ele>106</ele>
</trkpt>
<trkpt lat="36.38567888888889" lon="139.05671694444445">
<ele>106</ele>
</trkpt>
<trkpt lat="36.38573888888889" lon="139.0566861111111">
<ele>106</ele>
</trkpt>
<trkpt lat="36.385798888888885" lon="139.056655">
<ele>106</ele>
</trkpt>
<trkpt lat="36.38586" lon="139.05662388888888">
<ele>106</ele>
</trkpt>
<trkpt lat="36.38592" lon="139.05659305555557">
<ele>106</ele>
</trkpt>
<trkpt lat="36.38598" lon="139.05656194444444">
<ele>106</ele>
</trkpt>
<trkpt lat="36.38604" lon="139.0565311111111">
<ele>106</ele>
</trkpt>
<trkpt lat="36.3861" lon="139.0565">
<ele>106</ele>
</trkpt>
<trkpt lat="36.38616" lon="139.0564688888889">
<ele>106</ele>
</trkpt>
<trkpt lat="36.38622" lon="139.05643805555556">
<ele>107</ele>
</trkpt>
<trkpt lat="36.38626388888889" lon="139.05642694444444">
<ele>107</ele>
</trkpt>
<trkpt lat="36.38630888888889" lon="139.05641694444444">
<ele>107</ele>
</trkpt>
<trkpt lat="36.38635305555555" lon="139.0564061111111">
<ele>106</ele>
</trkpt>
<trkpt lat="36.38639694444444" lon="139.0563961111111">
<ele>106</ele>
</trkpt>
<trkpt lat="36.38644111111111" lon="139.056385">
<ele>106</ele>
</trkpt>
<trkpt lat="36.386485" lon="139.056375">
<ele>106</ele>
</trkpt>
<trkpt lat="36.38652888888889" lon="139.05636388888888">
<ele>106</ele>
</trkpt>
<trkpt lat="36.38657305555556" lon="139.05635388888888">
<ele>106</ele>
</trkpt>
<trkpt lat="36.38661805555556" lon="139.05634305555554">
<ele>106</ele>
</trkpt>
<trkpt lat="36.38666194444444" lon="139.05633305555557">
<ele>107</ele>
</trkpt>
<trkpt lat="36.38670611111111" lon="139.05632194444445">
<ele>107</ele>
</trkpt>
<trkpt lat="36.38675" lon="139.05631194444445">
<ele>107</ele>
</trkpt>
<trkpt lat="36.386765" lon="139.05630888888888">
<ele>107</ele>
</trkpt>
<trkpt lat="36.386806944444444" lon="139.0562911111111">
<ele>107</ele>
</trkpt>
<trkpt lat="36.38685" lon="139.05627388888888">
<ele>107</ele>
</trkpt>
<trkpt lat="36.38689194444444" lon="139.0562561111111">
<ele>107</ele>
</trkpt>
<trkpt lat="36.386935" lon="139.05623888888888">
<ele>107</ele>
</trkpt>
<trkpt lat="36.38697805555555" lon="139.0562211111111">
<ele>107</ele>
</trkpt>
<trkpt lat="36.38702111111111" lon="139.0562038888889">
<ele>107</ele>
</trkpt>
<trkpt lat="36.38706305555556" lon="139.05618694444445">
<ele>107</ele>
</trkpt>
<trkpt lat="36.38710611111111" lon="139.0561688888889">
<ele>107</ele>
</trkpt>
<trkpt lat="36.38714888888889" lon="139.05615194444445">
<ele>107</ele>
</trkpt>
<trkpt lat="36.387191111111115" lon="139.0561338888889">
<ele>107</ele>
</trkpt>
<trkpt lat="36.387195" lon="139.05613305555556">
<ele>107</ele>
</trkpt>
<trkpt lat="36.387233888888886" lon="139.05610694444445">
<ele>107</ele>
</trkpt>
<trkpt lat="36.38727388888889" lon="139.05608">
<ele>107</ele>
</trkpt>
<trkpt lat="36.38731305555556" lon="139.0560538888889">
<ele>107</ele>
</trkpt>
<trkpt lat="36.38735305555556" lon="139.05602694444445">
<ele>107</ele>
</trkpt>
<trkpt lat="36.387391944444445" lon="139.0560011111111">
<ele>107</ele>
</trkpt>
<trkpt lat="36.38740611111111" lon="139.0559911111111">
<ele>108</ele>
</trkpt>
<trkpt lat="36.38745111111111" lon="139.05598194444445">
<ele>108</ele>
</trkpt>
<trkpt lat="36.387495" lon="139.05597194444445">
<ele>108</ele>
</trkpt>
<trkpt lat="36.38753888888889" lon="139.05596305555557">
<ele>108</ele>
</trkpt>
<trkpt lat="36.38756388888889" lon="139.05595805555555">
<ele>108</ele>
</trkpt>
<trkpt lat="36.38760194444444" lon="139.05592805555557">
<ele>108</ele>
</trkpt>
<trkpt lat="36.38764" lon="139.05589805555556">
<ele>108</ele>
</trkpt>
<trkpt lat="36.38767694444444" lon="139.05586694444443">
<ele>108</ele>
</trkpt>
<trkpt lat="36.387715" lon="139.05583694444445">
<ele>108</ele>
</trkpt>
<trkpt lat="36.38775305555556" lon="139.05580694444444">
<ele>108</ele>
</trkpt>
<trkpt lat="36.38779111111111" lon="139.0557761111111">
<ele>109</ele>
</trkpt>
<trkpt lat="36.38782805555556" lon="139.05574611111112">
<ele>109</ele>
</trkpt>
<trkpt lat="36.38786611111111" lon="139.0557161111111">
<ele>109</ele>
</trkpt>
<trkpt lat="36.387903888888886" lon="139.0556861111111">
<ele>109</ele>
</trkpt>
<trkpt lat="36.38794194444444" lon="139.05565611111112">
<ele>109</ele>
</trkpt>
<trkpt lat="36.38797888888889" lon="139.055625">
<ele>109</ele>
</trkpt>
<trkpt lat="36.38798111111111" lon="139.0556238888889">
<ele>109</ele>
</trkpt>
<trkpt lat="36.388025" lon="139.055615">
<ele>109</ele>
</trkpt>
<trkpt lat="36.38806888888889" lon="139.055605">
<ele>109</ele>
</trkpt>
<trkpt lat="36.38811388888889" lon="139.0555961111111">
<ele>109</ele>
</trkpt>
<trkpt lat="36.38815805555556" lon="139.0555861111111">
<ele>109</ele>
</trkpt>
<trkpt lat="36.38820194444445" lon="139.05557694444445">
<ele>109</ele>
</trkpt>
<trkpt lat="36.38824611111111" lon="139.05556694444445">
<ele>109</ele>
</trkpt>
<trkpt lat="36.38829111111111" lon="139.05555805555557">
<ele>109</ele>
</trkpt>
<trkpt lat="36.388335" lon="139.05554805555556">
<ele>109</ele>
</trkpt>
<trkpt lat="36.38837888888889" lon="139.0555388888889">
<ele>109</ele>
</trkpt>
<trkpt lat="36.388423055555556" lon="139.0555288888889">
<ele>109</ele>
</trkpt>
<trkpt lat="36.388468055555556" lon="139.05552">
<ele>109</ele>
</trkpt>
<trkpt lat="36.388488055555555" lon="139.0555161111111">
<ele>109</ele>
</trkpt>
<trkpt lat="36.38852194444444" lon="139.0554788888889">
<ele>109</ele>
</trkpt>
<trkpt lat="36.388555" lon="139.05544194444445">
<ele>109</ele>
</trkpt>
<trkpt lat="36.38858888888889" lon="139.055405">
<ele>109</ele>
</trkpt>
<trkpt lat="36.388621944444445" lon="139.05536805555556">
<ele>109</ele>
</trkpt>
<trkpt lat="36.38863194444444" lon="139.05535694444444">
<ele>109</ele>
</trkpt>
<trkpt lat="36.38867694444444" lon="139.05535111111112">
<ele>109</ele>
</trkpt>
<trkpt lat="36.38872194444444" lon="139.0553461111111">
<ele>109</ele>
</trkpt>
<trkpt lat="36.38873" lon="139.0553438888889">
<ele>109</ele>
</trkpt>
<trkpt lat="36.38877388888889" lon="139.05535194444445">
<ele>109</ele>
</trkpt>
<trkpt lat="36.38881888888889" lon="139.0553588888889">
<ele>109</ele>
</trkpt>
<trkpt lat="36.38886388888889" lon="139.0553661111111">
<ele>109</ele>
</trkpt>
<trkpt lat="36.388908055555554" lon="139.05537194444443">
<ele>109</ele>
</trkpt>
<trkpt lat="36.38894111111111" lon="139.05537805555556">
<ele>109</ele>
</trkpt>
<trkpt lat="36.388985" lon="139.05536388888888">
<ele>109</ele>
</trkpt>
<trkpt lat="36.389028055555556" lon="139.05535">
<ele>109</ele>
</trkpt>
<trkpt lat="36.38905888888889" lon="139.05534">
<ele>109</ele>
</trkpt>
<trkpt lat="36.38909611111111" lon="139.05530805555554">
<ele>109</ele>
</trkpt>
<trkpt lat="36.38913194444444" lon="139.0552761111111">
<ele>109</ele>
</trkpt>
<trkpt lat="36.38916888888889" lon="139.0552438888889">
<ele>109</ele>
</trkpt>
<trkpt lat="36.38920611111111" lon="139.0552111111111">
<ele>109</ele>
</trkpt>
<trkpt lat="36.38924194444444" lon="139.0551788888889">
<ele>109</ele>
</trkpt>
<trkpt lat="36.38924388888889" lon="139.05517805555556">
<ele>109</ele>
</trkpt>
<trkpt lat="36.38928611111111" lon="139.05515888888888">
<ele>109</ele>
</trkpt>
<trkpt lat="36.38932805555555" lon="139.05514">
<ele>109</ele>
</trkpt>
<trkpt lat="36.38937111111111" lon="139.0551211111111">
<ele>110</ele>
</trkpt>
<trkpt lat="36.38941194444445" lon="139.05510194444443">
<ele>110</ele>
</trkpt>
<trkpt lat="36.38945611111111" lon="139.0550961111111">
<ele>110</ele>
</trkpt>
<trkpt lat="36.38950111111111" lon="139.05509111111112">
<ele>110</ele>
</trkpt>
<trkpt lat="36.38953611111111" lon="139.0550861111111">
<ele>110</ele>
</trkpt>
<trkpt lat="36.38957805555555" lon="139.05506805555555">
<ele>110</ele>
</trkpt>
<trkpt lat="36.38962111111111" lon="139.05504888888888">
<ele>110</ele>
</trkpt>
<trkpt lat="36.38966305555556" lon="139.0550311111111">
<ele>110</ele>
</trkpt>
<trkpt lat="36.38970611111111" lon="139.05501194444443">
<ele>110</ele>
</trkpt>
<trkpt lat="36.38974805555556" lon="139.0549938888889">
<ele>110</ele>
</trkpt>
<trkpt lat="36.38979111111111" lon="139.0549761111111">
<ele>110</ele>
</trkpt>
<trkpt lat="36.389833055555556" lon="139.05495805555555">
<ele>110</ele>
</trkpt>
<trkpt lat="36.389855" lon="139.05494805555554">
<ele>110</ele>
</trkpt>
<trkpt lat="36.38989888888889" lon="139.05496194444444">
<ele>110</ele>
</trkpt>
<trkpt lat="36.389941944444445" lon="139.0549761111111">
<ele>110</ele>
</trkpt>
<trkpt lat="36.38995888888889" lon="139.05498111111112">
<ele>110</ele>
</trkpt>
<trkpt lat="36.39000305555555" lon="139.05499305555554">
<ele>110</ele>
</trkpt>
<trkpt lat="36.39004694444444" lon="139.05500388888888">
<ele>110</ele>
</trkpt>
<trkpt lat="36.39009111111111" lon="139.05501611111112">
<ele>110</ele>
</trkpt>
<trkpt lat="36.390135" lon="139.05502694444445">
<ele>110</ele>
</trkpt>
<trkpt lat="36.39013694444444" lon="139.05502805555557">
<ele>110</ele>
</trkpt>
<trkpt lat="36.39018111111111" lon="139.05501305555555">
<ele>110</ele>
</trkpt>
<trkpt lat="36.39022388888889" lon="139.0549988888889">
<ele>110</ele>
</trkpt>
<trkpt lat="36.39023805555556" lon="139.0549938888889">
<ele>110</ele>
</trkpt>
<trkpt lat="36.390281944444446" lon="139.05500305555555">
<ele>110</ele>
</trkpt>
<trkpt lat="36.390326944444446" lon="139.05501194444443">
<ele>110</ele>
</trkpt>
<trkpt lat="36.39037111111111" lon="139.0550211111111">
<ele>110</ele>
</trkpt>
<trkpt lat="36.39040611111111" lon="139.05502805555557">
<ele>110</ele>
</trkpt>
<trkpt lat="36.39044805555555" lon="139.05504694444446">
<ele>110</ele>
</trkpt>
<trkpt lat="36.39049" lon="139.0550661111111">
<ele>110</ele>
</trkpt>
<trkpt lat="36.39053194444445" lon="139.0550861111111">
<ele>110</ele>
</trkpt>
<trkpt lat="36.39057388888889" lon="139.055105">
<ele>110</ele>
</trkpt>
<trkpt lat="36.390613888888886" lon="139.05512305555555">
<ele>110</ele>
</trkpt>
<trkpt lat="36.390658888888886" lon="139.0551288888889">
<ele>110</ele>
</trkpt>
<trkpt lat="36.390703888888886" lon="139.055135">
<ele>110</ele>
</trkpt>
<trkpt lat="36.390748055555555" lon="139.0551411111111">
<ele>110</ele>
</trkpt>
<trkpt lat="36.390793055555555" lon="139.0551461111111">
<ele>110</ele>
</trkpt>
<trkpt lat="36.390838055555555" lon="139.05515194444445">
<ele>110</ele>
</trkpt>
<trkpt lat="36.390881944444445" lon="139.05515805555555">
<ele>110</ele>
</trkpt>
<trkpt lat="36.390926944444445" lon="139.0551638888889">
<ele>110</ele>
</trkpt>
<trkpt lat="36.390971944444445" lon="139.05517">
<ele>110</ele>
</trkpt>
<trkpt lat="36.391016111111114" lon="139.055175">
<ele>110</ele>
</trkpt>
<trkpt lat="36.391061111111114" lon="139.05518111111112">
<ele>110</ele>
</trkpt>
<trkpt lat="36.391106111111114" lon="139.05518694444444">
<ele>110</ele>
</trkpt>
<trkpt lat="36.391151111111114" lon="139.05519305555555">
<ele>110</ele>
</trkpt>
<trkpt lat="36.391195" lon="139.0551988888889">
<ele>110</ele>
</trkpt>
<trkpt lat="36.39124" lon="139.05520388888888">
<ele>110</ele>
</trkpt>
<trkpt lat="36.39125888888889" lon="139.05520694444445">
<ele>110</ele>
</trkpt>
<trkpt lat="36.391303055555554" lon="139.055195">
<ele>110</ele>
</trkpt>
<trkpt lat="36.39134694444444" lon="139.05518305555555">
<ele>110</ele>
</trkpt>
<trkpt lat="36.39139111111111" lon="139.05517111111112">
<ele>110</ele>
</trkpt>
<trkpt lat="36.39142694444445" lon="139.05516111111112">
<ele>110</ele>
</trkpt>
<trkpt lat="36.39147111111111" lon="139.05517305555554">
<ele>110</ele>
</trkpt>
<trkpt lat="36.391515" lon="139.0551861111111">
<ele>110</ele>
</trkpt>
<trkpt lat="36.39155888888889" lon="139.05519805555556">
<ele>110</ele>
</trkpt>
<trkpt lat="36.391601944444446" lon="139.05521">
<ele>110</ele>
</trkpt>
<trkpt lat="36.39164611111111" lon="139.05522305555556">
<ele>110</ele>
</trkpt>
<trkpt lat="36.39169" lon="139.055235">
<ele>110</ele>
</trkpt>
<trkpt lat="36.39172305555556" lon="139.0552438888889">
<ele>110</ele>
</trkpt>
<trkpt lat="36.391753055555554" lon="139.055285">
<ele>110</ele>
</trkpt>
<trkpt lat="36.39178388888889" lon="139.0553261111111">
<ele>110</ele>
</trkpt>
<trkpt lat="36.39181388888889" lon="139.05536805555556">
<ele>110</ele>
</trkpt>
<trkpt lat="36.391843888888886" lon="139.05540694444446">
<ele>110</ele>
</trkpt>
<trkpt lat="36.39188305555555" lon="139.055435">
<ele>110</ele>
</trkpt>
<trkpt lat="36.39192194444445" lon="139.05546194444443">
<ele>110</ele>
</trkpt>
<trkpt lat="36.39196111111111" lon="139.05549">
<ele>110</ele>
</trkpt>
<trkpt lat="36.392" lon="139.05551805555555">
<ele>110</ele>
</trkpt>
<trkpt lat="36.39203888888889" lon="139.055545">
<ele>110</ele>
</trkpt>
<trkpt lat="36.39207805555556" lon="139.05557305555556">
<ele>110</ele>
</trkpt>
<trkpt lat="36.392116944444446" lon="139.05560111111112">
<ele>110</ele>
</trkpt>
<trkpt lat="36.39215611111111" lon="139.05562805555556">
<ele>110</ele>
</trkpt>
<trkpt lat="36.392195" lon="139.05565611111112">
<ele>110</ele>
</trkpt>
<trkpt lat="36.392203055555555" lon="139.05566194444444">
<ele>110</ele>
</trkpt>
<trkpt lat="36.392246944444445" lon="139.05567305555556">
<ele>110</ele>
</trkpt>
<trkpt lat="36.39229111111111" lon="139.0556838888889">
<ele>110</ele>
</trkpt>
<trkpt lat="36.392335" lon="139.055695">
<ele>110</ele>
</trkpt>
<trkpt lat="36.39237888888889" lon="139.0557061111111">
<ele>110</ele>
</trkpt>
<trkpt lat="36.392423055555554" lon="139.05571694444444">
<ele>110</ele>
</trkpt>
<trkpt lat="36.392468055555554" lon="139.05572805555556">
<ele>110</ele>
</trkpt>
<trkpt lat="36.392485" lon="139.05573194444443">
<ele>110</ele>
</trkpt>
<trkpt lat="36.39253" lon="139.05572805555556">
<ele>110</ele>
</trkpt>
<trkpt lat="36.392575" lon="139.05572305555555">
<ele>110</ele>
</trkpt>
<trkpt lat="36.39262" lon="139.05571805555556">
<ele>110</ele>
</trkpt>
<trkpt lat="36.39266388888889" lon="139.05571305555554">
<ele>110</ele>
</trkpt>
<trkpt lat="36.39270888888889" lon="139.0557088888889">
<ele>110</ele>
</trkpt>
<trkpt lat="36.39275388888889" lon="139.0557038888889">
<ele>110</ele>
</trkpt>
<trkpt lat="36.39279888888889" lon="139.05569888888888">
<ele>110</ele>
</trkpt>
<trkpt lat="36.39284305555555" lon="139.0556938888889">
<ele>110</ele>
</trkpt>
<trkpt lat="36.392875" lon="139.05569111111112">
<ele>110</ele>
</trkpt>
<trkpt lat="36.392918888888886" lon="139.05567888888888">
<ele>110</ele>
</trkpt>
<trkpt lat="36.392963055555555" lon="139.05566694444445">
<ele>110</ele>
</trkpt>
<trkpt lat="36.393006944444444" lon="139.055655">
<ele>110</ele>
</trkpt>
<trkpt lat="36.39305111111111" lon="139.05564305555555">
<ele>110</ele>
</trkpt>
<trkpt lat="36.39309388888889" lon="139.0556311111111">
<ele>110</ele>
</trkpt>
<trkpt lat="36.39313805555555" lon="139.0556188888889">
<ele>110</ele>
</trkpt>
<trkpt lat="36.39318194444444" lon="139.05560805555555">
<ele>110</ele>
</trkpt>
<trkpt lat="36.39319805555556" lon="139.05560305555557">
<ele>110</ele>
</trkpt>
<trkpt lat="36.39323888888889" lon="139.0555811111111">
<ele>110</ele>
</trkpt>
<trkpt lat="36.39328" lon="139.05555805555557">
<ele>110</ele>
</trkpt>
<trkpt lat="36.39332111111111" lon="139.0555361111111">
<ele>110</ele>
</trkpt>
<trkpt lat="36.39336194444444" lon="139.0555138888889">
<ele>110</ele>
</trkpt>
<trkpt lat="36.39340305555555" lon="139.0554911111111">
<ele>110</ele>
</trkpt>
<trkpt lat="36.39344305555556" lon="139.05547">
<ele>110</ele>
</trkpt>
<trkpt lat="36.39348694444445" lon="139.0554811111111">
<ele>110</ele>
</trkpt>
<trkpt lat="36.39353111111111" lon="139.05549194444444">
<ele>110</ele>
</trkpt>
<trkpt lat="36.39355694444444" lon="139.05549888888888">
<ele>110</ele>
</trkpt>
<trkpt lat="36.39360111111111" lon="139.0554911111111">
<ele>110</ele>
</trkpt>
<trkpt lat="36.39364611111111" lon="139.0554838888889">
<ele>110</ele>
</trkpt>
<trkpt lat="36.39369111111111" lon="139.05547611111112">
<ele>110</ele>
</trkpt>
<trkpt lat="36.393728055555556" lon="139.05547">
<ele>110</ele>
</trkpt>
<trkpt lat="36.393771944444445" lon="139.0554588888889">
<ele>110</ele>
</trkpt>
<trkpt lat="36.393816944444445" lon="139.0554488888889">
<ele>110</ele>
</trkpt>
<trkpt lat="36.393861111111114" lon="139.0554388888889">
<ele>110</ele>
</trkpt>
<trkpt lat="36.393905" lon="139.05542805555555">
<ele>110</ele>
</trkpt>
<trkpt lat="36.393948888888886" lon="139.05541805555555">
<ele>110</ele>
</trkpt>
<trkpt lat="36.39397694444445" lon="139.0554111111111">
<ele>110</ele>
</trkpt>
<trkpt lat="36.39401888888889" lon="139.0553938888889">
<ele>110</ele>
</trkpt>
<trkpt lat="36.394061944444445" lon="139.05537611111112">
<ele>110</ele>
</trkpt>
<trkpt lat="36.394105" lon="139.05535805555556">
<ele>110</ele>
</trkpt>
<trkpt lat="36.394146944444444" lon="139.05534111111112">
<ele>110</ele>
</trkpt>
<trkpt lat="36.39417805555556" lon="139.05532805555555">
<ele>110</ele>
</trkpt>
<trkpt lat="36.39421611111111" lon="139.05529805555557">
<ele>110</ele>
</trkpt>
<trkpt lat="36.39425388888889" lon="139.0552688888889">
<ele>110</ele>
</trkpt>
<trkpt lat="36.39429305555556" lon="139.05523888888888">
<ele>110</ele>
</trkpt>
<trkpt lat="36.394331111111114" lon="139.0552088888889">
<ele>110</ele>
</trkpt>
<trkpt lat="36.39436888888889" lon="139.05518">
<ele>110</ele>
</trkpt>
<trkpt lat="36.39440694444444" lon="139.05515">
<ele>110</ele>
</trkpt>
<trkpt lat="36.394445" lon="139.0551211111111">
<ele>110</ele>
</trkpt>
<trkpt lat="36.39444694444445" lon="139.0551188888889">
<ele>110</ele>
</trkpt>
<trkpt lat="36.394486111111114" lon="139.05509194444446">
<ele>110</ele>
</trkpt>
<trkpt lat="36.394525" lon="139.0550638888889">
<ele>110</ele>
</trkpt>
<trkpt lat="36.39456388888889" lon="139.05503694444445">
<ele>110</ele>
</trkpt>
<trkpt lat="36.39457111111111" lon="139.05503194444444">
<ele>110</ele>
</trkpt>
<trkpt lat="36.39461611111111" lon="139.05502611111112">
<ele>110</ele>
</trkpt>
<trkpt lat="36.39466111111111" lon="139.05502">
<ele>110</ele>
</trkpt>
<trkpt lat="36.39470611111111" lon="139.05501388888888">
<ele>110</ele>
</trkpt>
<trkpt lat="36.39475" lon="139.05500805555556">
<ele>110</ele>
</trkpt>
<trkpt lat="36.394795" lon="139.05500194444446">
<ele>110</ele>
</trkpt>
<trkpt lat="36.39483888888889" lon="139.0549961111111">
<ele>110</ele>
</trkpt>
<trkpt lat="36.39488388888889" lon="139.05499111111112">
<ele>110</ele>
</trkpt>
<trkpt lat="36.39492888888889" lon="139.054985">
<ele>110</ele>
</trkpt>
<trkpt lat="36.39495388888889" lon="139.05498111111112">
<ele>110</ele>
</trkpt>
<trkpt lat="36.394998888888885" lon="139.05498805555555">
<ele>110</ele>
</trkpt>
<trkpt lat="36.395043888888885" lon="139.0549938888889">
<ele>110</ele>
</trkpt>
<trkpt lat="36.395088055555554" lon="139.055">
<ele>110</ele>
</trkpt>
<trkpt lat="36.395133055555554" lon="139.0550061111111">
<ele>110</ele>
</trkpt>
<trkpt lat="36.395136111111114" lon="139.0550061111111">
<ele>110</ele>
</trkpt>
<trkpt lat="36.395178055555554" lon="139.05498805555555">
<ele>110</ele>
</trkpt>
<trkpt lat="36.39522" lon="139.05496888888888">
<ele>110</ele>
</trkpt>
<trkpt lat="36.39526305555555" lon="139.0549511111111">
<ele>110</ele>
</trkpt>
<trkpt lat="36.395305" lon="139.05493194444443">
<ele>110</ele>
</trkpt>
<trkpt lat="36.39534694444445" lon="139.05491305555555">
<ele>110</ele>
</trkpt>
<trkpt lat="36.39539" lon="139.0548938888889">
<ele>110</ele>
</trkpt>
<trkpt lat="36.39543194444445" lon="139.0548761111111">
<ele>110</ele>
</trkpt>
<trkpt lat="36.39547388888889" lon="139.05485694444445">
<ele>110</ele>
</trkpt>
<trkpt lat="36.395516944444445" lon="139.05483805555556">
<ele>110</ele>
</trkpt>
<trkpt lat="36.395558888888885" lon="139.05482">
<ele>110</ele>
</trkpt>
<trkpt lat="36.39560111111111" lon="139.05480111111112">
<ele>110</ele>
</trkpt>
<trkpt lat="36.39564388888889" lon="139.05478194444444">
<ele>110</ele>
</trkpt>
<trkpt lat="36.39568611111111" lon="139.05476388888889">
<ele>110</ele>
</trkpt>
<trkpt lat="36.39572805555556" lon="139.054745">
<ele>110</ele>
</trkpt>
<trkpt lat="36.39577111111111" lon="139.0547261111111">
<ele>110</ele>
</trkpt>
<trkpt lat="36.39581305555556" lon="139.05470805555555">
<ele>110</ele>
</trkpt>
<trkpt lat="36.395855" lon="139.05468888888888">
<ele>110</ele>
</trkpt>
<trkpt lat="36.395898055555556" lon="139.05467">
<ele>109</ele>
</trkpt>
<trkpt lat="36.39590194444445" lon="139.0546688888889">
<ele>109</ele>
</trkpt>
<trkpt lat="36.39592388888889" lon="139.05461888888888">
<ele>110</ele>
</trkpt>
<trkpt lat="36.39594611111111" lon="139.0545711111111">
<ele>110</ele>
</trkpt>
<trkpt lat="36.395966944444446" lon="139.05452194444445">
<ele>110</ele>
</trkpt>
<trkpt lat="36.39598888888889" lon="139.05447194444446">
<ele>110</ele>
</trkpt>
<trkpt lat="36.396011111111115" lon="139.0544238888889">
<ele>110</ele>
</trkpt>
<trkpt lat="36.396033055555556" lon="139.054375">
<ele>110</ele>
</trkpt>
<trkpt lat="36.396055" lon="139.05432611111112">
<ele>110</ele>
</trkpt>
<trkpt lat="36.396076944444445" lon="139.05427694444444">
<ele>110</ele>
</trkpt>
<trkpt lat="36.396098888888886" lon="139.05422805555557">
<ele>110</ele>
</trkpt>
<trkpt lat="36.396121111111114" lon="139.05417888888888">
<ele>110</ele>
</trkpt>
<trkpt lat="36.396143055555555" lon="139.05413">
<ele>110</ele>
</trkpt>
<trkpt lat="36.396165" lon="139.05408111111112">
<ele>110</ele>
</trkpt>
<trkpt lat="36.396186944444445" lon="139.05403194444443">
<ele>110</ele>
</trkpt>
<trkpt lat="36.396208888888886" lon="139.05398305555556">
<ele>110</ele>
</trkpt>
<trkpt lat="36.39623" lon="139.05393388888888">
<ele>110</ele>
</trkpt>
<trkpt lat="36.396251944444444" lon="139.053885">
<ele>110</ele>
</trkpt>
<trkpt lat="36.39627388888889" lon="139.0538361111111">
<ele>110</ele>
</trkpt>
<trkpt lat="36.39629611111111" lon="139.05378694444445">
<ele>110</ele>
</trkpt>
<trkpt lat="36.396318055555554" lon="139.05373805555556">
<ele>110</ele>
</trkpt>
<trkpt lat="36.39633388888889" lon="139.05368611111112">
<ele>110</ele>
</trkpt>
<trkpt lat="36.39635111111111" lon="139.0536338888889">
<ele>110</ele>
</trkpt>
<trkpt lat="36.396366944444445" lon="139.05358194444443">
<ele>110</ele>
</trkpt>
<trkpt lat="36.39638305555555" lon="139.05353">
<ele>110</ele>
</trkpt>
<trkpt lat="36.3964" lon="139.05347805555556">
<ele>110</ele>
</trkpt>
<trkpt lat="36.39641611111111" lon="139.05342611111112">
<ele>111</ele>
</trkpt>
<trkpt lat="36.396431944444444" lon="139.0533738888889">
<ele>111</ele>
</trkpt>
<trkpt lat="36.39644888888889" lon="139.05332194444443">
<ele>111</ele>
</trkpt>
<trkpt lat="36.396465" lon="139.05327">
<ele>111</ele>
</trkpt>
<trkpt lat="36.39647111111111" lon="139.0532511111111">
<ele>111</ele>
</trkpt>
<trkpt lat="36.39649611111111" lon="139.0532038888889">
<ele>112</ele>
</trkpt>
<trkpt lat="36.39652111111111" lon="139.05315805555554">
<ele>112</ele>
</trkpt>
<trkpt lat="36.396546111111114" lon="139.05311111111112">
<ele>112</ele>
</trkpt>
<trkpt lat="36.39657111111111" lon="139.053065">
<ele>111</ele>
</trkpt>
<trkpt lat="36.39659611111111" lon="139.0530188888889">
<ele>111</ele>
</trkpt>
<trkpt lat="36.39662111111111" lon="139.05297194444444">
<ele>113</ele>
</trkpt>
<trkpt lat="36.39664611111111" lon="139.0529261111111">
<ele>113</ele>
</trkpt>
<trkpt lat="36.39667111111111" lon="139.0528788888889">
<ele>112</ele>
</trkpt>
<trkpt lat="36.396695" lon="139.05283305555557">
<ele>112</ele>
</trkpt>
<trkpt lat="36.39672" lon="139.05278611111112">
<ele>112</ele>
</trkpt>
<trkpt lat="36.396745" lon="139.05274">
<ele>113</ele>
</trkpt>
<trkpt lat="36.39677" lon="139.05269388888888">
<ele>113</ele>
</trkpt>
<trkpt lat="36.396795" lon="139.05264694444443">
<ele>114</ele>
</trkpt>
<trkpt lat="36.39682" lon="139.0526011111111">
<ele>114</ele>
</trkpt>
<trkpt lat="36.396845" lon="139.0525538888889">
<ele>115</ele>
</trkpt>
<trkpt lat="36.39687" lon="139.05250805555556">
<ele>115</ele>
</trkpt>
<trkpt lat="36.396895" lon="139.0524611111111">
<ele>115</ele>
</trkpt>
<trkpt lat="36.39690111111111" lon="139.05244888888888">
<ele>113</ele>
</trkpt>
<trkpt lat="36.39693" lon="139.05240694444444">
<ele>114</ele>
</trkpt>
<trkpt lat="36.39695888888889" lon="139.0523638888889">
<ele>114</ele>
</trkpt>
<trkpt lat="36.39698805555555" lon="139.0523211111111">
<ele>115</ele>
</trkpt>
<trkpt lat="36.397016111111114" lon="139.05227805555555">
<ele>115</ele>
</trkpt>
<trkpt lat="36.397045" lon="139.0522361111111">
<ele>115</ele>
</trkpt>
<trkpt lat="36.39707388888889" lon="139.05219305555556">
<ele>115</ele>
</trkpt>
<trkpt lat="36.397103055555554" lon="139.05215">
<ele>115</ele>
</trkpt>
<trkpt lat="36.397131944444446" lon="139.05210694444443">
<ele>115</ele>
</trkpt>
<trkpt lat="36.39716" lon="139.05206388888888">
<ele>115</ele>
</trkpt>
<trkpt lat="36.39718888888889" lon="139.05202111111112">
<ele>115</ele>
</trkpt>
<trkpt lat="36.39721" lon="139.0519911111111">
<ele>115</ele>
</trkpt>
<trkpt lat="36.39725388888889" lon="139.05198">
<ele>115</ele>
</trkpt>
<trkpt lat="36.39729805555555" lon="139.05197">
<ele>115</ele>
</trkpt>
<trkpt lat="36.39734194444444" lon="139.05196">
<ele>115</ele>
</trkpt>
<trkpt lat="36.39738694444444" lon="139.0519488888889">
<ele>115</ele>
</trkpt>
<trkpt lat="36.397425" lon="139.05194">
<ele>168</ele>
</trkpt>
<trkpt lat="36.39755611111111" lon="139.0518561111111">
<ele>115</ele>
</trkpt>
<trkpt lat="36.39758611111111" lon="139.051815">
<ele>115</ele>
</trkpt>
<trkpt lat="36.397616944444444" lon="139.0517738888889">
<ele>115</ele>
</trkpt>
<trkpt lat="36.397646944444446" lon="139.05173305555556">
<ele>115</ele>
</trkpt>
<trkpt lat="36.39767694444444" lon="139.05169194444446">
<ele>114</ele>
</trkpt>
<trkpt lat="36.397708055555555" lon="139.0516511111111">
<ele>115</ele>
</trkpt>
<trkpt lat="36.39773805555556" lon="139.05161">
<ele>115</ele>
</trkpt>
<trkpt lat="36.39776888888889" lon="139.05156888888888">
<ele>115</ele>
</trkpt>
<trkpt lat="36.397798888888886" lon="139.05152805555556">
<ele>115</ele>
</trkpt>
<trkpt lat="36.397815" lon="139.0515061111111">
<ele>115</ele>
</trkpt>
<trkpt lat="36.397888055555555" lon="139.05144194444443">
<ele>115</ele>
</trkpt>
<trkpt lat="36.39796" lon="139.05137694444446">
<ele>115</ele>
</trkpt>
<trkpt lat="36.39803305555556" lon="139.05131305555557">
<ele>115</ele>
</trkpt>
<trkpt lat="36.39810611111111" lon="139.05124805555556">
<ele>115</ele>
</trkpt>
<trkpt lat="36.398178888888886" lon="139.0511838888889">
<ele>115</ele>
</trkpt>
<trkpt lat="36.398251944444446" lon="139.05111888888888">
<ele>114</ele>
</trkpt>
<trkpt lat="36.39832388888889" lon="139.0510538888889">
<ele>115</ele>
</trkpt>
<trkpt lat="36.39839805555555" lon="139.05099">
<ele>115</ele>
</trkpt>
<trkpt lat="36.39847" lon="139.050925">
<ele>114</ele>
</trkpt>
<trkpt lat="36.39854305555556" lon="139.05086111111112">
<ele>115</ele>
</trkpt>
<trkpt lat="36.39861611111111" lon="139.0507961111111">
<ele>114</ele>
</trkpt>
<trkpt lat="36.39868888888889" lon="139.05073194444444">
<ele>114</ele>
</trkpt>
<trkpt lat="36.398761944444445" lon="139.05066694444446">
<ele>114</ele>
</trkpt>
<trkpt lat="36.39883388888889" lon="139.05060194444445">
<ele>114</ele>
</trkpt>
<trkpt lat="36.39890694444444" lon="139.05053805555556">
<ele>114</ele>
</trkpt>
<trkpt lat="36.39898" lon="139.05047305555556">
<ele>114</ele>
</trkpt>
<trkpt lat="36.399053055555555" lon="139.05040888888888">
<ele>114</ele>
</trkpt>
<trkpt lat="36.39912611111111" lon="139.05034388888888">
<ele>113</ele>
</trkpt>
<trkpt lat="36.39919888888889" lon="139.0502788888889">
<ele>114</ele>
</trkpt>
<trkpt lat="36.399236944444446" lon="139.05025111111112">
<ele>114</ele>
</trkpt>
<trkpt lat="36.399275" lon="139.0502211111111">
<ele>114</ele>
</trkpt>
<trkpt lat="36.39931388888889" lon="139.05019194444444">
<ele>114</ele>
</trkpt>
<trkpt lat="36.39935194444445" lon="139.05016305555554">
<ele>114</ele>
</trkpt>
<trkpt lat="36.39939" lon="139.0501338888889">
<ele>114</ele>
</trkpt>
<trkpt lat="36.39942888888889" lon="139.050105">
<ele>113</ele>
</trkpt>
<trkpt lat="36.39946694444444" lon="139.0500761111111">
<ele>114</ele>
</trkpt>
<trkpt lat="36.399505" lon="139.05004694444443">
<ele>114</ele>
</trkpt>
<trkpt lat="36.399543888888886" lon="139.05001805555557">
<ele>113</ele>
</trkpt>
<trkpt lat="36.39958194444444" lon="139.0499888888889">
<ele>114</ele>
</trkpt>
<trkpt lat="36.399595" lon="139.0499788888889">
<ele>114</ele>
</trkpt>
<trkpt lat="36.399638055555556" lon="139.04996194444445">
<ele>114</ele>
</trkpt>
<trkpt lat="36.399681111111114" lon="139.0499461111111">
<ele>114</ele>
</trkpt>
<trkpt lat="36.399723888888886" lon="139.0499288888889">
<ele>114</ele>
</trkpt>
<trkpt lat="36.39976611111111" lon="139.04991194444443">
<ele>114</ele>
</trkpt>
<trkpt lat="36.39980888888889" lon="139.0498961111111">
<ele>114</ele>
</trkpt>
<trkpt lat="36.39985194444444" lon="139.04987888888888">
<ele>114</ele>
</trkpt>
<trkpt lat="36.399895" lon="139.04986194444444">
<ele>114</ele>
</trkpt>
<trkpt lat="36.39993805555556" lon="139.04984611111112">
<ele>114</ele>
</trkpt>
<trkpt lat="36.39998111111111" lon="139.0498288888889">
<ele>114</ele>
</trkpt>
<trkpt lat="36.40002388888889" lon="139.04981305555555">
<ele>114</ele>
</trkpt>
<trkpt lat="36.400025" lon="139.04981194444446">
<ele>114</ele>
</trkpt>
<trkpt lat="36.400063055555556" lon="139.04978305555557">
<ele>114</ele>
</trkpt>
<trkpt lat="36.40010111111111" lon="139.0497538888889">
<ele>114</ele>
</trkpt>
<trkpt lat="36.40014" lon="139.049725">
<ele>114</ele>
</trkpt>
<trkpt lat="36.40014611111111" lon="139.04972">
<ele>114</ele>
</trkpt>
<trkpt lat="36.40019" lon="139.0497088888889">
<ele>114</ele>
</trkpt>
<trkpt lat="36.40023388888889" lon="139.04969805555555">
<ele>114</ele>
</trkpt>
<trkpt lat="36.40027805555555" lon="139.04968694444443">
<ele>114</ele>
</trkpt>
<trkpt lat="36.40032194444444" lon="139.0496761111111">
<ele>114</ele>
</trkpt>
<trkpt lat="36.40036611111111" lon="139.049665">
<ele>114</ele>
</trkpt>
<trkpt lat="36.40041" lon="139.04965388888888">
<ele>114</ele>
</trkpt>
<trkpt lat="36.40045388888889" lon="139.04964194444443">
<ele>114</ele>
</trkpt>
<trkpt lat="36.40049805555556" lon="139.0496311111111">
<ele>114</ele>
</trkpt>
<trkpt lat="36.400508888888886" lon="139.0496288888889">
<ele>114</ele>
</trkpt>
<trkpt lat="36.40054388888889" lon="139.0495938888889">
<ele>114</ele>
</trkpt>
<trkpt lat="36.40057888888889" lon="139.0495588888889">
<ele>114</ele>
</trkpt>
<trkpt lat="36.40061388888889" lon="139.049525">
<ele>114</ele>
</trkpt>
<trkpt lat="36.40063611111111" lon="139.04950305555556">
<ele>114</ele>
</trkpt>
<trkpt lat="36.40068" lon="139.04949194444444">
<ele>114</ele>
</trkpt>
<trkpt lat="36.40072388888889" lon="139.0494811111111">
<ele>114</ele>
</trkpt>
<trkpt lat="36.40076805555555" lon="139.04947">
<ele>114</ele>
</trkpt>
<trkpt lat="36.40081194444444" lon="139.04945805555556">
<ele>114</ele>
</trkpt>
<trkpt lat="36.40085611111111" lon="139.04944694444444">
<ele>114</ele>
</trkpt>
<trkpt lat="36.400863888888885" lon="139.049445">
<ele>114</ele>
</trkpt>
<trkpt lat="36.400945" lon="139.04944305555554">
<ele>114</ele>
</trkpt>
<trkpt lat="36.401025" lon="139.04944111111112">
<ele>114</ele>
</trkpt>
<trkpt lat="36.401105" lon="139.04943805555556">
<ele>114</ele>
</trkpt>
<trkpt lat="36.40118611111111" lon="139.0494361111111">
<ele>114</ele>
</trkpt>
<trkpt lat="36.40126611111111" lon="139.0494338888889">
<ele>114</ele>
</trkpt>
<trkpt lat="36.40134611111111" lon="139.04943194444445">
<ele>114</ele>
</trkpt>
<trkpt lat="36.401426111111114" lon="139.04943">
<ele>114</ele>
</trkpt>
<trkpt lat="36.40150694444444" lon="139.04942805555555">
<ele>114</ele>
</trkpt>
<trkpt lat="36.401586944444446" lon="139.049425">
<ele>114</ele>
</trkpt>
<trkpt lat="36.40166694444444" lon="139.04942305555556">
<ele>114</ele>
</trkpt>
<trkpt lat="36.40174694444445" lon="139.04942111111112">
<ele>114</ele>
</trkpt>
<trkpt lat="36.401828055555555" lon="139.04941888888888">
<ele>114</ele>
</trkpt>
<trkpt lat="36.40190805555556" lon="139.0494161111111">
<ele>114</ele>
</trkpt>
<trkpt lat="36.401988055555556" lon="139.0494138888889">
<ele>114</ele>
</trkpt>
<trkpt lat="36.40206805555555" lon="139.04941194444444">
<ele>114</ele>
</trkpt>
<trkpt lat="36.40214888888889" lon="139.04941">
<ele>114</ele>
</trkpt>
<trkpt lat="36.40222888888889" lon="139.04940805555555">
<ele>114</ele>
</trkpt>
<trkpt lat="36.40230888888889" lon="139.04940611111113">
<ele>114</ele>
</trkpt>
<trkpt lat="36.402388888888886" lon="139.04940305555556">
<ele>114</ele>
</trkpt>
<trkpt lat="36.402433888888886" lon="139.04940694444446">
<ele>114</ele>
</trkpt>
<trkpt lat="36.402478888888886" lon="139.04941">
<ele>114</ele>
</trkpt>
<trkpt lat="36.40252388888889" lon="139.0494138888889">
<ele>114</ele>
</trkpt>
<trkpt lat="36.40256888888889" lon="139.04941694444443">
<ele>114</ele>
</trkpt>
<trkpt lat="36.40261388888889" lon="139.04942111111112">
<ele>114</ele>
</trkpt>
<trkpt lat="36.402658055555555" lon="139.0494238888889">
<ele>114</ele>
</trkpt>
<trkpt lat="36.402703055555556" lon="139.04942805555555">
<ele>114</ele>
</trkpt>
<trkpt lat="36.402748055555556" lon="139.04943111111112">
<ele>114</ele>
</trkpt>
<trkpt lat="36.402793055555556" lon="139.049435">
<ele>114</ele>
</trkpt>
<trkpt lat="36.402838055555556" lon="139.04943805555556">
<ele>114</ele>
</trkpt>
<trkpt lat="36.402881944444445" lon="139.04944194444445">
<ele>114</ele>
</trkpt>
<trkpt lat="36.402926944444445" lon="139.0494461111111">
<ele>114</ele>
</trkpt>
<trkpt lat="36.402971944444445" lon="139.0494488888889">
<ele>114</ele>
</trkpt>
<trkpt lat="36.403016944444445" lon="139.04945194444446">
<ele>114</ele>
</trkpt>
<trkpt lat="36.40302805555555" lon="139.04945305555555">
<ele>114</ele>
</trkpt>
<trkpt lat="36.40307194444444" lon="139.04945805555556">
<ele>114</ele>
</trkpt>
<trkpt lat="36.40311694444444" lon="139.04946194444443">
<ele>114</ele>
</trkpt>
<trkpt lat="36.40316194444444" lon="139.04946611111112">
<ele>114</ele>
</trkpt>
<trkpt lat="36.40320694444444" lon="139.0494711111111">
<ele>114</ele>
</trkpt>
<trkpt lat="36.40325111111111" lon="139.049475">
<ele>114</ele>
</trkpt>
<trkpt lat="36.40329611111111" lon="139.0494788888889">
<ele>114</ele>
</trkpt>
<trkpt lat="36.40334111111111" lon="139.04948305555556">
<ele>114</ele>
</trkpt>
<trkpt lat="36.40338611111111" lon="139.04948805555554">
<ele>114</ele>
</trkpt>
<trkpt lat="36.40343111111111" lon="139.04949194444444">
<ele>114</ele>
</trkpt>
<trkpt lat="36.403475" lon="139.04949611111113">
<ele>114</ele>
</trkpt>
<trkpt lat="36.40352" lon="139.0495">
<ele>114</ele>
</trkpt>
<trkpt lat="36.403565" lon="139.049505">
<ele>114</ele>
</trkpt>
<trkpt lat="36.40361" lon="139.04950888888888">
<ele>114</ele>
</trkpt>
<trkpt lat="36.40365388888889" lon="139.04951305555556">
<ele>114</ele>
</trkpt>
<trkpt lat="36.40369888888889" lon="139.04951805555555">
<ele>114</ele>
</trkpt>
<trkpt lat="36.40374388888889" lon="139.04952194444445">
<ele>114</ele>
</trkpt>
<trkpt lat="36.40378888888889" lon="139.0495261111111">
<ele>114</ele>
</trkpt>
<trkpt lat="36.40381305555555" lon="139.04952805555556">
<ele>113</ele>
</trkpt>
<trkpt lat="36.40385805555555" lon="139.0495261111111">
<ele>113</ele>
</trkpt>
<trkpt lat="36.40390305555555" lon="139.04952194444445">
<ele>113</ele>
</trkpt>
<trkpt lat="36.40394805555555" lon="139.04951888888888">
<ele>113</ele>
</trkpt>
<trkpt lat="36.40399305555555" lon="139.0495161111111">
<ele>113</ele>
</trkpt>
<trkpt lat="36.40403805555555" lon="139.0495138888889">
<ele>113</ele>
</trkpt>
<trkpt lat="36.40408194444444" lon="139.04951111111112">
<ele>113</ele>
</trkpt>
<trkpt lat="36.40412805555555" lon="139.04950805555555">
<ele>113</ele>
</trkpt>
<trkpt lat="36.40417194444444" lon="139.0495038888889">
<ele>113</ele>
</trkpt>
<trkpt lat="36.40419" lon="139.04950305555556">
<ele>113</ele>
</trkpt>
<trkpt lat="36.40423388888889" lon="139.04951">
<ele>113</ele>
</trkpt>
<trkpt lat="36.40427888888889" lon="139.04951694444443">
<ele>113</ele>
</trkpt>
<trkpt lat="36.40432305555556" lon="139.0495238888889">
<ele>113</ele>
</trkpt>
<trkpt lat="36.40436805555556" lon="139.04953111111112">
<ele>113</ele>
</trkpt>
<trkpt lat="36.40441194444445" lon="139.04953805555556">
<ele>113</ele>
</trkpt>
<trkpt lat="36.40445694444445" lon="139.04954388888888">
<ele>113</ele>
</trkpt>
<trkpt lat="36.40450194444445" lon="139.0495511111111">
<ele>113</ele>
</trkpt>
<trkpt lat="36.40454611111111" lon="139.04955805555556">
<ele>113</ele>
</trkpt>
<trkpt lat="36.40459111111111" lon="139.049565">
<ele>113</ele>
</trkpt>
<trkpt lat="36.404626111111114" lon="139.04957">
<ele>113</ele>
</trkpt>
<trkpt lat="36.404671111111114" lon="139.0495711111111">
<ele>113</ele>
</trkpt>
<trkpt lat="36.404716111111114" lon="139.0495711111111">
<ele>113</ele>
</trkpt>
<trkpt lat="36.404761111111114" lon="139.04957194444444">
<ele>113</ele>
</trkpt>
<trkpt lat="36.404806111111114" lon="139.04957194444444">
<ele>112</ele>
</trkpt>
<trkpt lat="36.404851111111114" lon="139.04957305555556">
<ele>112</ele>
</trkpt>
<trkpt lat="36.404896111111114" lon="139.04957305555556">
<ele>112</ele>
</trkpt>
<trkpt lat="36.404941111111114" lon="139.0495738888889">
<ele>112</ele>
</trkpt>
<trkpt lat="36.404986111111114" lon="139.0495738888889">
<ele>112</ele>
</trkpt>
<trkpt lat="36.405031111111114" lon="139.049575">
<ele>112</ele>
</trkpt>
<trkpt lat="36.405075" lon="139.049575">
<ele>112</ele>
</trkpt>
<trkpt lat="36.40512" lon="139.04957611111112">
<ele>112</ele>
</trkpt>
<trkpt lat="36.405165" lon="139.04957611111112">
<ele>112</ele>
</trkpt>
<trkpt lat="36.40521" lon="139.04957694444445">
<ele>112</ele>
</trkpt>
<trkpt lat="36.405255" lon="139.04957805555554">
<ele>112</ele>
</trkpt>
<trkpt lat="36.4053" lon="139.04957805555554">
<ele>112</ele>
</trkpt>
<trkpt lat="36.405345" lon="139.0495788888889">
<ele>112</ele>
</trkpt>
<trkpt lat="36.40539" lon="139.04957611111112">
<ele>112</ele>
</trkpt>
<trkpt lat="36.405435" lon="139.04957305555556">
<ele>112</ele>
</trkpt>
<trkpt lat="36.40547888888889" lon="139.04957">
<ele>112</ele>
</trkpt>
<trkpt lat="36.40552388888889" lon="139.04956694444445">
<ele>112</ele>
</trkpt>
<trkpt lat="36.40556888888889" lon="139.04956388888888">
<ele>112</ele>
</trkpt>
<trkpt lat="36.40561388888889" lon="139.0495611111111">
<ele>112</ele>
</trkpt>
<trkpt lat="36.40565888888889" lon="139.04955805555556">
<ele>112</ele>
</trkpt>
<trkpt lat="36.40570388888889" lon="139.049555">
<ele>112</ele>
</trkpt>
<trkpt lat="36.40574888888889" lon="139.04955194444443">
<ele>112</ele>
</trkpt>
<trkpt lat="36.40579388888889" lon="139.0495488888889">
<ele>112</ele>
</trkpt>
<trkpt lat="36.405838055555556" lon="139.04954694444444">
<ele>112</ele>
</trkpt>
<trkpt lat="36.405861944444446" lon="139.049545">
<ele>112</ele>
</trkpt>
<trkpt lat="36.40593888888889" lon="139.04952305555557">
<ele>112</ele>
</trkpt>
<trkpt lat="36.406015" lon="139.0495011111111">
<ele>112</ele>
</trkpt>
<trkpt lat="36.40609111111111" lon="139.0494788888889">
<ele>112</ele>
</trkpt>
<trkpt lat="36.406168055555554" lon="139.04945694444444">
<ele>112</ele>
</trkpt>
<trkpt lat="36.40624388888889" lon="139.049435">
<ele>112</ele>
</trkpt>
<trkpt lat="36.40632" lon="139.04941305555556">
<ele>112</ele>
</trkpt>
<trkpt lat="36.406396944444445" lon="139.0493911111111">
<ele>114</ele>
</trkpt>
<trkpt lat="36.40647305555556" lon="139.0493688888889">
<ele>116</ele>
</trkpt>
<trkpt lat="36.40654888888889" lon="139.04934805555555">
<ele>116</ele>
</trkpt>
<trkpt lat="36.40662611111111" lon="139.0493261111111">
<ele>118</ele>
</trkpt>
<trkpt lat="36.40670194444444" lon="139.0493038888889">
<ele>120</ele>
</trkpt>
<trkpt lat="36.40677888888889" lon="139.04928194444443">
<ele>120</ele>
</trkpt>
<trkpt lat="36.406855" lon="139.04926">
<ele>120</ele>
</trkpt>
<trkpt lat="36.40693111111111" lon="139.04923805555555">
<ele>120</ele>
</trkpt>
<trkpt lat="36.40700805555556" lon="139.04921611111112">
<ele>120</ele>
</trkpt>
<trkpt lat="36.40708388888889" lon="139.04919388888888">
<ele>120</ele>
</trkpt>
<trkpt lat="36.40716" lon="139.04917194444445">
<ele>120</ele>
</trkpt>
<trkpt lat="36.40723694444444" lon="139.04915">
<ele>120</ele>
</trkpt>
<trkpt lat="36.407313055555555" lon="139.04912805555554">
<ele>120</ele>
</trkpt>
<trkpt lat="36.40738" lon="139.04909694444444">
<ele>120</ele>
</trkpt>
<trkpt lat="36.407448055555555" lon="139.0490661111111">
<ele>120</ele>
</trkpt>
<trkpt lat="36.407515" lon="139.04903388888889">
<ele>120</ele>
</trkpt>
<trkpt lat="36.407581944444445" lon="139.04900305555554">
<ele>120</ele>
</trkpt>
<trkpt lat="36.407648888888886" lon="139.04897194444445">
<ele>120</ele>
</trkpt>
<trkpt lat="36.407716111111114" lon="139.0489411111111">
<ele>120</ele>
</trkpt>
<trkpt lat="36.407783055555555" lon="139.0489088888889">
<ele>120</ele>
</trkpt>
<trkpt lat="36.407851111111114" lon="139.04887805555555">
<ele>120</ele>
</trkpt>
<trkpt lat="36.407918055555555" lon="139.04884694444445">
<ele>120</ele>
</trkpt>
<trkpt lat="36.407985" lon="139.0488161111111">
<ele>120</ele>
</trkpt>
<trkpt lat="36.408051944444445" lon="139.048785">
<ele>120</ele>
</trkpt>
<trkpt lat="36.408118888888886" lon="139.04875388888888">
<ele>120</ele>
</trkpt>
<trkpt lat="36.408186111111114" lon="139.04872194444445">
<ele>120</ele>
</trkpt>
<trkpt lat="36.408253055555555" lon="139.0486911111111">
<ele>119</ele>
</trkpt>
<trkpt lat="36.408321111111114" lon="139.04866">
<ele>120</ele>
</trkpt>
<trkpt lat="36.408388055555555" lon="139.04862888888889">
<ele>120</ele>
</trkpt>
<trkpt lat="36.408455" lon="139.04859805555554">
<ele>119</ele>
</trkpt>
<trkpt lat="36.408521944444445" lon="139.0485661111111">
<ele>119</ele>
</trkpt>
<trkpt lat="36.408588888888886" lon="139.048535">
<ele>119</ele>
</trkpt>
<trkpt lat="36.411228055555554" lon="139.04664194444445">
<ele>118</ele>
</trkpt>
<trkpt lat="36.41144805555555" lon="139.0464838888889">
<ele>119</ele>
</trkpt>
<trkpt lat="36.41148611111111" lon="139.04651305555555">
<ele>119</ele>
</trkpt>
<trkpt lat="36.411525" lon="139.04654194444444">
<ele>119</ele>
</trkpt>
<trkpt lat="36.411563055555554" lon="139.04657111111112">
<ele>118</ele>
</trkpt>
<trkpt lat="36.41160111111111" lon="139.0465988888889">
<ele>118</ele>
</trkpt>
<trkpt lat="36.41164" lon="139.04662805555554">
<ele>118</ele>
</trkpt>
<trkpt lat="36.41164611111111" lon="139.04663194444444">
<ele>118</ele>
</trkpt>
<trkpt lat="36.41168111111111" lon="139.04659805555556">
<ele>118</ele>
</trkpt>
<trkpt lat="36.41171694444444" lon="139.0465638888889">
<ele>118</ele>
</trkpt>
<trkpt lat="36.41175194444445" lon="139.0465311111111">
<ele>118</ele>
</trkpt>
<trkpt lat="36.411788055555554" lon="139.04649694444444">
<ele>118</ele>
</trkpt>
<trkpt lat="36.41182388888889" lon="139.04646305555556">
<ele>118</ele>
</trkpt>
<trkpt lat="36.41185888888889" lon="139.0464288888889">
<ele>118</ele>
</trkpt>
<trkpt lat="36.411895" lon="139.046395">
<ele>118</ele>
</trkpt>
<trkpt lat="36.41193111111111" lon="139.0463611111111">
<ele>118</ele>
</trkpt>
<trkpt lat="36.41196611111111" lon="139.04632694444444">
<ele>119</ele>
</trkpt>
<trkpt lat="36.41200194444444" lon="139.04629305555557">
<ele>118</ele>
</trkpt>
<trkpt lat="36.412038055555556" lon="139.0462588888889">
<ele>118</ele>
</trkpt>
<trkpt lat="36.41207305555555" lon="139.046225">
<ele>118</ele>
</trkpt>
<trkpt lat="36.41210888888889" lon="139.0461911111111">
<ele>119</ele>
</trkpt>
<trkpt lat="36.412145" lon="139.04615805555557">
<ele>119</ele>
</trkpt>
<trkpt lat="36.41218111111111" lon="139.0461238888889">
<ele>119</ele>
</trkpt>
<trkpt lat="36.41218888888889" lon="139.046115">
<ele>119</ele>
</trkpt>
<trkpt lat="36.41222888888889" lon="139.04608805555554">
<ele>119</ele>
</trkpt>
<trkpt lat="36.41226888888889" lon="139.04606194444443">
<ele>119</ele>
</trkpt>
<trkpt lat="36.412308055555556" lon="139.0460361111111">
<ele>119</ele>
</trkpt>
<trkpt lat="36.412348055555555" lon="139.04600888888888">
<ele>118</ele>
</trkpt>
<trkpt lat="36.41238694444444" lon="139.04598194444443">
<ele>119</ele>
</trkpt>
<trkpt lat="36.41242694444445" lon="139.0459561111111">
<ele>119</ele>
</trkpt>
<trkpt lat="36.41246611111111" lon="139.04593">
<ele>118</ele>
</trkpt>
<trkpt lat="36.412506111111114" lon="139.04590305555556">
<ele>118</ele>
</trkpt>
<trkpt lat="36.412545" lon="139.04587694444444">
<ele>119</ele>
</trkpt>
<trkpt lat="36.412585" lon="139.04585">
<ele>119</ele>
</trkpt>
<trkpt lat="36.41262388888889" lon="139.0458238888889">
<ele>119</ele>
</trkpt>
<trkpt lat="36.412663888888886" lon="139.04579805555557">
<ele>119</ele>
</trkpt>
<trkpt lat="36.41270388888889" lon="139.04577111111112">
<ele>119</ele>
</trkpt>
<trkpt lat="36.41274305555555" lon="139.0457438888889">
<ele>119</ele>
</trkpt>
<trkpt lat="36.41278305555556" lon="139.04571805555557">
<ele>118</ele>
</trkpt>
<trkpt lat="36.41280111111111" lon="139.04570611111112">
<ele>118</ele>
</trkpt>
<trkpt lat="36.412843055555555" lon="139.04566111111112">
<ele>119</ele>
</trkpt>
<trkpt lat="36.41288611111111" lon="139.04561611111112">
<ele>119</ele>
</trkpt>
<trkpt lat="36.412928055555554" lon="139.04557">
<ele>118</ele>
</trkpt>
<trkpt lat="36.41297" lon="139.045525">
<ele>119</ele>
</trkpt>
<trkpt lat="36.41301305555555" lon="139.04548">
<ele>117</ele>
</trkpt>
<trkpt lat="36.413055" lon="139.04543388888888">
<ele>117</ele>
</trkpt>
<trkpt lat="36.41309805555556" lon="139.04538888888888">
<ele>117</ele>
</trkpt>
<trkpt lat="36.41314" lon="139.04534388888888">
<ele>117</ele>
</trkpt>
<trkpt lat="36.413181944444446" lon="139.04529888888888">
<ele>117</ele>
</trkpt>
<trkpt lat="36.413225" lon="139.04525388888888">
<ele>117</ele>
</trkpt>
<trkpt lat="36.413266944444445" lon="139.04520805555555">
<ele>118</ele>
</trkpt>
<trkpt lat="36.41331" lon="139.04516305555555">
<ele>118</ele>
</trkpt>
<trkpt lat="36.41335194444444" lon="139.04511805555555">
<ele>118</ele>
</trkpt>
<trkpt lat="36.41339388888889" lon="139.04507194444443">
<ele>118</ele>
</trkpt>
<trkpt lat="36.41343694444444" lon="139.04502694444446">
<ele>118</ele>
</trkpt>
<trkpt lat="36.41347888888889" lon="139.04498194444446">
<ele>118</ele>
</trkpt>
<trkpt lat="36.41352194444445" lon="139.04493694444446">
<ele>118</ele>
</trkpt>
<trkpt lat="36.41356388888889" lon="139.04489194444446">
<ele>118</ele>
</trkpt>
<trkpt lat="36.413606944444446" lon="139.0448461111111">
<ele>118</ele>
</trkpt>
<trkpt lat="36.41360888888889" lon="139.04479111111112">
<ele>118</ele>
</trkpt>
<trkpt lat="36.41361111111111" lon="139.044735">
<ele>119</ele>
</trkpt>
<trkpt lat="36.41361305555556" lon="139.04467888888888">
<ele>119</ele>
</trkpt>
<trkpt lat="36.413615" lon="139.04462805555556">
<ele>120</ele>
</trkpt>
<trkpt lat="36.41364388888889" lon="139.0445861111111">
<ele>120</ele>
</trkpt>
<trkpt lat="36.41367388888889" lon="139.04454388888888">
<ele>119</ele>
</trkpt>
<trkpt lat="36.413685" lon="139.04452805555556">
<ele>119</ele>
</trkpt>
<trkpt lat="36.41372694444444" lon="139.0445061111111">
<ele>119</ele>
</trkpt>
<trkpt lat="36.41376805555556" lon="139.0444838888889">
<ele>119</ele>
</trkpt>
<trkpt lat="36.41380888888889" lon="139.0444611111111">
<ele>119</ele>
</trkpt>
<trkpt lat="36.41385" lon="139.0444388888889">
<ele>119</ele>
</trkpt>
<trkpt lat="36.41389111111111" lon="139.0444161111111">
<ele>119</ele>
</trkpt>
<trkpt lat="36.41392388888889" lon="139.04439888888888">
<ele>119</ele>
</trkpt>
<trkpt lat="36.413961111111114" lon="139.04436805555557">
<ele>119</ele>
</trkpt>
<trkpt lat="36.41399888888889" lon="139.04433694444444">
<ele>119</ele>
</trkpt>
<trkpt lat="36.41403611111111" lon="139.04430694444446">
<ele>119</ele>
</trkpt>
<trkpt lat="36.41405" lon="139.04429611111112">
<ele>119</ele>
</trkpt>
<trkpt lat="36.41408888888889" lon="139.04424">
<ele>119</ele>
</trkpt>
<trkpt lat="36.41412805555556" lon="139.044185">
<ele>119</ele>
</trkpt>
<trkpt lat="36.414166944444446" lon="139.04413">
<ele>119</ele>
</trkpt>
<trkpt lat="36.41420611111111" lon="139.044075">
<ele>119</ele>
</trkpt>
<trkpt lat="36.414245" lon="139.04402">
<ele>119</ele>
</trkpt>
<trkpt lat="36.41428388888889" lon="139.0439638888889">
<ele>119</ele>
</trkpt>
<trkpt lat="36.414323055555556" lon="139.0439088888889">
<ele>119</ele>
</trkpt>
<trkpt lat="36.414361944444444" lon="139.0438538888889">
<ele>119</ele>
</trkpt>
<trkpt lat="36.41440111111111" lon="139.0437988888889">
<ele>119</ele>
</trkpt>
<trkpt lat="36.41443888888889" lon="139.04374388888888">
<ele>119</ele>
</trkpt>
<trkpt lat="36.41447888888889" lon="139.04368888888888">
<ele>119</ele>
</trkpt>
<trkpt lat="36.414518055555554" lon="139.04363305555555">
<ele>119</ele>
</trkpt>
<trkpt lat="36.41455611111111" lon="139.04357805555554">
<ele>118</ele>
</trkpt>
<trkpt lat="36.414595" lon="139.04352305555557">
<ele>119</ele>
</trkpt>
<trkpt lat="36.414633888888886" lon="139.04346805555556">
<ele>119</ele>
</trkpt>
<trkpt lat="36.414673055555554" lon="139.04341194444444">
<ele>119</ele>
</trkpt>
<trkpt lat="36.41471194444444" lon="139.04335805555556">
<ele>119</ele>
</trkpt>
<trkpt lat="36.41475111111111" lon="139.04330194444444">
<ele>119</ele>
</trkpt>
<trkpt lat="36.41479" lon="139.04324694444443">
<ele>119</ele>
</trkpt>
<trkpt lat="36.41481805555556" lon="139.04320305555555">
<ele>119</ele>
</trkpt>
<trkpt lat="36.41484611111111" lon="139.04315888888888">
<ele>118</ele>
</trkpt>
<trkpt lat="36.41487305555555" lon="139.043115">
<ele>119</ele>
</trkpt>
<trkpt lat="36.414901111111114" lon="139.04307111111112">
<ele>119</ele>
</trkpt>
<trkpt lat="36.41492888888889" lon="139.04302694444445">
<ele>119</ele>
</trkpt>
<trkpt lat="36.41495611111111" lon="139.04298305555557">
<ele>119</ele>
</trkpt>
<trkpt lat="36.41498388888889" lon="139.0429388888889">
<ele>119</ele>
</trkpt>
<trkpt lat="36.415011944444444" lon="139.0428961111111">
<ele>115</ele>
</trkpt>
<trkpt lat="36.41503888888889" lon="139.04285194444444">
<ele>115</ele>
</trkpt>
<trkpt lat="36.41504611111111" lon="139.04284194444443">
<ele>115</ele>
</trkpt>
<trkpt lat="36.415081111111114" lon="139.04280694444444">
<ele>115</ele>
</trkpt>
<trkpt lat="36.41511611111111" lon="139.04277194444444">
<ele>114</ele>
</trkpt>
<trkpt lat="36.41515111111111" lon="139.04273805555556">
<ele>114</ele>
</trkpt>
<trkpt lat="36.41518611111111" lon="139.04270194444445">
<ele>114</ele>
</trkpt>
<trkpt lat="36.41522111111111" lon="139.04266805555557">
<ele>114</ele>
</trkpt>
<trkpt lat="36.41525611111111" lon="139.04263194444445">
<ele>114</ele>
</trkpt>
<trkpt lat="36.41529111111111" lon="139.04259805555554">
<ele>114</ele>
</trkpt>
<trkpt lat="36.41532611111111" lon="139.04256194444446">
<ele>114</ele>
</trkpt>
<trkpt lat="36.41536111111111" lon="139.04252805555555">
<ele>114</ele>
</trkpt>
<trkpt lat="36.415396111111114" lon="139.04249305555555">
<ele>114</ele>
</trkpt>
<trkpt lat="36.41543111111111" lon="139.04245805555556">
<ele>114</ele>
</trkpt>
<trkpt lat="36.415455" lon="139.04243305555556">
<ele>114</ele>
</trkpt>
<trkpt lat="36.415483888888886" lon="139.0423911111111">
<ele>114</ele>
</trkpt>
<trkpt lat="36.41551388888889" lon="139.04234805555555">
<ele>114</ele>
</trkpt>
<trkpt lat="36.41554305555555" lon="139.04230611111112">
<ele>117</ele>
</trkpt>
<trkpt lat="36.415571944444444" lon="139.0422638888889">
<ele>114</ele>
</trkpt>
<trkpt lat="36.41560111111111" lon="139.0422211111111">
<ele>117</ele>
</trkpt>
<trkpt lat="36.41561305555555" lon="139.04220388888888">
<ele>117</ele>
</trkpt>
<trkpt lat="36.415638055555554" lon="139.04215805555555">
<ele>117</ele>
</trkpt>
<trkpt lat="36.415663888888886" lon="139.04211194444446">
<ele>117</ele>
</trkpt>
<trkpt lat="36.41568888888889" lon="139.0420661111111">
<ele>117</ele>
</trkpt>
<trkpt lat="36.415715" lon="139.04202">
<ele>117</ele>
</trkpt>
<trkpt lat="36.41574" lon="139.0419738888889">
<ele>120</ele>
</trkpt>
<trkpt lat="36.41575388888889" lon="139.0419488888889">
<ele>120</ele>
</trkpt>
<trkpt lat="36.41578611111111" lon="139.04191111111112">
<ele>117</ele>
</trkpt>
<trkpt lat="36.415818888888886" lon="139.04187194444444">
<ele>120</ele>
</trkpt>
<trkpt lat="36.41585111111111" lon="139.04183305555554">
<ele>120</ele>
</trkpt>
<trkpt lat="36.41588388888889" lon="139.041795">
<ele>120</ele>
</trkpt>
<trkpt lat="36.41591611111111" lon="139.0417561111111">
<ele>120</ele>
</trkpt>
<trkpt lat="36.41591888888889" lon="139.04175305555555">
<ele>120</ele>
</trkpt>
<trkpt lat="36.415955" lon="139.04172111111112">
<ele>120</ele>
</trkpt>
<trkpt lat="36.41599194444444" lon="139.0416888888889">
<ele>120</ele>
</trkpt>
<trkpt lat="36.41602888888889" lon="139.0416561111111">
<ele>120</ele>
</trkpt>
<trkpt lat="36.41605611111111" lon="139.04163194444445">
<ele>119</ele>
</trkpt>
<trkpt lat="36.41609888888889" lon="139.04161305555556">
<ele>119</ele>
</trkpt>
<trkpt lat="36.41614111111111" lon="139.04159388888888">
<ele>118</ele>
</trkpt>
<trkpt lat="36.41618305555556" lon="139.0415761111111">
<ele>118</ele>
</trkpt>
<trkpt lat="36.41622611111111" lon="139.04155694444444">
<ele>116</ele>
</trkpt>
<trkpt lat="36.416268055555555" lon="139.04153805555555">
<ele>118</ele>
</trkpt>
<trkpt lat="36.416291111111114" lon="139.04152805555555">
<ele>118</ele>
</trkpt>
<trkpt lat="36.41632805555555" lon="139.041495">
<ele>118</ele>
</trkpt>
<trkpt lat="36.41636388888889" lon="139.04146194444445">
<ele>116</ele>
</trkpt>
<trkpt lat="36.4164" lon="139.04142805555554">
<ele>117</ele>
</trkpt>
<trkpt lat="36.41641888888889" lon="139.0414111111111">
<ele>117</ele>
</trkpt>
<trkpt lat="36.416446111111114" lon="139.0413661111111">
<ele>115</ele>
</trkpt>
<trkpt lat="36.416471944444446" lon="139.0413211111111">
<ele>116</ele>
</trkpt>
<trkpt lat="36.41649888888889" lon="139.0412761111111">
<ele>116</ele>
</trkpt>
<trkpt lat="36.41652611111111" lon="139.04123194444443">
<ele>116</ele>
</trkpt>
<trkpt lat="36.41655305555555" lon="139.04118694444443">
<ele>117</ele>
</trkpt>
<trkpt lat="36.41658" lon="139.04114194444443">
<ele>114</ele>
</trkpt>
<trkpt lat="36.41660611111111" lon="139.04109694444443">
<ele>115</ele>
</trkpt>
<trkpt lat="36.41663305555556" lon="139.04105194444443">
<ele>115</ele>
</trkpt>
<trkpt lat="36.41666" lon="139.04100805555555">
<ele>115</ele>
</trkpt>
<trkpt lat="36.41668111111111" lon="139.04097305555555">
<ele>114</ele>
</trkpt>
<trkpt lat="36.416705" lon="139.0409261111111">
<ele>114</ele>
</trkpt>
<trkpt lat="36.41673" lon="139.0408788888889">
<ele>115</ele>
</trkpt>
<trkpt lat="36.41675388888889" lon="139.04083194444445">
<ele>115</ele>
</trkpt>
<trkpt lat="36.416778055555554" lon="139.040785">
<ele>115</ele>
</trkpt>
<trkpt lat="36.416803055555555" lon="139.04073805555555">
<ele>115</ele>
</trkpt>
<trkpt lat="36.416826944444445" lon="139.0406911111111">
<ele>115</ele>
</trkpt>
<trkpt lat="36.416851111111114" lon="139.040645">
<ele>116</ele>
</trkpt>
<trkpt lat="36.41685888888889" lon="139.0406311111111">
<ele>116</ele>
</trkpt>
<trkpt lat="36.41687611111111" lon="139.0405788888889">
<ele>116</ele>
</trkpt>
<trkpt lat="36.416891944444444" lon="139.04052694444445">
<ele>115</ele>
</trkpt>
<trkpt lat="36.41690888888889" lon="139.040475">
<ele>115</ele>
</trkpt>
<trkpt lat="36.41692611111111" lon="139.04042305555555">
<ele>118</ele>
</trkpt>
<trkpt lat="36.416941944444446" lon="139.0403711111111">
<ele>118</ele>
</trkpt>
<trkpt lat="36.41695888888889" lon="139.04032">
<ele>119</ele>
</trkpt>
<trkpt lat="36.41697611111111" lon="139.04026805555554">
<ele>119</ele>
</trkpt>
<trkpt lat="36.416986111111115" lon="139.04023388888888">
<ele>119</ele>
</trkpt>
<trkpt lat="36.41699611111111" lon="139.04018">
<ele>120</ele>
</trkpt>
<trkpt lat="36.417006111111114" lon="139.040125">
<ele>118</ele>
</trkpt>
<trkpt lat="36.41701611111111" lon="139.0400711111111">
<ele>119</ele>
</trkpt>
<trkpt lat="36.41702611111111" lon="139.0400161111111">
<ele>119</ele>
</trkpt>
<trkpt lat="36.41703611111111" lon="139.03996194444446">
<ele>119</ele>
</trkpt>
<trkpt lat="36.41704611111111" lon="139.03990805555554">
<ele>119</ele>
</trkpt>
<trkpt lat="36.41705388888889" lon="139.03986694444444">
<ele>119</ele>
</trkpt>
<trkpt lat="36.41706888888889" lon="139.0398138888889">
<ele>119</ele>
</trkpt>
<trkpt lat="36.41708388888889" lon="139.03976194444445">
<ele>119</ele>
</trkpt>
<trkpt lat="36.4171" lon="139.03971">
<ele>118</ele>
</trkpt>
<trkpt lat="36.417115" lon="139.03965694444443">
<ele>118</ele>
</trkpt>
<trkpt lat="36.41713111111111" lon="139.039605">
<ele>119</ele>
</trkpt>
<trkpt lat="36.417141111111114" lon="139.03957111111112">
<ele>119</ele>
</trkpt>
<trkpt lat="36.41715888888889" lon="139.03952">
<ele>120</ele>
</trkpt>
<trkpt lat="36.41717805555555" lon="139.03946888888888">
<ele>120</ele>
</trkpt>
<trkpt lat="36.41719611111111" lon="139.03941805555556">
<ele>121</ele>
</trkpt>
<trkpt lat="36.41721388888889" lon="139.03936694444445">
<ele>121</ele>
</trkpt>
<trkpt lat="36.417233055555556" lon="139.0393161111111">
<ele>120</ele>
</trkpt>
<trkpt lat="36.41725111111111" lon="139.039265">
<ele>120</ele>
</trkpt>
<trkpt lat="36.41727" lon="139.0392138888889">
<ele>120</ele>
</trkpt>
<trkpt lat="36.41728805555555" lon="139.03916305555555">
<ele>120</ele>
</trkpt>
<trkpt lat="36.41730611111111" lon="139.03911194444444">
<ele>120</ele>
</trkpt>
<trkpt lat="36.417325" lon="139.03906111111112">
<ele>121</ele>
</trkpt>
<trkpt lat="36.417343055555556" lon="139.0390111111111">
<ele>120</ele>
</trkpt>
<trkpt lat="36.417361944444444" lon="139.03896">
<ele>120</ele>
</trkpt>
<trkpt lat="36.41738" lon="139.0389088888889">
<ele>120</ele>
</trkpt>
<trkpt lat="36.41739805555556" lon="139.03885805555555">
<ele>121</ele>
</trkpt>
<trkpt lat="36.41741694444445" lon="139.03880694444445">
<ele>121</ele>
</trkpt>
<trkpt lat="36.417435" lon="139.0387561111111">
<ele>121</ele>
</trkpt>
<trkpt lat="36.41743611111111" lon="139.03875305555556">
<ele>121</ele>
</trkpt>
<trkpt lat="36.41743805555556" lon="139.03869694444444">
<ele>121</ele>
</trkpt>
<trkpt lat="36.41743888888889" lon="139.0386411111111">
<ele>122</ele>
</trkpt>
<trkpt lat="36.41744111111111" lon="139.038585">
<ele>122</ele>
</trkpt>
<trkpt lat="36.41744194444444" lon="139.0385288888889">
<ele>122</ele>
</trkpt>
<trkpt lat="36.41744388888889" lon="139.0384738888889">
<ele>122</ele>
</trkpt>
<trkpt lat="36.417445" lon="139.03841805555555">
<ele>120</ele>
</trkpt>
<trkpt lat="36.41744611111111" lon="139.03836194444443">
<ele>120</ele>
</trkpt>
<trkpt lat="36.41744611111111" lon="139.0383611111111">
<ele>120</ele>
</trkpt>
<trkpt lat="36.41743388888889" lon="139.03830694444446">
<ele>121</ele>
</trkpt>
<trkpt lat="36.41742194444444" lon="139.03825305555554">
<ele>121</ele>
</trkpt>
<trkpt lat="36.41742" lon="139.0382438888889">
<ele>121</ele>
</trkpt>
<trkpt lat="36.41740194444444" lon="139.03819194444443">
<ele>121</ele>
</trkpt>
<trkpt lat="36.41738388888889" lon="139.03814111111112">
<ele>121</ele>
</trkpt>
<trkpt lat="36.417366111111114" lon="139.03809">
<ele>121</ele>
</trkpt>
<trkpt lat="36.41734805555556" lon="139.03803888888888">
<ele>121</ele>
</trkpt>
<trkpt lat="36.41733" lon="139.03798805555556">
<ele>122</ele>
</trkpt>
<trkpt lat="36.41732888888889" lon="139.037985">
<ele>122</ele>
</trkpt>
<trkpt lat="36.417321111111114" lon="139.03793">
<ele>122</ele>
</trkpt>
<trkpt lat="36.41731388888889" lon="139.037875">
<ele>122</ele>
</trkpt>
<trkpt lat="36.41730611111111" lon="139.03782">
<ele>122</ele>
</trkpt>
<trkpt lat="36.41729888888889" lon="139.037765">
<ele>122</ele>
</trkpt>
<trkpt lat="36.41729111111111" lon="139.03771">
<ele>122</ele>
</trkpt>
<trkpt lat="36.41728305555556" lon="139.037655">
<ele>122</ele>
</trkpt>
<trkpt lat="36.417276111111114" lon="139.0376">
<ele>122</ele>
</trkpt>
<trkpt lat="36.41726805555555" lon="139.037545">
<ele>122</ele>
</trkpt>
<trkpt lat="36.41726" lon="139.03749">
<ele>122</ele>
</trkpt>
<trkpt lat="36.41725805555556" lon="139.03747611111112">
<ele>122</ele>
</trkpt>
<trkpt lat="36.41725888888889" lon="139.03742">
<ele>122</ele>
</trkpt>
<trkpt lat="36.41726111111111" lon="139.03736388888888">
<ele>122</ele>
</trkpt>
<trkpt lat="36.41726194444445" lon="139.03730805555554">
<ele>123</ele>
</trkpt>
<trkpt lat="36.41726305555556" lon="139.03725194444445">
<ele>123</ele>
</trkpt>
<trkpt lat="36.41726388888889" lon="139.03719694444445">
<ele>122</ele>
</trkpt>
<trkpt lat="36.417265" lon="139.0371411111111">
<ele>122</ele>
</trkpt>
<trkpt lat="36.417265" lon="139.0371211111111">
<ele>122</ele>
</trkpt>
<trkpt lat="36.417251944444445" lon="139.03706805555555">
<ele>123</ele>
</trkpt>
<trkpt lat="36.41723805555556" lon="139.037015">
<ele>123</ele>
</trkpt>
<trkpt lat="36.41722388888889" lon="139.03696194444444">
<ele>122</ele>
</trkpt>
<trkpt lat="36.41721111111111" lon="139.03690805555556">
<ele>126</ele>
</trkpt>
<trkpt lat="36.41719694444444" lon="139.036855">
<ele>126</ele>
</trkpt>
<trkpt lat="36.417195" lon="139.03684611111112">
<ele>126</ele>
</trkpt>
<trkpt lat="36.41721111111111" lon="139.0367938888889">
<ele>126</ele>
</trkpt>
<trkpt lat="36.41722611111111" lon="139.0367411111111">
<ele>125</ele>
</trkpt>
<trkpt lat="36.417231944444445" lon="139.036725">
<ele>125</ele>
</trkpt>
<trkpt lat="36.41723611111111" lon="139.0366688888889">
<ele>125</ele>
</trkpt>
<trkpt lat="36.41724" lon="139.0366138888889">
<ele>126</ele>
</trkpt>
<trkpt lat="36.41724388888889" lon="139.03655805555556">
<ele>126</ele>
</trkpt>
<trkpt lat="36.417248055555554" lon="139.03650194444444">
<ele>126</ele>
</trkpt>
<trkpt lat="36.417248055555554" lon="139.036495">
<ele>126</ele>
</trkpt>
<trkpt lat="36.41729111111111" lon="139.0364761111111">
<ele>126</ele>
</trkpt>
<trkpt lat="36.41733305555555" lon="139.03645805555556">
<ele>126</ele>
</trkpt>
<trkpt lat="36.417375" lon="139.03643888888888">
<ele>126</ele>
</trkpt>
<trkpt lat="36.41741805555556" lon="139.03642">
<ele>126</ele>
</trkpt>
<trkpt lat="36.41746" lon="139.0364011111111">
<ele>125</ele>
</trkpt>
<trkpt lat="36.41748305555556" lon="139.0363911111111">
<ele>125</ele>
</trkpt>
<trkpt lat="36.41752" lon="139.03635888888888">
<ele>125</ele>
</trkpt>
<trkpt lat="36.41755694444444" lon="139.03632694444445">
<ele>126</ele>
</trkpt>
<trkpt lat="36.41759388888889" lon="139.0362961111111">
<ele>126</ele>
</trkpt>
<trkpt lat="36.41763111111111" lon="139.0362638888889">
<ele>126</ele>
</trkpt>
<trkpt lat="36.41766805555555" lon="139.03623194444444">
<ele>125</ele>
</trkpt>
<trkpt lat="36.417705" lon="139.0362">
<ele>125</ele>
</trkpt>
<trkpt lat="36.417741944444444" lon="139.03616805555555">
<ele>125</ele>
</trkpt>
<trkpt lat="36.41777888888889" lon="139.03613611111112">
<ele>125</ele>
</trkpt>
<trkpt lat="36.41781611111111" lon="139.036105">
<ele>125</ele>
</trkpt>
<trkpt lat="36.41785194444444" lon="139.03607305555556">
<ele>125</ele>
</trkpt>
<trkpt lat="36.41786611111111" lon="139.0360611111111">
<ele>125</ele>
</trkpt>
<trkpt lat="36.41790694444445" lon="139.0360388888889">
<ele>125</ele>
</trkpt>
<trkpt lat="36.417948055555556" lon="139.0360161111111">
<ele>125</ele>
</trkpt>
<trkpt lat="36.417988888888885" lon="139.03599305555556">
<ele>125</ele>
</trkpt>
<trkpt lat="36.41803111111111" lon="139.0359711111111">
<ele>125</ele>
</trkpt>
<trkpt lat="36.41807111111111" lon="139.03594805555556">
<ele>125</ele>
</trkpt>
<trkpt lat="36.41811194444445" lon="139.035925">
<ele>126</ele>
</trkpt>
<trkpt lat="36.41815388888889" lon="139.03590194444445">
<ele>126</ele>
</trkpt>
<trkpt lat="36.418195" lon="139.03588">
<ele>127</ele>
</trkpt>
<trkpt lat="36.41823611111111" lon="139.03585694444445">
<ele>127</ele>
</trkpt>
<trkpt lat="36.41827694444444" lon="139.0358338888889">
<ele>127</ele>
</trkpt>
<trkpt lat="36.41831805555555" lon="139.03581194444445">
<ele>127</ele>
</trkpt>
<trkpt lat="36.41835888888889" lon="139.0357888888889">
<ele>129</ele>
</trkpt>
<trkpt lat="36.4184" lon="139.03576611111112">
<ele>129</ele>
</trkpt>
<trkpt lat="36.418441111111115" lon="139.0357438888889">
<ele>129</ele>
</trkpt>
<trkpt lat="36.418481944444444" lon="139.03572111111112">
<ele>129</ele>
</trkpt>
<trkpt lat="36.41852305555555" lon="139.03569805555554">
<ele>129</ele>
</trkpt>
<trkpt lat="36.41853111111111" lon="139.0356938888889">
<ele>129</ele>
</trkpt>
<trkpt lat="36.418575" lon="139.03568">
<ele>129</ele>
</trkpt>
<trkpt lat="36.418618055555555" lon="139.0356661111111">
<ele>129</ele>
</trkpt>
<trkpt lat="36.41864888888889" lon="139.0356561111111">
<ele>129</ele>
</trkpt>
<trkpt lat="36.41869305555556" lon="139.03565194444445">
<ele>128</ele>
</trkpt>
<trkpt lat="36.41873805555556" lon="139.03564694444444">
<ele>128</ele>
</trkpt>
<trkpt lat="36.41878305555556" lon="139.03564194444445">
<ele>128</ele>
</trkpt>
<trkpt lat="36.41881" lon="139.03564">
<ele>128</ele>
</trkpt>
<trkpt lat="36.41885388888889" lon="139.03565111111112">
<ele>127</ele>
</trkpt>
<trkpt lat="36.41889805555556" lon="139.03566111111112">
<ele>127</ele>
</trkpt>
<trkpt lat="36.41894194444444" lon="139.03567194444443">
<ele>128</ele>
</trkpt>
<trkpt lat="36.41898611111111" lon="139.03568305555555">
<ele>128</ele>
</trkpt>
<trkpt lat="36.41903" lon="139.0356938888889">
<ele>128</ele>
</trkpt>
<trkpt lat="36.41903111111111" lon="139.0356938888889">
<ele>128</ele>
</trkpt>
<trkpt lat="36.41907611111111" lon="139.035685">
<ele>128</ele>
</trkpt>
<trkpt lat="36.41912" lon="139.03567611111112">
<ele>127</ele>
</trkpt>
<trkpt lat="36.419156111111114" lon="139.0356688888889">
<ele>127</ele>
</trkpt>
<trkpt lat="36.419198888888886" lon="139.0356538888889">
<ele>128</ele>
</trkpt>
<trkpt lat="36.419241944444444" lon="139.03563888888888">
<ele>127</ele>
</trkpt>
<trkpt lat="36.41928611111111" lon="139.035625">
<ele>127</ele>
</trkpt>
<trkpt lat="36.41932888888889" lon="139.03561">
<ele>127</ele>
</trkpt>
<trkpt lat="36.41937194444444" lon="139.035595">
<ele>125</ele>
</trkpt>
<trkpt lat="36.41941611111111" lon="139.0355811111111">
<ele>125</ele>
</trkpt>
<trkpt lat="36.41945888888889" lon="139.0355661111111">
<ele>124</ele>
</trkpt>
<trkpt lat="36.41950194444444" lon="139.03555111111112">
<ele>127</ele>
</trkpt>
<trkpt lat="36.41954611111111" lon="139.0355361111111">
<ele>127</ele>
</trkpt>
<trkpt lat="36.41958888888889" lon="139.03552194444444">
<ele>126</ele>
</trkpt>
<trkpt lat="36.41963194444445" lon="139.03550694444445">
<ele>126</ele>
</trkpt>
<trkpt lat="36.41967611111111" lon="139.03549194444443">
<ele>125</ele>
</trkpt>
<trkpt lat="36.41971888888889" lon="139.03547805555556">
<ele>125</ele>
</trkpt>
<trkpt lat="36.419761944444446" lon="139.03546305555557">
<ele>125</ele>
</trkpt>
<trkpt lat="36.419806111111114" lon="139.03544805555555">
<ele>123</ele>
</trkpt>
<trkpt lat="36.419848888888886" lon="139.0354338888889">
<ele>126</ele>
</trkpt>
<trkpt lat="36.41988111111111" lon="139.03542305555555">
<ele>127</ele>
</trkpt>
<trkpt lat="36.41992305555556" lon="139.03540388888888">
<ele>127</ele>
</trkpt>
<trkpt lat="36.41996611111111" lon="139.035385">
<ele>126</ele>
</trkpt>
<trkpt lat="36.420008055555556" lon="139.0353661111111">
<ele>126</ele>
</trkpt>
<trkpt lat="36.42005" lon="139.03534694444446">
<ele>125</ele>
</trkpt>
<trkpt lat="36.420091944444444" lon="139.03532805555557">
<ele>125</ele>
</trkpt>
<trkpt lat="36.420135" lon="139.0353088888889">
<ele>125</ele>
</trkpt>
<trkpt lat="36.420143055555556" lon="139.0353061111111">
<ele>126</ele>
</trkpt>
<trkpt lat="36.42015111111111" lon="139.0352511111111">
<ele>126</ele>
</trkpt>
<trkpt lat="36.42015611111111" lon="139.03521">
<ele>128</ele>
</trkpt>
<trkpt lat="36.42019888888889" lon="139.03519111111112">
<ele>128</ele>
</trkpt>
<trkpt lat="36.42024111111111" lon="139.03517194444444">
<ele>127</ele>
</trkpt>
<trkpt lat="36.42028305555556" lon="139.03515388888889">
<ele>127</ele>
</trkpt>
<trkpt lat="36.42032611111111" lon="139.035135">
<ele>127</ele>
</trkpt>
<trkpt lat="36.42036805555556" lon="139.03511694444444">
<ele>126</ele>
</trkpt>
<trkpt lat="36.420411111111115" lon="139.03509805555555">
<ele>128</ele>
</trkpt>
<trkpt lat="36.420453055555555" lon="139.03507888888888">
<ele>128</ele>
</trkpt>
<trkpt lat="36.420495" lon="139.0350611111111">
<ele>128</ele>
</trkpt>
<trkpt lat="36.420538055555554" lon="139.03504194444446">
<ele>128</ele>
</trkpt>
<trkpt lat="36.42058" lon="139.0350238888889">
<ele>127</ele>
</trkpt>
<trkpt lat="36.42062194444444" lon="139.035005">
<ele>127</ele>
</trkpt>
<trkpt lat="36.42064" lon="139.03499694444446">
<ele>129</ele>
</trkpt>
<trkpt lat="36.42068305555556" lon="139.0349811111111">
<ele>128</ele>
</trkpt>
<trkpt lat="36.42072611111111" lon="139.034965">
<ele>128</ele>
</trkpt>
<trkpt lat="36.42075111111111" lon="139.034955">
<ele>128</ele>
</trkpt>
<trkpt lat="36.42079611111111" lon="139.03495388888888">
<ele>128</ele>
</trkpt>
<trkpt lat="36.42084111111111" lon="139.03495305555555">
<ele>127</ele>
</trkpt>
<trkpt lat="36.42088611111111" lon="139.0349511111111">
<ele>127</ele>
</trkpt>
<trkpt lat="36.42093" lon="139.03495">
<ele>127</ele>
</trkpt>
<trkpt lat="36.420975" lon="139.0349488888889">
<ele>127</ele>
</trkpt>
<trkpt lat="36.42102" lon="139.03494805555556">
<ele>127</ele>
</trkpt>
<trkpt lat="36.421036111111114" lon="139.03494694444444">
<ele>127</ele>
</trkpt>
<trkpt lat="36.421081111111114" lon="139.03494111111112">
<ele>127</ele>
</trkpt>
<trkpt lat="36.421125" lon="139.0349338888889">
<ele>126</ele>
</trkpt>
<trkpt lat="36.42115388888889" lon="139.03493">
<ele>126</ele>
</trkpt>
<trkpt lat="36.42119611111111" lon="139.03491194444445">
<ele>126</ele>
</trkpt>
<trkpt lat="36.42123888888889" lon="139.0348938888889">
<ele>125</ele>
</trkpt>
<trkpt lat="36.421281111111114" lon="139.03487611111112">
<ele>129</ele>
</trkpt>
<trkpt lat="36.42129111111111" lon="139.03487194444443">
<ele>129</ele>
</trkpt>
<trkpt lat="36.421326944444445" lon="139.03483805555555">
<ele>129</ele>
</trkpt>
<trkpt lat="36.42136305555555" lon="139.0348038888889">
<ele>127</ele>
</trkpt>
<trkpt lat="36.42139805555556" lon="139.03477">
<ele>130</ele>
</trkpt>
<trkpt lat="36.42143388888889" lon="139.0347361111111">
<ele>130</ele>
</trkpt>
<trkpt lat="36.42147" lon="139.03470194444444">
<ele>128</ele>
</trkpt>
<trkpt lat="36.421505" lon="139.03466805555556">
<ele>128</ele>
</trkpt>
<trkpt lat="36.42154111111111" lon="139.0346338888889">
<ele>130</ele>
</trkpt>
<trkpt lat="36.42156305555555" lon="139.03461305555555">
<ele>129</ele>
</trkpt>
<trkpt lat="36.42160194444445" lon="139.034585">
<ele>129</ele>
</trkpt>
<trkpt lat="36.421641111111114" lon="139.03455805555555">
<ele>129</ele>
</trkpt>
<trkpt lat="36.42168" lon="139.03453">
<ele>130</ele>
</trkpt>
<trkpt lat="36.42171888888889" lon="139.03450194444446">
<ele>130</ele>
</trkpt>
<trkpt lat="36.42175805555556" lon="139.0344738888889">
<ele>130</ele>
</trkpt>
<trkpt lat="36.421796944444445" lon="139.03444611111112">
<ele>128</ele>
</trkpt>
<trkpt lat="36.42183611111111" lon="139.03441805555556">
<ele>130</ele>
</trkpt>
<trkpt lat="36.42185611111111" lon="139.03440388888887">
<ele>173</ele>
</trkpt>
<trkpt lat="36.42196888888889" lon="139.03433694444445">
<ele>129</ele>
</trkpt>
<trkpt lat="36.42201388888889" lon="139.0343288888889">
<ele>130</ele>
</trkpt>
<trkpt lat="36.42205805555555" lon="139.0343211111111">
<ele>130</ele>
</trkpt>
<trkpt lat="36.42210305555555" lon="139.03431305555554">
<ele>130</ele>
</trkpt>
<trkpt lat="36.42214694444444" lon="139.0343038888889">
<ele>128</ele>
</trkpt>
<trkpt lat="36.42217111111111" lon="139.0343">
<ele>128</ele>
</trkpt>
<trkpt lat="36.42221388888889" lon="139.0342861111111">
<ele>128</ele>
</trkpt>
<trkpt lat="36.42225805555555" lon="139.03427194444444">
<ele>127</ele>
</trkpt>
<trkpt lat="36.42230111111111" lon="139.03425805555557">
<ele>127</ele>
</trkpt>
<trkpt lat="36.422345" lon="139.03424388888888">
<ele>126</ele>
</trkpt>
<trkpt lat="36.42237611111111" lon="139.03423305555555">
<ele>171</ele>
</trkpt>
<trkpt lat="36.42269388888889" lon="139.0340438888889">
<ele>126</ele>
</trkpt>
<trkpt lat="36.42273194444444" lon="139.03401305555556">
<ele>126</ele>
</trkpt>
<trkpt lat="36.42276888888889" lon="139.03398194444443">
<ele>128</ele>
</trkpt>
<trkpt lat="36.422806944444446" lon="139.03395194444445">
<ele>126</ele>
</trkpt>
<trkpt lat="36.42284388888889" lon="139.0339211111111">
<ele>126</ele>
</trkpt>
<trkpt lat="36.42288194444444" lon="139.0338911111111">
<ele>126</ele>
</trkpt>
<trkpt lat="36.42292" lon="139.03386">
<ele>126</ele>
</trkpt>
<trkpt lat="36.422956944444444" lon="139.03383">
<ele>126</ele>
</trkpt>
<trkpt lat="36.422995" lon="139.0337988888889">
<ele>126</ele>
</trkpt>
<trkpt lat="36.423031944444446" lon="139.0337688888889">
<ele>127</ele>
</trkpt>
<trkpt lat="36.42304111111111" lon="139.03376194444445">
<ele>127</ele>
</trkpt>
<trkpt lat="36.423076944444446" lon="139.0337288888889">
<ele>125</ele>
</trkpt>
<trkpt lat="36.423113055555554" lon="139.033695">
<ele>126</ele>
</trkpt>
<trkpt lat="36.42314888888889" lon="139.03366194444445">
<ele>126</ele>
</trkpt>
<trkpt lat="36.423185" lon="139.0336288888889">
<ele>125</ele>
</trkpt>
<trkpt lat="36.42322111111111" lon="139.033595">
<ele>125</ele>
</trkpt>
<trkpt lat="36.42325694444445" lon="139.03356194444444">
<ele>125</ele>
</trkpt>
<trkpt lat="36.423293055555554" lon="139.03352805555556">
<ele>125</ele>
</trkpt>
<trkpt lat="36.42332888888889" lon="139.033495">
<ele>125</ele>
</trkpt>
<trkpt lat="36.423365" lon="139.03346194444444">
<ele>127</ele>
</trkpt>
<trkpt lat="36.42340111111111" lon="139.03342805555556">
<ele>125</ele>
</trkpt>
<trkpt lat="36.42343694444445" lon="139.033395">
<ele>125</ele>
</trkpt>
<trkpt lat="36.423473055555554" lon="139.03336194444444">
<ele>125</ele>
</trkpt>
<trkpt lat="36.42350888888889" lon="139.03332805555556">
<ele>125</ele>
</trkpt>
<trkpt lat="36.423545" lon="139.033295">
<ele>125</ele>
</trkpt>
<trkpt lat="36.42358111111111" lon="139.03326194444443">
<ele>125</ele>
</trkpt>
<trkpt lat="36.42361694444445" lon="139.03322805555555">
<ele>125</ele>
</trkpt>
<trkpt lat="36.423653055555555" lon="139.033195">
<ele>125</ele>
</trkpt>
<trkpt lat="36.42367194444444" lon="139.03317805555557">
<ele>125</ele>
</trkpt>
<trkpt lat="36.42371111111111" lon="139.03315">
<ele>125</ele>
</trkpt>
<trkpt lat="36.42375111111111" lon="139.03312305555556">
<ele>125</ele>
</trkpt>
<trkpt lat="36.42379" lon="139.03309611111112">
<ele>126</ele>
</trkpt>
<trkpt lat="36.42382888888889" lon="139.0330688888889">
<ele>126</ele>
</trkpt>
<trkpt lat="36.42384" lon="139.03306111111112">
<ele>126</ele>
</trkpt>
<trkpt lat="36.42399611111111" lon="139.03298805555556">
<ele>128</ele>
</trkpt>
<trkpt lat="36.424151944444446" lon="139.032915">
<ele>125</ele>
</trkpt>
<trkpt lat="36.42430888888889" lon="139.03284194444444">
<ele>127</ele>
</trkpt>
<trkpt lat="36.424465" lon="139.03276805555555">
<ele>129</ele>
</trkpt>
<trkpt lat="36.424621944444446" lon="139.032695">
<ele>127</ele>
</trkpt>
<trkpt lat="36.42477805555556" lon="139.03262194444446">
<ele>127</ele>
</trkpt>
<trkpt lat="36.42493388888889" lon="139.0325488888889">
<ele>131</ele>
</trkpt>
<trkpt lat="36.42509111111111" lon="139.03247611111112">
<ele>128</ele>
</trkpt>
<trkpt lat="36.425246944444446" lon="139.03240305555556">
<ele>128</ele>
</trkpt>
<trkpt lat="36.425403055555556" lon="139.03233">
<ele>134</ele>
</trkpt>
<trkpt lat="36.42555888888889" lon="139.03225694444444">
<ele>127</ele>
</trkpt>
<trkpt lat="36.425716111111115" lon="139.03218388888888">
<ele>129</ele>
</trkpt>
<trkpt lat="36.425871944444445" lon="139.0321111111111">
<ele>136</ele>
</trkpt>
<trkpt lat="36.426028055555555" lon="139.03203805555555">
<ele>128</ele>
</trkpt>
<trkpt lat="36.426185" lon="139.0319638888889">
<ele>129</ele>
</trkpt>
<trkpt lat="36.426341111111114" lon="139.03189111111112">
<ele>128</ele>
</trkpt>
<trkpt lat="36.426498055555555" lon="139.03181805555556">
<ele>129</ele>
</trkpt>
<trkpt lat="36.426653888888886" lon="139.031745">
<ele>132</ele>
</trkpt>
<trkpt lat="36.42681" lon="139.03167194444444">
<ele>129</ele>
</trkpt>
<trkpt lat="36.426853888888886" lon="139.03168">
<ele>129</ele>
</trkpt>
<trkpt lat="36.426898888888886" lon="139.03168805555555">
<ele>128</ele>
</trkpt>
<trkpt lat="36.426943055555554" lon="139.0316961111111">
<ele>128</ele>
</trkpt>
<trkpt lat="36.42695111111111" lon="139.03169694444443">
<ele>128</ele>
</trkpt>
<trkpt lat="36.426993055555556" lon="139.03167805555555">
<ele>128</ele>
</trkpt>
<trkpt lat="36.427035" lon="139.03165805555557">
<ele>129</ele>
</trkpt>
<trkpt lat="36.427078055555555" lon="139.0316388888889">
<ele>129</ele>
</trkpt>
<trkpt lat="36.42711888888889" lon="139.03162">
<ele>128</ele>
</trkpt>
<trkpt lat="36.42716194444444" lon="139.0316">
<ele>128</ele>
</trkpt>
<trkpt lat="36.42720388888889" lon="139.0315811111111">
<ele>128</ele>
</trkpt>
<trkpt lat="36.42724611111111" lon="139.0315611111111">
<ele>128</ele>
</trkpt>
<trkpt lat="36.42728805555556" lon="139.03154194444446">
<ele>129</ele>
</trkpt>
<trkpt lat="36.42733" lon="139.03152194444445">
<ele>129</ele>
</trkpt>
<trkpt lat="36.427368055555554" lon="139.031505">
<ele>129</ele>
</trkpt>
<trkpt lat="36.42741111111111" lon="139.03149194444444">
<ele>129</ele>
</trkpt>
<trkpt lat="36.42745388888889" lon="139.03147805555557">
<ele>128</ele>
</trkpt>
<trkpt lat="36.42749805555555" lon="139.031465">
<ele>128</ele>
</trkpt>
<trkpt lat="36.42754194444444" lon="139.03145111111112">
<ele>128</ele>
</trkpt>
<trkpt lat="36.427585" lon="139.03143805555555">
<ele>129</ele>
</trkpt>
<trkpt lat="36.42762888888889" lon="139.0314238888889">
<ele>129</ele>
</trkpt>
<trkpt lat="36.42767194444444" lon="139.0314111111111">
<ele>129</ele>
</trkpt>
<trkpt lat="36.42771611111111" lon="139.03139694444445">
<ele>129</ele>
</trkpt>
<trkpt lat="36.42776" lon="139.03138305555555">
<ele>129</ele>
</trkpt>
<trkpt lat="36.42780305555556" lon="139.03137">
<ele>131</ele>
</trkpt>
<trkpt lat="36.42782388888889" lon="139.03136305555554">
<ele>129</ele>
</trkpt>
<trkpt lat="36.42793805555556" lon="139.03134194444445">
<ele>129</ele>
</trkpt>
<trkpt lat="36.42805111111111" lon="139.03132">
<ele>129</ele>
</trkpt>
<trkpt lat="36.42816388888889" lon="139.0312988888889">
<ele>128</ele>
</trkpt>
<trkpt lat="36.42827805555556" lon="139.03127694444444">
<ele>129</ele>
</trkpt>
<trkpt lat="36.42839111111111" lon="139.0312561111111">
<ele>129</ele>
</trkpt>
<trkpt lat="36.428505" lon="139.0312338888889">
<ele>128</ele>
</trkpt>
<trkpt lat="36.42861805555555" lon="139.03121305555555">
<ele>128</ele>
</trkpt>
<trkpt lat="36.42873194444444" lon="139.0311911111111">
<ele>128</ele>
</trkpt>
<trkpt lat="36.428845" lon="139.03117">
<ele>129</ele>
</trkpt>
<trkpt lat="36.428958888888886" lon="139.03114805555555">
<ele>129</ele>
</trkpt>
<trkpt lat="36.429071944444445" lon="139.03112694444445">
<ele>129</ele>
</trkpt>
<trkpt lat="36.429186111111115" lon="139.031105">
<ele>129</ele>
</trkpt>
<trkpt lat="36.42929888888889" lon="139.0310838888889">
<ele>129</ele>
</trkpt>
<trkpt lat="36.429411944444446" lon="139.03106194444445">
<ele>129</ele>
</trkpt>
<trkpt lat="36.42952611111111" lon="139.0310411111111">
<ele>129</ele>
</trkpt>
<trkpt lat="36.42963888888889" lon="139.0310188888889">
<ele>129</ele>
</trkpt>
<trkpt lat="36.42975305555556" lon="139.03099805555556">
<ele>129</ele>
</trkpt>
<trkpt lat="36.42986611111111" lon="139.0309761111111">
<ele>129</ele>
</trkpt>
<trkpt lat="36.42998" lon="139.0309538888889">
<ele>129</ele>
</trkpt>
<trkpt lat="36.43002611111111" lon="139.03096">
<ele>129</ele>
</trkpt>
<trkpt lat="36.43007111111111" lon="139.0309661111111">
<ele>129</ele>
</trkpt>
<trkpt lat="36.43011805555555" lon="139.03097194444445">
<ele>129</ele>
</trkpt>
<trkpt lat="36.43016305555555" lon="139.03097694444443">
<ele>129</ele>
</trkpt>
<trkpt lat="36.43020888888889" lon="139.03098305555557">
<ele>129</ele>
</trkpt>
<trkpt lat="36.430255" lon="139.03098888888888">
<ele>129</ele>
</trkpt>
<trkpt lat="36.43030111111111" lon="139.0309938888889">
<ele>129</ele>
</trkpt>
<trkpt lat="36.430346944444445" lon="139.031">
<ele>128</ele>
</trkpt>
<trkpt lat="36.430393055555555" lon="139.0310061111111">
<ele>128</ele>
</trkpt>
<trkpt lat="36.43043888888889" lon="139.03101194444446">
<ele>128</ele>
</trkpt>
<trkpt lat="36.430485" lon="139.03101694444445">
<ele>128</ele>
</trkpt>
<trkpt lat="36.43053111111111" lon="139.03102305555555">
<ele>128</ele>
</trkpt>
<trkpt lat="36.43057694444445" lon="139.0310288888889">
<ele>129</ele>
</trkpt>
<trkpt lat="36.43062305555556" lon="139.03103388888889">
<ele>129</ele>
</trkpt>
<trkpt lat="36.43066888888889" lon="139.03104">
<ele>129</ele>
</trkpt>
<trkpt lat="36.430715" lon="139.03104611111112">
<ele>129</ele>
</trkpt>
<trkpt lat="36.43076111111111" lon="139.03105194444444">
<ele>129</ele>
</trkpt>
<trkpt lat="36.43080694444444" lon="139.03105694444446">
<ele>129</ele>
</trkpt>
<trkpt lat="36.43085194444444" lon="139.03106305555556">
<ele>129</ele>
</trkpt>
<trkpt lat="36.43097" lon="139.0311111111111">
<ele>136</ele>
</trkpt>
<trkpt lat="36.431088055555556" lon="139.03115888888888">
<ele>129</ele>
</trkpt>
<trkpt lat="36.43120611111111" lon="139.03120694444445">
<ele>129</ele>
</trkpt>
<trkpt lat="36.43132305555555" lon="139.0312538888889">
<ele>128</ele>
</trkpt>
<trkpt lat="36.43144111111111" lon="139.03130194444444">
<ele>129</ele>
</trkpt>
<trkpt lat="36.43155888888889" lon="139.03135">
<ele>129</ele>
</trkpt>
<trkpt lat="36.43167611111111" lon="139.03139805555554">
<ele>129</ele>
</trkpt>
<trkpt lat="36.43179388888889" lon="139.0314461111111">
<ele>128</ele>
</trkpt>
<trkpt lat="36.431911944444444" lon="139.0314938888889">
<ele>129</ele>
</trkpt>
<trkpt lat="36.43202888888889" lon="139.03154194444446">
<ele>129</ele>
</trkpt>
<trkpt lat="36.43214694444445" lon="139.03159">
<ele>128</ele>
</trkpt>
<trkpt lat="36.432265" lon="139.03163805555556">
<ele>129</ele>
</trkpt>
<trkpt lat="36.432381944444444" lon="139.031685">
<ele>128</ele>
</trkpt>
<trkpt lat="36.4325" lon="139.03173305555555">
<ele>129</ele>
</trkpt>
<trkpt lat="36.43261805555556" lon="139.03178111111112">
<ele>128</ele>
</trkpt>
<trkpt lat="36.43273611111111" lon="139.0318288888889">
<ele>129</ele>
</trkpt>
<trkpt lat="36.432853055555555" lon="139.03187694444443">
<ele>129</ele>
</trkpt>
<trkpt lat="36.43297111111111" lon="139.031925">
<ele>129</ele>
</trkpt>
<trkpt lat="36.43308888888889" lon="139.03197305555557">
<ele>129</ele>
</trkpt>
<trkpt lat="36.43315388888889" lon="139.03200194444443">
<ele>129</ele>
</trkpt>
<trkpt lat="36.43321888888889" lon="139.03203194444444">
<ele>129</ele>
</trkpt>
<trkpt lat="36.43328388888889" lon="139.03206111111112">
<ele>129</ele>
</trkpt>
<trkpt lat="36.43334888888889" lon="139.03209">
<ele>129</ele>
</trkpt>
<trkpt lat="36.433413888888886" lon="139.03212">
<ele>129</ele>
</trkpt>
<trkpt lat="36.43347888888889" lon="139.03214888888888">
<ele>128</ele>
</trkpt>
<trkpt lat="36.43354388888889" lon="139.0321788888889">
<ele>129</ele>
</trkpt>
<trkpt lat="36.43360888888889" lon="139.03220805555554">
<ele>129</ele>
</trkpt>
<trkpt lat="36.43367388888889" lon="139.03223805555555">
<ele>129</ele>
</trkpt>
<trkpt lat="36.43373888888889" lon="139.03226694444444">
<ele>129</ele>
</trkpt>
<trkpt lat="36.43380388888889" lon="139.03229611111112">
<ele>129</ele>
</trkpt>
<trkpt lat="36.43386888888889" lon="139.0323261111111">
<ele>129</ele>
</trkpt>
<trkpt lat="36.43393388888889" lon="139.032355">
<ele>129</ele>
</trkpt>
<trkpt lat="36.43399888888889" lon="139.032385">
<ele>128</ele>
</trkpt>
<trkpt lat="36.434063888888886" lon="139.0324138888889">
<ele>128</ele>
</trkpt>
<trkpt lat="36.434128888888885" lon="139.03244388888888">
<ele>129</ele>
</trkpt>
<trkpt lat="36.43419388888889" lon="139.03247305555556">
<ele>129</ele>
</trkpt>
<trkpt lat="36.43425888888889" lon="139.03250194444445">
<ele>128</ele>
</trkpt>
<trkpt lat="36.43432388888889" lon="139.03253194444446">
<ele>128</ele>
</trkpt>
<trkpt lat="36.43436194444445" lon="139.03256194444444">
<ele>128</ele>
</trkpt>
<trkpt lat="36.434398888888886" lon="139.03259305555557">
<ele>128</ele>
</trkpt>
<trkpt lat="36.43443694444444" lon="139.03262388888888">
<ele>128</ele>
</trkpt>
<trkpt lat="36.43447388888889" lon="139.0326538888889">
<ele>129</ele>
</trkpt>
<trkpt lat="36.434511944444445" lon="139.032685">
<ele>128</ele>
</trkpt>
<trkpt lat="36.43454888888889" lon="139.0327161111111">
<ele>128</ele>
</trkpt>
<trkpt lat="36.43455888888889" lon="139.03272388888888">
<ele>129</ele>
</trkpt>
<trkpt lat="36.43458305555556" lon="139.03277111111112">
<ele>129</ele>
</trkpt>
<trkpt lat="36.43460805555556" lon="139.03281805555557">
<ele>128</ele>
</trkpt>
<trkpt lat="36.43463194444445" lon="139.032865">
<ele>128</ele>
</trkpt>
<trkpt lat="36.43465611111111" lon="139.03291194444444">
<ele>127</ele>
</trkpt>
<trkpt lat="36.43468" lon="139.03295805555555">
<ele>128</ele>
</trkpt>
<trkpt lat="36.434716944444446" lon="139.0329888888889">
<ele>128</ele>
</trkpt>
<trkpt lat="36.43475388888889" lon="139.0330211111111">
<ele>127</ele>
</trkpt>
<trkpt lat="36.43479111111111" lon="139.03305305555557">
<ele>127</ele>
</trkpt>
<trkpt lat="36.434826944444445" lon="139.033085">
<ele>127</ele>
</trkpt>
<trkpt lat="36.43486388888889" lon="139.03311805555555">
<ele>127</ele>
</trkpt>
<trkpt lat="36.43490111111111" lon="139.0331488888889">
<ele>128</ele>
</trkpt>
<trkpt lat="36.434938055555556" lon="139.0331811111111">
<ele>128</ele>
</trkpt>
<trkpt lat="36.43497388888889" lon="139.03321305555556">
<ele>128</ele>
</trkpt>
<trkpt lat="36.43501111111111" lon="139.033245">
<ele>127</ele>
</trkpt>
<trkpt lat="36.435048055555555" lon="139.03327694444445">
<ele>127</ele>
</trkpt>
<trkpt lat="36.435085" lon="139.03330888888888">
<ele>127</ele>
</trkpt>
<trkpt lat="36.43512194444445" lon="139.0333411111111">
<ele>127</ele>
</trkpt>
<trkpt lat="36.435158888888886" lon="139.03337305555556">
<ele>127</ele>
</trkpt>
<trkpt lat="36.43517" lon="139.03338305555556">
<ele>127</ele>
</trkpt>
<trkpt lat="36.43524111111111" lon="139.03343194444443">
<ele>127</ele>
</trkpt>
<trkpt lat="36.43531111111111" lon="139.03348194444445">
<ele>127</ele>
</trkpt>
<trkpt lat="36.43538111111111" lon="139.0335311111111">
<ele>128</ele>
</trkpt>
<trkpt lat="36.435451111111114" lon="139.03358">
<ele>128</ele>
</trkpt>
<trkpt lat="36.435521944444446" lon="139.0336288888889">
<ele>128</ele>
</trkpt>
<trkpt lat="36.43559194444445" lon="139.03367805555555">
<ele>128</ele>
</trkpt>
<trkpt lat="36.43566194444445" lon="139.03372805555554">
<ele>129</ele>
</trkpt>
<trkpt lat="36.43573305555555" lon="139.03377694444444">
<ele>128</ele>
</trkpt>
<trkpt lat="36.43580305555555" lon="139.03382611111113">
<ele>129</ele>
</trkpt>
<trkpt lat="36.435873055555554" lon="139.033875">
<ele>128</ele>
</trkpt>
<trkpt lat="36.435943888888886" lon="139.0339238888889">
<ele>128</ele>
</trkpt>
<trkpt lat="36.43601388888889" lon="139.03397388888888">
<ele>129</ele>
</trkpt>
<trkpt lat="36.43608388888889" lon="139.03402305555556">
<ele>128</ele>
</trkpt>
<trkpt lat="36.436155" lon="139.03407194444443">
<ele>129</ele>
</trkpt>
<trkpt lat="36.436225" lon="139.03412111111112">
<ele>129</ele>
</trkpt>
<trkpt lat="36.436295" lon="139.03417">
<ele>129</ele>
</trkpt>
<trkpt lat="36.43636611111111" lon="139.0342188888889">
<ele>129</ele>
</trkpt>
<trkpt lat="36.436436111111114" lon="139.0342688888889">
<ele>129</ele>
</trkpt>
<trkpt lat="36.436506111111115" lon="139.03431805555556">
<ele>129</ele>
</trkpt>
<trkpt lat="36.436546944444444" lon="139.03434194444444">
<ele>129</ele>
</trkpt>
<trkpt lat="36.43658805555555" lon="139.0343661111111">
<ele>129</ele>
</trkpt>
<trkpt lat="36.43662805555556" lon="139.03439">
<ele>129</ele>
</trkpt>
<trkpt lat="36.43666888888889" lon="139.03441388888888">
<ele>129</ele>
</trkpt>
<trkpt lat="36.43670888888889" lon="139.03443805555557">
<ele>128</ele>
</trkpt>
<trkpt lat="36.43675" lon="139.03446194444444">
<ele>128</ele>
</trkpt>
<trkpt lat="36.43679" lon="139.0344861111111">
<ele>129</ele>
</trkpt>
<trkpt lat="36.43683111111111" lon="139.03451">
<ele>129</ele>
</trkpt>
<trkpt lat="36.43687111111111" lon="139.0345338888889">
<ele>128</ele>
</trkpt>
<trkpt lat="36.43691194444445" lon="139.03455805555555">
<ele>129</ele>
</trkpt>
<trkpt lat="36.43691611111111" lon="139.03456">
<ele>128</ele>
</trkpt>
<trkpt lat="36.43695888888889" lon="139.034575">
<ele>128</ele>
</trkpt>
<trkpt lat="36.43700194444445" lon="139.0345888888889">
<ele>129</ele>
</trkpt>
<trkpt lat="36.43704611111111" lon="139.03460388888888">
<ele>129</ele>
</trkpt>
<trkpt lat="36.43708888888889" lon="139.0346188888889">
<ele>129</ele>
</trkpt>
<trkpt lat="36.437131944444445" lon="139.03463305555556">
<ele>129</ele>
</trkpt>
<trkpt lat="36.437176111111114" lon="139.03464805555555">
<ele>129</ele>
</trkpt>
<trkpt lat="36.43721111111111" lon="139.03466">
<ele>129</ele>
</trkpt>
<trkpt lat="36.43725" lon="139.03468805555556">
<ele>129</ele>
</trkpt>
<trkpt lat="36.43728888888889" lon="139.03471611111112">
<ele>129</ele>
</trkpt>
<trkpt lat="36.437328055555554" lon="139.03474305555557">
<ele>129</ele>
</trkpt>
<trkpt lat="36.43736694444444" lon="139.0347711111111">
<ele>130</ele>
</trkpt>
<trkpt lat="36.43740611111111" lon="139.0347988888889">
<ele>130</ele>
</trkpt>
<trkpt lat="36.437445" lon="139.0348261111111">
<ele>130</ele>
</trkpt>
<trkpt lat="36.437446111111115" lon="139.03482694444443">
<ele>130</ele>
</trkpt>
<trkpt lat="36.437488055555555" lon="139.03484805555556">
<ele>130</ele>
</trkpt>
<trkpt lat="36.43752888888889" lon="139.0348688888889">
<ele>130</ele>
</trkpt>
<trkpt lat="36.43757111111111" lon="139.0348911111111">
<ele>130</ele>
</trkpt>
<trkpt lat="36.43761194444444" lon="139.03491194444445">
<ele>130</ele>
</trkpt>
<trkpt lat="36.43765388888889" lon="139.03493305555557">
<ele>130</ele>
</trkpt>
<trkpt lat="36.43769611111111" lon="139.03495388888888">
<ele>131</ele>
</trkpt>
<trkpt lat="36.437708055555554" lon="139.0349611111111">
<ele>131</ele>
</trkpt>
<trkpt lat="36.437745" lon="139.03499305555556">
<ele>131</ele>
</trkpt>
<trkpt lat="36.437781944444446" lon="139.035025">
<ele>131</ele>
</trkpt>
<trkpt lat="36.43781805555555" lon="139.03505694444445">
<ele>131</ele>
</trkpt>
<trkpt lat="36.437855" lon="139.03508888888888">
<ele>131</ele>
</trkpt>
<trkpt lat="36.437891944444445" lon="139.03512111111112">
<ele>131</ele>
</trkpt>
<trkpt lat="36.43792805555555" lon="139.03515388888889">
<ele>131</ele>
</trkpt>
<trkpt lat="36.437936111111114" lon="139.0351611111111">
<ele>131</ele>
</trkpt>
<trkpt lat="36.43804388888889" lon="139.03519194444445">
<ele>131</ele>
</trkpt>
<trkpt lat="36.43815194444444" lon="139.03522305555555">
<ele>131</ele>
</trkpt>
<trkpt lat="36.43826" lon="139.0352538888889">
<ele>131</ele>
</trkpt>
<trkpt lat="36.43836805555556" lon="139.0352861111111">
<ele>131</ele>
</trkpt>
<trkpt lat="36.438476111111115" lon="139.03531694444445">
<ele>131</ele>
</trkpt>
<trkpt lat="36.438583055555554" lon="139.03534805555554">
<ele>131</ele>
</trkpt>
<trkpt lat="36.43869111111111" lon="139.03537888888889">
<ele>132</ele>
</trkpt>
<trkpt lat="36.43879888888889" lon="139.03541">
<ele>132</ele>
</trkpt>
<trkpt lat="36.43890694444445" lon="139.0354411111111">
<ele>132</ele>
</trkpt>
<trkpt lat="36.43901388888889" lon="139.03547305555554">
<ele>132</ele>
</trkpt>
<trkpt lat="36.439121944444445" lon="139.03550388888888">
<ele>132</ele>
</trkpt>
<trkpt lat="36.43923" lon="139.035535">
<ele>132</ele>
</trkpt>
<trkpt lat="36.43933805555555" lon="139.0355661111111">
<ele>132</ele>
</trkpt>
<trkpt lat="36.43944611111111" lon="139.03559805555557">
<ele>132</ele>
</trkpt>
<trkpt lat="36.43955305555556" lon="139.03562888888888">
<ele>132</ele>
</trkpt>
<trkpt lat="36.439661111111114" lon="139.03566">
<ele>132</ele>
</trkpt>
<trkpt lat="36.43976888888889" lon="139.0356911111111">
<ele>132</ele>
</trkpt>
<trkpt lat="36.43987694444444" lon="139.03572194444445">
<ele>132</ele>
</trkpt>
<trkpt lat="36.43998388888889" lon="139.03575305555555">
<ele>132</ele>
</trkpt>
<trkpt lat="36.44002888888889" lon="139.03575694444444">
<ele>132</ele>
</trkpt>
<trkpt lat="36.44007388888889" lon="139.03576">
<ele>132</ele>
</trkpt>
<trkpt lat="36.44011888888889" lon="139.03576388888888">
<ele>133</ele>
</trkpt>
<trkpt lat="36.44016388888889" lon="139.03576694444445">
<ele>133</ele>
</trkpt>
<trkpt lat="36.44019888888889" lon="139.03577">
<ele>133</ele>
</trkpt>
<trkpt lat="36.440243055555555" lon="139.0357561111111">
<ele>133</ele>
</trkpt>
<trkpt lat="36.440286111111114" lon="139.03574194444445">
<ele>133</ele>
</trkpt>
<trkpt lat="36.44033" lon="139.03572805555555">
<ele>133</ele>
</trkpt>
<trkpt lat="36.440373055555554" lon="139.0357138888889">
<ele>133</ele>
</trkpt>
<trkpt lat="36.44040694444445" lon="139.03570305555556">
<ele>133</ele>
</trkpt>
<trkpt lat="36.44045" lon="139.03568388888888">
<ele>133</ele>
</trkpt>
<trkpt lat="36.440491944444446" lon="139.0356661111111">
<ele>133</ele>
</trkpt>
<trkpt lat="36.440533888888886" lon="139.03564694444444">
<ele>133</ele>
</trkpt>
<trkpt lat="36.44057611111111" lon="139.03562805555555">
<ele>133</ele>
</trkpt>
<trkpt lat="36.44061888888889" lon="139.0356088888889">
<ele>133</ele>
</trkpt>
<trkpt lat="36.44066111111111" lon="139.03559">
<ele>133</ele>
</trkpt>
<trkpt lat="36.44070305555555" lon="139.03557111111112">
<ele>133</ele>
</trkpt>
<trkpt lat="36.44074611111111" lon="139.03555194444445">
<ele>134</ele>
</trkpt>
<trkpt lat="36.44078805555556" lon="139.0355338888889">
<ele>134</ele>
</trkpt>
<trkpt lat="36.44083" lon="139.035515">
<ele>134</ele>
</trkpt>
<trkpt lat="36.440871944444446" lon="139.03549611111112">
<ele>134</ele>
</trkpt>
<trkpt lat="36.440915" lon="139.03547694444444">
<ele>134</ele>
</trkpt>
<trkpt lat="36.44093111111111" lon="139.03547">
<ele>134</ele>
</trkpt>
<trkpt lat="36.44097611111111" lon="139.0354661111111">
<ele>134</ele>
</trkpt>
<trkpt lat="36.44102111111111" lon="139.03546111111112">
<ele>134</ele>
</trkpt>
<trkpt lat="36.44106611111111" lon="139.03545694444443">
<ele>134</ele>
</trkpt>
<trkpt lat="36.44111" lon="139.03545305555556">
<ele>134</ele>
</trkpt>
<trkpt lat="36.441111944444444" lon="139.03545305555556">
<ele>134</ele>
</trkpt>
<trkpt lat="36.441155" lon="139.03547">
<ele>134</ele>
</trkpt>
<trkpt lat="36.44119805555555" lon="139.03548694444444">
<ele>134</ele>
</trkpt>
<trkpt lat="36.44124111111111" lon="139.03550388888888">
<ele>135</ele>
</trkpt>
<trkpt lat="36.44128305555556" lon="139.03552194444444">
<ele>135</ele>
</trkpt>
<trkpt lat="36.44132611111111" lon="139.03553888888888">
<ele>135</ele>
</trkpt>
<trkpt lat="36.44136888888889" lon="139.0355561111111">
<ele>134</ele>
</trkpt>
<trkpt lat="36.44141111111111" lon="139.03557305555555">
<ele>134</ele>
</trkpt>
<trkpt lat="36.44145388888889" lon="139.03559">
<ele>134</ele>
</trkpt>
<trkpt lat="36.441496944444445" lon="139.03560805555554">
<ele>134</ele>
</trkpt>
<trkpt lat="36.44154" lon="139.035625">
<ele>134</ele>
</trkpt>
<trkpt lat="36.441581944444444" lon="139.03564194444445">
<ele>134</ele>
</trkpt>
<trkpt lat="36.441625" lon="139.0356588888889">
<ele>134</ele>
</trkpt>
<trkpt lat="36.44166805555555" lon="139.03567611111112">
<ele>134</ele>
</trkpt>
<trkpt lat="36.44171111111111" lon="139.03569305555556">
<ele>134</ele>
</trkpt>
<trkpt lat="36.44175305555556" lon="139.0357111111111">
<ele>134</ele>
</trkpt>
<trkpt lat="36.44177694444444" lon="139.03572">
<ele>134</ele>
</trkpt>
<trkpt lat="36.44182194444444" lon="139.03571888888888">
<ele>134</ele>
</trkpt>
<trkpt lat="36.44186694444444" lon="139.03571805555555">
<ele>134</ele>
</trkpt>
<trkpt lat="36.44191194444444" lon="139.0357161111111">
<ele>135</ele>
</trkpt>
<trkpt lat="36.44195694444444" lon="139.035715">
<ele>135</ele>
</trkpt>
<trkpt lat="36.44200194444444" lon="139.0357138888889">
<ele>135</ele>
</trkpt>
<trkpt lat="36.44204611111111" lon="139.03571305555556">
<ele>135</ele>
</trkpt>
<trkpt lat="36.44209111111111" lon="139.03571194444444">
<ele>135</ele>
</trkpt>
<trkpt lat="36.442098888888886" lon="139.03571194444444">
<ele>135</ele>
</trkpt>
<trkpt lat="36.442143888888886" lon="139.03570805555555">
<ele>135</ele>
</trkpt>
<trkpt lat="36.442188888888886" lon="139.03570305555556">
<ele>135</ele>
</trkpt>
<trkpt lat="36.442233888888886" lon="139.0356988888889">
<ele>135</ele>
</trkpt>
<trkpt lat="36.442278055555555" lon="139.035695">
<ele>135</ele>
</trkpt>
<trkpt lat="36.442323055555555" lon="139.0356911111111">
<ele>135</ele>
</trkpt>
<trkpt lat="36.442368055555555" lon="139.03568694444445">
<ele>135</ele>
</trkpt>
<trkpt lat="36.442413055555555" lon="139.03568194444443">
<ele>135</ele>
</trkpt>
<trkpt lat="36.442458055555555" lon="139.03567805555556">
<ele>135</ele>
</trkpt>
<trkpt lat="36.442501944444444" lon="139.03567388888888">
<ele>135</ele>
</trkpt>
<trkpt lat="36.442546944444445" lon="139.03567">
<ele>135</ele>
</trkpt>
<trkpt lat="36.442591944444445" lon="139.0356661111111">
<ele>135</ele>
</trkpt>
<trkpt lat="36.442636944444445" lon="139.03566194444446">
<ele>135</ele>
</trkpt>
<trkpt lat="36.442681944444445" lon="139.03565805555556">
<ele>135</ele>
</trkpt>
<trkpt lat="36.442726111111114" lon="139.03565305555554">
<ele>135</ele>
</trkpt>
<trkpt lat="36.442771111111114" lon="139.0356488888889">
<ele>135</ele>
</trkpt>
<trkpt lat="36.442816111111114" lon="139.035645">
<ele>135</ele>
</trkpt>
<trkpt lat="36.442861111111114" lon="139.03564111111112">
<ele>135</ele>
</trkpt>
<trkpt lat="36.442905" lon="139.03563694444443">
<ele>135</ele>
</trkpt>
<trkpt lat="36.44295611111111" lon="139.03563805555555">
<ele>135</ele>
</trkpt>
<trkpt lat="36.44300611111111" lon="139.03563805555555">
<ele>135</ele>
</trkpt>
<trkpt lat="36.44305694444444" lon="139.03563888888888">
<ele>135</ele>
</trkpt>
<trkpt lat="36.443106944444445" lon="139.03564">
<ele>135</ele>
</trkpt>
<trkpt lat="36.44315805555556" lon="139.03564111111112">
<ele>135</ele>
</trkpt>
<trkpt lat="36.44320805555556" lon="139.03564194444445">
<ele>135</ele>
</trkpt>
<trkpt lat="36.44325888888889" lon="139.03564305555557">
<ele>135</ele>
</trkpt>
<trkpt lat="36.443308888888886" lon="139.0356438888889">
<ele>135</ele>
</trkpt>
<trkpt lat="36.44336" lon="139.0356438888889">
<ele>135</ele>
</trkpt>
<trkpt lat="36.44341" lon="139.035645">
<ele>135</ele>
</trkpt>
<trkpt lat="36.44346111111111" lon="139.0356461111111">
<ele>135</ele>
</trkpt>
<trkpt lat="36.443511111111114" lon="139.03564694444444">
<ele>135</ele>
</trkpt>
<trkpt lat="36.44356194444445" lon="139.03564805555555">
<ele>135</ele>
</trkpt>
<trkpt lat="36.44361194444444" lon="139.0356488888889">
<ele>135</ele>
</trkpt>
<trkpt lat="36.443663055555554" lon="139.03565">
<ele>135</ele>
</trkpt>
<trkpt lat="36.443713055555556" lon="139.03565111111112">
<ele>135</ele>
</trkpt>
<trkpt lat="36.44376388888889" lon="139.03565111111112">
<ele>135</ele>
</trkpt>
<trkpt lat="36.44381388888889" lon="139.03565194444445">
<ele>135</ele>
</trkpt>
<trkpt lat="36.443865" lon="139.03565305555554">
<ele>135</ele>
</trkpt>
<trkpt lat="36.44390888888889" lon="139.03566305555555">
<ele>135</ele>
</trkpt>
<trkpt lat="36.44395388888889" lon="139.03567194444443">
<ele>135</ele>
</trkpt>
<trkpt lat="36.443998055555554" lon="139.03568194444443">
<ele>135</ele>
</trkpt>
<trkpt lat="36.44404194444444" lon="139.03569194444444">
<ele>135</ele>
</trkpt>
<trkpt lat="36.44408611111111" lon="139.0357011111111">
<ele>135</ele>
</trkpt>
<trkpt lat="36.44413111111111" lon="139.0357111111111">
<ele>135</ele>
</trkpt>
<trkpt lat="36.444175" lon="139.03572">
<ele>135</ele>
</trkpt>
<trkpt lat="36.44421888888889" lon="139.03573">
<ele>135</ele>
</trkpt>
<trkpt lat="36.44426305555555" lon="139.0357388888889">
<ele>135</ele>
</trkpt>
<trkpt lat="36.44430805555555" lon="139.0357488888889">
<ele>135</ele>
</trkpt>
<trkpt lat="36.44435194444444" lon="139.0357588888889">
<ele>135</ele>
</trkpt>
<trkpt lat="36.44439611111111" lon="139.03576805555556">
<ele>135</ele>
</trkpt>
<trkpt lat="36.44444" lon="139.03577805555557">
<ele>135</ele>
</trkpt>
<trkpt lat="36.44448388888889" lon="139.03578805555554">
<ele>135</ele>
</trkpt>
<trkpt lat="36.44452888888889" lon="139.03579694444446">
<ele>135</ele>
</trkpt>
<trkpt lat="36.44457305555556" lon="139.03580694444443">
<ele>135</ele>
</trkpt>
<trkpt lat="36.44459694444444" lon="139.03581194444445">
<ele>135</ele>
</trkpt>
<trkpt lat="36.44464194444444" lon="139.03580888888888">
<ele>135</ele>
</trkpt>
<trkpt lat="36.44468694444444" lon="139.0358061111111">
<ele>136</ele>
</trkpt>
<trkpt lat="36.44473111111111" lon="139.0358038888889">
<ele>136</ele>
</trkpt>
<trkpt lat="36.44477611111111" lon="139.0358011111111">
<ele>136</ele>
</trkpt>
<trkpt lat="36.44482111111111" lon="139.03579805555555">
<ele>136</ele>
</trkpt>
<trkpt lat="36.44486611111111" lon="139.035795">
<ele>136</ele>
</trkpt>
<trkpt lat="36.44491111111111" lon="139.03579194444444">
<ele>136</ele>
</trkpt>
<trkpt lat="36.44495611111111" lon="139.03579">
<ele>136</ele>
</trkpt>
<trkpt lat="36.44500111111111" lon="139.03578694444445">
<ele>136</ele>
</trkpt>
<trkpt lat="36.44504611111111" lon="139.0357838888889">
<ele>136</ele>
</trkpt>
<trkpt lat="36.44509" lon="139.0357811111111">
<ele>136</ele>
</trkpt>
<trkpt lat="36.445135" lon="139.0357788888889">
<ele>136</ele>
</trkpt>
<trkpt lat="36.44518" lon="139.03577611111112">
<ele>137</ele>
</trkpt>
<trkpt lat="36.445225" lon="139.03577305555555">
<ele>137</ele>
</trkpt>
<trkpt lat="36.44527" lon="139.03577">
<ele>137</ele>
</trkpt>
<trkpt lat="36.445315" lon="139.03576805555556">
<ele>137</ele>
</trkpt>
<trkpt lat="36.44535888888889" lon="139.035765">
<ele>137</ele>
</trkpt>
<trkpt lat="36.44540388888889" lon="139.03576194444443">
<ele>137</ele>
</trkpt>
<trkpt lat="36.44540888888889" lon="139.03576194444443">
<ele>137</ele>
</trkpt>
<trkpt lat="36.445453055555554" lon="139.03575">
<ele>137</ele>
</trkpt>
<trkpt lat="36.44549694444444" lon="139.03573805555556">
<ele>137</ele>
</trkpt>
<trkpt lat="36.44554111111111" lon="139.0357261111111">
<ele>137</ele>
</trkpt>
<trkpt lat="36.445585" lon="139.0357138888889">
<ele>137</ele>
</trkpt>
<trkpt lat="36.44562888888889" lon="139.0357011111111">
<ele>137</ele>
</trkpt>
<trkpt lat="36.44567194444444" lon="139.0356888888889">
<ele>137</ele>
</trkpt>
<trkpt lat="36.44571611111111" lon="139.03567805555556">
<ele>137</ele>
</trkpt>
<trkpt lat="36.44576" lon="139.035665">
<ele>137</ele>
</trkpt>
<trkpt lat="36.44580388888889" lon="139.03565305555554">
<ele>137</ele>
</trkpt>
<trkpt lat="36.44584805555556" lon="139.03564111111112">
<ele>137</ele>
</trkpt>
<trkpt lat="36.44589194444445" lon="139.03562888888888">
<ele>136</ele>
</trkpt>
<trkpt lat="36.44593611111111" lon="139.03561694444446">
<ele>136</ele>
</trkpt>
<trkpt lat="36.44597888888889" lon="139.035605">
<ele>137</ele>
</trkpt>
<trkpt lat="36.44598694444444" lon="139.03560305555555">
<ele>137</ele>
</trkpt>
<trkpt lat="36.44603111111111" lon="139.0356111111111">
<ele>137</ele>
</trkpt>
<trkpt lat="36.44607611111111" lon="139.03562">
<ele>137</ele>
</trkpt>
<trkpt lat="36.44612" lon="139.03562805555555">
<ele>138</ele>
</trkpt>
<trkpt lat="36.44616388888889" lon="139.0356361111111">
<ele>138</ele>
</trkpt>
<trkpt lat="36.44620888888889" lon="139.0356438888889">
<ele>138</ele>
</trkpt>
<trkpt lat="36.44625305555556" lon="139.03565194444445">
<ele>139</ele>
</trkpt>
<trkpt lat="36.44629805555556" lon="139.03566111111112">
<ele>139</ele>
</trkpt>
<trkpt lat="36.44630194444444" lon="139.03566194444446">
<ele>139</ele>
</trkpt>
<trkpt lat="36.44634305555556" lon="139.03563888888888">
<ele>139</ele>
</trkpt>
<trkpt lat="36.44638388888889" lon="139.03561694444446">
<ele>139</ele>
</trkpt>
<trkpt lat="36.44642611111111" lon="139.035595">
<ele>139</ele>
</trkpt>
<trkpt lat="36.446466944444445" lon="139.03557194444446">
<ele>139</ele>
</trkpt>
<trkpt lat="36.446508055555555" lon="139.03555">
<ele>139</ele>
</trkpt>
<trkpt lat="36.44654888888889" lon="139.03552805555555">
<ele>139</ele>
</trkpt>
<trkpt lat="36.44659" lon="139.03550611111112">
<ele>139</ele>
</trkpt>
<trkpt lat="36.44663194444445" lon="139.03548305555555">
<ele>139</ele>
</trkpt>
<trkpt lat="36.44667305555556" lon="139.03546111111112">
<ele>139</ele>
</trkpt>
<trkpt lat="36.44671388888889" lon="139.03543888888888">
<ele>139</ele>
</trkpt>
<trkpt lat="36.446755" lon="139.03541611111112">
<ele>139</ele>
</trkpt>
<trkpt lat="36.44679611111111" lon="139.03539388888888">
<ele>139</ele>
</trkpt>
<trkpt lat="36.44683805555555" lon="139.03537194444445">
<ele>139</ele>
</trkpt>
<trkpt lat="36.44687305555556" lon="139.03535305555556">
<ele>139</ele>
</trkpt>
<trkpt lat="36.446933888888886" lon="139.03533194444444">
<ele>139</ele>
</trkpt>
<trkpt lat="36.44699388888889" lon="139.0353111111111">
<ele>139</ele>
</trkpt>
<trkpt lat="36.447055" lon="139.03528888888889">
<ele>139</ele>
</trkpt>
<trkpt lat="36.447116111111114" lon="139.03526805555555">
<ele>139</ele>
</trkpt>
<trkpt lat="36.44717694444444" lon="139.03524805555554">
<ele>139</ele>
</trkpt>
<trkpt lat="36.44723805555556" lon="139.03522611111111">
<ele>139</ele>
</trkpt>
<trkpt lat="36.44729805555556" lon="139.035205">
<ele>139</ele>
</trkpt>
<trkpt lat="36.447358888888886" lon="139.0351838888889">
<ele>139</ele>
</trkpt>
<trkpt lat="36.44742" lon="139.03516305555556">
<ele>139</ele>
</trkpt>
<trkpt lat="36.44748111111111" lon="139.03514194444443">
<ele>139</ele>
</trkpt>
<trkpt lat="36.447541111111114" lon="139.03512111111112">
<ele>139</ele>
</trkpt>
<trkpt lat="36.44760194444444" lon="139.0351">
<ele>139</ele>
</trkpt>
<trkpt lat="36.44766305555556" lon="139.03507888888888">
<ele>139</ele>
</trkpt>
<trkpt lat="36.44772388888889" lon="139.03505805555557">
<ele>139</ele>
</trkpt>
<trkpt lat="36.447783888888885" lon="139.0350361111111">
<ele>139</ele>
</trkpt>
<trkpt lat="36.447845" lon="139.0350161111111">
<ele>139</ele>
</trkpt>
<trkpt lat="36.44790611111111" lon="139.0349938888889">
<ele>139</ele>
</trkpt>
<trkpt lat="36.447966944444445" lon="139.03497305555555">
<ele>139</ele>
</trkpt>
<trkpt lat="36.448028055555554" lon="139.03495194444446">
<ele>139</ele>
</trkpt>
<trkpt lat="36.448065" lon="139.03498305555556">
<ele>139</ele>
</trkpt>
<trkpt lat="36.448101944444446" lon="139.0350138888889">
<ele>139</ele>
</trkpt>
<trkpt lat="36.44812805555556" lon="139.0350361111111">
<ele>139</ele>
</trkpt>
<trkpt lat="36.44815888888889" lon="139.03507611111112">
<ele>139</ele>
</trkpt>
<trkpt lat="36.44819" lon="139.03511694444444">
<ele>139</ele>
</trkpt>
<trkpt lat="36.44821" lon="139.03514305555555">
<ele>139</ele>
</trkpt>
<trkpt lat="36.448253888888885" lon="139.03515694444445">
<ele>138</ele>
</trkpt>
<trkpt lat="36.448296944444444" lon="139.0351711111111">
<ele>138</ele>
</trkpt>
<trkpt lat="36.448301111111114" lon="139.03517194444444">
<ele>138</ele>
</trkpt>
<trkpt lat="36.448343888888886" lon="139.03515805555554">
<ele>138</ele>
</trkpt>
<trkpt lat="36.448388055555554" lon="139.03514305555555">
<ele>138</ele>
</trkpt>
<trkpt lat="36.44843111111111" lon="139.0351288888889">
<ele>138</ele>
</trkpt>
<trkpt lat="36.44847388888889" lon="139.0351138888889">
<ele>138</ele>
</trkpt>
<trkpt lat="36.44851805555555" lon="139.0351">
<ele>139</ele>
</trkpt>
<trkpt lat="36.44856111111111" lon="139.0350861111111">
<ele>139</ele>
</trkpt>
<trkpt lat="36.44860388888889" lon="139.0350711111111">
<ele>139</ele>
</trkpt>
<trkpt lat="36.44864805555556" lon="139.03505694444445">
<ele>139</ele>
</trkpt>
<trkpt lat="36.44869111111111" lon="139.03504194444446">
<ele>139</ele>
</trkpt>
<trkpt lat="36.448735" lon="139.03502805555556">
<ele>139</ele>
</trkpt>
<trkpt lat="36.44877805555556" lon="139.03501305555557">
<ele>139</ele>
</trkpt>
<trkpt lat="36.44882111111111" lon="139.03499888888888">
<ele>139</ele>
</trkpt>
<trkpt lat="36.448865" lon="139.0349838888889">
<ele>139</ele>
</trkpt>
<trkpt lat="36.448908055555556" lon="139.03497">
<ele>139</ele>
</trkpt>
<trkpt lat="36.448951944444445" lon="139.034955">
<ele>139</ele>
</trkpt>
<trkpt lat="36.448995" lon="139.03494111111112">
<ele>139</ele>
</trkpt>
<trkpt lat="36.449038055555555" lon="139.0349261111111">
<ele>139</ele>
</trkpt>
<trkpt lat="36.449038888888886" lon="139.0349261111111">
<ele>139</ele>
</trkpt>
<trkpt lat="36.44907694444444" lon="139.03489611111112">
<ele>139</ele>
</trkpt>
<trkpt lat="36.449115" lon="139.0348661111111">
<ele>139</ele>
</trkpt>
<trkpt lat="36.449151944444445" lon="139.034835">
<ele>139</ele>
</trkpt>
<trkpt lat="36.44919" lon="139.034805">
<ele>139</ele>
</trkpt>
<trkpt lat="36.44922805555556" lon="139.034775">
<ele>139</ele>
</trkpt>
<trkpt lat="36.44926611111111" lon="139.0347438888889">
<ele>139</ele>
</trkpt>
<trkpt lat="36.44929388888889" lon="139.03472194444444">
<ele>139</ele>
</trkpt>
<trkpt lat="36.44933888888889" lon="139.0347261111111">
<ele>139</ele>
</trkpt>
<trkpt lat="36.44938388888889" lon="139.0347311111111">
<ele>139</ele>
</trkpt>
<trkpt lat="36.44942888888889" lon="139.0347361111111">
<ele>139</ele>
</trkpt>
<trkpt lat="36.44947305555556" lon="139.03474111111112">
<ele>139</ele>
</trkpt>
<trkpt lat="36.44948611111111" lon="139.03474194444445">
<ele>139</ele>
</trkpt>
<trkpt lat="36.44952388888889" lon="139.0347711111111">
<ele>139</ele>
</trkpt>
<trkpt lat="36.44956194444445" lon="139.0348011111111">
<ele>139</ele>
</trkpt>
<trkpt lat="36.44956305555556" lon="139.0348011111111">
<ele>139</ele>
</trkpt>
<trkpt lat="36.449598888888886" lon="139.0348338888889">
<ele>139</ele>
</trkpt>
<trkpt lat="36.449635" lon="139.03486805555556">
<ele>139</ele>
</trkpt>
<trkpt lat="36.44967111111111" lon="139.0349011111111">
<ele>139</ele>
</trkpt>
<trkpt lat="36.44970694444444" lon="139.034935">
<ele>139</ele>
</trkpt>
<trkpt lat="36.44974305555556" lon="139.03496805555557">
<ele>139</ele>
</trkpt>
<trkpt lat="36.449778888888886" lon="139.03500194444445">
<ele>139</ele>
</trkpt>
<trkpt lat="36.44981388888889" lon="139.0350361111111">
<ele>139</ele>
</trkpt>
<trkpt lat="36.44985111111111" lon="139.0350688888889">
<ele>139</ele>
</trkpt>
<trkpt lat="36.449885" lon="139.03510111111112">
<ele>139</ele>
</trkpt>
<trkpt lat="36.44994888888889" lon="139.03513388888888">
<ele>138</ele>
</trkpt>
<trkpt lat="36.45001305555556" lon="139.03516611111112">
<ele>138</ele>
</trkpt>
<trkpt lat="36.45007805555556" lon="139.03519888888889">
<ele>138</ele>
</trkpt>
<trkpt lat="36.45014111111111" lon="139.03523194444443">
<ele>137</ele>
</trkpt>
<trkpt lat="36.450206111111115" lon="139.0352638888889">
<ele>137</ele>
</trkpt>
<trkpt lat="36.450268888888885" lon="139.03529694444444">
<ele>137</ele>
</trkpt>
<trkpt lat="36.45033388888889" lon="139.0353288888889">
<ele>137</ele>
</trkpt>
<trkpt lat="36.45039805555555" lon="139.03536194444445">
<ele>137</ele>
</trkpt>
<trkpt lat="36.45046194444444" lon="139.03539388888888">
<ele>137</ele>
</trkpt>
<trkpt lat="36.45052611111111" lon="139.03542694444445">
<ele>137</ele>
</trkpt>
<trkpt lat="36.45059" lon="139.03545888888888">
<ele>137</ele>
</trkpt>
<trkpt lat="36.45065388888889" lon="139.03549194444443">
<ele>137</ele>
</trkpt>
<trkpt lat="36.450718055555555" lon="139.035525">
<ele>138</ele>
</trkpt>
<trkpt lat="36.450781944444444" lon="139.03555694444444">
<ele>138</ele>
</trkpt>
<trkpt lat="36.45084611111111" lon="139.03559">
<ele>138</ele>
</trkpt>
<trkpt lat="36.45091" lon="139.03562194444444">
<ele>138</ele>
</trkpt>
<trkpt lat="36.45097388888889" lon="139.035655">
<ele>138</ele>
</trkpt>
<trkpt lat="36.45103805555556" lon="139.03568805555557">
<ele>138</ele>
</trkpt>
<trkpt lat="36.451101944444446" lon="139.03572">
<ele>138</ele>
</trkpt>
<trkpt lat="36.45116111111111" lon="139.03571305555556">
<ele>138</ele>
</trkpt>
<trkpt lat="36.45122" lon="139.03570694444446">
<ele>138</ele>
</trkpt>
<trkpt lat="36.451278888888886" lon="139.0357">
<ele>138</ele>
</trkpt>
<trkpt lat="36.45133805555555" lon="139.0356938888889">
<ele>138</ele>
</trkpt>
<trkpt lat="36.45139694444445" lon="139.03568694444445">
<ele>138</ele>
</trkpt>
<trkpt lat="36.45145611111111" lon="139.0356811111111">
<ele>138</ele>
</trkpt>
<trkpt lat="36.451515" lon="139.03567388888888">
<ele>138</ele>
</trkpt>
<trkpt lat="36.45157388888889" lon="139.03566694444444">
<ele>138</ele>
</trkpt>
<trkpt lat="36.451633055555554" lon="139.03566111111112">
<ele>138</ele>
</trkpt>
<trkpt lat="36.45169194444444" lon="139.0356538888889">
<ele>138</ele>
</trkpt>
<trkpt lat="36.45175111111111" lon="139.03564805555555">
<ele>138</ele>
</trkpt>
<trkpt lat="36.45181" lon="139.03564111111112">
<ele>138</ele>
</trkpt>
<trkpt lat="36.45186888888889" lon="139.0356338888889">
<ele>138</ele>
</trkpt>
<trkpt lat="36.451928055555555" lon="139.03562805555555">
<ele>138</ele>
</trkpt>
<trkpt lat="36.45198694444444" lon="139.0356211111111">
<ele>138</ele>
</trkpt>
<trkpt lat="36.45204611111111" lon="139.035615">
<ele>138</ele>
</trkpt>
<trkpt lat="36.452105" lon="139.03560805555554">
<ele>138</ele>
</trkpt>
<trkpt lat="36.45216388888889" lon="139.0356011111111">
<ele>138</ele>
</trkpt>
<trkpt lat="36.45222305555556" lon="139.035595">
<ele>138</ele>
</trkpt>
<trkpt lat="36.45229694444444" lon="139.0355761111111">
<ele>138</ele>
</trkpt>
<trkpt lat="36.45237111111111" lon="139.03555694444444">
<ele>138</ele>
</trkpt>
<trkpt lat="36.452445" lon="139.03553805555555">
<ele>138</ele>
</trkpt>
<trkpt lat="36.45251888888889" lon="139.0355188888889">
<ele>138</ele>
</trkpt>
<trkpt lat="36.45259194444444" lon="139.0355">
<ele>138</ele>
</trkpt>
<trkpt lat="36.452666111111114" lon="139.03548111111112">
<ele>138</ele>
</trkpt>
<trkpt lat="36.45274" lon="139.03546194444445">
<ele>138</ele>
</trkpt>
<trkpt lat="36.45281388888889" lon="139.0354438888889">
<ele>139</ele>
</trkpt>
<trkpt lat="36.452888055555555" lon="139.035425">
<ele>139</ele>
</trkpt>
<trkpt lat="36.452961944444446" lon="139.03540611111112">
<ele>139</ele>
</trkpt>
<trkpt lat="36.45303611111111" lon="139.03538694444444">
<ele>139</ele>
</trkpt>
<trkpt lat="36.45310888888889" lon="139.03536805555555">
<ele>139</ele>
</trkpt>
<trkpt lat="36.453183055555556" lon="139.03534888888888">
<ele>139</ele>
</trkpt>
<trkpt lat="36.45325694444445" lon="139.03533">
<ele>140</ele>
</trkpt>
<trkpt lat="36.45333111111111" lon="139.0353111111111">
<ele>140</ele>
</trkpt>
<trkpt lat="36.453405" lon="139.03529194444445">
<ele>140</ele>
</trkpt>
<trkpt lat="36.45347888888889" lon="139.0352738888889">
<ele>139</ele>
</trkpt>
<trkpt lat="36.45355194444444" lon="139.035255">
<ele>139</ele>
</trkpt>
<trkpt lat="36.45362611111111" lon="139.03523611111112">
<ele>139</ele>
</trkpt>
<trkpt lat="36.45367" lon="139.035225">
<ele>139</ele>
</trkpt>
<trkpt lat="36.45371388888889" lon="139.03521305555554">
<ele>140</ele>
</trkpt>
<trkpt lat="36.453758055555554" lon="139.03520194444445">
<ele>140</ele>
</trkpt>
<trkpt lat="36.45380194444444" lon="139.03519111111112">
<ele>140</ele>
</trkpt>
<trkpt lat="36.45384611111111" lon="139.03518">
<ele>140</ele>
</trkpt>
<trkpt lat="36.45389" lon="139.03516805555554">
<ele>139</ele>
</trkpt>
<trkpt lat="36.45393388888889" lon="139.03515694444445">
<ele>139</ele>
</trkpt>
<trkpt lat="36.45397805555555" lon="139.03514611111112">
<ele>139</ele>
</trkpt>
<trkpt lat="36.45402194444444" lon="139.035135">
<ele>139</ele>
</trkpt>
<trkpt lat="36.45406611111111" lon="139.03512305555554">
<ele>139</ele>
</trkpt>
<trkpt lat="36.45408305555556" lon="139.0351188888889">
<ele>139</ele>
</trkpt>
<trkpt lat="36.454211944444445" lon="139.03503">
<ele>139</ele>
</trkpt>
<trkpt lat="36.45434111111111" lon="139.03494111111112">
<ele>139</ele>
</trkpt>
<trkpt lat="36.45447111111111" lon="139.03485194444445">
<ele>140</ele>
</trkpt>
<trkpt lat="36.4546" lon="139.03476194444445">
<ele>140</ele>
</trkpt>
<trkpt lat="36.45472888888889" lon="139.03467305555554">
<ele>139</ele>
</trkpt>
<trkpt lat="36.454858888888886" lon="139.03458388888887">
<ele>140</ele>
</trkpt>
<trkpt lat="36.45498805555555" lon="139.034495">
<ele>140</ele>
</trkpt>
<trkpt lat="36.45511694444444" lon="139.0344061111111">
<ele>141</ele>
</trkpt>
<trkpt lat="36.45524694444445" lon="139.03431694444444">
<ele>141</ele>
</trkpt>
<trkpt lat="36.455376111111114" lon="139.03422805555556">
<ele>140</ele>
</trkpt>
<trkpt lat="36.455505" lon="139.03413805555556">
<ele>140</ele>
</trkpt>
<trkpt lat="36.45563388888889" lon="139.0340488888889">
<ele>140</ele>
</trkpt>
<trkpt lat="36.45576388888889" lon="139.03396">
<ele>140</ele>
</trkpt>
<trkpt lat="36.455893055555556" lon="139.03387111111113">
<ele>141</ele>
</trkpt>
<trkpt lat="36.456021944444444" lon="139.03378194444446">
<ele>141</ele>
</trkpt>
<trkpt lat="36.45615194444444" lon="139.03369194444446">
<ele>141</ele>
</trkpt>
<trkpt lat="36.45628111111111" lon="139.03360305555555">
<ele>142</ele>
</trkpt>
<trkpt lat="36.45641" lon="139.03351388888888">
<ele>142</ele>
</trkpt>
<trkpt lat="36.45654" lon="139.033425">
<ele>143</ele>
</trkpt>
<trkpt lat="36.45657888888889" lon="139.03339805555555">
<ele>141</ele>
</trkpt>
<trkpt lat="36.45661888888889" lon="139.0333711111111">
<ele>141</ele>
</trkpt>
<trkpt lat="36.45665805555556" lon="139.033345">
<ele>140</ele>
</trkpt>
<trkpt lat="36.456698055555556" lon="139.03331805555555">
<ele>140</ele>
</trkpt>
<trkpt lat="36.456736944444444" lon="139.0332911111111">
<ele>140</ele>
</trkpt>
<trkpt lat="36.45676111111111" lon="139.033275">
<ele>143</ele>
</trkpt>
<trkpt lat="36.456803055555554" lon="139.03325305555555">
<ele>143</ele>
</trkpt>
<trkpt lat="36.45684388888889" lon="139.03323194444445">
<ele>143</ele>
</trkpt>
<trkpt lat="36.45688611111111" lon="139.03321111111111">
<ele>144</ele>
</trkpt>
<trkpt lat="36.45692694444445" lon="139.03319">
<ele>144</ele>
</trkpt>
<trkpt lat="36.45696888888889" lon="139.03316805555556">
<ele>144</ele>
</trkpt>
<trkpt lat="36.457011111111115" lon="139.03314694444444">
<ele>143</ele>
</trkpt>
<trkpt lat="36.457051944444444" lon="139.0331261111111">
<ele>143</ele>
</trkpt>
<trkpt lat="36.45709388888889" lon="139.0331038888889">
<ele>144</ele>
</trkpt>
<trkpt lat="36.45710388888889" lon="139.0330988888889">
<ele>144</ele>
</trkpt>
<trkpt lat="36.45714805555556" lon="139.03309611111112">
<ele>144</ele>
</trkpt>
<trkpt lat="36.45719305555556" lon="139.03309194444444">
<ele>144</ele>
</trkpt>
<trkpt lat="36.45723805555556" lon="139.0330888888889">
<ele>143</ele>
</trkpt>
<trkpt lat="36.45728305555556" lon="139.033085">
<ele>143</ele>
</trkpt>
<trkpt lat="36.45732805555556" lon="139.0330811111111">
<ele>143</ele>
</trkpt>
<trkpt lat="36.457371944444446" lon="139.03307805555556">
<ele>143</ele>
</trkpt>
<trkpt lat="36.457411944444445" lon="139.03307388888888">
<ele>143</ele>
</trkpt>
<trkpt lat="36.45745194444444" lon="139.03304805555555">
<ele>143</ele>
</trkpt>
<trkpt lat="36.45749194444444" lon="139.03302194444444">
<ele>143</ele>
</trkpt>
<trkpt lat="36.45753194444445" lon="139.03299694444445">
<ele>144</ele>
</trkpt>
<trkpt lat="36.45755305555556" lon="139.03298194444446">
<ele>144</ele>
</trkpt>
<trkpt lat="36.457588888888885" lon="139.03294805555555">
<ele>143</ele>
</trkpt>
<trkpt lat="36.45762388888889" lon="139.03291305555555">
<ele>143</ele>
</trkpt>
<trkpt lat="36.457658888888886" lon="139.0328788888889">
<ele>144</ele>
</trkpt>
<trkpt lat="36.45769388888889" lon="139.0328438888889">
<ele>144</ele>
</trkpt>
<trkpt lat="36.45772888888889" lon="139.0328088888889">
<ele>144</ele>
</trkpt>
<trkpt lat="36.457765" lon="139.0327738888889">
<ele>145</ele>
</trkpt>
<trkpt lat="36.4578" lon="139.03274">
<ele>144</ele>
</trkpt>
<trkpt lat="36.457835" lon="139.032705">
<ele>144</ele>
</trkpt>
<trkpt lat="36.45787" lon="139.0326711111111">
<ele>144</ele>
</trkpt>
<trkpt lat="36.457906111111114" lon="139.03263611111112">
<ele>145</ele>
</trkpt>
<trkpt lat="36.45794111111111" lon="139.03260111111112">
<ele>145</ele>
</trkpt>
<trkpt lat="36.45797611111111" lon="139.03256694444445">
<ele>145</ele>
</trkpt>
<trkpt lat="36.45801111111111" lon="139.03253194444446">
<ele>145</ele>
</trkpt>
<trkpt lat="36.458036944444444" lon="139.03250694444444">
<ele>145</ele>
</trkpt>
<trkpt lat="36.458085" lon="139.03250888888888">
<ele>145</ele>
</trkpt>
<trkpt lat="36.45813305555556" lon="139.03251111111112">
<ele>144</ele>
</trkpt>
<trkpt lat="36.45818194444445" lon="139.03251305555557">
<ele>144</ele>
</trkpt>
<trkpt lat="36.45823" lon="139.0325161111111">
<ele>144</ele>
</trkpt>
<trkpt lat="36.45827888888889" lon="139.03251805555556">
<ele>144</ele>
</trkpt>
<trkpt lat="36.458326944444444" lon="139.03252">
<ele>144</ele>
</trkpt>
<trkpt lat="36.458376111111114" lon="139.03252194444445">
<ele>144</ele>
</trkpt>
<trkpt lat="36.45842388888889" lon="139.03252388888887">
<ele>144</ele>
</trkpt>
<trkpt lat="36.45847194444445" lon="139.03252694444444">
<ele>145</ele>
</trkpt>
<trkpt lat="36.45852111111111" lon="139.0325288888889">
<ele>145</ele>
</trkpt>
<trkpt lat="36.45856888888889" lon="139.0325311111111">
<ele>145</ele>
</trkpt>
<trkpt lat="36.458618055555554" lon="139.03253305555555">
<ele>145</ele>
</trkpt>
<trkpt lat="36.458666111111114" lon="139.032535">
<ele>145</ele>
</trkpt>
<trkpt lat="36.45871388888889" lon="139.03253805555556">
<ele>145</ele>
</trkpt>
<trkpt lat="36.45876305555556" lon="139.03254">
<ele>145</ele>
</trkpt>
<trkpt lat="36.45881111111111" lon="139.03254194444443">
<ele>145</ele>
</trkpt>
<trkpt lat="36.45885888888889" lon="139.03254388888888">
<ele>145</ele>
</trkpt>
<trkpt lat="36.458908055555554" lon="139.03254611111112">
<ele>145</ele>
</trkpt>
<trkpt lat="36.458956111111114" lon="139.0325488888889">
<ele>145</ele>
</trkpt>
<trkpt lat="36.459" lon="139.0325588888889">
<ele>145</ele>
</trkpt>
<trkpt lat="36.459043888888885" lon="139.0325711111111">
<ele>145</ele>
</trkpt>
<trkpt lat="36.459088055555554" lon="139.0325811111111">
<ele>145</ele>
</trkpt>
<trkpt lat="36.459131944444444" lon="139.03259194444445">
<ele>145</ele>
</trkpt>
<trkpt lat="36.45917611111111" lon="139.03260305555557">
<ele>145</ele>
</trkpt>
<trkpt lat="36.45922111111111" lon="139.03261388888887">
<ele>145</ele>
</trkpt>
<trkpt lat="36.45926388888889" lon="139.032625">
<ele>145</ele>
</trkpt>
<trkpt lat="36.459291944444445" lon="139.03263194444443">
<ele>145</ele>
</trkpt>
<trkpt lat="36.459336944444445" lon="139.0326288888889">
<ele>145</ele>
</trkpt>
<trkpt lat="36.459381944444445" lon="139.0326261111111">
<ele>145</ele>
</trkpt>
<trkpt lat="36.459426111111114" lon="139.03262194444446">
<ele>145</ele>
</trkpt>
<trkpt lat="36.459471111111114" lon="139.0326188888889">
<ele>145</ele>
</trkpt>
<trkpt lat="36.459516111111114" lon="139.0326161111111">
<ele>145</ele>
</trkpt>
<trkpt lat="36.459561111111114" lon="139.03261305555554">
<ele>145</ele>
</trkpt>
<trkpt lat="36.459606111111114" lon="139.03261">
<ele>145</ele>
</trkpt>
<trkpt lat="36.459651111111114" lon="139.0326061111111">
<ele>145</ele>
</trkpt>
<trkpt lat="36.459696111111114" lon="139.03260305555557">
<ele>145</ele>
</trkpt>
<trkpt lat="36.45974" lon="139.0326">
<ele>145</ele>
</trkpt>
<trkpt lat="36.459761944444445" lon="139.03259888888888">
<ele>145</ele>
</trkpt>
<trkpt lat="36.45980388888889" lon="139.0326188888889">
<ele>145</ele>
</trkpt>
<trkpt lat="36.45984611111111" lon="139.0326388888889">
<ele>145</ele>
</trkpt>
<trkpt lat="36.45988805555555" lon="139.03265888888888">
<ele>145</ele>
</trkpt>
<trkpt lat="36.45992888888889" lon="139.03267888888888">
<ele>145</ele>
</trkpt>
<trkpt lat="36.45997111111111" lon="139.0327">
<ele>145</ele>
</trkpt>
<trkpt lat="36.46001305555556" lon="139.03272">
<ele>145</ele>
</trkpt>
<trkpt lat="36.460055" lon="139.03274">
<ele>145</ele>
</trkpt>
<trkpt lat="36.460096944444444" lon="139.03276">
<ele>145</ele>
</trkpt>
<trkpt lat="36.46013888888889" lon="139.03278111111112">
<ele>145</ele>
</trkpt>
<trkpt lat="36.46018111111111" lon="139.0328011111111">
<ele>145</ele>
</trkpt>
<trkpt lat="36.460211111111114" lon="139.03281611111112">
<ele>145</ele>
</trkpt>
<trkpt lat="36.460256111111114" lon="139.03282388888888">
<ele>145</ele>
</trkpt>
<trkpt lat="36.4603" lon="139.03283194444444">
<ele>145</ele>
</trkpt>
<trkpt lat="36.460345" lon="139.0328411111111">
<ele>145</ele>
</trkpt>
<trkpt lat="36.460388888888886" lon="139.03284888888888">
<ele>145</ele>
</trkpt>
<trkpt lat="36.460433888888886" lon="139.03285694444443">
<ele>145</ele>
</trkpt>
<trkpt lat="36.460478055555555" lon="139.032865">
<ele>145</ele>
</trkpt>
<trkpt lat="36.46048" lon="139.0328661111111">
<ele>145</ele>
</trkpt>
<trkpt lat="36.46051305555556" lon="139.03290305555555">
<ele>145</ele>
</trkpt>
<trkpt lat="36.460546944444445" lon="139.03294">
<ele>145</ele>
</trkpt>
<trkpt lat="36.46058" lon="139.03297805555556">
<ele>145</ele>
</trkpt>
<trkpt lat="36.460613888888886" lon="139.033015">
<ele>144</ele>
</trkpt>
<trkpt lat="36.46064694444444" lon="139.03305194444445">
<ele>144</ele>
</trkpt>
<trkpt lat="36.460681111111114" lon="139.0330888888889">
<ele>143</ele>
</trkpt>
<trkpt lat="36.46071388888889" lon="139.03312694444443">
<ele>143</ele>
</trkpt>
<trkpt lat="36.460748055555555" lon="139.03316388888888">
<ele>143</ele>
</trkpt>
<trkpt lat="36.46078111111111" lon="139.0332011111111">
<ele>144</ele>
</trkpt>
<trkpt lat="36.460813888888886" lon="139.03323805555556">
<ele>144</ele>
</trkpt>
<trkpt lat="36.46084805555556" lon="139.03327611111112">
<ele>144</ele>
</trkpt>
<trkpt lat="36.460881111111114" lon="139.03331305555557">
<ele>144</ele>
</trkpt>
<trkpt lat="36.460915" lon="139.03335">
<ele>144</ele>
</trkpt>
<trkpt lat="36.460948055555555" lon="139.03338805555555">
<ele>144</ele>
</trkpt>
<trkpt lat="36.46098194444444" lon="139.033425">
<ele>144</ele>
</trkpt>
<trkpt lat="36.460996944444446" lon="139.03344194444443">
<ele>144</ele>
</trkpt>
<trkpt lat="36.461038055555555" lon="139.0334638888889">
<ele>144</ele>
</trkpt>
<trkpt lat="36.46107888888889" lon="139.03348805555555">
<ele>144</ele>
</trkpt>
<trkpt lat="36.46112" lon="139.03351">
<ele>144</ele>
</trkpt>
<trkpt lat="36.46113111111111" lon="139.03351694444444">
<ele>144</ele>
</trkpt>
<trkpt lat="36.46117611111111" lon="139.03351111111112">
<ele>144</ele>
</trkpt>
<trkpt lat="36.46122111111111" lon="139.0335061111111">
<ele>144</ele>
</trkpt>
<trkpt lat="36.461265" lon="139.0335">
<ele>144</ele>
</trkpt>
<trkpt lat="36.46131" lon="139.033495">
<ele>144</ele>
</trkpt>
<trkpt lat="36.46135388888889" lon="139.03348888888888">
<ele>143</ele>
</trkpt>
<trkpt lat="36.46139888888889" lon="139.0334838888889">
<ele>143</ele>
</trkpt>
<trkpt lat="36.46144388888889" lon="139.03347805555555">
<ele>143</ele>
</trkpt>
<trkpt lat="36.46148888888889" lon="139.03347305555556">
<ele>144</ele>
</trkpt>
<trkpt lat="36.461533055555556" lon="139.03346694444446">
<ele>144</ele>
</trkpt>
<trkpt lat="36.461578055555556" lon="139.03346194444444">
<ele>144</ele>
</trkpt>
<trkpt lat="36.461623055555556" lon="139.03345611111112">
<ele>144</ele>
</trkpt>
<trkpt lat="36.461668055555556" lon="139.0334511111111">
<ele>144</ele>
</trkpt>
<trkpt lat="36.461675" lon="139.03345">
<ele>144</ele>
</trkpt>
<trkpt lat="36.46171805555556" lon="139.03346611111112">
<ele>144</ele>
</trkpt>
<trkpt lat="36.46176111111111" lon="139.03348111111112">
<ele>144</ele>
</trkpt>
<trkpt lat="36.46178888888889" lon="139.03349194444445">
<ele>144</ele>
</trkpt>
<trkpt lat="36.46182" lon="139.03353194444443">
<ele>144</ele>
</trkpt>
<trkpt lat="36.46185111111111" lon="139.03357194444445">
<ele>144</ele>
</trkpt>
<trkpt lat="36.46188194444444" lon="139.03361305555555">
<ele>144</ele>
</trkpt>
<trkpt lat="36.461913055555556" lon="139.03365305555556">
<ele>144</ele>
</trkpt>
<trkpt lat="36.46194388888889" lon="139.03369388888888">
<ele>144</ele>
</trkpt>
<trkpt lat="36.461975" lon="139.0337338888889">
<ele>144</ele>
</trkpt>
<trkpt lat="36.46200611111111" lon="139.0337738888889">
<ele>144</ele>
</trkpt>
<trkpt lat="36.46203694444444" lon="139.033815">
<ele>144</ele>
</trkpt>
<trkpt lat="36.462068055555555" lon="139.033855">
<ele>144</ele>
</trkpt>
<trkpt lat="36.46209888888889" lon="139.03389611111112">
<ele>144</ele>
</trkpt>
<trkpt lat="36.46213" lon="139.0339361111111">
<ele>144</ele>
</trkpt>
<trkpt lat="36.46216111111111" lon="139.03397694444445">
<ele>144</ele>
</trkpt>
<trkpt lat="36.46219194444444" lon="139.03401694444443">
<ele>144</ele>
</trkpt>
<trkpt lat="36.462205" lon="139.0340338888889">
<ele>144</ele>
</trkpt>
<trkpt lat="36.462228055555556" lon="139.03408194444444">
<ele>144</ele>
</trkpt>
<trkpt lat="36.46225111111111" lon="139.03413">
<ele>144</ele>
</trkpt>
<trkpt lat="36.46227388888889" lon="139.03417805555554">
<ele>144</ele>
</trkpt>
<trkpt lat="36.46229694444445" lon="139.0342261111111">
<ele>144</ele>
</trkpt>
<trkpt lat="36.46232" lon="139.0342738888889">
<ele>144</ele>
</trkpt>
<trkpt lat="36.46234305555556" lon="139.03432194444446">
<ele>144</ele>
</trkpt>
<trkpt lat="36.46236611111111" lon="139.03437">
<ele>144</ele>
</trkpt>
<trkpt lat="36.46238888888889" lon="139.03441805555556">
<ele>144</ele>
</trkpt>
<trkpt lat="36.46239305555556" lon="139.03442611111112">
<ele>144</ele>
</trkpt>
<trkpt lat="36.46243" lon="139.03445805555555">
<ele>143</ele>
</trkpt>
<trkpt lat="36.462468055555554" lon="139.03448805555556">
<ele>143</ele>
</trkpt>
<trkpt lat="36.462505" lon="139.0345188888889">
<ele>143</ele>
</trkpt>
<trkpt lat="36.46253388888889" lon="139.03454305555556">
<ele>143</ele>
</trkpt>
<trkpt lat="36.46257888888889" lon="139.03454805555555">
<ele>144</ele>
</trkpt>
<trkpt lat="36.462623055555554" lon="139.03455305555556">
<ele>144</ele>
</trkpt>
<trkpt lat="36.462668055555554" lon="139.03455805555555">
<ele>143</ele>
</trkpt>
<trkpt lat="36.462713055555554" lon="139.03456305555557">
<ele>143</ele>
</trkpt>
<trkpt lat="36.462758055555554" lon="139.03456888888888">
<ele>143</ele>
</trkpt>
<trkpt lat="36.46280194444444" lon="139.0345738888889">
<ele>143</ele>
</trkpt>
<trkpt lat="36.462828888888886" lon="139.03457694444444">
<ele>143</ele>
</trkpt>
<trkpt lat="36.46287111111111" lon="139.0345961111111">
<ele>143</ele>
</trkpt>
<trkpt lat="36.46291305555555" lon="139.03461611111112">
<ele>144</ele>
</trkpt>
<trkpt lat="36.462955" lon="139.0346361111111">
<ele>144</ele>
</trkpt>
<trkpt lat="36.46299805555556" lon="139.0346561111111">
<ele>144</ele>
</trkpt>
<trkpt lat="36.46303888888889" lon="139.034675">
<ele>144</ele>
</trkpt>
<trkpt lat="36.46308111111111" lon="139.034695">
<ele>144</ele>
</trkpt>
<trkpt lat="36.463123055555556" lon="139.034715">
<ele>144</ele>
</trkpt>
<trkpt lat="36.463166111111114" lon="139.0347338888889">
<ele>144</ele>
</trkpt>
<trkpt lat="36.463185" lon="139.0347438888889">
<ele>144</ele>
</trkpt>
<trkpt lat="36.46323" lon="139.03475111111112">
<ele>145</ele>
</trkpt>
<trkpt lat="36.46327388888889" lon="139.03475805555556">
<ele>145</ele>
</trkpt>
<trkpt lat="36.46331888888889" lon="139.03476388888888">
<ele>145</ele>
</trkpt>
<trkpt lat="36.463363055555554" lon="139.0347711111111">
<ele>145</ele>
</trkpt>
<trkpt lat="36.463408055555554" lon="139.03477805555556">
<ele>145</ele>
</trkpt>
<trkpt lat="36.463451944444444" lon="139.03478611111112">
<ele>146</ele>
</trkpt>
<trkpt lat="36.463496944444444" lon="139.03479194444444">
<ele>146</ele>
</trkpt>
<trkpt lat="36.463541944444444" lon="139.0347988888889">
<ele>146</ele>
</trkpt>
<trkpt lat="36.46358611111111" lon="139.03480611111112">
<ele>146</ele>
</trkpt>
<trkpt lat="36.46363111111111" lon="139.03481305555556">
<ele>146</ele>
</trkpt>
<trkpt lat="36.463675" lon="139.03482">
<ele>147</ele>
</trkpt>
<trkpt lat="36.46372" lon="139.03482694444443">
<ele>147</ele>
</trkpt>
<trkpt lat="36.46376388888889" lon="139.0348338888889">
<ele>147</ele>
</trkpt>
<trkpt lat="36.46380888888889" lon="139.03484111111112">
<ele>147</ele>
</trkpt>
<trkpt lat="36.46385305555555" lon="139.03484805555556">
<ele>147</ele>
</trkpt>
<trkpt lat="36.46389805555555" lon="139.034855">
<ele>147</ele>
</trkpt>
<trkpt lat="36.46394194444444" lon="139.03486194444446">
<ele>147</ele>
</trkpt>
<trkpt lat="36.46398388888889" lon="139.0348688888889">
<ele>147</ele>
</trkpt>
<trkpt lat="36.46402888888889" lon="139.03486388888888">
<ele>148</ele>
</trkpt>
<trkpt lat="36.46407305555555" lon="139.0348588888889">
<ele>148</ele>
</trkpt>
<trkpt lat="36.46411805555555" lon="139.034855">
<ele>148</ele>
</trkpt>
<trkpt lat="36.46416305555555" lon="139.03485">
<ele>148</ele>
</trkpt>
<trkpt lat="36.46420805555555" lon="139.034845">
<ele>148</ele>
</trkpt>
<trkpt lat="36.46425194444444" lon="139.03484111111112">
<ele>148</ele>
</trkpt>
<trkpt lat="36.46429694444444" lon="139.0348361111111">
<ele>148</ele>
</trkpt>
<trkpt lat="36.46434194444444" lon="139.03483111111112">
<ele>149</ele>
</trkpt>
<trkpt lat="36.46438694444444" lon="139.0348261111111">
<ele>149</ele>
</trkpt>
<trkpt lat="36.46443111111111" lon="139.03482194444445">
<ele>149</ele>
</trkpt>
<trkpt lat="36.46446" lon="139.03481888888888">
<ele>149</ele>
</trkpt>
<trkpt lat="36.46449694444444" lon="139.03478611111112">
<ele>149</ele>
</trkpt>
<trkpt lat="36.46453388888889" lon="139.0347538888889">
<ele>149</ele>
</trkpt>
<trkpt lat="36.46457111111111" lon="139.03472194444444">
<ele>149</ele>
</trkpt>
<trkpt lat="36.46460694444445" lon="139.03469">
<ele>149</ele>
</trkpt>
<trkpt lat="36.464641944444445" lon="139.03466">
<ele>150</ele>
</trkpt>
<trkpt lat="36.464686111111114" lon="139.034655">
<ele>150</ele>
</trkpt>
<trkpt lat="36.464731111111114" lon="139.03465111111112">
<ele>150</ele>
</trkpt>
<trkpt lat="36.464776111111114" lon="139.0346461111111">
<ele>150</ele>
</trkpt>
<trkpt lat="36.464821111111114" lon="139.0346411111111">
<ele>150</ele>
</trkpt>
<trkpt lat="36.464865" lon="139.0346361111111">
<ele>150</ele>
</trkpt>
<trkpt lat="36.46487611111111" lon="139.034635">
<ele>150</ele>
</trkpt>
<trkpt lat="36.46494805555555" lon="139.03459305555555">
<ele>149</ele>
</trkpt>
<trkpt lat="36.46501888888889" lon="139.0345511111111">
<ele>150</ele>
</trkpt>
<trkpt lat="36.465088888888886" lon="139.0345088888889">
<ele>150</ele>
</trkpt>
<trkpt lat="36.46516111111111" lon="139.0344661111111">
<ele>150</ele>
</trkpt>
<trkpt lat="36.46523111111111" lon="139.03442388888888">
<ele>149</ele>
</trkpt>
<trkpt lat="36.46530194444444" lon="139.03438194444445">
<ele>149</ele>
</trkpt>
<trkpt lat="36.46537388888889" lon="139.03434">
<ele>149</ele>
</trkpt>
<trkpt lat="36.46544388888889" lon="139.03429805555555">
<ele>149</ele>
</trkpt>
<trkpt lat="36.465516111111114" lon="139.03425611111112">
<ele>149</ele>
</trkpt>
<trkpt lat="36.46558611111111" lon="139.03421305555557">
<ele>149</ele>
</trkpt>
<trkpt lat="36.46565805555556" lon="139.0341711111111">
<ele>149</ele>
</trkpt>
<trkpt lat="36.46572888888889" lon="139.0341288888889">
<ele>149</ele>
</trkpt>
<trkpt lat="36.46579888888889" lon="139.03408694444445">
<ele>149</ele>
</trkpt>
<trkpt lat="36.46587111111111" lon="139.034045">
<ele>149</ele>
</trkpt>
<trkpt lat="36.465941944444445" lon="139.03400194444444">
<ele>149</ele>
</trkpt>
<trkpt lat="36.466011944444446" lon="139.03396">
<ele>149</ele>
</trkpt>
<trkpt lat="36.46608388888889" lon="139.03391805555555">
<ele>149</ele>
</trkpt>
<trkpt lat="36.46615388888889" lon="139.0338761111111">
<ele>149</ele>
</trkpt>
<trkpt lat="36.46622611111111" lon="139.0338338888889">
<ele>149</ele>
</trkpt>
<trkpt lat="36.466265" lon="139.033805">
<ele>150</ele>
</trkpt>
<trkpt lat="36.46630388888889" lon="139.03377694444444">
<ele>149</ele>
</trkpt>
<trkpt lat="36.466343055555555" lon="139.03374805555555">
<ele>149</ele>
</trkpt>
<trkpt lat="36.46638194444444" lon="139.03372">
<ele>149</ele>
</trkpt>
<trkpt lat="36.46642194444444" lon="139.03369111111112">
<ele>149</ele>
</trkpt>
<trkpt lat="36.46646111111111" lon="139.03366194444445">
<ele>149</ele>
</trkpt>
<trkpt lat="36.4665" lon="139.0336338888889">
<ele>149</ele>
</trkpt>
<trkpt lat="36.46653888888889" lon="139.033605">
<ele>149</ele>
</trkpt>
<trkpt lat="36.46657805555556" lon="139.03357694444443">
<ele>149</ele>
</trkpt>
<trkpt lat="36.46661805555556" lon="139.03354805555554">
<ele>149</ele>
</trkpt>
<trkpt lat="36.466656944444445" lon="139.03352">
<ele>149</ele>
</trkpt>
<trkpt lat="36.46669611111111" lon="139.03349111111112">
<ele>149</ele>
</trkpt>
<trkpt lat="36.466735" lon="139.03346305555556">
<ele>149</ele>
</trkpt>
<trkpt lat="36.46677388888889" lon="139.03343388888888">
<ele>149</ele>
</trkpt>
<trkpt lat="36.466813888888886" lon="139.0334061111111">
<ele>149</ele>
</trkpt>
<trkpt lat="36.46685305555555" lon="139.03337694444446">
<ele>149</ele>
</trkpt>
<trkpt lat="36.46689194444444" lon="139.03334805555556">
<ele>149</ele>
</trkpt>
<trkpt lat="36.46693111111111" lon="139.03332">
<ele>149</ele>
</trkpt>
<trkpt lat="36.466971111111114" lon="139.0332911111111">
<ele>149</ele>
</trkpt>
<trkpt lat="36.46709388888889" lon="139.03316611111111">
<ele>149</ele>
</trkpt>
<trkpt lat="36.467218055555556" lon="139.03304111111112">
<ele>149</ele>
</trkpt>
<trkpt lat="36.46734111111111" lon="139.03291611111112">
<ele>149</ele>
</trkpt>
<trkpt lat="36.467465" lon="139.03279111111112">
<ele>150</ele>
</trkpt>
<trkpt lat="36.46758888888889" lon="139.032665">
<ele>150</ele>
</trkpt>
<trkpt lat="36.467711944444446" lon="139.03254">
<ele>150</ele>
</trkpt>
<trkpt lat="36.46783611111111" lon="139.032415">
<ele>150</ele>
</trkpt>
<trkpt lat="36.46796" lon="139.03229">
<ele>150</ele>
</trkpt>
<trkpt lat="36.46808305555555" lon="139.032165">
<ele>150</ele>
</trkpt>
<trkpt lat="36.46820694444445" lon="139.03203888888888">
<ele>150</ele>
</trkpt>
<trkpt lat="36.46833111111111" lon="139.03191388888888">
<ele>149</ele>
</trkpt>
<trkpt lat="36.46845388888889" lon="139.03178888888888">
<ele>150</ele>
</trkpt>
<trkpt lat="36.468578055555554" lon="139.0316638888889">
<ele>150</ele>
</trkpt>
<trkpt lat="36.46870111111111" lon="139.0315388888889">
<ele>150</ele>
</trkpt>
<trkpt lat="36.468825" lon="139.0314138888889">
<ele>150</ele>
</trkpt>
<trkpt lat="36.46894888888889" lon="139.03128805555556">
<ele>150</ele>
</trkpt>
<trkpt lat="36.469071944444444" lon="139.03116305555557">
<ele>150</ele>
</trkpt>
<trkpt lat="36.46919611111111" lon="139.03103805555557">
<ele>150</ele>
</trkpt>
<trkpt lat="36.46932" lon="139.03091305555554">
<ele>150</ele>
</trkpt>
<trkpt lat="36.46935611111111" lon="139.03088">
<ele>150</ele>
</trkpt>
<trkpt lat="36.46939305555556" lon="139.03084805555557">
<ele>150</ele>
</trkpt>
<trkpt lat="36.46942888888889" lon="139.0308161111111">
<ele>150</ele>
</trkpt>
<trkpt lat="36.46946611111111" lon="139.03078305555556">
<ele>150</ele>
</trkpt>
<trkpt lat="36.469503055555556" lon="139.0307511111111">
<ele>150</ele>
</trkpt>
<trkpt lat="36.46953888888889" lon="139.03071888888888">
<ele>150</ele>
</trkpt>
<trkpt lat="36.46957611111111" lon="139.03068611111112">
<ele>150</ele>
</trkpt>
<trkpt lat="36.469613055555556" lon="139.03065388888888">
<ele>150</ele>
</trkpt>
<trkpt lat="36.46964888888889" lon="139.03062194444445">
<ele>150</ele>
</trkpt>
<trkpt lat="36.46968611111111" lon="139.0305888888889">
<ele>150</ele>
</trkpt>
<trkpt lat="36.469721944444444" lon="139.03055694444444">
<ele>150</ele>
</trkpt>
<trkpt lat="36.46975888888889" lon="139.030525">
<ele>150</ele>
</trkpt>
<trkpt lat="36.46978305555555" lon="139.0305038888889">
<ele>150</ele>
</trkpt>
<trkpt lat="36.46987194444444" lon="139.03044111111112">
<ele>150</ele>
</trkpt>
<trkpt lat="36.46996111111111" lon="139.0303788888889">
<ele>150</ele>
</trkpt>
<trkpt lat="36.47005" lon="139.03031694444445">
<ele>151</ele>
</trkpt>
<trkpt lat="36.47013888888889" lon="139.0302538888889">
<ele>151</ele>
</trkpt>
<trkpt lat="36.47022805555556" lon="139.03019194444445">
<ele>151</ele>
</trkpt>
<trkpt lat="36.47031694444444" lon="139.0301288888889">
<ele>151</ele>
</trkpt>
<trkpt lat="36.47040611111111" lon="139.03006694444446">
<ele>151</ele>
</trkpt>
<trkpt lat="36.470495" lon="139.030005">
<ele>151</ele>
</trkpt>
<trkpt lat="36.47058388888889" lon="139.02994194444443">
<ele>151</ele>
</trkpt>
<trkpt lat="36.47067305555556" lon="139.02988">
<ele>152</ele>
</trkpt>
<trkpt lat="36.47076194444445" lon="139.02981805555555">
<ele>152</ele>
</trkpt>
<trkpt lat="36.47085111111111" lon="139.029755">
<ele>153</ele>
</trkpt>
<trkpt lat="36.47094" lon="139.02969305555555">
<ele>153</ele>
</trkpt>
<trkpt lat="36.47102888888889" lon="139.02963111111112">
<ele>153</ele>
</trkpt>
<trkpt lat="36.47111805555556" lon="139.02956805555556">
<ele>152</ele>
</trkpt>
<trkpt lat="36.47120694444445" lon="139.02950611111112">
<ele>154</ele>
</trkpt>
<trkpt lat="36.47129611111111" lon="139.02944305555556">
<ele>155</ele>
</trkpt>
<trkpt lat="36.471385" lon="139.02938111111112">
<ele>155</ele>
</trkpt>
<trkpt lat="36.47147388888889" lon="139.0293188888889">
<ele>155</ele>
</trkpt>
<trkpt lat="36.471525" lon="139.029285">
<ele>155</ele>
</trkpt>
<trkpt lat="36.471575" lon="139.02925194444444">
<ele>155</ele>
</trkpt>
<trkpt lat="36.471626111111114" lon="139.0292188888889">
<ele>155</ele>
</trkpt>
<trkpt lat="36.47167611111111" lon="139.029185">
<ele>155</ele>
</trkpt>
<trkpt lat="36.47172694444444" lon="139.02915194444444">
<ele>155</ele>
</trkpt>
<trkpt lat="36.47177694444444" lon="139.02911805555556">
<ele>155</ele>
</trkpt>
<trkpt lat="36.471828055555555" lon="139.029085">
<ele>155</ele>
</trkpt>
<trkpt lat="36.47187805555556" lon="139.02905194444443">
<ele>155</ele>
</trkpt>
<trkpt lat="36.47192888888889" lon="139.02901805555555">
<ele>155</ele>
</trkpt>
<trkpt lat="36.47197888888889" lon="139.028985">
<ele>155</ele>
</trkpt>
<trkpt lat="36.47203" lon="139.0289511111111">
<ele>155</ele>
</trkpt>
<trkpt lat="36.47208" lon="139.02891805555555">
<ele>155</ele>
</trkpt>
<trkpt lat="36.47213111111111" lon="139.028885">
<ele>155</ele>
</trkpt>
<trkpt lat="36.47218111111111" lon="139.02885111111112">
<ele>155</ele>
</trkpt>
<trkpt lat="36.472231944444445" lon="139.02881805555555">
<ele>155</ele>
</trkpt>
<trkpt lat="36.47228194444445" lon="139.02878388888888">
<ele>155</ele>
</trkpt>
<trkpt lat="36.47233305555555" lon="139.02875111111112">
<ele>155</ele>
</trkpt>
<trkpt lat="36.472383055555554" lon="139.02871805555554">
<ele>155</ele>
</trkpt>
<trkpt lat="36.47243388888889" lon="139.02868388888888">
<ele>155</ele>
</trkpt>
<trkpt lat="36.47247" lon="139.02865111111112">
<ele>155</ele>
</trkpt>
<trkpt lat="36.47250611111111" lon="139.02861805555557">
<ele>155</ele>
</trkpt>
<trkpt lat="36.472541944444444" lon="139.028585">
<ele>155</ele>
</trkpt>
<trkpt lat="36.47257888888889" lon="139.02855194444444">
<ele>155</ele>
</trkpt>
<trkpt lat="36.472615" lon="139.0285188888889">
<ele>155</ele>
</trkpt>
<trkpt lat="36.47265111111111" lon="139.0284861111111">
<ele>155</ele>
</trkpt>
<trkpt lat="36.47268805555556" lon="139.0284538888889">
<ele>154</ele>
</trkpt>
<trkpt lat="36.47270888888889" lon="139.02843388888888">
<ele>155</ele>
</trkpt>
<trkpt lat="36.472746111111114" lon="139.02839">
<ele>155</ele>
</trkpt>
<trkpt lat="36.47278305555555" lon="139.02834611111112">
<ele>154</ele>
</trkpt>
<trkpt lat="36.47282" lon="139.02830194444445">
<ele>155</ele>
</trkpt>
<trkpt lat="36.472856944444445" lon="139.02825805555557">
<ele>155</ele>
</trkpt>
<trkpt lat="36.47289388888889" lon="139.0282138888889">
<ele>155</ele>
</trkpt>
<trkpt lat="36.47293111111111" lon="139.0281711111111">
<ele>155</ele>
</trkpt>
<trkpt lat="36.472968888888886" lon="139.0281261111111">
<ele>155</ele>
</trkpt>
<trkpt lat="36.47300611111111" lon="139.02808194444444">
<ele>155</ele>
</trkpt>
<trkpt lat="36.47304305555556" lon="139.0280388888889">
<ele>155</ele>
</trkpt>
<trkpt lat="36.47308" lon="139.027995">
<ele>155</ele>
</trkpt>
<trkpt lat="36.47311694444444" lon="139.02795111111112">
<ele>155</ele>
</trkpt>
<trkpt lat="36.47315388888889" lon="139.02790694444445">
<ele>155</ele>
</trkpt>
<trkpt lat="36.47319111111111" lon="139.02786305555554">
<ele>155</ele>
</trkpt>
<trkpt lat="36.47322805555556" lon="139.0278188888889">
<ele>155</ele>
</trkpt>
<trkpt lat="36.473265" lon="139.027775">
<ele>155</ele>
</trkpt>
<trkpt lat="36.473301944444444" lon="139.0277311111111">
<ele>155</ele>
</trkpt>
<trkpt lat="36.47333888888889" lon="139.02768694444444">
<ele>155</ele>
</trkpt>
<trkpt lat="36.473376944444446" lon="139.02764305555556">
<ele>155</ele>
</trkpt>
<trkpt lat="36.47341388888889" lon="139.0275988888889">
<ele>155</ele>
</trkpt>
<trkpt lat="36.47346388888889" lon="139.0275488888889">
<ele>155</ele>
</trkpt>
<trkpt lat="36.473515" lon="139.02749888888889">
<ele>155</ele>
</trkpt>
<trkpt lat="36.47356611111111" lon="139.0274488888889">
<ele>155</ele>
</trkpt>
<trkpt lat="36.473616944444444" lon="139.02739888888888">
<ele>155</ele>
</trkpt>
<trkpt lat="36.47366805555556" lon="139.0273488888889">
<ele>154</ele>
</trkpt>
<trkpt lat="36.47371888888889" lon="139.02729888888888">
<ele>155</ele>
</trkpt>
<trkpt lat="36.47377" lon="139.0272488888889">
<ele>155</ele>
</trkpt>
<trkpt lat="36.473821111111114" lon="139.02719888888888">
<ele>155</ele>
</trkpt>
<trkpt lat="36.47387111111111" lon="139.0271488888889">
<ele>155</ele>
</trkpt>
<trkpt lat="36.47392194444444" lon="139.0270988888889">
<ele>155</ele>
</trkpt>
<trkpt lat="36.473973055555554" lon="139.02704888888888">
<ele>155</ele>
</trkpt>
<trkpt lat="36.47402388888889" lon="139.0269988888889">
<ele>155</ele>
</trkpt>
<trkpt lat="36.474075" lon="139.02694805555555">
<ele>155</ele>
</trkpt>
<trkpt lat="36.47412611111111" lon="139.02689805555556">
<ele>154</ele>
</trkpt>
<trkpt lat="36.474176944444444" lon="139.02684805555555">
<ele>155</ele>
</trkpt>
<trkpt lat="36.47422805555556" lon="139.02679805555556">
<ele>154</ele>
</trkpt>
<trkpt lat="36.47427805555556" lon="139.02674805555554">
<ele>155</ele>
</trkpt>
<trkpt lat="36.47432888888889" lon="139.02669805555556">
<ele>155</ele>
</trkpt>
<trkpt lat="36.47438" lon="139.02664805555557">
<ele>155</ele>
</trkpt>
<trkpt lat="36.47443388888889" lon="139.0265861111111">
<ele>155</ele>
</trkpt>
<trkpt lat="36.47448888888889" lon="139.026525">
<ele>155</ele>
</trkpt>
<trkpt lat="36.47454305555556" lon="139.02646305555555">
<ele>155</ele>
</trkpt>
<trkpt lat="36.47459805555555" lon="139.02640194444444">
<ele>155</ele>
</trkpt>
<trkpt lat="36.474651944444446" lon="139.02634111111112">
<ele>155</ele>
</trkpt>
<trkpt lat="36.47470611111111" lon="139.0262788888889">
<ele>155</ele>
</trkpt>
<trkpt lat="36.474761111111114" lon="139.02621805555555">
<ele>155</ele>
</trkpt>
<trkpt lat="36.474815" lon="139.0261561111111">
<ele>155</ele>
</trkpt>
<trkpt lat="36.47487" lon="139.02609388888888">
<ele>155</ele>
</trkpt>
<trkpt lat="36.47492388888889" lon="139.02603305555556">
<ele>154</ele>
</trkpt>
<trkpt lat="36.47497805555555" lon="139.02597111111112">
<ele>155</ele>
</trkpt>
<trkpt lat="36.475033055555556" lon="139.02591">
<ele>154</ele>
</trkpt>
<trkpt lat="36.47508694444444" lon="139.0258488888889">
<ele>155</ele>
</trkpt>
<trkpt lat="36.475141944444445" lon="139.02578694444443">
<ele>154</ele>
</trkpt>
<trkpt lat="36.47519611111111" lon="139.0257261111111">
<ele>155</ele>
</trkpt>
<trkpt lat="36.47525" lon="139.0256638888889">
<ele>155</ele>
</trkpt>
<trkpt lat="36.475305" lon="139.02560194444445">
<ele>155</ele>
</trkpt>
<trkpt lat="36.47535888888889" lon="139.02554111111112">
<ele>155</ele>
</trkpt>
<trkpt lat="36.47541388888889" lon="139.0254788888889">
<ele>155</ele>
</trkpt>
<trkpt lat="36.475453055555555" lon="139.02543888888889">
<ele>155</ele>
</trkpt>
<trkpt lat="36.47549194444444" lon="139.0253988888889">
<ele>155</ele>
</trkpt>
<trkpt lat="36.47553111111111" lon="139.02535805555556">
<ele>155</ele>
</trkpt>
<trkpt lat="36.47557111111111" lon="139.02531805555554">
<ele>155</ele>
</trkpt>
<trkpt lat="36.47561" lon="139.02527805555556">
<ele>155</ele>
</trkpt>
<trkpt lat="36.47564888888889" lon="139.02523694444446">
<ele>155</ele>
</trkpt>
<trkpt lat="36.47568805555556" lon="139.02519694444445">
<ele>155</ele>
</trkpt>
<trkpt lat="36.475726944444446" lon="139.0251561111111">
<ele>155</ele>
</trkpt>
<trkpt lat="36.47576611111111" lon="139.02511611111112">
<ele>155</ele>
</trkpt>
<trkpt lat="36.47580611111111" lon="139.025075">
<ele>155</ele>
</trkpt>
<trkpt lat="36.475845" lon="139.025035">
<ele>155</ele>
</trkpt>
<trkpt lat="36.47588388888889" lon="139.0249938888889">
<ele>155</ele>
</trkpt>
<trkpt lat="36.475923055555555" lon="139.0249538888889">
<ele>155</ele>
</trkpt>
<trkpt lat="36.47596194444444" lon="139.02491388888888">
<ele>155</ele>
</trkpt>
<trkpt lat="36.47600194444444" lon="139.02487305555556">
<ele>156</ele>
</trkpt>
<trkpt lat="36.47604111111111" lon="139.02483305555555">
<ele>156</ele>
</trkpt>
<trkpt lat="36.47608" lon="139.02479194444444">
<ele>156</ele>
</trkpt>
<trkpt lat="36.47611888888889" lon="139.02475194444443">
<ele>157</ele>
</trkpt>
<trkpt lat="36.47615888888889" lon="139.02471194444445">
<ele>157</ele>
</trkpt>
<trkpt lat="36.47628611111111" lon="139.02459">
<ele>157</ele>
</trkpt>
<trkpt lat="36.476413055555554" lon="139.02446805555556">
<ele>158</ele>
</trkpt>
<trkpt lat="36.47654" lon="139.02434694444443">
<ele>158</ele>
</trkpt>
<trkpt lat="36.476666944444446" lon="139.024225">
<ele>157</ele>
</trkpt>
<trkpt lat="36.47679388888889" lon="139.02410305555554">
<ele>159</ele>
</trkpt>
<trkpt lat="36.47692111111111" lon="139.02398194444444">
<ele>159</ele>
</trkpt>
<trkpt lat="36.47704888888889" lon="139.02386">
<ele>159</ele>
</trkpt>
<trkpt lat="36.47717611111111" lon="139.02373805555555">
<ele>159</ele>
</trkpt>
<trkpt lat="36.47730305555555" lon="139.02361694444446">
<ele>159</ele>
</trkpt>
<trkpt lat="36.47743" lon="139.023495">
<ele>159</ele>
</trkpt>
<trkpt lat="36.477556944444444" lon="139.02337305555557">
<ele>158</ele>
</trkpt>
<trkpt lat="36.47768388888889" lon="139.02325194444444">
<ele>158</ele>
</trkpt>
<trkpt lat="36.47781194444445" lon="139.02313">
<ele>159</ele>
</trkpt>
<trkpt lat="36.477938888888886" lon="139.02300805555555">
<ele>159</ele>
</trkpt>
<trkpt lat="36.47806611111111" lon="139.02288694444445">
<ele>159</ele>
</trkpt>
<trkpt lat="36.47819305555556" lon="139.022765">
<ele>160</ele>
</trkpt>
<trkpt lat="36.47832" lon="139.02264305555556">
<ele>160</ele>
</trkpt>
<trkpt lat="36.47844694444444" lon="139.0225211111111">
<ele>160</ele>
</trkpt>
<trkpt lat="36.47857388888889" lon="139.0224">
<ele>160</ele>
</trkpt>
<trkpt lat="36.478606944444444" lon="139.0223611111111">
<ele>160</ele>
</trkpt>
<trkpt lat="36.47864" lon="139.02232305555555">
<ele>160</ele>
</trkpt>
<trkpt lat="36.47867194444444" lon="139.0222838888889">
<ele>160</ele>
</trkpt>
<trkpt lat="36.478705" lon="139.02224611111112">
<ele>160</ele>
</trkpt>
<trkpt lat="36.47873805555555" lon="139.02220805555555">
<ele>160</ele>
</trkpt>
<trkpt lat="36.47877" lon="139.0221688888889">
<ele>160</ele>
</trkpt>
<trkpt lat="36.47880194444444" lon="139.02213111111112">
<ele>160</ele>
</trkpt>
<trkpt lat="36.478835" lon="139.02209194444444">
<ele>160</ele>
</trkpt>
<trkpt lat="36.47886805555556" lon="139.02205388888888">
<ele>160</ele>
</trkpt>
<trkpt lat="36.4789" lon="139.022015">
<ele>160</ele>
</trkpt>
<trkpt lat="36.47893305555556" lon="139.02197694444445">
<ele>160</ele>
</trkpt>
<trkpt lat="36.47896611111111" lon="139.02193805555555">
<ele>160</ele>
</trkpt>
<trkpt lat="36.47899805555556" lon="139.0219">
<ele>160</ele>
</trkpt>
<trkpt lat="36.47903111111111" lon="139.02186194444445">
<ele>160</ele>
</trkpt>
<trkpt lat="36.47906305555556" lon="139.02182305555556">
<ele>160</ele>
</trkpt>
<trkpt lat="36.47909611111111" lon="139.021785">
<ele>160</ele>
</trkpt>
<trkpt lat="36.47911305555556" lon="139.0217638888889">
<ele>160</ele>
</trkpt>
<trkpt lat="36.479151944444446" lon="139.02173694444446">
<ele>160</ele>
</trkpt>
<trkpt lat="36.47919111111111" lon="139.0217088888889">
<ele>160</ele>
</trkpt>
<trkpt lat="36.47923" lon="139.02168111111112">
<ele>160</ele>
</trkpt>
<trkpt lat="36.47926888888889" lon="139.0216538888889">
<ele>160</ele>
</trkpt>
<trkpt lat="36.479308055555556" lon="139.02162611111112">
<ele>160</ele>
</trkpt>
<trkpt lat="36.47932388888889" lon="139.02161388888888">
<ele>160</ele>
</trkpt>
<trkpt lat="36.47936305555555" lon="139.0215861111111">
<ele>161</ele>
</trkpt>
<trkpt lat="36.47937388888889" lon="139.02157694444443">
<ele>161</ele>
</trkpt>
<trkpt lat="36.479395" lon="139.02152694444445">
<ele>161</ele>
</trkpt>
<trkpt lat="36.47940111111111" lon="139.02151">
<ele>161</ele>
</trkpt>
<trkpt lat="36.479416111111114" lon="139.02145694444445">
<ele>161</ele>
</trkpt>
<trkpt lat="36.47943" lon="139.0214038888889">
<ele>160</ele>
</trkpt>
<trkpt lat="36.479445" lon="139.0213511111111">
<ele>161</ele>
</trkpt>
<trkpt lat="36.47944805555556" lon="139.0213388888889">
<ele>161</ele>
</trkpt>
<trkpt lat="36.479483055555555" lon="139.02130305555556">
<ele>160</ele>
</trkpt>
<trkpt lat="36.47951694444444" lon="139.02126694444445">
<ele>160</ele>
</trkpt>
<trkpt lat="36.479548888888885" lon="139.0212338888889">
<ele>160</ele>
</trkpt>
<trkpt lat="36.479593055555554" lon="139.02122305555557">
<ele>161</ele>
</trkpt>
<trkpt lat="36.479636944444444" lon="139.02121194444445">
<ele>160</ele>
</trkpt>
<trkpt lat="36.47968111111111" lon="139.0212011111111">
<ele>161</ele>
</trkpt>
<trkpt lat="36.479725" lon="139.02119">
<ele>161</ele>
</trkpt>
<trkpt lat="36.47976888888889" lon="139.0211788888889">
<ele>161</ele>
</trkpt>
<trkpt lat="36.47981305555555" lon="139.02116805555556">
<ele>161</ele>
</trkpt>
<trkpt lat="36.47984805555556" lon="139.0211588888889">
<ele>161</ele>
</trkpt>
<trkpt lat="36.47989194444445" lon="139.0211688888889">
<ele>161</ele>
</trkpt>
<trkpt lat="36.479905" lon="139.02117194444443">
<ele>161</ele>
</trkpt>
<trkpt lat="36.47994305555556" lon="139.0212011111111">
<ele>161</ele>
</trkpt>
<trkpt lat="36.479955" lon="139.02120888888888">
<ele>161</ele>
</trkpt>
<trkpt lat="36.479978055555556" lon="139.02125805555556">
<ele>161</ele>
</trkpt>
<trkpt lat="36.48" lon="139.0213061111111">
<ele>161</ele>
</trkpt>
<trkpt lat="36.480021944444445" lon="139.021355">
<ele>161</ele>
</trkpt>
<trkpt lat="36.480045" lon="139.02140305555557">
<ele>161</ele>
</trkpt>
<trkpt lat="36.48005611111111" lon="139.0214261111111">
<ele>161</ele>
</trkpt>
<trkpt lat="36.48009305555556" lon="139.02145694444445">
<ele>161</ele>
</trkpt>
<trkpt lat="36.48013111111111" lon="139.02148805555555">
<ele>161</ele>
</trkpt>
<trkpt lat="36.48014305555556" lon="139.02149805555555">
<ele>161</ele>
</trkpt>
<trkpt lat="36.48018694444445" lon="139.02148805555555">
<ele>161</ele>
</trkpt>
<trkpt lat="36.48023111111111" lon="139.02147805555555">
<ele>161</ele>
</trkpt>
<trkpt lat="36.48027611111111" lon="139.02146805555554">
<ele>161</ele>
</trkpt>
<trkpt lat="36.480311111111114" lon="139.02146">
<ele>161</ele>
</trkpt>
<trkpt lat="36.48035" lon="139.02143305555555">
<ele>162</ele>
</trkpt>
<trkpt lat="36.48039" lon="139.02140694444444">
<ele>162</ele>
</trkpt>
<trkpt lat="36.48042888888889" lon="139.0213811111111">
<ele>162</ele>
</trkpt>
<trkpt lat="36.480468888888886" lon="139.02135388888888">
<ele>162</ele>
</trkpt>
<trkpt lat="36.48050888888889" lon="139.02132805555556">
<ele>162</ele>
</trkpt>
<trkpt lat="36.48054805555556" lon="139.02130111111111">
<ele>162</ele>
</trkpt>
<trkpt lat="36.48058805555556" lon="139.021275">
<ele>162</ele>
</trkpt>
<trkpt lat="36.480626944444445" lon="139.02124805555556">
<ele>162</ele>
</trkpt>
<trkpt lat="36.480666944444444" lon="139.02122194444445">
<ele>163</ele>
</trkpt>
<trkpt lat="36.48070611111111" lon="139.021195">
<ele>163</ele>
</trkpt>
<trkpt lat="36.48074611111111" lon="139.0211688888889">
<ele>163</ele>
</trkpt>
<trkpt lat="36.480785" lon="139.02114194444445">
<ele>163</ele>
</trkpt>
<trkpt lat="36.480825" lon="139.0211161111111">
<ele>163</ele>
</trkpt>
<trkpt lat="36.48086388888889" lon="139.02109">
<ele>163</ele>
</trkpt>
<trkpt lat="36.48089111111111" lon="139.02107194444446">
<ele>164</ele>
</trkpt>
<trkpt lat="36.48093388888889" lon="139.0210461111111">
<ele>164</ele>
</trkpt>
<trkpt lat="36.48097805555555" lon="139.02101888888888">
<ele>164</ele>
</trkpt>
<trkpt lat="36.48102111111111" lon="139.02099305555555">
<ele>164</ele>
</trkpt>
<trkpt lat="36.48106388888889" lon="139.0209661111111">
<ele>164</ele>
</trkpt>
<trkpt lat="36.48110805555555" lon="139.02094">
<ele>164</ele>
</trkpt>
<trkpt lat="36.48115111111111" lon="139.02091388888888">
<ele>164</ele>
</trkpt>
<trkpt lat="36.48119388888889" lon="139.02088694444444">
<ele>164</ele>
</trkpt>
<trkpt lat="36.48123694444445" lon="139.02086111111112">
<ele>164</ele>
</trkpt>
<trkpt lat="36.48128111111111" lon="139.020835">
<ele>165</ele>
</trkpt>
<trkpt lat="36.48132388888889" lon="139.02080805555556">
<ele>165</ele>
</trkpt>
<trkpt lat="36.481366944444446" lon="139.02078194444445">
<ele>165</ele>
</trkpt>
<trkpt lat="36.48141" lon="139.0207561111111">
<ele>165</ele>
</trkpt>
<trkpt lat="36.481453888888886" lon="139.0207288888889">
<ele>165</ele>
</trkpt>
<trkpt lat="36.481496944444444" lon="139.02070305555554">
<ele>165</ele>
</trkpt>
<trkpt lat="36.48154" lon="139.0206761111111">
<ele>165</ele>
</trkpt>
<trkpt lat="36.481583055555554" lon="139.02065">
<ele>165</ele>
</trkpt>
<trkpt lat="36.48162694444444" lon="139.02062388888888">
<ele>165</ele>
</trkpt>
<trkpt lat="36.48167" lon="139.02059805555555">
<ele>165</ele>
</trkpt>
<trkpt lat="36.48171305555555" lon="139.0205711111111">
<ele>165</ele>
</trkpt>
<trkpt lat="36.48176111111111" lon="139.0205161111111">
<ele>165</ele>
</trkpt>
<trkpt lat="36.481808055555554" lon="139.02046">
<ele>165</ele>
</trkpt>
<trkpt lat="36.481855" lon="139.0204038888889">
<ele>165</ele>
</trkpt>
<trkpt lat="36.481901944444445" lon="139.0203488888889">
<ele>165</ele>
</trkpt>
<trkpt lat="36.48195" lon="139.02029305555556">
<ele>165</ele>
</trkpt>
<trkpt lat="36.48199694444445" lon="139.02023805555555">
<ele>165</ele>
</trkpt>
<trkpt lat="36.48204388888889" lon="139.02018194444443">
<ele>165</ele>
</trkpt>
<trkpt lat="36.48209194444444" lon="139.02012611111113">
<ele>165</ele>
</trkpt>
<trkpt lat="36.48213888888889" lon="139.02007111111112">
<ele>165</ele>
</trkpt>
<trkpt lat="36.48218611111111" lon="139.020015">
<ele>165</ele>
</trkpt>
<trkpt lat="36.48223388888889" lon="139.01996">
<ele>165</ele>
</trkpt>
<trkpt lat="36.482281111111114" lon="139.01990388888888">
<ele>165</ele>
</trkpt>
<trkpt lat="36.482328055555556" lon="139.0198488888889">
<ele>165</ele>
</trkpt>
<trkpt lat="36.48237611111111" lon="139.01979305555557">
<ele>165</ele>
</trkpt>
<trkpt lat="36.48242305555556" lon="139.01973805555556">
<ele>165</ele>
</trkpt>
<trkpt lat="36.48247" lon="139.01968194444444">
<ele>165</ele>
</trkpt>
<trkpt lat="36.48251805555556" lon="139.0196261111111">
<ele>165</ele>
</trkpt>
<trkpt lat="36.482565" lon="139.0195711111111">
<ele>165</ele>
</trkpt>
<trkpt lat="36.48261194444444" lon="139.019515">
<ele>165</ele>
</trkpt>
<trkpt lat="36.482645" lon="139.019475">
<ele>165</ele>
</trkpt>
<trkpt lat="36.48267805555555" lon="139.0194338888889">
<ele>165</ele>
</trkpt>
<trkpt lat="36.48271" lon="139.01939305555555">
<ele>165</ele>
</trkpt>
<trkpt lat="36.48274194444444" lon="139.01935305555557">
<ele>165</ele>
</trkpt>
<trkpt lat="36.482775" lon="139.01931194444444">
<ele>165</ele>
</trkpt>
<trkpt lat="36.48280694444444" lon="139.01927111111112">
<ele>166</ele>
</trkpt>
<trkpt lat="36.48284" lon="139.0192311111111">
<ele>165</ele>
</trkpt>
<trkpt lat="36.48287194444445" lon="139.01919">
<ele>165</ele>
</trkpt>
<trkpt lat="36.482905" lon="139.01915">
<ele>166</ele>
</trkpt>
<trkpt lat="36.48293694444445" lon="139.0191088888889">
<ele>165</ele>
</trkpt>
<trkpt lat="36.48297" lon="139.01906805555555">
<ele>166</ele>
</trkpt>
<trkpt lat="36.483001944444446" lon="139.01902805555557">
<ele>166</ele>
</trkpt>
<trkpt lat="36.483035" lon="139.01898694444444">
<ele>165</ele>
</trkpt>
<trkpt lat="36.483066944444445" lon="139.01894611111112">
<ele>166</ele>
</trkpt>
<trkpt lat="36.4831" lon="139.0189061111111">
<ele>166</ele>
</trkpt>
<trkpt lat="36.483131944444445" lon="139.018865">
<ele>166</ele>
</trkpt>
<trkpt lat="36.483165" lon="139.01882388888887">
<ele>165</ele>
</trkpt>
<trkpt lat="36.483196944444444" lon="139.0187838888889">
<ele>165</ele>
</trkpt>
<trkpt lat="36.48323" lon="139.01874305555555">
<ele>165</ele>
</trkpt>
<trkpt lat="36.483266944444445" lon="139.01871194444445">
<ele>165</ele>
</trkpt>
<trkpt lat="36.48330388888889" lon="139.01868">
<ele>165</ele>
</trkpt>
<trkpt lat="36.48334111111111" lon="139.01864805555556">
<ele>165</ele>
</trkpt>
<trkpt lat="36.483378055555555" lon="139.0186161111111">
<ele>165</ele>
</trkpt>
<trkpt lat="36.483415" lon="139.018585">
<ele>165</ele>
</trkpt>
<trkpt lat="36.48345194444445" lon="139.01855305555554">
<ele>165</ele>
</trkpt>
<trkpt lat="36.483488888888886" lon="139.0185211111111">
<ele>165</ele>
</trkpt>
<trkpt lat="36.48352611111111" lon="139.01849">
<ele>165</ele>
</trkpt>
<trkpt lat="36.483561944444446" lon="139.01845805555556">
<ele>165</ele>
</trkpt>
<trkpt lat="36.483575" lon="139.01844694444443">
<ele>165</ele>
</trkpt>
<trkpt lat="36.483651944444446" lon="139.0183861111111">
<ele>165</ele>
</trkpt>
<trkpt lat="36.48373" lon="139.018325">
<ele>165</ele>
</trkpt>
<trkpt lat="36.483806944444446" lon="139.0182638888889">
<ele>165</ele>
</trkpt>
<trkpt lat="36.48388388888889" lon="139.01820305555555">
<ele>165</ele>
</trkpt>
<trkpt lat="36.483961111111114" lon="139.01814194444444">
<ele>166</ele>
</trkpt>
<trkpt lat="36.48403805555556" lon="139.01808111111112">
<ele>166</ele>
</trkpt>
<trkpt lat="36.48411611111111" lon="139.01802">
<ele>166</ele>
</trkpt>
<trkpt lat="36.48419305555556" lon="139.0179588888889">
<ele>166</ele>
</trkpt>
<trkpt lat="36.48427" lon="139.01789805555555">
<ele>167</ele>
</trkpt>
<trkpt lat="36.48434694444445" lon="139.0178361111111">
<ele>167</ele>
</trkpt>
<trkpt lat="36.48442388888889" lon="139.017775">
<ele>167</ele>
</trkpt>
<trkpt lat="36.48450111111111" lon="139.0177138888889">
<ele>167</ele>
</trkpt>
<trkpt lat="36.48457888888889" lon="139.01765305555554">
<ele>167</ele>
</trkpt>
<trkpt lat="36.484656111111114" lon="139.01759194444443">
<ele>167</ele>
</trkpt>
<trkpt lat="36.48473305555556" lon="139.0175311111111">
<ele>167</ele>
</trkpt>
<trkpt lat="36.48481" lon="139.01747">
<ele>167</ele>
</trkpt>
<trkpt lat="36.48488694444445" lon="139.0174088888889">
<ele>167</ele>
</trkpt>
<trkpt lat="36.48496388888889" lon="139.01734805555554">
<ele>167</ele>
</trkpt>
<trkpt lat="36.48504194444445" lon="139.01728694444444">
<ele>167</ele>
</trkpt>
<trkpt lat="36.48522194444445" lon="139.01719694444444">
<ele>167</ele>
</trkpt>
<trkpt lat="36.48540194444445" lon="139.01710694444444">
<ele>167</ele>
</trkpt>
<trkpt lat="36.48558194444445" lon="139.01701694444444">
<ele>167</ele>
</trkpt>
<trkpt lat="36.48576194444444" lon="139.01692694444444">
<ele>167</ele>
</trkpt>
<trkpt lat="36.48594194444444" lon="139.01683694444444">
<ele>166</ele>
</trkpt>
<trkpt lat="36.48612194444444" lon="139.01674694444444">
<ele>166</ele>
</trkpt>
<trkpt lat="36.48630194444444" lon="139.01665694444443">
<ele>166</ele>
</trkpt>
<trkpt lat="36.48648194444444" lon="139.0165661111111">
<ele>166</ele>
</trkpt>
<trkpt lat="36.48666194444444" lon="139.0164761111111">
<ele>166</ele>
</trkpt>
<trkpt lat="36.48684305555555" lon="139.0163861111111">
<ele>167</ele>
</trkpt>
<trkpt lat="36.487023055555554" lon="139.0162961111111">
<ele>169</ele>
</trkpt>
<trkpt lat="36.487203055555554" lon="139.0162061111111">
<ele>170</ele>
</trkpt>
<trkpt lat="36.487383055555554" lon="139.0161161111111">
<ele>170</ele>
</trkpt>
<trkpt lat="36.487563055555555" lon="139.0160261111111">
<ele>170</ele>
</trkpt>
<trkpt lat="36.487743055555555" lon="139.0159361111111">
<ele>170</ele>
</trkpt>
<trkpt lat="36.487923055555555" lon="139.0158461111111">
<ele>170</ele>
</trkpt>
<trkpt lat="36.48810388888889" lon="139.0157561111111">
<ele>170</ele>
</trkpt>
<trkpt lat="36.48828388888889" lon="139.0156661111111">
<ele>170</ele>
</trkpt>
<trkpt lat="36.48846388888889" lon="139.0155761111111">
<ele>170</ele>
</trkpt>
<trkpt lat="36.488508055555556" lon="139.0155661111111">
<ele>170</ele>
</trkpt>
<trkpt lat="36.488551944444445" lon="139.01555611111112">
<ele>170</ele>
</trkpt>
<trkpt lat="36.488596111111114" lon="139.01554611111112">
<ele>170</ele>
</trkpt>
<trkpt lat="36.48862805555556" lon="139.01553805555557">
<ele>170</ele>
</trkpt>
<trkpt lat="36.48867305555556" lon="139.01553805555557">
<ele>170</ele>
</trkpt>
<trkpt lat="36.48871805555556" lon="139.01553805555557">
<ele>170</ele>
</trkpt>
<trkpt lat="36.48876305555556" lon="139.01553805555557">
<ele>170</ele>
</trkpt>
<trkpt lat="36.488796111111114" lon="139.01553805555557">
<ele>170</ele>
</trkpt>
<trkpt lat="36.488841111111114" lon="139.01554388888889">
<ele>170</ele>
</trkpt>
<trkpt lat="36.488885" lon="139.0155488888889">
<ele>170</ele>
</trkpt>
<trkpt lat="36.48893" lon="139.0155538888889">
<ele>170</ele>
</trkpt>
<trkpt lat="36.488975" lon="139.01555888888888">
<ele>169</ele>
</trkpt>
<trkpt lat="36.489016944444444" lon="139.01556305555556">
<ele>169</ele>
</trkpt>
<trkpt lat="36.489061944444444" lon="139.01555694444446">
<ele>169</ele>
</trkpt>
<trkpt lat="36.48910611111111" lon="139.01555">
<ele>170</ele>
</trkpt>
<trkpt lat="36.48915111111111" lon="139.01554388888889">
<ele>170</ele>
</trkpt>
<trkpt lat="36.48919611111111" lon="139.01553694444445">
<ele>170</ele>
</trkpt>
<trkpt lat="36.48924" lon="139.01553">
<ele>169</ele>
</trkpt>
<trkpt lat="36.489241944444444" lon="139.01553">
<ele>169</ele>
</trkpt>
<trkpt lat="36.48928388888889" lon="139.0155088888889">
<ele>169</ele>
</trkpt>
<trkpt lat="36.48932611111111" lon="139.01548888888888">
<ele>169</ele>
</trkpt>
<trkpt lat="36.48936694444444" lon="139.01546805555554">
<ele>169</ele>
</trkpt>
<trkpt lat="36.48940888888889" lon="139.01544805555557">
<ele>169</ele>
</trkpt>
<trkpt lat="36.48945111111111" lon="139.01542694444444">
<ele>169</ele>
</trkpt>
<trkpt lat="36.489491944444445" lon="139.0154061111111">
<ele>169</ele>
</trkpt>
<trkpt lat="36.489533888888886" lon="139.015385">
<ele>169</ele>
</trkpt>
<trkpt lat="36.48957611111111" lon="139.015365">
<ele>169</ele>
</trkpt>
<trkpt lat="36.48961805555555" lon="139.01534388888888">
<ele>169</ele>
</trkpt>
<trkpt lat="36.48965888888889" lon="139.01532305555557">
<ele>170</ele>
</trkpt>
<trkpt lat="36.48970111111111" lon="139.01530305555556">
<ele>169</ele>
</trkpt>
<trkpt lat="36.48974305555556" lon="139.01528194444444">
<ele>169</ele>
</trkpt>
<trkpt lat="36.48978388888889" lon="139.0152611111111">
<ele>169</ele>
</trkpt>
<trkpt lat="36.489826111111114" lon="139.01524111111112">
<ele>169</ele>
</trkpt>
<trkpt lat="36.489868055555554" lon="139.01522">
<ele>170</ele>
</trkpt>
<trkpt lat="36.48991" lon="139.01519888888888">
<ele>170</ele>
</trkpt>
<trkpt lat="36.48995111111111" lon="139.0151788888889">
<ele>170</ele>
</trkpt>
<trkpt lat="36.48999305555556" lon="139.01515805555556">
<ele>170</ele>
</trkpt>
<trkpt lat="36.49" lon="139.01515388888888">
<ele>169</ele>
</trkpt>
<trkpt lat="36.49026305555556" lon="139.01505305555557">
<ele>169</ele>
</trkpt>
<trkpt lat="36.49052611111111" lon="139.01495194444445">
<ele>169</ele>
</trkpt>
<trkpt lat="36.490788888888886" lon="139.0148511111111">
<ele>169</ele>
</trkpt>
<trkpt lat="36.49105194444444" lon="139.01475">
<ele>170</ele>
</trkpt>
<trkpt lat="36.491315" lon="139.01464805555557">
<ele>171</ele>
</trkpt>
<trkpt lat="36.49145111111111" lon="139.0145961111111">
<ele>170</ele>
</trkpt>
<trkpt lat="36.49156111111111" lon="139.01459194444445">
<ele>171</ele>
</trkpt>
<trkpt lat="36.49167194444444" lon="139.01458694444443">
<ele>172</ele>
</trkpt>
<trkpt lat="36.49178194444445" lon="139.01458305555556">
<ele>172</ele>
</trkpt>
<trkpt lat="36.49189194444445" lon="139.01457888888888">
<ele>171</ele>
</trkpt>
<trkpt lat="36.49200305555556" lon="139.0145738888889">
<ele>170</ele>
</trkpt>
<trkpt lat="36.492113055555556" lon="139.01457">
<ele>169</ele>
</trkpt>
<trkpt lat="36.49222388888889" lon="139.01456611111112">
<ele>169</ele>
</trkpt>
<trkpt lat="36.492333888888886" lon="139.0145611111111">
<ele>169</ele>
</trkpt>
<trkpt lat="36.492443888888886" lon="139.01455694444445">
<ele>169</ele>
</trkpt>
<trkpt lat="36.492555" lon="139.01455194444443">
<ele>171</ele>
</trkpt>
<trkpt lat="36.492665" lon="139.01454805555557">
<ele>173</ele>
</trkpt>
<trkpt lat="36.49277611111111" lon="139.01454388888888">
<ele>173</ele>
</trkpt>
<trkpt lat="36.49288611111111" lon="139.0145388888889">
<ele>174</ele>
</trkpt>
<trkpt lat="36.49299611111111" lon="139.014535">
<ele>174</ele>
</trkpt>
<trkpt lat="36.49310694444444" lon="139.0145311111111">
<ele>174</ele>
</trkpt>
<trkpt lat="36.49321694444444" lon="139.0145261111111">
<ele>174</ele>
</trkpt>
<trkpt lat="36.49332805555556" lon="139.01452194444445">
<ele>174</ele>
</trkpt>
<trkpt lat="36.49343805555556" lon="139.01451694444444">
<ele>174</ele>
</trkpt>
<trkpt lat="36.49354805555556" lon="139.01451305555557">
<ele>174</ele>
</trkpt>
<trkpt lat="36.49364611111111" lon="139.01451111111112">
<ele>174</ele>
</trkpt>
<trkpt lat="36.493743888888886" lon="139.01450888888888">
<ele>174</ele>
</trkpt>
<trkpt lat="36.49384305555556" lon="139.01450805555555">
<ele>173</ele>
</trkpt>
<trkpt lat="36.49394111111111" lon="139.0145061111111">
<ele>173</ele>
</trkpt>
<trkpt lat="36.49403888888889" lon="139.0145038888889">
<ele>172</ele>
</trkpt>
<trkpt lat="36.49413694444444" lon="139.01450194444445">
<ele>171</ele>
</trkpt>
<trkpt lat="36.494235" lon="139.01450111111112">
<ele>171</ele>
</trkpt>
<trkpt lat="36.49433388888889" lon="139.01449888888888">
<ele>171</ele>
</trkpt>
<trkpt lat="36.49443194444444" lon="139.01449694444443">
<ele>171</ele>
</trkpt>
<trkpt lat="36.49453" lon="139.014495">
<ele>171</ele>
</trkpt>
<trkpt lat="36.49462805555556" lon="139.0144938888889">
<ele>171</ele>
</trkpt>
<trkpt lat="36.49472611111111" lon="139.01449194444444">
<ele>171</ele>
</trkpt>
<trkpt lat="36.49482388888889" lon="139.01449">
<ele>172</ele>
</trkpt>
<trkpt lat="36.49492194444444" lon="139.01448805555555">
<ele>172</ele>
</trkpt>
<trkpt lat="36.495021111111114" lon="139.01448694444446">
<ele>172</ele>
</trkpt>
<trkpt lat="36.49511888888889" lon="139.014485">
<ele>172</ele>
</trkpt>
<trkpt lat="36.495216944444444" lon="139.01448305555556">
<ele>172</ele>
</trkpt>
<trkpt lat="36.495315" lon="139.0144811111111">
<ele>172</ele>
</trkpt>
<trkpt lat="36.49541305555555" lon="139.0144788888889">
<ele>172</ele>
</trkpt>
<trkpt lat="36.49548305555555" lon="139.01448694444446">
<ele>172</ele>
</trkpt>
<trkpt lat="36.495553055555554" lon="139.0144938888889">
<ele>172</ele>
</trkpt>
<trkpt lat="36.495623055555555" lon="139.01450111111112">
<ele>174</ele>
</trkpt>
<trkpt lat="36.495693055555556" lon="139.01450805555555">
<ele>174</ele>
</trkpt>
<trkpt lat="36.49576305555556" lon="139.014515">
<ele>174</ele>
</trkpt>
<trkpt lat="36.49583305555556" lon="139.01452194444445">
<ele>174</ele>
</trkpt>
<trkpt lat="36.49590305555556" lon="139.0145288888889">
<ele>174</ele>
</trkpt>
<trkpt lat="36.49597305555555" lon="139.0145361111111">
<ele>174</ele>
</trkpt>
<trkpt lat="36.49604305555555" lon="139.01454305555555">
<ele>174</ele>
</trkpt>
<trkpt lat="36.49611194444444" lon="139.01455">
<ele>174</ele>
</trkpt>
<trkpt lat="36.496181944444444" lon="139.01455694444445">
<ele>174</ele>
</trkpt>
<trkpt lat="36.496251944444445" lon="139.0145638888889">
<ele>174</ele>
</trkpt>
<trkpt lat="36.496321944444446" lon="139.0145711111111">
<ele>174</ele>
</trkpt>
<trkpt lat="36.49639194444445" lon="139.01457805555555">
<ele>174</ele>
</trkpt>
<trkpt lat="36.49646194444444" lon="139.014585">
<ele>174</ele>
</trkpt>
<trkpt lat="36.49653194444444" lon="139.01459194444445">
<ele>174</ele>
</trkpt>
<trkpt lat="36.49660194444444" lon="139.01459888888888">
<ele>174</ele>
</trkpt>
<trkpt lat="36.496671944444444" lon="139.0146061111111">
<ele>174</ele>
</trkpt>
<trkpt lat="36.496741944444445" lon="139.01461305555554">
<ele>174</ele>
</trkpt>
<trkpt lat="36.496746944444446" lon="139.01461194444445">
<ele>174</ele>
</trkpt>
<trkpt lat="36.496746944444446" lon="139.01460694444444">
<ele>174</ele>
</trkpt>
<trkpt lat="36.496763888888886" lon="139.01420694444445">
<ele>174</ele>
</trkpt>
<trkpt lat="36.496746944444446" lon="139.01400694444445">
<ele>174</ele>
</trkpt>
<trkpt lat="36.49668111111111" lon="139.013795">
<ele>175</ele>
</trkpt>
<trkpt lat="36.49657194444445" lon="139.01360694444443">
<ele>175</ele>
</trkpt>
<trkpt lat="36.496365" lon="139.01331194444444">
<ele>176</ele>
</trkpt>
<trkpt lat="36.49636388888889" lon="139.01331194444444">
<ele>176</ele>
</trkpt>
<trkpt lat="36.49625611111111" lon="139.01315805555555">
<ele>176</ele>
</trkpt>
<trkpt lat="36.49659805555556" lon="139.01297">
<ele>176</ele>
</trkpt>
<trkpt lat="36.49706388888889" lon="139.01268194444444">
<ele>176</ele>
</trkpt>
<trkpt lat="36.497146944444445" lon="139.012645">
<ele>176</ele>
</trkpt>
<trkpt lat="36.497213888888886" lon="139.01260805555555">
<ele>176</ele>
</trkpt>
<trkpt lat="36.49728888888889" lon="139.01257">
<ele>176</ele>
</trkpt>
<trkpt lat="36.497371944444446" lon="139.01253194444445">
<ele>176</ele>
</trkpt>
<trkpt lat="36.49807194444445" lon="139.01217">
<ele>177</ele>
</trkpt>
<trkpt lat="36.49838111111111" lon="139.01200805555555">
<ele>178</ele>
</trkpt>
<trkpt lat="36.49856388888889" lon="139.011945">
<ele>179</ele>
</trkpt>
<trkpt lat="36.49893888888889" lon="139.011845">
<ele>180</ele>
</trkpt>
<trkpt lat="36.499206111111114" lon="139.011795">
<ele>180</ele>
</trkpt>
<trkpt lat="36.499496944444445" lon="139.01177">
<ele>180</ele>
</trkpt>
<trkpt lat="36.499521944444446" lon="139.01165805555556">
<ele>180</ele>
</trkpt>
<trkpt lat="36.49959305555556" lon="139.01165805555556">
<ele>180</ele>
</trkpt>
<trkpt lat="36.499521944444446" lon="139.01165805555556">
<ele>180</ele>
</trkpt>
<trkpt lat="36.49957194444445" lon="139.011445">
<ele>181</ele>
</trkpt>
<trkpt lat="36.49963888888889" lon="139.011295">
<ele>181</ele>
</trkpt>
<trkpt lat="36.499831111111114" lon="139.01107">
<ele>181</ele>
</trkpt>
<trkpt lat="36.50008" lon="139.01077">
<ele>181</ele>
</trkpt>
<trkpt lat="36.50024694444444" lon="139.010545">
<ele>181</ele>
</trkpt>
<trkpt lat="36.50038" lon="139.01033194444443">
<ele>181</ele>
</trkpt>
<trkpt lat="36.500546944444444" lon="139.010295">
<ele>181</ele>
</trkpt>
<trkpt lat="36.50086388888889" lon="139.010195">
<ele>180</ele>
</trkpt>
<trkpt lat="36.50091388888889" lon="139.01018194444444">
<ele>180</ele>
</trkpt>
<trkpt lat="36.50092611111111" lon="139.01019">
<ele>180</ele>
</trkpt>
<trkpt lat="36.500975" lon="139.0101138888889">
<ele>180</ele>
</trkpt>
<trkpt lat="36.50102305555556" lon="139.01003805555555">
<ele>180</ele>
</trkpt>
<trkpt lat="36.50107194444445" lon="139.00996194444446">
<ele>180</ele>
</trkpt>
<trkpt lat="36.50112" lon="139.00988611111111">
<ele>180</ele>
</trkpt>
<trkpt lat="36.50116888888889" lon="139.00981">
<ele>180</ele>
</trkpt>
<trkpt lat="36.501218055555555" lon="139.0097338888889">
<ele>180</ele>
</trkpt>
<trkpt lat="36.501266111111114" lon="139.00965805555555">
<ele>180</ele>
</trkpt>
<trkpt lat="36.501315" lon="139.00958111111112">
<ele>180</ele>
</trkpt>
<trkpt lat="36.50136305555556" lon="139.0095061111111">
<ele>180</ele>
</trkpt>
<trkpt lat="36.50141194444444" lon="139.0094288888889">
<ele>180</ele>
</trkpt>
<trkpt lat="36.50146" lon="139.00935305555555">
<ele>180</ele>
</trkpt>
<trkpt lat="36.501508888888885" lon="139.00927694444445">
<ele>181</ele>
</trkpt>
<trkpt lat="36.501558055555556" lon="139.0092011111111">
<ele>180</ele>
</trkpt>
<trkpt lat="36.50160611111111" lon="139.009125">
<ele>180</ele>
</trkpt>
<trkpt lat="36.501655" lon="139.00904888888888">
<ele>181</ele>
</trkpt>
<trkpt lat="36.50170305555555" lon="139.00897305555554">
<ele>181</ele>
</trkpt>
<trkpt lat="36.50175194444444" lon="139.00889694444444">
<ele>181</ele>
</trkpt>
<trkpt lat="36.5018" lon="139.0088211111111">
<ele>181</ele>
</trkpt>
<trkpt lat="36.50184888888889" lon="139.008745">
<ele>183</ele>
</trkpt>
<trkpt lat="36.50188694444444" lon="139.008715">
<ele>183</ele>
</trkpt>
<trkpt lat="36.501925" lon="139.008685">
<ele>182</ele>
</trkpt>
<trkpt lat="36.50196305555556" lon="139.008655">
<ele>184</ele>
</trkpt>
<trkpt lat="36.50200111111111" lon="139.008625">
<ele>183</ele>
</trkpt>
<trkpt lat="36.50203888888889" lon="139.008595">
<ele>183</ele>
</trkpt>
<trkpt lat="36.50207694444445" lon="139.008565">
<ele>183</ele>
</trkpt>
<trkpt lat="36.502113888888886" lon="139.0085361111111">
<ele>184</ele>
</trkpt>
<trkpt lat="36.50215194444444" lon="139.0085061111111">
<ele>184</ele>
</trkpt>
<trkpt lat="36.50219" lon="139.00847611111112">
<ele>184</ele>
</trkpt>
<trkpt lat="36.502228055555555" lon="139.0084461111111">
<ele>182</ele>
</trkpt>
<trkpt lat="36.50226611111111" lon="139.0084161111111">
<ele>184</ele>
</trkpt>
<trkpt lat="36.50230388888889" lon="139.00838611111112">
<ele>184</ele>
</trkpt>
<trkpt lat="36.502341944444446" lon="139.0083561111111">
<ele>183</ele>
</trkpt>
<trkpt lat="36.50238" lon="139.0083261111111">
<ele>185</ele>
</trkpt>
<trkpt lat="36.50241805555556" lon="139.00829611111112">
<ele>185</ele>
</trkpt>
<trkpt lat="36.50245611111111" lon="139.0082661111111">
<ele>183</ele>
</trkpt>
<trkpt lat="36.502493888888885" lon="139.0082361111111">
<ele>183</ele>
</trkpt>
<trkpt lat="36.50252611111111" lon="139.0082111111111">
<ele>186</ele>
</trkpt>
<trkpt lat="36.50256805555556" lon="139.0081888888889">
<ele>185</ele>
</trkpt>
<trkpt lat="36.502608888888886" lon="139.00816694444444">
<ele>185</ele>
</trkpt>
<trkpt lat="36.50265" lon="139.008145">
<ele>185</ele>
</trkpt>
<trkpt lat="36.50269194444444" lon="139.00812305555556">
<ele>183</ele>
</trkpt>
<trkpt lat="36.50273305555555" lon="139.0081011111111">
<ele>185</ele>
</trkpt>
<trkpt lat="36.50277388888889" lon="139.0080788888889">
<ele>185</ele>
</trkpt>
<trkpt lat="36.50281611111111" lon="139.00805694444443">
<ele>184</ele>
</trkpt>
<trkpt lat="36.502856944444446" lon="139.008035">
<ele>184</ele>
</trkpt>
<trkpt lat="36.502898055555555" lon="139.00801305555555">
<ele>183</ele>
</trkpt>
<trkpt lat="36.50293888888889" lon="139.00799111111112">
<ele>185</ele>
</trkpt>
<trkpt lat="36.502966111111114" lon="139.00797694444444">
<ele>185</ele>
</trkpt>
<trkpt lat="36.50299388888889" lon="139.00793305555555">
<ele>185</ele>
</trkpt>
<trkpt lat="36.50302194444444" lon="139.00789">
<ele>183</ele>
</trkpt>
<trkpt lat="36.50305" lon="139.00784611111112">
<ele>183</ele>
</trkpt>
<trkpt lat="36.503078055555555" lon="139.00780194444445">
<ele>183</ele>
</trkpt>
<trkpt lat="36.50310611111111" lon="139.0077588888889">
<ele>183</ele>
</trkpt>
<trkpt lat="36.50313388888889" lon="139.007715">
<ele>182</ele>
</trkpt>
<trkpt lat="36.50316194444444" lon="139.00767194444444">
<ele>181</ele>
</trkpt>
<trkpt lat="36.503191111111114" lon="139.00762805555556">
<ele>181</ele>
</trkpt>
<trkpt lat="36.50321888888889" lon="139.0075838888889">
<ele>181</ele>
</trkpt>
<trkpt lat="36.50324694444444" lon="139.00754111111112">
<ele>181</ele>
</trkpt>
<trkpt lat="36.503275" lon="139.00749694444445">
<ele>181</ele>
</trkpt>
<trkpt lat="36.503303055555556" lon="139.00745388888888">
<ele>181</ele>
</trkpt>
<trkpt lat="36.50333111111111" lon="139.00741">
<ele>181</ele>
</trkpt>
<trkpt lat="36.50335888888889" lon="139.00736694444444">
<ele>181</ele>
</trkpt>
<trkpt lat="36.50338694444444" lon="139.00732305555556">
<ele>181</ele>
</trkpt>
<trkpt lat="36.503415" lon="139.0072788888889">
<ele>181</ele>
</trkpt>
<trkpt lat="36.50344305555556" lon="139.0072361111111">
<ele>181</ele>
</trkpt>
<trkpt lat="36.50347194444444" lon="139.00719194444446">
<ele>181</ele>
</trkpt>
<trkpt lat="36.503481944444445" lon="139.0071761111111">
<ele>181</ele>
</trkpt>
<trkpt lat="36.503526944444445" lon="139.0071788888889">
<ele>181</ele>
</trkpt>
<trkpt lat="36.503571111111114" lon="139.00718111111112">
<ele>181</ele>
</trkpt>
<trkpt lat="36.503616111111114" lon="139.00718388888887">
<ele>181</ele>
</trkpt>
<trkpt lat="36.503661111111114" lon="139.00718694444444">
<ele>181</ele>
</trkpt>
<trkpt lat="36.503706111111114" lon="139.0071888888889">
<ele>182</ele>
</trkpt>
<trkpt lat="36.503751111111114" lon="139.00719194444446">
<ele>182</ele>
</trkpt>
<trkpt lat="36.503796111111114" lon="139.00719388888888">
<ele>182</ele>
</trkpt>
<trkpt lat="36.503841111111115" lon="139.00719694444444">
<ele>182</ele>
</trkpt>
<trkpt lat="36.50385305555555" lon="139.00719805555556">
<ele>182</ele>
</trkpt>
<trkpt lat="36.50389305555556" lon="139.0072238888889">
<ele>182</ele>
</trkpt>
<trkpt lat="36.503931944444446" lon="139.00725111111112">
<ele>182</ele>
</trkpt>
<trkpt lat="36.503971944444444" lon="139.00727805555556">
<ele>182</ele>
</trkpt>
<trkpt lat="36.50401111111111" lon="139.007305">
<ele>182</ele>
</trkpt>
<trkpt lat="36.50405" lon="139.00733194444445">
<ele>182</ele>
</trkpt>
<trkpt lat="36.50409" lon="139.0073588888889">
<ele>180</ele>
</trkpt>
<trkpt lat="36.504128888888886" lon="139.00738611111112">
<ele>180</ele>
</trkpt>
<trkpt lat="36.50416888888889" lon="139.00741194444444">
<ele>180</ele>
</trkpt>
<trkpt lat="36.50420805555556" lon="139.00743888888888">
<ele>180</ele>
</trkpt>
<trkpt lat="36.50420888888889" lon="139.00744">
<ele>180</ele>
</trkpt>
<trkpt lat="36.50425388888889" lon="139.0074438888889">
<ele>180</ele>
</trkpt>
<trkpt lat="36.50429888888889" lon="139.00744805555556">
<ele>179</ele>
</trkpt>
<trkpt lat="36.50434305555556" lon="139.00745194444445">
<ele>179</ele>
</trkpt>
<trkpt lat="36.50438805555556" lon="139.0074561111111">
<ele>179</ele>
</trkpt>
<trkpt lat="36.50443305555556" lon="139.0074611111111">
<ele>179</ele>
</trkpt>
<trkpt lat="36.50447805555556" lon="139.007465">
<ele>179</ele>
</trkpt>
<trkpt lat="36.50452194444444" lon="139.0074688888889">
<ele>179</ele>
</trkpt>
<trkpt lat="36.50456388888889" lon="139.00747305555555">
<ele>179</ele>
</trkpt>
<trkpt lat="36.50460805555556" lon="139.0074611111111">
<ele>179</ele>
</trkpt>
<trkpt lat="36.50465194444445" lon="139.00744805555556">
<ele>179</ele>
</trkpt>
<trkpt lat="36.50469611111111" lon="139.007435">
<ele>180</ele>
</trkpt>
<trkpt lat="36.50473888888889" lon="139.00742194444445">
<ele>180</ele>
</trkpt>
<trkpt lat="36.504783055555556" lon="139.00741">
<ele>180</ele>
</trkpt>
<trkpt lat="36.504826944444446" lon="139.00739694444445">
<ele>180</ele>
</trkpt>
<trkpt lat="36.50485305555556" lon="139.00739">
<ele>189</ele>
</trkpt>
<trkpt lat="36.505048055555555" lon="139.00727305555554">
<ele>189</ele>
</trkpt>
<trkpt lat="36.505105" lon="139.00723888888888">
<ele>181</ele>
</trkpt>
<trkpt lat="36.505138055555555" lon="139.00727694444444">
<ele>181</ele>
</trkpt>
<trkpt lat="36.50517111111111" lon="139.0073138888889">
<ele>181</ele>
</trkpt>
<trkpt lat="36.505203888888886" lon="139.00735194444445">
<ele>180</ele>
</trkpt>
<trkpt lat="36.50520888888889" lon="139.0073561111111">
<ele>180</ele>
</trkpt>
<trkpt lat="36.50527694444445" lon="139.00735194444445">
<ele>180</ele>
</trkpt>
<trkpt lat="36.505345" lon="139.00734694444444">
<ele>180</ele>
</trkpt>
<trkpt lat="36.50541388888889" lon="139.00734194444445">
<ele>180</ele>
</trkpt>
<trkpt lat="36.50548194444445" lon="139.00733805555555">
<ele>180</ele>
</trkpt>
<trkpt lat="36.50555111111111" lon="139.00733305555556">
<ele>181</ele>
</trkpt>
<trkpt lat="36.50561888888889" lon="139.00732805555555">
<ele>181</ele>
</trkpt>
<trkpt lat="36.50568694444444" lon="139.0073238888889">
<ele>181</ele>
</trkpt>
<trkpt lat="36.50575611111111" lon="139.00731888888888">
<ele>181</ele>
</trkpt>
<trkpt lat="36.50582388888889" lon="139.0073138888889">
<ele>181</ele>
</trkpt>
<trkpt lat="36.50589194444444" lon="139.0073088888889">
<ele>181</ele>
</trkpt>
<trkpt lat="36.50596111111111" lon="139.007305">
<ele>181</ele>
</trkpt>
<trkpt lat="36.50602888888889" lon="139.0073">
<ele>181</ele>
</trkpt>
<trkpt lat="36.506098055555555" lon="139.00729611111112">
<ele>181</ele>
</trkpt>
<trkpt lat="36.50616611111111" lon="139.0072911111111">
<ele>181</ele>
</trkpt>
<trkpt lat="36.506233888888886" lon="139.0072861111111">
<ele>181</ele>
</trkpt>
<trkpt lat="36.506303055555556" lon="139.00728194444446">
<ele>181</ele>
</trkpt>
<trkpt lat="36.506371111111115" lon="139.00727694444444">
<ele>181</ele>
</trkpt>
<trkpt lat="36.50644" lon="139.00727194444445">
<ele>181</ele>
</trkpt>
<trkpt lat="36.50650805555556" lon="139.00726805555556">
<ele>182</ele>
</trkpt>
<trkpt lat="36.50655111111111" lon="139.00725194444445">
<ele>182</ele>
</trkpt>
<trkpt lat="36.50659388888889" lon="139.0072361111111">
<ele>181</ele>
</trkpt>
<trkpt lat="36.506636944444445" lon="139.00722">
<ele>182</ele>
</trkpt>
<trkpt lat="36.50668" lon="139.00720388888888">
<ele>182</ele>
</trkpt>
<trkpt lat="36.506723055555554" lon="139.00718805555556">
<ele>182</ele>
</trkpt>
<trkpt lat="36.50676611111111" lon="139.00717194444445">
<ele>182</ele>
</trkpt>
<trkpt lat="36.50680888888889" lon="139.0071561111111">
<ele>181</ele>
</trkpt>
<trkpt lat="36.50685194444444" lon="139.00714">
<ele>181</ele>
</trkpt>
<trkpt lat="36.50689611111111" lon="139.00712388888888">
<ele>181</ele>
</trkpt>
<trkpt lat="36.50693888888889" lon="139.00710805555556">
<ele>182</ele>
</trkpt>
<trkpt lat="36.50698194444445" lon="139.00709194444445">
<ele>182</ele>
</trkpt>
<trkpt lat="36.507025" lon="139.00707694444444">
<ele>182</ele>
</trkpt>
<trkpt lat="36.50706805555556" lon="139.0070611111111">
<ele>182</ele>
</trkpt>
<trkpt lat="36.50711111111111" lon="139.007045">
<ele>182</ele>
</trkpt>
<trkpt lat="36.50715388888889" lon="139.0070288888889">
<ele>181</ele>
</trkpt>
<trkpt lat="36.50718611111111" lon="139.00701694444444">
<ele>181</ele>
</trkpt>
<trkpt lat="36.50722388888889" lon="139.00698805555555">
<ele>182</ele>
</trkpt>
<trkpt lat="36.507261944444444" lon="139.00695805555554">
<ele>182</ele>
</trkpt>
<trkpt lat="36.50727611111111" lon="139.00694611111112">
<ele>182</ele>
</trkpt>
<trkpt lat="36.50731611111111" lon="139.0069211111111">
<ele>182</ele>
</trkpt>
<trkpt lat="36.50735611111111" lon="139.0068961111111">
<ele>182</ele>
</trkpt>
<trkpt lat="36.507396944444444" lon="139.0068711111111">
<ele>182</ele>
</trkpt>
<trkpt lat="36.50743694444444" lon="139.00684611111112">
<ele>182</ele>
</trkpt>
<trkpt lat="36.50747694444444" lon="139.00682111111112">
<ele>182</ele>
</trkpt>
<trkpt lat="36.50749111111111" lon="139.00681305555557">
<ele>182</ele>
</trkpt>
<trkpt lat="36.50752305555555" lon="139.0067738888889">
<ele>182</ele>
</trkpt>
<trkpt lat="36.507556111111114" lon="139.006735">
<ele>182</ele>
</trkpt>
<trkpt lat="36.50758805555556" lon="139.0066961111111">
<ele>182</ele>
</trkpt>
<trkpt lat="36.50762" lon="139.00665805555556">
<ele>182</ele>
</trkpt>
<trkpt lat="36.50765194444445" lon="139.00661888888888">
<ele>182</ele>
</trkpt>
<trkpt lat="36.50768194444444" lon="139.00658305555555">
<ele>182</ele>
</trkpt>
<trkpt lat="36.50772388888889" lon="139.00660194444444">
<ele>182</ele>
</trkpt>
<trkpt lat="36.50774888888889" lon="139.00661194444444">
<ele>182</ele>
</trkpt>
<trkpt lat="36.50777305555555" lon="139.00666">
<ele>182</ele>
</trkpt>
<trkpt lat="36.50779694444444" lon="139.00670694444443">
<ele>182</ele>
</trkpt>
<trkpt lat="36.50780611111111" lon="139.006725">
<ele>182</ele>
</trkpt>
<trkpt lat="36.507775" lon="139.00676611111112">
<ele>182</ele>
</trkpt>
<trkpt lat="36.50774388888889" lon="139.0068061111111">
<ele>182</ele>
</trkpt>
<trkpt lat="36.507713055555556" lon="139.00684694444445">
<ele>182</ele>
</trkpt>
<trkpt lat="36.50769388888889" lon="139.00687194444444">
<ele>182</ele>
</trkpt>
<trkpt lat="36.50768" lon="139.006925">
<ele>181</ele>
</trkpt>
<trkpt lat="36.507666111111114" lon="139.00697805555555">
<ele>181</ele>
</trkpt>
<trkpt lat="36.50765111111111" lon="139.0070311111111">
<ele>181</ele>
</trkpt>
<trkpt lat="36.50763694444444" lon="139.0070838888889">
<ele>181</ele>
</trkpt>
<trkpt lat="36.507623055555555" lon="139.00713694444445">
<ele>181</ele>
</trkpt>
<trkpt lat="36.50760888888889" lon="139.00719">
<ele>181</ele>
</trkpt>
<trkpt lat="36.5076" lon="139.00722305555556">
<ele>181</ele>
</trkpt>
<trkpt lat="36.507598888888886" lon="139.0072788888889">
<ele>181</ele>
</trkpt>
<trkpt lat="36.507598055555555" lon="139.0073338888889">
<ele>181</ele>
</trkpt>
<trkpt lat="36.507598055555555" lon="139.00735111111112">
<ele>181</ele>
</trkpt>
<trkpt lat="36.50763111111111" lon="139.0073888888889">
<ele>181</ele>
</trkpt>
<trkpt lat="36.50766" lon="139.00742305555556">
<ele>181</ele>
</trkpt>
<trkpt lat="36.507705" lon="139.00743111111112">
<ele>181</ele>
</trkpt>
<trkpt lat="36.50774888888889" lon="139.00744">
<ele>181</ele>
</trkpt>
<trkpt lat="36.50779388888889" lon="139.00744805555556">
<ele>181</ele>
</trkpt>
<trkpt lat="36.50783805555555" lon="139.0074561111111">
<ele>181</ele>
</trkpt>
<trkpt lat="36.50788194444444" lon="139.007465">
<ele>181</ele>
</trkpt>
<trkpt lat="36.50792694444444" lon="139.00747305555555">
<ele>181</ele>
</trkpt>
<trkpt lat="36.50797111111111" lon="139.0074811111111">
<ele>181</ele>
</trkpt>
<trkpt lat="36.50801611111111" lon="139.00749">
<ele>181</ele>
</trkpt>
<trkpt lat="36.50805388888889" lon="139.00749694444445">
<ele>181</ele>
</trkpt>
<trkpt lat="36.50809888888889" lon="139.00749611111112">
<ele>181</ele>
</trkpt>
<trkpt lat="36.50814388888889" lon="139.00749611111112">
<ele>181</ele>
</trkpt>
<trkpt lat="36.50818888888889" lon="139.007495">
<ele>181</ele>
</trkpt>
<trkpt lat="36.50823388888889" lon="139.0074938888889">
<ele>181</ele>
</trkpt>
<trkpt lat="36.50827888888889" lon="139.0074938888889">
<ele>181</ele>
</trkpt>
<trkpt lat="36.50832388888889" lon="139.00749305555556">
<ele>181</ele>
</trkpt>
<trkpt lat="36.50834611111111" lon="139.00749305555556">
<ele>181</ele>
</trkpt>
<trkpt lat="36.50839305555556" lon="139.00750805555555">
<ele>181</ele>
</trkpt>
<trkpt lat="36.50844111111111" lon="139.0075238888889">
<ele>181</ele>
</trkpt>
<trkpt lat="36.50848805555555" lon="139.0075388888889">
<ele>182</ele>
</trkpt>
<trkpt lat="36.508535" lon="139.00755388888888">
<ele>182</ele>
</trkpt>
<trkpt lat="36.508583055555555" lon="139.00757">
<ele>182</ele>
</trkpt>
<trkpt lat="36.50863" lon="139.007585">
<ele>182</ele>
</trkpt>
<trkpt lat="36.508676944444446" lon="139.00760111111111">
<ele>182</ele>
</trkpt>
<trkpt lat="36.508725" lon="139.0076161111111">
<ele>182</ele>
</trkpt>
<trkpt lat="36.50877194444445" lon="139.00763111111112">
<ele>182</ele>
</trkpt>
<trkpt lat="36.50881888888889" lon="139.00764694444445">
<ele>182</ele>
</trkpt>
<trkpt lat="36.50886694444444" lon="139.00766194444444">
<ele>182</ele>
</trkpt>
<trkpt lat="36.50891388888889" lon="139.00767805555554">
<ele>182</ele>
</trkpt>
<trkpt lat="36.50896111111111" lon="139.00769305555556">
<ele>182</ele>
</trkpt>
<trkpt lat="36.509008055555555" lon="139.00770805555555">
<ele>182</ele>
</trkpt>
<trkpt lat="36.509056111111114" lon="139.00772388888888">
<ele>182</ele>
</trkpt>
<trkpt lat="36.509103055555556" lon="139.0077388888889">
<ele>182</ele>
</trkpt>
<trkpt lat="36.50915" lon="139.00775388888889">
<ele>182</ele>
</trkpt>
<trkpt lat="36.50919805555556" lon="139.00777">
<ele>182</ele>
</trkpt>
<trkpt lat="36.509245" lon="139.007785">
<ele>182</ele>
</trkpt>
<trkpt lat="36.50928888888889" lon="139.00779305555557">
<ele>182</ele>
</trkpt>
<trkpt lat="36.50933388888889" lon="139.00780111111112">
<ele>183</ele>
</trkpt>
<trkpt lat="36.50937805555556" lon="139.0078088888889">
<ele>183</ele>
</trkpt>
<trkpt lat="36.50942305555556" lon="139.00781805555556">
<ele>183</ele>
</trkpt>
<trkpt lat="36.50946694444445" lon="139.00782611111111">
<ele>183</ele>
</trkpt>
<trkpt lat="36.50951194444445" lon="139.00783388888888">
<ele>183</ele>
</trkpt>
<trkpt lat="36.50955611111111" lon="139.00784194444444">
<ele>184</ele>
</trkpt>
<trkpt lat="36.50960111111111" lon="139.00785">
<ele>184</ele>
</trkpt>
<trkpt lat="36.509645" lon="139.00785888888888">
<ele>184</ele>
</trkpt>
<trkpt lat="36.50968888888889" lon="139.00786694444446">
<ele>184</ele>
</trkpt>
<trkpt lat="36.50973388888889" lon="139.007875">
<ele>184</ele>
</trkpt>
<trkpt lat="36.509745" lon="139.00787694444443">
<ele>184</ele>
</trkpt>
<trkpt lat="36.50979" lon="139.0078738888889">
<ele>184</ele>
</trkpt>
<trkpt lat="36.50983388888889" lon="139.00787">
<ele>184</ele>
</trkpt>
<trkpt lat="36.50987888888889" lon="139.00786694444446">
<ele>184</ele>
</trkpt>
<trkpt lat="36.50992388888889" lon="139.0078638888889">
<ele>185</ele>
</trkpt>
<trkpt lat="36.50996888888889" lon="139.00786">
<ele>185</ele>
</trkpt>
<trkpt lat="36.51001388888889" lon="139.00785694444446">
<ele>185</ele>
</trkpt>
<trkpt lat="36.51005888888889" lon="139.0078538888889">
<ele>185</ele>
</trkpt>
<trkpt lat="36.510103055555554" lon="139.00785">
<ele>185</ele>
</trkpt>
<trkpt lat="36.510148055555554" lon="139.00784694444445">
<ele>185</ele>
</trkpt>
<trkpt lat="36.510193055555554" lon="139.00784388888889">
<ele>185</ele>
</trkpt>
<trkpt lat="36.510238055555554" lon="139.00784">
<ele>185</ele>
</trkpt>
<trkpt lat="36.510283055555554" lon="139.00783694444445">
<ele>185</ele>
</trkpt>
<trkpt lat="36.510328055555554" lon="139.00783305555555">
<ele>185</ele>
</trkpt>
<trkpt lat="36.51036194444445" lon="139.0078311111111">
<ele>185</ele>
</trkpt>
<trkpt lat="36.51040694444445" lon="139.0078311111111">
<ele>185</ele>
</trkpt>
<trkpt lat="36.51045194444445" lon="139.00783">
<ele>185</ele>
</trkpt>
<trkpt lat="36.51049694444445" lon="139.0078288888889">
<ele>185</ele>
</trkpt>
<trkpt lat="36.51054194444445" lon="139.0078288888889">
<ele>185</ele>
</trkpt>
<trkpt lat="36.51058611111111" lon="139.0078288888889">
<ele>185</ele>
</trkpt>
<trkpt lat="36.51063111111111" lon="139.00782805555556">
<ele>185</ele>
</trkpt>
<trkpt lat="36.51067611111111" lon="139.00782805555556">
<ele>185</ele>
</trkpt>
<trkpt lat="36.51072111111111" lon="139.00782694444445">
<ele>185</ele>
</trkpt>
<trkpt lat="36.51076611111111" lon="139.00782694444445">
<ele>185</ele>
</trkpt>
<trkpt lat="36.51081111111111" lon="139.00782611111111">
<ele>185</ele>
</trkpt>
<trkpt lat="36.51085611111111" lon="139.00782611111111">
<ele>185</ele>
</trkpt>
<trkpt lat="36.51090111111111" lon="139.007825">
<ele>185</ele>
</trkpt>
<trkpt lat="36.51094611111111" lon="139.007825">
<ele>185</ele>
</trkpt>
<trkpt lat="36.51099111111111" lon="139.00782388888888">
<ele>185</ele>
</trkpt>
<trkpt lat="36.51103611111111" lon="139.00782388888888">
<ele>185</ele>
</trkpt>
<trkpt lat="36.51108111111111" lon="139.00782305555555">
<ele>185</ele>
</trkpt>
<trkpt lat="36.51112611111111" lon="139.00782305555555">
<ele>185</ele>
</trkpt>
<trkpt lat="36.51115" lon="139.00782194444446">
<ele>185</ele>
</trkpt>
<trkpt lat="36.511195" lon="139.00781805555556">
<ele>185</ele>
</trkpt>
<trkpt lat="36.51123888888889" lon="139.00781194444446">
<ele>185</ele>
</trkpt>
<trkpt lat="36.51128388888889" lon="139.00780805555556">
<ele>185</ele>
</trkpt>
<trkpt lat="36.51132888888889" lon="139.00780194444445">
<ele>185</ele>
</trkpt>
<trkpt lat="36.51137388888889" lon="139.00779694444444">
<ele>185</ele>
</trkpt>
<trkpt lat="36.51141888888889" lon="139.00779194444445">
<ele>185</ele>
</trkpt>
<trkpt lat="36.51146305555555" lon="139.00778694444443">
<ele>185</ele>
</trkpt>
<trkpt lat="36.51150805555555" lon="139.00778194444445">
<ele>185</ele>
</trkpt>
<trkpt lat="36.51155305555555" lon="139.00777694444446">
<ele>186</ele>
</trkpt>
<trkpt lat="36.51159805555555" lon="139.00777194444444">
<ele>185</ele>
</trkpt>
<trkpt lat="36.51163" lon="139.00776805555554">
<ele>186</ele>
</trkpt>
<trkpt lat="36.511673888888886" lon="139.00776">
<ele>185</ele>
</trkpt>
<trkpt lat="36.511718888888886" lon="139.00775194444444">
<ele>185</ele>
</trkpt>
<trkpt lat="36.511763055555555" lon="139.00774305555555">
<ele>185</ele>
</trkpt>
<trkpt lat="36.511808055555555" lon="139.007735">
<ele>185</ele>
</trkpt>
<trkpt lat="36.511851944444444" lon="139.00772694444444">
<ele>185</ele>
</trkpt>
<trkpt lat="36.51189611111111" lon="139.0077188888889">
<ele>185</ele>
</trkpt>
<trkpt lat="36.51194111111111" lon="139.00771">
<ele>185</ele>
</trkpt>
<trkpt lat="36.511965" lon="139.0077061111111">
<ele>185</ele>
</trkpt>
<trkpt lat="36.512008888888886" lon="139.00769305555556">
<ele>185</ele>
</trkpt>
<trkpt lat="36.512053055555555" lon="139.0076811111111">
<ele>185</ele>
</trkpt>
<trkpt lat="36.51209611111111" lon="139.00766805555557">
<ele>185</ele>
</trkpt>
<trkpt lat="36.51214" lon="139.00765611111112">
<ele>185</ele>
</trkpt>
<trkpt lat="36.51218388888889" lon="139.00764305555555">
<ele>185</ele>
</trkpt>
<trkpt lat="36.51222805555555" lon="139.00763111111112">
<ele>186</ele>
</trkpt>
<trkpt lat="36.51227194444444" lon="139.00761805555555">
<ele>186</ele>
</trkpt>
<trkpt lat="36.512315" lon="139.0076061111111">
<ele>186</ele>
</trkpt>
<trkpt lat="36.51235888888889" lon="139.00759305555556">
<ele>186</ele>
</trkpt>
    </trkseg>
  </trk>
</gpx>