<?xml version="1.0" encoding="UTF-8"?>
<gpx version="1.1"
     creator="KMLtoGPX"
     xmlns="http://www.topografix.com/GPX/1/1">
  <metadata>
    <name>5 BIG Park Tour Route</name>
    <desc>5 BIG公園巡りルート</desc>
    <bounds minlat="35.992428333333336" minlon="139.35796611111112" maxlat="36.08550888888889" maxlon="139.48646083333333"/>
  </metadata>
  <trk>
    <name>5 BIG Park Tour Route</name>
    <trkseg>
<trkpt lat="36.03765388888889" lon="139.45906">
<ele>13</ele>
</trkpt>
<trkpt lat="36.03769194444445" lon="139.45923305555556">
<ele>13</ele>
</trkpt>
<trkpt lat="36.037725" lon="139.459495">
<ele>13</ele>
</trkpt>
<trkpt lat="36.03776694444444" lon="139.459995">
<ele>13</ele>
</trkpt>
<trkpt lat="36.037775" lon="139.46033194444445">
<ele>13</ele>
</trkpt>
<trkpt lat="36.03775888888889" lon="139.46088194444445">
<ele>13</ele>
</trkpt>
<trkpt lat="36.037708888888886" lon="139.46127">
<ele>13</ele>
</trkpt>
<trkpt lat="36.03773388888889" lon="139.46138194444444">
<ele>13</ele>
</trkpt>
<trkpt lat="36.037708888888886" lon="139.46173194444444">
<ele>13</ele>
</trkpt>
<trkpt lat="36.037666944444446" lon="139.46215694444444">
<ele>13</ele>
</trkpt>
<trkpt lat="36.03762611111111" lon="139.462895">
<ele>13</ele>
</trkpt>
<trkpt lat="36.037616944444444" lon="139.46391888888888">
<ele>13</ele>
</trkpt>
<trkpt lat="36.03765888888889" lon="139.4645438888889">
<ele>13</ele>
</trkpt>
<trkpt lat="36.03775111111111" lon="139.46541888888888">
<ele>13</ele>
</trkpt>
<trkpt lat="36.037908888888886" lon="139.4663688888889">
<ele>13</ele>
</trkpt>
<trkpt lat="36.03816694444444" lon="139.46754388888888">
<ele>13</ele>
</trkpt>
<trkpt lat="36.03818388888889" lon="139.4676188888889">
<ele>13</ele>
</trkpt>
<trkpt lat="36.03844194444444" lon="139.4687188888889">
<ele>13</ele>
</trkpt>
<trkpt lat="36.03873388888889" lon="139.4699811111111">
<ele>13</ele>
</trkpt>
<trkpt lat="36.038941944444446" lon="139.47083111111112">
<ele>13</ele>
</trkpt>
<trkpt lat="36.03910888888889" lon="139.4715811111111">
<ele>13</ele>
</trkpt>
<trkpt lat="36.03919194444445" lon="139.4718938888889">
<ele>13</ele>
</trkpt>
<trkpt lat="36.03951694444444" lon="139.47331888888888">
<ele>14</ele>
</trkpt>
<trkpt lat="36.03965111111111" lon="139.47389305555555">
<ele>14</ele>
</trkpt>
<trkpt lat="36.039741944444444" lon="139.47424305555555">
<ele>14</ele>
</trkpt>
<trkpt lat="36.039926111111114" lon="139.47501805555555">
<ele>14</ele>
</trkpt>
<trkpt lat="36.04009194444444" lon="139.4755561111111">
<ele>14</ele>
</trkpt>
<trkpt lat="36.04040111111111" lon="139.4764561111111">
<ele>14</ele>
</trkpt>
<trkpt lat="36.040391944444444" lon="139.4765811111111">
<ele>14</ele>
</trkpt>
<trkpt lat="36.04052611111111" lon="139.47695611111112">
<ele>14</ele>
</trkpt>
<trkpt lat="36.04071694444445" lon="139.47743111111112">
<ele>14</ele>
</trkpt>
<trkpt lat="36.04087611111111" lon="139.47781805555556">
<ele>15</ele>
</trkpt>
<trkpt lat="36.04087888888889" lon="139.47782388888888">
<ele>15</ele>
</trkpt>
<trkpt lat="36.04087888888889" lon="139.47782388888888">
<ele>15</ele>
</trkpt>
<trkpt lat="36.04090194444444" lon="139.4777761111111">
<ele>15</ele>
</trkpt>
<trkpt lat="36.040925" lon="139.4777286111111">
<ele>15</ele>
</trkpt>
<trkpt lat="36.04094805555555" lon="139.47768083333332">
<ele>15</ele>
</trkpt>
<trkpt lat="36.04097138888889" lon="139.47763333333333">
<ele>15</ele>
</trkpt>
<trkpt lat="36.04099444444444" lon="139.47758555555555">
<ele>15</ele>
</trkpt>
<trkpt lat="36.0410175" lon="139.47753805555556">
<ele>15</ele>
</trkpt>
<trkpt lat="36.041040555555554" lon="139.47749027777778">
<ele>15</ele>
</trkpt>
<trkpt lat="36.04106361111111" lon="139.47744277777778">
<ele>15</ele>
</trkpt>
<trkpt lat="36.041086666666665" lon="139.477395">
<ele>15</ele>
</trkpt>
<trkpt lat="36.041109722222224" lon="139.4773475">
<ele>15</ele>
</trkpt>
<trkpt lat="36.041133055555555" lon="139.47729972222223">
<ele>15</ele>
</trkpt>
<trkpt lat="36.041156111111114" lon="139.47725222222223">
<ele>15</ele>
</trkpt>
<trkpt lat="36.041179166666666" lon="139.47720444444445">
<ele>15</ele>
</trkpt>
<trkpt lat="36.04118111111111" lon="139.47720055555556">
<ele>15</ele>
</trkpt>
<trkpt lat="36.04118111111111" lon="139.47720055555556">
<ele>15</ele>
</trkpt>
<trkpt lat="36.041223611111114" lon="139.47718305555554">
<ele>15</ele>
</trkpt>
<trkpt lat="36.041266388888886" lon="139.47716555555556">
<ele>15</ele>
</trkpt>
<trkpt lat="36.04129805555556" lon="139.47715222222223">
<ele>15</ele>
</trkpt>
<trkpt lat="36.04129805555556" lon="139.47715222222223">
<ele>15</ele>
</trkpt>
<trkpt lat="36.04132638888889" lon="139.47710916666668">
<ele>15</ele>
</trkpt>
<trkpt lat="36.04135472222222" lon="139.4770661111111">
<ele>15</ele>
</trkpt>
<trkpt lat="36.041383055555556" lon="139.4770227777778">
<ele>15</ele>
</trkpt>
<trkpt lat="36.04141138888889" lon="139.4769797222222">
<ele>15</ele>
</trkpt>
<trkpt lat="36.04143972222222" lon="139.47693666666666">
<ele>15</ele>
</trkpt>
<trkpt lat="36.041468055555555" lon="139.4768936111111">
<ele>15</ele>
</trkpt>
<trkpt lat="36.04149611111111" lon="139.47685027777777">
<ele>15</ele>
</trkpt>
<trkpt lat="36.04152444444444" lon="139.47680722222222">
<ele>15</ele>
</trkpt>
<trkpt lat="36.04155277777778" lon="139.47676416666667">
<ele>15</ele>
</trkpt>
<trkpt lat="36.041581111111114" lon="139.47672083333333">
<ele>15</ele>
</trkpt>
<trkpt lat="36.04160944444445" lon="139.47667777777778">
<ele>15</ele>
</trkpt>
<trkpt lat="36.04163777777778" lon="139.47663472222223">
<ele>15</ele>
</trkpt>
<trkpt lat="36.04166611111111" lon="139.47659166666668">
<ele>15</ele>
</trkpt>
<trkpt lat="36.041694444444445" lon="139.47654833333334">
<ele>15</ele>
</trkpt>
<trkpt lat="36.0417225" lon="139.4765052777778">
<ele>15</ele>
</trkpt>
<trkpt lat="36.04175083333333" lon="139.4764622222222">
<ele>15</ele>
</trkpt>
<trkpt lat="36.041779166666664" lon="139.4764188888889">
<ele>15</ele>
</trkpt>
<trkpt lat="36.0418075" lon="139.47637583333332">
<ele>15</ele>
</trkpt>
<trkpt lat="36.04183583333333" lon="139.47633277777777">
<ele>15</ele>
</trkpt>
<trkpt lat="36.04185777777778" lon="139.47629944444444">
<ele>15</ele>
</trkpt>
<trkpt lat="36.04185777777778" lon="139.47629944444444">
<ele>15</ele>
</trkpt>
<trkpt lat="36.041890277777775" lon="139.4762613888889">
<ele>15</ele>
</trkpt>
<trkpt lat="36.04192305555556" lon="139.47622333333334">
<ele>15</ele>
</trkpt>
<trkpt lat="36.04195583333333" lon="139.476185">
<ele>15</ele>
</trkpt>
<trkpt lat="36.04198861111111" lon="139.47614694444445">
<ele>15</ele>
</trkpt>
<trkpt lat="36.04202111111111" lon="139.4761088888889">
<ele>15</ele>
</trkpt>
<trkpt lat="36.04205388888889" lon="139.47607083333332">
<ele>15</ele>
</trkpt>
<trkpt lat="36.04208666666667" lon="139.4760327777778">
<ele>15</ele>
</trkpt>
<trkpt lat="36.042119166666666" lon="139.47599472222223">
<ele>15</ele>
</trkpt>
<trkpt lat="36.04215194444444" lon="139.47595666666666">
<ele>15</ele>
</trkpt>
<trkpt lat="36.042184722222224" lon="139.4759186111111">
<ele>15</ele>
</trkpt>
<trkpt lat="36.0422175" lon="139.47588055555556">
<ele>15</ele>
</trkpt>
<trkpt lat="36.04225" lon="139.4758425">
<ele>15</ele>
</trkpt>
<trkpt lat="36.04228277777778" lon="139.47580416666668">
<ele>15</ele>
</trkpt>
<trkpt lat="36.042315555555554" lon="139.4757661111111">
<ele>15</ele>
</trkpt>
<trkpt lat="36.04234805555556" lon="139.47572805555555">
<ele>15</ele>
</trkpt>
<trkpt lat="36.04238083333333" lon="139.47569">
<ele>15</ele>
</trkpt>
<trkpt lat="36.04241361111111" lon="139.47565194444445">
<ele>15</ele>
</trkpt>
<trkpt lat="36.04244638888889" lon="139.4756138888889">
<ele>15</ele>
</trkpt>
<trkpt lat="36.04247888888889" lon="139.47557583333332">
<ele>15</ele>
</trkpt>
<trkpt lat="36.04251166666667" lon="139.4755377777778">
<ele>15</ele>
</trkpt>
<trkpt lat="36.042544444444445" lon="139.47549972222222">
<ele>15</ele>
</trkpt>
<trkpt lat="36.04257694444444" lon="139.4754613888889">
<ele>15</ele>
</trkpt>
<trkpt lat="36.042609722222224" lon="139.47542333333334">
<ele>15</ele>
</trkpt>
<trkpt lat="36.0426425" lon="139.47538527777778">
<ele>15</ele>
</trkpt>
<trkpt lat="36.042675277777775" lon="139.4753472222222">
<ele>15</ele>
</trkpt>
<trkpt lat="36.04270777777778" lon="139.47530916666668">
<ele>15</ele>
</trkpt>
<trkpt lat="36.042740555555554" lon="139.4752711111111">
<ele>15</ele>
</trkpt>
<trkpt lat="36.042773333333336" lon="139.47523305555555">
<ele>15</ele>
</trkpt>
<trkpt lat="36.04280583333333" lon="139.475195">
<ele>15</ele>
</trkpt>
<trkpt lat="36.04283861111111" lon="139.47515694444445">
<ele>15</ele>
</trkpt>
<trkpt lat="36.04287138888889" lon="139.4751188888889">
<ele>15</ele>
</trkpt>
<trkpt lat="36.042900833333334" lon="139.47508444444443">
<ele>15</ele>
</trkpt>
<trkpt lat="36.042900833333334" lon="139.47508444444443">
<ele>15</ele>
</trkpt>
<trkpt lat="36.04293638888889" lon="139.47505027777777">
<ele>15</ele>
</trkpt>
<trkpt lat="36.042971666666666" lon="139.4750161111111">
<ele>15</ele>
</trkpt>
<trkpt lat="36.04300722222222" lon="139.47498166666668">
<ele>15</ele>
</trkpt>
<trkpt lat="36.0430425" lon="139.4749475">
<ele>15</ele>
</trkpt>
<trkpt lat="36.043078055555554" lon="139.47491333333335">
<ele>15</ele>
</trkpt>
<trkpt lat="36.04311333333333" lon="139.47487916666665">
<ele>15</ele>
</trkpt>
<trkpt lat="36.043148611111114" lon="139.474845">
<ele>15</ele>
</trkpt>
<trkpt lat="36.04318416666667" lon="139.47481083333332">
<ele>15</ele>
</trkpt>
<trkpt lat="36.043219444444446" lon="139.47477666666666">
<ele>15</ele>
</trkpt>
<trkpt lat="36.043255" lon="139.4747425">
<ele>15</ele>
</trkpt>
<trkpt lat="36.04329027777778" lon="139.47470833333333">
<ele>15</ele>
</trkpt>
<trkpt lat="36.043325833333334" lon="139.47467416666666">
<ele>15</ele>
</trkpt>
<trkpt lat="36.04336111111111" lon="139.47464">
<ele>16</ele>
</trkpt>
<trkpt lat="36.043396666666666" lon="139.47460583333333">
<ele>16</ele>
</trkpt>
<trkpt lat="36.04343194444444" lon="139.47457166666666">
<ele>16</ele>
</trkpt>
<trkpt lat="36.0434675" lon="139.4745375">
<ele>16</ele>
</trkpt>
<trkpt lat="36.043502777777775" lon="139.47450333333333">
<ele>16</ele>
</trkpt>
<trkpt lat="36.04353805555556" lon="139.47446916666667">
<ele>16</ele>
</trkpt>
<trkpt lat="36.043573611111114" lon="139.474435">
<ele>16</ele>
</trkpt>
<trkpt lat="36.04360888888889" lon="139.47440083333333">
<ele>16</ele>
</trkpt>
<trkpt lat="36.043644444444446" lon="139.47436638888888">
<ele>16</ele>
</trkpt>
<trkpt lat="36.04367972222222" lon="139.47433222222222">
<ele>16</ele>
</trkpt>
<trkpt lat="36.04371527777778" lon="139.47429805555555">
<ele>16</ele>
</trkpt>
<trkpt lat="36.043750555555555" lon="139.47426388888888">
<ele>16</ele>
</trkpt>
<trkpt lat="36.04378611111111" lon="139.47422972222222">
<ele>16</ele>
</trkpt>
<trkpt lat="36.04382138888889" lon="139.47419555555555">
<ele>16</ele>
</trkpt>
<trkpt lat="36.04385694444444" lon="139.4741613888889">
<ele>16</ele>
</trkpt>
<trkpt lat="36.04389222222222" lon="139.47412722222222">
<ele>16</ele>
</trkpt>
<trkpt lat="36.043927777777775" lon="139.47409305555556">
<ele>16</ele>
</trkpt>
<trkpt lat="36.04396305555556" lon="139.4740588888889">
<ele>16</ele>
</trkpt>
<trkpt lat="36.043998333333334" lon="139.47402472222223">
<ele>16</ele>
</trkpt>
<trkpt lat="36.04403388888889" lon="139.47399055555556">
<ele>16</ele>
</trkpt>
<trkpt lat="36.04406916666667" lon="139.4739563888889">
<ele>16</ele>
</trkpt>
<trkpt lat="36.04409111111111" lon="139.47393527777777">
<ele>16</ele>
</trkpt>
<trkpt lat="36.04409111111111" lon="139.47393527777777">
<ele>16</ele>
</trkpt>
<trkpt lat="36.04414166666667" lon="139.47390027777777">
<ele>16</ele>
</trkpt>
<trkpt lat="36.0441925" lon="139.47386527777778">
<ele>16</ele>
</trkpt>
<trkpt lat="36.044243055555555" lon="139.47383027777778">
<ele>16</ele>
</trkpt>
<trkpt lat="36.04429388888889" lon="139.47379527777778">
<ele>16</ele>
</trkpt>
<trkpt lat="36.04434444444444" lon="139.47376027777779">
<ele>16</ele>
</trkpt>
<trkpt lat="36.04439527777778" lon="139.4737252777778">
<ele>16</ele>
</trkpt>
<trkpt lat="36.044445833333334" lon="139.4736902777778">
<ele>16</ele>
</trkpt>
<trkpt lat="36.04449638888889" lon="139.47365527777777">
<ele>16</ele>
</trkpt>
<trkpt lat="36.04454722222222" lon="139.47362027777777">
<ele>16</ele>
</trkpt>
<trkpt lat="36.04459777777778" lon="139.47358527777777">
<ele>17</ele>
</trkpt>
<trkpt lat="36.044648611111114" lon="139.47355027777778">
<ele>17</ele>
</trkpt>
<trkpt lat="36.04469916666667" lon="139.47351527777778">
<ele>17</ele>
</trkpt>
<trkpt lat="36.04475" lon="139.47348027777778">
<ele>17</ele>
</trkpt>
<trkpt lat="36.044800555555554" lon="139.47344527777778">
<ele>17</ele>
</trkpt>
<trkpt lat="36.04485138888889" lon="139.47341">
<ele>17</ele>
</trkpt>
<trkpt lat="36.04490194444445" lon="139.473375">
<ele>17</ele>
</trkpt>
<trkpt lat="36.0449525" lon="139.47334">
<ele>17</ele>
</trkpt>
<trkpt lat="36.045003333333334" lon="139.473305">
<ele>17</ele>
</trkpt>
<trkpt lat="36.04505388888889" lon="139.47327">
<ele>17</ele>
</trkpt>
<trkpt lat="36.04510472222222" lon="139.473235">
<ele>17</ele>
</trkpt>
<trkpt lat="36.04515527777778" lon="139.4732">
<ele>17</ele>
</trkpt>
<trkpt lat="36.04520611111111" lon="139.473165">
<ele>17</ele>
</trkpt>
<trkpt lat="36.04525666666667" lon="139.47313">
<ele>17</ele>
</trkpt>
<trkpt lat="36.0453075" lon="139.473095">
<ele>17</ele>
</trkpt>
<trkpt lat="36.04535805555555" lon="139.47306">
<ele>17</ele>
</trkpt>
<trkpt lat="36.045408611111114" lon="139.473025">
<ele>17</ele>
</trkpt>
<trkpt lat="36.04545944444445" lon="139.47299">
<ele>17</ele>
</trkpt>
<trkpt lat="36.04551" lon="139.472955">
<ele>17</ele>
</trkpt>
<trkpt lat="36.04556083333333" lon="139.47292">
<ele>17</ele>
</trkpt>
<trkpt lat="36.04561138888889" lon="139.472885">
<ele>17</ele>
</trkpt>
<trkpt lat="36.04566222222222" lon="139.47285">
<ele>17</ele>
</trkpt>
<trkpt lat="36.04571277777778" lon="139.472815">
<ele>17</ele>
</trkpt>
<trkpt lat="36.04576361111111" lon="139.47278">
<ele>17</ele>
</trkpt>
<trkpt lat="36.045814166666666" lon="139.472745">
<ele>17</ele>
</trkpt>
<trkpt lat="36.04586472222222" lon="139.47271">
<ele>17</ele>
</trkpt>
<trkpt lat="36.04591555555555" lon="139.472675">
<ele>18</ele>
</trkpt>
<trkpt lat="36.04596611111111" lon="139.47264">
<ele>18</ele>
</trkpt>
<trkpt lat="36.046016944444446" lon="139.472605">
<ele>18</ele>
</trkpt>
<trkpt lat="36.046016944444446" lon="139.472605">
<ele>18</ele>
</trkpt>
<trkpt lat="36.046055833333334" lon="139.4725775">
<ele>18</ele>
</trkpt>
<trkpt lat="36.046095" lon="139.47255">
<ele>18</ele>
</trkpt>
<trkpt lat="36.04613388888889" lon="139.4725225">
<ele>18</ele>
</trkpt>
<trkpt lat="36.046173055555556" lon="139.47249472222222">
<ele>18</ele>
</trkpt>
<trkpt lat="36.046211944444444" lon="139.47246722222224">
<ele>18</ele>
</trkpt>
<trkpt lat="36.04625111111111" lon="139.47243972222222">
<ele>18</ele>
</trkpt>
<trkpt lat="36.04629" lon="139.47241222222223">
<ele>18</ele>
</trkpt>
<trkpt lat="36.046329166666666" lon="139.47238472222222">
<ele>18</ele>
</trkpt>
<trkpt lat="36.046368055555554" lon="139.47235722222223">
<ele>18</ele>
</trkpt>
<trkpt lat="36.04640694444444" lon="139.4723297222222">
<ele>18</ele>
</trkpt>
<trkpt lat="36.04644611111111" lon="139.47230222222223">
<ele>18</ele>
</trkpt>
<trkpt lat="36.046485" lon="139.4722747222222">
<ele>18</ele>
</trkpt>
<trkpt lat="36.046524166666664" lon="139.47224722222222">
<ele>18</ele>
</trkpt>
<trkpt lat="36.04656305555555" lon="139.47221972222223">
<ele>18</ele>
</trkpt>
<trkpt lat="36.04660222222222" lon="139.47219222222222">
<ele>18</ele>
</trkpt>
<trkpt lat="36.046641111111114" lon="139.47216472222223">
<ele>18</ele>
</trkpt>
<trkpt lat="36.046680277777774" lon="139.47213722222222">
<ele>18</ele>
</trkpt>
<trkpt lat="36.04671916666667" lon="139.47210972222223">
<ele>18</ele>
</trkpt>
<trkpt lat="36.04675833333334" lon="139.4720822222222">
<ele>18</ele>
</trkpt>
<trkpt lat="36.046797222222224" lon="139.47205472222223">
<ele>18</ele>
</trkpt>
<trkpt lat="36.04683638888889" lon="139.4720272222222">
<ele>18</ele>
</trkpt>
<trkpt lat="36.04687527777778" lon="139.47199972222222">
<ele>18</ele>
</trkpt>
<trkpt lat="36.04691444444445" lon="139.47197194444445">
<ele>18</ele>
</trkpt>
<trkpt lat="36.046953333333335" lon="139.47194444444443">
<ele>18</ele>
</trkpt>
<trkpt lat="36.046975555555555" lon="139.4719288888889">
<ele>18</ele>
</trkpt>
<trkpt lat="36.046975555555555" lon="139.4719288888889">
<ele>18</ele>
</trkpt>
<trkpt lat="36.04701583333333" lon="139.47190472222223">
<ele>18</ele>
</trkpt>
<trkpt lat="36.04705611111111" lon="139.47188027777779">
<ele>18</ele>
</trkpt>
<trkpt lat="36.04709666666667" lon="139.47185611111112">
<ele>18</ele>
</trkpt>
<trkpt lat="36.047135833333336" lon="139.4718325">
<ele>19</ele>
</trkpt>
<trkpt lat="36.04713888888889" lon="139.47184">
<ele>19</ele>
</trkpt>
<trkpt lat="36.04824888888889" lon="139.47106888888888">
<ele>19</ele>
</trkpt>
<trkpt lat="36.04854111111111" lon="139.4708688888889">
<ele>20</ele>
</trkpt>
<trkpt lat="36.049008055555554" lon="139.4705561111111">
<ele>20</ele>
</trkpt>
<trkpt lat="36.04936611111111" lon="139.4703061111111">
<ele>21</ele>
</trkpt>
<trkpt lat="36.050158055555556" lon="139.4697438888889">
<ele>21</ele>
</trkpt>
<trkpt lat="36.050581944444446" lon="139.4694561111111">
<ele>21</ele>
</trkpt>
<trkpt lat="36.05087388888889" lon="139.4692938888889">
<ele>21</ele>
</trkpt>
<trkpt lat="36.05104111111111" lon="139.4692311111111">
<ele>21</ele>
</trkpt>
<trkpt lat="36.051248888888885" lon="139.46914388888888">
<ele>21</ele>
</trkpt>
<trkpt lat="36.05158194444444" lon="139.46903111111112">
<ele>21</ele>
</trkpt>
<trkpt lat="36.05219888888889" lon="139.46883111111111">
<ele>21</ele>
</trkpt>
<trkpt lat="36.052416111111114" lon="139.4687811111111">
<ele>20</ele>
</trkpt>
<trkpt lat="36.05299888888889" lon="139.4686188888889">
<ele>21</ele>
</trkpt>
<trkpt lat="36.05357388888889" lon="139.46846888888888">
<ele>21</ele>
</trkpt>
<trkpt lat="36.05491388888889" lon="139.46808694444445">
<ele>21</ele>
</trkpt>
<trkpt lat="36.05491388888889" lon="139.46808694444445">
<ele>21</ele>
</trkpt>
<trkpt lat="36.05495805555555" lon="139.46807611111112">
<ele>21</ele>
</trkpt>
<trkpt lat="36.05500194444444" lon="139.46806527777778">
<ele>21</ele>
</trkpt>
<trkpt lat="36.05504611111111" lon="139.46805444444445">
<ele>21</ele>
</trkpt>
<trkpt lat="36.05509" lon="139.4680436111111">
<ele>21</ele>
</trkpt>
<trkpt lat="36.05513416666667" lon="139.46803277777778">
<ele>20</ele>
</trkpt>
<trkpt lat="36.05517833333333" lon="139.46802194444444">
<ele>20</ele>
</trkpt>
<trkpt lat="36.05522222222222" lon="139.4680113888889">
<ele>20</ele>
</trkpt>
<trkpt lat="36.05526638888889" lon="139.46800055555556">
<ele>20</ele>
</trkpt>
<trkpt lat="36.05531027777778" lon="139.46798972222223">
<ele>20</ele>
</trkpt>
<trkpt lat="36.05535444444445" lon="139.4679788888889">
<ele>21</ele>
</trkpt>
<trkpt lat="36.05539861111111" lon="139.46796805555556">
<ele>21</ele>
</trkpt>
<trkpt lat="36.0554425" lon="139.46795722222222">
<ele>21</ele>
</trkpt>
<trkpt lat="36.05548666666667" lon="139.4679463888889">
<ele>20</ele>
</trkpt>
<trkpt lat="36.055530555555556" lon="139.46793555555556">
<ele>20</ele>
</trkpt>
<trkpt lat="36.055574722222225" lon="139.46792472222222">
<ele>20</ele>
</trkpt>
<trkpt lat="36.05561888888889" lon="139.4679138888889">
<ele>20</ele>
</trkpt>
<trkpt lat="36.055662777777776" lon="139.46790305555555">
<ele>20</ele>
</trkpt>
<trkpt lat="36.055706944444445" lon="139.46789222222222">
<ele>20</ele>
</trkpt>
<trkpt lat="36.055750833333335" lon="139.46788138888888">
<ele>21</ele>
</trkpt>
<trkpt lat="36.055795" lon="139.46787055555555">
<ele>21</ele>
</trkpt>
<trkpt lat="36.055839166666665" lon="139.46786">
<ele>21</ele>
</trkpt>
<trkpt lat="36.055883055555555" lon="139.46784916666667">
<ele>21</ele>
</trkpt>
<trkpt lat="36.05592722222222" lon="139.46783833333333">
<ele>21</ele>
</trkpt>
<trkpt lat="36.05597138888889" lon="139.4678275">
<ele>21</ele>
</trkpt>
<trkpt lat="36.056015277777774" lon="139.46781666666666">
<ele>20</ele>
</trkpt>
<trkpt lat="36.05605944444444" lon="139.46780583333333">
<ele>20</ele>
</trkpt>
<trkpt lat="36.05610333333333" lon="139.467795">
<ele>20</ele>
</trkpt>
<trkpt lat="36.0561475" lon="139.46778416666666">
<ele>20</ele>
</trkpt>
<trkpt lat="36.05619166666666" lon="139.46777333333333">
<ele>21</ele>
</trkpt>
<trkpt lat="36.05623555555555" lon="139.4677625">
<ele>21</ele>
</trkpt>
<trkpt lat="36.05627305555556" lon="139.46775333333332">
<ele>21</ele>
</trkpt>
<trkpt lat="36.05627305555556" lon="139.46775333333332">
<ele>21</ele>
</trkpt>
<trkpt lat="36.05641444444444" lon="139.46775027777778">
<ele>21</ele>
</trkpt>
<trkpt lat="36.056555833333334" lon="139.46774722222221">
<ele>20</ele>
</trkpt>
<trkpt lat="36.05669694444445" lon="139.4677438888889">
<ele>20</ele>
</trkpt>
<trkpt lat="36.05683833333333" lon="139.46774083333332">
<ele>20</ele>
</trkpt>
<trkpt lat="36.056979444444444" lon="139.46773777777778">
<ele>20</ele>
</trkpt>
<trkpt lat="36.057120833333336" lon="139.46773472222222">
<ele>20</ele>
</trkpt>
<trkpt lat="36.05726222222222" lon="139.46773166666668">
<ele>20</ele>
</trkpt>
<trkpt lat="36.05740333333333" lon="139.4677286111111">
<ele>20</ele>
</trkpt>
<trkpt lat="36.057544722222225" lon="139.4677252777778">
<ele>20</ele>
</trkpt>
<trkpt lat="36.05768611111111" lon="139.46772222222222">
<ele>20</ele>
</trkpt>
<trkpt lat="36.05782722222222" lon="139.46771916666665">
<ele>19</ele>
</trkpt>
<trkpt lat="36.057968611111114" lon="139.46771611111112">
<ele>19</ele>
</trkpt>
<trkpt lat="36.05810972222222" lon="139.46771305555555">
<ele>19</ele>
</trkpt>
<trkpt lat="36.05825111111111" lon="139.46770972222222">
<ele>19</ele>
</trkpt>
<trkpt lat="36.0583925" lon="139.46770666666666">
<ele>19</ele>
</trkpt>
<trkpt lat="36.05853361111111" lon="139.46770361111112">
<ele>19</ele>
</trkpt>
<trkpt lat="36.058675" lon="139.46770055555555">
<ele>19</ele>
</trkpt>
<trkpt lat="36.05881611111111" lon="139.4676975">
<ele>19</ele>
</trkpt>
<trkpt lat="36.0589575" lon="139.46769444444445">
<ele>19</ele>
</trkpt>
<trkpt lat="36.05909888888889" lon="139.46769111111112">
<ele>19</ele>
</trkpt>
<trkpt lat="36.05924" lon="139.46768805555556">
<ele>19</ele>
</trkpt>
<trkpt lat="36.05938138888889" lon="139.467685">
<ele>19</ele>
</trkpt>
<trkpt lat="36.05952277777778" lon="139.46768194444445">
<ele>19</ele>
</trkpt>
<trkpt lat="36.05966388888889" lon="139.46767888888888">
<ele>19</ele>
</trkpt>
<trkpt lat="36.05980527777778" lon="139.46767555555556">
<ele>19</ele>
</trkpt>
<trkpt lat="36.05994638888889" lon="139.4676725">
<ele>19</ele>
</trkpt>
<trkpt lat="36.06008777777778" lon="139.46766944444445">
<ele>19</ele>
</trkpt>
<trkpt lat="36.060229166666666" lon="139.4676663888889">
<ele>20</ele>
</trkpt>
<trkpt lat="36.06037027777778" lon="139.46766333333332">
<ele>20</ele>
</trkpt>
<trkpt lat="36.06051166666666" lon="139.46766027777778">
<ele>20</ele>
</trkpt>
<trkpt lat="36.060653055555555" lon="139.46765694444446">
<ele>20</ele>
</trkpt>
<trkpt lat="36.06079416666667" lon="139.4676538888889">
<ele>20</ele>
</trkpt>
<trkpt lat="36.06093555555555" lon="139.46765083333332">
<ele>20</ele>
</trkpt>
<trkpt lat="36.061076666666665" lon="139.46764777777778">
<ele>20</ele>
</trkpt>
<trkpt lat="36.06121805555556" lon="139.46764472222222">
<ele>20</ele>
</trkpt>
<trkpt lat="36.06135944444444" lon="139.4676413888889">
<ele>20</ele>
</trkpt>
<trkpt lat="36.061500555555554" lon="139.46763833333333">
<ele>20</ele>
</trkpt>
<trkpt lat="36.061641944444446" lon="139.4676352777778">
<ele>20</ele>
</trkpt>
<trkpt lat="36.061641944444446" lon="139.4676352777778">
<ele>20</ele>
</trkpt>
<trkpt lat="36.061641944444446" lon="139.4676352777778">
<ele>20</ele>
</trkpt>
<trkpt lat="36.06168666666667" lon="139.46763194444443">
<ele>20</ele>
</trkpt>
<trkpt lat="36.06173166666667" lon="139.4676286111111">
<ele>20</ele>
</trkpt>
<trkpt lat="36.06177638888889" lon="139.46762527777778">
<ele>20</ele>
</trkpt>
<trkpt lat="36.06182138888889" lon="139.46762194444443">
<ele>20</ele>
</trkpt>
<trkpt lat="36.06186611111111" lon="139.4676186111111">
<ele>20</ele>
</trkpt>
<trkpt lat="36.061910833333336" lon="139.46761527777778">
<ele>20</ele>
</trkpt>
<trkpt lat="36.061955833333336" lon="139.46761166666667">
<ele>20</ele>
</trkpt>
<trkpt lat="36.06200055555556" lon="139.46760833333335">
<ele>20</ele>
</trkpt>
<trkpt lat="36.06204555555556" lon="139.467605">
<ele>20</ele>
</trkpt>
<trkpt lat="36.06209027777778" lon="139.46760166666667">
<ele>20</ele>
</trkpt>
<trkpt lat="36.062135" lon="139.46759833333334">
<ele>21</ele>
</trkpt>
<trkpt lat="36.06218" lon="139.467595">
<ele>21</ele>
</trkpt>
<trkpt lat="36.06221444444444" lon="139.4675925">
<ele>21</ele>
</trkpt>
<trkpt lat="36.06221444444444" lon="139.4675925">
<ele>21</ele>
</trkpt>
<trkpt lat="36.06225833333333" lon="139.46758166666666">
<ele>20</ele>
</trkpt>
<trkpt lat="36.0623025" lon="139.46757083333333">
<ele>20</ele>
</trkpt>
<trkpt lat="36.06234666666667" lon="139.46756027777778">
<ele>20</ele>
</trkpt>
<trkpt lat="36.06239055555555" lon="139.46754944444444">
<ele>20</ele>
</trkpt>
<trkpt lat="36.06243472222222" lon="139.4675388888889">
<ele>20</ele>
</trkpt>
<trkpt lat="36.06247888888889" lon="139.46752805555556">
<ele>21</ele>
</trkpt>
<trkpt lat="36.06252277777778" lon="139.46751722222223">
<ele>21</ele>
</trkpt>
<trkpt lat="36.06256694444444" lon="139.46750666666668">
<ele>21</ele>
</trkpt>
<trkpt lat="36.06261111111111" lon="139.46749583333334">
<ele>21</ele>
</trkpt>
<trkpt lat="36.062655" lon="139.46748527777777">
<ele>21</ele>
</trkpt>
<trkpt lat="36.06269916666667" lon="139.46747444444443">
<ele>20</ele>
</trkpt>
<trkpt lat="36.06274333333333" lon="139.4674638888889">
<ele>20</ele>
</trkpt>
<trkpt lat="36.06278722222222" lon="139.46745305555555">
<ele>20</ele>
</trkpt>
<trkpt lat="36.06283138888889" lon="139.46744222222222">
<ele>21</ele>
</trkpt>
<trkpt lat="36.06287555555556" lon="139.46743166666667">
<ele>21</ele>
</trkpt>
<trkpt lat="36.06291944444445" lon="139.46742083333334">
<ele>21</ele>
</trkpt>
<trkpt lat="36.06296361111111" lon="139.4674102777778">
<ele>21</ele>
</trkpt>
<trkpt lat="36.0630075" lon="139.46739944444445">
<ele>21</ele>
</trkpt>
<trkpt lat="36.06305166666667" lon="139.46738861111112">
<ele>21</ele>
</trkpt>
<trkpt lat="36.063095833333335" lon="139.46737805555554">
<ele>21</ele>
</trkpt>
<trkpt lat="36.063139722222225" lon="139.4673672222222">
<ele>20</ele>
</trkpt>
<trkpt lat="36.06318388888889" lon="139.46735666666666">
<ele>20</ele>
</trkpt>
<trkpt lat="36.063228055555555" lon="139.46734583333333">
<ele>20</ele>
</trkpt>
<trkpt lat="36.063271944444445" lon="139.467335">
<ele>20</ele>
</trkpt>
<trkpt lat="36.063316111111114" lon="139.46732444444444">
<ele>19</ele>
</trkpt>
<trkpt lat="36.063360277777775" lon="139.4673136111111">
<ele>20</ele>
</trkpt>
<trkpt lat="36.063404166666665" lon="139.46730305555556">
<ele>20</ele>
</trkpt>
<trkpt lat="36.06344833333333" lon="139.46729222222223">
<ele>20</ele>
</trkpt>
<trkpt lat="36.0634925" lon="139.4672813888889">
<ele>20</ele>
</trkpt>
<trkpt lat="36.06353638888889" lon="139.46727083333334">
<ele>20</ele>
</trkpt>
<trkpt lat="36.06358055555555" lon="139.46726">
<ele>21</ele>
</trkpt>
<trkpt lat="36.06362472222222" lon="139.46724944444443">
<ele>21</ele>
</trkpt>
<trkpt lat="36.06366861111111" lon="139.4672386111111">
<ele>21</ele>
</trkpt>
<trkpt lat="36.06371277777778" lon="139.46722777777777">
<ele>21</ele>
</trkpt>
<trkpt lat="36.06375694444444" lon="139.46721722222222">
<ele>20</ele>
</trkpt>
<trkpt lat="36.06375805555555" lon="139.46721694444443">
<ele>20</ele>
</trkpt>
<trkpt lat="36.06375805555555" lon="139.46721694444443">
<ele>20</ele>
</trkpt>
<trkpt lat="36.06379916666667" lon="139.4671938888889">
<ele>21</ele>
</trkpt>
<trkpt lat="36.06384" lon="139.4671711111111">
<ele>21</ele>
</trkpt>
<trkpt lat="36.063880833333336" lon="139.46714805555555">
<ele>21</ele>
</trkpt>
<trkpt lat="36.063921666666666" lon="139.46712527777777">
<ele>20</ele>
</trkpt>
<trkpt lat="36.063962777777775" lon="139.4671025">
<ele>20</ele>
</trkpt>
<trkpt lat="36.06400361111111" lon="139.46707944444444">
<ele>21</ele>
</trkpt>
<trkpt lat="36.06404444444444" lon="139.46705666666668">
<ele>21</ele>
</trkpt>
<trkpt lat="36.06408555555556" lon="139.4670336111111">
<ele>21</ele>
</trkpt>
<trkpt lat="36.06412638888889" lon="139.46701083333335">
<ele>20</ele>
</trkpt>
<trkpt lat="36.064167222222224" lon="139.46698777777777">
<ele>20</ele>
</trkpt>
<trkpt lat="36.06420833333333" lon="139.466965">
<ele>20</ele>
</trkpt>
<trkpt lat="36.06424916666667" lon="139.46694194444444">
<ele>21</ele>
</trkpt>
<trkpt lat="36.06429" lon="139.46691916666666">
<ele>21</ele>
</trkpt>
<trkpt lat="36.06433111111111" lon="139.4668963888889">
<ele>21</ele>
</trkpt>
<trkpt lat="36.064371944444446" lon="139.46687333333333">
<ele>21</ele>
</trkpt>
<trkpt lat="36.064412777777775" lon="139.46685055555557">
<ele>21</ele>
</trkpt>
<trkpt lat="36.06445388888889" lon="139.4668275">
<ele>20</ele>
</trkpt>
<trkpt lat="36.06448666666667" lon="139.46680916666668">
<ele>20</ele>
</trkpt>
<trkpt lat="36.06448666666667" lon="139.46680916666668">
<ele>20</ele>
</trkpt>
<trkpt lat="36.0645225" lon="139.46677555555556">
<ele>20</ele>
</trkpt>
<trkpt lat="36.06455833333333" lon="139.46674222222222">
<ele>21</ele>
</trkpt>
<trkpt lat="36.064594166666666" lon="139.4667086111111">
<ele>21</ele>
</trkpt>
<trkpt lat="36.06463" lon="139.46667527777777">
<ele>21</ele>
</trkpt>
<trkpt lat="36.064665833333336" lon="139.46664166666667">
<ele>20</ele>
</trkpt>
<trkpt lat="36.064701666666664" lon="139.46660833333334">
<ele>21</ele>
</trkpt>
<trkpt lat="36.0647375" lon="139.46657472222222">
<ele>21</ele>
</trkpt>
<trkpt lat="36.064773333333335" lon="139.4665411111111">
<ele>20</ele>
</trkpt>
<trkpt lat="36.06480916666667" lon="139.46650777777776">
<ele>20</ele>
</trkpt>
<trkpt lat="36.064845" lon="139.46647416666667">
<ele>20</ele>
</trkpt>
<trkpt lat="36.06488083333333" lon="139.46644083333334">
<ele>20</ele>
</trkpt>
<trkpt lat="36.06491666666667" lon="139.46640722222222">
<ele>20</ele>
</trkpt>
<trkpt lat="36.0649525" lon="139.46637361111112">
<ele>20</ele>
</trkpt>
<trkpt lat="36.06498833333333" lon="139.4663402777778">
<ele>20</ele>
</trkpt>
<trkpt lat="36.06502416666667" lon="139.46630666666667">
<ele>20</ele>
</trkpt>
<trkpt lat="36.06506" lon="139.46627333333333">
<ele>20</ele>
</trkpt>
<trkpt lat="36.06509583333333" lon="139.4662397222222">
<ele>20</ele>
</trkpt>
<trkpt lat="36.065131666666666" lon="139.46620638888888">
<ele>20</ele>
</trkpt>
<trkpt lat="36.0651675" lon="139.46617277777779">
<ele>20</ele>
</trkpt>
<trkpt lat="36.065203333333336" lon="139.46613916666666">
<ele>20</ele>
</trkpt>
<trkpt lat="36.065239166666665" lon="139.46610583333333">
<ele>20</ele>
</trkpt>
<trkpt lat="36.065267222222225" lon="139.46607972222222">
<ele>20</ele>
</trkpt>
<trkpt lat="36.065267222222225" lon="139.46607972222222">
<ele>20</ele>
</trkpt>
<trkpt lat="36.06529916666667" lon="139.46604055555557">
<ele>20</ele>
</trkpt>
<trkpt lat="36.065331111111114" lon="139.46600166666667">
<ele>20</ele>
</trkpt>
<trkpt lat="36.06536305555556" lon="139.46596277777778">
<ele>20</ele>
</trkpt>
<trkpt lat="36.065395277777775" lon="139.46592361111112">
<ele>20</ele>
</trkpt>
<trkpt lat="36.06542722222222" lon="139.46588472222223">
<ele>20</ele>
</trkpt>
<trkpt lat="36.06545916666666" lon="139.46584583333333">
<ele>20</ele>
</trkpt>
<trkpt lat="36.06549111111111" lon="139.46580666666668">
<ele>20</ele>
</trkpt>
<trkpt lat="36.06552333333333" lon="139.46576777777778">
<ele>20</ele>
</trkpt>
<trkpt lat="36.065555277777776" lon="139.4657288888889">
<ele>20</ele>
</trkpt>
<trkpt lat="36.06558722222222" lon="139.4656897222222">
<ele>20</ele>
</trkpt>
<trkpt lat="36.065619166666664" lon="139.46565083333334">
<ele>20</ele>
</trkpt>
<trkpt lat="36.06565138888889" lon="139.46561194444445">
<ele>20</ele>
</trkpt>
<trkpt lat="36.06568333333333" lon="139.46557277777777">
<ele>21</ele>
</trkpt>
<trkpt lat="36.06571527777778" lon="139.4655338888889">
<ele>20</ele>
</trkpt>
<trkpt lat="36.06574722222222" lon="139.465495">
<ele>20</ele>
</trkpt>
<trkpt lat="36.065779444444445" lon="139.46545583333332">
<ele>21</ele>
</trkpt>
<trkpt lat="36.06581138888889" lon="139.46541694444446">
<ele>20</ele>
</trkpt>
<trkpt lat="36.065822222222224" lon="139.4654036111111">
<ele>20</ele>
</trkpt>
<trkpt lat="36.065822222222224" lon="139.4654036111111">
<ele>20</ele>
</trkpt>
<trkpt lat="36.06588388888889" lon="139.4653175">
<ele>20</ele>
</trkpt>
<trkpt lat="36.06594555555556" lon="139.4652311111111">
<ele>21</ele>
</trkpt>
<trkpt lat="36.066007222222225" lon="139.46514472222222">
<ele>21</ele>
</trkpt>
<trkpt lat="36.066068888888886" lon="139.46505833333333">
<ele>20</ele>
</trkpt>
<trkpt lat="36.06613055555555" lon="139.46497194444444">
<ele>21</ele>
</trkpt>
<trkpt lat="36.06619194444445" lon="139.46488555555555">
<ele>20</ele>
</trkpt>
<trkpt lat="36.06625361111111" lon="139.46479944444445">
<ele>21</ele>
</trkpt>
<trkpt lat="36.066315277777775" lon="139.46471305555556">
<ele>20</ele>
</trkpt>
<trkpt lat="36.06637694444444" lon="139.46462666666667">
<ele>21</ele>
</trkpt>
<trkpt lat="36.06643861111111" lon="139.4645402777778">
<ele>20</ele>
</trkpt>
<trkpt lat="36.06650027777778" lon="139.4644538888889">
<ele>21</ele>
</trkpt>
<trkpt lat="36.066561944444445" lon="139.46436777777777">
<ele>21</ele>
</trkpt>
<trkpt lat="36.06662361111111" lon="139.46428138888888">
<ele>21</ele>
</trkpt>
<trkpt lat="36.06668527777778" lon="139.464195">
<ele>21</ele>
</trkpt>
<trkpt lat="36.066746944444446" lon="139.4641086111111">
<ele>20</ele>
</trkpt>
<trkpt lat="36.066808611111114" lon="139.4640222222222">
<ele>21</ele>
</trkpt>
<trkpt lat="36.06687027777778" lon="139.46393583333332">
<ele>21</ele>
</trkpt>
<trkpt lat="36.06693194444444" lon="139.46384972222222">
<ele>21</ele>
</trkpt>
<trkpt lat="36.066993333333336" lon="139.46376333333333">
<ele>20</ele>
</trkpt>
<trkpt lat="36.067055" lon="139.46367694444444">
<ele>21</ele>
</trkpt>
<trkpt lat="36.067116666666664" lon="139.46359055555556">
<ele>21</ele>
</trkpt>
<trkpt lat="36.06717833333333" lon="139.46350416666667">
<ele>21</ele>
</trkpt>
<trkpt lat="36.06724" lon="139.46341805555556">
<ele>21</ele>
</trkpt>
<trkpt lat="36.067301666666665" lon="139.46333166666668">
<ele>21</ele>
</trkpt>
<trkpt lat="36.06736333333333" lon="139.4632452777778">
<ele>21</ele>
</trkpt>
<trkpt lat="36.067425" lon="139.4631588888889">
<ele>21</ele>
</trkpt>
<trkpt lat="36.06748666666667" lon="139.4630725">
<ele>21</ele>
</trkpt>
<trkpt lat="36.067548333333335" lon="139.46298611111112">
<ele>20</ele>
</trkpt>
<trkpt lat="36.06761" lon="139.4629">
<ele>21</ele>
</trkpt>
<trkpt lat="36.06767166666667" lon="139.4628136111111">
<ele>20</ele>
</trkpt>
<trkpt lat="36.06773333333334" lon="139.4627272222222">
<ele>21</ele>
</trkpt>
<trkpt lat="36.067794722222224" lon="139.46264083333332">
<ele>21</ele>
</trkpt>
<trkpt lat="36.06785638888889" lon="139.46255444444444">
<ele>21</ele>
</trkpt>
<trkpt lat="36.06791805555556" lon="139.46246805555555">
<ele>21</ele>
</trkpt>
<trkpt lat="36.06797972222222" lon="139.46238194444445">
<ele>21</ele>
</trkpt>
<trkpt lat="36.068041388888886" lon="139.46229555555556">
<ele>21</ele>
</trkpt>
<trkpt lat="36.068103055555554" lon="139.46220916666667">
<ele>21</ele>
</trkpt>
<trkpt lat="36.06816472222222" lon="139.46212277777778">
<ele>20</ele>
</trkpt>
<trkpt lat="36.06816472222222" lon="139.46212277777778">
<ele>20</ele>
</trkpt>
<trkpt lat="36.06820722222222" lon="139.46205583333332">
<ele>21</ele>
</trkpt>
<trkpt lat="36.06824972222222" lon="139.4619886111111">
<ele>21</ele>
</trkpt>
<trkpt lat="36.0682925" lon="139.46192166666665">
<ele>21</ele>
</trkpt>
<trkpt lat="36.068335" lon="139.46185472222223">
<ele>20</ele>
</trkpt>
<trkpt lat="36.0683775" lon="139.4617875">
<ele>20</ele>
</trkpt>
<trkpt lat="36.06842" lon="139.46172055555556">
<ele>21</ele>
</trkpt>
<trkpt lat="36.068462777777775" lon="139.46165333333335">
<ele>21</ele>
</trkpt>
<trkpt lat="36.06850527777778" lon="139.4615863888889">
<ele>21</ele>
</trkpt>
<trkpt lat="36.06854777777778" lon="139.46151944444443">
<ele>21</ele>
</trkpt>
<trkpt lat="36.06859027777778" lon="139.46145222222222">
<ele>20</ele>
</trkpt>
<trkpt lat="36.06863277777778" lon="139.46138527777777">
<ele>21</ele>
</trkpt>
<trkpt lat="36.06867555555556" lon="139.46131805555555">
<ele>21</ele>
</trkpt>
<trkpt lat="36.06871805555556" lon="139.46125111111112">
<ele>21</ele>
</trkpt>
<trkpt lat="36.068760555555556" lon="139.46118416666667">
<ele>21</ele>
</trkpt>
<trkpt lat="36.068803055555556" lon="139.46111694444446">
<ele>20</ele>
</trkpt>
<trkpt lat="36.068845833333334" lon="139.46105">
<ele>21</ele>
</trkpt>
<trkpt lat="36.068888333333334" lon="139.4609827777778">
<ele>20</ele>
</trkpt>
<trkpt lat="36.06893083333333" lon="139.46091583333333">
<ele>21</ele>
</trkpt>
<trkpt lat="36.06897333333333" lon="139.46084888888888">
<ele>21</ele>
</trkpt>
<trkpt lat="36.06901583333333" lon="139.46078166666666">
<ele>20</ele>
</trkpt>
<trkpt lat="36.06905861111111" lon="139.46071472222224">
<ele>21</ele>
</trkpt>
<trkpt lat="36.06910111111111" lon="139.4606475">
<ele>20</ele>
</trkpt>
<trkpt lat="36.06914361111111" lon="139.46058055555557">
<ele>21</ele>
</trkpt>
<trkpt lat="36.06918611111111" lon="139.4605136111111">
<ele>21</ele>
</trkpt>
<trkpt lat="36.06922888888889" lon="139.4604463888889">
<ele>20</ele>
</trkpt>
<trkpt lat="36.069271388888886" lon="139.46037944444444">
<ele>21</ele>
</trkpt>
<trkpt lat="36.069313888888885" lon="139.46031222222223">
<ele>20</ele>
</trkpt>
<trkpt lat="36.06935638888889" lon="139.46024527777777">
<ele>21</ele>
</trkpt>
<trkpt lat="36.06939888888889" lon="139.46017833333335">
<ele>21</ele>
</trkpt>
<trkpt lat="36.06944166666667" lon="139.4601111111111">
<ele>21</ele>
</trkpt>
<trkpt lat="36.06948416666667" lon="139.46004416666668">
<ele>21</ele>
</trkpt>
<trkpt lat="36.06952666666667" lon="139.45997694444443">
<ele>20</ele>
</trkpt>
<trkpt lat="36.06956916666667" lon="139.45991">
<ele>21</ele>
</trkpt>
<trkpt lat="36.069611944444446" lon="139.45984305555555">
<ele>21</ele>
</trkpt>
<trkpt lat="36.069654444444446" lon="139.45977583333334">
<ele>20</ele>
</trkpt>
<trkpt lat="36.069696944444445" lon="139.45970888888888">
<ele>21</ele>
</trkpt>
<trkpt lat="36.069739444444444" lon="139.45964166666667">
<ele>20</ele>
</trkpt>
<trkpt lat="36.06978222222222" lon="139.45957472222221">
<ele>21</ele>
</trkpt>
<trkpt lat="36.06978222222222" lon="139.45957472222221">
<ele>21</ele>
</trkpt>
<trkpt lat="36.069812222222225" lon="139.45953305555557">
<ele>21</ele>
</trkpt>
<trkpt lat="36.0698425" lon="139.4594913888889">
<ele>21</ele>
</trkpt>
<trkpt lat="36.069872777777775" lon="139.45944972222222">
<ele>21</ele>
</trkpt>
<trkpt lat="36.06990305555556" lon="139.45940805555554">
<ele>21</ele>
</trkpt>
<trkpt lat="36.06993333333333" lon="139.4593663888889">
<ele>21</ele>
</trkpt>
<trkpt lat="36.06996361111111" lon="139.459325">
<ele>20</ele>
</trkpt>
<trkpt lat="36.06999388888889" lon="139.45928333333333">
<ele>20</ele>
</trkpt>
<trkpt lat="36.07002388888889" lon="139.45924166666666">
<ele>21</ele>
</trkpt>
<trkpt lat="36.070054166666665" lon="139.4592">
<ele>21</ele>
</trkpt>
<trkpt lat="36.07008444444445" lon="139.45915833333333">
<ele>21</ele>
</trkpt>
<trkpt lat="36.07011472222222" lon="139.45911666666666">
<ele>20</ele>
</trkpt>
<trkpt lat="36.070145" lon="139.459075">
<ele>21</ele>
</trkpt>
<trkpt lat="36.07017527777778" lon="139.45903333333334">
<ele>21</ele>
</trkpt>
<trkpt lat="36.07020555555555" lon="139.45899166666666">
<ele>20</ele>
</trkpt>
<trkpt lat="36.070235555555556" lon="139.45895">
<ele>21</ele>
</trkpt>
<trkpt lat="36.07026583333333" lon="139.45890833333334">
<ele>21</ele>
</trkpt>
<trkpt lat="36.07029611111111" lon="139.45886666666667">
<ele>20</ele>
</trkpt>
<trkpt lat="36.07032638888889" lon="139.458825">
<ele>20</ele>
</trkpt>
<trkpt lat="36.07035666666667" lon="139.4587836111111">
<ele>21</ele>
</trkpt>
<trkpt lat="36.070386944444444" lon="139.45874194444445">
<ele>21</ele>
</trkpt>
<trkpt lat="36.070417222222225" lon="139.45870027777778">
<ele>21</ele>
</trkpt>
<trkpt lat="36.07044722222222" lon="139.4586586111111">
<ele>21</ele>
</trkpt>
<trkpt lat="36.0704775" lon="139.45861694444446">
<ele>21</ele>
</trkpt>
<trkpt lat="36.07050777777778" lon="139.45857527777778">
<ele>21</ele>
</trkpt>
<trkpt lat="36.07053805555555" lon="139.4585336111111">
<ele>20</ele>
</trkpt>
<trkpt lat="36.070568333333334" lon="139.45849194444443">
<ele>21</ele>
</trkpt>
<trkpt lat="36.07059861111111" lon="139.45845027777779">
<ele>21</ele>
</trkpt>
<trkpt lat="36.07062888888889" lon="139.4584086111111">
<ele>21</ele>
</trkpt>
<trkpt lat="36.070658888888886" lon="139.45836694444444">
<ele>21</ele>
</trkpt>
<trkpt lat="36.07068916666667" lon="139.4583252777778">
<ele>21</ele>
</trkpt>
<trkpt lat="36.07071944444444" lon="139.4582836111111">
<ele>21</ele>
</trkpt>
<trkpt lat="36.070749722222224" lon="139.45824222222222">
<ele>21</ele>
</trkpt>
<trkpt lat="36.07078" lon="139.45820055555555">
<ele>21</ele>
</trkpt>
<trkpt lat="36.07081027777778" lon="139.4581588888889">
<ele>21</ele>
</trkpt>
<trkpt lat="36.070840555555556" lon="139.45811722222223">
<ele>21</ele>
</trkpt>
<trkpt lat="36.07087055555556" lon="139.45807555555555">
<ele>21</ele>
</trkpt>
<trkpt lat="36.07090083333333" lon="139.45803388888888">
<ele>20</ele>
</trkpt>
<trkpt lat="36.07093111111111" lon="139.45799222222223">
<ele>21</ele>
</trkpt>
<trkpt lat="36.07093111111111" lon="139.45799222222223">
<ele>21</ele>
</trkpt>
<trkpt lat="36.07093111111111" lon="139.45799222222223">
<ele>21</ele>
</trkpt>
<trkpt lat="36.07098305555556" lon="139.45791972222221">
<ele>21</ele>
</trkpt>
<trkpt lat="36.07103472222222" lon="139.4578475">
<ele>21</ele>
</trkpt>
<trkpt lat="36.071086666666666" lon="139.457775">
<ele>21</ele>
</trkpt>
<trkpt lat="36.07113833333333" lon="139.4577025">
<ele>21</ele>
</trkpt>
<trkpt lat="36.07119027777778" lon="139.45763">
<ele>21</ele>
</trkpt>
<trkpt lat="36.071241944444445" lon="139.45755777777777">
<ele>20</ele>
</trkpt>
<trkpt lat="36.07129388888889" lon="139.45748527777778">
<ele>21</ele>
</trkpt>
<trkpt lat="36.07134555555555" lon="139.4574127777778">
<ele>21</ele>
</trkpt>
<trkpt lat="36.0713975" lon="139.45734055555556">
<ele>21</ele>
</trkpt>
<trkpt lat="36.07144916666667" lon="139.45726805555555">
<ele>20</ele>
</trkpt>
<trkpt lat="36.07150083333333" lon="139.45719555555556">
<ele>21</ele>
</trkpt>
<trkpt lat="36.071552777777775" lon="139.45712333333333">
<ele>21</ele>
</trkpt>
<trkpt lat="36.071604444444446" lon="139.45705083333334">
<ele>21</ele>
</trkpt>
<trkpt lat="36.07165638888889" lon="139.45697833333332">
<ele>21</ele>
</trkpt>
<trkpt lat="36.071708055555554" lon="139.45690583333334">
<ele>21</ele>
</trkpt>
<trkpt lat="36.07176" lon="139.4568336111111">
<ele>21</ele>
</trkpt>
<trkpt lat="36.07181166666667" lon="139.45676111111112">
<ele>21</ele>
</trkpt>
<trkpt lat="36.07186361111111" lon="139.4566886111111">
<ele>21</ele>
</trkpt>
<trkpt lat="36.07191527777778" lon="139.45661638888888">
<ele>21</ele>
</trkpt>
<trkpt lat="36.07196722222222" lon="139.4565438888889">
<ele>21</ele>
</trkpt>
<trkpt lat="36.07201888888889" lon="139.4564713888889">
<ele>21</ele>
</trkpt>
<trkpt lat="36.072070833333335" lon="139.45639888888888">
<ele>21</ele>
</trkpt>
<trkpt lat="36.0721225" lon="139.45632666666666">
<ele>21</ele>
</trkpt>
<trkpt lat="36.07217444444444" lon="139.45625416666667">
<ele>21</ele>
</trkpt>
<trkpt lat="36.072226111111114" lon="139.45618166666668">
<ele>21</ele>
</trkpt>
<trkpt lat="36.07227805555556" lon="139.45610944444445">
<ele>21</ele>
</trkpt>
<trkpt lat="36.07232972222222" lon="139.45603694444443">
<ele>21</ele>
</trkpt>
<trkpt lat="36.072381666666665" lon="139.45596444444445">
<ele>21</ele>
</trkpt>
<trkpt lat="36.072433333333336" lon="139.45589194444443">
<ele>21</ele>
</trkpt>
<trkpt lat="36.07248527777778" lon="139.45581972222223">
<ele>21</ele>
</trkpt>
<trkpt lat="36.072536944444444" lon="139.45574722222221">
<ele>21</ele>
</trkpt>
<trkpt lat="36.07258888888889" lon="139.45567472222223">
<ele>21</ele>
</trkpt>
<trkpt lat="36.07264055555556" lon="139.4556025">
<ele>21</ele>
</trkpt>
<trkpt lat="36.0726925" lon="139.45553">
<ele>21</ele>
</trkpt>
<trkpt lat="36.072744166666666" lon="139.4554575">
<ele>21</ele>
</trkpt>
<trkpt lat="36.07279611111111" lon="139.455385">
<ele>21</ele>
</trkpt>
<trkpt lat="36.07284777777778" lon="139.45531277777778">
<ele>21</ele>
</trkpt>
<trkpt lat="36.072899722222225" lon="139.4552402777778">
<ele>21</ele>
</trkpt>
<trkpt lat="36.072899722222225" lon="139.4552402777778">
<ele>21</ele>
</trkpt>
<trkpt lat="36.072945833333335" lon="139.45517777777778">
<ele>21</ele>
</trkpt>
<trkpt lat="36.072991944444446" lon="139.45511527777776">
<ele>21</ele>
</trkpt>
<trkpt lat="36.07303805555556" lon="139.45505277777778">
<ele>21</ele>
</trkpt>
<trkpt lat="36.07308416666667" lon="139.45499">
<ele>21</ele>
</trkpt>
<trkpt lat="36.07313" lon="139.4549275">
<ele>21</ele>
</trkpt>
<trkpt lat="36.07317611111111" lon="139.454865">
<ele>21</ele>
</trkpt>
<trkpt lat="36.07322222222222" lon="139.4548025">
<ele>21</ele>
</trkpt>
<trkpt lat="36.07326833333333" lon="139.45474">
<ele>21</ele>
</trkpt>
<trkpt lat="36.07331444444444" lon="139.4546775">
<ele>21</ele>
</trkpt>
<trkpt lat="36.07336055555555" lon="139.454615">
<ele>21</ele>
</trkpt>
<trkpt lat="36.07340666666666" lon="139.4545525">
<ele>21</ele>
</trkpt>
<trkpt lat="36.073452777777774" lon="139.45448972222223">
<ele>21</ele>
</trkpt>
<trkpt lat="36.07349888888889" lon="139.45442722222222">
<ele>21</ele>
</trkpt>
<trkpt lat="36.073545" lon="139.4543647222222">
<ele>21</ele>
</trkpt>
<trkpt lat="36.073591111111114" lon="139.45430222222222">
<ele>21</ele>
</trkpt>
<trkpt lat="36.073637222222224" lon="139.4542397222222">
<ele>21</ele>
</trkpt>
<trkpt lat="36.073683333333335" lon="139.45417722222223">
<ele>21</ele>
</trkpt>
<trkpt lat="36.073729444444446" lon="139.45411472222222">
<ele>21</ele>
</trkpt>
<trkpt lat="36.07377555555556" lon="139.45405194444444">
<ele>21</ele>
</trkpt>
<trkpt lat="36.07382166666667" lon="139.45398944444443">
<ele>21</ele>
</trkpt>
<trkpt lat="36.07386777777778" lon="139.45392694444445">
<ele>21</ele>
</trkpt>
<trkpt lat="36.07391388888889" lon="139.45386444444443">
<ele>21</ele>
</trkpt>
<trkpt lat="36.07396" lon="139.45380194444445">
<ele>21</ele>
</trkpt>
<trkpt lat="36.07400611111111" lon="139.45373944444444">
<ele>21</ele>
</trkpt>
<trkpt lat="36.07405194444444" lon="139.45367694444445">
<ele>21</ele>
</trkpt>
<trkpt lat="36.07409805555555" lon="139.45361416666665">
<ele>21</ele>
</trkpt>
<trkpt lat="36.07414416666666" lon="139.45355166666667">
<ele>21</ele>
</trkpt>
<trkpt lat="36.07419027777778" lon="139.45348916666666">
<ele>21</ele>
</trkpt>
<trkpt lat="36.07423638888889" lon="139.45342666666667">
<ele>21</ele>
</trkpt>
<trkpt lat="36.0742825" lon="139.45336416666666">
<ele>21</ele>
</trkpt>
<trkpt lat="36.07432861111111" lon="139.45330166666668">
<ele>21</ele>
</trkpt>
<trkpt lat="36.074374722222224" lon="139.45323916666666">
<ele>21</ele>
</trkpt>
<trkpt lat="36.074420833333335" lon="139.45317666666668">
<ele>21</ele>
</trkpt>
<trkpt lat="36.074466944444445" lon="139.45311388888888">
<ele>20</ele>
</trkpt>
<trkpt lat="36.074513055555556" lon="139.4530513888889">
<ele>21</ele>
</trkpt>
<trkpt lat="36.07455916666667" lon="139.45298888888888">
<ele>21</ele>
</trkpt>
<trkpt lat="36.07460527777778" lon="139.4529263888889">
<ele>21</ele>
</trkpt>
<trkpt lat="36.07465138888889" lon="139.45286388888888">
<ele>21</ele>
</trkpt>
<trkpt lat="36.07465138888889" lon="139.45286388888888">
<ele>21</ele>
</trkpt>
<trkpt lat="36.07468166666666" lon="139.45282305555557">
<ele>20</ele>
</trkpt>
<trkpt lat="36.074712222222225" lon="139.45278222222223">
<ele>20</ele>
</trkpt>
<trkpt lat="36.07474277777778" lon="139.45274138888888">
<ele>21</ele>
</trkpt>
<trkpt lat="36.07477305555555" lon="139.45270027777778">
<ele>21</ele>
</trkpt>
<trkpt lat="36.07480361111111" lon="139.45265944444444">
<ele>21</ele>
</trkpt>
<trkpt lat="36.07483388888889" lon="139.45261861111112">
<ele>21</ele>
</trkpt>
<trkpt lat="36.074864444444444" lon="139.45257777777778">
<ele>21</ele>
</trkpt>
<trkpt lat="36.074895" lon="139.45253694444443">
<ele>21</ele>
</trkpt>
<trkpt lat="36.07492527777778" lon="139.45249611111112">
<ele>21</ele>
</trkpt>
<trkpt lat="36.074955833333334" lon="139.45245527777777">
<ele>21</ele>
</trkpt>
<trkpt lat="36.07498611111111" lon="139.45241444444446">
<ele>21</ele>
</trkpt>
<trkpt lat="36.07501666666667" lon="139.4523736111111">
<ele>21</ele>
</trkpt>
<trkpt lat="36.075047222222224" lon="139.45233277777777">
<ele>21</ele>
</trkpt>
<trkpt lat="36.0750775" lon="139.45229166666667">
<ele>21</ele>
</trkpt>
<trkpt lat="36.07510805555555" lon="139.45225083333332">
<ele>21</ele>
</trkpt>
<trkpt lat="36.075138333333335" lon="139.45221">
<ele>21</ele>
</trkpt>
<trkpt lat="36.07516888888889" lon="139.45216916666666">
<ele>21</ele>
</trkpt>
<trkpt lat="36.075199166666664" lon="139.45212833333332">
<ele>21</ele>
</trkpt>
<trkpt lat="36.075229722222225" lon="139.4520875">
<ele>21</ele>
</trkpt>
<trkpt lat="36.07526027777778" lon="139.45204666666666">
<ele>21</ele>
</trkpt>
<trkpt lat="36.075290555555554" lon="139.45200583333335">
<ele>21</ele>
</trkpt>
<trkpt lat="36.07532111111111" lon="139.451965">
<ele>21</ele>
</trkpt>
<trkpt lat="36.07535138888889" lon="139.45192416666666">
<ele>21</ele>
</trkpt>
<trkpt lat="36.075381944444445" lon="139.45188333333334">
<ele>21</ele>
</trkpt>
<trkpt lat="36.0754125" lon="139.4518422222222">
<ele>21</ele>
</trkpt>
<trkpt lat="36.07544277777778" lon="139.4518013888889">
<ele>21</ele>
</trkpt>
<trkpt lat="36.075473333333335" lon="139.45176055555555">
<ele>21</ele>
</trkpt>
<trkpt lat="36.07550361111111" lon="139.4517197222222">
<ele>21</ele>
</trkpt>
<trkpt lat="36.075534166666664" lon="139.4516788888889">
<ele>21</ele>
</trkpt>
<trkpt lat="36.075564722222225" lon="139.45163805555555">
<ele>21</ele>
</trkpt>
<trkpt lat="36.075595" lon="139.45159722222223">
<ele>21</ele>
</trkpt>
<trkpt lat="36.0756225" lon="139.4515602777778">
<ele>21</ele>
</trkpt>
<trkpt lat="36.0756225" lon="139.4515602777778">
<ele>21</ele>
</trkpt>
<trkpt lat="36.075650555555555" lon="139.45151694444445">
<ele>21</ele>
</trkpt>
<trkpt lat="36.07567861111111" lon="139.4514736111111">
<ele>21</ele>
</trkpt>
<trkpt lat="36.07570666666667" lon="139.45143">
<ele>21</ele>
</trkpt>
<trkpt lat="36.07573472222222" lon="139.45138666666668">
<ele>21</ele>
</trkpt>
<trkpt lat="36.075762777777776" lon="139.45134333333334">
<ele>21</ele>
</trkpt>
<trkpt lat="36.075790833333336" lon="139.4513">
<ele>21</ele>
</trkpt>
<trkpt lat="36.07581888888889" lon="139.45125666666667">
<ele>21</ele>
</trkpt>
<trkpt lat="36.07584694444444" lon="139.45121305555554">
<ele>20</ele>
</trkpt>
<trkpt lat="36.075875" lon="139.45116972222223">
<ele>20</ele>
</trkpt>
<trkpt lat="36.07590305555556" lon="139.4511263888889">
<ele>21</ele>
</trkpt>
<trkpt lat="36.07593111111111" lon="139.45108305555556">
<ele>21</ele>
</trkpt>
<trkpt lat="36.075959166666664" lon="139.45103944444443">
<ele>21</ele>
</trkpt>
<trkpt lat="36.075987222222224" lon="139.45099611111112">
<ele>20</ele>
</trkpt>
<trkpt lat="36.07601527777778" lon="139.4509527777778">
<ele>21</ele>
</trkpt>
<trkpt lat="36.07604333333333" lon="139.45090944444445">
<ele>21</ele>
</trkpt>
<trkpt lat="36.07607138888889" lon="139.4508661111111">
<ele>20</ele>
</trkpt>
<trkpt lat="36.076099444444445" lon="139.4508225">
<ele>20</ele>
</trkpt>
<trkpt lat="36.0761275" lon="139.45077916666668">
<ele>21</ele>
</trkpt>
<trkpt lat="36.07615555555556" lon="139.45073583333334">
<ele>21</ele>
</trkpt>
<trkpt lat="36.07616027777778" lon="139.45072888888888">
<ele>21</ele>
</trkpt>
<trkpt lat="36.07616027777778" lon="139.45072888888888">
<ele>21</ele>
</trkpt>
<trkpt lat="36.07618166666666" lon="139.45068">
<ele>21</ele>
</trkpt>
<trkpt lat="36.07620305555555" lon="139.4506311111111">
<ele>20</ele>
</trkpt>
<trkpt lat="36.07622472222222" lon="139.4505825">
<ele>21</ele>
</trkpt>
<trkpt lat="36.07624611111111" lon="139.4505336111111">
<ele>20</ele>
</trkpt>
<trkpt lat="36.0762675" lon="139.45048472222223">
<ele>20</ele>
</trkpt>
<trkpt lat="36.07628916666667" lon="139.45043611111112">
<ele>20</ele>
</trkpt>
<trkpt lat="36.07631055555556" lon="139.45038722222222">
<ele>20</ele>
</trkpt>
<trkpt lat="36.07633194444445" lon="139.45033833333332">
<ele>20</ele>
</trkpt>
<trkpt lat="36.07635361111111" lon="139.45028944444445">
<ele>23</ele>
</trkpt>
<trkpt lat="36.076375" lon="139.45024083333334">
<ele>23</ele>
</trkpt>
<trkpt lat="36.07639638888889" lon="139.45019194444444">
<ele>21</ele>
</trkpt>
<trkpt lat="36.07641805555556" lon="139.45014305555554">
<ele>21</ele>
</trkpt>
<trkpt lat="36.076439444444446" lon="139.45009444444443">
<ele>20</ele>
</trkpt>
<trkpt lat="36.076460833333336" lon="139.45004555555556">
<ele>22</ele>
</trkpt>
<trkpt lat="36.0764825" lon="139.44999666666666">
<ele>21</ele>
</trkpt>
<trkpt lat="36.07650388888889" lon="139.44994805555555">
<ele>21</ele>
</trkpt>
<trkpt lat="36.076525277777776" lon="139.44989916666665">
<ele>21</ele>
</trkpt>
<trkpt lat="36.076546944444445" lon="139.44985027777778">
<ele>20</ele>
</trkpt>
<trkpt lat="36.076568333333334" lon="139.44980166666667">
<ele>21</ele>
</trkpt>
<trkpt lat="36.07659" lon="139.44975277777777">
<ele>21</ele>
</trkpt>
<trkpt lat="36.07661138888889" lon="139.44970388888888">
<ele>21</ele>
</trkpt>
<trkpt lat="36.076632777777775" lon="139.44965527777777">
<ele>21</ele>
</trkpt>
<trkpt lat="36.07665444444444" lon="139.4496063888889">
<ele>21</ele>
</trkpt>
<trkpt lat="36.07667583333333" lon="139.4495575">
<ele>20</ele>
</trkpt>
<trkpt lat="36.07669722222222" lon="139.4495086111111">
<ele>21</ele>
</trkpt>
<trkpt lat="36.07671527777778" lon="139.44946805555554">
<ele>21</ele>
</trkpt>
<trkpt lat="36.07671527777778" lon="139.44946805555554">
<ele>21</ele>
</trkpt>
<trkpt lat="36.07673277777778" lon="139.44941694444444">
<ele>21</ele>
</trkpt>
<trkpt lat="36.076750555555556" lon="139.44936611111112">
<ele>21</ele>
</trkpt>
<trkpt lat="36.076768055555554" lon="139.449315">
<ele>21</ele>
</trkpt>
<trkpt lat="36.07678583333333" lon="139.44926388888888">
<ele>20</ele>
</trkpt>
<trkpt lat="36.07680361111111" lon="139.44921277777777">
<ele>21</ele>
</trkpt>
<trkpt lat="36.07682111111111" lon="139.44916166666667">
<ele>21</ele>
</trkpt>
<trkpt lat="36.07683888888889" lon="139.44911055555556">
<ele>21</ele>
</trkpt>
<trkpt lat="36.07685638888889" lon="139.44905944444446">
<ele>21</ele>
</trkpt>
<trkpt lat="36.07687416666667" lon="139.44900833333332">
<ele>21</ele>
</trkpt>
<trkpt lat="36.07689194444445" lon="139.44895722222222">
<ele>20</ele>
</trkpt>
<trkpt lat="36.076909444444446" lon="139.4489061111111">
<ele>20</ele>
</trkpt>
<trkpt lat="36.076927222222224" lon="139.448855">
<ele>21</ele>
</trkpt>
<trkpt lat="36.07694472222222" lon="139.44880388888888">
<ele>21</ele>
</trkpt>
<trkpt lat="36.0769625" lon="139.44875277777777">
<ele>21</ele>
</trkpt>
<trkpt lat="36.07698027777778" lon="139.44870166666666">
<ele>21</ele>
</trkpt>
<trkpt lat="36.07699777777778" lon="139.44865055555556">
<ele>21</ele>
</trkpt>
<trkpt lat="36.077015555555555" lon="139.44859944444445">
<ele>20</ele>
</trkpt>
<trkpt lat="36.07703305555555" lon="139.4485486111111">
<ele>21</ele>
</trkpt>
<trkpt lat="36.07705083333333" lon="139.4484975">
<ele>21</ele>
</trkpt>
<trkpt lat="36.077061944444445" lon="139.448465">
<ele>21</ele>
</trkpt>
<trkpt lat="36.077061944444445" lon="139.448465">
<ele>21</ele>
</trkpt>
<trkpt lat="36.0770925" lon="139.44837805555557">
<ele>21</ele>
</trkpt>
<trkpt lat="36.07712305555555" lon="139.4482911111111">
<ele>21</ele>
</trkpt>
<trkpt lat="36.077153611111115" lon="139.44820416666667">
<ele>21</ele>
</trkpt>
<trkpt lat="36.07718444444444" lon="139.4481172222222">
<ele>21</ele>
</trkpt>
<trkpt lat="36.077215" lon="139.44803027777778">
<ele>21</ele>
</trkpt>
<trkpt lat="36.07724555555556" lon="139.44794333333334">
<ele>21</ele>
</trkpt>
<trkpt lat="36.07727611111111" lon="139.44785638888888">
<ele>21</ele>
</trkpt>
<trkpt lat="36.077306666666665" lon="139.44776944444445">
<ele>21</ele>
</trkpt>
<trkpt lat="36.07733722222222" lon="139.4476825">
<ele>20</ele>
</trkpt>
<trkpt lat="36.07736777777778" lon="139.44759555555555">
<ele>21</ele>
</trkpt>
<trkpt lat="36.077398333333335" lon="139.44750833333333">
<ele>21</ele>
</trkpt>
<trkpt lat="36.07742888888889" lon="139.4474213888889">
<ele>21</ele>
</trkpt>
<trkpt lat="36.07745944444444" lon="139.44733444444444">
<ele>20</ele>
</trkpt>
<trkpt lat="36.07749" lon="139.4472475">
<ele>21</ele>
</trkpt>
<trkpt lat="36.07752055555556" lon="139.44716055555554">
<ele>21</ele>
</trkpt>
<trkpt lat="36.07755111111111" lon="139.4470736111111">
<ele>20</ele>
</trkpt>
<trkpt lat="36.07758194444445" lon="139.44698666666667">
<ele>21</ele>
</trkpt>
<trkpt lat="36.0776125" lon="139.4468997222222">
<ele>21</ele>
</trkpt>
<trkpt lat="36.077643055555555" lon="139.44681277777778">
<ele>21</ele>
</trkpt>
<trkpt lat="36.07767361111111" lon="139.44672583333335">
<ele>20</ele>
</trkpt>
<trkpt lat="36.07770416666666" lon="139.44663888888888">
<ele>21</ele>
</trkpt>
<trkpt lat="36.077734722222225" lon="139.44655194444445">
<ele>21</ele>
</trkpt>
<trkpt lat="36.07776527777778" lon="139.446465">
<ele>21</ele>
</trkpt>
<trkpt lat="36.07779583333333" lon="139.44637805555556">
<ele>20</ele>
</trkpt>
<trkpt lat="36.07782638888889" lon="139.44629111111112">
<ele>21</ele>
</trkpt>
<trkpt lat="36.07785694444444" lon="139.44620416666666">
<ele>21</ele>
</trkpt>
<trkpt lat="36.0778875" lon="139.44611722222223">
<ele>21</ele>
</trkpt>
<trkpt lat="36.07791805555556" lon="139.44603027777777">
<ele>20</ele>
</trkpt>
<trkpt lat="36.07794861111111" lon="139.44594305555555">
<ele>21</ele>
</trkpt>
<trkpt lat="36.077979444444445" lon="139.4458561111111">
<ele>20</ele>
</trkpt>
<trkpt lat="36.07801" lon="139.44576916666668">
<ele>21</ele>
</trkpt>
<trkpt lat="36.07804055555555" lon="139.44568222222222">
<ele>21</ele>
</trkpt>
<trkpt lat="36.078071111111115" lon="139.44559527777778">
<ele>20</ele>
</trkpt>
<trkpt lat="36.07810166666667" lon="139.44550833333332">
<ele>20</ele>
</trkpt>
<trkpt lat="36.07813222222222" lon="139.4454213888889">
<ele>20</ele>
</trkpt>
<trkpt lat="36.07816277777778" lon="139.44533444444446">
<ele>20</ele>
</trkpt>
<trkpt lat="36.07819333333333" lon="139.4452475">
<ele>20</ele>
</trkpt>
<trkpt lat="36.078223888888886" lon="139.44516055555556">
<ele>20</ele>
</trkpt>
<trkpt lat="36.078223888888886" lon="139.44516055555556">
<ele>20</ele>
</trkpt>
<trkpt lat="36.078247777777776" lon="139.44509055555557">
<ele>20</ele>
</trkpt>
<trkpt lat="36.078271666666666" lon="139.44502083333333">
<ele>20</ele>
</trkpt>
<trkpt lat="36.078295555555556" lon="139.44495083333334">
<ele>20</ele>
</trkpt>
<trkpt lat="36.078319444444446" lon="139.4448811111111">
<ele>20</ele>
</trkpt>
<trkpt lat="36.07834305555556" lon="139.4448111111111">
<ele>20</ele>
</trkpt>
<trkpt lat="36.07836694444445" lon="139.4447413888889">
<ele>20</ele>
</trkpt>
<trkpt lat="36.07839083333333" lon="139.44467138888888">
<ele>20</ele>
</trkpt>
<trkpt lat="36.07841472222222" lon="139.44460138888888">
<ele>20</ele>
</trkpt>
<trkpt lat="36.07843861111111" lon="139.44453166666668">
<ele>20</ele>
</trkpt>
<trkpt lat="36.0784625" lon="139.44446166666665">
<ele>20</ele>
</trkpt>
<trkpt lat="36.07848611111111" lon="139.44439194444445">
<ele>20</ele>
</trkpt>
<trkpt lat="36.07851" lon="139.44432194444445">
<ele>20</ele>
</trkpt>
<trkpt lat="36.07853388888889" lon="139.44425222222222">
<ele>20</ele>
</trkpt>
<trkpt lat="36.078557777777775" lon="139.44418222222222">
<ele>20</ele>
</trkpt>
<trkpt lat="36.078581666666665" lon="139.4441125">
<ele>20</ele>
</trkpt>
<trkpt lat="36.078605555555555" lon="139.4440425">
<ele>20</ele>
</trkpt>
<trkpt lat="36.078629444444445" lon="139.4439725">
<ele>20</ele>
</trkpt>
<trkpt lat="36.078653055555556" lon="139.44390277777777">
<ele>20</ele>
</trkpt>
<trkpt lat="36.078676944444446" lon="139.44383277777777">
<ele>20</ele>
</trkpt>
<trkpt lat="36.078700833333336" lon="139.44376305555556">
<ele>20</ele>
</trkpt>
<trkpt lat="36.07872472222222" lon="139.44369305555554">
<ele>20</ele>
</trkpt>
<trkpt lat="36.07874861111111" lon="139.44362333333333">
<ele>20</ele>
</trkpt>
<trkpt lat="36.0787725" lon="139.44355333333334">
<ele>20</ele>
</trkpt>
<trkpt lat="36.07879611111111" lon="139.44348333333335">
<ele>20</ele>
</trkpt>
<trkpt lat="36.07882" lon="139.4434136111111">
<ele>20</ele>
</trkpt>
<trkpt lat="36.07884388888889" lon="139.44334361111112">
<ele>20</ele>
</trkpt>
<trkpt lat="36.07886777777778" lon="139.44327388888888">
<ele>20</ele>
</trkpt>
<trkpt lat="36.078891666666664" lon="139.4432038888889">
<ele>20</ele>
</trkpt>
<trkpt lat="36.078915555555554" lon="139.44313416666665">
<ele>20</ele>
</trkpt>
<trkpt lat="36.078939444444444" lon="139.44306416666666">
<ele>20</ele>
</trkpt>
<trkpt lat="36.078963055555555" lon="139.44299444444445">
<ele>20</ele>
</trkpt>
<trkpt lat="36.078986944444445" lon="139.44292444444446">
<ele>20</ele>
</trkpt>
<trkpt lat="36.079010833333335" lon="139.44285444444444">
<ele>20</ele>
</trkpt>
<trkpt lat="36.079034722222225" lon="139.44278472222223">
<ele>20</ele>
</trkpt>
<trkpt lat="36.07905861111111" lon="139.44271472222223">
<ele>20</ele>
</trkpt>
<trkpt lat="36.0790825" lon="139.442645">
<ele>20</ele>
</trkpt>
<trkpt lat="36.07910611111111" lon="139.442575">
<ele>20</ele>
</trkpt>
<trkpt lat="36.07913" lon="139.44250527777777">
<ele>21</ele>
</trkpt>
<trkpt lat="36.07913" lon="139.44250527777777">
<ele>21</ele>
</trkpt>
<trkpt lat="36.07914861111111" lon="139.44245444444445">
<ele>21</ele>
</trkpt>
<trkpt lat="36.079167222222225" lon="139.4424038888889">
<ele>21</ele>
</trkpt>
<trkpt lat="36.079185833333334" lon="139.44235333333333">
<ele>21</ele>
</trkpt>
<trkpt lat="36.07920444444444" lon="139.44230277777777">
<ele>20</ele>
</trkpt>
<trkpt lat="36.07922305555556" lon="139.4422522222222">
<ele>20</ele>
</trkpt>
<trkpt lat="36.07924166666667" lon="139.44220166666668">
<ele>21</ele>
</trkpt>
<trkpt lat="36.07926027777778" lon="139.44215111111112">
<ele>21</ele>
</trkpt>
<trkpt lat="36.07927888888889" lon="139.44210055555556">
<ele>21</ele>
</trkpt>
<trkpt lat="36.0792975" lon="139.44205">
<ele>21</ele>
</trkpt>
<trkpt lat="36.07931611111111" lon="139.44199944444443">
<ele>20</ele>
</trkpt>
<trkpt lat="36.07933472222222" lon="139.4419488888889">
<ele>20</ele>
</trkpt>
<trkpt lat="36.07935333333333" lon="139.44189833333334">
<ele>20</ele>
</trkpt>
<trkpt lat="36.079372222222226" lon="139.44184777777778">
<ele>21</ele>
</trkpt>
<trkpt lat="36.079390833333335" lon="139.44179694444443">
<ele>21</ele>
</trkpt>
<trkpt lat="36.079409444444444" lon="139.4417463888889">
<ele>20</ele>
</trkpt>
<trkpt lat="36.07942805555555" lon="139.44169583333334">
<ele>20</ele>
</trkpt>
<trkpt lat="36.07944666666667" lon="139.44164527777778">
<ele>20</ele>
</trkpt>
<trkpt lat="36.07946527777778" lon="139.44159472222222">
<ele>20</ele>
</trkpt>
<trkpt lat="36.07948388888889" lon="139.44154416666666">
<ele>21</ele>
</trkpt>
<trkpt lat="36.0795025" lon="139.4414936111111">
<ele>21</ele>
</trkpt>
<trkpt lat="36.07952111111111" lon="139.44144305555557">
<ele>20</ele>
</trkpt>
<trkpt lat="36.07953972222222" lon="139.4413925">
<ele>20</ele>
</trkpt>
<trkpt lat="36.07955833333333" lon="139.44134194444445">
<ele>20</ele>
</trkpt>
<trkpt lat="36.07957694444445" lon="139.44129138888889">
<ele>20</ele>
</trkpt>
<trkpt lat="36.07959555555556" lon="139.44124083333332">
<ele>20</ele>
</trkpt>
<trkpt lat="36.079614166666666" lon="139.44119027777776">
<ele>21</ele>
</trkpt>
<trkpt lat="36.079632777777775" lon="139.44113944444445">
<ele>21</ele>
</trkpt>
<trkpt lat="36.07965138888889" lon="139.44108888888888">
<ele>20</ele>
</trkpt>
<trkpt lat="36.07967" lon="139.44103833333332">
<ele>20</ele>
</trkpt>
<trkpt lat="36.07968861111111" lon="139.44098777777776">
<ele>21</ele>
</trkpt>
<trkpt lat="36.079707222222225" lon="139.44093722222223">
<ele>21</ele>
</trkpt>
<trkpt lat="36.079725833333335" lon="139.44088666666667">
<ele>20</ele>
</trkpt>
<trkpt lat="36.079744444444444" lon="139.4408361111111">
<ele>20</ele>
</trkpt>
<trkpt lat="36.07975" lon="139.44082083333333">
<ele>20</ele>
</trkpt>
<trkpt lat="36.07975" lon="139.44082083333333">
<ele>20</ele>
</trkpt>
<trkpt lat="36.07978194444444" lon="139.44074416666666">
<ele>20</ele>
</trkpt>
<trkpt lat="36.079813888888886" lon="139.44066777777778">
<ele>20</ele>
</trkpt>
<trkpt lat="36.07984583333333" lon="139.4405911111111">
<ele>20</ele>
</trkpt>
<trkpt lat="36.079877777777774" lon="139.44051472222222">
<ele>20</ele>
</trkpt>
<trkpt lat="36.07990972222222" lon="139.44043805555555">
<ele>20</ele>
</trkpt>
<trkpt lat="36.07994166666667" lon="139.44036166666666">
<ele>20</ele>
</trkpt>
<trkpt lat="36.079973611111114" lon="139.440285">
<ele>20</ele>
</trkpt>
<trkpt lat="36.08000555555556" lon="139.4402086111111">
<ele>21</ele>
</trkpt>
<trkpt lat="36.0800375" lon="139.44013222222222">
<ele>21</ele>
</trkpt>
<trkpt lat="36.08006944444445" lon="139.44005555555555">
<ele>20</ele>
</trkpt>
<trkpt lat="36.08010138888889" lon="139.43997916666666">
<ele>20</ele>
</trkpt>
<trkpt lat="36.080133333333336" lon="139.4399025">
<ele>20</ele>
</trkpt>
<trkpt lat="36.08016527777778" lon="139.4398261111111">
<ele>20</ele>
</trkpt>
<trkpt lat="36.080197222222225" lon="139.43974944444443">
<ele>20</ele>
</trkpt>
<trkpt lat="36.08022916666667" lon="139.43967305555555">
<ele>20</ele>
</trkpt>
<trkpt lat="36.08026111111111" lon="139.4395963888889">
<ele>20</ele>
</trkpt>
<trkpt lat="36.08029305555556" lon="139.43952">
<ele>20</ele>
</trkpt>
<trkpt lat="36.080325" lon="139.4394436111111">
<ele>20</ele>
</trkpt>
<trkpt lat="36.080356944444446" lon="139.43936694444446">
<ele>20</ele>
</trkpt>
<trkpt lat="36.08038888888889" lon="139.43929055555554">
<ele>20</ele>
</trkpt>
<trkpt lat="36.080420833333335" lon="139.4392138888889">
<ele>20</ele>
</trkpt>
<trkpt lat="36.08045277777778" lon="139.4391375">
<ele>20</ele>
</trkpt>
<trkpt lat="36.080484722222224" lon="139.43906083333334">
<ele>20</ele>
</trkpt>
<trkpt lat="36.08051666666667" lon="139.43898444444446">
<ele>20</ele>
</trkpt>
<trkpt lat="36.08054861111111" lon="139.43890777777779">
<ele>20</ele>
</trkpt>
<trkpt lat="36.08058055555556" lon="139.4388313888889">
<ele>20</ele>
</trkpt>
<trkpt lat="36.0806125" lon="139.438755">
<ele>20</ele>
</trkpt>
<trkpt lat="36.080644444444445" lon="139.43867833333334">
<ele>20</ele>
</trkpt>
<trkpt lat="36.08067638888889" lon="139.43860194444446">
<ele>20</ele>
</trkpt>
<trkpt lat="36.080708333333334" lon="139.43852527777779">
<ele>20</ele>
</trkpt>
<trkpt lat="36.08074027777778" lon="139.4384488888889">
<ele>20</ele>
</trkpt>
<trkpt lat="36.08077222222222" lon="139.43837222222223">
<ele>20</ele>
</trkpt>
<trkpt lat="36.08080416666667" lon="139.43829583333334">
<ele>20</ele>
</trkpt>
<trkpt lat="36.08083611111111" lon="139.43821916666667">
<ele>20</ele>
</trkpt>
<trkpt lat="36.080868055555555" lon="139.43814277777778">
<ele>20</ele>
</trkpt>
<trkpt lat="36.0809" lon="139.4380661111111">
<ele>20</ele>
</trkpt>
<trkpt lat="36.080931944444444" lon="139.43798972222223">
<ele>20</ele>
</trkpt>
<trkpt lat="36.08096388888889" lon="139.43791333333334">
<ele>20</ele>
</trkpt>
<trkpt lat="36.08096388888889" lon="139.43791333333334">
<ele>20</ele>
</trkpt>
<trkpt lat="36.08098916666667" lon="139.43785694444443">
<ele>20</ele>
</trkpt>
<trkpt lat="36.08101444444444" lon="139.43780083333334">
<ele>20</ele>
</trkpt>
<trkpt lat="36.08103944444444" lon="139.43774444444443">
<ele>20</ele>
</trkpt>
<trkpt lat="36.08106472222222" lon="139.43768833333334">
<ele>20</ele>
</trkpt>
<trkpt lat="36.08109" lon="139.43763194444443">
<ele>20</ele>
</trkpt>
<trkpt lat="36.081115" lon="139.43757583333334">
<ele>20</ele>
</trkpt>
<trkpt lat="36.08114027777778" lon="139.43751944444443">
<ele>20</ele>
</trkpt>
<trkpt lat="36.08116555555556" lon="139.43746333333334">
<ele>20</ele>
</trkpt>
<trkpt lat="36.08119083333333" lon="139.43740694444443">
<ele>20</ele>
</trkpt>
<trkpt lat="36.08121583333333" lon="139.43735083333334">
<ele>20</ele>
</trkpt>
<trkpt lat="36.08124111111111" lon="139.43729444444443">
<ele>20</ele>
</trkpt>
<trkpt lat="36.08126638888889" lon="139.43723833333334">
<ele>20</ele>
</trkpt>
<trkpt lat="36.081291388888886" lon="139.43718194444443">
<ele>20</ele>
</trkpt>
<trkpt lat="36.081316666666666" lon="139.43712583333334">
<ele>20</ele>
</trkpt>
<trkpt lat="36.081341944444446" lon="139.43706972222222">
<ele>20</ele>
</trkpt>
<trkpt lat="36.08136694444445" lon="139.43701333333334">
<ele>20</ele>
</trkpt>
<trkpt lat="36.08139222222222" lon="139.43695722222222">
<ele>20</ele>
</trkpt>
<trkpt lat="36.0814175" lon="139.43690083333334">
<ele>20</ele>
</trkpt>
<trkpt lat="36.0814425" lon="139.43684472222222">
<ele>20</ele>
</trkpt>
<trkpt lat="36.081467777777775" lon="139.43678833333334">
<ele>20</ele>
</trkpt>
<trkpt lat="36.081493055555555" lon="139.43673222222222">
<ele>20</ele>
</trkpt>
<trkpt lat="36.081518055555556" lon="139.43667583333334">
<ele>20</ele>
</trkpt>
<trkpt lat="36.081543333333336" lon="139.43661972222222">
<ele>20</ele>
</trkpt>
<trkpt lat="36.08156861111111" lon="139.43656333333334">
<ele>20</ele>
</trkpt>
<trkpt lat="36.08159361111111" lon="139.43650722222222">
<ele>20</ele>
</trkpt>
<trkpt lat="36.08161888888889" lon="139.43645083333334">
<ele>20</ele>
</trkpt>
<trkpt lat="36.08164416666666" lon="139.43639472222222">
<ele>20</ele>
</trkpt>
<trkpt lat="36.081669166666664" lon="139.43633833333334">
<ele>20</ele>
</trkpt>
<trkpt lat="36.081694444444445" lon="139.43628222222222">
<ele>20</ele>
</trkpt>
<trkpt lat="36.081719722222225" lon="139.43622583333334">
<ele>20</ele>
</trkpt>
<trkpt lat="36.081744722222226" lon="139.43616972222222">
<ele>20</ele>
</trkpt>
<trkpt lat="36.08177" lon="139.43611361111113">
<ele>20</ele>
</trkpt>
<trkpt lat="36.08179527777778" lon="139.43605722222222">
<ele>20</ele>
</trkpt>
<trkpt lat="36.08182027777778" lon="139.43600111111112">
<ele>20</ele>
</trkpt>
<trkpt lat="36.08184555555555" lon="139.43594472222222">
<ele>20</ele>
</trkpt>
<trkpt lat="36.08187083333333" lon="139.43588861111112">
<ele>20</ele>
</trkpt>
<trkpt lat="36.081896111111114" lon="139.43583222222222">
<ele>20</ele>
</trkpt>
<trkpt lat="36.081921111111114" lon="139.43577611111112">
<ele>20</ele>
</trkpt>
<trkpt lat="36.081921111111114" lon="139.43577611111112">
<ele>20</ele>
</trkpt>
<trkpt lat="36.081921111111114" lon="139.43577611111112">
<ele>20</ele>
</trkpt>
<trkpt lat="36.081945555555556" lon="139.43572944444443">
<ele>20</ele>
</trkpt>
<trkpt lat="36.08197" lon="139.43568277777777">
<ele>20</ele>
</trkpt>
<trkpt lat="36.08199444444445" lon="139.4356361111111">
<ele>20</ele>
</trkpt>
<trkpt lat="36.08201888888889" lon="139.43558944444445">
<ele>20</ele>
</trkpt>
<trkpt lat="36.08204333333333" lon="139.43554277777778">
<ele>20</ele>
</trkpt>
<trkpt lat="36.08206777777778" lon="139.43549638888888">
<ele>20</ele>
</trkpt>
<trkpt lat="36.08209222222222" lon="139.43544972222222">
<ele>20</ele>
</trkpt>
<trkpt lat="36.082116666666664" lon="139.43540305555555">
<ele>20</ele>
</trkpt>
<trkpt lat="36.08214111111111" lon="139.4353563888889">
<ele>20</ele>
</trkpt>
<trkpt lat="36.082165555555555" lon="139.43530972222223">
<ele>20</ele>
</trkpt>
<trkpt lat="36.08219" lon="139.43526305555557">
<ele>20</ele>
</trkpt>
<trkpt lat="36.082214444444446" lon="139.43521638888888">
<ele>20</ele>
</trkpt>
<trkpt lat="36.08223888888889" lon="139.43517">
<ele>20</ele>
</trkpt>
<trkpt lat="36.08226333333333" lon="139.43512333333334">
<ele>20</ele>
</trkpt>
<trkpt lat="36.08228777777778" lon="139.43507666666667">
<ele>20</ele>
</trkpt>
<trkpt lat="36.08231222222222" lon="139.43503">
<ele>20</ele>
</trkpt>
<trkpt lat="36.08233666666667" lon="139.43498333333332">
<ele>20</ele>
</trkpt>
<trkpt lat="36.08236111111111" lon="139.43493666666666">
<ele>20</ele>
</trkpt>
<trkpt lat="36.082385555555554" lon="139.43489">
<ele>20</ele>
</trkpt>
<trkpt lat="36.08241" lon="139.43484361111112">
<ele>20</ele>
</trkpt>
<trkpt lat="36.082434444444445" lon="139.43479694444446">
<ele>20</ele>
</trkpt>
<trkpt lat="36.08245888888889" lon="139.43475027777777">
<ele>20</ele>
</trkpt>
<trkpt lat="36.082483333333336" lon="139.4347036111111">
<ele>20</ele>
</trkpt>
<trkpt lat="36.08250777777778" lon="139.43465694444444">
<ele>20</ele>
</trkpt>
<trkpt lat="36.08253222222222" lon="139.43461027777778">
<ele>20</ele>
</trkpt>
<trkpt lat="36.082545555555555" lon="139.434585">
<ele>20</ele>
</trkpt>
<trkpt lat="36.082545555555555" lon="139.434585">
<ele>20</ele>
</trkpt>
<trkpt lat="36.08255638888889" lon="139.4345313888889">
<ele>20</ele>
</trkpt>
<trkpt lat="36.0825675" lon="139.4344775">
<ele>20</ele>
</trkpt>
<trkpt lat="36.08257861111111" lon="139.4344236111111">
<ele>20</ele>
</trkpt>
<trkpt lat="36.082589722222224" lon="139.43436972222221">
<ele>20</ele>
</trkpt>
<trkpt lat="36.08260055555556" lon="139.43431583333333">
<ele>20</ele>
</trkpt>
<trkpt lat="36.082611666666665" lon="139.43426194444444">
<ele>20</ele>
</trkpt>
<trkpt lat="36.08262277777778" lon="139.43420805555556">
<ele>20</ele>
</trkpt>
<trkpt lat="36.08263361111111" lon="139.43415416666667">
<ele>20</ele>
</trkpt>
<trkpt lat="36.08264472222222" lon="139.4341002777778">
<ele>20</ele>
</trkpt>
<trkpt lat="36.082655833333334" lon="139.4340463888889">
<ele>20</ele>
</trkpt>
<trkpt lat="36.08266666666667" lon="139.4339925">
<ele>19</ele>
</trkpt>
<trkpt lat="36.082677777777775" lon="139.4339386111111">
<ele>19</ele>
</trkpt>
<trkpt lat="36.08268888888889" lon="139.43388472222222">
<ele>19</ele>
</trkpt>
<trkpt lat="36.0827" lon="139.43383083333333">
<ele>19</ele>
</trkpt>
<trkpt lat="36.08271027777778" lon="139.43378055555556">
<ele>19</ele>
</trkpt>
<trkpt lat="36.08271027777778" lon="139.43378055555556">
<ele>19</ele>
</trkpt>
<trkpt lat="36.082679722222224" lon="139.4337397222222">
<ele>19</ele>
</trkpt>
<trkpt lat="36.08264916666667" lon="139.43369916666666">
<ele>19</ele>
</trkpt>
<trkpt lat="36.08261861111111" lon="139.43365833333334">
<ele>19</ele>
</trkpt>
<trkpt lat="36.082587777777775" lon="139.4336175">
<ele>19</ele>
</trkpt>
<trkpt lat="36.08255722222222" lon="139.43357694444444">
<ele>19</ele>
</trkpt>
<trkpt lat="36.082526666666666" lon="139.43353611111112">
<ele>19</ele>
</trkpt>
<trkpt lat="36.08249611111111" lon="139.43349555555557">
<ele>19</ele>
</trkpt>
<trkpt lat="36.08246555555556" lon="139.43345472222222">
<ele>19</ele>
</trkpt>
<trkpt lat="36.082435" lon="139.43341416666667">
<ele>19</ele>
</trkpt>
<trkpt lat="36.08240444444444" lon="139.43337333333332">
<ele>19</ele>
</trkpt>
<trkpt lat="36.08237388888889" lon="139.4333325">
<ele>20</ele>
</trkpt>
<trkpt lat="36.082343333333334" lon="139.43329194444445">
<ele>20</ele>
</trkpt>
<trkpt lat="36.08231277777778" lon="139.4332511111111">
<ele>19</ele>
</trkpt>
<trkpt lat="36.082282222222226" lon="139.43321055555555">
<ele>20</ele>
</trkpt>
<trkpt lat="36.082251666666664" lon="139.43316972222223">
<ele>20</ele>
</trkpt>
<trkpt lat="36.08222111111111" lon="139.43312916666667">
<ele>19</ele>
</trkpt>
<trkpt lat="36.082190555555556" lon="139.43308833333333">
<ele>20</ele>
</trkpt>
<trkpt lat="36.08215972222222" lon="139.43304777777777">
<ele>20</ele>
</trkpt>
<trkpt lat="36.08212916666667" lon="139.43300694444446">
<ele>20</ele>
</trkpt>
<trkpt lat="36.082098611111114" lon="139.4329661111111">
<ele>19</ele>
</trkpt>
<trkpt lat="36.08206805555555" lon="139.43292555555556">
<ele>19</ele>
</trkpt>
<trkpt lat="36.0820375" lon="139.4328847222222">
<ele>20</ele>
</trkpt>
<trkpt lat="36.082006944444444" lon="139.43284416666665">
<ele>20</ele>
</trkpt>
<trkpt lat="36.08197638888889" lon="139.43280333333334">
<ele>19</ele>
</trkpt>
<trkpt lat="36.081945833333336" lon="139.43276277777778">
<ele>19</ele>
</trkpt>
<trkpt lat="36.081915277777775" lon="139.43272194444444">
<ele>19</ele>
</trkpt>
<trkpt lat="36.0819125" lon="139.43271833333333">
<ele>19</ele>
</trkpt>
<trkpt lat="36.0819125" lon="139.43271833333333">
<ele>19</ele>
</trkpt>
<trkpt lat="36.08188916666667" lon="139.43267083333333">
<ele>19</ele>
</trkpt>
<trkpt lat="36.08186555555555" lon="139.4326236111111">
<ele>19</ele>
</trkpt>
<trkpt lat="36.08184222222222" lon="139.4325761111111">
<ele>19</ele>
</trkpt>
<trkpt lat="36.08181861111111" lon="139.4325286111111">
<ele>19</ele>
</trkpt>
<trkpt lat="36.08179527777778" lon="139.4324813888889">
<ele>19</ele>
</trkpt>
<trkpt lat="36.08177166666667" lon="139.43243388888888">
<ele>19</ele>
</trkpt>
<trkpt lat="36.08174833333333" lon="139.43238666666667">
<ele>19</ele>
</trkpt>
<trkpt lat="36.08172472222222" lon="139.43233916666668">
<ele>19</ele>
</trkpt>
<trkpt lat="36.08170138888889" lon="139.43229166666666">
<ele>19</ele>
</trkpt>
<trkpt lat="36.08167777777778" lon="139.43224444444445">
<ele>19</ele>
</trkpt>
<trkpt lat="36.081654444444446" lon="139.43219694444446">
<ele>19</ele>
</trkpt>
<trkpt lat="36.08163111111111" lon="139.43214972222222">
<ele>19</ele>
</trkpt>
<trkpt lat="36.0816075" lon="139.43210222222223">
<ele>19</ele>
</trkpt>
<trkpt lat="36.081584166666666" lon="139.43205472222223">
<ele>19</ele>
</trkpt>
<trkpt lat="36.081560555555555" lon="139.4320075">
<ele>19</ele>
</trkpt>
<trkpt lat="36.081537222222224" lon="139.43196">
<ele>19</ele>
</trkpt>
<trkpt lat="36.08151361111111" lon="139.4319125">
<ele>19</ele>
</trkpt>
<trkpt lat="36.081490277777775" lon="139.43186527777777">
<ele>19</ele>
</trkpt>
<trkpt lat="36.081466666666664" lon="139.43181777777778">
<ele>19</ele>
</trkpt>
<trkpt lat="36.08144333333333" lon="139.43177055555554">
<ele>19</ele>
</trkpt>
<trkpt lat="36.08141972222222" lon="139.43172305555555">
<ele>19</ele>
</trkpt>
<trkpt lat="36.08139638888889" lon="139.43167555555556">
<ele>19</ele>
</trkpt>
<trkpt lat="36.08137305555555" lon="139.43162833333332">
<ele>19</ele>
</trkpt>
<trkpt lat="36.08134944444444" lon="139.43158083333333">
<ele>19</ele>
</trkpt>
<trkpt lat="36.08132611111111" lon="139.43153361111112">
<ele>19</ele>
</trkpt>
<trkpt lat="36.0813025" lon="139.4314861111111">
<ele>19</ele>
</trkpt>
<trkpt lat="36.08127916666667" lon="139.4314386111111">
<ele>19</ele>
</trkpt>
<trkpt lat="36.08125555555556" lon="139.4313913888889">
<ele>19</ele>
</trkpt>
<trkpt lat="36.08123222222222" lon="139.43134388888888">
<ele>19</ele>
</trkpt>
<trkpt lat="36.08120861111111" lon="139.43129638888888">
<ele>19</ele>
</trkpt>
<trkpt lat="36.08118527777778" lon="139.43124916666667">
<ele>19</ele>
</trkpt>
<trkpt lat="36.08116166666667" lon="139.43120166666668">
<ele>19</ele>
</trkpt>
<trkpt lat="36.081138333333335" lon="139.43115444444445">
<ele>19</ele>
</trkpt>
<trkpt lat="36.081114722222225" lon="139.43110694444445">
<ele>19</ele>
</trkpt>
<trkpt lat="36.081091388888886" lon="139.43105944444446">
<ele>19</ele>
</trkpt>
<trkpt lat="36.081068055555555" lon="139.43101222222222">
<ele>19</ele>
</trkpt>
<trkpt lat="36.08106277777778" lon="139.43100166666667">
<ele>19</ele>
</trkpt>
<trkpt lat="36.081023888888886" lon="139.43095805555555">
<ele>19</ele>
</trkpt>
<trkpt lat="36.08107694444445" lon="139.4308838888889">
<ele>19</ele>
</trkpt>
<trkpt lat="36.08101111111111" lon="139.43076">
<ele>19</ele>
</trkpt>
<trkpt lat="36.08107694444445" lon="139.43066">
<ele>19</ele>
</trkpt>
<trkpt lat="36.08119388888889" lon="139.430285">
<ele>19</ele>
</trkpt>
<trkpt lat="36.08128611111111" lon="139.42989694444444">
<ele>19</ele>
</trkpt>
<trkpt lat="36.08147694444445" lon="139.42904694444445">
<ele>19</ele>
</trkpt>
<trkpt lat="36.08159388888889" lon="139.42852194444444">
<ele>19</ele>
</trkpt>
<trkpt lat="36.08218611111111" lon="139.42586">
<ele>19</ele>
</trkpt>
<trkpt lat="36.08255194444445" lon="139.42422305555556">
<ele>19</ele>
</trkpt>
<trkpt lat="36.082768888888886" lon="139.423235">
<ele>19</ele>
</trkpt>
<trkpt lat="36.08306888888889" lon="139.42187305555555">
<ele>19</ele>
</trkpt>
<trkpt lat="36.083235" lon="139.42111111111112">
<ele>19</ele>
</trkpt>
<trkpt lat="36.08336" lon="139.42054805555554">
<ele>19</ele>
</trkpt>
<trkpt lat="36.08390194444444" lon="139.41813611111112">
<ele>19</ele>
</trkpt>
<trkpt lat="36.08394305555556" lon="139.41792305555555">
<ele>19</ele>
</trkpt>
<trkpt lat="36.08395194444444" lon="139.41782305555554">
<ele>19</ele>
</trkpt>
<trkpt lat="36.083935" lon="139.41772305555557">
<ele>19</ele>
</trkpt>
<trkpt lat="36.08391805555556" lon="139.4176111111111">
<ele>19</ele>
</trkpt>
<trkpt lat="36.08385194444445" lon="139.41737305555554">
<ele>19</ele>
</trkpt>
<trkpt lat="36.083643055555555" lon="139.41684805555556">
<ele>20</ele>
</trkpt>
<trkpt lat="36.08309388888889" lon="139.4156361111111">
<ele>21</ele>
</trkpt>
<trkpt lat="36.082676944444444" lon="139.41473611111113">
<ele>23</ele>
</trkpt>
<trkpt lat="36.082543888888885" lon="139.41441111111112">
<ele>24</ele>
</trkpt>
<trkpt lat="36.08244388888889" lon="139.4140988888889">
<ele>24</ele>
</trkpt>
<trkpt lat="36.082235" lon="139.4130988888889">
<ele>27</ele>
</trkpt>
<trkpt lat="36.08216" lon="139.41272388888888">
<ele>28</ele>
</trkpt>
<trkpt lat="36.08204388888889" lon="139.4123238888889">
<ele>27</ele>
</trkpt>
<trkpt lat="36.08201" lon="139.4121988888889">
<ele>28</ele>
</trkpt>
<trkpt lat="36.08189388888889" lon="139.4118738888889">
<ele>29</ele>
</trkpt>
<trkpt lat="36.08137694444444" lon="139.41091194444445">
<ele>32</ele>
</trkpt>
<trkpt lat="36.08136" lon="139.41086194444443">
<ele>33</ele>
</trkpt>
<trkpt lat="36.08127694444445" lon="139.4105988888889">
<ele>33</ele>
</trkpt>
<trkpt lat="36.08124388888889" lon="139.41036194444445">
<ele>35</ele>
</trkpt>
<trkpt lat="36.08125694444445" lon="139.41003305555554">
<ele>36</ele>
</trkpt>
<trkpt lat="36.08125694444445" lon="139.41003305555554">
<ele>36</ele>
</trkpt>
<trkpt lat="36.08126" lon="139.4099488888889">
<ele>37</ele>
</trkpt>
<trkpt lat="36.08126" lon="139.4097238888889">
<ele>36</ele>
</trkpt>
<trkpt lat="36.080751944444444" lon="139.40971194444444">
<ele>38</ele>
</trkpt>
<trkpt lat="36.08051888888889" lon="139.4096988888889">
<ele>39</ele>
</trkpt>
<trkpt lat="36.080418888888886" lon="139.4096988888889">
<ele>39</ele>
</trkpt>
<trkpt lat="36.07984388888889" lon="139.40967388888888">
<ele>42</ele>
</trkpt>
<trkpt lat="36.07974388888889" lon="139.40967388888888">
<ele>43</ele>
</trkpt>
<trkpt lat="36.07973611111111" lon="139.40967388888888">
<ele>43</ele>
</trkpt>
<trkpt lat="36.07935194444445" lon="139.40961194444444">
<ele>43</ele>
</trkpt>
<trkpt lat="36.078826944444444" lon="139.40951194444443">
<ele>45</ele>
</trkpt>
<trkpt lat="36.07859388888889" lon="139.40948694444444">
<ele>45</ele>
</trkpt>
<trkpt lat="36.07823611111111" lon="139.40943694444445">
<ele>45</ele>
</trkpt>
<trkpt lat="36.07788611111111" lon="139.4093988888889">
<ele>45</ele>
</trkpt>
<trkpt lat="36.077576944444445" lon="139.40936194444444">
<ele>45</ele>
</trkpt>
<trkpt lat="36.07736888888889" lon="139.40931194444445">
<ele>45</ele>
</trkpt>
<trkpt lat="36.07723611111111" lon="139.40928694444443">
<ele>45</ele>
</trkpt>
<trkpt lat="36.077103055555554" lon="139.40926194444444">
<ele>45</ele>
</trkpt>
<trkpt lat="36.07662805555555" lon="139.40916194444443">
<ele>43</ele>
</trkpt>
<trkpt lat="36.07619388888889" lon="139.40906194444443">
<ele>44</ele>
</trkpt>
<trkpt lat="36.076211111111114" lon="139.40897388888888">
<ele>44</ele>
</trkpt>
<trkpt lat="36.07626888888889" lon="139.40871194444443">
<ele>43</ele>
</trkpt>
<trkpt lat="36.076278055555555" lon="139.40858694444444">
<ele>43</ele>
</trkpt>
<trkpt lat="36.07619388888889" lon="139.40801194444444">
<ele>43</ele>
</trkpt>
<trkpt lat="36.076078055555556" lon="139.40766194444444">
<ele>44</ele>
</trkpt>
<trkpt lat="36.07574694444445" lon="139.40671194444445">
<ele>44</ele>
</trkpt>
<trkpt lat="36.07574694444445" lon="139.40671194444445">
<ele>44</ele>
</trkpt>
<trkpt lat="36.07567805555556" lon="139.40651194444445">
<ele>44</ele>
</trkpt>
<trkpt lat="36.07553611111111" lon="139.40611194444443">
<ele>44</ele>
</trkpt>
<trkpt lat="36.07541888888889" lon="139.4058">
<ele>44</ele>
</trkpt>
<trkpt lat="36.07534388888889" lon="139.40553694444444">
<ele>44</ele>
</trkpt>
<trkpt lat="36.074803055555556" lon="139.40401194444445">
<ele>39</ele>
</trkpt>
<trkpt lat="36.074711111111114" lon="139.40375">
<ele>39</ele>
</trkpt>
<trkpt lat="36.074528055555554" lon="139.40323694444444">
<ele>41</ele>
</trkpt>
<trkpt lat="36.07430305555555" lon="139.40258694444444">
<ele>42</ele>
</trkpt>
<trkpt lat="36.074193888888885" lon="139.40226305555555">
<ele>43</ele>
</trkpt>
<trkpt lat="36.07413611111111" lon="139.40206194444445">
<ele>42</ele>
</trkpt>
<trkpt lat="36.074086111111114" lon="139.40175">
<ele>41</ele>
</trkpt>
<trkpt lat="36.07406888888889" lon="139.401375">
<ele>40</ele>
</trkpt>
<trkpt lat="36.074086111111114" lon="139.40113805555555">
<ele>39</ele>
</trkpt>
<trkpt lat="36.07411888888889" lon="139.40096194444445">
<ele>38</ele>
</trkpt>
<trkpt lat="36.07416111111111" lon="139.40076305555556">
<ele>38</ele>
</trkpt>
<trkpt lat="36.074353055555555" lon="139.40006305555556">
<ele>38</ele>
</trkpt>
<trkpt lat="36.07451888888889" lon="139.399425">
<ele>38</ele>
</trkpt>
<trkpt lat="36.07461888888889" lon="139.39906305555556">
<ele>38</ele>
</trkpt>
<trkpt lat="36.074936111111114" lon="139.39788805555557">
<ele>38</ele>
</trkpt>
<trkpt lat="36.07503611111111" lon="139.39753805555554">
<ele>38</ele>
</trkpt>
<trkpt lat="36.07509388888889" lon="139.397275">
<ele>38</ele>
</trkpt>
<trkpt lat="36.07523611111111" lon="139.39675111111112">
<ele>38</ele>
</trkpt>
<trkpt lat="36.07525305555556" lon="139.39668805555556">
<ele>38</ele>
</trkpt>
<trkpt lat="36.07538611111111" lon="139.39617611111112">
<ele>38</ele>
</trkpt>
<trkpt lat="36.07551888888889" lon="139.39561305555554">
<ele>38</ele>
</trkpt>
<trkpt lat="36.075603055555554" lon="139.39390111111112">
<ele>39</ele>
</trkpt>
<trkpt lat="36.07561111111111" lon="139.39377611111112">
<ele>39</ele>
</trkpt>
<trkpt lat="36.07561888888889" lon="139.3936511111111">
<ele>39</ele>
</trkpt>
<trkpt lat="36.07566111111111" lon="139.39283805555556">
<ele>40</ele>
</trkpt>
<trkpt lat="36.07568611111111" lon="139.3922261111111">
<ele>42</ele>
</trkpt>
<trkpt lat="36.07570194444445" lon="139.39187611111112">
<ele>42</ele>
</trkpt>
<trkpt lat="36.07574388888889" lon="139.39107611111112">
<ele>40</ele>
</trkpt>
<trkpt lat="36.07576888888889" lon="139.39051388888888">
<ele>40</ele>
</trkpt>
<trkpt lat="36.07581111111111" lon="139.3898388888889">
<ele>40</ele>
</trkpt>
<trkpt lat="36.07586888888889" lon="139.3893261111111">
<ele>40</ele>
</trkpt>
<trkpt lat="36.07594388888889" lon="139.3888511111111">
<ele>40</ele>
</trkpt>
<trkpt lat="36.076011111111114" lon="139.3885388888889">
<ele>40</ele>
</trkpt>
<trkpt lat="36.07609388888889" lon="139.3881888888889">
<ele>40</ele>
</trkpt>
<trkpt lat="36.07636888888889" lon="139.3874011111111">
<ele>41</ele>
</trkpt>
<trkpt lat="36.07655194444445" lon="139.38697694444446">
<ele>42</ele>
</trkpt>
<trkpt lat="36.07662694444444" lon="139.3868388888889">
<ele>42</ele>
</trkpt>
<trkpt lat="36.07680194444445" lon="139.38651388888889">
<ele>42</ele>
</trkpt>
<trkpt lat="36.07705194444444" lon="139.3861388888889">
<ele>42</ele>
</trkpt>
<trkpt lat="36.07726888888889" lon="139.38582694444443">
<ele>42</ele>
</trkpt>
<trkpt lat="36.078651944444445" lon="139.3838638888889">
<ele>44</ele>
</trkpt>
<trkpt lat="36.07900194444444" lon="139.38337694444445">
<ele>44</ele>
</trkpt>
<trkpt lat="36.080285" lon="139.38153888888888">
<ele>45</ele>
</trkpt>
<trkpt lat="36.08126" lon="139.38017694444446">
<ele>47</ele>
</trkpt>
<trkpt lat="36.08190111111111" lon="139.379265">
<ele>48</ele>
</trkpt>
<trkpt lat="36.081985" lon="139.37915194444443">
<ele>48</ele>
</trkpt>
<trkpt lat="36.08217611111111" lon="139.37895194444445">
<ele>48</ele>
</trkpt>
<trkpt lat="36.08241805555556" lon="139.37875194444445">
<ele>49</ele>
</trkpt>
<trkpt lat="36.082568055555555" lon="139.378665">
<ele>49</ele>
</trkpt>
<trkpt lat="36.08354194444444" lon="139.3782838888889">
<ele>49</ele>
</trkpt>
<trkpt lat="36.08354194444444" lon="139.3782838888889">
<ele>49</ele>
</trkpt>
<trkpt lat="36.08355888888889" lon="139.37827694444445">
<ele>49</ele>
</trkpt>
<trkpt lat="36.083801111111114" lon="139.37815194444445">
<ele>51</ele>
</trkpt>
<trkpt lat="36.08401805555555" lon="139.378015">
<ele>54</ele>
</trkpt>
<trkpt lat="36.08423388888889" lon="139.37780194444446">
<ele>56</ele>
</trkpt>
<trkpt lat="36.084783888888886" lon="139.37714">
<ele>58</ele>
</trkpt>
<trkpt lat="36.08505111111111" lon="139.376815">
<ele>58</ele>
</trkpt>
<trkpt lat="36.08524194444445" lon="139.37647805555557">
<ele>56</ele>
</trkpt>
<trkpt lat="36.08533388888889" lon="139.37624">
<ele>54</ele>
</trkpt>
<trkpt lat="36.08542611111111" lon="139.37597805555555">
<ele>55</ele>
</trkpt>
<trkpt lat="36.08549194444444" lon="139.37564">
<ele>53</ele>
</trkpt>
<trkpt lat="36.08550888888889" lon="139.37530305555555">
<ele>53</ele>
</trkpt>
<trkpt lat="36.08549194444444" lon="139.375015">
<ele>53</ele>
</trkpt>
<trkpt lat="36.08544194444445" lon="139.37459">
<ele>52</ele>
</trkpt>
<trkpt lat="36.08540888888889" lon="139.374215">
<ele>52</ele>
</trkpt>
<trkpt lat="36.08531694444444" lon="139.373265">
<ele>51</ele>
</trkpt>
<trkpt lat="36.085301111111114" lon="139.373165">
<ele>51</ele>
</trkpt>
<trkpt lat="36.08529194444444" lon="139.37309">
<ele>52</ele>
</trkpt>
<trkpt lat="36.08526694444444" lon="139.37285305555557">
<ele>52</ele>
</trkpt>
<trkpt lat="36.08522611111111" lon="139.37267694444444">
<ele>53</ele>
</trkpt>
<trkpt lat="36.08517611111111" lon="139.37249">
<ele>52</ele>
</trkpt>
<trkpt lat="36.08508388888889" lon="139.37225305555555">
<ele>51</ele>
</trkpt>
<trkpt lat="36.08502611111111" lon="139.372115">
<ele>51</ele>
</trkpt>
<trkpt lat="36.08483388888889" lon="139.37179">
<ele>50</ele>
</trkpt>
<trkpt lat="36.08455111111111" lon="139.37129">
<ele>55</ele>
</trkpt>
<trkpt lat="36.08440888888889" lon="139.370915">
<ele>54</ele>
</trkpt>
<trkpt lat="36.084341944444446" lon="139.370665">
<ele>54</ele>
</trkpt>
<trkpt lat="36.08428388888889" lon="139.370115">
<ele>57</ele>
</trkpt>
<trkpt lat="36.084226111111114" lon="139.36905305555555">
<ele>60</ele>
</trkpt>
<trkpt lat="36.08420888888889" lon="139.36885305555555">
<ele>63</ele>
</trkpt>
<trkpt lat="36.084133888888886" lon="139.368515">
<ele>67</ele>
</trkpt>
<trkpt lat="36.08392611111111" lon="139.36795305555555">
<ele>67</ele>
</trkpt>
<trkpt lat="36.08359305555555" lon="139.367165">
<ele>67</ele>
</trkpt>
<trkpt lat="36.082993055555555" lon="139.36565305555555">
<ele>59</ele>
</trkpt>
<trkpt lat="36.082951111111115" lon="139.36557805555555">
<ele>59</ele>
</trkpt>
<trkpt lat="36.08283388888889" lon="139.36536611111111">
<ele>58</ele>
</trkpt>
<trkpt lat="36.08257611111111" lon="139.36497805555555">
<ele>57</ele>
</trkpt>
<trkpt lat="36.082301111111114" lon="139.3646161111111">
<ele>56</ele>
</trkpt>
<trkpt lat="36.08182611111111" lon="139.36395305555556">
<ele>53</ele>
</trkpt>
<trkpt lat="36.08147611111111" lon="139.36342805555554">
<ele>50</ele>
</trkpt>
<trkpt lat="36.08132611111111" lon="139.36306611111112">
<ele>50</ele>
</trkpt>
<trkpt lat="36.08115111111111" lon="139.36242805555557">
<ele>49</ele>
</trkpt>
<trkpt lat="36.08105888888889" lon="139.36217805555555">
<ele>49</ele>
</trkpt>
<trkpt lat="36.08098388888889" lon="139.36200305555556">
<ele>49</ele>
</trkpt>
<trkpt lat="36.08079305555555" lon="139.3615661111111">
<ele>49</ele>
</trkpt>
<trkpt lat="36.080376111111114" lon="139.36077805555556">
<ele>49</ele>
</trkpt>
<trkpt lat="36.08014305555555" lon="139.36047805555555">
<ele>48</ele>
</trkpt>
<trkpt lat="36.07978388888889" lon="139.36010305555556">
<ele>48</ele>
</trkpt>
<trkpt lat="36.07961805555556" lon="139.35989111111112">
<ele>48</ele>
</trkpt>
<trkpt lat="36.07933388888889" lon="139.35942805555555">
<ele>47</ele>
</trkpt>
<trkpt lat="36.079143055555555" lon="139.35889111111112">
<ele>46</ele>
</trkpt>
<trkpt lat="36.07905888888889" lon="139.3585911111111">
<ele>46</ele>
</trkpt>
<trkpt lat="36.07857611111111" lon="139.35867805555554">
<ele>46</ele>
</trkpt>
<trkpt lat="36.07816805555556" lon="139.3586911111111">
<ele>47</ele>
</trkpt>
<trkpt lat="36.07782611111111" lon="139.35865305555555">
<ele>47</ele>
</trkpt>
<trkpt lat="36.07754305555556" lon="139.35860305555556">
<ele>46</ele>
</trkpt>
<trkpt lat="36.07711" lon="139.35847805555557">
<ele>46</ele>
</trkpt>
<trkpt lat="36.07635611111111" lon="139.35818305555554">
<ele>45</ele>
</trkpt>
<trkpt lat="36.07635611111111" lon="139.35818305555554">
<ele>45</ele>
</trkpt>
<trkpt lat="36.076185" lon="139.35811611111112">
<ele>45</ele>
</trkpt>
<trkpt lat="36.075893055555554" lon="139.3580288888889">
<ele>45</ele>
</trkpt>
<trkpt lat="36.075743055555556" lon="139.35799111111112">
<ele>46</ele>
</trkpt>
<trkpt lat="36.075468055555554" lon="139.35796611111112">
<ele>46</ele>
</trkpt>
<trkpt lat="36.07515194444444" lon="139.35797888888888">
<ele>46</ele>
</trkpt>
<trkpt lat="36.074826944444446" lon="139.3580288888889">
<ele>45</ele>
</trkpt>
<trkpt lat="36.07364388888889" lon="139.35831611111112">
<ele>45</ele>
</trkpt>
<trkpt lat="36.07321888888889" lon="139.35844111111112">
<ele>44</ele>
</trkpt>
<trkpt lat="36.072876944444445" lon="139.3585788888889">
<ele>44</ele>
</trkpt>
<trkpt lat="36.07251888888889" lon="139.35876611111112">
<ele>44</ele>
</trkpt>
<trkpt lat="36.07211111111111" lon="139.3590788888889">
<ele>43</ele>
</trkpt>
<trkpt lat="36.07158611111111" lon="139.3595161111111">
<ele>43</ele>
</trkpt>
<trkpt lat="36.07133611111111" lon="139.3597288888889">
<ele>43</ele>
</trkpt>
<trkpt lat="36.07129388888889" lon="139.3596538888889">
<ele>43</ele>
</trkpt>
<trkpt lat="36.07111888888889" lon="139.35980388888888">
<ele>43</ele>
</trkpt>
<trkpt lat="36.06976888888889" lon="139.3609661111111">
<ele>42</ele>
</trkpt>
<trkpt lat="36.06938611111111" lon="139.3613038888889">
<ele>42</ele>
</trkpt>
<trkpt lat="36.06856888888889" lon="139.3620038888889">
<ele>41</ele>
</trkpt>
<trkpt lat="36.068551944444444" lon="139.3620161111111">
<ele>41</ele>
</trkpt>
<trkpt lat="36.06847805555556" lon="139.3620788888889">
<ele>41</ele>
</trkpt>
<trkpt lat="36.06773611111111" lon="139.36274111111112">
<ele>41</ele>
</trkpt>
<trkpt lat="36.067661111111114" lon="139.36280305555556">
<ele>41</ele>
</trkpt>
<trkpt lat="36.06742805555555" lon="139.36305305555555">
<ele>41</ele>
</trkpt>
<trkpt lat="36.06729388888889" lon="139.36321611111111">
<ele>41</ele>
</trkpt>
<trkpt lat="36.06716111111111" lon="139.36344111111111">
<ele>40</ele>
</trkpt>
<trkpt lat="36.067028055555554" lon="139.3637161111111">
<ele>40</ele>
</trkpt>
<trkpt lat="36.06689388888889" lon="139.36410305555555">
<ele>41</ele>
</trkpt>
<trkpt lat="36.06676888888889" lon="139.3646411111111">
<ele>41</ele>
</trkpt>
<trkpt lat="36.06661111111111" lon="139.36532805555555">
<ele>41</ele>
</trkpt>
<trkpt lat="36.06647805555556" lon="139.3657661111111">
<ele>41</ele>
</trkpt>
<trkpt lat="36.066395" lon="139.3659911111111">
<ele>41</ele>
</trkpt>
<trkpt lat="36.066253055555556" lon="139.36625305555555">
<ele>41</ele>
</trkpt>
<trkpt lat="36.06612" lon="139.36645305555555">
<ele>41</ele>
</trkpt>
<trkpt lat="36.065995" lon="139.3666161111111">
<ele>41</ele>
</trkpt>
<trkpt lat="36.06578611111111" lon="139.36680305555555">
<ele>41</ele>
</trkpt>
<trkpt lat="36.065545" lon="139.36697805555556">
<ele>40</ele>
</trkpt>
<trkpt lat="36.06527805555555" lon="139.36712805555555">
<ele>40</ele>
</trkpt>
<trkpt lat="36.06503611111111" lon="139.3672411111111">
<ele>38</ele>
</trkpt>
<trkpt lat="36.06480305555556" lon="139.3673411111111">
<ele>38</ele>
</trkpt>
<trkpt lat="36.06435305555556" lon="139.36752805555557">
<ele>38</ele>
</trkpt>
<trkpt lat="36.06337805555555" lon="139.36785305555554">
<ele>39</ele>
</trkpt>
<trkpt lat="36.06240388888889" lon="139.36819111111112">
<ele>39</ele>
</trkpt>
<trkpt lat="36.06197" lon="139.36837805555555">
<ele>39</ele>
</trkpt>
<trkpt lat="36.06162" lon="139.36852805555554">
<ele>39</ele>
</trkpt>
<trkpt lat="36.06132" lon="139.3686911111111">
<ele>39</ele>
</trkpt>
<trkpt lat="36.06113694444444" lon="139.3687911111111">
<ele>38</ele>
</trkpt>
<trkpt lat="36.06096194444444" lon="139.3688911111111">
<ele>38</ele>
</trkpt>
<trkpt lat="36.06067888888889" lon="139.36906611111112">
<ele>38</ele>
</trkpt>
<trkpt lat="36.060611944444446" lon="139.36910305555554">
<ele>39</ele>
</trkpt>
<trkpt lat="36.05990388888889" lon="139.36964111111112">
<ele>39</ele>
</trkpt>
<trkpt lat="36.05887888888889" lon="139.37055305555555">
<ele>39</ele>
</trkpt>
<trkpt lat="36.05792888888889" lon="139.37140305555556">
<ele>40</ele>
</trkpt>
<trkpt lat="36.05750388888889" lon="139.37179111111112">
<ele>42</ele>
</trkpt>
<trkpt lat="36.05737111111111" lon="139.37191611111112">
<ele>41</ele>
</trkpt>
<trkpt lat="36.05705388888889" lon="139.3721911111111">
<ele>42</ele>
</trkpt>
<trkpt lat="36.05694611111111" lon="139.3722911111111">
<ele>43</ele>
</trkpt>
<trkpt lat="36.05573805555556" lon="139.37336611111112">
<ele>49</ele>
</trkpt>
<trkpt lat="36.05522888888889" lon="139.37382805555555">
<ele>49</ele>
</trkpt>
<trkpt lat="36.05492111111111" lon="139.3740911111111">
<ele>49</ele>
</trkpt>
<trkpt lat="36.054588055555556" lon="139.37435305555556">
<ele>49</ele>
</trkpt>
<trkpt lat="36.05439611111111" lon="139.3744661111111">
<ele>48</ele>
</trkpt>
<trkpt lat="36.054163055555556" lon="139.37460305555555">
<ele>47</ele>
</trkpt>
<trkpt lat="36.053688055555554" lon="139.37482805555555">
<ele>47</ele>
</trkpt>
<trkpt lat="36.05348" lon="139.3749161111111">
<ele>47</ele>
</trkpt>
<trkpt lat="36.053255" lon="139.37499111111111">
<ele>46</ele>
</trkpt>
<trkpt lat="36.052888055555556" lon="139.37507805555555">
<ele>44</ele>
</trkpt>
<trkpt lat="36.05276305555556" lon="139.37509111111112">
<ele>43</ele>
</trkpt>
<trkpt lat="36.052146944444445" lon="139.37517805555555">
<ele>41</ele>
</trkpt>
<trkpt lat="36.05184694444444" lon="139.37521611111111">
<ele>39</ele>
</trkpt>
<trkpt lat="36.05133" lon="139.37529111111112">
<ele>38</ele>
</trkpt>
<trkpt lat="36.050555" lon="139.37542805555555">
<ele>36</ele>
</trkpt>
<trkpt lat="36.05011388888889" lon="139.37552805555555">
<ele>32</ele>
</trkpt>
<trkpt lat="36.04988888888889" lon="139.37557805555556">
<ele>32</ele>
</trkpt>
<trkpt lat="36.04967194444444" lon="139.37562805555555">
<ele>32</ele>
</trkpt>
<trkpt lat="36.048896944444444" lon="139.3758161111111">
<ele>34</ele>
</trkpt>
<trkpt lat="36.04857694444444" lon="139.37592305555555">
<ele>34</ele>
</trkpt>
<trkpt lat="36.04857694444444" lon="139.37592305555555">
<ele>34</ele>
</trkpt>
<trkpt lat="36.04793111111111" lon="139.3761411111111">
<ele>36</ele>
</trkpt>
<trkpt lat="36.04788888888889" lon="139.3759661111111">
<ele>36</ele>
</trkpt>
<trkpt lat="36.047781111111114" lon="139.37585388888888">
<ele>36</ele>
</trkpt>
<trkpt lat="36.04768888888889" lon="139.3758038888889">
<ele>36</ele>
</trkpt>
<trkpt lat="36.04655611111111" lon="139.37544111111112">
<ele>37</ele>
</trkpt>
<trkpt lat="36.04604694444444" lon="139.3752788888889">
<ele>39</ele>
</trkpt>
<trkpt lat="36.04603888888889" lon="139.3753661111111">
<ele>39</ele>
</trkpt>
<trkpt lat="36.04603888888889" lon="139.3755538888889">
<ele>39</ele>
</trkpt>
<trkpt lat="36.045991111111114" lon="139.37577805555554">
<ele>39</ele>
</trkpt>
<trkpt lat="36.045991111111114" lon="139.37577805555554">
<ele>39</ele>
</trkpt>
<trkpt lat="36.04596388888889" lon="139.3759038888889">
<ele>39</ele>
</trkpt>
<trkpt lat="36.045788888888886" lon="139.37679111111112">
<ele>38</ele>
</trkpt>
<trkpt lat="36.045723055555555" lon="139.37711611111112">
<ele>38</ele>
</trkpt>
<trkpt lat="36.04558888888889" lon="139.37772805555556">
<ele>37</ele>
</trkpt>
<trkpt lat="36.04557194444445" lon="139.37781611111112">
<ele>37</ele>
</trkpt>
<trkpt lat="36.04538111111111" lon="139.37871611111112">
<ele>36</ele>
</trkpt>
<trkpt lat="36.04453111111111" lon="139.37884111111111">
<ele>37</ele>
</trkpt>
<trkpt lat="36.04434805555555" lon="139.37887805555556">
<ele>37</ele>
</trkpt>
<trkpt lat="36.044288888888886" lon="139.37887805555556">
<ele>37</ele>
</trkpt>
<trkpt lat="36.04401111111111" lon="139.37892194444444">
<ele>37</ele>
</trkpt>
<trkpt lat="36.04401111111111" lon="139.37892194444444">
<ele>37</ele>
</trkpt>
<trkpt lat="36.04341388888889" lon="139.3790161111111">
<ele>37</ele>
</trkpt>
<trkpt lat="36.04353888888889" lon="139.3784288888889">
<ele>37</ele>
</trkpt>
<trkpt lat="36.04360305555556" lon="139.3781238888889">
<ele>37</ele>
</trkpt>
<trkpt lat="36.04360305555556" lon="139.3781238888889">
<ele>37</ele>
</trkpt>
<trkpt lat="36.04366388888889" lon="139.3778288888889">
<ele>38</ele>
</trkpt>
<trkpt lat="36.043213888888886" lon="139.3779911111111">
<ele>38</ele>
</trkpt>
<trkpt lat="36.042651944444444" lon="139.3781811111111">
<ele>38</ele>
</trkpt>
<trkpt lat="36.042651944444444" lon="139.3781811111111">
<ele>38</ele>
</trkpt>
<trkpt lat="36.042608333333334" lon="139.378195">
<ele>38</ele>
</trkpt>
<trkpt lat="36.042565" lon="139.37820861111112">
<ele>38</ele>
</trkpt>
<trkpt lat="36.042521388888886" lon="139.3782225">
<ele>39</ele>
</trkpt>
<trkpt lat="36.042478055555556" lon="139.3782363888889">
<ele>39</ele>
</trkpt>
<trkpt lat="36.042434444444446" lon="139.37825027777777">
<ele>39</ele>
</trkpt>
<trkpt lat="36.042390833333336" lon="139.37826388888888">
<ele>39</ele>
</trkpt>
<trkpt lat="36.0423475" lon="139.37827777777778">
<ele>39</ele>
</trkpt>
<trkpt lat="36.04230388888889" lon="139.37829166666666">
<ele>39</ele>
</trkpt>
<trkpt lat="36.04226027777778" lon="139.37830555555556">
<ele>39</ele>
</trkpt>
<trkpt lat="36.04221694444445" lon="139.37831916666667">
<ele>39</ele>
</trkpt>
<trkpt lat="36.04217333333333" lon="139.37833305555554">
<ele>39</ele>
</trkpt>
<trkpt lat="36.04213" lon="139.37834694444444">
<ele>38</ele>
</trkpt>
<trkpt lat="36.04208638888889" lon="139.37836083333335">
<ele>38</ele>
</trkpt>
<trkpt lat="36.04204277777778" lon="139.37837444444443">
<ele>38</ele>
</trkpt>
<trkpt lat="36.04199944444444" lon="139.37838833333333">
<ele>38</ele>
</trkpt>
<trkpt lat="36.04195583333333" lon="139.37840222222223">
<ele>38</ele>
</trkpt>
<trkpt lat="36.0419125" lon="139.37841583333332">
<ele>38</ele>
</trkpt>
<trkpt lat="36.04186888888889" lon="139.37842972222222">
<ele>38</ele>
</trkpt>
<trkpt lat="36.041825277777775" lon="139.37844361111112">
<ele>38</ele>
</trkpt>
<trkpt lat="36.041781944444445" lon="139.3784575">
<ele>38</ele>
</trkpt>
<trkpt lat="36.041738333333335" lon="139.3784711111111">
<ele>38</ele>
</trkpt>
<trkpt lat="36.041694722222225" lon="139.378485">
<ele>38</ele>
</trkpt>
<trkpt lat="36.04165138888889" lon="139.37849888888888">
<ele>38</ele>
</trkpt>
<trkpt lat="36.04160777777778" lon="139.3785127777778">
<ele>38</ele>
</trkpt>
<trkpt lat="36.04156444444445" lon="139.3785263888889">
<ele>38</ele>
</trkpt>
<trkpt lat="36.04152083333334" lon="139.37854027777777">
<ele>39</ele>
</trkpt>
<trkpt lat="36.04147722222222" lon="139.37855416666667">
<ele>39</ele>
</trkpt>
<trkpt lat="36.04143388888889" lon="139.3785677777778">
<ele>39</ele>
</trkpt>
<trkpt lat="36.04139027777778" lon="139.37858166666666">
<ele>39</ele>
</trkpt>
<trkpt lat="36.04134666666667" lon="139.37859555555556">
<ele>39</ele>
</trkpt>
<trkpt lat="36.04130333333333" lon="139.37860944444444">
<ele>39</ele>
</trkpt>
<trkpt lat="36.04125972222222" lon="139.37862305555555">
<ele>39</ele>
</trkpt>
<trkpt lat="36.04121638888889" lon="139.37863694444445">
<ele>39</ele>
</trkpt>
<trkpt lat="36.04117277777778" lon="139.37865083333332">
<ele>39</ele>
</trkpt>
<trkpt lat="36.041129166666664" lon="139.37866472222223">
<ele>39</ele>
</trkpt>
<trkpt lat="36.041085833333334" lon="139.37867833333334">
<ele>39</ele>
</trkpt>
<trkpt lat="36.041042222222224" lon="139.3786922222222">
<ele>39</ele>
</trkpt>
<trkpt lat="36.04103194444444" lon="139.37869555555557">
<ele>39</ele>
</trkpt>
<trkpt lat="36.04102388888889" lon="139.37867111111112">
<ele>39</ele>
</trkpt>
<trkpt lat="36.04084805555556" lon="139.3787538888889">
<ele>39</ele>
</trkpt>
<trkpt lat="36.04060611111111" lon="139.3788788888889">
<ele>39</ele>
</trkpt>
<trkpt lat="36.04040611111111" lon="139.3790038888889">
<ele>40</ele>
</trkpt>
<trkpt lat="36.04022305555556" lon="139.37912888888889">
<ele>40</ele>
</trkpt>
<trkpt lat="36.039881111111114" lon="139.3794161111111">
<ele>40</ele>
</trkpt>
<trkpt lat="36.039498055555555" lon="139.3798038888889">
<ele>40</ele>
</trkpt>
<trkpt lat="36.03889" lon="139.3804911111111">
<ele>40</ele>
</trkpt>
<trkpt lat="36.038015" lon="139.3814788888889">
<ele>40</ele>
</trkpt>
<trkpt lat="36.03715694444445" lon="139.3824661111111">
<ele>40</ele>
</trkpt>
<trkpt lat="36.036665" lon="139.38301611111112">
<ele>40</ele>
</trkpt>
<trkpt lat="36.036031944444446" lon="139.3837038888889">
<ele>40</ele>
</trkpt>
<trkpt lat="36.03568194444444" lon="139.38400388888888">
<ele>40</ele>
</trkpt>
<trkpt lat="36.03549888888889" lon="139.38414111111112">
<ele>40</ele>
</trkpt>
<trkpt lat="36.03524" lon="139.3843038888889">
<ele>40</ele>
</trkpt>
<trkpt lat="36.03497388888889" lon="139.3844411111111">
<ele>40</ele>
</trkpt>
<trkpt lat="36.03471611111111" lon="139.3845288888889">
<ele>40</ele>
</trkpt>
<trkpt lat="36.03455694444445" lon="139.38457888888888">
<ele>41</ele>
</trkpt>
<trkpt lat="36.03439111111111" lon="139.38461611111111">
<ele>40</ele>
</trkpt>
<trkpt lat="36.03398194444444" lon="139.38467888888889">
<ele>40</ele>
</trkpt>
<trkpt lat="36.03364111111111" lon="139.38467888888889">
<ele>40</ele>
</trkpt>
<trkpt lat="36.03232388888889" lon="139.3846288888889">
<ele>36</ele>
</trkpt>
<trkpt lat="36.03203194444445" lon="139.38470388888888">
<ele>34</ele>
</trkpt>
<trkpt lat="36.03197111111111" lon="139.38473194444444">
<ele>34</ele>
</trkpt>
<trkpt lat="36.03197111111111" lon="139.38473194444444">
<ele>34</ele>
</trkpt>
<trkpt lat="36.03187388888889" lon="139.3847788888889">
<ele>33</ele>
</trkpt>
<trkpt lat="36.031773888888885" lon="139.3848661111111">
<ele>34</ele>
</trkpt>
<trkpt lat="36.03159888888889" lon="139.38505388888888">
<ele>33</ele>
</trkpt>
<trkpt lat="36.03093305555556" lon="139.3858788888889">
<ele>32</ele>
</trkpt>
<trkpt lat="36.03079888888889" lon="139.3860161111111">
<ele>33</ele>
</trkpt>
<trkpt lat="36.03069111111111" lon="139.3861038888889">
<ele>31</ele>
</trkpt>
<trkpt lat="36.03057388888889" lon="139.38616611111112">
<ele>31</ele>
</trkpt>
<trkpt lat="36.030481944444446" lon="139.3862038888889">
<ele>30</ele>
</trkpt>
<trkpt lat="36.03035805555555" lon="139.3862288888889">
<ele>29</ele>
</trkpt>
<trkpt lat="36.030256944444446" lon="139.3862161111111">
<ele>29</ele>
</trkpt>
<trkpt lat="36.030166111111114" lon="139.3862038888889">
<ele>29</ele>
</trkpt>
<trkpt lat="36.03005805555556" lon="139.38615388888888">
<ele>28</ele>
</trkpt>
<trkpt lat="36.02977388888889" lon="139.3859911111111">
<ele>28</ele>
</trkpt>
<trkpt lat="36.02949888888889" lon="139.38584111111112">
<ele>28</ele>
</trkpt>
<trkpt lat="36.02941611111111" lon="139.3858038888889">
<ele>28</ele>
</trkpt>
<trkpt lat="36.02934888888889" lon="139.3857538888889">
<ele>28</ele>
</trkpt>
<trkpt lat="36.028981944444446" lon="139.3855411111111">
<ele>28</ele>
</trkpt>
<trkpt lat="36.02876611111111" lon="139.3854161111111">
<ele>28</ele>
</trkpt>
<trkpt lat="36.028683055555554" lon="139.3853538888889">
<ele>28</ele>
</trkpt>
<trkpt lat="36.02846611111111" lon="139.38514111111112">
<ele>29</ele>
</trkpt>
<trkpt lat="36.02784111111111" lon="139.3843911111111">
<ele>29</ele>
</trkpt>
<trkpt lat="36.02776611111111" lon="139.3842911111111">
<ele>29</ele>
</trkpt>
<trkpt lat="36.02746611111111" lon="139.3839288888889">
<ele>29</ele>
</trkpt>
<trkpt lat="36.02717388888889" lon="139.3837038888889">
<ele>29</ele>
</trkpt>
<trkpt lat="36.02701611111111" lon="139.38361694444444">
<ele>29</ele>
</trkpt>
<trkpt lat="36.02688305555556" lon="139.38355388888888">
<ele>29</ele>
</trkpt>
<trkpt lat="36.02617388888889" lon="139.38335388888888">
<ele>28</ele>
</trkpt>
<trkpt lat="36.02421611111111" lon="139.38284194444444">
<ele>29</ele>
</trkpt>
<trkpt lat="36.023516111111114" lon="139.3825788888889">
<ele>29</ele>
</trkpt>
<trkpt lat="36.023255" lon="139.3825161111111">
<ele>29</ele>
</trkpt>
<trkpt lat="36.023255" lon="139.38251694444443">
<ele>29</ele>
</trkpt>
<trkpt lat="36.0231" lon="139.3824788888889">
<ele>29</ele>
</trkpt>
<trkpt lat="36.022975" lon="139.38245388888888">
<ele>29</ele>
</trkpt>
<trkpt lat="36.022533055555556" lon="139.38246694444445">
<ele>29</ele>
</trkpt>
<trkpt lat="36.021925" lon="139.38251694444443">
<ele>29</ele>
</trkpt>
<trkpt lat="36.02141694444445" lon="139.38254194444445">
<ele>30</ele>
</trkpt>
<trkpt lat="36.02115" lon="139.3825788888889">
<ele>29</ele>
</trkpt>
<trkpt lat="36.020775" lon="139.38264194444446">
<ele>27</ele>
</trkpt>
<trkpt lat="36.01909194444445" lon="139.38293">
<ele>26</ele>
</trkpt>
<trkpt lat="36.018883055555555" lon="139.382955">
<ele>28</ele>
</trkpt>
<trkpt lat="36.018683055555556" lon="139.38299194444446">
<ele>29</ele>
</trkpt>
<trkpt lat="36.01813388888889" lon="139.38313">
<ele>29</ele>
</trkpt>
<trkpt lat="36.01783388888889" lon="139.38324194444445">
<ele>29</ele>
</trkpt>
<trkpt lat="36.017325" lon="139.38346694444445">
<ele>28</ele>
</trkpt>
<trkpt lat="36.01710888888889" lon="139.38359194444445">
<ele>28</ele>
</trkpt>
<trkpt lat="36.01695888888889" lon="139.38369194444445">
<ele>27</ele>
</trkpt>
<trkpt lat="36.01658388888889" lon="139.38399194444443">
<ele>24</ele>
</trkpt>
<trkpt lat="36.0164" lon="139.38416694444444">
<ele>24</ele>
</trkpt>
<trkpt lat="36.01586694444445" lon="139.38469194444446">
<ele>24</ele>
</trkpt>
<trkpt lat="36.01573388888889" lon="139.38478">
<ele>25</ele>
</trkpt>
<trkpt lat="36.01554194444444" lon="139.384905">
<ele>28</ele>
</trkpt>
<trkpt lat="36.01525888888889" lon="139.38503">
<ele>29</ele>
</trkpt>
<trkpt lat="36.01498388888889" lon="139.38513">
<ele>28</ele>
</trkpt>
<trkpt lat="36.01490888888889" lon="139.385155">
<ele>28</ele>
</trkpt>
<trkpt lat="36.014491944444444" lon="139.38531694444444">
<ele>33</ele>
</trkpt>
<trkpt lat="36.01408388888889" lon="139.385455">
<ele>33</ele>
</trkpt>
<trkpt lat="36.01336694444444" lon="139.38571694444445">
<ele>36</ele>
</trkpt>
<trkpt lat="36.01332611111111" lon="139.38573">
<ele>36</ele>
</trkpt>
<trkpt lat="36.012951111111114" lon="139.385855">
<ele>37</ele>
</trkpt>
<trkpt lat="36.01266694444445" lon="139.38594194444445">
<ele>38</ele>
</trkpt>
<trkpt lat="36.01204194444445" lon="139.386105">
<ele>39</ele>
</trkpt>
<trkpt lat="36.01140888888889" lon="139.38628">
<ele>39</ele>
</trkpt>
<trkpt lat="36.011316944444445" lon="139.386305">
<ele>39</ele>
</trkpt>
<trkpt lat="36.01087611111111" lon="139.38633">
<ele>38</ele>
</trkpt>
<trkpt lat="36.01014305555555" lon="139.386305">
<ele>36</ele>
</trkpt>
<trkpt lat="36.00975888888889" lon="139.38638">
<ele>35</ele>
</trkpt>
<trkpt lat="36.009616944444446" lon="139.38643">
<ele>35</ele>
</trkpt>
<trkpt lat="36.00883388888889" lon="139.38686694444445">
<ele>35</ele>
</trkpt>
<trkpt lat="36.00852611111111" lon="139.38699194444445">
<ele>35</ele>
</trkpt>
<trkpt lat="36.008226111111114" lon="139.387105">
<ele>35</ele>
</trkpt>
<trkpt lat="36.00745111111111" lon="139.387305">
<ele>35</ele>
</trkpt>
<trkpt lat="36.00710111111111" lon="139.38741694444445">
<ele>36</ele>
</trkpt>
<trkpt lat="36.006301111111114" lon="139.387705">
<ele>35</ele>
</trkpt>
<trkpt lat="36.00575888888889" lon="139.38784194444443">
<ele>35</ele>
</trkpt>
<trkpt lat="36.00449305555556" lon="139.38814194444444">
<ele>37</ele>
</trkpt>
<trkpt lat="36.003785" lon="139.38831694444445">
<ele>37</ele>
</trkpt>
<trkpt lat="36.00371805555555" lon="139.38833">
<ele>36</ele>
</trkpt>
<trkpt lat="36.00340611111111" lon="139.38843888888889">
<ele>36</ele>
</trkpt>
<trkpt lat="36.00340611111111" lon="139.38843888888889">
<ele>36</ele>
</trkpt>
<trkpt lat="36.003185" lon="139.38851694444443">
<ele>36</ele>
</trkpt>
<trkpt lat="36.00285111111111" lon="139.38861694444444">
<ele>37</ele>
</trkpt>
<trkpt lat="36.00282611111111" lon="139.38846694444445">
<ele>37</ele>
</trkpt>
<trkpt lat="36.00278194444444" lon="139.3875161111111">
<ele>36</ele>
</trkpt>
<trkpt lat="36.00278194444444" lon="139.3875161111111">
<ele>36</ele>
</trkpt>
<trkpt lat="36.00277611111111" lon="139.387405">
<ele>36</ele>
</trkpt>
<trkpt lat="36.002451111111114" lon="139.38743">
<ele>35</ele>
</trkpt>
<trkpt lat="36.00237694444444" lon="139.38741694444445">
<ele>35</ele>
</trkpt>
<trkpt lat="36.00201" lon="139.38723">
<ele>34</ele>
</trkpt>
<trkpt lat="36.00176805555556" lon="139.38711694444444">
<ele>32</ele>
</trkpt>
<trkpt lat="36.00167694444445" lon="139.38706805555555">
<ele>32</ele>
</trkpt>
<trkpt lat="36.00167694444445" lon="139.3872211111111">
<ele>32</ele>
</trkpt>
<trkpt lat="36.00167694444445" lon="139.3872211111111">
<ele>32</ele>
</trkpt>
<trkpt lat="36.00167694444445" lon="139.387505">
<ele>33</ele>
</trkpt>
<trkpt lat="36.00154305555556" lon="139.38764194444445">
<ele>32</ele>
</trkpt>
<trkpt lat="36.00141" lon="139.38771805555555">
<ele>31</ele>
</trkpt>
<trkpt lat="36.00116805555555" lon="139.38776694444445">
<ele>30</ele>
</trkpt>
<trkpt lat="36.00065194444444" lon="139.387805">
<ele>30</ele>
</trkpt>
<trkpt lat="36.00036" lon="139.387805">
<ele>30</ele>
</trkpt>
<trkpt lat="35.99977694444444" lon="139.387755">
<ele>29</ele>
</trkpt>
<trkpt lat="35.99954388888889" lon="139.38773">
<ele>28</ele>
</trkpt>
<trkpt lat="35.99944388888889" lon="139.38771805555555">
<ele>27</ele>
</trkpt>
<trkpt lat="35.99918" lon="139.38768194444444">
<ele>27</ele>
</trkpt>
<trkpt lat="35.99918" lon="139.38768194444444">
<ele>27</ele>
</trkpt>
<trkpt lat="35.99861" lon="139.387605">
<ele>26</ele>
</trkpt>
<trkpt lat="35.998485" lon="139.38758">
<ele>26</ele>
</trkpt>
<trkpt lat="35.99829388888889" lon="139.38754305555557">
<ele>26</ele>
</trkpt>
<trkpt lat="35.99799388888889" lon="139.38748">
<ele>29</ele>
</trkpt>
<trkpt lat="35.99781111111111" lon="139.38744305555556">
<ele>30</ele>
</trkpt>
<trkpt lat="35.99774388888889" lon="139.38788">
<ele>30</ele>
</trkpt>
<trkpt lat="35.99774388888889" lon="139.38793">
<ele>28</ele>
</trkpt>
<trkpt lat="35.99774388888889" lon="139.38795611111112">
<ele>28</ele>
</trkpt>
<trkpt lat="35.99774388888889" lon="139.38795611111112">
<ele>28</ele>
</trkpt>
<trkpt lat="35.99770111111111" lon="139.38800944444444">
<ele>27</ele>
</trkpt>
<trkpt lat="35.99765861111111" lon="139.3880625">
<ele>27</ele>
</trkpt>
<trkpt lat="35.997615833333334" lon="139.38811583333333">
<ele>27</ele>
</trkpt>
<trkpt lat="35.997573055555556" lon="139.38816888888888">
<ele>27</ele>
</trkpt>
<trkpt lat="35.99753055555556" lon="139.38822222222223">
<ele>27</ele>
</trkpt>
<trkpt lat="35.99748777777778" lon="139.38827555555557">
<ele>26</ele>
</trkpt>
<trkpt lat="35.997445" lon="139.38832861111112">
<ele>26</ele>
</trkpt>
<trkpt lat="35.9974025" lon="139.38838194444443">
<ele>26</ele>
</trkpt>
<trkpt lat="35.99735972222222" lon="139.388435">
<ele>26</ele>
</trkpt>
<trkpt lat="35.99731694444444" lon="139.38848833333333">
<ele>26</ele>
</trkpt>
<trkpt lat="35.99727444444444" lon="139.38854166666667">
<ele>26</ele>
</trkpt>
<trkpt lat="35.997231666666664" lon="139.38859472222222">
<ele>26</ele>
</trkpt>
<trkpt lat="35.997188888888886" lon="139.38864805555556">
<ele>26</ele>
</trkpt>
<trkpt lat="35.997146388888886" lon="139.38870111111112">
<ele>26</ele>
</trkpt>
<trkpt lat="35.99710361111111" lon="139.38875444444446">
<ele>26</ele>
</trkpt>
<trkpt lat="35.997060833333336" lon="139.3888075">
<ele>26</ele>
</trkpt>
<trkpt lat="35.99701833333334" lon="139.38886083333333">
<ele>26</ele>
</trkpt>
<trkpt lat="35.99697555555556" lon="139.38891416666667">
<ele>26</ele>
</trkpt>
<trkpt lat="35.99693277777778" lon="139.38896722222222">
<ele>26</ele>
</trkpt>
<trkpt lat="35.99689027777778" lon="139.38902055555556">
<ele>26</ele>
</trkpt>
<trkpt lat="35.9968475" lon="139.38907361111112">
<ele>26</ele>
</trkpt>
<trkpt lat="35.99680472222222" lon="139.38912694444446">
<ele>26</ele>
</trkpt>
<trkpt lat="35.99676222222222" lon="139.38918027777777">
<ele>26</ele>
</trkpt>
<trkpt lat="35.996719444444444" lon="139.38923333333332">
<ele>26</ele>
</trkpt>
<trkpt lat="35.996676666666666" lon="139.38928666666666">
<ele>26</ele>
</trkpt>
<trkpt lat="35.99663416666667" lon="139.38933972222222">
<ele>26</ele>
</trkpt>
<trkpt lat="35.99659138888889" lon="139.38939305555556">
<ele>26</ele>
</trkpt>
<trkpt lat="35.99654861111111" lon="139.3894463888889">
<ele>26</ele>
</trkpt>
<trkpt lat="35.99650611111111" lon="139.38949944444445">
<ele>26</ele>
</trkpt>
<trkpt lat="35.99646333333333" lon="139.38955277777777">
<ele>26</ele>
</trkpt>
<trkpt lat="35.99642083333333" lon="139.38960583333332">
<ele>26</ele>
</trkpt>
<trkpt lat="35.99637805555555" lon="139.38965916666666">
<ele>26</ele>
</trkpt>
<trkpt lat="35.996335277777774" lon="139.3897125">
<ele>25</ele>
</trkpt>
<trkpt lat="35.996292777777775" lon="139.38976555555556">
<ele>26</ele>
</trkpt>
<trkpt lat="35.99625" lon="139.3898188888889">
<ele>25</ele>
</trkpt>
<trkpt lat="35.996207222222225" lon="139.38987194444445">
<ele>26</ele>
</trkpt>
<trkpt lat="35.996164722222225" lon="139.3899252777778">
<ele>25</ele>
</trkpt>
<trkpt lat="35.99612194444445" lon="139.3899786111111">
<ele>25</ele>
</trkpt>
<trkpt lat="35.99612194444445" lon="139.3899786111111">
<ele>25</ele>
</trkpt>
<trkpt lat="35.99607833333334" lon="139.39003166666666">
<ele>25</ele>
</trkpt>
<trkpt lat="35.996035" lon="139.390085">
<ele>25</ele>
</trkpt>
<trkpt lat="35.99599138888889" lon="139.39013805555555">
<ele>25</ele>
</trkpt>
<trkpt lat="35.99594777777778" lon="139.3901913888889">
<ele>25</ele>
</trkpt>
<trkpt lat="35.99590444444444" lon="139.39024472222223">
<ele>25</ele>
</trkpt>
<trkpt lat="35.99586083333333" lon="139.3902977777778">
<ele>25</ele>
</trkpt>
<trkpt lat="35.99581722222222" lon="139.3903511111111">
<ele>25</ele>
</trkpt>
<trkpt lat="35.99577388888889" lon="139.39040416666666">
<ele>25</ele>
</trkpt>
<trkpt lat="35.99573027777778" lon="139.3904575">
<ele>25</ele>
</trkpt>
<trkpt lat="35.995686666666664" lon="139.39051055555555">
<ele>25</ele>
</trkpt>
<trkpt lat="35.995643333333334" lon="139.3905638888889">
<ele>25</ele>
</trkpt>
<trkpt lat="35.995599722222224" lon="139.39061722222223">
<ele>25</ele>
</trkpt>
<trkpt lat="35.995556111111114" lon="139.3906702777778">
<ele>25</ele>
</trkpt>
<trkpt lat="35.995512777777776" lon="139.3907236111111">
<ele>25</ele>
</trkpt>
<trkpt lat="35.995469166666666" lon="139.39077666666665">
<ele>25</ele>
</trkpt>
<trkpt lat="35.995425555555556" lon="139.39083">
<ele>25</ele>
</trkpt>
<trkpt lat="35.995382222222226" lon="139.39088333333333">
<ele>25</ele>
</trkpt>
<trkpt lat="35.99533861111111" lon="139.3909363888889">
<ele>25</ele>
</trkpt>
<trkpt lat="35.995295" lon="139.39098972222223">
<ele>25</ele>
</trkpt>
<trkpt lat="35.99525166666667" lon="139.39104277777778">
<ele>25</ele>
</trkpt>
<trkpt lat="35.99520805555556" lon="139.39109611111112">
<ele>25</ele>
</trkpt>
<trkpt lat="35.99516444444444" lon="139.39114944444444">
<ele>25</ele>
</trkpt>
<trkpt lat="35.99512111111111" lon="139.3912025">
<ele>25</ele>
</trkpt>
<trkpt lat="35.9950775" lon="139.39125583333333">
<ele>25</ele>
</trkpt>
<trkpt lat="35.99503388888889" lon="139.3913088888889">
<ele>25</ele>
</trkpt>
<trkpt lat="35.99499055555555" lon="139.39136222222223">
<ele>25</ele>
</trkpt>
<trkpt lat="35.99494694444444" lon="139.39141555555557">
<ele>25</ele>
</trkpt>
<trkpt lat="35.99490333333333" lon="139.39146861111112">
<ele>24</ele>
</trkpt>
<trkpt lat="35.99486" lon="139.39152194444443">
<ele>25</ele>
</trkpt>
<trkpt lat="35.994816388888886" lon="139.391575">
<ele>24</ele>
</trkpt>
<trkpt lat="35.994773055555555" lon="139.39162833333333">
<ele>25</ele>
</trkpt>
<trkpt lat="35.994729444444445" lon="139.39168166666667">
<ele>24</ele>
</trkpt>
<trkpt lat="35.994685833333335" lon="139.39173472222222">
<ele>24</ele>
</trkpt>
<trkpt lat="35.9946425" lon="139.39178805555557">
<ele>24</ele>
</trkpt>
<trkpt lat="35.99459888888889" lon="139.39184111111112">
<ele>24</ele>
</trkpt>
<trkpt lat="35.99455527777778" lon="139.39189444444443">
<ele>24</ele>
</trkpt>
<trkpt lat="35.99451194444445" lon="139.39194777777777">
<ele>24</ele>
</trkpt>
<trkpt lat="35.99446833333333" lon="139.39200083333333">
<ele>24</ele>
</trkpt>
<trkpt lat="35.99446833333333" lon="139.39200083333333">
<ele>24</ele>
</trkpt>
<trkpt lat="35.99446833333333" lon="139.39200083333333">
<ele>24</ele>
</trkpt>
<trkpt lat="35.994438611111114" lon="139.3920425">
<ele>24</ele>
</trkpt>
<trkpt lat="35.994409166666664" lon="139.39208416666668">
<ele>24</ele>
</trkpt>
<trkpt lat="35.99437944444445" lon="139.3921261111111">
<ele>24</ele>
</trkpt>
<trkpt lat="35.994349722222225" lon="139.3921677777778">
<ele>24</ele>
</trkpt>
<trkpt lat="35.99432" lon="139.39220944444443">
<ele>24</ele>
</trkpt>
<trkpt lat="35.99429055555556" lon="139.3922511111111">
<ele>23</ele>
</trkpt>
<trkpt lat="35.994260833333335" lon="139.39229277777778">
<ele>23</ele>
</trkpt>
<trkpt lat="35.99423111111111" lon="139.39233472222222">
<ele>24</ele>
</trkpt>
<trkpt lat="35.99420166666667" lon="139.3923763888889">
<ele>23</ele>
</trkpt>
<trkpt lat="35.994171944444446" lon="139.39241805555557">
<ele>23</ele>
</trkpt>
<trkpt lat="35.99414222222222" lon="139.3924597222222">
<ele>23</ele>
</trkpt>
<trkpt lat="35.99411277777778" lon="139.3925013888889">
<ele>23</ele>
</trkpt>
<trkpt lat="35.994083055555556" lon="139.39254305555556">
<ele>23</ele>
</trkpt>
<trkpt lat="35.99405333333333" lon="139.392585">
<ele>23</ele>
</trkpt>
<trkpt lat="35.99402388888889" lon="139.39262666666667">
<ele>23</ele>
</trkpt>
<trkpt lat="35.99399944444445" lon="139.39266055555555">
<ele>23</ele>
</trkpt>
<trkpt lat="35.99399944444445" lon="139.39266055555555">
<ele>23</ele>
</trkpt>
<trkpt lat="35.99397472222222" lon="139.39270916666666">
<ele>23</ele>
</trkpt>
<trkpt lat="35.993949722222226" lon="139.39275777777777">
<ele>23</ele>
</trkpt>
<trkpt lat="35.993925" lon="139.39280638888889">
<ele>23</ele>
</trkpt>
<trkpt lat="35.9939" lon="139.392855">
<ele>23</ele>
</trkpt>
<trkpt lat="35.993875" lon="139.3929036111111">
<ele>23</ele>
</trkpt>
<trkpt lat="35.993850277777774" lon="139.39295194444443">
<ele>23</ele>
</trkpt>
<trkpt lat="35.99382527777778" lon="139.39300055555555">
<ele>23</ele>
</trkpt>
<trkpt lat="35.99380027777778" lon="139.39304916666666">
<ele>23</ele>
</trkpt>
<trkpt lat="35.99377555555556" lon="139.39309777777777">
<ele>23</ele>
</trkpt>
<trkpt lat="35.99375055555556" lon="139.39314638888888">
<ele>23</ele>
</trkpt>
<trkpt lat="35.99372555555556" lon="139.393195">
<ele>23</ele>
</trkpt>
<trkpt lat="35.993700833333335" lon="139.39324333333334">
<ele>23</ele>
</trkpt>
<trkpt lat="35.993675833333334" lon="139.39329194444446">
<ele>23</ele>
</trkpt>
<trkpt lat="35.993650833333334" lon="139.39334055555557">
<ele>23</ele>
</trkpt>
<trkpt lat="35.99362611111111" lon="139.39338916666668">
<ele>23</ele>
</trkpt>
<trkpt lat="35.99360111111111" lon="139.3934377777778">
<ele>23</ele>
</trkpt>
<trkpt lat="35.99357638888889" lon="139.39348611111112">
<ele>23</ele>
</trkpt>
<trkpt lat="35.99355138888889" lon="139.39353472222223">
<ele>23</ele>
</trkpt>
<trkpt lat="35.99352638888889" lon="139.39358333333334">
<ele>23</ele>
</trkpt>
<trkpt lat="35.99350166666667" lon="139.39363194444445">
<ele>23</ele>
</trkpt>
<trkpt lat="35.993476666666666" lon="139.39368055555556">
<ele>23</ele>
</trkpt>
<trkpt lat="35.993451666666665" lon="139.39372916666667">
<ele>23</ele>
</trkpt>
<trkpt lat="35.993426944444444" lon="139.3937775">
<ele>23</ele>
</trkpt>
<trkpt lat="35.99340194444444" lon="139.3938261111111">
<ele>23</ele>
</trkpt>
<trkpt lat="35.99337694444444" lon="139.39387472222222">
<ele>23</ele>
</trkpt>
<trkpt lat="35.99335222222222" lon="139.39392333333333">
<ele>23</ele>
</trkpt>
<trkpt lat="35.99332722222222" lon="139.39397194444444">
<ele>23</ele>
</trkpt>
<trkpt lat="35.9933025" lon="139.39402055555556">
<ele>23</ele>
</trkpt>
<trkpt lat="35.9932775" lon="139.39406888888888">
<ele>23</ele>
</trkpt>
<trkpt lat="35.9932525" lon="139.3941175">
<ele>23</ele>
</trkpt>
<trkpt lat="35.993227777777776" lon="139.3941661111111">
<ele>23</ele>
</trkpt>
<trkpt lat="35.993202777777775" lon="139.39421472222222">
<ele>22</ele>
</trkpt>
<trkpt lat="35.99317777777778" lon="139.39426333333333">
<ele>23</ele>
</trkpt>
<trkpt lat="35.99315305555555" lon="139.39431166666665">
<ele>23</ele>
</trkpt>
<trkpt lat="35.99312805555556" lon="139.39436027777776">
<ele>23</ele>
</trkpt>
<trkpt lat="35.99310305555556" lon="139.39440888888888">
<ele>22</ele>
</trkpt>
<trkpt lat="35.99307833333334" lon="139.3944575">
<ele>23</ele>
</trkpt>
<trkpt lat="35.993053333333336" lon="139.3945061111111">
<ele>23</ele>
</trkpt>
<trkpt lat="35.993053333333336" lon="139.3945061111111">
<ele>23</ele>
</trkpt>
<trkpt lat="35.99303861111111" lon="139.39455833333332">
<ele>23</ele>
</trkpt>
<trkpt lat="35.99302361111111" lon="139.39461083333333">
<ele>23</ele>
</trkpt>
<trkpt lat="35.99300861111111" lon="139.39466305555555">
<ele>23</ele>
</trkpt>
<trkpt lat="35.99299388888889" lon="139.39471555555556">
<ele>22</ele>
</trkpt>
<trkpt lat="35.99297888888889" lon="139.3947677777778">
<ele>22</ele>
</trkpt>
<trkpt lat="35.99296388888889" lon="139.39482027777777">
<ele>22</ele>
</trkpt>
<trkpt lat="35.99294916666667" lon="139.39487277777778">
<ele>22</ele>
</trkpt>
<trkpt lat="35.992934166666664" lon="139.394925">
<ele>22</ele>
</trkpt>
<trkpt lat="35.992919444444446" lon="139.3949775">
<ele>22</ele>
</trkpt>
<trkpt lat="35.99290444444444" lon="139.39502972222223">
<ele>22</ele>
</trkpt>
<trkpt lat="35.992889444444444" lon="139.39508222222221">
<ele>22</ele>
</trkpt>
<trkpt lat="35.992874722222226" lon="139.39513444444444">
<ele>22</ele>
</trkpt>
<trkpt lat="35.99285972222222" lon="139.39518694444445">
<ele>22</ele>
</trkpt>
<trkpt lat="35.99284472222222" lon="139.39523916666667">
<ele>22</ele>
</trkpt>
<trkpt lat="35.99283" lon="139.39529166666668">
<ele>22</ele>
</trkpt>
<trkpt lat="35.992815" lon="139.3953438888889">
<ele>22</ele>
</trkpt>
<trkpt lat="35.992801666666665" lon="139.3953911111111">
<ele>22</ele>
</trkpt>
<trkpt lat="35.992801666666665" lon="139.3953911111111">
<ele>22</ele>
</trkpt>
<trkpt lat="35.99279" lon="139.3954447222222">
<ele>22</ele>
</trkpt>
<trkpt lat="35.992778055555554" lon="139.39549833333334">
<ele>22</ele>
</trkpt>
<trkpt lat="35.99276638888889" lon="139.39555194444443">
<ele>22</ele>
</trkpt>
<trkpt lat="35.99275472222222" lon="139.39560555555556">
<ele>22</ele>
</trkpt>
<trkpt lat="35.99274305555556" lon="139.39565916666666">
<ele>22</ele>
</trkpt>
<trkpt lat="35.99273111111111" lon="139.3957127777778">
<ele>22</ele>
</trkpt>
<trkpt lat="35.99271944444445" lon="139.3957663888889">
<ele>22</ele>
</trkpt>
<trkpt lat="35.99270777777778" lon="139.39582">
<ele>22</ele>
</trkpt>
<trkpt lat="35.99269611111111" lon="139.39587333333333">
<ele>22</ele>
</trkpt>
<trkpt lat="35.99268444444444" lon="139.39592694444445">
<ele>22</ele>
</trkpt>
<trkpt lat="35.9926725" lon="139.39598055555555">
<ele>22</ele>
</trkpt>
<trkpt lat="35.99266083333333" lon="139.39603416666668">
<ele>22</ele>
</trkpt>
<trkpt lat="35.992649166666666" lon="139.39608777777778">
<ele>22</ele>
</trkpt>
<trkpt lat="35.9926375" lon="139.39614138888888">
<ele>22</ele>
</trkpt>
<trkpt lat="35.992625555555556" lon="139.396195">
<ele>22</ele>
</trkpt>
<trkpt lat="35.99261388888889" lon="139.3962486111111">
<ele>22</ele>
</trkpt>
<trkpt lat="35.992602222222224" lon="139.39630222222223">
<ele>22</ele>
</trkpt>
<trkpt lat="35.99259055555556" lon="139.39635583333333">
<ele>22</ele>
</trkpt>
<trkpt lat="35.992578611111114" lon="139.39640944444446">
<ele>22</ele>
</trkpt>
<trkpt lat="35.99256694444444" lon="139.39646277777777">
<ele>22</ele>
</trkpt>
<trkpt lat="35.992555277777775" lon="139.3965163888889">
<ele>22</ele>
</trkpt>
<trkpt lat="35.99254555555556" lon="139.39656055555557">
<ele>22</ele>
</trkpt>
<trkpt lat="35.99254555555556" lon="139.39656055555557">
<ele>22</ele>
</trkpt>
<trkpt lat="35.9925425" lon="139.39663944444445">
<ele>22</ele>
</trkpt>
<trkpt lat="35.992539444444446" lon="139.39671833333333">
<ele>22</ele>
</trkpt>
<trkpt lat="35.99253638888889" lon="139.3967975">
<ele>22</ele>
</trkpt>
<trkpt lat="35.992533333333334" lon="139.3968763888889">
<ele>22</ele>
</trkpt>
<trkpt lat="35.992530277777774" lon="139.39695527777778">
<ele>22</ele>
</trkpt>
<trkpt lat="35.99252694444444" lon="139.39703416666666">
<ele>22</ele>
</trkpt>
<trkpt lat="35.99252388888889" lon="139.39711305555556">
<ele>22</ele>
</trkpt>
<trkpt lat="35.99252083333333" lon="139.39719194444444">
<ele>22</ele>
</trkpt>
<trkpt lat="35.99251777777778" lon="139.39727083333332">
<ele>22</ele>
</trkpt>
<trkpt lat="35.992514722222225" lon="139.39734972222223">
<ele>22</ele>
</trkpt>
<trkpt lat="35.992511666666665" lon="139.3974286111111">
<ele>22</ele>
</trkpt>
<trkpt lat="35.99250861111111" lon="139.3975075">
<ele>21</ele>
</trkpt>
<trkpt lat="35.99250555555555" lon="139.3975863888889">
<ele>21</ele>
</trkpt>
<trkpt lat="35.9925025" lon="139.39766527777778">
<ele>21</ele>
</trkpt>
<trkpt lat="35.99249944444445" lon="139.39774444444444">
<ele>21</ele>
</trkpt>
<trkpt lat="35.99249611111111" lon="139.39782333333332">
<ele>21</ele>
</trkpt>
<trkpt lat="35.992493055555556" lon="139.39790222222223">
<ele>21</ele>
</trkpt>
<trkpt lat="35.99249" lon="139.3979811111111">
<ele>21</ele>
</trkpt>
<trkpt lat="35.992486944444444" lon="139.39806">
<ele>21</ele>
</trkpt>
<trkpt lat="35.99248388888889" lon="139.3981388888889">
<ele>21</ele>
</trkpt>
<trkpt lat="35.99248083333333" lon="139.39821777777777">
<ele>21</ele>
</trkpt>
<trkpt lat="35.99247777777778" lon="139.39829666666665">
<ele>21</ele>
</trkpt>
<trkpt lat="35.99247472222222" lon="139.39837555555556">
<ele>21</ele>
</trkpt>
<trkpt lat="35.99247166666667" lon="139.39845444444444">
<ele>21</ele>
</trkpt>
<trkpt lat="35.992468611111114" lon="139.39853333333335">
<ele>21</ele>
</trkpt>
<trkpt lat="35.992465277777775" lon="139.3986125">
<ele>21</ele>
</trkpt>
<trkpt lat="35.99246222222222" lon="139.3986913888889">
<ele>21</ele>
</trkpt>
<trkpt lat="35.99245916666667" lon="139.39877027777777">
<ele>21</ele>
</trkpt>
<trkpt lat="35.99245611111111" lon="139.39884916666668">
<ele>21</ele>
</trkpt>
<trkpt lat="35.99245305555556" lon="139.39892805555556">
<ele>21</ele>
</trkpt>
<trkpt lat="35.99245" lon="139.39900694444444">
<ele>21</ele>
</trkpt>
<trkpt lat="35.992446944444445" lon="139.39908583333334">
<ele>21</ele>
</trkpt>
<trkpt lat="35.992443888888886" lon="139.39916472222222">
<ele>21</ele>
</trkpt>
<trkpt lat="35.99244083333333" lon="139.3992436111111">
<ele>21</ele>
</trkpt>
<trkpt lat="35.9924375" lon="139.3993225">
<ele>21</ele>
</trkpt>
<trkpt lat="35.99243444444444" lon="139.3994013888889">
<ele>21</ele>
</trkpt>
<trkpt lat="35.99243138888889" lon="139.39948055555556">
<ele>21</ele>
</trkpt>
<trkpt lat="35.992428333333336" lon="139.39955944444444">
<ele>21</ele>
</trkpt>
<trkpt lat="35.992428333333336" lon="139.39955944444444">
<ele>21</ele>
</trkpt>
<trkpt lat="35.992428333333336" lon="139.39955944444444">
<ele>21</ele>
</trkpt>
<trkpt lat="35.99243027777778" lon="139.39961472222222">
<ele>21</ele>
</trkpt>
<trkpt lat="35.99243222222222" lon="139.39967027777777">
<ele>21</ele>
</trkpt>
<trkpt lat="35.99243416666667" lon="139.39972583333332">
<ele>21</ele>
</trkpt>
<trkpt lat="35.99243638888889" lon="139.3997811111111">
<ele>21</ele>
</trkpt>
<trkpt lat="35.99243833333333" lon="139.39983666666666">
<ele>21</ele>
</trkpt>
<trkpt lat="35.992440277777774" lon="139.39989222222223">
<ele>21</ele>
</trkpt>
<trkpt lat="35.99244222222222" lon="139.3999475">
<ele>21</ele>
</trkpt>
<trkpt lat="35.992444166666665" lon="139.40000305555554">
<ele>20</ele>
</trkpt>
<trkpt lat="35.992446111111114" lon="139.40005861111112">
<ele>20</ele>
</trkpt>
<trkpt lat="35.992448055555556" lon="139.40011388888888">
<ele>20</ele>
</trkpt>
<trkpt lat="35.99245" lon="139.40016944444446">
<ele>20</ele>
</trkpt>
<trkpt lat="35.99245" lon="139.40017083333333">
<ele>20</ele>
</trkpt>
<trkpt lat="35.99245" lon="139.40017083333333">
<ele>20</ele>
</trkpt>
<trkpt lat="35.99246333333333" lon="139.4002238888889">
<ele>20</ele>
</trkpt>
<trkpt lat="35.99247638888889" lon="139.40027694444444">
<ele>20</ele>
</trkpt>
<trkpt lat="35.992489444444445" lon="139.40033027777778">
<ele>20</ele>
</trkpt>
<trkpt lat="35.9925025" lon="139.40038333333334">
<ele>20</ele>
</trkpt>
<trkpt lat="35.992515555555556" lon="139.4004363888889">
<ele>20</ele>
</trkpt>
<trkpt lat="35.99252888888889" lon="139.40048944444445">
<ele>20</ele>
</trkpt>
<trkpt lat="35.99254194444445" lon="139.4005425">
<ele>20</ele>
</trkpt>
<trkpt lat="35.992555" lon="139.40059555555555">
<ele>20</ele>
</trkpt>
<trkpt lat="35.99256805555556" lon="139.4006486111111">
<ele>20</ele>
</trkpt>
<trkpt lat="35.992581111111114" lon="139.40070194444445">
<ele>20</ele>
</trkpt>
<trkpt lat="35.99259444444444" lon="139.400755">
<ele>20</ele>
</trkpt>
<trkpt lat="35.9926075" lon="139.40080805555556">
<ele>20</ele>
</trkpt>
<trkpt lat="35.992620555555554" lon="139.4008611111111">
<ele>20</ele>
</trkpt>
<trkpt lat="35.99263361111111" lon="139.40091416666667">
<ele>20</ele>
</trkpt>
<trkpt lat="35.992646666666666" lon="139.40096722222222">
<ele>20</ele>
</trkpt>
<trkpt lat="35.99265416666667" lon="139.40099694444444">
<ele>20</ele>
</trkpt>
<trkpt lat="35.99265416666667" lon="139.40099694444444">
<ele>20</ele>
</trkpt>
<trkpt lat="35.99267666666667" lon="139.401045">
<ele>20</ele>
</trkpt>
<trkpt lat="35.99269916666667" lon="139.40109305555555">
<ele>20</ele>
</trkpt>
<trkpt lat="35.99272166666667" lon="139.40114111111112">
<ele>20</ele>
</trkpt>
<trkpt lat="35.99274444444445" lon="139.4011888888889">
<ele>20</ele>
</trkpt>
<trkpt lat="35.99276694444445" lon="139.40123694444443">
<ele>20</ele>
</trkpt>
<trkpt lat="35.99278944444445" lon="139.401285">
<ele>20</ele>
</trkpt>
<trkpt lat="35.99281222222222" lon="139.40133305555557">
<ele>20</ele>
</trkpt>
<trkpt lat="35.99283472222222" lon="139.40138083333332">
<ele>20</ele>
</trkpt>
<trkpt lat="35.99285722222222" lon="139.4014288888889">
<ele>20</ele>
</trkpt>
<trkpt lat="35.99287972222222" lon="139.40147694444445">
<ele>20</ele>
</trkpt>
<trkpt lat="35.9929025" lon="139.401525">
<ele>20</ele>
</trkpt>
<trkpt lat="35.992925" lon="139.40157305555556">
<ele>20</ele>
</trkpt>
<trkpt lat="35.9929475" lon="139.40162083333334">
<ele>20</ele>
</trkpt>
<trkpt lat="35.99297" lon="139.40166888888888">
<ele>20</ele>
</trkpt>
<trkpt lat="35.99299277777778" lon="139.40171694444444">
<ele>20</ele>
</trkpt>
<trkpt lat="35.99301527777778" lon="139.401765">
<ele>20</ele>
</trkpt>
<trkpt lat="35.99303777777778" lon="139.40181277777776">
<ele>20</ele>
</trkpt>
<trkpt lat="35.99306027777778" lon="139.40186083333333">
<ele>20</ele>
</trkpt>
<trkpt lat="35.99308305555556" lon="139.4019088888889">
<ele>20</ele>
</trkpt>
<trkpt lat="35.99310555555556" lon="139.40195694444444">
<ele>20</ele>
</trkpt>
<trkpt lat="35.99312805555556" lon="139.402005">
<ele>20</ele>
</trkpt>
<trkpt lat="35.99315055555556" lon="139.40205277777778">
<ele>20</ele>
</trkpt>
<trkpt lat="35.99317333333333" lon="139.40210083333332">
<ele>20</ele>
</trkpt>
<trkpt lat="35.99319583333333" lon="139.4021488888889">
<ele>20</ele>
</trkpt>
<trkpt lat="35.99321833333333" lon="139.40219694444446">
<ele>20</ele>
</trkpt>
<trkpt lat="35.99324111111111" lon="139.40224472222224">
<ele>20</ele>
</trkpt>
<trkpt lat="35.99326361111111" lon="139.40229277777777">
<ele>20</ele>
</trkpt>
<trkpt lat="35.99328611111111" lon="139.40234083333334">
<ele>20</ele>
</trkpt>
<trkpt lat="35.99330861111111" lon="139.40238888888888">
<ele>20</ele>
</trkpt>
<trkpt lat="35.99333138888889" lon="139.40243694444445">
<ele>20</ele>
</trkpt>
<trkpt lat="35.99335388888889" lon="139.40248472222223">
<ele>20</ele>
</trkpt>
<trkpt lat="35.99337638888889" lon="139.40253277777776">
<ele>20</ele>
</trkpt>
<trkpt lat="35.993383333333334" lon="139.4025472222222">
<ele>20</ele>
</trkpt>
<trkpt lat="35.993383333333334" lon="139.4025472222222">
<ele>20</ele>
</trkpt>
<trkpt lat="35.993405833333334" lon="139.40259527777778">
<ele>20</ele>
</trkpt>
<trkpt lat="35.993428333333334" lon="139.40264333333334">
<ele>20</ele>
</trkpt>
<trkpt lat="35.993450833333334" lon="139.40269138888888">
<ele>20</ele>
</trkpt>
<trkpt lat="35.993473333333334" lon="139.40273944444445">
<ele>20</ele>
</trkpt>
<trkpt lat="35.993496111111114" lon="139.4027875">
<ele>20</ele>
</trkpt>
<trkpt lat="35.993518611111114" lon="139.40283527777777">
<ele>20</ele>
</trkpt>
<trkpt lat="35.993541111111114" lon="139.40288333333334">
<ele>20</ele>
</trkpt>
<trkpt lat="35.993563611111114" lon="139.4029313888889">
<ele>20</ele>
</trkpt>
<trkpt lat="35.993586111111114" lon="139.40297944444444">
<ele>20</ele>
</trkpt>
<trkpt lat="35.993608888888886" lon="139.4030275">
<ele>20</ele>
</trkpt>
<trkpt lat="35.993631388888886" lon="139.40307555555555">
<ele>20</ele>
</trkpt>
<trkpt lat="35.993653888888886" lon="139.40312333333333">
<ele>20</ele>
</trkpt>
<trkpt lat="35.993676388888886" lon="139.4031713888889">
<ele>20</ele>
</trkpt>
<trkpt lat="35.993698888888886" lon="139.40321944444443">
<ele>20</ele>
</trkpt>
<trkpt lat="35.993721388888886" lon="139.4032675">
<ele>20</ele>
</trkpt>
<trkpt lat="35.993744166666666" lon="139.40331555555557">
<ele>20</ele>
</trkpt>
<trkpt lat="35.993766666666666" lon="139.4033636111111">
<ele>20</ele>
</trkpt>
<trkpt lat="35.993789166666666" lon="139.40341138888888">
<ele>20</ele>
</trkpt>
<trkpt lat="35.993811666666666" lon="139.40345944444445">
<ele>20</ele>
</trkpt>
<trkpt lat="35.993834166666666" lon="139.4035075">
<ele>20</ele>
</trkpt>
<trkpt lat="35.993856666666666" lon="139.40355555555556">
<ele>20</ele>
</trkpt>
<trkpt lat="35.993879444444445" lon="139.40360361111112">
<ele>20</ele>
</trkpt>
<trkpt lat="35.993901944444445" lon="139.40365166666666">
<ele>20</ele>
</trkpt>
<trkpt lat="35.993924444444445" lon="139.40369944444444">
<ele>20</ele>
</trkpt>
<trkpt lat="35.993946944444446" lon="139.4037475">
<ele>20</ele>
</trkpt>
<trkpt lat="35.993969444444446" lon="139.40379555555555">
<ele>20</ele>
</trkpt>
<trkpt lat="35.993992222222225" lon="139.4038436111111">
<ele>20</ele>
</trkpt>
<trkpt lat="35.994014722222225" lon="139.40389166666668">
<ele>20</ele>
</trkpt>
<trkpt lat="35.994037222222225" lon="139.40393972222222">
<ele>20</ele>
</trkpt>
<trkpt lat="35.994056111111114" lon="139.40397972222223">
<ele>20</ele>
</trkpt>
<trkpt lat="35.99404611111111" lon="139.403985">
<ele>19</ele>
</trkpt>
<trkpt lat="35.99405194444444" lon="139.40400305555556">
<ele>20</ele>
</trkpt>
<trkpt lat="35.99391" lon="139.40400305555556">
<ele>20</ele>
</trkpt>
<trkpt lat="35.993851944444444" lon="139.40400305555556">
<ele>20</ele>
</trkpt>
<trkpt lat="35.99381" lon="139.40402805555556">
<ele>20</ele>
</trkpt>
<trkpt lat="35.99377694444444" lon="139.40410305555557">
<ele>20</ele>
</trkpt>
<trkpt lat="35.994135" lon="139.40422805555556">
<ele>20</ele>
</trkpt>
<trkpt lat="35.994485" lon="139.4043661111111">
<ele>19</ele>
</trkpt>
<trkpt lat="35.99481888888889" lon="139.40451611111112">
<ele>21</ele>
</trkpt>
<trkpt lat="35.99512694444444" lon="139.40465305555554">
<ele>22</ele>
</trkpt>
<trkpt lat="35.99596" lon="139.40505305555556">
<ele>24</ele>
</trkpt>
<trkpt lat="35.996035" lon="139.40509111111112">
<ele>24</ele>
</trkpt>
<trkpt lat="35.99614388888889" lon="139.4051411111111">
<ele>24</ele>
</trkpt>
<trkpt lat="35.99614388888889" lon="139.4051411111111">
<ele>24</ele>
</trkpt>
<trkpt lat="35.99686" lon="139.40547805555556">
<ele>25</ele>
</trkpt>
<trkpt lat="35.99751805555555" lon="139.40577805555554">
<ele>26</ele>
</trkpt>
<trkpt lat="35.998108888888886" lon="139.4060661111111">
<ele>26</ele>
</trkpt>
<trkpt lat="35.99842611111111" lon="139.40621611111112">
<ele>26</ele>
</trkpt>
<trkpt lat="35.999183888888886" lon="139.406565">
<ele>27</ele>
</trkpt>
<trkpt lat="35.99997611111111" lon="139.40694">
<ele>28</ele>
</trkpt>
<trkpt lat="36.00071694444444" lon="139.40729">
<ele>26</ele>
</trkpt>
<trkpt lat="36.001575" lon="139.407715">
<ele>23</ele>
</trkpt>
<trkpt lat="36.00210888888889" lon="139.40794">
<ele>21</ele>
</trkpt>
<trkpt lat="36.00213388888889" lon="139.40809">
<ele>21</ele>
</trkpt>
<trkpt lat="36.002175" lon="139.40825305555555">
<ele>21</ele>
</trkpt>
<trkpt lat="36.00225" lon="139.40865194444444">
<ele>20</ele>
</trkpt>
<trkpt lat="36.002375" lon="139.40939">
<ele>20</ele>
</trkpt>
<trkpt lat="36.00245805555556" lon="139.40967694444444">
<ele>20</ele>
</trkpt>
<trkpt lat="36.002566944444446" lon="139.40990194444444">
<ele>20</ele>
</trkpt>
<trkpt lat="36.002825" lon="139.41045194444445">
<ele>20</ele>
</trkpt>
<trkpt lat="36.002875" lon="139.41074">
<ele>20</ele>
</trkpt>
<trkpt lat="36.00288194444445" lon="139.41086805555557">
<ele>20</ele>
</trkpt>
<trkpt lat="36.00288194444445" lon="139.41086805555557">
<ele>20</ele>
</trkpt>
<trkpt lat="36.00288388888889" lon="139.41090194444445">
<ele>19</ele>
</trkpt>
<trkpt lat="36.00289194444444" lon="139.41156388888888">
<ele>19</ele>
</trkpt>
<trkpt lat="36.0029" lon="139.4117388888889">
<ele>19</ele>
</trkpt>
<trkpt lat="36.00292611111111" lon="139.41390194444443">
<ele>19</ele>
</trkpt>
<trkpt lat="36.002941944444444" lon="139.4151138888889">
<ele>19</ele>
</trkpt>
<trkpt lat="36.00295888888889" lon="139.41630111111112">
<ele>19</ele>
</trkpt>
<trkpt lat="36.00297611111111" lon="139.4175011111111">
<ele>18</ele>
</trkpt>
<trkpt lat="36.00300111111111" lon="139.4186511111111">
<ele>17</ele>
</trkpt>
<trkpt lat="36.00301" lon="139.4189761111111">
<ele>17</ele>
</trkpt>
<trkpt lat="36.00301" lon="139.41928805555557">
<ele>17</ele>
</trkpt>
<trkpt lat="36.00300111111111" lon="139.4199011111111">
<ele>16</ele>
</trkpt>
<trkpt lat="36.002968055555556" lon="139.4202261111111">
<ele>16</ele>
</trkpt>
<trkpt lat="36.002935" lon="139.4204761111111">
<ele>16</ele>
</trkpt>
<trkpt lat="36.002835" lon="139.42108805555554">
<ele>16</ele>
</trkpt>
<trkpt lat="36.002743055555555" lon="139.42161305555555">
<ele>15</ele>
</trkpt>
<trkpt lat="36.00269388888889" lon="139.4219">
<ele>15</ele>
</trkpt>
<trkpt lat="36.00264388888889" lon="139.422175">
<ele>15</ele>
</trkpt>
<trkpt lat="36.00261" lon="139.422375">
<ele>15</ele>
</trkpt>
<trkpt lat="36.00246888888889" lon="139.42315">
<ele>15</ele>
</trkpt>
<trkpt lat="36.00244388888889" lon="139.42326305555557">
<ele>15</ele>
</trkpt>
<trkpt lat="36.00224388888889" lon="139.42438805555557">
<ele>15</ele>
</trkpt>
<trkpt lat="36.002226944444445" lon="139.424475">
<ele>15</ele>
</trkpt>
<trkpt lat="36.00217694444444" lon="139.42475">
<ele>15</ele>
</trkpt>
<trkpt lat="36.00213611111111" lon="139.42501194444444">
<ele>15</ele>
</trkpt>
<trkpt lat="36.002116944444445" lon="139.4251438888889">
<ele>15</ele>
</trkpt>
<trkpt lat="36.002116944444445" lon="139.4251438888889">
<ele>15</ele>
</trkpt>
<trkpt lat="36.00210194444445" lon="139.42525">
<ele>15</ele>
</trkpt>
<trkpt lat="36.002093888888886" lon="139.42528694444445">
<ele>15</ele>
</trkpt>
<trkpt lat="36.002026944444445" lon="139.4256">
<ele>15</ele>
</trkpt>
<trkpt lat="36.00192805555555" lon="139.42601194444444">
<ele>15</ele>
</trkpt>
<trkpt lat="36.001801944444445" lon="139.4264">
<ele>15</ele>
</trkpt>
<trkpt lat="36.00169388888889" lon="139.42668694444444">
<ele>15</ele>
</trkpt>
<trkpt lat="36.00181111111111" lon="139.4266988888889">
<ele>15</ele>
</trkpt>
<trkpt lat="36.00223611111111" lon="139.42676194444445">
<ele>15</ele>
</trkpt>
<trkpt lat="36.00259388888889" lon="139.4267988888889">
<ele>15</ele>
</trkpt>
<trkpt lat="36.00266111111111" lon="139.4267988888889">
<ele>15</ele>
</trkpt>
<trkpt lat="36.002701944444446" lon="139.4267988888889">
<ele>15</ele>
</trkpt>
<trkpt lat="36.002815" lon="139.42680611111112">
<ele>15</ele>
</trkpt>
<trkpt lat="36.002815" lon="139.42680611111112">
<ele>15</ele>
</trkpt>
<trkpt lat="36.00292694444445" lon="139.42681194444444">
<ele>15</ele>
</trkpt>
<trkpt lat="36.00306888888889" lon="139.42686194444445">
<ele>15</ele>
</trkpt>
<trkpt lat="36.00318611111111" lon="139.4269488888889">
<ele>15</ele>
</trkpt>
<trkpt lat="36.00334388888889" lon="139.4270238888889">
<ele>15</ele>
</trkpt>
<trkpt lat="36.00353611111111" lon="139.42706194444443">
<ele>15</ele>
</trkpt>
<trkpt lat="36.00369388888889" lon="139.42671194444443">
<ele>15</ele>
</trkpt>
<trkpt lat="36.00373611111111" lon="139.42671194444443">
<ele>15</ele>
</trkpt>
<trkpt lat="36.00459388888889" lon="139.4264488888889">
<ele>15</ele>
</trkpt>
<trkpt lat="36.00486111111111" lon="139.42633694444444">
<ele>15</ele>
</trkpt>
<trkpt lat="36.00518611111111" lon="139.4261238888889">
<ele>15</ele>
</trkpt>
<trkpt lat="36.005181944444445" lon="139.4261838888889">
<ele>15</ele>
</trkpt>
<trkpt lat="36.005181944444445" lon="139.4261838888889">
<ele>15</ele>
</trkpt>
<trkpt lat="36.005179166666665" lon="139.42623916666668">
<ele>15</ele>
</trkpt>
<trkpt lat="36.00517638888889" lon="139.42629472222222">
<ele>15</ele>
</trkpt>
<trkpt lat="36.00517333333333" lon="139.42635">
<ele>15</ele>
</trkpt>
<trkpt lat="36.00517055555556" lon="139.42640555555556">
<ele>15</ele>
</trkpt>
<trkpt lat="36.00516777777778" lon="139.42646083333332">
<ele>15</ele>
</trkpt>
<trkpt lat="36.005165" lon="139.4265163888889">
<ele>15</ele>
</trkpt>
<trkpt lat="36.005161944444446" lon="139.42657166666666">
<ele>15</ele>
</trkpt>
<trkpt lat="36.005159166666665" lon="139.4266272222222">
<ele>15</ele>
</trkpt>
<trkpt lat="36.00515638888889" lon="139.4266825">
<ele>15</ele>
</trkpt>
<trkpt lat="36.00515361111111" lon="139.42673805555555">
<ele>15</ele>
</trkpt>
<trkpt lat="36.00515083333333" lon="139.42679333333334">
<ele>15</ele>
</trkpt>
<trkpt lat="36.00514777777778" lon="139.42684888888888">
<ele>15</ele>
</trkpt>
<trkpt lat="36.005145" lon="139.42690416666667">
<ele>15</ele>
</trkpt>
<trkpt lat="36.005145" lon="139.42690555555555">
<ele>15</ele>
</trkpt>
<trkpt lat="36.005145" lon="139.42690555555555">
<ele>15</ele>
</trkpt>
<trkpt lat="36.00517972222222" lon="139.42694055555555">
<ele>15</ele>
</trkpt>
<trkpt lat="36.00521472222222" lon="139.42697555555554">
<ele>15</ele>
</trkpt>
<trkpt lat="36.005249722222224" lon="139.42701055555557">
<ele>15</ele>
</trkpt>
<trkpt lat="36.00526" lon="139.42702083333333">
<ele>15</ele>
</trkpt>
<trkpt lat="36.00526" lon="139.42702083333333">
<ele>15</ele>
</trkpt>
<trkpt lat="36.005226388888886" lon="139.42705777777778">
<ele>15</ele>
</trkpt>
<trkpt lat="36.00519277777778" lon="139.42709472222222">
<ele>15</ele>
</trkpt>
<trkpt lat="36.005159166666665" lon="139.42713138888888">
<ele>15</ele>
</trkpt>
<trkpt lat="36.00512583333333" lon="139.42716833333333">
<ele>15</ele>
</trkpt>
<trkpt lat="36.005092222222224" lon="139.42720527777777">
<ele>15</ele>
</trkpt>
<trkpt lat="36.00505861111111" lon="139.42724222222222">
<ele>15</ele>
</trkpt>
<trkpt lat="36.005025" lon="139.42727916666666">
<ele>15</ele>
</trkpt>
<trkpt lat="36.00500611111111" lon="139.42729972222222">
<ele>15</ele>
</trkpt>
<trkpt lat="36.00500611111111" lon="139.42729972222222">
<ele>15</ele>
</trkpt>
<trkpt lat="36.00499222222222" lon="139.4273525">
<ele>15</ele>
</trkpt>
<trkpt lat="36.004978333333334" lon="139.42740555555557">
<ele>15</ele>
</trkpt>
<trkpt lat="36.00496444444445" lon="139.42745833333333">
<ele>15</ele>
</trkpt>
<trkpt lat="36.00495055555555" lon="139.4275111111111">
<ele>15</ele>
</trkpt>
<trkpt lat="36.004936666666666" lon="139.4275638888889">
<ele>15</ele>
</trkpt>
<trkpt lat="36.00492583333333" lon="139.42760555555554">
<ele>15</ele>
</trkpt>
<trkpt lat="36.00492583333333" lon="139.42760555555554">
<ele>15</ele>
</trkpt>
<trkpt lat="36.004913055555555" lon="139.42765888888889">
<ele>15</ele>
</trkpt>
<trkpt lat="36.00490027777778" lon="139.42771194444444">
<ele>16</ele>
</trkpt>
<trkpt lat="36.00488722222222" lon="139.42776527777778">
<ele>15</ele>
</trkpt>
<trkpt lat="36.00487444444445" lon="139.42781833333333">
<ele>15</ele>
</trkpt>
<trkpt lat="36.00486166666666" lon="139.42787166666668">
<ele>15</ele>
</trkpt>
<trkpt lat="36.00484888888889" lon="139.42792472222223">
<ele>15</ele>
</trkpt>
<trkpt lat="36.00483611111111" lon="139.42797805555554">
<ele>15</ele>
</trkpt>
<trkpt lat="36.004823333333334" lon="139.42803138888888">
<ele>15</ele>
</trkpt>
<trkpt lat="36.00481055555556" lon="139.42808444444444">
<ele>15</ele>
</trkpt>
<trkpt lat="36.0047975" lon="139.42813777777778">
<ele>16</ele>
</trkpt>
<trkpt lat="36.00478472222222" lon="139.42819083333333">
<ele>16</ele>
</trkpt>
<trkpt lat="36.00477194444444" lon="139.42824416666667">
<ele>15</ele>
</trkpt>
<trkpt lat="36.004759166666666" lon="139.42829722222223">
<ele>15</ele>
</trkpt>
<trkpt lat="36.00474638888889" lon="139.42835055555557">
<ele>15</ele>
</trkpt>
<trkpt lat="36.004733611111114" lon="139.42840388888888">
<ele>15</ele>
</trkpt>
<trkpt lat="36.00472055555556" lon="139.42845694444443">
<ele>15</ele>
</trkpt>
<trkpt lat="36.004707777777774" lon="139.42851027777778">
<ele>15</ele>
</trkpt>
<trkpt lat="36.004695" lon="139.42856333333333">
<ele>15</ele>
</trkpt>
<trkpt lat="36.00468222222222" lon="139.42861666666667">
<ele>15</ele>
</trkpt>
<trkpt lat="36.004669444444446" lon="139.42866972222222">
<ele>15</ele>
</trkpt>
<trkpt lat="36.00465666666667" lon="139.42872305555557">
<ele>15</ele>
</trkpt>
<trkpt lat="36.0046525" lon="139.4287402777778">
<ele>15</ele>
</trkpt>
<trkpt lat="36.0046525" lon="139.4287402777778">
<ele>15</ele>
</trkpt>
<trkpt lat="36.004625555555556" lon="139.42878444444443">
<ele>15</ele>
</trkpt>
<trkpt lat="36.00459861111111" lon="139.4288288888889">
<ele>15</ele>
</trkpt>
<trkpt lat="36.00457166666666" lon="139.42887333333334">
<ele>15</ele>
</trkpt>
<trkpt lat="36.00455222222222" lon="139.42890527777777">
<ele>15</ele>
</trkpt>
<trkpt lat="36.00455222222222" lon="139.42890527777777">
<ele>15</ele>
</trkpt>
<trkpt lat="36.004515" lon="139.42893666666666">
<ele>15</ele>
</trkpt>
<trkpt lat="36.00447777777778" lon="139.42896777777779">
<ele>15</ele>
</trkpt>
<trkpt lat="36.004440833333334" lon="139.42899916666667">
<ele>15</ele>
</trkpt>
<trkpt lat="36.00440361111111" lon="139.42903027777777">
<ele>15</ele>
</trkpt>
<trkpt lat="36.00436638888889" lon="139.4290613888889">
<ele>15</ele>
</trkpt>
<trkpt lat="36.004329166666665" lon="139.42909277777778">
<ele>15</ele>
</trkpt>
<trkpt lat="36.00429222222222" lon="139.42912388888888">
<ele>15</ele>
</trkpt>
<trkpt lat="36.004255" lon="139.42915527777777">
<ele>15</ele>
</trkpt>
<trkpt lat="36.004217777777775" lon="139.4291863888889">
<ele>15</ele>
</trkpt>
<trkpt lat="36.004180833333336" lon="139.4292175">
<ele>15</ele>
</trkpt>
<trkpt lat="36.00414361111111" lon="139.42924888888888">
<ele>15</ele>
</trkpt>
<trkpt lat="36.004106388888886" lon="139.42928">
<ele>15</ele>
</trkpt>
<trkpt lat="36.00406916666667" lon="139.4293111111111">
<ele>15</ele>
</trkpt>
<trkpt lat="36.00403222222222" lon="139.4293425">
<ele>15</ele>
</trkpt>
<trkpt lat="36.00400972222222" lon="139.42936138888888">
<ele>15</ele>
</trkpt>
<trkpt lat="36.00400972222222" lon="139.42936138888888">
<ele>15</ele>
</trkpt>
<trkpt lat="36.00396777777778" lon="139.42938166666667">
<ele>15</ele>
</trkpt>
<trkpt lat="36.00392611111111" lon="139.42940166666668">
<ele>15</ele>
</trkpt>
<trkpt lat="36.003884166666666" lon="139.42942194444444">
<ele>15</ele>
</trkpt>
<trkpt lat="36.003842222222225" lon="139.42944222222224">
<ele>15</ele>
</trkpt>
<trkpt lat="36.00380055555556" lon="139.4294625">
<ele>15</ele>
</trkpt>
<trkpt lat="36.00375861111111" lon="139.4294825">
<ele>15</ele>
</trkpt>
<trkpt lat="36.003731944444446" lon="139.42949555555555">
<ele>15</ele>
</trkpt>
<trkpt lat="36.003731944444446" lon="139.42949555555555">
<ele>15</ele>
</trkpt>
<trkpt lat="36.00371416666667" lon="139.42954666666665">
<ele>15</ele>
</trkpt>
<trkpt lat="36.00369666666667" lon="139.4295975">
<ele>15</ele>
</trkpt>
<trkpt lat="36.00367888888889" lon="139.4296486111111">
<ele>15</ele>
</trkpt>
<trkpt lat="36.00366138888889" lon="139.4296997222222">
<ele>15</ele>
</trkpt>
<trkpt lat="36.00364361111111" lon="139.42975083333334">
<ele>15</ele>
</trkpt>
<trkpt lat="36.00362611111111" lon="139.42980194444445">
<ele>15</ele>
</trkpt>
<trkpt lat="36.00360833333333" lon="139.42985277777777">
<ele>15</ele>
</trkpt>
<trkpt lat="36.003590833333334" lon="139.4299038888889">
<ele>15</ele>
</trkpt>
<trkpt lat="36.003573055555556" lon="139.429955">
<ele>15</ele>
</trkpt>
<trkpt lat="36.00355555555556" lon="139.4300061111111">
<ele>15</ele>
</trkpt>
<trkpt lat="36.00355388888889" lon="139.43001055555555">
<ele>15</ele>
</trkpt>
<trkpt lat="36.00355388888889" lon="139.43001055555555">
<ele>15</ele>
</trkpt>
<trkpt lat="36.00353222222222" lon="139.43005916666667">
<ele>15</ele>
</trkpt>
<trkpt lat="36.00351055555556" lon="139.43010777777778">
<ele>15</ele>
</trkpt>
<trkpt lat="36.00348916666667" lon="139.4301563888889">
<ele>15</ele>
</trkpt>
<trkpt lat="36.0034675" lon="139.430205">
<ele>15</ele>
</trkpt>
<trkpt lat="36.00344583333333" lon="139.4302536111111">
<ele>15</ele>
</trkpt>
<trkpt lat="36.00342416666667" lon="139.43030222222222">
<ele>15</ele>
</trkpt>
<trkpt lat="36.0034025" lon="139.43035083333334">
<ele>15</ele>
</trkpt>
<trkpt lat="36.00338083333333" lon="139.43039944444445">
<ele>15</ele>
</trkpt>
<trkpt lat="36.00335916666667" lon="139.43044833333335">
<ele>15</ele>
</trkpt>
<trkpt lat="36.0033375" lon="139.43049694444446">
<ele>15</ele>
</trkpt>
<trkpt lat="36.00331583333333" lon="139.43054555555557">
<ele>15</ele>
</trkpt>
<trkpt lat="36.00329416666667" lon="139.43059416666668">
<ele>15</ele>
</trkpt>
<trkpt lat="36.0032725" lon="139.4306427777778">
<ele>15</ele>
</trkpt>
<trkpt lat="36.00325083333333" lon="139.4306913888889">
<ele>15</ele>
</trkpt>
<trkpt lat="36.003229166666664" lon="139.43074">
<ele>15</ele>
</trkpt>
<trkpt lat="36.0032075" lon="139.4307886111111">
<ele>15</ele>
</trkpt>
<trkpt lat="36.00318583333333" lon="139.4308372222222">
<ele>15</ele>
</trkpt>
<trkpt lat="36.003164166666664" lon="139.43088583333332">
<ele>15</ele>
</trkpt>
<trkpt lat="36.0031425" lon="139.43093472222222">
<ele>15</ele>
</trkpt>
<trkpt lat="36.003120833333334" lon="139.43098333333333">
<ele>15</ele>
</trkpt>
<trkpt lat="36.003099166666665" lon="139.43103194444444">
<ele>15</ele>
</trkpt>
<trkpt lat="36.0030775" lon="139.43108055555555">
<ele>15</ele>
</trkpt>
<trkpt lat="36.003055833333335" lon="139.43112916666666">
<ele>15</ele>
</trkpt>
<trkpt lat="36.003034166666666" lon="139.43117777777778">
<ele>15</ele>
</trkpt>
<trkpt lat="36.003033333333335" lon="139.43118">
<ele>15</ele>
</trkpt>
<trkpt lat="36.003033333333335" lon="139.43118">
<ele>15</ele>
</trkpt>
<trkpt lat="36.00300305555555" lon="139.43122083333333">
<ele>15</ele>
</trkpt>
<trkpt lat="36.00297277777778" lon="139.43126194444446">
<ele>15</ele>
</trkpt>
<trkpt lat="36.0029425" lon="139.43130305555556">
<ele>15</ele>
</trkpt>
<trkpt lat="36.00291222222222" lon="139.43134388888888">
<ele>15</ele>
</trkpt>
<trkpt lat="36.00288194444445" lon="139.431385">
<ele>15</ele>
</trkpt>
<trkpt lat="36.002851666666665" lon="139.4314261111111">
<ele>15</ele>
</trkpt>
<trkpt lat="36.00282138888889" lon="139.43146694444445">
<ele>15</ele>
</trkpt>
<trkpt lat="36.0028075" lon="139.43148555555555">
<ele>15</ele>
</trkpt>
<trkpt lat="36.0028075" lon="139.43148555555555">
<ele>15</ele>
</trkpt>
<trkpt lat="36.00276888888889" lon="139.4315138888889">
<ele>15</ele>
</trkpt>
<trkpt lat="36.00273" lon="139.43154194444443">
<ele>15</ele>
</trkpt>
<trkpt lat="36.00269138888889" lon="139.43157">
<ele>15</ele>
</trkpt>
<trkpt lat="36.002652777777776" lon="139.43159805555555">
<ele>15</ele>
</trkpt>
<trkpt lat="36.00261388888889" lon="139.4316263888889">
<ele>15</ele>
</trkpt>
<trkpt lat="36.00257527777778" lon="139.43165444444443">
<ele>15</ele>
</trkpt>
<trkpt lat="36.00253638888889" lon="139.4316825">
<ele>15</ele>
</trkpt>
<trkpt lat="36.00253416666666" lon="139.43168416666666">
<ele>15</ele>
</trkpt>
<trkpt lat="36.00253416666666" lon="139.43168416666666">
<ele>15</ele>
</trkpt>
<trkpt lat="36.00249138888889" lon="139.43170083333334">
<ele>15</ele>
</trkpt>
<trkpt lat="36.00244861111111" lon="139.4317175">
<ele>15</ele>
</trkpt>
<trkpt lat="36.002405555555555" lon="139.43173416666667">
<ele>15</ele>
</trkpt>
<trkpt lat="36.002362777777776" lon="139.43175083333333">
<ele>15</ele>
</trkpt>
<trkpt lat="36.00232" lon="139.4317675">
<ele>15</ele>
</trkpt>
<trkpt lat="36.00229972222222" lon="139.43177527777777">
<ele>15</ele>
</trkpt>
<trkpt lat="36.00229972222222" lon="139.43177527777777">
<ele>15</ele>
</trkpt>
<trkpt lat="36.00227388888889" lon="139.43182055555556">
<ele>15</ele>
</trkpt>
<trkpt lat="36.002247777777775" lon="139.43186583333335">
<ele>15</ele>
</trkpt>
<trkpt lat="36.00222194444444" lon="139.4319111111111">
<ele>15</ele>
</trkpt>
<trkpt lat="36.00219583333333" lon="139.4319563888889">
<ele>15</ele>
</trkpt>
<trkpt lat="36.00216972222222" lon="139.43200166666668">
<ele>15</ele>
</trkpt>
<trkpt lat="36.00214388888889" lon="139.43204694444444">
<ele>15</ele>
</trkpt>
<trkpt lat="36.00211777777778" lon="139.43209222222222">
<ele>15</ele>
</trkpt>
<trkpt lat="36.002091666666665" lon="139.4321375">
<ele>15</ele>
</trkpt>
<trkpt lat="36.00206583333333" lon="139.43218277777777">
<ele>15</ele>
</trkpt>
<trkpt lat="36.00203972222222" lon="139.43222805555556">
<ele>15</ele>
</trkpt>
<trkpt lat="36.00201388888889" lon="139.43227333333334">
<ele>15</ele>
</trkpt>
<trkpt lat="36.00199166666667" lon="139.43231166666666">
<ele>15</ele>
</trkpt>
<trkpt lat="36.00199166666667" lon="139.43231166666666">
<ele>15</ele>
</trkpt>
<trkpt lat="36.00198777777778" lon="139.4323672222222">
<ele>15</ele>
</trkpt>
<trkpt lat="36.00198388888889" lon="139.4324225">
<ele>15</ele>
</trkpt>
<trkpt lat="36.001980277777776" lon="139.4324777777778">
<ele>15</ele>
</trkpt>
<trkpt lat="36.00197638888889" lon="139.43253305555555">
<ele>15</ele>
</trkpt>
<trkpt lat="36.0019725" lon="139.43258833333334">
<ele>15</ele>
</trkpt>
<trkpt lat="36.00196861111111" lon="139.4326436111111">
<ele>15</ele>
</trkpt>
<trkpt lat="36.00196472222222" lon="139.4326988888889">
<ele>15</ele>
</trkpt>
<trkpt lat="36.001960833333335" lon="139.43275444444444">
<ele>15</ele>
</trkpt>
<trkpt lat="36.001956944444444" lon="139.43280972222223">
<ele>15</ele>
</trkpt>
<trkpt lat="36.001956944444444" lon="139.43281055555556">
<ele>15</ele>
</trkpt>
<trkpt lat="36.001956944444444" lon="139.43281055555556">
<ele>15</ele>
</trkpt>
<trkpt lat="36.00194222222222" lon="139.43286305555554">
<ele>15</ele>
</trkpt>
<trkpt lat="36.0019275" lon="139.43291555555555">
<ele>15</ele>
</trkpt>
<trkpt lat="36.001912777777775" lon="139.43296805555556">
<ele>15</ele>
</trkpt>
<trkpt lat="36.00189805555556" lon="139.43302055555554">
<ele>15</ele>
</trkpt>
<trkpt lat="36.00188333333333" lon="139.43307305555555">
<ele>15</ele>
</trkpt>
<trkpt lat="36.00188333333333" lon="139.4330736111111">
<ele>15</ele>
</trkpt>
<trkpt lat="36.00188333333333" lon="139.4330736111111">
<ele>15</ele>
</trkpt>
<trkpt lat="36.00186305555555" lon="139.43312305555557">
<ele>15</ele>
</trkpt>
<trkpt lat="36.001842777777775" lon="139.43317277777777">
<ele>15</ele>
</trkpt>
<trkpt lat="36.0018225" lon="139.4332222222222">
<ele>15</ele>
</trkpt>
<trkpt lat="36.001802222222224" lon="139.43327166666666">
<ele>15</ele>
</trkpt>
<trkpt lat="36.001781944444446" lon="139.43332138888888">
<ele>15</ele>
</trkpt>
<trkpt lat="36.00176166666667" lon="139.43337083333333">
<ele>15</ele>
</trkpt>
<trkpt lat="36.00174166666667" lon="139.43342055555556">
<ele>15</ele>
</trkpt>
<trkpt lat="36.00172138888889" lon="139.43347">
<ele>15</ele>
</trkpt>
<trkpt lat="36.00170111111111" lon="139.43351972222223">
<ele>15</ele>
</trkpt>
<trkpt lat="36.00168083333333" lon="139.43356916666667">
<ele>15</ele>
</trkpt>
<trkpt lat="36.00166055555555" lon="139.4336188888889">
<ele>15</ele>
</trkpt>
<trkpt lat="36.00164888888889" lon="139.4336475">
<ele>15</ele>
</trkpt>
<trkpt lat="36.00164888888889" lon="139.4336475">
<ele>15</ele>
</trkpt>
<trkpt lat="36.001620555555554" lon="139.43369055555556">
<ele>15</ele>
</trkpt>
<trkpt lat="36.00159222222222" lon="139.4337336111111">
<ele>15</ele>
</trkpt>
<trkpt lat="36.00156388888889" lon="139.43377666666666">
<ele>15</ele>
</trkpt>
<trkpt lat="36.001535555555556" lon="139.43382">
<ele>15</ele>
</trkpt>
<trkpt lat="36.00150722222222" lon="139.43386305555555">
<ele>15</ele>
</trkpt>
<trkpt lat="36.00147888888889" lon="139.4339061111111">
<ele>15</ele>
</trkpt>
<trkpt lat="36.00145055555556" lon="139.43394916666668">
<ele>15</ele>
</trkpt>
<trkpt lat="36.001422222222224" lon="139.43399222222223">
<ele>15</ele>
</trkpt>
<trkpt lat="36.00139388888889" lon="139.43403527777778">
<ele>15</ele>
</trkpt>
<trkpt lat="36.00136666666667" lon="139.43407666666667">
<ele>15</ele>
</trkpt>
<trkpt lat="36.00136666666667" lon="139.43407666666667">
<ele>15</ele>
</trkpt>
<trkpt lat="36.001335555555556" lon="139.43411666666665">
<ele>15</ele>
</trkpt>
<trkpt lat="36.00130444444444" lon="139.43415666666667">
<ele>15</ele>
</trkpt>
<trkpt lat="36.00127333333333" lon="139.43419666666668">
<ele>15</ele>
</trkpt>
<trkpt lat="36.001241944444445" lon="139.43423638888888">
<ele>15</ele>
</trkpt>
<trkpt lat="36.00121083333333" lon="139.4342763888889">
<ele>15</ele>
</trkpt>
<trkpt lat="36.001179722222226" lon="139.4343163888889">
<ele>15</ele>
</trkpt>
<trkpt lat="36.00114833333333" lon="139.4343563888889">
<ele>15</ele>
</trkpt>
<trkpt lat="36.001128055555554" lon="139.4343825">
<ele>15</ele>
</trkpt>
<trkpt lat="36.001128055555554" lon="139.4343825">
<ele>15</ele>
</trkpt>
<trkpt lat="36.00111416666667" lon="139.43443527777777">
<ele>15</ele>
</trkpt>
<trkpt lat="36.0011" lon="139.43448805555556">
<ele>15</ele>
</trkpt>
<trkpt lat="36.001086111111114" lon="139.43454083333333">
<ele>15</ele>
</trkpt>
<trkpt lat="36.00107194444445" lon="139.43459333333334">
<ele>15</ele>
</trkpt>
<trkpt lat="36.00105805555555" lon="139.4346461111111">
<ele>15</ele>
</trkpt>
<trkpt lat="36.00104388888889" lon="139.4346988888889">
<ele>15</ele>
</trkpt>
<trkpt lat="36.0010325" lon="139.43474194444445">
<ele>15</ele>
</trkpt>
<trkpt lat="36.0010325" lon="139.43474194444445">
<ele>15</ele>
</trkpt>
<trkpt lat="36.00104777777778" lon="139.43479416666668">
<ele>15</ele>
</trkpt>
<trkpt lat="36.001063055555555" lon="139.4348463888889">
<ele>15</ele>
</trkpt>
<trkpt lat="36.00107833333333" lon="139.43489861111112">
<ele>15</ele>
</trkpt>
<trkpt lat="36.00109333333333" lon="139.43495083333335">
<ele>15</ele>
</trkpt>
<trkpt lat="36.001108611111114" lon="139.43500305555557">
<ele>15</ele>
</trkpt>
<trkpt lat="36.001110833333335" lon="139.43501">
<ele>15</ele>
</trkpt>
<trkpt lat="36.001110833333335" lon="139.43501">
<ele>15</ele>
</trkpt>
<trkpt lat="36.00114611111111" lon="139.43504416666667">
<ele>15</ele>
</trkpt>
<trkpt lat="36.00118138888889" lon="139.43507833333334">
<ele>15</ele>
</trkpt>
<trkpt lat="36.001216944444444" lon="139.4351125">
<ele>15</ele>
</trkpt>
<trkpt lat="36.00124972222222" lon="139.43514416666667">
<ele>15</ele>
</trkpt>
<trkpt lat="36.00124972222222" lon="139.43514416666667">
<ele>15</ele>
</trkpt>
<trkpt lat="36.001245" lon="139.43519944444444">
<ele>15</ele>
</trkpt>
<trkpt lat="36.001240277777775" lon="139.43525472222223">
<ele>15</ele>
</trkpt>
<trkpt lat="36.00123583333333" lon="139.43531">
<ele>15</ele>
</trkpt>
<trkpt lat="36.00123111111111" lon="139.435365">
<ele>15</ele>
</trkpt>
<trkpt lat="36.00122638888889" lon="139.43542027777778">
<ele>15</ele>
</trkpt>
<trkpt lat="36.001221944444445" lon="139.43547555555554">
<ele>15</ele>
</trkpt>
<trkpt lat="36.00121722222222" lon="139.43553083333333">
<ele>15</ele>
</trkpt>
<trkpt lat="36.0012125" lon="139.43558611111112">
<ele>15</ele>
</trkpt>
<trkpt lat="36.00120805555556" lon="139.43564111111112">
<ele>15</ele>
</trkpt>
<trkpt lat="36.001203333333336" lon="139.43569638888889">
<ele>15</ele>
</trkpt>
<trkpt lat="36.00119888888889" lon="139.43575166666668">
<ele>15</ele>
</trkpt>
<trkpt lat="36.001194166666664" lon="139.43580694444444">
<ele>15</ele>
</trkpt>
<trkpt lat="36.00118944444444" lon="139.43586222222223">
<ele>15</ele>
</trkpt>
<trkpt lat="36.001185" lon="139.43591722222223">
<ele>15</ele>
</trkpt>
<trkpt lat="36.00118444444445" lon="139.43592194444443">
<ele>15</ele>
</trkpt>
<trkpt lat="36.00118444444445" lon="139.43592194444443">
<ele>15</ele>
</trkpt>
<trkpt lat="36.001201944444446" lon="139.43597333333332">
<ele>15</ele>
</trkpt>
<trkpt lat="36.001219444444445" lon="139.43602444444446">
<ele>15</ele>
</trkpt>
<trkpt lat="36.001236666666664" lon="139.43607555555556">
<ele>15</ele>
</trkpt>
<trkpt lat="36.00125416666667" lon="139.43612666666667">
<ele>15</ele>
</trkpt>
<trkpt lat="36.00127166666667" lon="139.43617777777777">
<ele>15</ele>
</trkpt>
<trkpt lat="36.001289166666666" lon="139.43622916666666">
<ele>15</ele>
</trkpt>
<trkpt lat="36.00130638888889" lon="139.43628027777777">
<ele>15</ele>
</trkpt>
<trkpt lat="36.00132388888889" lon="139.4363313888889">
<ele>15</ele>
</trkpt>
<trkpt lat="36.00134138888889" lon="139.4363825">
<ele>15</ele>
</trkpt>
<trkpt lat="36.001358055555556" lon="139.43643166666666">
<ele>15</ele>
</trkpt>
<trkpt lat="36.001358055555556" lon="139.43643166666666">
<ele>15</ele>
</trkpt>
<trkpt lat="36.00136472222222" lon="139.43648666666667">
<ele>15</ele>
</trkpt>
<trkpt lat="36.00137138888889" lon="139.43654138888888">
<ele>15</ele>
</trkpt>
<trkpt lat="36.001378055555556" lon="139.4365963888889">
<ele>15</ele>
</trkpt>
<trkpt lat="36.00138472222222" lon="139.4366513888889">
<ele>15</ele>
</trkpt>
<trkpt lat="36.00139138888889" lon="139.4367061111111">
<ele>15</ele>
</trkpt>
<trkpt lat="36.001397222222224" lon="139.4367536111111">
<ele>15</ele>
</trkpt>
<trkpt lat="36.001397222222224" lon="139.4367536111111">
<ele>15</ele>
</trkpt>
<trkpt lat="36.00139583333333" lon="139.4368088888889">
<ele>15</ele>
</trkpt>
<trkpt lat="36.00139444444444" lon="139.43686444444444">
<ele>15</ele>
</trkpt>
<trkpt lat="36.00139333333333" lon="139.43692">
<ele>15</ele>
</trkpt>
<trkpt lat="36.00139194444444" lon="139.43697555555556">
<ele>15</ele>
</trkpt>
<trkpt lat="36.00139055555555" lon="139.4370311111111">
<ele>15</ele>
</trkpt>
<trkpt lat="36.00138944444444" lon="139.4370863888889">
<ele>15</ele>
</trkpt>
<trkpt lat="36.00138805555556" lon="139.43714194444445">
<ele>15</ele>
</trkpt>
<trkpt lat="36.00138666666667" lon="139.4371975">
<ele>15</ele>
</trkpt>
<trkpt lat="36.00138555555556" lon="139.43725305555554">
<ele>15</ele>
</trkpt>
<trkpt lat="36.00138416666667" lon="139.43730861111112">
<ele>15</ele>
</trkpt>
<trkpt lat="36.00138416666667" lon="139.4373113888889">
<ele>15</ele>
</trkpt>
<trkpt lat="36.00138416666667" lon="139.4373113888889">
<ele>15</ele>
</trkpt>
<trkpt lat="36.00139" lon="139.43736638888888">
<ele>15</ele>
</trkpt>
<trkpt lat="36.00139583333333" lon="139.43742138888888">
<ele>15</ele>
</trkpt>
<trkpt lat="36.001401666666666" lon="139.43747666666667">
<ele>15</ele>
</trkpt>
<trkpt lat="36.0014075" lon="139.43753166666667">
<ele>15</ele>
</trkpt>
<trkpt lat="36.00141333333333" lon="139.43758666666668">
<ele>15</ele>
</trkpt>
<trkpt lat="36.001419166666665" lon="139.43764166666668">
<ele>15</ele>
</trkpt>
<trkpt lat="36.001425" lon="139.43769666666665">
<ele>15</ele>
</trkpt>
<trkpt lat="36.00143083333333" lon="139.43775194444444">
<ele>15</ele>
</trkpt>
<trkpt lat="36.00143666666666" lon="139.43780694444445">
<ele>15</ele>
</trkpt>
<trkpt lat="36.0014425" lon="139.43786194444445">
<ele>15</ele>
</trkpt>
<trkpt lat="36.001448333333336" lon="139.43791694444445">
<ele>15</ele>
</trkpt>
<trkpt lat="36.00145416666667" lon="139.43797194444446">
<ele>15</ele>
</trkpt>
<trkpt lat="36.00146" lon="139.43802694444443">
<ele>15</ele>
</trkpt>
<trkpt lat="36.001465833333334" lon="139.43808222222222">
<ele>15</ele>
</trkpt>
<trkpt lat="36.001466666666666" lon="139.43808916666666">
<ele>15</ele>
</trkpt>
<trkpt lat="36.001466666666666" lon="139.43808916666666">
<ele>15</ele>
</trkpt>
<trkpt lat="36.0015075" lon="139.4381125">
<ele>15</ele>
</trkpt>
<trkpt lat="36.00154833333333" lon="139.43813555555556">
<ele>15</ele>
</trkpt>
<trkpt lat="36.00157083333333" lon="139.43814833333334">
<ele>15</ele>
</trkpt>
<trkpt lat="36.00157083333333" lon="139.43814833333334">
<ele>15</ele>
</trkpt>
<trkpt lat="36.00157472222222" lon="139.4382036111111">
<ele>15</ele>
</trkpt>
<trkpt lat="36.001578611111114" lon="139.4382588888889">
<ele>15</ele>
</trkpt>
<trkpt lat="36.0015825" lon="139.43831416666666">
<ele>15</ele>
</trkpt>
<trkpt lat="36.00158638888889" lon="139.43836944444445">
<ele>15</ele>
</trkpt>
<trkpt lat="36.00159027777778" lon="139.4384247222222">
<ele>15</ele>
</trkpt>
<trkpt lat="36.00159416666666" lon="139.43848">
<ele>15</ele>
</trkpt>
<trkpt lat="36.001598055555554" lon="139.43853555555555">
<ele>15</ele>
</trkpt>
<trkpt lat="36.001601944444445" lon="139.43859083333334">
<ele>15</ele>
</trkpt>
<trkpt lat="36.001605833333336" lon="139.4386461111111">
<ele>15</ele>
</trkpt>
<trkpt lat="36.00160972222222" lon="139.4387013888889">
<ele>15</ele>
</trkpt>
<trkpt lat="36.00161361111111" lon="139.43875666666668">
<ele>15</ele>
</trkpt>
<trkpt lat="36.0016175" lon="139.43881194444444">
<ele>15</ele>
</trkpt>
<trkpt lat="36.001621388888886" lon="139.43886722222223">
<ele>15</ele>
</trkpt>
<trkpt lat="36.00162527777778" lon="139.4389225">
<ele>15</ele>
</trkpt>
<trkpt lat="36.00162916666667" lon="139.43897805555557">
<ele>15</ele>
</trkpt>
<trkpt lat="36.00163305555556" lon="139.43903333333333">
<ele>15</ele>
</trkpt>
<trkpt lat="36.00163583333333" lon="139.43907083333335">
<ele>15</ele>
</trkpt>
<trkpt lat="36.00163583333333" lon="139.43907083333335">
<ele>15</ele>
</trkpt>
<trkpt lat="36.00165166666667" lon="139.43912305555557">
<ele>15</ele>
</trkpt>
<trkpt lat="36.0016675" lon="139.439175">
<ele>15</ele>
</trkpt>
<trkpt lat="36.00168305555555" lon="139.43922694444444">
<ele>15</ele>
</trkpt>
<trkpt lat="36.00169888888889" lon="139.43927888888888">
<ele>15</ele>
</trkpt>
<trkpt lat="36.001714722222225" lon="139.43933083333334">
<ele>15</ele>
</trkpt>
<trkpt lat="36.001730555555554" lon="139.43938277777778">
<ele>15</ele>
</trkpt>
<trkpt lat="36.00174611111111" lon="139.43943472222222">
<ele>15</ele>
</trkpt>
<trkpt lat="36.001761944444446" lon="139.43948694444444">
<ele>15</ele>
</trkpt>
<trkpt lat="36.001777777777775" lon="139.43953888888888">
<ele>15</ele>
</trkpt>
<trkpt lat="36.001779166666665" lon="139.43954305555556">
<ele>15</ele>
</trkpt>
<trkpt lat="36.00175611111111" lon="139.4395461111111">
<ele>15</ele>
</trkpt>
<trkpt lat="36.001778888888886" lon="139.439835">
<ele>15</ele>
</trkpt>
<trkpt lat="36.001795" lon="139.44016">
<ele>15</ele>
</trkpt>
<trkpt lat="36.001795" lon="139.44041">
<ele>15</ele>
</trkpt>
<trkpt lat="36.00180388888889" lon="139.44072305555557">
<ele>15</ele>
</trkpt>
<trkpt lat="36.00181194444445" lon="139.44087305555556">
<ele>15</ele>
</trkpt>
<trkpt lat="36.00180388888889" lon="139.44102305555555">
<ele>15</ele>
</trkpt>
<trkpt lat="36.00177" lon="139.44141">
<ele>15</ele>
</trkpt>
<trkpt lat="36.00178694444445" lon="139.44161">
<ele>15</ele>
</trkpt>
<trkpt lat="36.00163694444444" lon="139.44191">
<ele>15</ele>
</trkpt>
<trkpt lat="36.00143694444444" lon="139.44227305555555">
<ele>15</ele>
</trkpt>
<trkpt lat="36.001336944444446" lon="139.44256">
<ele>15</ele>
</trkpt>
<trkpt lat="36.00122888888889" lon="139.44299694444445">
<ele>15</ele>
</trkpt>
<trkpt lat="36.00120888888889" lon="139.4430811111111">
<ele>15</ele>
</trkpt>
<trkpt lat="36.00120888888889" lon="139.4430811111111">
<ele>15</ele>
</trkpt>
<trkpt lat="36.00116194444445" lon="139.443285">
<ele>15</ele>
</trkpt>
<trkpt lat="36.00112111111111" lon="139.44342194444445">
<ele>15</ele>
</trkpt>
<trkpt lat="36.001036944444444" lon="139.44362305555555">
<ele>15</ele>
</trkpt>
<trkpt lat="36.00097888888889" lon="139.44377194444445">
<ele>15</ele>
</trkpt>
<trkpt lat="36.00081194444444" lon="139.44417194444443">
<ele>15</ele>
</trkpt>
<trkpt lat="36.00077111111111" lon="139.44429694444443">
<ele>15</ele>
</trkpt>
<trkpt lat="36.00074611111111" lon="139.44442194444446">
<ele>15</ele>
</trkpt>
<trkpt lat="36.00074611111111" lon="139.44466">
<ele>15</ele>
</trkpt>
<trkpt lat="36.00076194444444" lon="139.44489694444445">
<ele>15</ele>
</trkpt>
<trkpt lat="36.00077111111111" lon="139.44502194444445">
<ele>15</ele>
</trkpt>
<trkpt lat="36.00076194444444" lon="139.44509694444446">
<ele>15</ele>
</trkpt>
<trkpt lat="36.00059611111111" lon="139.44561">
<ele>15</ele>
</trkpt>
<trkpt lat="36.00052888888889" lon="139.44584694444444">
<ele>15</ele>
</trkpt>
<trkpt lat="36.00049611111111" lon="139.44601">
<ele>15</ele>
</trkpt>
<trkpt lat="36.000478888888885" lon="139.446385">
<ele>15</ele>
</trkpt>
<trkpt lat="36.000478888888885" lon="139.446435">
<ele>15</ele>
</trkpt>
<trkpt lat="36.00044611111111" lon="139.44656">
<ele>14</ele>
</trkpt>
<trkpt lat="36.00039611111111" lon="139.44667194444443">
<ele>14</ele>
</trkpt>
<trkpt lat="36.00024611111111" lon="139.44687194444444">
<ele>14</ele>
</trkpt>
<trkpt lat="36.000188055555554" lon="139.4469838888889">
<ele>14</ele>
</trkpt>
<trkpt lat="36.00015388888889" lon="139.44709694444444">
<ele>14</ele>
</trkpt>
<trkpt lat="36.00002111111111" lon="139.44762194444445">
<ele>14</ele>
</trkpt>
<trkpt lat="35.999811944444446" lon="139.4484838888889">
<ele>14</ele>
</trkpt>
<trkpt lat="35.99978194444444" lon="139.44864611111112">
<ele>14</ele>
</trkpt>
<trkpt lat="35.99978194444444" lon="139.44864611111112">
<ele>14</ele>
</trkpt>
<trkpt lat="35.99977888888889" lon="139.4486588888889">
<ele>14</ele>
</trkpt>
<trkpt lat="35.99977111111111" lon="139.44874694444445">
<ele>14</ele>
</trkpt>
<trkpt lat="35.999761944444444" lon="139.4489088888889">
<ele>14</ele>
</trkpt>
<trkpt lat="35.99977888888889" lon="139.44987194444445">
<ele>14</ele>
</trkpt>
<trkpt lat="35.999788055555555" lon="139.45030888888888">
<ele>14</ele>
</trkpt>
<trkpt lat="35.99987888888889" lon="139.4508588888889">
<ele>14</ele>
</trkpt>
<trkpt lat="35.99990388888889" lon="139.45098388888889">
<ele>14</ele>
</trkpt>
<trkpt lat="35.999763055555555" lon="139.4510338888889">
<ele>14</ele>
</trkpt>
<trkpt lat="35.99967888888889" lon="139.45107194444444">
<ele>14</ele>
</trkpt>
<trkpt lat="35.99966305555556" lon="139.45119694444443">
<ele>14</ele>
</trkpt>
<trkpt lat="35.99964611111111" lon="139.45122194444446">
<ele>14</ele>
</trkpt>
<trkpt lat="35.99960388888889" lon="139.45124694444445">
<ele>14</ele>
</trkpt>
<trkpt lat="35.999428888888886" lon="139.45133388888888">
<ele>14</ele>
</trkpt>
<trkpt lat="35.99939611111111" lon="139.45137194444445">
<ele>14</ele>
</trkpt>
<trkpt lat="35.99941305555556" lon="139.45142194444443">
<ele>14</ele>
</trkpt>
<trkpt lat="35.99951305555555" lon="139.45169694444445">
<ele>14</ele>
</trkpt>
<trkpt lat="35.99952305555556" lon="139.45172805555555">
<ele>14</ele>
</trkpt>
<trkpt lat="35.99952305555556" lon="139.45172805555555">
<ele>14</ele>
</trkpt>
<trkpt lat="35.999560833333334" lon="139.45169777777778">
<ele>14</ele>
</trkpt>
<trkpt lat="35.99959833333333" lon="139.4516675">
<ele>14</ele>
</trkpt>
<trkpt lat="35.99963611111111" lon="139.45163722222222">
<ele>14</ele>
</trkpt>
<trkpt lat="35.99967361111111" lon="139.45160694444445">
<ele>14</ele>
</trkpt>
<trkpt lat="35.99971138888889" lon="139.45157666666665">
<ele>14</ele>
</trkpt>
<trkpt lat="35.99974888888889" lon="139.4515463888889">
<ele>14</ele>
</trkpt>
<trkpt lat="35.999786666666665" lon="139.45151611111112">
<ele>14</ele>
</trkpt>
<trkpt lat="35.999813055555556" lon="139.451495">
<ele>14</ele>
</trkpt>
<trkpt lat="35.999813055555556" lon="139.451495">
<ele>14</ele>
</trkpt>
<trkpt lat="35.99983638888889" lon="139.4515425">
<ele>14</ele>
</trkpt>
<trkpt lat="35.999859444444446" lon="139.45159">
<ele>14</ele>
</trkpt>
<trkpt lat="35.99988277777778" lon="139.4516375">
<ele>14</ele>
</trkpt>
<trkpt lat="35.99990583333334" lon="139.451685">
<ele>14</ele>
</trkpt>
<trkpt lat="35.99992916666667" lon="139.4517325">
<ele>14</ele>
</trkpt>
<trkpt lat="35.99995222222222" lon="139.45178027777777">
<ele>14</ele>
</trkpt>
<trkpt lat="35.99997555555556" lon="139.45182777777777">
<ele>14</ele>
</trkpt>
<trkpt lat="35.99999861111111" lon="139.4518752777778">
<ele>14</ele>
</trkpt>
<trkpt lat="36.00002194444444" lon="139.45192277777778">
<ele>14</ele>
</trkpt>
<trkpt lat="36.00004527777778" lon="139.45197027777778">
<ele>14</ele>
</trkpt>
<trkpt lat="36.00006833333333" lon="139.45201777777777">
<ele>14</ele>
</trkpt>
<trkpt lat="36.00009166666667" lon="139.4520652777778">
<ele>14</ele>
</trkpt>
<trkpt lat="36.00011472222222" lon="139.45211277777778">
<ele>14</ele>
</trkpt>
<trkpt lat="36.00013805555555" lon="139.45216055555557">
<ele>14</ele>
</trkpt>
<trkpt lat="36.00016111111111" lon="139.45220805555556">
<ele>14</ele>
</trkpt>
<trkpt lat="36.00018444444444" lon="139.45225555555555">
<ele>14</ele>
</trkpt>
<trkpt lat="36.0002075" lon="139.45230305555555">
<ele>14</ele>
</trkpt>
<trkpt lat="36.00023083333333" lon="139.45235055555557">
<ele>14</ele>
</trkpt>
<trkpt lat="36.00025388888889" lon="139.45239805555556">
<ele>14</ele>
</trkpt>
<trkpt lat="36.00026888888889" lon="139.45242833333333">
<ele>14</ele>
</trkpt>
<trkpt lat="36.00026888888889" lon="139.45242833333333">
<ele>14</ele>
</trkpt>
<trkpt lat="36.000278888888886" lon="139.4524825">
<ele>14</ele>
</trkpt>
<trkpt lat="36.00028888888889" lon="139.45253666666667">
<ele>14</ele>
</trkpt>
<trkpt lat="36.00029888888889" lon="139.45259055555556">
<ele>14</ele>
</trkpt>
<trkpt lat="36.00030888888889" lon="139.45264472222223">
<ele>14</ele>
</trkpt>
<trkpt lat="36.00031888888889" lon="139.45269888888888">
<ele>14</ele>
</trkpt>
<trkpt lat="36.00032916666667" lon="139.45275305555555">
<ele>14</ele>
</trkpt>
<trkpt lat="36.000329444444446" lon="139.45275555555557">
<ele>14</ele>
</trkpt>
<trkpt lat="36.000329444444446" lon="139.45275555555557">
<ele>14</ele>
</trkpt>
<trkpt lat="36.000369444444445" lon="139.45278083333332">
<ele>14</ele>
</trkpt>
<trkpt lat="36.00040944444444" lon="139.4528061111111">
<ele>14</ele>
</trkpt>
<trkpt lat="36.00044944444444" lon="139.45283138888888">
<ele>14</ele>
</trkpt>
<trkpt lat="36.00048944444445" lon="139.45285694444445">
<ele>14</ele>
</trkpt>
<trkpt lat="36.0005075" lon="139.45286833333333">
<ele>14</ele>
</trkpt>
<trkpt lat="36.0005075" lon="139.45286833333333">
<ele>14</ele>
</trkpt>
<trkpt lat="36.00051833333333" lon="139.45281444444444">
<ele>14</ele>
</trkpt>
<trkpt lat="36.00052916666667" lon="139.45276055555556">
<ele>14</ele>
</trkpt>
<trkpt lat="36.00054027777778" lon="139.45270666666667">
<ele>14</ele>
</trkpt>
<trkpt lat="36.000546666666665" lon="139.452675">
<ele>14</ele>
</trkpt>
<trkpt lat="36.000546666666665" lon="139.452675">
<ele>14</ele>
</trkpt>
<trkpt lat="36.00058055555556" lon="139.4527113888889">
<ele>14</ele>
</trkpt>
<trkpt lat="36.000614444444444" lon="139.45274777777777">
<ele>14</ele>
</trkpt>
<trkpt lat="36.00064833333333" lon="139.45278444444443">
<ele>14</ele>
</trkpt>
<trkpt lat="36.000682222222224" lon="139.45282083333333">
<ele>14</ele>
</trkpt>
<trkpt lat="36.00071611111111" lon="139.45285722222224">
<ele>14</ele>
</trkpt>
<trkpt lat="36.00075" lon="139.4528936111111">
<ele>14</ele>
</trkpt>
<trkpt lat="36.00078388888889" lon="139.45293">
<ele>14</ele>
</trkpt>
<trkpt lat="36.000817777777776" lon="139.45296638888888">
<ele>14</ele>
</trkpt>
<trkpt lat="36.00085166666667" lon="139.45300277777778">
<ele>14</ele>
</trkpt>
<trkpt lat="36.000885833333335" lon="139.45303916666666">
<ele>14</ele>
</trkpt>
<trkpt lat="36.00091972222222" lon="139.45307555555556">
<ele>14</ele>
</trkpt>
<trkpt lat="36.00094138888889" lon="139.4530988888889">
<ele>14</ele>
</trkpt>
<trkpt lat="36.00094138888889" lon="139.4530988888889">
<ele>14</ele>
</trkpt>
<trkpt lat="36.00096527777778" lon="139.45314583333334">
<ele>14</ele>
</trkpt>
<trkpt lat="36.00098916666666" lon="139.4531927777778">
<ele>14</ele>
</trkpt>
<trkpt lat="36.00101333333333" lon="139.45324">
<ele>14</ele>
</trkpt>
<trkpt lat="36.00103722222222" lon="139.45328694444444">
<ele>14</ele>
</trkpt>
<trkpt lat="36.00106111111111" lon="139.4533338888889">
<ele>14</ele>
</trkpt>
<trkpt lat="36.001085" lon="139.45338083333334">
<ele>14</ele>
</trkpt>
<trkpt lat="36.001108888888886" lon="139.4534277777778">
<ele>14</ele>
</trkpt>
<trkpt lat="36.00113277777778" lon="139.4534747222222">
<ele>14</ele>
</trkpt>
<trkpt lat="36.00115666666667" lon="139.45352194444445">
<ele>14</ele>
</trkpt>
<trkpt lat="36.00118055555556" lon="139.4535688888889">
<ele>14</ele>
</trkpt>
<trkpt lat="36.00118444444445" lon="139.45357638888888">
<ele>14</ele>
</trkpt>
<trkpt lat="36.00118444444445" lon="139.45357638888888">
<ele>14</ele>
</trkpt>
<trkpt lat="36.00121388888889" lon="139.45361833333334">
<ele>14</ele>
</trkpt>
<trkpt lat="36.001243611111114" lon="139.45366">
<ele>15</ele>
</trkpt>
<trkpt lat="36.00127305555556" lon="139.45370194444445">
<ele>15</ele>
</trkpt>
<trkpt lat="36.0013025" lon="139.45374388888888">
<ele>15</ele>
</trkpt>
<trkpt lat="36.001331944444445" lon="139.45378555555556">
<ele>15</ele>
</trkpt>
<trkpt lat="36.00136138888889" lon="139.4538275">
<ele>15</ele>
</trkpt>
<trkpt lat="36.00139111111111" lon="139.45386944444445">
<ele>15</ele>
</trkpt>
<trkpt lat="36.001420555555555" lon="139.4539111111111">
<ele>15</ele>
</trkpt>
<trkpt lat="36.00145" lon="139.45395305555556">
<ele>15</ele>
</trkpt>
<trkpt lat="36.00147944444444" lon="139.453995">
<ele>15</ele>
</trkpt>
<trkpt lat="36.001509166666665" lon="139.45403694444445">
<ele>15</ele>
</trkpt>
<trkpt lat="36.00153861111111" lon="139.4540786111111">
<ele>15</ele>
</trkpt>
<trkpt lat="36.00156805555556" lon="139.45412055555556">
<ele>15</ele>
</trkpt>
<trkpt lat="36.0015975" lon="139.4541625">
<ele>15</ele>
</trkpt>
<trkpt lat="36.001626944444446" lon="139.45420416666667">
<ele>15</ele>
</trkpt>
<trkpt lat="36.00165666666667" lon="139.4542461111111">
<ele>15</ele>
</trkpt>
<trkpt lat="36.00168611111111" lon="139.45428805555557">
<ele>15</ele>
</trkpt>
<trkpt lat="36.001715555555556" lon="139.4543297222222">
<ele>15</ele>
</trkpt>
<trkpt lat="36.001745" lon="139.45437166666667">
<ele>15</ele>
</trkpt>
<trkpt lat="36.00177444444444" lon="139.4544136111111">
<ele>15</ele>
</trkpt>
<trkpt lat="36.001804166666666" lon="139.45445555555557">
<ele>15</ele>
</trkpt>
<trkpt lat="36.00183361111111" lon="139.45449722222222">
<ele>15</ele>
</trkpt>
<trkpt lat="36.00186305555555" lon="139.45453916666668">
<ele>15</ele>
</trkpt>
<trkpt lat="36.0018925" lon="139.4545811111111">
<ele>15</ele>
</trkpt>
<trkpt lat="36.00192222222222" lon="139.4546227777778">
<ele>15</ele>
</trkpt>
<trkpt lat="36.00195166666666" lon="139.45466472222222">
<ele>15</ele>
</trkpt>
<trkpt lat="36.001981111111114" lon="139.45470666666668">
<ele>15</ele>
</trkpt>
<trkpt lat="36.00201055555556" lon="139.4547486111111">
<ele>15</ele>
</trkpt>
<trkpt lat="36.00204" lon="139.4547902777778">
<ele>15</ele>
</trkpt>
<trkpt lat="36.002069722222224" lon="139.45483222222222">
<ele>15</ele>
</trkpt>
<trkpt lat="36.00209916666667" lon="139.45487416666666">
<ele>15</ele>
</trkpt>
<trkpt lat="36.00212861111111" lon="139.45491583333333">
<ele>15</ele>
</trkpt>
<trkpt lat="36.002158055555554" lon="139.45495777777776">
<ele>15</ele>
</trkpt>
<trkpt lat="36.0021875" lon="139.45499972222223">
<ele>15</ele>
</trkpt>
<trkpt lat="36.00221722222222" lon="139.4550413888889">
<ele>15</ele>
</trkpt>
<trkpt lat="36.002246666666665" lon="139.45508333333333">
<ele>15</ele>
</trkpt>
<trkpt lat="36.00227611111111" lon="139.45512527777777">
<ele>15</ele>
</trkpt>
<trkpt lat="36.00229972222222" lon="139.4551588888889">
<ele>15</ele>
</trkpt>
<trkpt lat="36.00229972222222" lon="139.4551588888889">
<ele>15</ele>
</trkpt>
<trkpt lat="36.002336666666665" lon="139.45519083333335">
<ele>15</ele>
</trkpt>
<trkpt lat="36.00237333333333" lon="139.4552225">
<ele>15</ele>
</trkpt>
<trkpt lat="36.00241027777778" lon="139.45525444444445">
<ele>15</ele>
</trkpt>
<trkpt lat="36.00244694444444" lon="139.45528638888888">
<ele>15</ele>
</trkpt>
<trkpt lat="36.00248361111111" lon="139.45531805555555">
<ele>15</ele>
</trkpt>
<trkpt lat="36.002520555555556" lon="139.45535">
<ele>15</ele>
</trkpt>
<trkpt lat="36.00255722222222" lon="139.45538194444444">
<ele>15</ele>
</trkpt>
<trkpt lat="36.00259416666667" lon="139.4554138888889">
<ele>15</ele>
</trkpt>
<trkpt lat="36.002630833333335" lon="139.45544555555554">
<ele>15</ele>
</trkpt>
<trkpt lat="36.00266777777778" lon="139.4554775">
<ele>16</ele>
</trkpt>
<trkpt lat="36.00270444444445" lon="139.45550944444443">
<ele>16</ele>
</trkpt>
<trkpt lat="36.00274111111111" lon="139.4555411111111">
<ele>16</ele>
</trkpt>
<trkpt lat="36.00277805555555" lon="139.45557305555556">
<ele>16</ele>
</trkpt>
<trkpt lat="36.00281472222222" lon="139.455605">
<ele>16</ele>
</trkpt>
<trkpt lat="36.002851666666665" lon="139.45563694444445">
<ele>16</ele>
</trkpt>
<trkpt lat="36.00288833333333" lon="139.45566861111112">
<ele>16</ele>
</trkpt>
<trkpt lat="36.002925" lon="139.45570055555555">
<ele>16</ele>
</trkpt>
<trkpt lat="36.00296194444444" lon="139.4557325">
<ele>16</ele>
</trkpt>
<trkpt lat="36.00299861111111" lon="139.45576416666665">
<ele>16</ele>
</trkpt>
<trkpt lat="36.003035555555556" lon="139.4557961111111">
<ele>16</ele>
</trkpt>
<trkpt lat="36.00307222222222" lon="139.45582805555554">
<ele>16</ele>
</trkpt>
<trkpt lat="36.00310916666667" lon="139.45585972222221">
<ele>16</ele>
</trkpt>
<trkpt lat="36.003145833333335" lon="139.45589166666667">
<ele>16</ele>
</trkpt>
<trkpt lat="36.0031825" lon="139.4559236111111">
<ele>16</ele>
</trkpt>
<trkpt lat="36.00321944444445" lon="139.45595555555556">
<ele>16</ele>
</trkpt>
<trkpt lat="36.003256111111114" lon="139.45598722222223">
<ele>16</ele>
</trkpt>
<trkpt lat="36.00329305555555" lon="139.45601916666666">
<ele>16</ele>
</trkpt>
<trkpt lat="36.00332972222222" lon="139.45605111111112">
<ele>16</ele>
</trkpt>
<trkpt lat="36.00335861111111" lon="139.45607611111112">
<ele>16</ele>
</trkpt>
<trkpt lat="36.00335861111111" lon="139.45607611111112">
<ele>16</ele>
</trkpt>
<trkpt lat="36.00340416666667" lon="139.45608444444446">
<ele>16</ele>
</trkpt>
<trkpt lat="36.00344972222222" lon="139.4560925">
<ele>16</ele>
</trkpt>
<trkpt lat="36.003495" lon="139.45610083333332">
<ele>16</ele>
</trkpt>
<trkpt lat="36.00354055555555" lon="139.45610888888888">
<ele>16</ele>
</trkpt>
<trkpt lat="36.00358611111111" lon="139.45611722222222">
<ele>16</ele>
</trkpt>
<trkpt lat="36.00363138888889" lon="139.45612527777777">
<ele>16</ele>
</trkpt>
<trkpt lat="36.00367694444444" lon="139.4561336111111">
<ele>16</ele>
</trkpt>
<trkpt lat="36.00372222222222" lon="139.45614166666667">
<ele>16</ele>
</trkpt>
<trkpt lat="36.003767777777774" lon="139.45614972222222">
<ele>16</ele>
</trkpt>
<trkpt lat="36.00381333333333" lon="139.45615805555556">
<ele>16</ele>
</trkpt>
<trkpt lat="36.00385861111111" lon="139.45616611111112">
<ele>16</ele>
</trkpt>
<trkpt lat="36.003904166666665" lon="139.45617444444446">
<ele>16</ele>
</trkpt>
<trkpt lat="36.003949722222224" lon="139.4561825">
<ele>16</ele>
</trkpt>
<trkpt lat="36.003995" lon="139.45619083333332">
<ele>16</ele>
</trkpt>
<trkpt lat="36.004040555555555" lon="139.45619888888888">
<ele>16</ele>
</trkpt>
<trkpt lat="36.004085833333335" lon="139.45620722222222">
<ele>16</ele>
</trkpt>
<trkpt lat="36.00413138888889" lon="139.45621527777777">
<ele>16</ele>
</trkpt>
<trkpt lat="36.004176944444445" lon="139.4562236111111">
<ele>16</ele>
</trkpt>
<trkpt lat="36.004222222222225" lon="139.45623166666667">
<ele>16</ele>
</trkpt>
<trkpt lat="36.00426777777778" lon="139.45624">
<ele>16</ele>
</trkpt>
<trkpt lat="36.004313333333336" lon="139.45624805555556">
<ele>16</ele>
</trkpt>
<trkpt lat="36.00435861111111" lon="139.4562563888889">
<ele>16</ele>
</trkpt>
<trkpt lat="36.00440416666667" lon="139.45626444444446">
<ele>16</ele>
</trkpt>
<trkpt lat="36.00444944444445" lon="139.45627277777777">
<ele>16</ele>
</trkpt>
<trkpt lat="36.004495" lon="139.45628083333332">
<ele>16</ele>
</trkpt>
<trkpt lat="36.00454055555556" lon="139.45628916666666">
<ele>16</ele>
</trkpt>
<trkpt lat="36.00458583333333" lon="139.45629722222222">
<ele>17</ele>
</trkpt>
<trkpt lat="36.00463138888889" lon="139.45630555555556">
<ele>17</ele>
</trkpt>
<trkpt lat="36.00467694444445" lon="139.4563136111111">
<ele>17</ele>
</trkpt>
<trkpt lat="36.00472222222222" lon="139.45632166666667">
<ele>17</ele>
</trkpt>
<trkpt lat="36.00476777777778" lon="139.45633">
<ele>17</ele>
</trkpt>
<trkpt lat="36.00481333333333" lon="139.45633805555556">
<ele>17</ele>
</trkpt>
<trkpt lat="36.00485861111111" lon="139.45634638888887">
<ele>17</ele>
</trkpt>
<trkpt lat="36.00490416666667" lon="139.45635444444446">
<ele>17</ele>
</trkpt>
<trkpt lat="36.00494944444444" lon="139.45636277777777">
<ele>17</ele>
</trkpt>
<trkpt lat="36.004995" lon="139.45637083333332">
<ele>17</ele>
</trkpt>
<trkpt lat="36.00504055555555" lon="139.45637916666666">
<ele>17</ele>
</trkpt>
<trkpt lat="36.00508583333333" lon="139.45638722222222">
<ele>17</ele>
</trkpt>
<trkpt lat="36.00508583333333" lon="139.45638722222222">
<ele>17</ele>
</trkpt>
<trkpt lat="36.00508583333333" lon="139.45638722222222">
<ele>17</ele>
</trkpt>
<trkpt lat="36.00512888888889" lon="139.45640333333333">
<ele>17</ele>
</trkpt>
<trkpt lat="36.00517194444444" lon="139.45641944444444">
<ele>17</ele>
</trkpt>
<trkpt lat="36.005215" lon="139.45643555555554">
<ele>17</ele>
</trkpt>
<trkpt lat="36.00525777777778" lon="139.45645166666668">
<ele>17</ele>
</trkpt>
<trkpt lat="36.00530083333334" lon="139.4564677777778">
<ele>17</ele>
</trkpt>
<trkpt lat="36.00534388888889" lon="139.4564838888889">
<ele>17</ele>
</trkpt>
<trkpt lat="36.005386944444446" lon="139.4565">
<ele>17</ele>
</trkpt>
<trkpt lat="36.005429722222225" lon="139.4565161111111">
<ele>17</ele>
</trkpt>
<trkpt lat="36.005472777777776" lon="139.45653222222222">
<ele>17</ele>
</trkpt>
<trkpt lat="36.005515833333334" lon="139.45654833333333">
<ele>17</ele>
</trkpt>
<trkpt lat="36.00555888888889" lon="139.45656444444444">
<ele>17</ele>
</trkpt>
<trkpt lat="36.005601666666664" lon="139.45658055555555">
<ele>17</ele>
</trkpt>
<trkpt lat="36.00564472222222" lon="139.45659666666666">
<ele>17</ele>
</trkpt>
<trkpt lat="36.00568777777778" lon="139.4566125">
<ele>17</ele>
</trkpt>
<trkpt lat="36.00573083333333" lon="139.4566286111111">
<ele>17</ele>
</trkpt>
<trkpt lat="36.00577361111111" lon="139.45664472222222">
<ele>17</ele>
</trkpt>
<trkpt lat="36.00581666666667" lon="139.45666083333333">
<ele>17</ele>
</trkpt>
<trkpt lat="36.00585972222222" lon="139.45667694444444">
<ele>17</ele>
</trkpt>
<trkpt lat="36.00590277777778" lon="139.45669305555555">
<ele>17</ele>
</trkpt>
<trkpt lat="36.005945555555556" lon="139.45670916666666">
<ele>17</ele>
</trkpt>
<trkpt lat="36.005988611111114" lon="139.45672527777776">
<ele>17</ele>
</trkpt>
<trkpt lat="36.005988611111114" lon="139.45672527777776">
<ele>17</ele>
</trkpt>
<trkpt lat="36.00602694444444" lon="139.45675416666666">
<ele>17</ele>
</trkpt>
<trkpt lat="36.00606527777778" lon="139.45678305555555">
<ele>17</ele>
</trkpt>
<trkpt lat="36.00610361111111" lon="139.45681194444444">
<ele>17</ele>
</trkpt>
<trkpt lat="36.006141944444444" lon="139.45684083333333">
<ele>17</ele>
</trkpt>
<trkpt lat="36.00618027777778" lon="139.45686972222222">
<ele>17</ele>
</trkpt>
<trkpt lat="36.00621861111111" lon="139.45689861111111">
<ele>17</ele>
</trkpt>
<trkpt lat="36.006256944444445" lon="139.4569275">
<ele>17</ele>
</trkpt>
<trkpt lat="36.00629527777778" lon="139.4569563888889">
<ele>17</ele>
</trkpt>
<trkpt lat="36.00633361111111" lon="139.4569852777778">
<ele>17</ele>
</trkpt>
<trkpt lat="36.006371944444446" lon="139.45701416666665">
<ele>17</ele>
</trkpt>
<trkpt lat="36.006410277777775" lon="139.45704305555554">
<ele>17</ele>
</trkpt>
<trkpt lat="36.00644888888889" lon="139.45707194444444">
<ele>18</ele>
</trkpt>
<trkpt lat="36.00648722222222" lon="139.45710111111111">
<ele>18</ele>
</trkpt>
<trkpt lat="36.006525555555555" lon="139.45713">
<ele>17</ele>
</trkpt>
<trkpt lat="36.00656388888889" lon="139.4571588888889">
<ele>18</ele>
</trkpt>
<trkpt lat="36.00660222222222" lon="139.4571877777778">
<ele>18</ele>
</trkpt>
<trkpt lat="36.006640555555556" lon="139.45721666666665">
<ele>18</ele>
</trkpt>
<trkpt lat="36.00667888888889" lon="139.45724555555555">
<ele>18</ele>
</trkpt>
<trkpt lat="36.00671722222222" lon="139.45727444444444">
<ele>18</ele>
</trkpt>
<trkpt lat="36.00675555555556" lon="139.45730333333333">
<ele>18</ele>
</trkpt>
<trkpt lat="36.006793888888886" lon="139.45733222222222">
<ele>18</ele>
</trkpt>
<trkpt lat="36.0068" lon="139.45733666666666">
<ele>18</ele>
</trkpt>
<trkpt lat="36.0068" lon="139.45733666666666">
<ele>18</ele>
</trkpt>
<trkpt lat="36.00683138888889" lon="139.45737666666668">
<ele>18</ele>
</trkpt>
<trkpt lat="36.006862777777776" lon="139.4574163888889">
<ele>18</ele>
</trkpt>
<trkpt lat="36.00689416666667" lon="139.4574561111111">
<ele>18</ele>
</trkpt>
<trkpt lat="36.006925555555554" lon="139.45749583333333">
<ele>18</ele>
</trkpt>
<trkpt lat="36.00695694444445" lon="139.45753555555555">
<ele>18</ele>
</trkpt>
<trkpt lat="36.00698833333333" lon="139.45757527777778">
<ele>17</ele>
</trkpt>
<trkpt lat="36.007019722222225" lon="139.457615">
<ele>18</ele>
</trkpt>
<trkpt lat="36.00705111111111" lon="139.45765472222223">
<ele>18</ele>
</trkpt>
<trkpt lat="36.0070825" lon="139.45769444444446">
<ele>17</ele>
</trkpt>
<trkpt lat="36.00711388888889" lon="139.45773416666665">
<ele>18</ele>
</trkpt>
<trkpt lat="36.007145" lon="139.45777388888888">
<ele>18</ele>
</trkpt>
<trkpt lat="36.007151666666665" lon="139.45778194444443">
<ele>17</ele>
</trkpt>
<trkpt lat="36.007151666666665" lon="139.45778194444443">
<ele>17</ele>
</trkpt>
<trkpt lat="36.00719111111111" lon="139.45780861111112">
<ele>17</ele>
</trkpt>
<trkpt lat="36.00723055555556" lon="139.457835">
<ele>18</ele>
</trkpt>
<trkpt lat="36.00727" lon="139.45786166666667">
<ele>18</ele>
</trkpt>
<trkpt lat="36.007309444444445" lon="139.45788805555554">
<ele>18</ele>
</trkpt>
<trkpt lat="36.00734888888889" lon="139.45791444444444">
<ele>18</ele>
</trkpt>
<trkpt lat="36.00738833333333" lon="139.4579411111111">
<ele>18</ele>
</trkpt>
<trkpt lat="36.00742777777778" lon="139.4579675">
<ele>18</ele>
</trkpt>
<trkpt lat="36.007467222222225" lon="139.45799416666668">
<ele>18</ele>
</trkpt>
<trkpt lat="36.007506666666664" lon="139.45802055555555">
<ele>18</ele>
</trkpt>
<trkpt lat="36.00754611111111" lon="139.45804694444445">
<ele>18</ele>
</trkpt>
<trkpt lat="36.00758583333333" lon="139.4580736111111">
<ele>18</ele>
</trkpt>
<trkpt lat="36.00762527777778" lon="139.4581">
<ele>18</ele>
</trkpt>
<trkpt lat="36.00766472222222" lon="139.45812666666666">
<ele>18</ele>
</trkpt>
<trkpt lat="36.00770416666667" lon="139.45815305555556">
<ele>18</ele>
</trkpt>
<trkpt lat="36.00774361111111" lon="139.4581797222222">
<ele>18</ele>
</trkpt>
<trkpt lat="36.00778305555556" lon="139.4582061111111">
<ele>18</ele>
</trkpt>
<trkpt lat="36.0078225" lon="139.4582325">
<ele>18</ele>
</trkpt>
<trkpt lat="36.00785444444445" lon="139.45825416666668">
<ele>18</ele>
</trkpt>
<trkpt lat="36.00785444444445" lon="139.45825416666668">
<ele>18</ele>
</trkpt>
<trkpt lat="36.00789527777778" lon="139.45827777777777">
<ele>18</ele>
</trkpt>
<trkpt lat="36.007935833333335" lon="139.45830138888888">
<ele>18</ele>
</trkpt>
<trkpt lat="36.00797638888889" lon="139.458325">
<ele>18</ele>
</trkpt>
<trkpt lat="36.00801722222222" lon="139.45834861111112">
<ele>18</ele>
</trkpt>
<trkpt lat="36.00805777777778" lon="139.4583722222222">
<ele>18</ele>
</trkpt>
<trkpt lat="36.00809861111111" lon="139.45839583333333">
<ele>18</ele>
</trkpt>
<trkpt lat="36.008139166666666" lon="139.45841916666666">
<ele>18</ele>
</trkpt>
<trkpt lat="36.00817972222222" lon="139.45844277777778">
<ele>18</ele>
</trkpt>
<trkpt lat="36.00822055555555" lon="139.4584663888889">
<ele>18</ele>
</trkpt>
<trkpt lat="36.00826111111111" lon="139.45849">
<ele>18</ele>
</trkpt>
<trkpt lat="36.00830166666667" lon="139.4585136111111">
<ele>18</ele>
</trkpt>
<trkpt lat="36.0083425" lon="139.45853722222222">
<ele>18</ele>
</trkpt>
<trkpt lat="36.008383055555555" lon="139.45856083333334">
<ele>18</ele>
</trkpt>
<trkpt lat="36.00842388888889" lon="139.45858444444445">
<ele>18</ele>
</trkpt>
<trkpt lat="36.00846444444444" lon="139.45860805555554">
<ele>18</ele>
</trkpt>
<trkpt lat="36.008505" lon="139.45863166666666">
<ele>18</ele>
</trkpt>
<trkpt lat="36.008545833333336" lon="139.45865527777778">
<ele>18</ele>
</trkpt>
<trkpt lat="36.00856611111111" lon="139.45866722222223">
<ele>18</ele>
</trkpt>
<trkpt lat="36.00856611111111" lon="139.45866722222223">
<ele>18</ele>
</trkpt>
<trkpt lat="36.00860222222222" lon="139.45870027777778">
<ele>18</ele>
</trkpt>
<trkpt lat="36.00863833333333" lon="139.45873361111111">
<ele>18</ele>
</trkpt>
<trkpt lat="36.008674166666665" lon="139.45876694444445">
<ele>18</ele>
</trkpt>
<trkpt lat="36.00871027777778" lon="139.4588">
<ele>18</ele>
</trkpt>
<trkpt lat="36.00874611111111" lon="139.45883333333333">
<ele>18</ele>
</trkpt>
<trkpt lat="36.00878222222222" lon="139.45886638888888">
<ele>18</ele>
</trkpt>
<trkpt lat="36.00881805555556" lon="139.4588997222222">
<ele>18</ele>
</trkpt>
<trkpt lat="36.008854166666666" lon="139.4589327777778">
<ele>18</ele>
</trkpt>
<trkpt lat="36.00889027777778" lon="139.45896611111112">
<ele>18</ele>
</trkpt>
<trkpt lat="36.00892611111111" lon="139.45899944444446">
<ele>18</ele>
</trkpt>
<trkpt lat="36.00896222222222" lon="139.4590325">
<ele>18</ele>
</trkpt>
<trkpt lat="36.00899805555556" lon="139.45906583333334">
<ele>18</ele>
</trkpt>
<trkpt lat="36.009034166666666" lon="139.4590988888889">
<ele>18</ele>
</trkpt>
<trkpt lat="36.00907" lon="139.45913222222222">
<ele>18</ele>
</trkpt>
<trkpt lat="36.00910611111111" lon="139.45916555555556">
<ele>18</ele>
</trkpt>
<trkpt lat="36.00914222222222" lon="139.4591986111111">
<ele>18</ele>
</trkpt>
<trkpt lat="36.00917805555556" lon="139.45923194444444">
<ele>18</ele>
</trkpt>
<trkpt lat="36.00919972222222" lon="139.45925194444445">
<ele>18</ele>
</trkpt>
<trkpt lat="36.00919972222222" lon="139.45925194444445">
<ele>18</ele>
</trkpt>
<trkpt lat="36.009237222222225" lon="139.4592825">
<ele>18</ele>
</trkpt>
<trkpt lat="36.00927472222222" lon="139.45931333333334">
<ele>18</ele>
</trkpt>
<trkpt lat="36.00931194444444" lon="139.45934416666665">
<ele>18</ele>
</trkpt>
<trkpt lat="36.009349444444446" lon="139.45937472222224">
<ele>18</ele>
</trkpt>
<trkpt lat="36.009386944444444" lon="139.45940555555555">
<ele>18</ele>
</trkpt>
<trkpt lat="36.00942416666667" lon="139.4594361111111">
<ele>18</ele>
</trkpt>
<trkpt lat="36.00946166666667" lon="139.45946694444444">
<ele>18</ele>
</trkpt>
<trkpt lat="36.009499166666664" lon="139.45949777777778">
<ele>18</ele>
</trkpt>
<trkpt lat="36.00953638888889" lon="139.45952833333334">
<ele>18</ele>
</trkpt>
<trkpt lat="36.00957388888889" lon="139.45955916666668">
<ele>18</ele>
</trkpt>
<trkpt lat="36.00961138888889" lon="139.45958972222223">
<ele>18</ele>
</trkpt>
<trkpt lat="36.00964861111111" lon="139.45962055555555">
<ele>18</ele>
</trkpt>
<trkpt lat="36.00968611111111" lon="139.4596513888889">
<ele>18</ele>
</trkpt>
<trkpt lat="36.00972361111111" lon="139.45968194444444">
<ele>18</ele>
</trkpt>
<trkpt lat="36.00976083333333" lon="139.45971277777778">
<ele>18</ele>
</trkpt>
<trkpt lat="36.009798333333336" lon="139.45974361111112">
<ele>18</ele>
</trkpt>
<trkpt lat="36.00980722222222" lon="139.45975083333335">
<ele>18</ele>
</trkpt>
<trkpt lat="36.00980722222222" lon="139.45975083333335">
<ele>18</ele>
</trkpt>
<trkpt lat="36.00984944444444" lon="139.45976972222223">
<ele>18</ele>
</trkpt>
<trkpt lat="36.00989166666667" lon="139.45978861111112">
<ele>18</ele>
</trkpt>
<trkpt lat="36.00993388888889" lon="139.4598075">
<ele>18</ele>
</trkpt>
<trkpt lat="36.00997611111111" lon="139.4598263888889">
<ele>18</ele>
</trkpt>
<trkpt lat="36.010018333333335" lon="139.4598452777778">
<ele>18</ele>
</trkpt>
<trkpt lat="36.010060555555555" lon="139.45986416666668">
<ele>18</ele>
</trkpt>
<trkpt lat="36.010102777777774" lon="139.45988305555557">
<ele>18</ele>
</trkpt>
<trkpt lat="36.01014527777778" lon="139.45990194444445">
<ele>18</ele>
</trkpt>
<trkpt lat="36.0101875" lon="139.45992083333334">
<ele>18</ele>
</trkpt>
<trkpt lat="36.01022972222222" lon="139.45994">
<ele>18</ele>
</trkpt>
<trkpt lat="36.01027194444445" lon="139.45995888888888">
<ele>18</ele>
</trkpt>
<trkpt lat="36.01031416666667" lon="139.45997777777777">
<ele>18</ele>
</trkpt>
<trkpt lat="36.01035638888889" lon="139.45999666666665">
<ele>19</ele>
</trkpt>
<trkpt lat="36.010398611111114" lon="139.46001555555554">
<ele>18</ele>
</trkpt>
<trkpt lat="36.010440833333334" lon="139.46003444444443">
<ele>18</ele>
</trkpt>
<trkpt lat="36.010483055555554" lon="139.46005333333332">
<ele>19</ele>
</trkpt>
<trkpt lat="36.01052527777778" lon="139.4600722222222">
<ele>19</ele>
</trkpt>
<trkpt lat="36.0105675" lon="139.4600911111111">
<ele>19</ele>
</trkpt>
<trkpt lat="36.01060972222222" lon="139.46011">
<ele>19</ele>
</trkpt>
<trkpt lat="36.01061" lon="139.46011027777777">
<ele>19</ele>
</trkpt>
<trkpt lat="36.01061" lon="139.46011027777777">
<ele>19</ele>
</trkpt>
<trkpt lat="36.010655" lon="139.4601125">
<ele>19</ele>
</trkpt>
<trkpt lat="36.01069972222222" lon="139.460115">
<ele>19</ele>
</trkpt>
<trkpt lat="36.01074472222222" lon="139.4601172222222">
<ele>19</ele>
</trkpt>
<trkpt lat="36.01078944444444" lon="139.46011972222223">
<ele>19</ele>
</trkpt>
<trkpt lat="36.01081388888889" lon="139.46012083333332">
<ele>19</ele>
</trkpt>
<trkpt lat="36.01081388888889" lon="139.46012083333332">
<ele>19</ele>
</trkpt>
<trkpt lat="36.01085833333333" lon="139.46011277777777">
<ele>19</ele>
</trkpt>
<trkpt lat="36.01090277777778" lon="139.4601047222222">
<ele>19</ele>
</trkpt>
<trkpt lat="36.01094722222222" lon="139.4600963888889">
<ele>19</ele>
</trkpt>
<trkpt lat="36.01099166666667" lon="139.46008833333335">
<ele>19</ele>
</trkpt>
<trkpt lat="36.01103611111111" lon="139.4600802777778">
<ele>19</ele>
</trkpt>
<trkpt lat="36.01108055555556" lon="139.46007194444445">
<ele>19</ele>
</trkpt>
<trkpt lat="36.011125" lon="139.4600638888889">
<ele>19</ele>
</trkpt>
<trkpt lat="36.01116944444444" lon="139.46005583333334">
<ele>19</ele>
</trkpt>
<trkpt lat="36.01121388888889" lon="139.4600475">
<ele>19</ele>
</trkpt>
<trkpt lat="36.01125833333333" lon="139.46003944444445">
<ele>19</ele>
</trkpt>
<trkpt lat="36.01130277777778" lon="139.4600313888889">
<ele>19</ele>
</trkpt>
<trkpt lat="36.01134722222222" lon="139.46002305555555">
<ele>19</ele>
</trkpt>
<trkpt lat="36.01139166666667" lon="139.460015">
<ele>19</ele>
</trkpt>
<trkpt lat="36.01143611111111" lon="139.46000694444444">
<ele>19</ele>
</trkpt>
<trkpt lat="36.01148055555556" lon="139.4599986111111">
<ele>18</ele>
</trkpt>
<trkpt lat="36.01148666666667" lon="139.4599975">
<ele>18</ele>
</trkpt>
<trkpt lat="36.01148666666667" lon="139.4599975">
<ele>18</ele>
</trkpt>
<trkpt lat="36.01150138888889" lon="139.46005">
<ele>19</ele>
</trkpt>
<trkpt lat="36.01151611111111" lon="139.4601025">
<ele>19</ele>
</trkpt>
<trkpt lat="36.01153111111111" lon="139.46015472222223">
<ele>19</ele>
</trkpt>
<trkpt lat="36.01154583333334" lon="139.4602072222222">
<ele>19</ele>
</trkpt>
<trkpt lat="36.011560833333334" lon="139.46025972222222">
<ele>18</ele>
</trkpt>
<trkpt lat="36.01157555555555" lon="139.46031194444444">
<ele>18</ele>
</trkpt>
<trkpt lat="36.01159027777778" lon="139.46036444444445">
<ele>18</ele>
</trkpt>
<trkpt lat="36.011605277777775" lon="139.46041694444443">
<ele>18</ele>
</trkpt>
<trkpt lat="36.01162" lon="139.46046944444444">
<ele>18</ele>
</trkpt>
<trkpt lat="36.01163472222222" lon="139.46052166666666">
<ele>18</ele>
</trkpt>
<trkpt lat="36.01164277777778" lon="139.46055">
<ele>18</ele>
</trkpt>
<trkpt lat="36.01164277777778" lon="139.46055">
<ele>18</ele>
</trkpt>
<trkpt lat="36.01166555555555" lon="139.46059805555555">
<ele>18</ele>
</trkpt>
<trkpt lat="36.01168833333333" lon="139.46064583333333">
<ele>17</ele>
</trkpt>
<trkpt lat="36.01171111111111" lon="139.4606936111111">
<ele>17</ele>
</trkpt>
<trkpt lat="36.01173388888889" lon="139.46074166666668">
<ele>17</ele>
</trkpt>
<trkpt lat="36.01175666666666" lon="139.46078944444446">
<ele>17</ele>
</trkpt>
<trkpt lat="36.01177916666666" lon="139.4608375">
<ele>16</ele>
</trkpt>
<trkpt lat="36.01180194444444" lon="139.46088527777778">
<ele>16</ele>
</trkpt>
<trkpt lat="36.01182472222222" lon="139.46093305555556">
<ele>16</ele>
</trkpt>
<trkpt lat="36.0118475" lon="139.46098111111112">
<ele>16</ele>
</trkpt>
<trkpt lat="36.01187027777778" lon="139.46102888888888">
<ele>16</ele>
</trkpt>
<trkpt lat="36.011893055555554" lon="139.46107666666666">
<ele>15</ele>
</trkpt>
<trkpt lat="36.01191583333333" lon="139.46112472222222">
<ele>15</ele>
</trkpt>
<trkpt lat="36.01193861111111" lon="139.4611725">
<ele>15</ele>
</trkpt>
<trkpt lat="36.01196111111111" lon="139.46122055555554">
<ele>15</ele>
</trkpt>
<trkpt lat="36.01198388888889" lon="139.46126833333332">
<ele>15</ele>
</trkpt>
<trkpt lat="36.012006666666665" lon="139.4613161111111">
<ele>14</ele>
</trkpt>
<trkpt lat="36.012029444444444" lon="139.46136416666667">
<ele>14</ele>
</trkpt>
<trkpt lat="36.01205222222222" lon="139.46141194444445">
<ele>14</ele>
</trkpt>
<trkpt lat="36.012075" lon="139.46145972222223">
<ele>14</ele>
</trkpt>
<trkpt lat="36.012097777777775" lon="139.46150777777777">
<ele>14</ele>
</trkpt>
<trkpt lat="36.012120555555555" lon="139.46155555555555">
<ele>13</ele>
</trkpt>
<trkpt lat="36.012143055555555" lon="139.46160361111112">
<ele>13</ele>
</trkpt>
<trkpt lat="36.012165833333334" lon="139.4616513888889">
<ele>13</ele>
</trkpt>
<trkpt lat="36.012188611111114" lon="139.46169916666668">
<ele>13</ele>
</trkpt>
<trkpt lat="36.012211388888886" lon="139.46174722222221">
<ele>13</ele>
</trkpt>
<trkpt lat="36.012234166666666" lon="139.461795">
<ele>12</ele>
</trkpt>
<trkpt lat="36.01224166666667" lon="139.46181083333335">
<ele>12</ele>
</trkpt>
<trkpt lat="36.01224166666667" lon="139.46181083333335">
<ele>12</ele>
</trkpt>
<trkpt lat="36.01226833333333" lon="139.46185527777777">
<ele>12</ele>
</trkpt>
<trkpt lat="36.012295" lon="139.4619">
<ele>12</ele>
</trkpt>
<trkpt lat="36.012321944444444" lon="139.46194472222223">
<ele>12</ele>
</trkpt>
<trkpt lat="36.01234861111111" lon="139.46198916666665">
<ele>12</ele>
</trkpt>
<trkpt lat="36.01237527777778" lon="139.4620338888889">
<ele>12</ele>
</trkpt>
<trkpt lat="36.01240194444444" lon="139.4620786111111">
<ele>12</ele>
</trkpt>
<trkpt lat="36.01242861111111" lon="139.46212305555557">
<ele>12</ele>
</trkpt>
<trkpt lat="36.012455555555555" lon="139.46216777777778">
<ele>12</ele>
</trkpt>
<trkpt lat="36.012482222222225" lon="139.4622125">
<ele>12</ele>
</trkpt>
<trkpt lat="36.01250888888889" lon="139.46225694444445">
<ele>12</ele>
</trkpt>
<trkpt lat="36.01253555555556" lon="139.46230166666666">
<ele>12</ele>
</trkpt>
<trkpt lat="36.01256222222222" lon="139.46234638888888">
<ele>12</ele>
</trkpt>
<trkpt lat="36.012589166666665" lon="139.46239083333333">
<ele>12</ele>
</trkpt>
<trkpt lat="36.012615833333335" lon="139.46243555555554">
<ele>12</ele>
</trkpt>
<trkpt lat="36.0126425" lon="139.4624802777778">
<ele>12</ele>
</trkpt>
<trkpt lat="36.01266916666667" lon="139.4625247222222">
<ele>12</ele>
</trkpt>
<trkpt lat="36.01269583333333" lon="139.46256944444445">
<ele>12</ele>
</trkpt>
<trkpt lat="36.012722777777775" lon="139.46261416666667">
<ele>12</ele>
</trkpt>
<trkpt lat="36.012749444444445" lon="139.46265861111112">
<ele>12</ele>
</trkpt>
<trkpt lat="36.01277611111111" lon="139.46270333333334">
<ele>12</ele>
</trkpt>
<trkpt lat="36.01280277777778" lon="139.46274805555555">
<ele>12</ele>
</trkpt>
<trkpt lat="36.01282305555556" lon="139.46278166666667">
<ele>12</ele>
</trkpt>
<trkpt lat="36.01282305555556" lon="139.46278166666667">
<ele>12</ele>
</trkpt>
<trkpt lat="36.01285166666667" lon="139.46282444444444">
<ele>12</ele>
</trkpt>
<trkpt lat="36.012880555555554" lon="139.46286722222223">
<ele>12</ele>
</trkpt>
<trkpt lat="36.01290916666667" lon="139.46291">
<ele>12</ele>
</trkpt>
<trkpt lat="36.01293777777778" lon="139.4629525">
<ele>12</ele>
</trkpt>
<trkpt lat="36.01296638888889" lon="139.46299527777776">
<ele>12</ele>
</trkpt>
<trkpt lat="36.012995277777776" lon="139.46303805555556">
<ele>12</ele>
</trkpt>
<trkpt lat="36.01302388888889" lon="139.46308083333332">
<ele>11</ele>
</trkpt>
<trkpt lat="36.0130525" lon="139.46312361111111">
<ele>12</ele>
</trkpt>
<trkpt lat="36.01308111111111" lon="139.46316638888888">
<ele>12</ele>
</trkpt>
<trkpt lat="36.01311" lon="139.4632088888889">
<ele>12</ele>
</trkpt>
<trkpt lat="36.01313861111111" lon="139.46325166666668">
<ele>11</ele>
</trkpt>
<trkpt lat="36.01316722222222" lon="139.46329444444444">
<ele>11</ele>
</trkpt>
<trkpt lat="36.013195833333334" lon="139.46333722222224">
<ele>12</ele>
</trkpt>
<trkpt lat="36.01322472222222" lon="139.46338">
<ele>11</ele>
</trkpt>
<trkpt lat="36.01325333333333" lon="139.46342277777777">
<ele>11</ele>
</trkpt>
<trkpt lat="36.013281944444444" lon="139.46346527777777">
<ele>11</ele>
</trkpt>
<trkpt lat="36.013310555555556" lon="139.46350805555556">
<ele>11</ele>
</trkpt>
<trkpt lat="36.013330833333335" lon="139.46353805555555">
<ele>11</ele>
</trkpt>
<trkpt lat="36.013330833333335" lon="139.46353805555555">
<ele>11</ele>
</trkpt>
<trkpt lat="36.01336055555556" lon="139.46357944444443">
<ele>11</ele>
</trkpt>
<trkpt lat="36.01339055555555" lon="139.46362083333332">
<ele>11</ele>
</trkpt>
<trkpt lat="36.013420555555555" lon="139.4636622222222">
<ele>11</ele>
</trkpt>
<trkpt lat="36.01345055555556" lon="139.4637038888889">
<ele>11</ele>
</trkpt>
<trkpt lat="36.01348027777778" lon="139.46374527777778">
<ele>11</ele>
</trkpt>
<trkpt lat="36.013510277777776" lon="139.46378666666666">
<ele>11</ele>
</trkpt>
<trkpt lat="36.01354027777778" lon="139.46382805555555">
<ele>11</ele>
</trkpt>
<trkpt lat="36.01357" lon="139.46386944444444">
<ele>11</ele>
</trkpt>
<trkpt lat="36.0136" lon="139.46391083333333">
<ele>11</ele>
</trkpt>
<trkpt lat="36.01363" lon="139.46395222222222">
<ele>11</ele>
</trkpt>
<trkpt lat="36.01365972222222" lon="139.4639936111111">
<ele>11</ele>
</trkpt>
<trkpt lat="36.013689722222225" lon="139.46403527777778">
<ele>11</ele>
</trkpt>
<trkpt lat="36.01371972222222" lon="139.46407666666667">
<ele>11</ele>
</trkpt>
<trkpt lat="36.01374944444444" lon="139.46411805555556">
<ele>11</ele>
</trkpt>
<trkpt lat="36.013779444444445" lon="139.46415944444445">
<ele>11</ele>
</trkpt>
<trkpt lat="36.01380944444445" lon="139.46420083333334">
<ele>11</ele>
</trkpt>
<trkpt lat="36.01383916666666" lon="139.46424222222223">
<ele>11</ele>
</trkpt>
<trkpt lat="36.013869166666666" lon="139.4642836111111">
<ele>11</ele>
</trkpt>
<trkpt lat="36.01389916666667" lon="139.464325">
<ele>11</ele>
</trkpt>
<trkpt lat="36.01392888888889" lon="139.46436666666668">
<ele>11</ele>
</trkpt>
<trkpt lat="36.01395888888889" lon="139.46440805555557">
<ele>11</ele>
</trkpt>
<trkpt lat="36.01398888888889" lon="139.46444944444445">
<ele>11</ele>
</trkpt>
<trkpt lat="36.01401861111111" lon="139.46449083333334">
<ele>11</ele>
</trkpt>
<trkpt lat="36.014048611111114" lon="139.46453222222223">
<ele>11</ele>
</trkpt>
<trkpt lat="36.01407861111111" lon="139.46457361111112">
<ele>11</ele>
</trkpt>
<trkpt lat="36.01410833333333" lon="139.464615">
<ele>11</ele>
</trkpt>
<trkpt lat="36.01412472222222" lon="139.46463777777777">
<ele>11</ele>
</trkpt>
<trkpt lat="36.01412472222222" lon="139.46463777777777">
<ele>11</ele>
</trkpt>
<trkpt lat="36.01415083333333" lon="139.4646836111111">
<ele>11</ele>
</trkpt>
<trkpt lat="36.01417694444444" lon="139.46472944444446">
<ele>11</ele>
</trkpt>
<trkpt lat="36.014203055555555" lon="139.4647752777778">
<ele>11</ele>
</trkpt>
<trkpt lat="36.01422888888889" lon="139.46482138888888">
<ele>11</ele>
</trkpt>
<trkpt lat="36.014255" lon="139.4648672222222">
<ele>11</ele>
</trkpt>
<trkpt lat="36.01428111111111" lon="139.46491305555554">
<ele>11</ele>
</trkpt>
<trkpt lat="36.01430694444444" lon="139.4649588888889">
<ele>11</ele>
</trkpt>
<trkpt lat="36.014333055555554" lon="139.46500472222223">
<ele>11</ele>
</trkpt>
<trkpt lat="36.014359166666665" lon="139.46505055555556">
<ele>11</ele>
</trkpt>
<trkpt lat="36.01438527777778" lon="139.46509666666665">
<ele>11</ele>
</trkpt>
<trkpt lat="36.01441111111111" lon="139.4651425">
<ele>11</ele>
</trkpt>
<trkpt lat="36.01443722222222" lon="139.46518833333334">
<ele>11</ele>
</trkpt>
<trkpt lat="36.01446333333333" lon="139.46523416666668">
<ele>11</ele>
</trkpt>
<trkpt lat="36.01448944444444" lon="139.46528">
<ele>11</ele>
</trkpt>
<trkpt lat="36.014515277777775" lon="139.46532583333334">
<ele>11</ele>
</trkpt>
<trkpt lat="36.01454138888889" lon="139.46537194444446">
<ele>11</ele>
</trkpt>
<trkpt lat="36.0145675" lon="139.4654177777778">
<ele>11</ele>
</trkpt>
<trkpt lat="36.01459333333333" lon="139.46546361111112">
<ele>11</ele>
</trkpt>
<trkpt lat="36.01461944444444" lon="139.46550944444445">
<ele>11</ele>
</trkpt>
<trkpt lat="36.01464555555555" lon="139.46555527777778">
<ele>11</ele>
</trkpt>
<trkpt lat="36.014671666666665" lon="139.4656011111111">
<ele>11</ele>
</trkpt>
<trkpt lat="36.0146975" lon="139.46564722222223">
<ele>11</ele>
</trkpt>
<trkpt lat="36.01472361111111" lon="139.46569305555556">
<ele>11</ele>
</trkpt>
<trkpt lat="36.01474972222222" lon="139.4657388888889">
<ele>11</ele>
</trkpt>
<trkpt lat="36.01477583333333" lon="139.46578472222222">
<ele>11</ele>
</trkpt>
<trkpt lat="36.01480166666666" lon="139.46583055555556">
<ele>11</ele>
</trkpt>
<trkpt lat="36.014827777777775" lon="139.46587666666667">
<ele>11</ele>
</trkpt>
<trkpt lat="36.01485388888889" lon="139.4659225">
<ele>11</ele>
</trkpt>
<trkpt lat="36.014879722222226" lon="139.46596833333334">
<ele>11</ele>
</trkpt>
<trkpt lat="36.01490583333333" lon="139.46601416666667">
<ele>11</ele>
</trkpt>
<trkpt lat="36.01493194444444" lon="139.46606">
<ele>11</ele>
</trkpt>
<trkpt lat="36.01495805555555" lon="139.46610583333333">
<ele>11</ele>
</trkpt>
<trkpt lat="36.01498388888889" lon="139.46615194444445">
<ele>11</ele>
</trkpt>
<trkpt lat="36.01501" lon="139.46619777777778">
<ele>11</ele>
</trkpt>
<trkpt lat="36.01503611111111" lon="139.4662436111111">
<ele>11</ele>
</trkpt>
<trkpt lat="36.01506194444445" lon="139.46628944444444">
<ele>11</ele>
</trkpt>
<trkpt lat="36.01508805555556" lon="139.46633527777777">
<ele>11</ele>
</trkpt>
<trkpt lat="36.01511416666666" lon="139.4663811111111">
<ele>11</ele>
</trkpt>
<trkpt lat="36.01511416666666" lon="139.4663811111111">
<ele>11</ele>
</trkpt>
<trkpt lat="36.01511416666666" lon="139.4663811111111">
<ele>11</ele>
</trkpt>
<trkpt lat="36.015140555555554" lon="139.4664261111111">
<ele>11</ele>
</trkpt>
<trkpt lat="36.015166666666666" lon="139.4664713888889">
<ele>11</ele>
</trkpt>
<trkpt lat="36.01519305555556" lon="139.4665163888889">
<ele>11</ele>
</trkpt>
<trkpt lat="36.01521916666667" lon="139.4665613888889">
<ele>11</ele>
</trkpt>
<trkpt lat="36.01524555555556" lon="139.4666063888889">
<ele>11</ele>
</trkpt>
<trkpt lat="36.01527166666666" lon="139.4666513888889">
<ele>11</ele>
</trkpt>
<trkpt lat="36.015298055555554" lon="139.4666963888889">
<ele>11</ele>
</trkpt>
<trkpt lat="36.015324444444445" lon="139.46674166666668">
<ele>11</ele>
</trkpt>
<trkpt lat="36.01535055555556" lon="139.46678666666668">
<ele>11</ele>
</trkpt>
<trkpt lat="36.01537694444445" lon="139.46683166666668">
<ele>11</ele>
</trkpt>
<trkpt lat="36.01540305555555" lon="139.46687666666668">
<ele>11</ele>
</trkpt>
<trkpt lat="36.01542944444444" lon="139.46692166666668">
<ele>11</ele>
</trkpt>
<trkpt lat="36.015455555555555" lon="139.46696666666668">
<ele>11</ele>
</trkpt>
<trkpt lat="36.015481944444446" lon="139.46701166666668">
<ele>11</ele>
</trkpt>
<trkpt lat="36.01550833333334" lon="139.46705694444444">
<ele>11</ele>
</trkpt>
<trkpt lat="36.01553444444444" lon="139.46710194444444">
<ele>11</ele>
</trkpt>
<trkpt lat="36.01556083333333" lon="139.46714694444444">
<ele>11</ele>
</trkpt>
<trkpt lat="36.01557416666667" lon="139.46716972222222">
<ele>11</ele>
</trkpt>
<trkpt lat="36.01557416666667" lon="139.46716972222222">
<ele>11</ele>
</trkpt>
<trkpt lat="36.01559777777778" lon="139.46721694444443">
<ele>11</ele>
</trkpt>
<trkpt lat="36.01562166666667" lon="139.46726388888888">
<ele>11</ele>
</trkpt>
<trkpt lat="36.01564555555556" lon="139.46731111111112">
<ele>11</ele>
</trkpt>
<trkpt lat="36.01566944444444" lon="139.46735805555556">
<ele>11</ele>
</trkpt>
<trkpt lat="36.01569305555556" lon="139.46740527777777">
<ele>11</ele>
</trkpt>
<trkpt lat="36.01571694444444" lon="139.46745222222222">
<ele>11</ele>
</trkpt>
<trkpt lat="36.01574083333333" lon="139.46749944444446">
<ele>11</ele>
</trkpt>
<trkpt lat="36.01576444444444" lon="139.46754638888888">
<ele>11</ele>
</trkpt>
<trkpt lat="36.01578833333333" lon="139.4675936111111">
<ele>11</ele>
</trkpt>
<trkpt lat="36.01581222222222" lon="139.46764055555556">
<ele>11</ele>
</trkpt>
<trkpt lat="36.015835833333334" lon="139.46768777777777">
<ele>11</ele>
</trkpt>
<trkpt lat="36.015859722222224" lon="139.46773472222222">
<ele>11</ele>
</trkpt>
<trkpt lat="36.015883611111114" lon="139.46778194444445">
<ele>11</ele>
</trkpt>
<trkpt lat="36.0159075" lon="139.46782916666666">
<ele>11</ele>
</trkpt>
<trkpt lat="36.01593111111111" lon="139.4678761111111">
<ele>11</ele>
</trkpt>
<trkpt lat="36.015955" lon="139.46792333333335">
<ele>11</ele>
</trkpt>
<trkpt lat="36.01597888888889" lon="139.46797027777777">
<ele>11</ele>
</trkpt>
<trkpt lat="36.0160025" lon="139.4680175">
<ele>11</ele>
</trkpt>
<trkpt lat="36.01602638888889" lon="139.46806444444445">
<ele>11</ele>
</trkpt>
<trkpt lat="36.01605027777778" lon="139.46811166666666">
<ele>11</ele>
</trkpt>
<trkpt lat="36.01605138888889" lon="139.4681138888889">
<ele>11</ele>
</trkpt>
<trkpt lat="36.01605138888889" lon="139.4681138888889">
<ele>11</ele>
</trkpt>
<trkpt lat="36.01608083333333" lon="139.46815583333333">
<ele>11</ele>
</trkpt>
<trkpt lat="36.01611055555556" lon="139.4681975">
<ele>11</ele>
</trkpt>
<trkpt lat="36.01614" lon="139.46823916666668">
<ele>11</ele>
</trkpt>
<trkpt lat="36.01616972222222" lon="139.4682811111111">
<ele>11</ele>
</trkpt>
<trkpt lat="36.01619916666667" lon="139.4683227777778">
<ele>11</ele>
</trkpt>
<trkpt lat="36.01620333333333" lon="139.4683286111111">
<ele>11</ele>
</trkpt>
<trkpt lat="36.01620333333333" lon="139.4683286111111">
<ele>11</ele>
</trkpt>
<trkpt lat="36.01624388888889" lon="139.46835222222222">
<ele>11</ele>
</trkpt>
<trkpt lat="36.016284444444445" lon="139.4683761111111">
<ele>11</ele>
</trkpt>
<trkpt lat="36.016325" lon="139.46839972222222">
<ele>11</ele>
</trkpt>
<trkpt lat="36.01636555555555" lon="139.46842361111112">
<ele>11</ele>
</trkpt>
<trkpt lat="36.01640611111111" lon="139.4684472222222">
<ele>11</ele>
</trkpt>
<trkpt lat="36.016446944444446" lon="139.4684711111111">
<ele>11</ele>
</trkpt>
<trkpt lat="36.0164875" lon="139.46849472222223">
<ele>11</ele>
</trkpt>
<trkpt lat="36.016528055555554" lon="139.4685186111111">
<ele>11</ele>
</trkpt>
<trkpt lat="36.01656861111111" lon="139.46854222222223">
<ele>11</ele>
</trkpt>
<trkpt lat="36.01660916666667" lon="139.4685661111111">
<ele>11</ele>
</trkpt>
<trkpt lat="36.01664972222222" lon="139.46858972222222">
<ele>11</ele>
</trkpt>
<trkpt lat="36.016689166666666" lon="139.46861277777776">
<ele>11</ele>
</trkpt>
<trkpt lat="36.016689166666666" lon="139.46861277777776">
<ele>11</ele>
</trkpt>
<trkpt lat="36.01671694444445" lon="139.4686563888889">
<ele>11</ele>
</trkpt>
<trkpt lat="36.01674472222222" lon="139.46870027777777">
<ele>11</ele>
</trkpt>
<trkpt lat="36.0167725" lon="139.4687438888889">
<ele>11</ele>
</trkpt>
<trkpt lat="36.0168" lon="139.4687875">
<ele>11</ele>
</trkpt>
<trkpt lat="36.01682777777778" lon="139.4688313888889">
<ele>11</ele>
</trkpt>
<trkpt lat="36.01685555555556" lon="139.468875">
<ele>11</ele>
</trkpt>
<trkpt lat="36.01688333333333" lon="139.46891861111112">
<ele>11</ele>
</trkpt>
<trkpt lat="36.01691111111111" lon="139.4689625">
<ele>11</ele>
</trkpt>
<trkpt lat="36.01693861111111" lon="139.4690061111111">
<ele>11</ele>
</trkpt>
<trkpt lat="36.01696638888889" lon="139.46904972222222">
<ele>11</ele>
</trkpt>
<trkpt lat="36.01699416666667" lon="139.46909333333332">
<ele>11</ele>
</trkpt>
<trkpt lat="36.017021944444444" lon="139.46913722222223">
<ele>11</ele>
</trkpt>
<trkpt lat="36.017049444444446" lon="139.46918083333333">
<ele>11</ele>
</trkpt>
<trkpt lat="36.01707722222222" lon="139.46922444444445">
<ele>11</ele>
</trkpt>
<trkpt lat="36.017105" lon="139.46926833333333">
<ele>11</ele>
</trkpt>
<trkpt lat="36.017132777777775" lon="139.46931194444446">
<ele>11</ele>
</trkpt>
<trkpt lat="36.017160555555556" lon="139.46935555555555">
<ele>11</ele>
</trkpt>
<trkpt lat="36.01718805555556" lon="139.46939944444443">
<ele>11</ele>
</trkpt>
<trkpt lat="36.01721" lon="139.4694336111111">
<ele>11</ele>
</trkpt>
<trkpt lat="36.01721" lon="139.4694336111111">
<ele>11</ele>
</trkpt>
<trkpt lat="36.01723277777778" lon="139.46948138888888">
<ele>11</ele>
</trkpt>
<trkpt lat="36.01725527777778" lon="139.46952944444445">
<ele>11</ele>
</trkpt>
<trkpt lat="36.01727805555556" lon="139.46957722222223">
<ele>11</ele>
</trkpt>
<trkpt lat="36.01730083333333" lon="139.469625">
<ele>11</ele>
</trkpt>
<trkpt lat="36.01732361111111" lon="139.46967305555555">
<ele>11</ele>
</trkpt>
<trkpt lat="36.01734638888889" lon="139.46972083333333">
<ele>11</ele>
</trkpt>
<trkpt lat="36.01736916666667" lon="139.4697686111111">
<ele>11</ele>
</trkpt>
<trkpt lat="36.01739194444445" lon="139.46981666666667">
<ele>11</ele>
</trkpt>
<trkpt lat="36.01741472222222" lon="139.46986444444445">
<ele>11</ele>
</trkpt>
<trkpt lat="36.0174375" lon="139.46991222222223">
<ele>11</ele>
</trkpt>
<trkpt lat="36.01746027777778" lon="139.46996027777777">
<ele>11</ele>
</trkpt>
<trkpt lat="36.01748305555556" lon="139.47000805555555">
<ele>11</ele>
</trkpt>
<trkpt lat="36.01750555555556" lon="139.47005611111112">
<ele>11</ele>
</trkpt>
<trkpt lat="36.01752833333333" lon="139.4701038888889">
<ele>11</ele>
</trkpt>
<trkpt lat="36.01755111111111" lon="139.47015166666668">
<ele>11</ele>
</trkpt>
<trkpt lat="36.01757388888889" lon="139.47019972222222">
<ele>11</ele>
</trkpt>
<trkpt lat="36.01759666666667" lon="139.4702475">
<ele>11</ele>
</trkpt>
<trkpt lat="36.01761944444444" lon="139.47029527777778">
<ele>11</ele>
</trkpt>
<trkpt lat="36.01764222222222" lon="139.47034333333335">
<ele>11</ele>
</trkpt>
<trkpt lat="36.017665" lon="139.4703911111111">
<ele>11</ele>
</trkpt>
<trkpt lat="36.01768777777778" lon="139.47043888888888">
<ele>11</ele>
</trkpt>
<trkpt lat="36.01771055555555" lon="139.47048694444445">
<ele>11</ele>
</trkpt>
<trkpt lat="36.01773333333333" lon="139.47053472222223">
<ele>11</ele>
</trkpt>
<trkpt lat="36.01775611111111" lon="139.47058277777776">
<ele>11</ele>
</trkpt>
<trkpt lat="36.01777861111111" lon="139.47063055555554">
<ele>11</ele>
</trkpt>
<trkpt lat="36.01780138888889" lon="139.47067833333332">
<ele>11</ele>
</trkpt>
<trkpt lat="36.017824166666664" lon="139.4707263888889">
<ele>11</ele>
</trkpt>
<trkpt lat="36.01784694444444" lon="139.47077416666667">
<ele>11</ele>
</trkpt>
<trkpt lat="36.017865" lon="139.47081222222224">
<ele>11</ele>
</trkpt>
<trkpt lat="36.017865" lon="139.47081222222224">
<ele>11</ele>
</trkpt>
<trkpt lat="36.017914166666664" lon="139.47079472222222">
<ele>11</ele>
</trkpt>
<trkpt lat="36.017963611111114" lon="139.4707772222222">
<ele>11</ele>
</trkpt>
<trkpt lat="36.01801277777778" lon="139.47075972222223">
<ele>10</ele>
</trkpt>
<trkpt lat="36.01806194444445" lon="139.4707422222222">
<ele>10</ele>
</trkpt>
<trkpt lat="36.01811111111111" lon="139.47072472222223">
<ele>10</ele>
</trkpt>
<trkpt lat="36.01816027777778" lon="139.47070722222222">
<ele>10</ele>
</trkpt>
<trkpt lat="36.018209444444445" lon="139.47068972222223">
<ele>10</ele>
</trkpt>
<trkpt lat="36.01825888888889" lon="139.47067222222222">
<ele>10</ele>
</trkpt>
<trkpt lat="36.01830805555556" lon="139.47065472222224">
<ele>10</ele>
</trkpt>
<trkpt lat="36.01835722222222" lon="139.47063722222222">
<ele>11</ele>
</trkpt>
<trkpt lat="36.01840638888889" lon="139.4706197222222">
<ele>11</ele>
</trkpt>
<trkpt lat="36.018455555555555" lon="139.47060222222223">
<ele>11</ele>
</trkpt>
<trkpt lat="36.018504722222225" lon="139.4705847222222">
<ele>11</ele>
</trkpt>
<trkpt lat="36.01855416666667" lon="139.47056722222223">
<ele>11</ele>
</trkpt>
<trkpt lat="36.01860333333333" lon="139.47054972222222">
<ele>11</ele>
</trkpt>
<trkpt lat="36.0186525" lon="139.47053222222223">
<ele>11</ele>
</trkpt>
<trkpt lat="36.018701666666665" lon="139.47051472222222">
<ele>11</ele>
</trkpt>
<trkpt lat="36.018750833333335" lon="139.47049722222224">
<ele>11</ele>
</trkpt>
<trkpt lat="36.0188" lon="139.47047972222222">
<ele>11</ele>
</trkpt>
<trkpt lat="36.01884944444444" lon="139.4704622222222">
<ele>11</ele>
</trkpt>
<trkpt lat="36.01889861111111" lon="139.47044472222223">
<ele>12</ele>
</trkpt>
<trkpt lat="36.018947777777775" lon="139.4704272222222">
<ele>12</ele>
</trkpt>
<trkpt lat="36.018996944444446" lon="139.47040972222223">
<ele>12</ele>
</trkpt>
<trkpt lat="36.01904611111111" lon="139.47039222222222">
<ele>12</ele>
</trkpt>
<trkpt lat="36.01909527777778" lon="139.47037472222223">
<ele>12</ele>
</trkpt>
<trkpt lat="36.01914472222222" lon="139.47035722222222">
<ele>12</ele>
</trkpt>
<trkpt lat="36.019193888888886" lon="139.47033944444445">
<ele>12</ele>
</trkpt>
<trkpt lat="36.019243055555556" lon="139.47032194444444">
<ele>12</ele>
</trkpt>
<trkpt lat="36.01929222222222" lon="139.47030444444445">
<ele>12</ele>
</trkpt>
<trkpt lat="36.01934138888889" lon="139.47028694444444">
<ele>13</ele>
</trkpt>
<trkpt lat="36.01939055555555" lon="139.47026944444445">
<ele>13</ele>
</trkpt>
<trkpt lat="36.019439722222224" lon="139.47025194444444">
<ele>13</ele>
</trkpt>
<trkpt lat="36.019489166666666" lon="139.47023444444446">
<ele>13</ele>
</trkpt>
<trkpt lat="36.01953833333334" lon="139.47021694444445">
<ele>13</ele>
</trkpt>
<trkpt lat="36.0195875" lon="139.47019944444443">
<ele>13</ele>
</trkpt>
<trkpt lat="36.01963666666666" lon="139.47018194444445">
<ele>13</ele>
</trkpt>
<trkpt lat="36.019685833333334" lon="139.47016444444444">
<ele>13</ele>
</trkpt>
<trkpt lat="36.019735" lon="139.47014694444445">
<ele>13</ele>
</trkpt>
<trkpt lat="36.01974388888889" lon="139.47014388888888">
<ele>13</ele>
</trkpt>
<trkpt lat="36.019753055555555" lon="139.47018194444445">
<ele>13</ele>
</trkpt>
<trkpt lat="36.01976888888889" lon="139.47025694444446">
<ele>13</ele>
</trkpt>
<trkpt lat="36.019911111111114" lon="139.47060694444446">
<ele>13</ele>
</trkpt>
<trkpt lat="36.02026111111111" lon="139.47138194444443">
<ele>13</ele>
</trkpt>
<trkpt lat="36.020378055555554" lon="139.47178194444444">
<ele>13</ele>
</trkpt>
<trkpt lat="36.02051888888889" lon="139.47264388888888">
<ele>12</ele>
</trkpt>
<trkpt lat="36.02064388888889" lon="139.4735188888889">
<ele>11</ele>
</trkpt>
<trkpt lat="36.02075111111111" lon="139.47422694444444">
<ele>11</ele>
</trkpt>
<trkpt lat="36.02075111111111" lon="139.47422694444444">
<ele>11</ele>
</trkpt>
<trkpt lat="36.02077805555555" lon="139.47440694444444">
<ele>11</ele>
</trkpt>
<trkpt lat="36.02083611111111" lon="139.47456888888888">
<ele>11</ele>
</trkpt>
<trkpt lat="36.02089388888889" lon="139.47480694444445">
<ele>11</ele>
</trkpt>
<trkpt lat="36.02126111111111" lon="139.4758811111111">
<ele>11</ele>
</trkpt>
<trkpt lat="36.02139388888889" lon="139.4761311111111">
<ele>11</ele>
</trkpt>
<trkpt lat="36.021453055555554" lon="139.4762438888889">
<ele>11</ele>
</trkpt>
<trkpt lat="36.02155305555556" lon="139.47638111111112">
<ele>10</ele>
</trkpt>
<trkpt lat="36.02204388888889" lon="139.47719388888888">
<ele>10</ele>
</trkpt>
<trkpt lat="36.02213611111111" lon="139.47728111111113">
<ele>10</ele>
</trkpt>
<trkpt lat="36.02216694444444" lon="139.4775461111111">
<ele>10</ele>
</trkpt>
<trkpt lat="36.02216694444444" lon="139.4775461111111">
<ele>10</ele>
</trkpt>
<trkpt lat="36.02221111111111" lon="139.4779311111111">
<ele>10</ele>
</trkpt>
<trkpt lat="36.02223611111111" lon="139.4781311111111">
<ele>10</ele>
</trkpt>
<trkpt lat="36.02227805555555" lon="139.4784811111111">
<ele>10</ele>
</trkpt>
<trkpt lat="36.02233611111111" lon="139.4790561111111">
<ele>10</ele>
</trkpt>
<trkpt lat="36.022353055555556" lon="139.47923111111112">
<ele>11</ele>
</trkpt>
<trkpt lat="36.02236111111111" lon="139.4792811111111">
<ele>11</ele>
</trkpt>
<trkpt lat="36.022378055555556" lon="139.47944305555555">
<ele>11</ele>
</trkpt>
<trkpt lat="36.022378055555556" lon="139.4797561111111">
<ele>13</ele>
</trkpt>
<trkpt lat="36.02233611111111" lon="139.4799561111111">
<ele>14</ele>
</trkpt>
<trkpt lat="36.02229388888889" lon="139.4801061111111">
<ele>13</ele>
</trkpt>
<trkpt lat="36.02247805555555" lon="139.48021805555555">
<ele>14</ele>
</trkpt>
<trkpt lat="36.02254388888889" lon="139.48021805555555">
<ele>14</ele>
</trkpt>
<trkpt lat="36.022663888888886" lon="139.48017694444445">
<ele>14</ele>
</trkpt>
<trkpt lat="36.022663888888886" lon="139.48017694444445">
<ele>14</ele>
</trkpt>
<trkpt lat="36.02276111111111" lon="139.48014305555554">
<ele>13</ele>
</trkpt>
<trkpt lat="36.023176944444444" lon="139.48014305555554">
<ele>13</ele>
</trkpt>
<trkpt lat="36.023451944444446" lon="139.48016805555557">
<ele>14</ele>
</trkpt>
<trkpt lat="36.02351888888889" lon="139.4801811111111">
<ele>14</ele>
</trkpt>
<trkpt lat="36.02396111111111" lon="139.4800811111111">
<ele>12</ele>
</trkpt>
<trkpt lat="36.02396611111111" lon="139.48008">
<ele>12</ele>
</trkpt>
<trkpt lat="36.02396611111111" lon="139.48008">
<ele>12</ele>
</trkpt>
<trkpt lat="36.024007777777776" lon="139.48010055555557">
<ele>12</ele>
</trkpt>
<trkpt lat="36.024049444444444" lon="139.48012111111112">
<ele>13</ele>
</trkpt>
<trkpt lat="36.02409111111111" lon="139.48014194444445">
<ele>13</ele>
</trkpt>
<trkpt lat="36.02413305555555" lon="139.4801625">
<ele>12</ele>
</trkpt>
<trkpt lat="36.02417472222222" lon="139.48018305555556">
<ele>12</ele>
</trkpt>
<trkpt lat="36.02417833333333" lon="139.480185">
<ele>12</ele>
</trkpt>
<trkpt lat="36.02417833333333" lon="139.480185">
<ele>12</ele>
</trkpt>
<trkpt lat="36.024213055555556" lon="139.4802202777778">
<ele>12</ele>
</trkpt>
<trkpt lat="36.02424777777778" lon="139.48025583333333">
<ele>12</ele>
</trkpt>
<trkpt lat="36.02428222222222" lon="139.48029111111111">
<ele>12</ele>
</trkpt>
<trkpt lat="36.02431694444444" lon="139.4803263888889">
<ele>12</ele>
</trkpt>
<trkpt lat="36.02435138888889" lon="139.48036194444444">
<ele>12</ele>
</trkpt>
<trkpt lat="36.02438611111111" lon="139.48039722222222">
<ele>12</ele>
</trkpt>
<trkpt lat="36.02442083333333" lon="139.48043277777776">
<ele>12</ele>
</trkpt>
<trkpt lat="36.024455277777776" lon="139.48046805555555">
<ele>12</ele>
</trkpt>
<trkpt lat="36.02449" lon="139.48050361111112">
<ele>12</ele>
</trkpt>
<trkpt lat="36.024524444444445" lon="139.4805388888889">
<ele>12</ele>
</trkpt>
<trkpt lat="36.02455916666667" lon="139.48057444444444">
<ele>12</ele>
</trkpt>
<trkpt lat="36.02459361111111" lon="139.48060972222223">
<ele>12</ele>
</trkpt>
<trkpt lat="36.02462833333333" lon="139.480645">
<ele>12</ele>
</trkpt>
<trkpt lat="36.02466305555556" lon="139.48068055555555">
<ele>13</ele>
</trkpt>
<trkpt lat="36.0246975" lon="139.48071583333333">
<ele>12</ele>
</trkpt>
<trkpt lat="36.02473222222222" lon="139.48075138888888">
<ele>12</ele>
</trkpt>
<trkpt lat="36.024766666666665" lon="139.48078666666666">
<ele>13</ele>
</trkpt>
<trkpt lat="36.02480138888889" lon="139.48082222222223">
<ele>12</ele>
</trkpt>
<trkpt lat="36.024836111111114" lon="139.4808575">
<ele>12</ele>
</trkpt>
<trkpt lat="36.02487055555556" lon="139.48089277777777">
<ele>13</ele>
</trkpt>
<trkpt lat="36.024905277777776" lon="139.48092833333334">
<ele>12</ele>
</trkpt>
<trkpt lat="36.02493972222222" lon="139.48096361111112">
<ele>12</ele>
</trkpt>
<trkpt lat="36.024974444444446" lon="139.48099916666666">
<ele>12</ele>
</trkpt>
<trkpt lat="36.02500916666666" lon="139.48103444444445">
<ele>12</ele>
</trkpt>
<trkpt lat="36.02504361111111" lon="139.48107">
<ele>12</ele>
</trkpt>
<trkpt lat="36.02507833333333" lon="139.48110527777777">
<ele>12</ele>
</trkpt>
<trkpt lat="36.02511277777778" lon="139.48114055555556">
<ele>12</ele>
</trkpt>
<trkpt lat="36.0251475" lon="139.48117611111113">
<ele>12</ele>
</trkpt>
<trkpt lat="36.02518222222222" lon="139.48121138888888">
<ele>12</ele>
</trkpt>
<trkpt lat="36.02518277777778" lon="139.4812122222222">
<ele>12</ele>
</trkpt>
<trkpt lat="36.02518277777778" lon="139.4812122222222">
<ele>12</ele>
</trkpt>
<trkpt lat="36.025217222222224" lon="139.48124777777778">
<ele>13</ele>
</trkpt>
<trkpt lat="36.02525194444444" lon="139.48128333333332">
<ele>12</ele>
</trkpt>
<trkpt lat="36.02528638888889" lon="139.4813188888889">
<ele>12</ele>
</trkpt>
<trkpt lat="36.02532083333333" lon="139.48135416666668">
<ele>13</ele>
</trkpt>
<trkpt lat="36.02535555555556" lon="139.48138972222222">
<ele>12</ele>
</trkpt>
<trkpt lat="36.02539" lon="139.4814252777778">
<ele>12</ele>
</trkpt>
<trkpt lat="36.02542444444445" lon="139.48146083333333">
<ele>13</ele>
</trkpt>
<trkpt lat="36.025459166666664" lon="139.4814963888889">
<ele>13</ele>
</trkpt>
<trkpt lat="36.02549361111111" lon="139.48153194444444">
<ele>13</ele>
</trkpt>
<trkpt lat="36.025528055555554" lon="139.4815675">
<ele>13</ele>
</trkpt>
<trkpt lat="36.0255625" lon="139.48160277777777">
<ele>13</ele>
</trkpt>
<trkpt lat="36.025597222222224" lon="139.48163833333334">
<ele>13</ele>
</trkpt>
<trkpt lat="36.02563166666667" lon="139.48167388888888">
<ele>14</ele>
</trkpt>
<trkpt lat="36.025666111111114" lon="139.48170944444445">
<ele>14</ele>
</trkpt>
<trkpt lat="36.02568611111111" lon="139.48173">
<ele>13</ele>
</trkpt>
<trkpt lat="36.02568611111111" lon="139.48173">
<ele>13</ele>
</trkpt>
<trkpt lat="36.02572444444444" lon="139.4817586111111">
<ele>13</ele>
</trkpt>
<trkpt lat="36.02576305555556" lon="139.4817872222222">
<ele>14</ele>
</trkpt>
<trkpt lat="36.02580138888889" lon="139.48181583333334">
<ele>13</ele>
</trkpt>
<trkpt lat="36.02584" lon="139.48184444444445">
<ele>13</ele>
</trkpt>
<trkpt lat="36.02587833333333" lon="139.48187305555555">
<ele>13</ele>
</trkpt>
<trkpt lat="36.02591694444445" lon="139.48190194444445">
<ele>13</ele>
</trkpt>
<trkpt lat="36.025955277777776" lon="139.48193055555555">
<ele>13</ele>
</trkpt>
<trkpt lat="36.02599388888889" lon="139.48195916666666">
<ele>13</ele>
</trkpt>
<trkpt lat="36.02603222222222" lon="139.4819877777778">
<ele>13</ele>
</trkpt>
<trkpt lat="36.026070833333335" lon="139.4820163888889">
<ele>13</ele>
</trkpt>
<trkpt lat="36.026109166666664" lon="139.4820452777778">
<ele>13</ele>
</trkpt>
<trkpt lat="36.02614777777778" lon="139.4820738888889">
<ele>13</ele>
</trkpt>
<trkpt lat="36.02618611111111" lon="139.4821025">
<ele>13</ele>
</trkpt>
<trkpt lat="36.026224722222224" lon="139.4821311111111">
<ele>13</ele>
</trkpt>
<trkpt lat="36.02626305555555" lon="139.48215972222224">
<ele>13</ele>
</trkpt>
<trkpt lat="36.02630166666667" lon="139.48218833333334">
<ele>13</ele>
</trkpt>
<trkpt lat="36.02634" lon="139.48221722222223">
<ele>13</ele>
</trkpt>
<trkpt lat="36.02637861111111" lon="139.48224583333334">
<ele>13</ele>
</trkpt>
<trkpt lat="36.02641694444444" lon="139.48227444444444">
<ele>13</ele>
</trkpt>
<trkpt lat="36.02645555555556" lon="139.48230305555555">
<ele>13</ele>
</trkpt>
<trkpt lat="36.026493888888886" lon="139.48233166666665">
<ele>13</ele>
</trkpt>
<trkpt lat="36.0265325" lon="139.4823602777778">
<ele>14</ele>
</trkpt>
<trkpt lat="36.02657083333333" lon="139.48238916666668">
<ele>13</ele>
</trkpt>
<trkpt lat="36.026609444444446" lon="139.48241777777778">
<ele>13</ele>
</trkpt>
<trkpt lat="36.026647777777775" lon="139.4824463888889">
<ele>14</ele>
</trkpt>
<trkpt lat="36.02668638888889" lon="139.482475">
<ele>13</ele>
</trkpt>
<trkpt lat="36.02672472222222" lon="139.4825036111111">
<ele>13</ele>
</trkpt>
<trkpt lat="36.026736666666665" lon="139.4825125">
<ele>13</ele>
</trkpt>
<trkpt lat="36.026736666666665" lon="139.4825125">
<ele>13</ele>
</trkpt>
<trkpt lat="36.02680027777778" lon="139.48255666666665">
<ele>13</ele>
</trkpt>
<trkpt lat="36.02686361111111" lon="139.48260055555556">
<ele>13</ele>
</trkpt>
<trkpt lat="36.02692722222222" lon="139.48264472222223">
<ele>13</ele>
</trkpt>
<trkpt lat="36.02699055555556" lon="139.48268861111112">
<ele>13</ele>
</trkpt>
<trkpt lat="36.027054166666666" lon="139.48273277777778">
<ele>13</ele>
</trkpt>
<trkpt lat="36.0271175" lon="139.48277694444445">
<ele>12</ele>
</trkpt>
<trkpt lat="36.02718111111111" lon="139.48282083333334">
<ele>12</ele>
</trkpt>
<trkpt lat="36.02724444444444" lon="139.482865">
<ele>12</ele>
</trkpt>
<trkpt lat="36.02730805555556" lon="139.4829088888889">
<ele>12</ele>
</trkpt>
<trkpt lat="36.02737138888889" lon="139.48295305555556">
<ele>12</ele>
</trkpt>
<trkpt lat="36.027435" lon="139.48299694444444">
<ele>12</ele>
</trkpt>
<trkpt lat="36.027498333333334" lon="139.4830411111111">
<ele>12</ele>
</trkpt>
<trkpt lat="36.02756194444444" lon="139.483085">
<ele>11</ele>
</trkpt>
<trkpt lat="36.02762527777778" lon="139.48312916666666">
<ele>11</ele>
</trkpt>
<trkpt lat="36.02768888888889" lon="139.48317333333333">
<ele>11</ele>
</trkpt>
<trkpt lat="36.02775222222222" lon="139.4832172222222">
<ele>11</ele>
</trkpt>
<trkpt lat="36.027815833333335" lon="139.48326138888888">
<ele>11</ele>
</trkpt>
<trkpt lat="36.027879444444444" lon="139.4833052777778">
<ele>11</ele>
</trkpt>
<trkpt lat="36.02794277777778" lon="139.48334944444446">
<ele>11</ele>
</trkpt>
<trkpt lat="36.02800638888889" lon="139.48339333333334">
<ele>11</ele>
</trkpt>
<trkpt lat="36.02806972222222" lon="139.4834375">
<ele>11</ele>
</trkpt>
<trkpt lat="36.02813333333334" lon="139.48348166666668">
<ele>11</ele>
</trkpt>
<trkpt lat="36.028196666666666" lon="139.48352555555556">
<ele>11</ele>
</trkpt>
<trkpt lat="36.028260277777775" lon="139.48356972222223">
<ele>11</ele>
</trkpt>
<trkpt lat="36.02832361111111" lon="139.4836136111111">
<ele>11</ele>
</trkpt>
<trkpt lat="36.02838722222222" lon="139.48365777777778">
<ele>11</ele>
</trkpt>
<trkpt lat="36.02845055555556" lon="139.48370166666666">
<ele>11</ele>
</trkpt>
<trkpt lat="36.02851416666667" lon="139.48374583333333">
<ele>11</ele>
</trkpt>
<trkpt lat="36.0285775" lon="139.4837897222222">
<ele>11</ele>
</trkpt>
<trkpt lat="36.028641111111114" lon="139.48383388888888">
<ele>11</ele>
</trkpt>
<trkpt lat="36.02870444444444" lon="139.48387805555555">
<ele>11</ele>
</trkpt>
<trkpt lat="36.02876805555555" lon="139.48392194444443">
<ele>11</ele>
</trkpt>
<trkpt lat="36.02883138888889" lon="139.4839661111111">
<ele>11</ele>
</trkpt>
<trkpt lat="36.028895" lon="139.48401">
<ele>11</ele>
</trkpt>
<trkpt lat="36.028958333333335" lon="139.48405416666665">
<ele>11</ele>
</trkpt>
<trkpt lat="36.029021944444445" lon="139.48409805555556">
<ele>11</ele>
</trkpt>
<trkpt lat="36.029085277777774" lon="139.48414222222223">
<ele>11</ele>
</trkpt>
<trkpt lat="36.02914888888889" lon="139.48418611111111">
<ele>11</ele>
</trkpt>
<trkpt lat="36.02914888888889" lon="139.48418611111111">
<ele>11</ele>
</trkpt>
<trkpt lat="36.02919416666667" lon="139.48420472222222">
<ele>11</ele>
</trkpt>
<trkpt lat="36.02923972222222" lon="139.48422305555556">
<ele>12</ele>
</trkpt>
<trkpt lat="36.02928527777778" lon="139.48424138888888">
<ele>12</ele>
</trkpt>
<trkpt lat="36.02933055555555" lon="139.48425972222222">
<ele>12</ele>
</trkpt>
<trkpt lat="36.02937611111111" lon="139.48427805555556">
<ele>12</ele>
</trkpt>
<trkpt lat="36.02942138888889" lon="139.48429638888888">
<ele>12</ele>
</trkpt>
<trkpt lat="36.029466944444444" lon="139.48431472222222">
<ele>12</ele>
</trkpt>
<trkpt lat="36.02951222222222" lon="139.48433305555557">
<ele>12</ele>
</trkpt>
<trkpt lat="36.029557777777775" lon="139.48435138888888">
<ele>12</ele>
</trkpt>
<trkpt lat="36.029603333333334" lon="139.48436972222223">
<ele>12</ele>
</trkpt>
<trkpt lat="36.029648611111114" lon="139.48438805555554">
<ele>12</ele>
</trkpt>
<trkpt lat="36.029694166666665" lon="139.48440638888889">
<ele>12</ele>
</trkpt>
<trkpt lat="36.029739444444445" lon="139.48442472222223">
<ele>12</ele>
</trkpt>
<trkpt lat="36.029785" lon="139.48444305555554">
<ele>12</ele>
</trkpt>
<trkpt lat="36.029830277777776" lon="139.4844613888889">
<ele>12</ele>
</trkpt>
<trkpt lat="36.029875833333335" lon="139.48448">
<ele>12</ele>
</trkpt>
<trkpt lat="36.02992138888889" lon="139.48449833333333">
<ele>12</ele>
</trkpt>
<trkpt lat="36.02996666666667" lon="139.48451666666668">
<ele>12</ele>
</trkpt>
<trkpt lat="36.030012222222226" lon="139.484535">
<ele>12</ele>
</trkpt>
<trkpt lat="36.0300575" lon="139.48455333333334">
<ele>12</ele>
</trkpt>
<trkpt lat="36.03010305555556" lon="139.48457166666665">
<ele>12</ele>
</trkpt>
<trkpt lat="36.03014861111111" lon="139.48459">
<ele>12</ele>
</trkpt>
<trkpt lat="36.03019388888889" lon="139.48460833333334">
<ele>12</ele>
</trkpt>
<trkpt lat="36.03023944444445" lon="139.48462666666666">
<ele>12</ele>
</trkpt>
<trkpt lat="36.03028472222222" lon="139.484645">
<ele>12</ele>
</trkpt>
<trkpt lat="36.03033027777778" lon="139.48466333333334">
<ele>12</ele>
</trkpt>
<trkpt lat="36.03037555555556" lon="139.48468166666666">
<ele>12</ele>
</trkpt>
<trkpt lat="36.03042111111111" lon="139.4847">
<ele>12</ele>
</trkpt>
<trkpt lat="36.03046666666667" lon="139.48471833333332">
<ele>12</ele>
</trkpt>
<trkpt lat="36.03051194444444" lon="139.48473666666666">
<ele>12</ele>
</trkpt>
<trkpt lat="36.0305575" lon="139.48475527777777">
<ele>12</ele>
</trkpt>
<trkpt lat="36.03060277777778" lon="139.4847736111111">
<ele>12</ele>
</trkpt>
<trkpt lat="36.03064833333333" lon="139.48479194444445">
<ele>12</ele>
</trkpt>
<trkpt lat="36.03069361111111" lon="139.48481027777777">
<ele>12</ele>
</trkpt>
<trkpt lat="36.03073916666666" lon="139.4848286111111">
<ele>12</ele>
</trkpt>
<trkpt lat="36.03078472222222" lon="139.48484694444446">
<ele>12</ele>
</trkpt>
<trkpt lat="36.03083" lon="139.48486527777777">
<ele>12</ele>
</trkpt>
<trkpt lat="36.03087555555555" lon="139.48488361111112">
<ele>12</ele>
</trkpt>
<trkpt lat="36.03087555555555" lon="139.48488361111112">
<ele>12</ele>
</trkpt>
<trkpt lat="36.03091916666666" lon="139.4848961111111">
<ele>12</ele>
</trkpt>
<trkpt lat="36.03096305555555" lon="139.48490833333332">
<ele>12</ele>
</trkpt>
<trkpt lat="36.03100694444444" lon="139.48492083333332">
<ele>12</ele>
</trkpt>
<trkpt lat="36.03105055555555" lon="139.48493305555556">
<ele>12</ele>
</trkpt>
<trkpt lat="36.03109444444444" lon="139.48494555555556">
<ele>12</ele>
</trkpt>
<trkpt lat="36.03113833333333" lon="139.48495777777777">
<ele>12</ele>
</trkpt>
<trkpt lat="36.03118194444444" lon="139.4849702777778">
<ele>12</ele>
</trkpt>
<trkpt lat="36.03122583333333" lon="139.4849825">
<ele>12</ele>
</trkpt>
<trkpt lat="36.03126944444445" lon="139.484995">
<ele>12</ele>
</trkpt>
<trkpt lat="36.03131333333334" lon="139.4850072222222">
<ele>12</ele>
</trkpt>
<trkpt lat="36.03135722222222" lon="139.48501972222223">
<ele>12</ele>
</trkpt>
<trkpt lat="36.031400833333336" lon="139.48503194444444">
<ele>12</ele>
</trkpt>
<trkpt lat="36.031444722222226" lon="139.48504444444444">
<ele>12</ele>
</trkpt>
<trkpt lat="36.03148861111111" lon="139.48505666666668">
<ele>12</ele>
</trkpt>
<trkpt lat="36.031532222222225" lon="139.48506916666668">
<ele>12</ele>
</trkpt>
<trkpt lat="36.031576111111114" lon="139.4850813888889">
<ele>12</ele>
</trkpt>
<trkpt lat="36.03162" lon="139.48509388888888">
<ele>12</ele>
</trkpt>
<trkpt lat="36.031663611111114" lon="139.48510611111112">
<ele>12</ele>
</trkpt>
<trkpt lat="36.0317075" lon="139.48511861111112">
<ele>12</ele>
</trkpt>
<trkpt lat="36.03175111111111" lon="139.48513083333333">
<ele>12</ele>
</trkpt>
<trkpt lat="36.031795" lon="139.48514333333333">
<ele>12</ele>
</trkpt>
<trkpt lat="36.03183888888889" lon="139.48515555555556">
<ele>12</ele>
</trkpt>
<trkpt lat="36.0318825" lon="139.48516805555556">
<ele>12</ele>
</trkpt>
<trkpt lat="36.03192638888889" lon="139.48518055555556">
<ele>12</ele>
</trkpt>
<trkpt lat="36.03197027777778" lon="139.48519277777777">
<ele>12</ele>
</trkpt>
<trkpt lat="36.03201388888889" lon="139.48520527777777">
<ele>12</ele>
</trkpt>
<trkpt lat="36.03205777777778" lon="139.4852175">
<ele>12</ele>
</trkpt>
<trkpt lat="36.03210166666667" lon="139.48523">
<ele>12</ele>
</trkpt>
<trkpt lat="36.03214527777778" lon="139.4852422222222">
<ele>12</ele>
</trkpt>
<trkpt lat="36.03218916666667" lon="139.4852547222222">
<ele>12</ele>
</trkpt>
<trkpt lat="36.03223277777778" lon="139.48526694444445">
<ele>12</ele>
</trkpt>
<trkpt lat="36.03227666666667" lon="139.48527944444444">
<ele>12</ele>
</trkpt>
<trkpt lat="36.03228111111111" lon="139.48528055555556">
<ele>12</ele>
</trkpt>
<trkpt lat="36.03228111111111" lon="139.48528055555556">
<ele>12</ele>
</trkpt>
<trkpt lat="36.0323225" lon="139.48530194444444">
<ele>12</ele>
</trkpt>
<trkpt lat="36.03236416666667" lon="139.48532305555557">
<ele>12</ele>
</trkpt>
<trkpt lat="36.032405555555556" lon="139.48534444444445">
<ele>12</ele>
</trkpt>
<trkpt lat="36.032446944444445" lon="139.48536555555555">
<ele>12</ele>
</trkpt>
<trkpt lat="36.03248861111111" lon="139.48538694444446">
<ele>12</ele>
</trkpt>
<trkpt lat="36.03253" lon="139.48540805555555">
<ele>12</ele>
</trkpt>
<trkpt lat="36.03257138888889" lon="139.48542944444443">
<ele>12</ele>
</trkpt>
<trkpt lat="36.03261305555556" lon="139.48545083333335">
<ele>12</ele>
</trkpt>
<trkpt lat="36.03265444444445" lon="139.48547194444444">
<ele>12</ele>
</trkpt>
<trkpt lat="36.032696111111115" lon="139.48549333333332">
<ele>12</ele>
</trkpt>
<trkpt lat="36.0327375" lon="139.48551444444445">
<ele>12</ele>
</trkpt>
<trkpt lat="36.03277888888889" lon="139.48553583333333">
<ele>12</ele>
</trkpt>
<trkpt lat="36.03282055555555" lon="139.48555694444445">
<ele>12</ele>
</trkpt>
<trkpt lat="36.03286194444444" lon="139.48557833333334">
<ele>12</ele>
</trkpt>
<trkpt lat="36.03290333333333" lon="139.48559944444443">
<ele>12</ele>
</trkpt>
<trkpt lat="36.032945" lon="139.48562083333334">
<ele>12</ele>
</trkpt>
<trkpt lat="36.03298638888889" lon="139.48564194444444">
<ele>12</ele>
</trkpt>
<trkpt lat="36.033028055555555" lon="139.48566333333332">
<ele>12</ele>
</trkpt>
<trkpt lat="36.03306944444444" lon="139.48568472222223">
<ele>12</ele>
</trkpt>
<trkpt lat="36.03311083333333" lon="139.48570583333333">
<ele>12</ele>
</trkpt>
<trkpt lat="36.0331525" lon="139.4857272222222">
<ele>12</ele>
</trkpt>
<trkpt lat="36.03319388888889" lon="139.48574833333333">
<ele>12</ele>
</trkpt>
<trkpt lat="36.03323527777778" lon="139.48576972222222">
<ele>12</ele>
</trkpt>
<trkpt lat="36.03324416666667" lon="139.48577416666666">
<ele>12</ele>
</trkpt>
<trkpt lat="36.03324416666667" lon="139.48577416666666">
<ele>12</ele>
</trkpt>
<trkpt lat="36.0332875" lon="139.4857888888889">
<ele>12</ele>
</trkpt>
<trkpt lat="36.03333083333333" lon="139.48580361111112">
<ele>12</ele>
</trkpt>
<trkpt lat="36.03337388888889" lon="139.48581833333333">
<ele>12</ele>
</trkpt>
<trkpt lat="36.03341722222222" lon="139.48583305555556">
<ele>12</ele>
</trkpt>
<trkpt lat="36.03346055555556" lon="139.48584777777776">
<ele>12</ele>
</trkpt>
<trkpt lat="36.03350388888889" lon="139.4858625">
<ele>12</ele>
</trkpt>
<trkpt lat="36.033547222222225" lon="139.48587722222223">
<ele>12</ele>
</trkpt>
<trkpt lat="36.033590555555556" lon="139.48589194444443">
<ele>12</ele>
</trkpt>
<trkpt lat="36.033633888888886" lon="139.48590666666666">
<ele>12</ele>
</trkpt>
<trkpt lat="36.033677222222224" lon="139.4859213888889">
<ele>12</ele>
</trkpt>
<trkpt lat="36.033720555555554" lon="139.4859361111111">
<ele>12</ele>
</trkpt>
<trkpt lat="36.03376388888889" lon="139.48595083333333">
<ele>12</ele>
</trkpt>
<trkpt lat="36.03380722222222" lon="139.48596555555557">
<ele>12</ele>
</trkpt>
<trkpt lat="36.03385027777778" lon="139.48598027777777">
<ele>12</ele>
</trkpt>
<trkpt lat="36.03389361111111" lon="139.485995">
<ele>12</ele>
</trkpt>
<trkpt lat="36.03393694444444" lon="139.48600972222224">
<ele>12</ele>
</trkpt>
<trkpt lat="36.03398027777778" lon="139.48602472222223">
<ele>12</ele>
</trkpt>
<trkpt lat="36.03402361111111" lon="139.48603944444446">
<ele>12</ele>
</trkpt>
<trkpt lat="36.03406694444445" lon="139.48605416666666">
<ele>12</ele>
</trkpt>
<trkpt lat="36.03411027777778" lon="139.4860688888889">
<ele>12</ele>
</trkpt>
<trkpt lat="36.03415361111111" lon="139.4860836111111">
<ele>12</ele>
</trkpt>
<trkpt lat="36.034196944444446" lon="139.48609833333333">
<ele>12</ele>
</trkpt>
<trkpt lat="36.034240277777776" lon="139.48611305555556">
<ele>13</ele>
</trkpt>
<trkpt lat="36.034283333333335" lon="139.48612777777777">
<ele>13</ele>
</trkpt>
<trkpt lat="36.034326666666665" lon="139.4861425">
<ele>13</ele>
</trkpt>
<trkpt lat="36.03437" lon="139.48615722222223">
<ele>13</ele>
</trkpt>
<trkpt lat="36.03441333333333" lon="139.48617194444444">
<ele>13</ele>
</trkpt>
<trkpt lat="36.034456666666664" lon="139.48618666666667">
<ele>13</ele>
</trkpt>
<trkpt lat="36.0345" lon="139.4862013888889">
<ele>13</ele>
</trkpt>
<trkpt lat="36.03454333333333" lon="139.4862161111111">
<ele>13</ele>
</trkpt>
<trkpt lat="36.03458666666667" lon="139.48623083333334">
<ele>13</ele>
</trkpt>
<trkpt lat="36.03463" lon="139.48624555555554">
<ele>13</ele>
</trkpt>
<trkpt lat="36.03467333333333" lon="139.48626027777777">
<ele>13</ele>
</trkpt>
<trkpt lat="36.03471638888889" lon="139.486275">
<ele>13</ele>
</trkpt>
<trkpt lat="36.03475972222222" lon="139.4862897222222">
<ele>13</ele>
</trkpt>
<trkpt lat="36.03480305555556" lon="139.48630444444444">
<ele>13</ele>
</trkpt>
<trkpt lat="36.03484638888889" lon="139.48631916666668">
<ele>13</ele>
</trkpt>
<trkpt lat="36.03488388888889" lon="139.48633194444446">
<ele>13</ele>
</trkpt>
<trkpt lat="36.03488388888889" lon="139.48633194444446">
<ele>13</ele>
</trkpt>
<trkpt lat="36.03492861111111" lon="139.48633833333332">
<ele>13</ele>
</trkpt>
<trkpt lat="36.034973055555554" lon="139.4863447222222">
<ele>13</ele>
</trkpt>
<trkpt lat="36.035017777777774" lon="139.4863511111111">
<ele>13</ele>
</trkpt>
<trkpt lat="36.03506222222222" lon="139.4863575">
<ele>13</ele>
</trkpt>
<trkpt lat="36.03510694444444" lon="139.4863638888889">
<ele>13</ele>
</trkpt>
<trkpt lat="36.035151666666664" lon="139.48637027777778">
<ele>13</ele>
</trkpt>
<trkpt lat="36.03519611111111" lon="139.48637666666667">
<ele>13</ele>
</trkpt>
<trkpt lat="36.03524083333333" lon="139.48638305555556">
<ele>13</ele>
</trkpt>
<trkpt lat="36.035285555555554" lon="139.48638944444446">
<ele>13</ele>
</trkpt>
<trkpt lat="36.03533" lon="139.48639555555556">
<ele>13</ele>
</trkpt>
<trkpt lat="36.03537472222222" lon="139.48640194444445">
<ele>13</ele>
</trkpt>
<trkpt lat="36.03541944444444" lon="139.48640833333334">
<ele>13</ele>
</trkpt>
<trkpt lat="36.03546388888889" lon="139.48641472222224">
<ele>13</ele>
</trkpt>
<trkpt lat="36.03550861111111" lon="139.4864211111111">
<ele>13</ele>
</trkpt>
<trkpt lat="36.03555305555555" lon="139.4864275">
<ele>13</ele>
</trkpt>
<trkpt lat="36.03559777777778" lon="139.48643388888888">
<ele>13</ele>
</trkpt>
<trkpt lat="36.0356425" lon="139.48644027777777">
<ele>13</ele>
</trkpt>
<trkpt lat="36.03568694444444" lon="139.48644666666667">
<ele>13</ele>
</trkpt>
<trkpt lat="36.03573166666666" lon="139.48645305555556">
<ele>13</ele>
</trkpt>
<trkpt lat="36.03577638888889" lon="139.48645944444445">
<ele>13</ele>
</trkpt>
<trkpt lat="36.03578611111111" lon="139.48646083333333">
<ele>13</ele>
</trkpt>
<trkpt lat="36.03578611111111" lon="139.48646083333333">
<ele>13</ele>
</trkpt>
<trkpt lat="36.035830555555556" lon="139.4864525">
<ele>13</ele>
</trkpt>
<trkpt lat="36.035875" lon="139.48644444444443">
<ele>13</ele>
</trkpt>
<trkpt lat="36.035919444444446" lon="139.48643611111112">
<ele>13</ele>
</trkpt>
<trkpt lat="36.03596388888889" lon="139.48642777777778">
<ele>13</ele>
</trkpt>
<trkpt lat="36.036008333333335" lon="139.48641972222222">
<ele>13</ele>
</trkpt>
<trkpt lat="36.036052777777776" lon="139.48641138888888">
<ele>13</ele>
</trkpt>
<trkpt lat="36.036097222222224" lon="139.48640333333333">
<ele>13</ele>
</trkpt>
<trkpt lat="36.036141666666666" lon="139.486395">
<ele>13</ele>
</trkpt>
<trkpt lat="36.036185833333334" lon="139.48638694444443">
<ele>13</ele>
</trkpt>
<trkpt lat="36.036230277777776" lon="139.48637861111112">
<ele>13</ele>
</trkpt>
<trkpt lat="36.036274722222224" lon="139.48637027777778">
<ele>13</ele>
</trkpt>
<trkpt lat="36.036319166666665" lon="139.48636222222223">
<ele>13</ele>
</trkpt>
<trkpt lat="36.03636361111111" lon="139.48635388888889">
<ele>13</ele>
</trkpt>
<trkpt lat="36.036408055555555" lon="139.48634583333333">
<ele>13</ele>
</trkpt>
<trkpt lat="36.0364525" lon="139.4863375">
<ele>13</ele>
</trkpt>
<trkpt lat="36.036496944444444" lon="139.48632944444444">
<ele>13</ele>
</trkpt>
<trkpt lat="36.03654138888889" lon="139.48632111111112">
<ele>13</ele>
</trkpt>
<trkpt lat="36.03658583333333" lon="139.48631277777778">
<ele>13</ele>
</trkpt>
<trkpt lat="36.036630277777775" lon="139.48630472222223">
<ele>13</ele>
</trkpt>
<trkpt lat="36.03667472222222" lon="139.4862963888889">
<ele>13</ele>
</trkpt>
<trkpt lat="36.03671444444444" lon="139.48628916666667">
<ele>13</ele>
</trkpt>
<trkpt lat="36.03671444444444" lon="139.48628916666667">
<ele>13</ele>
</trkpt>
<trkpt lat="36.03675138888889" lon="139.48625777777778">
<ele>13</ele>
</trkpt>
<trkpt lat="36.03678861111111" lon="139.4862263888889">
<ele>14</ele>
</trkpt>
<trkpt lat="36.03682555555555" lon="139.48619472222222">
<ele>13</ele>
</trkpt>
<trkpt lat="36.0368625" lon="139.48616333333334">
<ele>13</ele>
</trkpt>
<trkpt lat="36.03689972222222" lon="139.48613194444445">
<ele>14</ele>
</trkpt>
<trkpt lat="36.03693666666667" lon="139.48610055555557">
<ele>13</ele>
</trkpt>
<trkpt lat="36.03697361111111" lon="139.48606916666665">
<ele>13</ele>
</trkpt>
<trkpt lat="36.03701083333333" lon="139.48603777777777">
<ele>14</ele>
</trkpt>
<trkpt lat="36.03704777777778" lon="139.48600638888888">
<ele>14</ele>
</trkpt>
<trkpt lat="36.037084722222225" lon="139.485975">
<ele>13</ele>
</trkpt>
<trkpt lat="36.03712194444444" lon="139.48594333333332">
<ele>14</ele>
</trkpt>
<trkpt lat="36.03715888888889" lon="139.48591194444444">
<ele>14</ele>
</trkpt>
<trkpt lat="36.037195833333335" lon="139.48588055555555">
<ele>13</ele>
</trkpt>
<trkpt lat="36.037233055555554" lon="139.48584916666667">
<ele>14</ele>
</trkpt>
<trkpt lat="36.03727" lon="139.48581777777778">
<ele>14</ele>
</trkpt>
<trkpt lat="36.037307222222225" lon="139.4857863888889">
<ele>14</ele>
</trkpt>
<trkpt lat="36.037344166666664" lon="139.485755">
<ele>14</ele>
</trkpt>
<trkpt lat="36.03738111111111" lon="139.4857236111111">
<ele>14</ele>
</trkpt>
<trkpt lat="36.037418333333335" lon="139.48569194444445">
<ele>14</ele>
</trkpt>
<trkpt lat="36.03745527777778" lon="139.48566055555557">
<ele>14</ele>
</trkpt>
<trkpt lat="36.037460555555555" lon="139.4856561111111">
<ele>14</ele>
</trkpt>
<trkpt lat="36.037460555555555" lon="139.4856561111111">
<ele>14</ele>
</trkpt>
<trkpt lat="36.037485555555556" lon="139.48560972222222">
<ele>14</ele>
</trkpt>
<trkpt lat="36.03751027777778" lon="139.4855636111111">
<ele>14</ele>
</trkpt>
<trkpt lat="36.037535" lon="139.48551722222223">
<ele>14</ele>
</trkpt>
<trkpt lat="36.03756" lon="139.4854711111111">
<ele>14</ele>
</trkpt>
<trkpt lat="36.03758472222222" lon="139.48542472222223">
<ele>14</ele>
</trkpt>
<trkpt lat="36.03760972222222" lon="139.48537833333333">
<ele>14</ele>
</trkpt>
<trkpt lat="36.03763444444444" lon="139.4853322222222">
<ele>14</ele>
</trkpt>
<trkpt lat="36.037659444444444" lon="139.48528583333334">
<ele>14</ele>
</trkpt>
<trkpt lat="36.037684166666665" lon="139.48523972222222">
<ele>14</ele>
</trkpt>
<trkpt lat="36.037709166666666" lon="139.48519333333334">
<ele>14</ele>
</trkpt>
<trkpt lat="36.03773388888889" lon="139.48514694444444">
<ele>14</ele>
</trkpt>
<trkpt lat="36.03775861111111" lon="139.48510083333332">
<ele>14</ele>
</trkpt>
<trkpt lat="36.03778361111111" lon="139.48505444444444">
<ele>14</ele>
</trkpt>
<trkpt lat="36.03780833333333" lon="139.48500833333333">
<ele>14</ele>
</trkpt>
<trkpt lat="36.03783333333333" lon="139.48496194444445">
<ele>14</ele>
</trkpt>
<trkpt lat="36.03785805555555" lon="139.48491583333333">
<ele>14</ele>
</trkpt>
<trkpt lat="36.037883055555554" lon="139.48486944444446">
<ele>14</ele>
</trkpt>
<trkpt lat="36.037907777777775" lon="139.48482305555555">
<ele>14</ele>
</trkpt>
<trkpt lat="36.0379325" lon="139.48477694444443">
<ele>14</ele>
</trkpt>
<trkpt lat="36.0379575" lon="139.48473055555556">
<ele>14</ele>
</trkpt>
<trkpt lat="36.03798222222222" lon="139.48468444444444">
<ele>14</ele>
</trkpt>
<trkpt lat="36.03800722222222" lon="139.48463805555556">
<ele>14</ele>
</trkpt>
<trkpt lat="36.03803194444444" lon="139.48459166666666">
<ele>14</ele>
</trkpt>
<trkpt lat="36.03805694444444" lon="139.48454555555554">
<ele>14</ele>
</trkpt>
<trkpt lat="36.03808166666666" lon="139.48449916666667">
<ele>14</ele>
</trkpt>
<trkpt lat="36.038106666666664" lon="139.48445305555555">
<ele>14</ele>
</trkpt>
<trkpt lat="36.038131388888885" lon="139.48440666666667">
<ele>14</ele>
</trkpt>
<trkpt lat="36.038156111111114" lon="139.48436027777777">
<ele>14</ele>
</trkpt>
<trkpt lat="36.03816333333334" lon="139.48434722222223">
<ele>14</ele>
</trkpt>
<trkpt lat="36.03816333333334" lon="139.48434722222223">
<ele>14</ele>
</trkpt>
<trkpt lat="36.038200277777776" lon="139.48425472222223">
<ele>14</ele>
</trkpt>
<trkpt lat="36.03823722222222" lon="139.4841625">
<ele>14</ele>
</trkpt>
<trkpt lat="36.03827416666667" lon="139.4840702777778">
<ele>14</ele>
</trkpt>
<trkpt lat="36.038311388888886" lon="139.48397777777777">
<ele>14</ele>
</trkpt>
<trkpt lat="36.03834833333333" lon="139.48388555555556">
<ele>14</ele>
</trkpt>
<trkpt lat="36.03838527777778" lon="139.48379333333332">
<ele>14</ele>
</trkpt>
<trkpt lat="36.03842222222222" lon="139.48370083333333">
<ele>14</ele>
</trkpt>
<trkpt lat="36.03845916666667" lon="139.48360861111112">
<ele>14</ele>
</trkpt>
<trkpt lat="36.03849611111111" lon="139.4835163888889">
<ele>14</ele>
</trkpt>
<trkpt lat="36.038533055555554" lon="139.4834238888889">
<ele>14</ele>
</trkpt>
<trkpt lat="36.03857027777778" lon="139.48333166666666">
<ele>14</ele>
</trkpt>
<trkpt lat="36.038607222222225" lon="139.48323916666666">
<ele>14</ele>
</trkpt>
<trkpt lat="36.038644166666664" lon="139.48314694444446">
<ele>14</ele>
</trkpt>
<trkpt lat="36.03868111111111" lon="139.48305472222222">
<ele>14</ele>
</trkpt>
<trkpt lat="36.038718055555556" lon="139.48296222222223">
<ele>14</ele>
</trkpt>
<trkpt lat="36.038755" lon="139.48287">
<ele>14</ele>
</trkpt>
<trkpt lat="36.03879194444445" lon="139.48277777777778">
<ele>14</ele>
</trkpt>
<trkpt lat="36.038829166666666" lon="139.4826852777778">
<ele>14</ele>
</trkpt>
<trkpt lat="36.03886611111111" lon="139.48259305555555">
<ele>14</ele>
</trkpt>
<trkpt lat="36.03890305555556" lon="139.48250055555556">
<ele>14</ele>
</trkpt>
<trkpt lat="36.03894" lon="139.48240833333332">
<ele>14</ele>
</trkpt>
<trkpt lat="36.03897694444444" lon="139.48231611111112">
<ele>14</ele>
</trkpt>
<trkpt lat="36.03901388888889" lon="139.48222361111112">
<ele>14</ele>
</trkpt>
<trkpt lat="36.039050833333334" lon="139.4821313888889">
<ele>14</ele>
</trkpt>
<trkpt lat="36.03908805555555" lon="139.48203916666668">
<ele>14</ele>
</trkpt>
<trkpt lat="36.039125" lon="139.48194666666666">
<ele>14</ele>
</trkpt>
<trkpt lat="36.039161944444444" lon="139.48185444444445">
<ele>14</ele>
</trkpt>
<trkpt lat="36.03919888888889" lon="139.48176222222222">
<ele>14</ele>
</trkpt>
<trkpt lat="36.039235833333336" lon="139.48166972222222">
<ele>14</ele>
</trkpt>
<trkpt lat="36.039272777777775" lon="139.4815775">
<ele>14</ele>
</trkpt>
<trkpt lat="36.03931" lon="139.481485">
<ele>14</ele>
</trkpt>
<trkpt lat="36.039346944444446" lon="139.48139277777778">
<ele>14</ele>
</trkpt>
<trkpt lat="36.03938388888889" lon="139.48130055555555">
<ele>14</ele>
</trkpt>
<trkpt lat="36.03942083333333" lon="139.48120805555556">
<ele>14</ele>
</trkpt>
<trkpt lat="36.03945777777778" lon="139.48111583333332">
<ele>14</ele>
</trkpt>
<trkpt lat="36.03949472222222" lon="139.4810236111111">
<ele>14</ele>
</trkpt>
<trkpt lat="36.03953166666667" lon="139.48093111111112">
<ele>14</ele>
</trkpt>
<trkpt lat="36.03956888888889" lon="139.48083888888888">
<ele>15</ele>
</trkpt>
<trkpt lat="36.03956888888889" lon="139.48083888888888">
<ele>15</ele>
</trkpt>
<trkpt lat="36.03960333333333" lon="139.48076277777778">
<ele>14</ele>
</trkpt>
<trkpt lat="36.03963777777778" lon="139.48068694444444">
<ele>14</ele>
</trkpt>
<trkpt lat="36.03967222222222" lon="139.4806111111111">
<ele>15</ele>
</trkpt>
<trkpt lat="36.03970666666667" lon="139.480535">
<ele>15</ele>
</trkpt>
<trkpt lat="36.03974111111111" lon="139.48045916666666">
<ele>15</ele>
</trkpt>
<trkpt lat="36.03977555555556" lon="139.48038305555556">
<ele>14</ele>
</trkpt>
<trkpt lat="36.03981" lon="139.48030722222222">
<ele>15</ele>
</trkpt>
<trkpt lat="36.03984444444445" lon="139.48023138888888">
<ele>15</ele>
</trkpt>
<trkpt lat="36.039878888888886" lon="139.48015527777778">
<ele>15</ele>
</trkpt>
<trkpt lat="36.03991361111111" lon="139.48007944444444">
<ele>15</ele>
</trkpt>
<trkpt lat="36.039948055555556" lon="139.48000333333334">
<ele>15</ele>
</trkpt>
<trkpt lat="36.0399825" lon="139.4799275">
<ele>15</ele>
</trkpt>
<trkpt lat="36.040016944444446" lon="139.47985138888887">
<ele>15</ele>
</trkpt>
<trkpt lat="36.04005138888889" lon="139.47977555555556">
<ele>15</ele>
</trkpt>
<trkpt lat="36.040085833333336" lon="139.47969972222222">
<ele>15</ele>
</trkpt>
<trkpt lat="36.04012027777778" lon="139.47962361111112">
<ele>15</ele>
</trkpt>
<trkpt lat="36.04015472222222" lon="139.47954777777778">
<ele>15</ele>
</trkpt>
<trkpt lat="36.040189166666664" lon="139.47947166666665">
<ele>15</ele>
</trkpt>
<trkpt lat="36.04022388888889" lon="139.47939583333334">
<ele>15</ele>
</trkpt>
<trkpt lat="36.040258333333334" lon="139.47932">
<ele>15</ele>
</trkpt>
<trkpt lat="36.04029277777778" lon="139.4792438888889">
<ele>15</ele>
</trkpt>
<trkpt lat="36.040327222222224" lon="139.47916805555556">
<ele>15</ele>
</trkpt>
<trkpt lat="36.04036166666667" lon="139.47909194444443">
<ele>15</ele>
</trkpt>
<trkpt lat="36.040396111111114" lon="139.47901611111112">
<ele>15</ele>
</trkpt>
<trkpt lat="36.04043055555555" lon="139.47894">
<ele>15</ele>
</trkpt>
<trkpt lat="36.040465" lon="139.47886416666665">
<ele>15</ele>
</trkpt>
<trkpt lat="36.04049944444444" lon="139.47878833333334">
<ele>15</ele>
</trkpt>
<trkpt lat="36.04053388888889" lon="139.4787122222222">
<ele>15</ele>
</trkpt>
<trkpt lat="36.04056861111111" lon="139.4786363888889">
<ele>15</ele>
</trkpt>
<trkpt lat="36.04060305555556" lon="139.47856027777777">
<ele>15</ele>
</trkpt>
<trkpt lat="36.0406375" lon="139.47848444444443">
<ele>15</ele>
</trkpt>
<trkpt lat="36.04067194444445" lon="139.47840861111112">
<ele>15</ele>
</trkpt>
<trkpt lat="36.040706388888886" lon="139.4783325">
<ele>15</ele>
</trkpt>
<trkpt lat="36.04074083333333" lon="139.47825666666665">
<ele>15</ele>
</trkpt>
<trkpt lat="36.040775277777776" lon="139.47818055555555">
<ele>15</ele>
</trkpt>
<trkpt lat="36.04080972222222" lon="139.4781047222222">
<ele>15</ele>
</trkpt>
<trkpt lat="36.040844166666666" lon="139.4780286111111">
<ele>15</ele>
</trkpt>
<trkpt lat="36.04087861111111" lon="139.47795277777777">
<ele>15</ele>
</trkpt>
<trkpt lat="36.04092611111111" lon="139.477915">
<ele>15</ele>
</trkpt>
<trkpt lat="36.04087611111111" lon="139.47781805555556">
<ele>15</ele>
</trkpt>
<trkpt lat="36.04071694444445" lon="139.47743111111112">
<ele>14</ele>
</trkpt>
<trkpt lat="36.04052611111111" lon="139.47695611111112">
<ele>14</ele>
</trkpt>
<trkpt lat="36.040391944444444" lon="139.4765811111111">
<ele>14</ele>
</trkpt>
<trkpt lat="36.04032611111111" lon="139.47649305555555">
<ele>14</ele>
</trkpt>
<trkpt lat="36.04002611111111" lon="139.47560611111112">
<ele>14</ele>
</trkpt>
<trkpt lat="36.03985111111111" lon="139.47504305555555">
<ele>14</ele>
</trkpt>
<trkpt lat="36.03965111111111" lon="139.47426805555557">
<ele>14</ele>
</trkpt>
<trkpt lat="36.039566944444445" lon="139.47391805555554">
<ele>14</ele>
</trkpt>
<trkpt lat="36.03941694444445" lon="139.47333111111112">
<ele>14</ele>
</trkpt>
<trkpt lat="36.03902611111111" lon="139.4716061111111">
<ele>13</ele>
</trkpt>
<trkpt lat="36.038851111111114" lon="139.47084388888888">
<ele>13</ele>
</trkpt>
<trkpt lat="36.03865111111111" lon="139.4699938888889">
<ele>13</ele>
</trkpt>
<trkpt lat="36.03835111111111" lon="139.46873194444444">
<ele>13</ele>
</trkpt>
<trkpt lat="36.03807611111111" lon="139.46756888888888">
<ele>13</ele>
</trkpt>
<trkpt lat="36.037816944444444" lon="139.46640694444446">
<ele>13</ele>
</trkpt>
<trkpt lat="36.03765111111111" lon="139.46543194444445">
<ele>13</ele>
</trkpt>
<trkpt lat="36.03756694444444" lon="139.46459388888888">
<ele>13</ele>
</trkpt>
<trkpt lat="36.03754194444444" lon="139.46388194444444">
<ele>13</ele>
</trkpt>
<trkpt lat="36.03754194444444" lon="139.46327">
<ele>13</ele>
</trkpt>
<trkpt lat="36.03756694444444" lon="139.462795">
<ele>13</ele>
</trkpt>
<trkpt lat="36.03765888888889" lon="139.461745">
<ele>13</ele>
</trkpt>
<trkpt lat="36.037683888888886" lon="139.46137">
<ele>13</ele>
</trkpt>
<trkpt lat="36.037708888888886" lon="139.46127">
<ele>13</ele>
</trkpt>
<trkpt lat="36.03775888888889" lon="139.46088194444445">
<ele>13</ele>
</trkpt>
<trkpt lat="36.037775" lon="139.46033194444445">
<ele>13</ele>
</trkpt>
<trkpt lat="36.03776694444444" lon="139.459995">
<ele>13</ele>
</trkpt>
<trkpt lat="36.037725" lon="139.459495">
<ele>13</ele>
</trkpt>
<trkpt lat="36.03769194444445" lon="139.45923305555556">
<ele>13</ele>
</trkpt>
<trkpt lat="36.037625" lon="139.45893305555555">
<ele>13</ele>
</trkpt>
<trkpt lat="36.03757" lon="139.45895">
<ele>13</ele>
</trkpt>
    </trkseg>
  </trk>
</gpx>