<?xml version="1.0" encoding="UTF-8"?>
<gpx version="1.1"
     creator="KMLtoGPX"
     xmlns="http://www.topografix.com/GPX/1/1">
  <metadata>
    <name>64 Routes to fully enjoy the history of “Nobou no Castle” and the nature of Tone</name>
    <desc>64 「のぼうの城」の歴史と利根の自然を満喫するルート</desc>
    <bounds minlat="36.124498055555556" minlon="139.4322038888889" maxlat="36.19427861111111" maxlon="139.50187472222223"/>
  </metadata>
  <trk>
    <name>64 Routes to fully enjoy the history of “Nobou no Castle” and the nature of Tone</name>
    <trkseg>
<trkpt lat="36.126105" lon="139.4758961111111">
<ele>18</ele>
</trkpt>
<trkpt lat="36.12628111111111" lon="139.47537805555555">
<ele>18</ele>
</trkpt>
<trkpt lat="36.12663111111111" lon="139.47430194444445">
<ele>18</ele>
</trkpt>
<trkpt lat="36.126848055555556" lon="139.473615">
<ele>17</ele>
</trkpt>
<trkpt lat="36.12695611111111" lon="139.47314">
<ele>17</ele>
</trkpt>
<trkpt lat="36.127048055555555" lon="139.472765">
<ele>17</ele>
</trkpt>
<trkpt lat="36.12712305555556" lon="139.472465">
<ele>17</ele>
</trkpt>
<trkpt lat="36.127096944444446" lon="139.47245">
<ele>17</ele>
</trkpt>
<trkpt lat="36.127096944444446" lon="139.47245">
<ele>17</ele>
</trkpt>
<trkpt lat="36.12699805555555" lon="139.47239">
<ele>17</ele>
</trkpt>
<trkpt lat="36.12673888888889" lon="139.47227805555556">
<ele>17</ele>
</trkpt>
<trkpt lat="36.12648111111111" lon="139.47220305555555">
<ele>17</ele>
</trkpt>
<trkpt lat="36.12629805555556" lon="139.47217805555556">
<ele>17</ele>
</trkpt>
<trkpt lat="36.125915" lon="139.47217805555556">
<ele>17</ele>
</trkpt>
<trkpt lat="36.125706111111114" lon="139.47219">
<ele>17</ele>
</trkpt>
<trkpt lat="36.12564805555556" lon="139.47219">
<ele>17</ele>
</trkpt>
<trkpt lat="36.12562305555556" lon="139.47219">
<ele>17</ele>
</trkpt>
<trkpt lat="36.12540611111111" lon="139.47214">
<ele>17</ele>
</trkpt>
<trkpt lat="36.12530611111111" lon="139.47214">
<ele>17</ele>
</trkpt>
<trkpt lat="36.12517305555556" lon="139.472165">
<ele>17</ele>
</trkpt>
<trkpt lat="36.124965" lon="139.47227805555556">
<ele>17</ele>
</trkpt>
<trkpt lat="36.12454388888889" lon="139.4723788888889">
<ele>17</ele>
</trkpt>
<trkpt lat="36.12454388888889" lon="139.4723788888889">
<ele>17</ele>
</trkpt>
<trkpt lat="36.124498055555556" lon="139.47239">
<ele>17</ele>
</trkpt>
<trkpt lat="36.12452305555556" lon="139.47189">
<ele>17</ele>
</trkpt>
<trkpt lat="36.124565" lon="139.47135305555557">
<ele>17</ele>
</trkpt>
<trkpt lat="36.12457305555556" lon="139.47127805555556">
<ele>17</ele>
</trkpt>
<trkpt lat="36.12459" lon="139.47099111111112">
<ele>17</ele>
</trkpt>
<trkpt lat="36.124615" lon="139.47065305555554">
<ele>17</ele>
</trkpt>
<trkpt lat="36.124628888888886" lon="139.47043305555556">
<ele>17</ele>
</trkpt>
<trkpt lat="36.124628888888886" lon="139.47043305555556">
<ele>17</ele>
</trkpt>
<trkpt lat="36.12464" lon="139.47027805555555">
<ele>17</ele>
</trkpt>
<trkpt lat="36.124665" lon="139.46996611111112">
<ele>17</ele>
</trkpt>
<trkpt lat="36.12469388888889" lon="139.46968">
<ele>17</ele>
</trkpt>
<trkpt lat="36.12469388888889" lon="139.46968">
<ele>17</ele>
</trkpt>
<trkpt lat="36.124698055555555" lon="139.46964111111112">
<ele>17</ele>
</trkpt>
<trkpt lat="36.124723055555556" lon="139.4694661111111">
<ele>17</ele>
</trkpt>
<trkpt lat="36.12482305555555" lon="139.4691411111111">
<ele>17</ele>
</trkpt>
<trkpt lat="36.12497305555556" lon="139.46875305555557">
<ele>17</ele>
</trkpt>
<trkpt lat="36.12510611111111" lon="139.46850305555554">
<ele>17</ele>
</trkpt>
<trkpt lat="36.12545611111111" lon="139.4679661111111">
<ele>17</ele>
</trkpt>
<trkpt lat="36.12584805555556" lon="139.4673911111111">
<ele>17</ele>
</trkpt>
<trkpt lat="36.12593888888889" lon="139.46726611111112">
<ele>17</ele>
</trkpt>
<trkpt lat="36.12641611111111" lon="139.46661">
<ele>17</ele>
</trkpt>
<trkpt lat="36.12641611111111" lon="139.46661">
<ele>17</ele>
</trkpt>
<trkpt lat="36.12643888888889" lon="139.46657805555554">
<ele>18</ele>
</trkpt>
<trkpt lat="36.127073055555556" lon="139.4656911111111">
<ele>18</ele>
</trkpt>
<trkpt lat="36.12770611111111" lon="139.46480305555556">
<ele>18</ele>
</trkpt>
<trkpt lat="36.12815611111111" lon="139.46417805555555">
<ele>18</ele>
</trkpt>
<trkpt lat="36.12833111111111" lon="139.46396611111112">
<ele>18</ele>
</trkpt>
<trkpt lat="36.12838111111111" lon="139.4639038888889">
<ele>18</ele>
</trkpt>
<trkpt lat="36.12912194444444" lon="139.46316611111112">
<ele>18</ele>
</trkpt>
<trkpt lat="36.129846944444445" lon="139.4624038888889">
<ele>18</ele>
</trkpt>
<trkpt lat="36.13059694444444" lon="139.4616288888889">
<ele>18</ele>
</trkpt>
<trkpt lat="36.13128" lon="139.4609288888889">
<ele>18</ele>
</trkpt>
<trkpt lat="36.13148" lon="139.4607288888889">
<ele>18</ele>
</trkpt>
<trkpt lat="36.131655" lon="139.4605411111111">
<ele>18</ele>
</trkpt>
<trkpt lat="36.131996944444445" lon="139.4601661111111">
<ele>18</ele>
</trkpt>
<trkpt lat="36.13241305555555" lon="139.4597288888889">
<ele>18</ele>
</trkpt>
<trkpt lat="36.132555" lon="139.4596288888889">
<ele>18</ele>
</trkpt>
<trkpt lat="36.13252888888889" lon="139.45956388888888">
<ele>18</ele>
</trkpt>
<trkpt lat="36.13252888888889" lon="139.45956388888888">
<ele>18</ele>
</trkpt>
<trkpt lat="36.132555" lon="139.4596288888889">
<ele>18</ele>
</trkpt>
<trkpt lat="36.132688055555555" lon="139.45956611111112">
<ele>18</ele>
</trkpt>
<trkpt lat="36.13287111111111" lon="139.4595038888889">
<ele>18</ele>
</trkpt>
<trkpt lat="36.13303805555555" lon="139.4594788888889">
<ele>19</ele>
</trkpt>
<trkpt lat="36.13317111111111" lon="139.4594788888889">
<ele>19</ele>
</trkpt>
<trkpt lat="36.13328805555555" lon="139.4595038888889">
<ele>19</ele>
</trkpt>
<trkpt lat="36.133538055555555" lon="139.4595788888889">
<ele>19</ele>
</trkpt>
<trkpt lat="36.13371305555555" lon="139.4596161111111">
<ele>19</ele>
</trkpt>
<trkpt lat="36.13407111111111" lon="139.4595911111111">
<ele>19</ele>
</trkpt>
<trkpt lat="36.134146111111114" lon="139.45956611111112">
<ele>19</ele>
</trkpt>
<trkpt lat="36.134305" lon="139.4595038888889">
<ele>19</ele>
</trkpt>
<trkpt lat="36.13448" lon="139.4594038888889">
<ele>19</ele>
</trkpt>
<trkpt lat="36.13464611111111" lon="139.4592788888889">
<ele>19</ele>
</trkpt>
<trkpt lat="36.134771111111114" lon="139.4591538888889">
<ele>19</ele>
</trkpt>
<trkpt lat="36.13484611111111" lon="139.4590538888889">
<ele>19</ele>
</trkpt>
<trkpt lat="36.13510388888889" lon="139.4587161111111">
<ele>19</ele>
</trkpt>
<trkpt lat="36.13524611111111" lon="139.45854111111112">
<ele>19</ele>
</trkpt>
<trkpt lat="36.13540388888889" lon="139.4583788888889">
<ele>19</ele>
</trkpt>
<trkpt lat="36.13554611111111" lon="139.4582538888889">
<ele>19</ele>
</trkpt>
<trkpt lat="36.13559611111111" lon="139.4582038888889">
<ele>19</ele>
</trkpt>
<trkpt lat="36.13572111111111" lon="139.4581161111111">
<ele>19</ele>
</trkpt>
<trkpt lat="36.13594611111111" lon="139.4579788888889">
<ele>19</ele>
</trkpt>
<trkpt lat="36.13601305555556" lon="139.45795388888888">
<ele>19</ele>
</trkpt>
<trkpt lat="36.136071111111114" lon="139.4579288888889">
<ele>19</ele>
</trkpt>
<trkpt lat="36.13635388888889" lon="139.4578038888889">
<ele>19</ele>
</trkpt>
<trkpt lat="36.13637305555555" lon="139.45779611111112">
<ele>19</ele>
</trkpt>
<trkpt lat="36.13637305555555" lon="139.45779611111112">
<ele>19</ele>
</trkpt>
<trkpt lat="36.13707888888889" lon="139.45750388888888">
<ele>19</ele>
</trkpt>
<trkpt lat="36.13717111111111" lon="139.4574538888889">
<ele>19</ele>
</trkpt>
<trkpt lat="36.13752111111111" lon="139.4572411111111">
<ele>19</ele>
</trkpt>
<trkpt lat="36.13759611111111" lon="139.45719111111111">
<ele>19</ele>
</trkpt>
<trkpt lat="36.138036944444444" lon="139.4569038888889">
<ele>19</ele>
</trkpt>
<trkpt lat="36.13814611111111" lon="139.45682888888888">
<ele>19</ele>
</trkpt>
<trkpt lat="36.138353888888886" lon="139.4566911111111">
<ele>19</ele>
</trkpt>
<trkpt lat="36.13857888888889" lon="139.4565411111111">
<ele>19</ele>
</trkpt>
<trkpt lat="36.138621111111114" lon="139.4565161111111">
<ele>19</ele>
</trkpt>
<trkpt lat="36.138961944444446" lon="139.4563288888889">
<ele>19</ele>
</trkpt>
<trkpt lat="36.139105" lon="139.456275">
<ele>19</ele>
</trkpt>
<trkpt lat="36.139105" lon="139.456275">
<ele>19</ele>
</trkpt>
<trkpt lat="36.13912888888889" lon="139.45626611111112">
<ele>19</ele>
</trkpt>
<trkpt lat="36.13935388888889" lon="139.4561911111111">
<ele>19</ele>
</trkpt>
<trkpt lat="36.139586944444446" lon="139.4561038888889">
<ele>19</ele>
</trkpt>
<trkpt lat="36.13997888888889" lon="139.4560161111111">
<ele>19</ele>
</trkpt>
<trkpt lat="36.14055388888889" lon="139.4559911111111">
<ele>19</ele>
</trkpt>
<trkpt lat="36.14071194444445" lon="139.4559911111111">
<ele>19</ele>
</trkpt>
<trkpt lat="36.141445" lon="139.4559661111111">
<ele>19</ele>
</trkpt>
<trkpt lat="36.14152" lon="139.4559538888889">
<ele>19</ele>
</trkpt>
<trkpt lat="36.141695" lon="139.45592888888888">
<ele>19</ele>
</trkpt>
<trkpt lat="36.141895" lon="139.4558661111111">
<ele>19</ele>
</trkpt>
<trkpt lat="36.14208694444444" lon="139.4557788888889">
<ele>19</ele>
</trkpt>
<trkpt lat="36.142945" lon="139.4552788888889">
<ele>19</ele>
</trkpt>
<trkpt lat="36.14302888888889" lon="139.45524111111112">
<ele>19</ele>
</trkpt>
<trkpt lat="36.14313694444444" lon="139.4552038888889">
<ele>19</ele>
</trkpt>
<trkpt lat="36.143211944444445" lon="139.4551788888889">
<ele>19</ele>
</trkpt>
<trkpt lat="36.143295" lon="139.4551788888889">
<ele>18</ele>
</trkpt>
<trkpt lat="36.143411944444445" lon="139.4552161111111">
<ele>18</ele>
</trkpt>
<trkpt lat="36.143545" lon="139.45526611111111">
<ele>18</ele>
</trkpt>
<trkpt lat="36.143611944444444" lon="139.4552911111111">
<ele>18</ele>
</trkpt>
<trkpt lat="36.14380305555556" lon="139.45534111111112">
<ele>18</ele>
</trkpt>
<trkpt lat="36.143903055555555" lon="139.45535388888888">
<ele>18</ele>
</trkpt>
<trkpt lat="36.143945" lon="139.45536611111112">
<ele>18</ele>
</trkpt>
<trkpt lat="36.144245" lon="139.4554288888889">
<ele>18</ele>
</trkpt>
<trkpt lat="36.14438111111111" lon="139.45545388888888">
<ele>18</ele>
</trkpt>
<trkpt lat="36.14438111111111" lon="139.45545388888888">
<ele>18</ele>
</trkpt>
<trkpt lat="36.144245" lon="139.4554288888889">
<ele>18</ele>
</trkpt>
<trkpt lat="36.14427" lon="139.4549911111111">
<ele>18</ele>
</trkpt>
<trkpt lat="36.144328055555555" lon="139.45355388888888">
<ele>18</ele>
</trkpt>
<trkpt lat="36.144328055555555" lon="139.4535011111111">
<ele>18</ele>
</trkpt>
<trkpt lat="36.144328055555555" lon="139.4535011111111">
<ele>18</ele>
</trkpt>
<trkpt lat="36.144328055555555" lon="139.4534911111111">
<ele>18</ele>
</trkpt>
<trkpt lat="36.144445" lon="139.4534911111111">
<ele>18</ele>
</trkpt>
<trkpt lat="36.144486944444445" lon="139.4534911111111">
<ele>18</ele>
</trkpt>
<trkpt lat="36.144728055555554" lon="139.4534661111111">
<ele>18</ele>
</trkpt>
<trkpt lat="36.14530305555556" lon="139.4533788888889">
<ele>19</ele>
</trkpt>
<trkpt lat="36.14546111111111" lon="139.4533538888889">
<ele>19</ele>
</trkpt>
<trkpt lat="36.14572805555556" lon="139.45331611111112">
<ele>19</ele>
</trkpt>
<trkpt lat="36.145803055555554" lon="139.45330388888888">
<ele>19</ele>
</trkpt>
<trkpt lat="36.145828055555555" lon="139.45330388888888">
<ele>19</ele>
</trkpt>
<trkpt lat="36.14615305555556" lon="139.4532661111111">
<ele>19</ele>
</trkpt>
<trkpt lat="36.14702805555556" lon="139.4531538888889">
<ele>19</ele>
</trkpt>
<trkpt lat="36.147528055555554" lon="139.45310388888888">
<ele>19</ele>
</trkpt>
<trkpt lat="36.14761111111111" lon="139.45310388888888">
<ele>19</ele>
</trkpt>
<trkpt lat="36.14870305555556" lon="139.4533911111111">
<ele>19</ele>
</trkpt>
<trkpt lat="36.148761111111114" lon="139.4534038888889">
<ele>19</ele>
</trkpt>
<trkpt lat="36.14909388888889" lon="139.45350305555556">
<ele>19</ele>
</trkpt>
<trkpt lat="36.14961888888889" lon="139.45347805555556">
<ele>19</ele>
</trkpt>
<trkpt lat="36.15016111111111" lon="139.4534661111111">
<ele>19</ele>
</trkpt>
<trkpt lat="36.15047805555555" lon="139.45345305555554">
<ele>19</ele>
</trkpt>
<trkpt lat="36.150486111111114" lon="139.45356611111112">
<ele>19</ele>
</trkpt>
<trkpt lat="36.15136888888889" lon="139.45354111111112">
<ele>19</ele>
</trkpt>
<trkpt lat="36.15221888888889" lon="139.4535161111111">
<ele>19</ele>
</trkpt>
<trkpt lat="36.153061111111114" lon="139.4534911111111">
<ele>19</ele>
</trkpt>
<trkpt lat="36.15318611111111" lon="139.4534911111111">
<ele>19</ele>
</trkpt>
<trkpt lat="36.15396111111111" lon="139.45347805555556">
<ele>19</ele>
</trkpt>
<trkpt lat="36.154451944444446" lon="139.4534661111111">
<ele>19</ele>
</trkpt>
<trkpt lat="36.15483611111111" lon="139.45345305555554">
<ele>19</ele>
</trkpt>
<trkpt lat="36.155701944444445" lon="139.45344111111112">
<ele>19</ele>
</trkpt>
<trkpt lat="36.15644388888889" lon="139.45341611111112">
<ele>19</ele>
</trkpt>
<trkpt lat="36.156526944444444" lon="139.45341611111112">
<ele>19</ele>
</trkpt>
<trkpt lat="36.15656388888889" lon="139.45341611111112">
<ele>19</ele>
</trkpt>
<trkpt lat="36.15656388888889" lon="139.45341611111112">
<ele>19</ele>
</trkpt>
<trkpt lat="36.156601944444446" lon="139.45341611111112">
<ele>19</ele>
</trkpt>
<trkpt lat="36.15746" lon="139.4533911111111">
<ele>19</ele>
</trkpt>
<trkpt lat="36.158085" lon="139.4533661111111">
<ele>19</ele>
</trkpt>
<trkpt lat="36.158276944444445" lon="139.45335305555557">
<ele>19</ele>
</trkpt>
<trkpt lat="36.158635" lon="139.45332805555555">
<ele>19</ele>
</trkpt>
<trkpt lat="36.159301944444444" lon="139.45325305555556">
<ele>19</ele>
</trkpt>
<trkpt lat="36.15969305555556" lon="139.45322805555554">
<ele>19</ele>
</trkpt>
<trkpt lat="36.16005194444445" lon="139.45320305555555">
<ele>19</ele>
</trkpt>
<trkpt lat="36.160893055555555" lon="139.45319">
<ele>19</ele>
</trkpt>
<trkpt lat="36.162618055555555" lon="139.45314">
<ele>19</ele>
</trkpt>
<trkpt lat="36.16396805555556" lon="139.45310194444446">
<ele>19</ele>
</trkpt>
<trkpt lat="36.16435111111111" lon="139.453065">
<ele>19</ele>
</trkpt>
<trkpt lat="36.16465111111111" lon="139.45302694444445">
<ele>19</ele>
</trkpt>
<trkpt lat="36.16501805555556" lon="139.45294">
<ele>19</ele>
</trkpt>
<trkpt lat="36.16538388888889" lon="139.45282805555556">
<ele>19</ele>
</trkpt>
<trkpt lat="36.16572611111111" lon="139.45269">
<ele>20</ele>
</trkpt>
<trkpt lat="36.16637611111111" lon="139.45240305555555">
<ele>20</ele>
</trkpt>
<trkpt lat="36.166851111111114" lon="139.452215">
<ele>20</ele>
</trkpt>
<trkpt lat="36.16687388888889" lon="139.4522038888889">
<ele>20</ele>
</trkpt>
<trkpt lat="36.16687388888889" lon="139.4522038888889">
<ele>20</ele>
</trkpt>
<trkpt lat="36.166851111111114" lon="139.452215">
<ele>20</ele>
</trkpt>
<trkpt lat="36.16679194444445" lon="139.45195305555555">
<ele>20</ele>
</trkpt>
<trkpt lat="36.166668055555554" lon="139.451515">
<ele>20</ele>
</trkpt>
<trkpt lat="36.16663388888889" lon="139.45140305555555">
<ele>20</ele>
</trkpt>
<trkpt lat="36.166426111111114" lon="139.45064">
<ele>20</ele>
</trkpt>
<trkpt lat="36.16630888888889" lon="139.45022805555556">
<ele>20</ele>
</trkpt>
<trkpt lat="36.16628388888889" lon="139.45012805555555">
<ele>20</ele>
</trkpt>
<trkpt lat="36.16623388888889" lon="139.44997805555556">
<ele>20</ele>
</trkpt>
<trkpt lat="36.16620888888889" lon="139.44992805555555">
<ele>20</ele>
</trkpt>
<trkpt lat="36.16615888888889" lon="139.44984">
<ele>20</ele>
</trkpt>
<trkpt lat="36.166091944444446" lon="139.44974">
<ele>20</ele>
</trkpt>
<trkpt lat="36.165866944444446" lon="139.44947805555555">
<ele>20</ele>
</trkpt>
<trkpt lat="36.165643055555556" lon="139.44922805555555">
<ele>20</ele>
</trkpt>
<trkpt lat="36.16558388888889" lon="139.44915305555554">
<ele>20</ele>
</trkpt>
<trkpt lat="36.16554305555555" lon="139.44911611111112">
<ele>20</ele>
</trkpt>
<trkpt lat="36.16525111111111" lon="139.44877805555555">
<ele>20</ele>
</trkpt>
<trkpt lat="36.16510111111111" lon="139.44857805555554">
<ele>20</ele>
</trkpt>
<trkpt lat="36.164901111111114" lon="139.44822805555555">
<ele>20</ele>
</trkpt>
<trkpt lat="36.16480111111111" lon="139.44807805555556">
<ele>20</ele>
</trkpt>
<trkpt lat="36.16458388888889" lon="139.4478411111111">
<ele>20</ele>
</trkpt>
<trkpt lat="36.16432611111111" lon="139.44755305555555">
<ele>20</ele>
</trkpt>
<trkpt lat="36.16416805555556" lon="139.44734111111111">
<ele>20</ele>
</trkpt>
<trkpt lat="36.16388388888889" lon="139.4468411111111">
<ele>20</ele>
</trkpt>
<trkpt lat="36.16363388888889" lon="139.44645305555557">
<ele>20</ele>
</trkpt>
<trkpt lat="36.163558888888886" lon="139.4463411111111">
<ele>20</ele>
</trkpt>
<trkpt lat="36.16337611111111" lon="139.44606611111112">
<ele>20</ele>
</trkpt>
<trkpt lat="36.16327611111111" lon="139.44586611111112">
<ele>20</ele>
</trkpt>
<trkpt lat="36.16319194444444" lon="139.44567805555556">
<ele>20</ele>
</trkpt>
<trkpt lat="36.16311694444445" lon="139.4454411111111">
<ele>20</ele>
</trkpt>
<trkpt lat="36.16290111111111" lon="139.4444661111111">
<ele>20</ele>
</trkpt>
<trkpt lat="36.16276805555555" lon="139.44394111111112">
<ele>20</ele>
</trkpt>
<trkpt lat="36.16255888888889" lon="139.4433038888889">
<ele>21</ele>
</trkpt>
<trkpt lat="36.16240111111111" lon="139.4428661111111">
<ele>21</ele>
</trkpt>
<trkpt lat="36.16223388888889" lon="139.44245388888888">
<ele>21</ele>
</trkpt>
<trkpt lat="36.16220888888889" lon="139.4424038888889">
<ele>21</ele>
</trkpt>
<trkpt lat="36.16177611111111" lon="139.44141611111112">
<ele>21</ele>
</trkpt>
<trkpt lat="36.16145888888889" lon="139.44065388888887">
<ele>21</ele>
</trkpt>
<trkpt lat="36.161233055555556" lon="139.44020111111112">
<ele>20</ele>
</trkpt>
<trkpt lat="36.161233055555556" lon="139.44020111111112">
<ele>20</ele>
</trkpt>
<trkpt lat="36.161208888888886" lon="139.4401538888889">
<ele>20</ele>
</trkpt>
<trkpt lat="36.16187611111111" lon="139.43985388888888">
<ele>21</ele>
</trkpt>
<trkpt lat="36.162241944444446" lon="139.43970388888889">
<ele>21</ele>
</trkpt>
<trkpt lat="36.16235888888889" lon="139.4396661111111">
<ele>21</ele>
</trkpt>
<trkpt lat="36.16251694444444" lon="139.43961611111112">
<ele>21</ele>
</trkpt>
<trkpt lat="36.16265111111111" lon="139.4395661111111">
<ele>21</ele>
</trkpt>
<trkpt lat="36.16282611111111" lon="139.43949111111112">
<ele>21</ele>
</trkpt>
<trkpt lat="36.16296805555555" lon="139.4394288888889">
<ele>21</ele>
</trkpt>
<trkpt lat="36.16336694444445" lon="139.4391911111111">
<ele>21</ele>
</trkpt>
<trkpt lat="36.16404194444444" lon="139.43906611111112">
<ele>21</ele>
</trkpt>
<trkpt lat="36.165033888888885" lon="139.4388661111111">
<ele>21</ele>
</trkpt>
<trkpt lat="36.165191944444445" lon="139.43884111111112">
<ele>21</ele>
</trkpt>
<trkpt lat="36.16555888888889" lon="139.43884111111112">
<ele>21</ele>
</trkpt>
<trkpt lat="36.16562611111111" lon="139.43884111111112">
<ele>21</ele>
</trkpt>
<trkpt lat="36.16578388888889" lon="139.43884111111112">
<ele>21</ele>
</trkpt>
<trkpt lat="36.16623388888889" lon="139.43882888888888">
<ele>21</ele>
</trkpt>
<trkpt lat="36.16704194444444" lon="139.4387911111111">
<ele>21</ele>
</trkpt>
<trkpt lat="36.168075" lon="139.4387538888889">
<ele>21</ele>
</trkpt>
<trkpt lat="36.16983305555556" lon="139.4386788888889">
<ele>21</ele>
</trkpt>
<trkpt lat="36.170658055555556" lon="139.4386411111111">
<ele>21</ele>
</trkpt>
<trkpt lat="36.1732" lon="139.43852805555557">
<ele>21</ele>
</trkpt>
<trkpt lat="36.17485805555555" lon="139.4384661111111">
<ele>21</ele>
</trkpt>
<trkpt lat="36.174838055555554" lon="139.43833805555556">
<ele>21</ele>
</trkpt>
<trkpt lat="36.174838055555554" lon="139.43833805555556">
<ele>21</ele>
</trkpt>
<trkpt lat="36.17481611111111" lon="139.43820305555556">
<ele>21</ele>
</trkpt>
<trkpt lat="36.17479111111111" lon="139.43746611111112">
<ele>21</ele>
</trkpt>
<trkpt lat="36.174773888888886" lon="139.4372161111111">
<ele>21</ele>
</trkpt>
<trkpt lat="36.17474111111111" lon="139.4369661111111">
<ele>21</ele>
</trkpt>
<trkpt lat="36.17461611111111" lon="139.4364038888889">
<ele>21</ele>
</trkpt>
<trkpt lat="36.17455805555556" lon="139.4360788888889">
<ele>21</ele>
</trkpt>
<trkpt lat="36.174508055555556" lon="139.4357038888889">
<ele>21</ele>
</trkpt>
<trkpt lat="36.174483055555555" lon="139.43544111111112">
<ele>21</ele>
</trkpt>
<trkpt lat="36.17449111111111" lon="139.43509111111112">
<ele>21</ele>
</trkpt>
<trkpt lat="36.174508055555556" lon="139.43474111111112">
<ele>22</ele>
</trkpt>
<trkpt lat="36.17447388888889" lon="139.4336538888889">
<ele>22</ele>
</trkpt>
<trkpt lat="36.17444111111111" lon="139.4325538888889">
<ele>22</ele>
</trkpt>
<trkpt lat="36.174458055555554" lon="139.4324411111111">
<ele>22</ele>
</trkpt>
<trkpt lat="36.17460805555555" lon="139.43224111111113">
<ele>22</ele>
</trkpt>
<trkpt lat="36.174585" lon="139.4322038888889">
<ele>22</ele>
</trkpt>
<trkpt lat="36.174585" lon="139.4322038888889">
<ele>22</ele>
</trkpt>
<trkpt lat="36.17460805555555" lon="139.43224111111113">
<ele>22</ele>
</trkpt>
<trkpt lat="36.17469888888889" lon="139.43235388888888">
<ele>22</ele>
</trkpt>
<trkpt lat="36.17478305555556" lon="139.4324288888889">
<ele>22</ele>
</trkpt>
<trkpt lat="36.17517388888889" lon="139.4326911111111">
<ele>22</ele>
</trkpt>
<trkpt lat="36.17554111111111" lon="139.43292888888888">
<ele>22</ele>
</trkpt>
<trkpt lat="36.17630805555556" lon="139.4335661111111">
<ele>22</ele>
</trkpt>
<trkpt lat="36.17644111111111" lon="139.4336661111111">
<ele>22</ele>
</trkpt>
<trkpt lat="36.17690694444445" lon="139.4340038888889">
<ele>22</ele>
</trkpt>
<trkpt lat="36.17714888888889" lon="139.4341288888889">
<ele>22</ele>
</trkpt>
<trkpt lat="36.177348888888886" lon="139.4342161111111">
<ele>22</ele>
</trkpt>
<trkpt lat="36.177531944444446" lon="139.43427888888888">
<ele>22</ele>
</trkpt>
<trkpt lat="36.17778194444445" lon="139.4343661111111">
<ele>22</ele>
</trkpt>
<trkpt lat="36.17832388888889" lon="139.4344788888889">
<ele>22</ele>
</trkpt>
<trkpt lat="36.17894111111111" lon="139.4345911111111">
<ele>22</ele>
</trkpt>
<trkpt lat="36.17912388888889" lon="139.43462888888888">
<ele>22</ele>
</trkpt>
<trkpt lat="36.17975694444444" lon="139.43476611111112">
<ele>23</ele>
</trkpt>
<trkpt lat="36.18039" lon="139.43490305555557">
<ele>23</ele>
</trkpt>
<trkpt lat="36.18069888888889" lon="139.43496611111112">
<ele>23</ele>
</trkpt>
<trkpt lat="36.181465" lon="139.4351161111111">
<ele>23</ele>
</trkpt>
<trkpt lat="36.18145694444444" lon="139.43519111111112">
<ele>23</ele>
</trkpt>
<trkpt lat="36.181415" lon="139.43542805555555">
<ele>23</ele>
</trkpt>
<trkpt lat="36.181381944444446" lon="139.43576611111112">
<ele>23</ele>
</trkpt>
<trkpt lat="36.18145694444444" lon="139.43576611111112">
<ele>23</ele>
</trkpt>
<trkpt lat="36.18157388888889" lon="139.43576611111112">
<ele>23</ele>
</trkpt>
<trkpt lat="36.18165694444444" lon="139.43577805555555">
<ele>23</ele>
</trkpt>
<trkpt lat="36.18174888888889" lon="139.43579111111112">
<ele>23</ele>
</trkpt>
<trkpt lat="36.18189" lon="139.43582805555556">
<ele>23</ele>
</trkpt>
<trkpt lat="36.181981944444445" lon="139.43586611111112">
<ele>23</ele>
</trkpt>
<trkpt lat="36.182315" lon="139.43597805555555">
<ele>23</ele>
</trkpt>
<trkpt lat="36.18248194444445" lon="139.43605305555556">
<ele>23</ele>
</trkpt>
<trkpt lat="36.18255694444444" lon="139.43610305555555">
<ele>23</ele>
</trkpt>
<trkpt lat="36.18274888888889" lon="139.43622805555555">
<ele>23</ele>
</trkpt>
<trkpt lat="36.182948055555556" lon="139.43640305555556">
<ele>23</ele>
</trkpt>
<trkpt lat="36.183265" lon="139.43666611111112">
<ele>23</ele>
</trkpt>
<trkpt lat="36.183456944444444" lon="139.43685305555556">
<ele>23</ele>
</trkpt>
<trkpt lat="36.18369" lon="139.43717805555556">
<ele>23</ele>
</trkpt>
<trkpt lat="36.18392305555555" lon="139.4376161111111">
<ele>23</ele>
</trkpt>
<trkpt lat="36.184198055555555" lon="139.43817805555557">
<ele>23</ele>
</trkpt>
<trkpt lat="36.184265" lon="139.438315">
<ele>23</ele>
</trkpt>
<trkpt lat="36.184398055555555" lon="139.43850305555554">
<ele>23</ele>
</trkpt>
<trkpt lat="36.18449" lon="139.43860305555555">
<ele>23</ele>
</trkpt>
<trkpt lat="36.184598055555554" lon="139.43869">
<ele>23</ele>
</trkpt>
<trkpt lat="36.18512305555556" lon="139.438815">
<ele>23</ele>
</trkpt>
<trkpt lat="36.18529" lon="139.43884">
<ele>23</ele>
</trkpt>
<trkpt lat="36.185498055555556" lon="139.43885305555557">
<ele>23</ele>
</trkpt>
<trkpt lat="36.18564" lon="139.43884">
<ele>23</ele>
</trkpt>
<trkpt lat="36.18593111111111" lon="139.43875305555557">
<ele>23</ele>
</trkpt>
<trkpt lat="36.18619" lon="139.43867805555556">
<ele>23</ele>
</trkpt>
<trkpt lat="36.186515" lon="139.43864">
<ele>23</ele>
</trkpt>
<trkpt lat="36.18729" lon="139.438615">
<ele>23</ele>
</trkpt>
<trkpt lat="36.187365" lon="139.438615">
<ele>23</ele>
</trkpt>
<trkpt lat="36.188406111111114" lon="139.43857805555555">
<ele>23</ele>
</trkpt>
<trkpt lat="36.19002305555556" lon="139.43854">
<ele>23</ele>
</trkpt>
<trkpt lat="36.19043111111111" lon="139.438515">
<ele>23</ele>
</trkpt>
<trkpt lat="36.190646944444445" lon="139.43847805555555">
<ele>23</ele>
</trkpt>
<trkpt lat="36.190871944444446" lon="139.43839">
<ele>23</ele>
</trkpt>
<trkpt lat="36.19168888888889" lon="139.43795305555557">
<ele>23</ele>
</trkpt>
<trkpt lat="36.19179694444444" lon="139.43792805555555">
<ele>23</ele>
</trkpt>
<trkpt lat="36.19183888888889" lon="139.43792805555555">
<ele>23</ele>
</trkpt>
<trkpt lat="36.19188111111111" lon="139.43789">
<ele>23</ele>
</trkpt>
<trkpt lat="36.19210611111111" lon="139.437665">
<ele>23</ele>
</trkpt>
<trkpt lat="36.19215611111111" lon="139.437415">
<ele>23</ele>
</trkpt>
<trkpt lat="36.192188888888886" lon="139.43732805555555">
<ele>23</ele>
</trkpt>
<trkpt lat="36.19251388888889" lon="139.43694">
<ele>23</ele>
</trkpt>
<trkpt lat="36.192535" lon="139.4369088888889">
<ele>23</ele>
</trkpt>
<trkpt lat="36.192535" lon="139.4369088888889">
<ele>23</ele>
</trkpt>
<trkpt lat="36.192575" lon="139.43693416666667">
<ele>23</ele>
</trkpt>
<trkpt lat="36.192615" lon="139.4369597222222">
<ele>23</ele>
</trkpt>
<trkpt lat="36.192655" lon="139.436985">
<ele>23</ele>
</trkpt>
<trkpt lat="36.192695" lon="139.43701027777777">
<ele>23</ele>
</trkpt>
<trkpt lat="36.192735" lon="139.43703583333334">
<ele>23</ele>
</trkpt>
<trkpt lat="36.192774722222225" lon="139.43706111111112">
<ele>23</ele>
</trkpt>
<trkpt lat="36.192814722222224" lon="139.4370863888889">
<ele>23</ele>
</trkpt>
<trkpt lat="36.19285472222222" lon="139.43711194444444">
<ele>23</ele>
</trkpt>
<trkpt lat="36.19289472222222" lon="139.43713722222222">
<ele>23</ele>
</trkpt>
<trkpt lat="36.19293472222222" lon="139.4371625">
<ele>23</ele>
</trkpt>
<trkpt lat="36.192974722222225" lon="139.43718805555557">
<ele>23</ele>
</trkpt>
<trkpt lat="36.19301472222222" lon="139.43721333333335">
<ele>23</ele>
</trkpt>
<trkpt lat="36.19305472222222" lon="139.4372386111111">
<ele>23</ele>
</trkpt>
<trkpt lat="36.19309472222222" lon="139.43726416666667">
<ele>23</ele>
</trkpt>
<trkpt lat="36.193134722222226" lon="139.43728944444445">
<ele>23</ele>
</trkpt>
<trkpt lat="36.193165" lon="139.43730861111112">
<ele>23</ele>
</trkpt>
<trkpt lat="36.193165" lon="139.43730861111112">
<ele>23</ele>
</trkpt>
<trkpt lat="36.193200555555556" lon="139.4373425">
<ele>23</ele>
</trkpt>
<trkpt lat="36.19323638888889" lon="139.43737638888888">
<ele>23</ele>
</trkpt>
<trkpt lat="36.19327194444445" lon="139.4374102777778">
<ele>23</ele>
</trkpt>
<trkpt lat="36.193307777777775" lon="139.43744388888888">
<ele>23</ele>
</trkpt>
<trkpt lat="36.193312222222225" lon="139.43744833333332">
<ele>23</ele>
</trkpt>
<trkpt lat="36.193312222222225" lon="139.43744833333332">
<ele>23</ele>
</trkpt>
<trkpt lat="36.193356111111115" lon="139.43746027777777">
<ele>23</ele>
</trkpt>
<trkpt lat="36.1934" lon="139.43747222222223">
<ele>23</ele>
</trkpt>
<trkpt lat="36.193443611111114" lon="139.43748416666668">
<ele>23</ele>
</trkpt>
<trkpt lat="36.1934875" lon="139.4374961111111">
<ele>23</ele>
</trkpt>
<trkpt lat="36.193531388888886" lon="139.43750805555555">
<ele>23</ele>
</trkpt>
<trkpt lat="36.193575277777775" lon="139.43752">
<ele>23</ele>
</trkpt>
<trkpt lat="36.193619166666664" lon="139.43753194444446">
<ele>23</ele>
</trkpt>
<trkpt lat="36.193663055555554" lon="139.43754388888888">
<ele>23</ele>
</trkpt>
<trkpt lat="36.19370694444444" lon="139.43755611111112">
<ele>23</ele>
</trkpt>
<trkpt lat="36.19375083333333" lon="139.43756805555554">
<ele>23</ele>
</trkpt>
<trkpt lat="36.19379472222222" lon="139.43758">
<ele>23</ele>
</trkpt>
<trkpt lat="36.193823055555555" lon="139.43758777777776">
<ele>23</ele>
</trkpt>
<trkpt lat="36.193823055555555" lon="139.43758777777776">
<ele>23</ele>
</trkpt>
<trkpt lat="36.193867777777776" lon="139.43759055555554">
<ele>23</ele>
</trkpt>
<trkpt lat="36.193912777777776" lon="139.43759333333333">
<ele>23</ele>
</trkpt>
<trkpt lat="36.1939575" lon="139.4375961111111">
<ele>23</ele>
</trkpt>
<trkpt lat="36.1940025" lon="139.4375986111111">
<ele>23</ele>
</trkpt>
<trkpt lat="36.19403166666667" lon="139.43760055555555">
<ele>23</ele>
</trkpt>
<trkpt lat="36.19403166666667" lon="139.43760055555555">
<ele>23</ele>
</trkpt>
<trkpt lat="36.19406611111111" lon="139.437565">
<ele>23</ele>
</trkpt>
<trkpt lat="36.19410083333333" lon="139.43752916666668">
<ele>23</ele>
</trkpt>
<trkpt lat="36.194135277777775" lon="139.4374936111111">
<ele>23</ele>
</trkpt>
<trkpt lat="36.194135555555555" lon="139.43749333333332">
<ele>23</ele>
</trkpt>
<trkpt lat="36.194135555555555" lon="139.43749333333332">
<ele>23</ele>
</trkpt>
<trkpt lat="36.19415611111111" lon="139.43744388888888">
<ele>23</ele>
</trkpt>
<trkpt lat="36.19417694444444" lon="139.43739444444444">
<ele>23</ele>
</trkpt>
<trkpt lat="36.1941975" lon="139.437345">
<ele>23</ele>
</trkpt>
<trkpt lat="36.194205" lon="139.43732694444444">
<ele>23</ele>
</trkpt>
<trkpt lat="36.194205" lon="139.43732694444444">
<ele>23</ele>
</trkpt>
<trkpt lat="36.194249722222224" lon="139.4373302777778">
<ele>23</ele>
</trkpt>
<trkpt lat="36.19427861111111" lon="139.4373322222222">
<ele>23</ele>
</trkpt>
<trkpt lat="36.19427861111111" lon="139.4373322222222">
<ele>23</ele>
</trkpt>
<trkpt lat="36.19426694444444" lon="139.43738611111112">
<ele>23</ele>
</trkpt>
<trkpt lat="36.19425555555556" lon="139.43744">
<ele>23</ele>
</trkpt>
<trkpt lat="36.194244166666664" lon="139.4374938888889">
<ele>23</ele>
</trkpt>
<trkpt lat="36.1942325" lon="139.4375475">
<ele>23</ele>
</trkpt>
<trkpt lat="36.19422111111111" lon="139.43760138888888">
<ele>23</ele>
</trkpt>
<trkpt lat="36.19420972222222" lon="139.43765527777776">
<ele>23</ele>
</trkpt>
<trkpt lat="36.19419805555555" lon="139.4377088888889">
<ele>23</ele>
</trkpt>
<trkpt lat="36.19418666666667" lon="139.43776277777778">
<ele>23</ele>
</trkpt>
<trkpt lat="36.19417888888889" lon="139.43779916666668">
<ele>23</ele>
</trkpt>
<trkpt lat="36.19417888888889" lon="139.43779916666668">
<ele>23</ele>
</trkpt>
<trkpt lat="36.1941575" lon="139.43784805555555">
<ele>23</ele>
</trkpt>
<trkpt lat="36.19413611111111" lon="139.43789694444445">
<ele>23</ele>
</trkpt>
<trkpt lat="36.194114722222224" lon="139.43794583333334">
<ele>23</ele>
</trkpt>
<trkpt lat="36.194093333333335" lon="139.43799472222221">
<ele>23</ele>
</trkpt>
<trkpt lat="36.194071944444445" lon="139.4380436111111">
<ele>23</ele>
</trkpt>
<trkpt lat="36.19405027777778" lon="139.4380925">
<ele>23</ele>
</trkpt>
<trkpt lat="36.19402888888889" lon="139.43814138888888">
<ele>23</ele>
</trkpt>
<trkpt lat="36.1940075" lon="139.43819027777778">
<ele>23</ele>
</trkpt>
<trkpt lat="36.19398611111111" lon="139.43823916666668">
<ele>23</ele>
</trkpt>
<trkpt lat="36.19396472222222" lon="139.43828833333333">
<ele>23</ele>
</trkpt>
<trkpt lat="36.19394333333333" lon="139.43833722222223">
<ele>23</ele>
</trkpt>
<trkpt lat="36.19392194444445" lon="139.4383861111111">
<ele>23</ele>
</trkpt>
<trkpt lat="36.19390055555556" lon="139.438435">
<ele>23</ele>
</trkpt>
<trkpt lat="36.19387888888889" lon="139.4384838888889">
<ele>23</ele>
</trkpt>
<trkpt lat="36.19387583333334" lon="139.43849111111112">
<ele>23</ele>
</trkpt>
<trkpt lat="36.19387583333334" lon="139.43849111111112">
<ele>23</ele>
</trkpt>
<trkpt lat="36.193849444444446" lon="139.43853611111112">
<ele>23</ele>
</trkpt>
<trkpt lat="36.193823333333334" lon="139.43858111111112">
<ele>23</ele>
</trkpt>
<trkpt lat="36.19379694444444" lon="139.43862638888888">
<ele>23</ele>
</trkpt>
<trkpt lat="36.19377055555555" lon="139.43867138888888">
<ele>23</ele>
</trkpt>
<trkpt lat="36.19374416666667" lon="139.43871666666666">
<ele>23</ele>
</trkpt>
<trkpt lat="36.19371805555556" lon="139.43876166666666">
<ele>23</ele>
</trkpt>
<trkpt lat="36.193691666666666" lon="139.43880666666666">
<ele>23</ele>
</trkpt>
<trkpt lat="36.1936725" lon="139.4388397222222">
<ele>23</ele>
</trkpt>
<trkpt lat="36.1936725" lon="139.4388397222222">
<ele>23</ele>
</trkpt>
<trkpt lat="36.19364111111111" lon="139.43887944444444">
<ele>23</ele>
</trkpt>
<trkpt lat="36.19360972222222" lon="139.43891944444445">
<ele>23</ele>
</trkpt>
<trkpt lat="36.193578333333335" lon="139.43895916666668">
<ele>23</ele>
</trkpt>
<trkpt lat="36.19354694444444" lon="139.43899916666666">
<ele>23</ele>
</trkpt>
<trkpt lat="36.19351555555556" lon="139.4390388888889">
<ele>23</ele>
</trkpt>
<trkpt lat="36.19349916666667" lon="139.43905972222223">
<ele>23</ele>
</trkpt>
<trkpt lat="36.19349916666667" lon="139.43905972222223">
<ele>23</ele>
</trkpt>
<trkpt lat="36.193469444444446" lon="139.4391011111111">
<ele>23</ele>
</trkpt>
<trkpt lat="36.193439444444444" lon="139.4391427777778">
<ele>23</ele>
</trkpt>
<trkpt lat="36.19340972222222" lon="139.43918444444444">
<ele>23</ele>
</trkpt>
<trkpt lat="36.193379722222225" lon="139.43922583333332">
<ele>23</ele>
</trkpt>
<trkpt lat="36.19335" lon="139.4392675">
<ele>23</ele>
</trkpt>
<trkpt lat="36.19332" lon="139.43930916666667">
<ele>23</ele>
</trkpt>
<trkpt lat="36.19329027777778" lon="139.43935055555556">
<ele>23</ele>
</trkpt>
<trkpt lat="36.193260277777775" lon="139.4393922222222">
<ele>23</ele>
</trkpt>
<trkpt lat="36.19323027777778" lon="139.4394336111111">
<ele>23</ele>
</trkpt>
<trkpt lat="36.193200555555556" lon="139.43947527777777">
<ele>23</ele>
</trkpt>
<trkpt lat="36.193170555555554" lon="139.43951694444445">
<ele>23</ele>
</trkpt>
<trkpt lat="36.19314083333333" lon="139.43955833333334">
<ele>23</ele>
</trkpt>
<trkpt lat="36.193110833333336" lon="139.4396">
<ele>23</ele>
</trkpt>
<trkpt lat="36.19308111111111" lon="139.43964166666666">
<ele>23</ele>
</trkpt>
<trkpt lat="36.19305111111111" lon="139.43968305555555">
<ele>22</ele>
</trkpt>
<trkpt lat="36.19302138888889" lon="139.43972472222222">
<ele>22</ele>
</trkpt>
<trkpt lat="36.19300583333333" lon="139.4397463888889">
<ele>22</ele>
</trkpt>
<trkpt lat="36.19300583333333" lon="139.4397463888889">
<ele>22</ele>
</trkpt>
<trkpt lat="36.192974444444445" lon="139.43979861111112">
<ele>22</ele>
</trkpt>
<trkpt lat="36.19294333333333" lon="139.43985083333334">
<ele>22</ele>
</trkpt>
<trkpt lat="36.19291194444445" lon="139.43990305555556">
<ele>22</ele>
</trkpt>
<trkpt lat="36.192880833333334" lon="139.43995527777778">
<ele>22</ele>
</trkpt>
<trkpt lat="36.19284972222222" lon="139.4400075">
<ele>22</ele>
</trkpt>
<trkpt lat="36.192818333333335" lon="139.44005972222223">
<ele>22</ele>
</trkpt>
<trkpt lat="36.19278722222222" lon="139.44011194444445">
<ele>22</ele>
</trkpt>
<trkpt lat="36.19275611111111" lon="139.44016416666668">
<ele>22</ele>
</trkpt>
<trkpt lat="36.19272472222222" lon="139.4402163888889">
<ele>22</ele>
</trkpt>
<trkpt lat="36.19269361111111" lon="139.44026861111112">
<ele>22</ele>
</trkpt>
<trkpt lat="36.192662222222225" lon="139.44032083333335">
<ele>22</ele>
</trkpt>
<trkpt lat="36.19263111111111" lon="139.44037305555557">
<ele>22</ele>
</trkpt>
<trkpt lat="36.1926" lon="139.4404252777778">
<ele>22</ele>
</trkpt>
<trkpt lat="36.19256861111111" lon="139.4404775">
<ele>22</ele>
</trkpt>
<trkpt lat="36.1925375" lon="139.4405297222222">
<ele>22</ele>
</trkpt>
<trkpt lat="36.19250638888889" lon="139.44058194444443">
<ele>22</ele>
</trkpt>
<trkpt lat="36.192475" lon="139.44063416666665">
<ele>22</ele>
</trkpt>
<trkpt lat="36.19244388888889" lon="139.44068638888888">
<ele>22</ele>
</trkpt>
<trkpt lat="36.1924125" lon="139.4407386111111">
<ele>22</ele>
</trkpt>
<trkpt lat="36.1924125" lon="139.4407386111111">
<ele>22</ele>
</trkpt>
<trkpt lat="36.192390833333334" lon="139.4407875">
<ele>22</ele>
</trkpt>
<trkpt lat="36.192369166666666" lon="139.4408361111111">
<ele>22</ele>
</trkpt>
<trkpt lat="36.1923475" lon="139.440885">
<ele>22</ele>
</trkpt>
<trkpt lat="36.192325833333335" lon="139.44093388888888">
<ele>22</ele>
</trkpt>
<trkpt lat="36.192304444444446" lon="139.4409825">
<ele>22</ele>
</trkpt>
<trkpt lat="36.19228277777778" lon="139.4410313888889">
<ele>22</ele>
</trkpt>
<trkpt lat="36.19226111111111" lon="139.44108">
<ele>22</ele>
</trkpt>
<trkpt lat="36.192239444444446" lon="139.4411288888889">
<ele>22</ele>
</trkpt>
<trkpt lat="36.19221777777778" lon="139.4411775">
<ele>22</ele>
</trkpt>
<trkpt lat="36.19219611111111" lon="139.44122638888888">
<ele>22</ele>
</trkpt>
<trkpt lat="36.19217444444445" lon="139.441275">
<ele>22</ele>
</trkpt>
<trkpt lat="36.19215277777778" lon="139.44132333333334">
<ele>22</ele>
</trkpt>
<trkpt lat="36.19215277777778" lon="139.44132333333334">
<ele>22</ele>
</trkpt>
<trkpt lat="36.19213416666667" lon="139.44137416666666">
<ele>22</ele>
</trkpt>
<trkpt lat="36.19211555555555" lon="139.44142472222222">
<ele>22</ele>
</trkpt>
<trkpt lat="36.192096944444444" lon="139.44147527777778">
<ele>22</ele>
</trkpt>
<trkpt lat="36.192078333333335" lon="139.44152583333334">
<ele>22</ele>
</trkpt>
<trkpt lat="36.192059444444446" lon="139.44157666666666">
<ele>22</ele>
</trkpt>
<trkpt lat="36.19204083333333" lon="139.44162722222222">
<ele>22</ele>
</trkpt>
<trkpt lat="36.19202222222222" lon="139.44167777777778">
<ele>22</ele>
</trkpt>
<trkpt lat="36.19200361111111" lon="139.44172833333334">
<ele>22</ele>
</trkpt>
<trkpt lat="36.19199277777778" lon="139.44175805555557">
<ele>22</ele>
</trkpt>
<trkpt lat="36.19199277777778" lon="139.44175805555557">
<ele>22</ele>
</trkpt>
<trkpt lat="36.19197722222222" lon="139.4418102777778">
<ele>22</ele>
</trkpt>
<trkpt lat="36.191961944444444" lon="139.4418625">
<ele>22</ele>
</trkpt>
<trkpt lat="36.19194638888889" lon="139.44191472222224">
<ele>22</ele>
</trkpt>
<trkpt lat="36.19193111111111" lon="139.44196694444443">
<ele>22</ele>
</trkpt>
<trkpt lat="36.19191555555555" lon="139.44201944444444">
<ele>22</ele>
</trkpt>
<trkpt lat="36.191900277777776" lon="139.44207166666666">
<ele>22</ele>
</trkpt>
<trkpt lat="36.19188472222222" lon="139.4421238888889">
<ele>22</ele>
</trkpt>
<trkpt lat="36.19186944444444" lon="139.4421761111111">
<ele>22</ele>
</trkpt>
<trkpt lat="36.191853888888886" lon="139.44222833333333">
<ele>22</ele>
</trkpt>
<trkpt lat="36.19183861111111" lon="139.44228083333334">
<ele>22</ele>
</trkpt>
<trkpt lat="36.19182305555555" lon="139.44233305555557">
<ele>22</ele>
</trkpt>
<trkpt lat="36.191810833333335" lon="139.442375">
<ele>22</ele>
</trkpt>
<trkpt lat="36.191810833333335" lon="139.442375">
<ele>22</ele>
</trkpt>
<trkpt lat="36.19179861111111" lon="139.4424286111111">
<ele>22</ele>
</trkpt>
<trkpt lat="36.191786666666665" lon="139.44248194444444">
<ele>22</ele>
</trkpt>
<trkpt lat="36.19177444444444" lon="139.44253555555557">
<ele>22</ele>
</trkpt>
<trkpt lat="36.1917625" lon="139.44258916666666">
<ele>22</ele>
</trkpt>
<trkpt lat="36.19175027777778" lon="139.4426427777778">
<ele>22</ele>
</trkpt>
<trkpt lat="36.19173833333333" lon="139.4426963888889">
<ele>22</ele>
</trkpt>
<trkpt lat="36.19172611111111" lon="139.44275">
<ele>22</ele>
</trkpt>
<trkpt lat="36.191714166666664" lon="139.44280361111112">
<ele>22</ele>
</trkpt>
<trkpt lat="36.191701944444446" lon="139.44285722222222">
<ele>22</ele>
</trkpt>
<trkpt lat="36.191698333333335" lon="139.4428738888889">
<ele>22</ele>
</trkpt>
<trkpt lat="36.191698333333335" lon="139.4428738888889">
<ele>22</ele>
</trkpt>
<trkpt lat="36.19168888888889" lon="139.44294916666666">
<ele>22</ele>
</trkpt>
<trkpt lat="36.191679722222226" lon="139.44302444444443">
<ele>22</ele>
</trkpt>
<trkpt lat="36.191670277777774" lon="139.4431">
<ele>22</ele>
</trkpt>
<trkpt lat="36.19166083333333" lon="139.44317527777778">
<ele>22</ele>
</trkpt>
<trkpt lat="36.191651666666665" lon="139.44325055555555">
<ele>22</ele>
</trkpt>
<trkpt lat="36.19164222222222" lon="139.4433261111111">
<ele>22</ele>
</trkpt>
<trkpt lat="36.19163277777778" lon="139.4434013888889">
<ele>22</ele>
</trkpt>
<trkpt lat="36.19162361111111" lon="139.44347694444446">
<ele>22</ele>
</trkpt>
<trkpt lat="36.19161416666667" lon="139.44355222222222">
<ele>22</ele>
</trkpt>
<trkpt lat="36.19160472222222" lon="139.4436275">
<ele>22</ele>
</trkpt>
<trkpt lat="36.19159555555556" lon="139.44370305555555">
<ele>22</ele>
</trkpt>
<trkpt lat="36.191586111111114" lon="139.44377833333334">
<ele>22</ele>
</trkpt>
<trkpt lat="36.19157694444444" lon="139.4438538888889">
<ele>22</ele>
</trkpt>
<trkpt lat="36.1915675" lon="139.44392916666666">
<ele>22</ele>
</trkpt>
<trkpt lat="36.191558055555554" lon="139.44400444444443">
<ele>22</ele>
</trkpt>
<trkpt lat="36.19154888888889" lon="139.44408">
<ele>22</ele>
</trkpt>
<trkpt lat="36.191539444444444" lon="139.44415527777778">
<ele>22</ele>
</trkpt>
<trkpt lat="36.19153" lon="139.44423055555555">
<ele>22</ele>
</trkpt>
<trkpt lat="36.191520833333335" lon="139.4443061111111">
<ele>22</ele>
</trkpt>
<trkpt lat="36.191520833333335" lon="139.4443061111111">
<ele>22</ele>
</trkpt>
<trkpt lat="36.19151472222222" lon="139.44437166666665">
<ele>22</ele>
</trkpt>
<trkpt lat="36.19150888888889" lon="139.44443694444445">
<ele>22</ele>
</trkpt>
<trkpt lat="36.19150305555556" lon="139.4445025">
<ele>22</ele>
</trkpt>
<trkpt lat="36.191496944444445" lon="139.44456805555555">
<ele>23</ele>
</trkpt>
<trkpt lat="36.19149111111111" lon="139.4446336111111">
<ele>23</ele>
</trkpt>
<trkpt lat="36.19148527777778" lon="139.44469916666668">
<ele>23</ele>
</trkpt>
<trkpt lat="36.19147916666667" lon="139.44476472222223">
<ele>23</ele>
</trkpt>
<trkpt lat="36.191473333333334" lon="139.44483">
<ele>23</ele>
</trkpt>
<trkpt lat="36.1914675" lon="139.44489555555555">
<ele>24</ele>
</trkpt>
<trkpt lat="36.19146138888889" lon="139.4449611111111">
<ele>24</ele>
</trkpt>
<trkpt lat="36.19145555555556" lon="139.44502666666668">
<ele>24</ele>
</trkpt>
<trkpt lat="36.191449722222224" lon="139.44509222222223">
<ele>24</ele>
</trkpt>
<trkpt lat="36.19144361111111" lon="139.4451575">
<ele>24</ele>
</trkpt>
<trkpt lat="36.19143777777778" lon="139.44522305555554">
<ele>24</ele>
</trkpt>
<trkpt lat="36.191431944444446" lon="139.44528861111112">
<ele>24</ele>
</trkpt>
<trkpt lat="36.19142611111111" lon="139.44535416666668">
<ele>24</ele>
</trkpt>
<trkpt lat="36.19142" lon="139.44541972222223">
<ele>24</ele>
</trkpt>
<trkpt lat="36.19141416666667" lon="139.445485">
<ele>24</ele>
</trkpt>
<trkpt lat="36.191408333333335" lon="139.44555055555554">
<ele>24</ele>
</trkpt>
<trkpt lat="36.191408333333335" lon="139.44555055555554">
<ele>24</ele>
</trkpt>
<trkpt lat="36.191402777777775" lon="139.445635">
<ele>24</ele>
</trkpt>
<trkpt lat="36.19139722222222" lon="139.44571944444445">
<ele>24</ele>
</trkpt>
<trkpt lat="36.19139166666667" lon="139.4458038888889">
<ele>24</ele>
</trkpt>
<trkpt lat="36.19138638888889" lon="139.44588833333333">
<ele>24</ele>
</trkpt>
<trkpt lat="36.191380833333334" lon="139.44597277777777">
<ele>24</ele>
</trkpt>
<trkpt lat="36.19137527777778" lon="139.4460572222222">
<ele>24</ele>
</trkpt>
<trkpt lat="36.19137" lon="139.44614166666668">
<ele>24</ele>
</trkpt>
<trkpt lat="36.191364444444446" lon="139.44622583333333">
<ele>24</ele>
</trkpt>
<trkpt lat="36.19135888888889" lon="139.44631027777777">
<ele>24</ele>
</trkpt>
<trkpt lat="36.19135361111111" lon="139.4463947222222">
<ele>24</ele>
</trkpt>
<trkpt lat="36.19134805555556" lon="139.44647916666668">
<ele>24</ele>
</trkpt>
<trkpt lat="36.1913425" lon="139.44656361111112">
<ele>24</ele>
</trkpt>
<trkpt lat="36.191337222222224" lon="139.44664805555556">
<ele>24</ele>
</trkpt>
<trkpt lat="36.19133166666666" lon="139.4467325">
<ele>24</ele>
</trkpt>
<trkpt lat="36.19132611111111" lon="139.44681694444444">
<ele>24</ele>
</trkpt>
<trkpt lat="36.191320833333336" lon="139.44690138888888">
<ele>24</ele>
</trkpt>
<trkpt lat="36.191315277777775" lon="139.44698583333334">
<ele>24</ele>
</trkpt>
<trkpt lat="36.19130972222222" lon="139.44707027777778">
<ele>24</ele>
</trkpt>
<trkpt lat="36.19130416666667" lon="139.44715444444444">
<ele>24</ele>
</trkpt>
<trkpt lat="36.19130416666667" lon="139.44715444444444">
<ele>24</ele>
</trkpt>
<trkpt lat="36.191294166666665" lon="139.4472088888889">
<ele>24</ele>
</trkpt>
<trkpt lat="36.19128416666667" lon="139.44726305555557">
<ele>24</ele>
</trkpt>
<trkpt lat="36.19127388888889" lon="139.4473172222222">
<ele>24</ele>
</trkpt>
<trkpt lat="36.19126388888889" lon="139.44737138888888">
<ele>24</ele>
</trkpt>
<trkpt lat="36.19125388888889" lon="139.44742583333334">
<ele>24</ele>
</trkpt>
<trkpt lat="36.19124361111111" lon="139.44748">
<ele>24</ele>
</trkpt>
<trkpt lat="36.19123361111111" lon="139.44753416666666">
<ele>24</ele>
</trkpt>
<trkpt lat="36.191226388888886" lon="139.44757305555555">
<ele>24</ele>
</trkpt>
<trkpt lat="36.191226388888886" lon="139.44757305555555">
<ele>24</ele>
</trkpt>
<trkpt lat="36.19121138888889" lon="139.44762555555556">
<ele>24</ele>
</trkpt>
<trkpt lat="36.19119638888889" lon="139.44767805555554">
<ele>24</ele>
</trkpt>
<trkpt lat="36.191181388888886" lon="139.44773055555555">
<ele>24</ele>
</trkpt>
<trkpt lat="36.19116666666667" lon="139.44778305555556">
<ele>24</ele>
</trkpt>
<trkpt lat="36.19115166666667" lon="139.44783527777778">
<ele>24</ele>
</trkpt>
<trkpt lat="36.191136666666665" lon="139.44788777777777">
<ele>24</ele>
</trkpt>
<trkpt lat="36.19112166666667" lon="139.44794027777778">
<ele>24</ele>
</trkpt>
<trkpt lat="36.19110666666667" lon="139.44799277777778">
<ele>24</ele>
</trkpt>
<trkpt lat="36.191091944444445" lon="139.44804527777777">
<ele>24</ele>
</trkpt>
<trkpt lat="36.19107694444445" lon="139.44809777777778">
<ele>24</ele>
</trkpt>
<trkpt lat="36.191070555555555" lon="139.44812027777778">
<ele>24</ele>
</trkpt>
<trkpt lat="36.191070555555555" lon="139.44812027777778">
<ele>24</ele>
</trkpt>
<trkpt lat="36.19103888888889" lon="139.44820805555557">
<ele>24</ele>
</trkpt>
<trkpt lat="36.191007222222225" lon="139.44829583333333">
<ele>24</ele>
</trkpt>
<trkpt lat="36.19097555555555" lon="139.4483836111111">
<ele>24</ele>
</trkpt>
<trkpt lat="36.19094388888889" lon="139.4484713888889">
<ele>24</ele>
</trkpt>
<trkpt lat="36.190912222222224" lon="139.44855916666666">
<ele>24</ele>
</trkpt>
<trkpt lat="36.19088055555556" lon="139.44864694444445">
<ele>24</ele>
</trkpt>
<trkpt lat="36.19084888888889" lon="139.4487347222222">
<ele>24</ele>
</trkpt>
<trkpt lat="36.19081722222222" lon="139.4488225">
<ele>24</ele>
</trkpt>
<trkpt lat="36.19078555555556" lon="139.44891055555556">
<ele>24</ele>
</trkpt>
<trkpt lat="36.19075388888889" lon="139.44899833333332">
<ele>24</ele>
</trkpt>
<trkpt lat="36.19072222222222" lon="139.44908611111111">
<ele>24</ele>
</trkpt>
<trkpt lat="36.190690555555555" lon="139.44917388888888">
<ele>24</ele>
</trkpt>
<trkpt lat="36.19065888888889" lon="139.44926166666667">
<ele>24</ele>
</trkpt>
<trkpt lat="36.190627222222226" lon="139.44934944444444">
<ele>24</ele>
</trkpt>
<trkpt lat="36.190595555555554" lon="139.44943722222223">
<ele>24</ele>
</trkpt>
<trkpt lat="36.19056361111111" lon="139.449525">
<ele>24</ele>
</trkpt>
<trkpt lat="36.190531944444444" lon="139.4496127777778">
<ele>24</ele>
</trkpt>
<trkpt lat="36.19050027777778" lon="139.44970083333334">
<ele>24</ele>
</trkpt>
<trkpt lat="36.19046861111111" lon="139.4497886111111">
<ele>24</ele>
</trkpt>
<trkpt lat="36.19046861111111" lon="139.4497886111111">
<ele>24</ele>
</trkpt>
<trkpt lat="36.190444444444445" lon="139.44986138888888">
<ele>24</ele>
</trkpt>
<trkpt lat="36.190420555555555" lon="139.44993416666668">
<ele>24</ele>
</trkpt>
<trkpt lat="36.19039638888889" lon="139.45000694444445">
<ele>24</ele>
</trkpt>
<trkpt lat="36.19037222222222" lon="139.45008">
<ele>24</ele>
</trkpt>
<trkpt lat="36.19034805555555" lon="139.4501527777778">
<ele>24</ele>
</trkpt>
<trkpt lat="36.19032388888889" lon="139.45022555555556">
<ele>24</ele>
</trkpt>
<trkpt lat="36.19029972222222" lon="139.45029833333334">
<ele>24</ele>
</trkpt>
<trkpt lat="36.19027555555556" lon="139.4503713888889">
<ele>24</ele>
</trkpt>
<trkpt lat="36.19025138888889" lon="139.45044416666667">
<ele>24</ele>
</trkpt>
<trkpt lat="36.19022722222222" lon="139.45051694444444">
<ele>24</ele>
</trkpt>
<trkpt lat="36.19020305555556" lon="139.45058972222222">
<ele>24</ele>
</trkpt>
<trkpt lat="36.19017888888889" lon="139.4506625">
<ele>24</ele>
</trkpt>
<trkpt lat="36.190154722222225" lon="139.45073555555555">
<ele>24</ele>
</trkpt>
<trkpt lat="36.190130555555555" lon="139.45080833333333">
<ele>24</ele>
</trkpt>
<trkpt lat="36.190106388888886" lon="139.4508811111111">
<ele>24</ele>
</trkpt>
<trkpt lat="36.19008222222222" lon="139.45095388888888">
<ele>24</ele>
</trkpt>
<trkpt lat="36.19005805555555" lon="139.45102694444444">
<ele>24</ele>
</trkpt>
<trkpt lat="36.19003388888889" lon="139.4510997222222">
<ele>24</ele>
</trkpt>
<trkpt lat="36.19000972222222" lon="139.4511725">
<ele>24</ele>
</trkpt>
<trkpt lat="36.19000972222222" lon="139.4511725">
<ele>24</ele>
</trkpt>
<trkpt lat="36.19000972222222" lon="139.4511725">
<ele>24</ele>
</trkpt>
<trkpt lat="36.189977222222225" lon="139.45126861111112">
<ele>24</ele>
</trkpt>
<trkpt lat="36.18994444444444" lon="139.45136472222222">
<ele>24</ele>
</trkpt>
<trkpt lat="36.18991166666667" lon="139.45146083333333">
<ele>24</ele>
</trkpt>
<trkpt lat="36.18987888888889" lon="139.45155694444443">
<ele>24</ele>
</trkpt>
<trkpt lat="36.18984611111111" lon="139.45165305555557">
<ele>24</ele>
</trkpt>
<trkpt lat="36.18981333333333" lon="139.4517488888889">
<ele>24</ele>
</trkpt>
<trkpt lat="36.18978083333333" lon="139.451845">
<ele>24</ele>
</trkpt>
<trkpt lat="36.189748055555555" lon="139.4519411111111">
<ele>24</ele>
</trkpt>
<trkpt lat="36.18971527777778" lon="139.45203722222223">
<ele>24</ele>
</trkpt>
<trkpt lat="36.1896825" lon="139.45213333333334">
<ele>24</ele>
</trkpt>
<trkpt lat="36.18964972222222" lon="139.45222944444444">
<ele>24</ele>
</trkpt>
<trkpt lat="36.189617222222225" lon="139.45232555555555">
<ele>24</ele>
</trkpt>
<trkpt lat="36.18958444444444" lon="139.45242166666668">
<ele>24</ele>
</trkpt>
<trkpt lat="36.18955166666667" lon="139.45251777777779">
<ele>24</ele>
</trkpt>
<trkpt lat="36.18951888888889" lon="139.4526136111111">
<ele>24</ele>
</trkpt>
<trkpt lat="36.18948611111111" lon="139.4527097222222">
<ele>24</ele>
</trkpt>
<trkpt lat="36.18945361111111" lon="139.45280583333334">
<ele>24</ele>
</trkpt>
<trkpt lat="36.18942083333334" lon="139.45290194444445">
<ele>24</ele>
</trkpt>
<trkpt lat="36.189388055555554" lon="139.45299805555555">
<ele>24</ele>
</trkpt>
<trkpt lat="36.18935527777778" lon="139.45309416666666">
<ele>24</ele>
</trkpt>
<trkpt lat="36.1893225" lon="139.45319027777776">
<ele>24</ele>
</trkpt>
<trkpt lat="36.18929" lon="139.4532863888889">
<ele>24</ele>
</trkpt>
<trkpt lat="36.189257222222224" lon="139.45338222222222">
<ele>24</ele>
</trkpt>
<trkpt lat="36.18922444444444" lon="139.45347833333332">
<ele>24</ele>
</trkpt>
<trkpt lat="36.189191666666666" lon="139.45357444444446">
<ele>24</ele>
</trkpt>
<trkpt lat="36.18915888888889" lon="139.45367055555556">
<ele>24</ele>
</trkpt>
<trkpt lat="36.18912638888889" lon="139.45376666666667">
<ele>24</ele>
</trkpt>
<trkpt lat="36.18909361111111" lon="139.45386277777777">
<ele>24</ele>
</trkpt>
<trkpt lat="36.189060833333336" lon="139.45395888888888">
<ele>24</ele>
</trkpt>
<trkpt lat="36.18902805555555" lon="139.454055">
<ele>24</ele>
</trkpt>
<trkpt lat="36.18899527777778" lon="139.45415111111112">
<ele>24</ele>
</trkpt>
<trkpt lat="36.188962777777775" lon="139.45424694444444">
<ele>24</ele>
</trkpt>
<trkpt lat="36.18893" lon="139.45434305555557">
<ele>24</ele>
</trkpt>
<trkpt lat="36.188897222222224" lon="139.45443916666667">
<ele>24</ele>
</trkpt>
<trkpt lat="36.18886444444444" lon="139.45453527777778">
<ele>24</ele>
</trkpt>
<trkpt lat="36.188831666666665" lon="139.45463138888888">
<ele>24</ele>
</trkpt>
<trkpt lat="36.18879888888889" lon="139.4547275">
<ele>24</ele>
</trkpt>
<trkpt lat="36.18876638888889" lon="139.45482361111112">
<ele>24</ele>
</trkpt>
<trkpt lat="36.18876638888889" lon="139.45482361111112">
<ele>24</ele>
</trkpt>
<trkpt lat="36.18872805555556" lon="139.45492694444445">
<ele>24</ele>
</trkpt>
<trkpt lat="36.18868972222222" lon="139.45503027777778">
<ele>24</ele>
</trkpt>
<trkpt lat="36.188651388888886" lon="139.4551336111111">
<ele>24</ele>
</trkpt>
<trkpt lat="36.18861305555556" lon="139.45523694444444">
<ele>24</ele>
</trkpt>
<trkpt lat="36.188575" lon="139.45534027777776">
<ele>24</ele>
</trkpt>
<trkpt lat="36.188536666666664" lon="139.45544361111112">
<ele>24</ele>
</trkpt>
<trkpt lat="36.188498333333335" lon="139.45554694444445">
<ele>24</ele>
</trkpt>
<trkpt lat="36.18846" lon="139.45565027777778">
<ele>24</ele>
</trkpt>
<trkpt lat="36.18842166666666" lon="139.4557536111111">
<ele>24</ele>
</trkpt>
<trkpt lat="36.188383611111114" lon="139.45585694444443">
<ele>24</ele>
</trkpt>
<trkpt lat="36.18834527777778" lon="139.4559602777778">
<ele>24</ele>
</trkpt>
<trkpt lat="36.18830694444444" lon="139.45606361111112">
<ele>24</ele>
</trkpt>
<trkpt lat="36.18826861111111" lon="139.45616694444445">
<ele>24</ele>
</trkpt>
<trkpt lat="36.18823027777778" lon="139.45627027777778">
<ele>24</ele>
</trkpt>
<trkpt lat="36.18819194444445" lon="139.4563736111111">
<ele>24</ele>
</trkpt>
<trkpt lat="36.18815388888889" lon="139.45647694444443">
<ele>24</ele>
</trkpt>
<trkpt lat="36.188115555555555" lon="139.4565802777778">
<ele>24</ele>
</trkpt>
<trkpt lat="36.18807722222222" lon="139.45668361111112">
<ele>24</ele>
</trkpt>
<trkpt lat="36.18803888888889" lon="139.45678694444445">
<ele>24</ele>
</trkpt>
<trkpt lat="36.18803888888889" lon="139.45678694444445">
<ele>24</ele>
</trkpt>
<trkpt lat="36.18803888888889" lon="139.45678694444445">
<ele>24</ele>
</trkpt>
<trkpt lat="36.18799833333333" lon="139.45690444444443">
<ele>24</ele>
</trkpt>
<trkpt lat="36.187957777777775" lon="139.45702194444445">
<ele>24</ele>
</trkpt>
<trkpt lat="36.187917222222225" lon="139.45713916666668">
<ele>24</ele>
</trkpt>
<trkpt lat="36.18787666666667" lon="139.45725666666667">
<ele>24</ele>
</trkpt>
<trkpt lat="36.18783611111111" lon="139.45737416666665">
<ele>24</ele>
</trkpt>
<trkpt lat="36.18779555555555" lon="139.45749166666667">
<ele>24</ele>
</trkpt>
<trkpt lat="36.187755" lon="139.45760916666666">
<ele>24</ele>
</trkpt>
<trkpt lat="36.187714444444445" lon="139.45772666666667">
<ele>24</ele>
</trkpt>
<trkpt lat="36.18767388888889" lon="139.4578438888889">
<ele>24</ele>
</trkpt>
<trkpt lat="36.18763333333333" lon="139.4579613888889">
<ele>24</ele>
</trkpt>
<trkpt lat="36.18759277777778" lon="139.45807888888888">
<ele>24</ele>
</trkpt>
<trkpt lat="36.18755222222222" lon="139.4581963888889">
<ele>24</ele>
</trkpt>
<trkpt lat="36.187511666666666" lon="139.45831388888888">
<ele>24</ele>
</trkpt>
<trkpt lat="36.18747111111111" lon="139.4584313888889">
<ele>24</ele>
</trkpt>
<trkpt lat="36.18743055555556" lon="139.4585486111111">
<ele>24</ele>
</trkpt>
<trkpt lat="36.18739" lon="139.4586661111111">
<ele>24</ele>
</trkpt>
<trkpt lat="36.18734944444444" lon="139.4587836111111">
<ele>24</ele>
</trkpt>
<trkpt lat="36.187308888888886" lon="139.45890111111112">
<ele>23</ele>
</trkpt>
<trkpt lat="36.187268333333336" lon="139.4590186111111">
<ele>23</ele>
</trkpt>
<trkpt lat="36.187268333333336" lon="139.4590186111111">
<ele>23</ele>
</trkpt>
<trkpt lat="36.187268333333336" lon="139.4590186111111">
<ele>23</ele>
</trkpt>
<trkpt lat="36.18724638888889" lon="139.4591061111111">
<ele>23</ele>
</trkpt>
<trkpt lat="36.187224444444446" lon="139.45919361111112">
<ele>23</ele>
</trkpt>
<trkpt lat="36.18720277777778" lon="139.45928111111112">
<ele>23</ele>
</trkpt>
<trkpt lat="36.187180833333336" lon="139.4593686111111">
<ele>23</ele>
</trkpt>
<trkpt lat="36.18715888888889" lon="139.4594561111111">
<ele>22</ele>
</trkpt>
<trkpt lat="36.18713694444445" lon="139.45954361111112">
<ele>22</ele>
</trkpt>
<trkpt lat="36.18711527777778" lon="139.45963111111112">
<ele>22</ele>
</trkpt>
<trkpt lat="36.18709333333333" lon="139.4597186111111">
<ele>22</ele>
</trkpt>
<trkpt lat="36.18707138888889" lon="139.4598061111111">
<ele>22</ele>
</trkpt>
<trkpt lat="36.18704944444445" lon="139.4598938888889">
<ele>22</ele>
</trkpt>
<trkpt lat="36.18702777777778" lon="139.45998138888888">
<ele>22</ele>
</trkpt>
<trkpt lat="36.18700583333333" lon="139.46006888888888">
<ele>22</ele>
</trkpt>
<trkpt lat="36.18698388888889" lon="139.4601563888889">
<ele>22</ele>
</trkpt>
<trkpt lat="36.18696194444444" lon="139.4602438888889">
<ele>22</ele>
</trkpt>
<trkpt lat="36.18694027777778" lon="139.46033138888887">
<ele>22</ele>
</trkpt>
<trkpt lat="36.18691833333333" lon="139.46041888888888">
<ele>22</ele>
</trkpt>
<trkpt lat="36.18689638888889" lon="139.4605063888889">
<ele>22</ele>
</trkpt>
<trkpt lat="36.18687444444444" lon="139.4605938888889">
<ele>22</ele>
</trkpt>
<trkpt lat="36.18685277777778" lon="139.4606813888889">
<ele>21</ele>
</trkpt>
<trkpt lat="36.18685277777778" lon="139.4606813888889">
<ele>21</ele>
</trkpt>
<trkpt lat="36.18685277777778" lon="139.4606813888889">
<ele>21</ele>
</trkpt>
<trkpt lat="36.1868175" lon="139.46084638888888">
<ele>21</ele>
</trkpt>
<trkpt lat="36.1867825" lon="139.4610113888889">
<ele>21</ele>
</trkpt>
<trkpt lat="36.1867475" lon="139.46117611111112">
<ele>21</ele>
</trkpt>
<trkpt lat="36.18671222222222" lon="139.46134111111112">
<ele>21</ele>
</trkpt>
<trkpt lat="36.18667722222222" lon="139.46150583333332">
<ele>21</ele>
</trkpt>
<trkpt lat="36.186642222222225" lon="139.46167083333333">
<ele>21</ele>
</trkpt>
<trkpt lat="36.18660694444444" lon="139.46183555555555">
<ele>21</ele>
</trkpt>
<trkpt lat="36.186571944444445" lon="139.46200055555556">
<ele>21</ele>
</trkpt>
<trkpt lat="36.18653694444444" lon="139.46216555555554">
<ele>21</ele>
</trkpt>
<trkpt lat="36.186501666666665" lon="139.46233027777777">
<ele>21</ele>
</trkpt>
<trkpt lat="36.18646666666667" lon="139.46249527777778">
<ele>21</ele>
</trkpt>
<trkpt lat="36.186431666666664" lon="139.46266">
<ele>21</ele>
</trkpt>
<trkpt lat="36.18639638888889" lon="139.462825">
<ele>21</ele>
</trkpt>
<trkpt lat="36.18636138888889" lon="139.46299">
<ele>21</ele>
</trkpt>
<trkpt lat="36.18632638888889" lon="139.4631547222222">
<ele>21</ele>
</trkpt>
<trkpt lat="36.18629111111111" lon="139.46331972222222">
<ele>22</ele>
</trkpt>
<trkpt lat="36.18625611111111" lon="139.46348444444445">
<ele>22</ele>
</trkpt>
<trkpt lat="36.18622111111111" lon="139.46364944444446">
<ele>22</ele>
</trkpt>
<trkpt lat="36.18618583333333" lon="139.46381444444444">
<ele>22</ele>
</trkpt>
<trkpt lat="36.18618583333333" lon="139.46381444444444">
<ele>22</ele>
</trkpt>
<trkpt lat="36.186166944444444" lon="139.4638647222222">
<ele>22</ele>
</trkpt>
<trkpt lat="36.186148333333335" lon="139.46391527777777">
<ele>22</ele>
</trkpt>
<trkpt lat="36.18612944444445" lon="139.46396583333333">
<ele>22</ele>
</trkpt>
<trkpt lat="36.18611055555556" lon="139.4640163888889">
<ele>22</ele>
</trkpt>
<trkpt lat="36.18609166666667" lon="139.46406694444445">
<ele>22</ele>
</trkpt>
<trkpt lat="36.18607305555555" lon="139.4641175">
<ele>22</ele>
</trkpt>
<trkpt lat="36.186054166666665" lon="139.46416805555555">
<ele>22</ele>
</trkpt>
<trkpt lat="36.186035277777776" lon="139.4642186111111">
<ele>22</ele>
</trkpt>
<trkpt lat="36.18601638888889" lon="139.46426916666667">
<ele>22</ele>
</trkpt>
<trkpt lat="36.18599777777778" lon="139.46431972222223">
<ele>22</ele>
</trkpt>
<trkpt lat="36.18597888888889" lon="139.46437">
<ele>22</ele>
</trkpt>
<trkpt lat="36.18596" lon="139.46442055555556">
<ele>22</ele>
</trkpt>
<trkpt lat="36.18594111111111" lon="139.46447111111112">
<ele>22</ele>
</trkpt>
<trkpt lat="36.18592611111111" lon="139.46451166666668">
<ele>22</ele>
</trkpt>
<trkpt lat="36.18592611111111" lon="139.46451166666668">
<ele>22</ele>
</trkpt>
<trkpt lat="36.18591388888889" lon="139.46456527777778">
<ele>22</ele>
</trkpt>
<trkpt lat="36.18590138888889" lon="139.46461888888888">
<ele>22</ele>
</trkpt>
<trkpt lat="36.18588916666667" lon="139.4646725">
<ele>22</ele>
</trkpt>
<trkpt lat="36.185876944444445" lon="139.4647263888889">
<ele>22</ele>
</trkpt>
<trkpt lat="36.18586444444445" lon="139.46478">
<ele>22</ele>
</trkpt>
<trkpt lat="36.18585222222222" lon="139.46483361111112">
<ele>22</ele>
</trkpt>
<trkpt lat="36.18584" lon="139.46488722222222">
<ele>22</ele>
</trkpt>
<trkpt lat="36.185827777777774" lon="139.46494083333334">
<ele>22</ele>
</trkpt>
<trkpt lat="36.18581527777778" lon="139.46499444444444">
<ele>22</ele>
</trkpt>
<trkpt lat="36.18580305555555" lon="139.46504805555554">
<ele>22</ele>
</trkpt>
<trkpt lat="36.185790833333336" lon="139.46510166666667">
<ele>22</ele>
</trkpt>
<trkpt lat="36.18577833333333" lon="139.46515555555555">
<ele>22</ele>
</trkpt>
<trkpt lat="36.185766111111114" lon="139.46520916666665">
<ele>22</ele>
</trkpt>
<trkpt lat="36.18575388888889" lon="139.46526277777778">
<ele>22</ele>
</trkpt>
<trkpt lat="36.185741388888886" lon="139.46531638888888">
<ele>22</ele>
</trkpt>
<trkpt lat="36.18572916666667" lon="139.46537">
<ele>22</ele>
</trkpt>
<trkpt lat="36.185716944444444" lon="139.4654236111111">
<ele>22</ele>
</trkpt>
<trkpt lat="36.18570472222222" lon="139.46547722222223">
<ele>22</ele>
</trkpt>
<trkpt lat="36.18569222222222" lon="139.46553083333333">
<ele>22</ele>
</trkpt>
<trkpt lat="36.18569222222222" lon="139.46553083333333">
<ele>22</ele>
</trkpt>
<trkpt lat="36.1856475" lon="139.46552972222221">
<ele>22</ele>
</trkpt>
<trkpt lat="36.1856025" lon="139.46552888888888">
<ele>22</ele>
</trkpt>
<trkpt lat="36.1855575" lon="139.46552777777777">
<ele>22</ele>
</trkpt>
<trkpt lat="36.18551277777778" lon="139.46552666666668">
<ele>22</ele>
</trkpt>
<trkpt lat="36.18546777777778" lon="139.46552555555556">
<ele>22</ele>
</trkpt>
<trkpt lat="36.18542277777778" lon="139.46552444444444">
<ele>22</ele>
</trkpt>
<trkpt lat="36.18537805555555" lon="139.46552333333332">
<ele>22</ele>
</trkpt>
<trkpt lat="36.18533305555555" lon="139.46552222222223">
<ele>22</ele>
</trkpt>
<trkpt lat="36.18528805555555" lon="139.46552111111112">
<ele>22</ele>
</trkpt>
<trkpt lat="36.18524333333333" lon="139.46552">
<ele>22</ele>
</trkpt>
<trkpt lat="36.18519833333333" lon="139.46551916666667">
<ele>22</ele>
</trkpt>
<trkpt lat="36.18515333333333" lon="139.46551805555555">
<ele>22</ele>
</trkpt>
<trkpt lat="36.18510861111111" lon="139.46551694444443">
<ele>22</ele>
</trkpt>
<trkpt lat="36.18506361111111" lon="139.46551583333334">
<ele>22</ele>
</trkpt>
<trkpt lat="36.18501861111111" lon="139.46551472222222">
<ele>22</ele>
</trkpt>
<trkpt lat="36.18497388888889" lon="139.4655136111111">
<ele>22</ele>
</trkpt>
<trkpt lat="36.18492888888889" lon="139.4655125">
<ele>22</ele>
</trkpt>
<trkpt lat="36.18488388888889" lon="139.4655113888889">
<ele>22</ele>
</trkpt>
<trkpt lat="36.18483916666667" lon="139.46551027777778">
<ele>22</ele>
</trkpt>
<trkpt lat="36.184800277777775" lon="139.46550944444445">
<ele>22</ele>
</trkpt>
<trkpt lat="36.1848" lon="139.46551305555556">
<ele>22</ele>
</trkpt>
<trkpt lat="36.18479111111111" lon="139.46551305555556">
<ele>22</ele>
</trkpt>
<trkpt lat="36.184783055555556" lon="139.4656">
<ele>22</ele>
</trkpt>
<trkpt lat="36.18472388888889" lon="139.466675">
<ele>22</ele>
</trkpt>
<trkpt lat="36.18469888888889" lon="139.46703805555555">
<ele>22</ele>
</trkpt>
<trkpt lat="36.18467388888889" lon="139.467325">
<ele>22</ele>
</trkpt>
<trkpt lat="36.18464111111111" lon="139.4678">
<ele>21</ele>
</trkpt>
<trkpt lat="36.18459111111111" lon="139.46843694444445">
<ele>21</ele>
</trkpt>
<trkpt lat="36.184558055555556" lon="139.46876194444445">
<ele>21</ele>
</trkpt>
<trkpt lat="36.18448305555555" lon="139.4696">
<ele>21</ele>
</trkpt>
<trkpt lat="36.18448305555555" lon="139.470075">
<ele>21</ele>
</trkpt>
<trkpt lat="36.184508055555554" lon="139.4703">
<ele>21</ele>
</trkpt>
<trkpt lat="36.184558055555556" lon="139.47055">
<ele>21</ele>
</trkpt>
<trkpt lat="36.184675" lon="139.4710988888889">
<ele>21</ele>
</trkpt>
<trkpt lat="36.18471611111111" lon="139.4713238888889">
<ele>21</ele>
</trkpt>
<trkpt lat="36.184758055555555" lon="139.4716488888889">
<ele>21</ele>
</trkpt>
<trkpt lat="36.18474" lon="139.47165388888888">
<ele>21</ele>
</trkpt>
<trkpt lat="36.18474" lon="139.47165388888888">
<ele>21</ele>
</trkpt>
<trkpt lat="36.18463138888889" lon="139.47167916666666">
<ele>21</ele>
</trkpt>
<trkpt lat="36.18452305555556" lon="139.47170472222223">
<ele>21</ele>
</trkpt>
<trkpt lat="36.18441444444444" lon="139.47173">
<ele>21</ele>
</trkpt>
<trkpt lat="36.18430611111111" lon="139.4717552777778">
<ele>21</ele>
</trkpt>
<trkpt lat="36.1841975" lon="139.47178055555557">
<ele>21</ele>
</trkpt>
<trkpt lat="36.184089166666666" lon="139.4718061111111">
<ele>21</ele>
</trkpt>
<trkpt lat="36.18398055555556" lon="139.4718313888889">
<ele>21</ele>
</trkpt>
<trkpt lat="36.18387222222222" lon="139.47185666666667">
<ele>21</ele>
</trkpt>
<trkpt lat="36.18376361111111" lon="139.47188194444445">
<ele>21</ele>
</trkpt>
<trkpt lat="36.18365527777778" lon="139.4719075">
<ele>21</ele>
</trkpt>
<trkpt lat="36.183546666666665" lon="139.47193277777777">
<ele>21</ele>
</trkpt>
<trkpt lat="36.183438333333335" lon="139.47195805555555">
<ele>21</ele>
</trkpt>
<trkpt lat="36.183329722222226" lon="139.4719836111111">
<ele>21</ele>
</trkpt>
<trkpt lat="36.18322138888889" lon="139.4720088888889">
<ele>21</ele>
</trkpt>
<trkpt lat="36.18311277777778" lon="139.47203416666667">
<ele>21</ele>
</trkpt>
<trkpt lat="36.18300444444444" lon="139.47205944444445">
<ele>21</ele>
</trkpt>
<trkpt lat="36.18289583333333" lon="139.472085">
<ele>21</ele>
</trkpt>
<trkpt lat="36.1827875" lon="139.47211027777777">
<ele>21</ele>
</trkpt>
<trkpt lat="36.18267888888889" lon="139.47213555555555">
<ele>21</ele>
</trkpt>
<trkpt lat="36.18257027777778" lon="139.47216083333333">
<ele>21</ele>
</trkpt>
<trkpt lat="36.18246194444445" lon="139.4721863888889">
<ele>21</ele>
</trkpt>
<trkpt lat="36.18235333333333" lon="139.47221166666668">
<ele>21</ele>
</trkpt>
<trkpt lat="36.182245" lon="139.47223694444443">
<ele>21</ele>
</trkpt>
<trkpt lat="36.182136388888885" lon="139.4722625">
<ele>21</ele>
</trkpt>
<trkpt lat="36.182028055555556" lon="139.47228777777778">
<ele>21</ele>
</trkpt>
<trkpt lat="36.181919444444446" lon="139.47231305555556">
<ele>21</ele>
</trkpt>
<trkpt lat="36.18181111111111" lon="139.47233833333334">
<ele>21</ele>
</trkpt>
<trkpt lat="36.1817025" lon="139.47236388888888">
<ele>21</ele>
</trkpt>
<trkpt lat="36.18159416666666" lon="139.47238916666666">
<ele>21</ele>
</trkpt>
<trkpt lat="36.181485555555554" lon="139.47241444444444">
<ele>21</ele>
</trkpt>
<trkpt lat="36.181377222222224" lon="139.47243972222222">
<ele>21</ele>
</trkpt>
<trkpt lat="36.18126861111111" lon="139.4724652777778">
<ele>21</ele>
</trkpt>
<trkpt lat="36.18116027777778" lon="139.47249055555557">
<ele>21</ele>
</trkpt>
<trkpt lat="36.18105166666667" lon="139.47251583333335">
<ele>21</ele>
</trkpt>
<trkpt lat="36.18094333333333" lon="139.47254138888889">
<ele>21</ele>
</trkpt>
<trkpt lat="36.18083472222222" lon="139.47256666666667">
<ele>21</ele>
</trkpt>
<trkpt lat="36.180726388888885" lon="139.47259194444445">
<ele>21</ele>
</trkpt>
<trkpt lat="36.180617777777776" lon="139.47261722222223">
<ele>21</ele>
</trkpt>
<trkpt lat="36.180617777777776" lon="139.47261722222223">
<ele>21</ele>
</trkpt>
<trkpt lat="36.18062333333334" lon="139.4726725">
<ele>21</ele>
</trkpt>
<trkpt lat="36.18062888888889" lon="139.47272777777778">
<ele>21</ele>
</trkpt>
<trkpt lat="36.18063444444444" lon="139.47278305555557">
<ele>21</ele>
</trkpt>
<trkpt lat="36.18064" lon="139.47283805555554">
<ele>21</ele>
</trkpt>
<trkpt lat="36.18064555555556" lon="139.47289333333333">
<ele>21</ele>
</trkpt>
<trkpt lat="36.18065111111111" lon="139.47294861111112">
<ele>21</ele>
</trkpt>
<trkpt lat="36.180656666666664" lon="139.47300388888888">
<ele>21</ele>
</trkpt>
<trkpt lat="36.180662222222225" lon="139.47305916666667">
<ele>21</ele>
</trkpt>
<trkpt lat="36.18066777777778" lon="139.47311416666668">
<ele>21</ele>
</trkpt>
<trkpt lat="36.18067361111111" lon="139.47316944444444">
<ele>21</ele>
</trkpt>
<trkpt lat="36.180679166666664" lon="139.47322472222223">
<ele>21</ele>
</trkpt>
<trkpt lat="36.180684722222225" lon="139.47328">
<ele>21</ele>
</trkpt>
<trkpt lat="36.18069027777778" lon="139.47333527777778">
<ele>21</ele>
</trkpt>
<trkpt lat="36.18069583333333" lon="139.47339027777778">
<ele>21</ele>
</trkpt>
<trkpt lat="36.18070138888889" lon="139.47344555555554">
<ele>22</ele>
</trkpt>
<trkpt lat="36.180706944444445" lon="139.47350083333333">
<ele>22</ele>
</trkpt>
<trkpt lat="36.1807125" lon="139.47355611111112">
<ele>22</ele>
</trkpt>
<trkpt lat="36.18071805555556" lon="139.4736111111111">
<ele>22</ele>
</trkpt>
<trkpt lat="36.18072166666666" lon="139.4736472222222">
<ele>22</ele>
</trkpt>
<trkpt lat="36.18072111111111" lon="139.4736388888889">
<ele>22</ele>
</trkpt>
<trkpt lat="36.180641944444446" lon="139.4736488888889">
<ele>22</ele>
</trkpt>
<trkpt lat="36.18005" lon="139.47381194444444">
<ele>20</ele>
</trkpt>
<trkpt lat="36.17973388888889" lon="139.47381194444444">
<ele>20</ele>
</trkpt>
<trkpt lat="36.179366944444446" lon="139.473725">
<ele>20</ele>
</trkpt>
<trkpt lat="36.17883388888889" lon="139.473525">
<ele>20</ele>
</trkpt>
<trkpt lat="36.17861694444444" lon="139.47348694444443">
<ele>20</ele>
</trkpt>
<trkpt lat="36.17841694444444" lon="139.47348694444443">
<ele>20</ele>
</trkpt>
<trkpt lat="36.17820888888889" lon="139.4735">
<ele>20</ele>
</trkpt>
<trkpt lat="36.17720888888889" lon="139.47383694444446">
<ele>20</ele>
</trkpt>
<trkpt lat="36.176743055555555" lon="139.47388694444444">
<ele>20</ele>
</trkpt>
<trkpt lat="36.17641805555556" lon="139.47405">
<ele>20</ele>
</trkpt>
<trkpt lat="36.17573388888889" lon="139.474425">
<ele>20</ele>
</trkpt>
<trkpt lat="36.17568388888889" lon="139.47445">
<ele>20</ele>
</trkpt>
<trkpt lat="36.174993055555554" lon="139.4748">
<ele>20</ele>
</trkpt>
<trkpt lat="36.17470111111111" lon="139.47495">
<ele>20</ele>
</trkpt>
<trkpt lat="36.17400111111111" lon="139.475575">
<ele>20</ele>
</trkpt>
<trkpt lat="36.17322611111111" lon="139.47593694444444">
<ele>20</ele>
</trkpt>
<trkpt lat="36.17245111111111" lon="139.47628694444444">
<ele>19</ele>
</trkpt>
<trkpt lat="36.17235111111111" lon="139.47631194444443">
<ele>19</ele>
</trkpt>
<trkpt lat="36.17212611111111" lon="139.4763">
<ele>19</ele>
</trkpt>
<trkpt lat="36.17202611111111" lon="139.4763">
<ele>19</ele>
</trkpt>
<trkpt lat="36.17196805555555" lon="139.47631194444443">
<ele>19</ele>
</trkpt>
<trkpt lat="36.17187611111111" lon="139.47635">
<ele>19</ele>
</trkpt>
<trkpt lat="36.17100111111111" lon="139.476825">
<ele>19</ele>
</trkpt>
<trkpt lat="36.17066" lon="139.47706194444444">
<ele>19</ele>
</trkpt>
<trkpt lat="36.170051944444445" lon="139.47741194444444">
<ele>19</ele>
</trkpt>
<trkpt lat="36.169835" lon="139.477525">
<ele>19</ele>
</trkpt>
<trkpt lat="36.16961" lon="139.47765">
<ele>19</ele>
</trkpt>
<trkpt lat="36.16916805555555" lon="139.47791194444446">
<ele>19</ele>
</trkpt>
<trkpt lat="36.16876" lon="139.478225">
<ele>19</ele>
</trkpt>
<trkpt lat="36.16791" lon="139.47888694444444">
<ele>19</ele>
</trkpt>
<trkpt lat="36.16779388888889" lon="139.478975">
<ele>19</ele>
</trkpt>
<trkpt lat="36.16762694444444" lon="139.47903694444443">
<ele>19</ele>
</trkpt>
<trkpt lat="36.167385" lon="139.47908694444445">
<ele>19</ele>
</trkpt>
<trkpt lat="36.16729388888889" lon="139.47906194444445">
<ele>19</ele>
</trkpt>
<trkpt lat="36.16723805555556" lon="139.479115">
<ele>19</ele>
</trkpt>
<trkpt lat="36.16723805555556" lon="139.479115">
<ele>19</ele>
</trkpt>
<trkpt lat="36.16639388888889" lon="139.47991194444444">
<ele>19</ele>
</trkpt>
<trkpt lat="36.16636888888889" lon="139.47995">
<ele>19</ele>
</trkpt>
<trkpt lat="36.16626888888889" lon="139.48003694444444">
<ele>19</ele>
</trkpt>
<trkpt lat="36.16585194444445" lon="139.480525">
<ele>19</ele>
</trkpt>
<trkpt lat="36.16563611111111" lon="139.48073694444443">
<ele>19</ele>
</trkpt>
<trkpt lat="36.16540194444445" lon="139.48091194444444">
<ele>19</ele>
</trkpt>
<trkpt lat="36.16517694444445" lon="139.48105">
<ele>19</ele>
</trkpt>
<trkpt lat="36.164968888888886" lon="139.48115">
<ele>19</ele>
</trkpt>
<trkpt lat="36.164451944444444" lon="139.48136194444444">
<ele>19</ele>
</trkpt>
<trkpt lat="36.16401111111111" lon="139.48155">
<ele>19</ele>
</trkpt>
<trkpt lat="36.16354388888889" lon="139.48173694444444">
<ele>19</ele>
</trkpt>
<trkpt lat="36.16312805555555" lon="139.48191194444445">
<ele>19</ele>
</trkpt>
<trkpt lat="36.16296888888889" lon="139.482">
<ele>18</ele>
</trkpt>
<trkpt lat="36.16276888888889" lon="139.48215">
<ele>18</ele>
</trkpt>
<trkpt lat="36.16254388888889" lon="139.4824">
<ele>18</ele>
</trkpt>
<trkpt lat="36.16240305555556" lon="139.482625">
<ele>18</ele>
</trkpt>
<trkpt lat="36.16202805555555" lon="139.4832738888889">
<ele>18</ele>
</trkpt>
<trkpt lat="36.16197805555556" lon="139.48334888888888">
<ele>18</ele>
</trkpt>
<trkpt lat="36.16155305555556" lon="139.4840738888889">
<ele>18</ele>
</trkpt>
<trkpt lat="36.16132805555556" lon="139.48448694444446">
<ele>18</ele>
</trkpt>
<trkpt lat="36.161245" lon="139.48459888888888">
<ele>18</ele>
</trkpt>
<trkpt lat="36.16113611111111" lon="139.4847488888889">
<ele>18</ele>
</trkpt>
<trkpt lat="36.16113611111111" lon="139.4847488888889">
<ele>18</ele>
</trkpt>
<trkpt lat="36.161094444444444" lon="139.48476944444445">
<ele>18</ele>
</trkpt>
<trkpt lat="36.161052777777776" lon="139.48479">
<ele>18</ele>
</trkpt>
<trkpt lat="36.161010833333336" lon="139.48481055555555">
<ele>18</ele>
</trkpt>
<trkpt lat="36.16096916666667" lon="139.4848311111111">
<ele>18</ele>
</trkpt>
<trkpt lat="36.1609275" lon="139.48485166666666">
<ele>18</ele>
</trkpt>
<trkpt lat="36.16089777777778" lon="139.4848663888889">
<ele>18</ele>
</trkpt>
<trkpt lat="36.16089777777778" lon="139.4848663888889">
<ele>18</ele>
</trkpt>
<trkpt lat="36.16085277777778" lon="139.48487">
<ele>18</ele>
</trkpt>
<trkpt lat="36.160808055555556" lon="139.4848736111111">
<ele>18</ele>
</trkpt>
<trkpt lat="36.160763333333335" lon="139.48487722222222">
<ele>18</ele>
</trkpt>
<trkpt lat="36.160718333333335" lon="139.48488083333334">
<ele>18</ele>
</trkpt>
<trkpt lat="36.16067361111111" lon="139.48488444444445">
<ele>18</ele>
</trkpt>
<trkpt lat="36.16062888888889" lon="139.48488833333334">
<ele>18</ele>
</trkpt>
<trkpt lat="36.16058388888889" lon="139.48489194444446">
<ele>18</ele>
</trkpt>
<trkpt lat="36.160539166666666" lon="139.48489555555557">
<ele>18</ele>
</trkpt>
<trkpt lat="36.160494166666666" lon="139.48489916666668">
<ele>18</ele>
</trkpt>
<trkpt lat="36.160449444444446" lon="139.4849027777778">
<ele>18</ele>
</trkpt>
<trkpt lat="36.160404722222225" lon="139.4849063888889">
<ele>18</ele>
</trkpt>
<trkpt lat="36.160359722222225" lon="139.48491">
<ele>18</ele>
</trkpt>
<trkpt lat="36.160315" lon="139.48491361111112">
<ele>18</ele>
</trkpt>
<trkpt lat="36.16027027777778" lon="139.48491722222224">
<ele>18</ele>
</trkpt>
<trkpt lat="36.160225277777776" lon="139.48492083333332">
<ele>18</ele>
</trkpt>
<trkpt lat="36.160180555555556" lon="139.48492444444443">
<ele>18</ele>
</trkpt>
<trkpt lat="36.160135833333335" lon="139.48492805555554">
<ele>18</ele>
</trkpt>
<trkpt lat="36.160090833333335" lon="139.48493166666665">
<ele>18</ele>
</trkpt>
<trkpt lat="36.160046111111114" lon="139.48493527777777">
<ele>18</ele>
</trkpt>
<trkpt lat="36.16003583333333" lon="139.48493611111113">
<ele>18</ele>
</trkpt>
<trkpt lat="36.16003583333333" lon="139.48493611111113">
<ele>18</ele>
</trkpt>
<trkpt lat="36.15998833333333" lon="139.48493888888888">
<ele>18</ele>
</trkpt>
<trkpt lat="36.15994083333333" lon="139.48494194444444">
<ele>18</ele>
</trkpt>
<trkpt lat="36.159893333333336" lon="139.48494472222222">
<ele>18</ele>
</trkpt>
<trkpt lat="36.159845555555556" lon="139.4849475">
<ele>18</ele>
</trkpt>
<trkpt lat="36.159798055555555" lon="139.48495027777778">
<ele>18</ele>
</trkpt>
<trkpt lat="36.159750555555554" lon="139.48495305555556">
<ele>18</ele>
</trkpt>
<trkpt lat="36.15970305555555" lon="139.48495583333334">
<ele>18</ele>
</trkpt>
<trkpt lat="36.15965555555555" lon="139.48495888888888">
<ele>18</ele>
</trkpt>
<trkpt lat="36.15960805555556" lon="139.48496166666666">
<ele>18</ele>
</trkpt>
<trkpt lat="36.15956055555556" lon="139.48496444444444">
<ele>18</ele>
</trkpt>
<trkpt lat="36.15951305555556" lon="139.48496722222222">
<ele>18</ele>
</trkpt>
<trkpt lat="36.159465555555556" lon="139.48497">
<ele>18</ele>
</trkpt>
<trkpt lat="36.159418055555555" lon="139.48497277777778">
<ele>18</ele>
</trkpt>
<trkpt lat="36.159370277777775" lon="139.48497583333332">
<ele>18</ele>
</trkpt>
<trkpt lat="36.15932277777778" lon="139.4849786111111">
<ele>18</ele>
</trkpt>
<trkpt lat="36.15927527777778" lon="139.48498138888888">
<ele>18</ele>
</trkpt>
<trkpt lat="36.15922777777778" lon="139.48498416666666">
<ele>18</ele>
</trkpt>
<trkpt lat="36.15918027777778" lon="139.48498694444444">
<ele>18</ele>
</trkpt>
<trkpt lat="36.15913277777778" lon="139.48498972222222">
<ele>18</ele>
</trkpt>
<trkpt lat="36.15908527777778" lon="139.4849927777778">
<ele>18</ele>
</trkpt>
<trkpt lat="36.159037777777776" lon="139.48499555555554">
<ele>18</ele>
</trkpt>
<trkpt lat="36.158990277777775" lon="139.48499833333332">
<ele>18</ele>
</trkpt>
<trkpt lat="36.158942777777774" lon="139.4850011111111">
<ele>18</ele>
</trkpt>
<trkpt lat="36.158895" lon="139.48500388888888">
<ele>18</ele>
</trkpt>
<trkpt lat="36.1588475" lon="139.48500666666666">
<ele>18</ele>
</trkpt>
<trkpt lat="36.1588" lon="139.48500944444444">
<ele>18</ele>
</trkpt>
<trkpt lat="36.1587525" lon="139.4850125">
<ele>18</ele>
</trkpt>
<trkpt lat="36.158705" lon="139.4850152777778">
<ele>18</ele>
</trkpt>
<trkpt lat="36.1586575" lon="139.48501805555554">
<ele>18</ele>
</trkpt>
<trkpt lat="36.15861" lon="139.48502083333332">
<ele>18</ele>
</trkpt>
<trkpt lat="36.1585625" lon="139.4850236111111">
<ele>18</ele>
</trkpt>
<trkpt lat="36.158515" lon="139.48502638888888">
<ele>18</ele>
</trkpt>
<trkpt lat="36.15846722222222" lon="139.48502944444445">
<ele>18</ele>
</trkpt>
<trkpt lat="36.15841972222222" lon="139.48503222222223">
<ele>18</ele>
</trkpt>
<trkpt lat="36.15837222222222" lon="139.485035">
<ele>18</ele>
</trkpt>
<trkpt lat="36.158324722222225" lon="139.4850377777778">
<ele>18</ele>
</trkpt>
<trkpt lat="36.158277222222225" lon="139.48504055555554">
<ele>18</ele>
</trkpt>
<trkpt lat="36.158229722222224" lon="139.48504333333332">
<ele>18</ele>
</trkpt>
<trkpt lat="36.158229722222224" lon="139.48504333333332">
<ele>18</ele>
</trkpt>
<trkpt lat="36.158229722222224" lon="139.48504333333332">
<ele>18</ele>
</trkpt>
<trkpt lat="36.158185277777775" lon="139.48505111111112">
<ele>18</ele>
</trkpt>
<trkpt lat="36.158140833333334" lon="139.4850588888889">
<ele>18</ele>
</trkpt>
<trkpt lat="36.158096388888886" lon="139.48506666666665">
<ele>18</ele>
</trkpt>
<trkpt lat="36.158051944444445" lon="139.48507444444445">
<ele>18</ele>
</trkpt>
<trkpt lat="36.158007222222224" lon="139.48508222222222">
<ele>18</ele>
</trkpt>
<trkpt lat="36.157962777777776" lon="139.48509">
<ele>18</ele>
</trkpt>
<trkpt lat="36.157922222222226" lon="139.4850972222222">
<ele>18</ele>
</trkpt>
<trkpt lat="36.157922222222226" lon="139.4850972222222">
<ele>18</ele>
</trkpt>
<trkpt lat="36.15788027777778" lon="139.48511694444446">
<ele>18</ele>
</trkpt>
<trkpt lat="36.15783833333333" lon="139.48513694444443">
<ele>18</ele>
</trkpt>
<trkpt lat="36.15779638888889" lon="139.48515694444444">
<ele>18</ele>
</trkpt>
<trkpt lat="36.15775444444444" lon="139.48517694444445">
<ele>18</ele>
</trkpt>
<trkpt lat="36.1577125" lon="139.48519666666667">
<ele>18</ele>
</trkpt>
<trkpt lat="36.157670555555555" lon="139.48521666666667">
<ele>18</ele>
</trkpt>
<trkpt lat="36.157628611111114" lon="139.48523666666668">
<ele>18</ele>
</trkpt>
<trkpt lat="36.15758666666667" lon="139.48525666666666">
<ele>18</ele>
</trkpt>
<trkpt lat="36.15754472222222" lon="139.48527638888888">
<ele>18</ele>
</trkpt>
<trkpt lat="36.15750277777778" lon="139.48529638888888">
<ele>18</ele>
</trkpt>
<trkpt lat="36.157493333333335" lon="139.48530083333333">
<ele>18</ele>
</trkpt>
<trkpt lat="36.157493333333335" lon="139.48530083333333">
<ele>18</ele>
</trkpt>
<trkpt lat="36.157465555555554" lon="139.48534444444445">
<ele>18</ele>
</trkpt>
<trkpt lat="36.1574375" lon="139.48538805555555">
<ele>18</ele>
</trkpt>
<trkpt lat="36.15740972222222" lon="139.48543166666667">
<ele>18</ele>
</trkpt>
<trkpt lat="36.157381666666666" lon="139.48547527777777">
<ele>18</ele>
</trkpt>
<trkpt lat="36.15735388888889" lon="139.4855188888889">
<ele>18</ele>
</trkpt>
<trkpt lat="36.15732583333333" lon="139.4855625">
<ele>18</ele>
</trkpt>
<trkpt lat="36.15729805555556" lon="139.4856061111111">
<ele>18</ele>
</trkpt>
<trkpt lat="36.15729416666667" lon="139.48561222222222">
<ele>18</ele>
</trkpt>
<trkpt lat="36.15729416666667" lon="139.48561222222222">
<ele>18</ele>
</trkpt>
<trkpt lat="36.15726083333333" lon="139.48564944444445">
<ele>18</ele>
</trkpt>
<trkpt lat="36.15722777777778" lon="139.48568694444444">
<ele>18</ele>
</trkpt>
<trkpt lat="36.15719444444444" lon="139.48572416666667">
<ele>18</ele>
</trkpt>
<trkpt lat="36.15716111111111" lon="139.48576166666666">
<ele>18</ele>
</trkpt>
<trkpt lat="36.15712805555555" lon="139.48579916666668">
<ele>18</ele>
</trkpt>
<trkpt lat="36.15709472222222" lon="139.48583638888888">
<ele>18</ele>
</trkpt>
<trkpt lat="36.15706138888889" lon="139.48587388888888">
<ele>18</ele>
</trkpt>
<trkpt lat="36.15702805555556" lon="139.4859113888889">
<ele>18</ele>
</trkpt>
<trkpt lat="36.156995" lon="139.4859486111111">
<ele>18</ele>
</trkpt>
<trkpt lat="36.15696166666667" lon="139.48598611111112">
<ele>18</ele>
</trkpt>
<trkpt lat="36.15692833333333" lon="139.4860236111111">
<ele>18</ele>
</trkpt>
<trkpt lat="36.15689527777778" lon="139.48606083333334">
<ele>18</ele>
</trkpt>
<trkpt lat="36.156861944444444" lon="139.48609833333333">
<ele>18</ele>
</trkpt>
<trkpt lat="36.15682861111111" lon="139.48613583333332">
<ele>18</ele>
</trkpt>
<trkpt lat="36.156821944444445" lon="139.48614305555554">
<ele>18</ele>
</trkpt>
<trkpt lat="36.156821944444445" lon="139.48614305555554">
<ele>18</ele>
</trkpt>
<trkpt lat="36.156778333333335" lon="139.48615583333333">
<ele>18</ele>
</trkpt>
<trkpt lat="36.156734722222225" lon="139.4861686111111">
<ele>18</ele>
</trkpt>
<trkpt lat="36.156690833333336" lon="139.4861813888889">
<ele>18</ele>
</trkpt>
<trkpt lat="36.15667472222222" lon="139.48618611111112">
<ele>18</ele>
</trkpt>
<trkpt lat="36.15667472222222" lon="139.48618611111112">
<ele>18</ele>
</trkpt>
<trkpt lat="36.15659" lon="139.48629472222223">
<ele>18</ele>
</trkpt>
<trkpt lat="36.156505277777775" lon="139.48640305555554">
<ele>18</ele>
</trkpt>
<trkpt lat="36.15642027777778" lon="139.48651166666667">
<ele>18</ele>
</trkpt>
<trkpt lat="36.15633555555556" lon="139.48662">
<ele>18</ele>
</trkpt>
<trkpt lat="36.15625055555556" lon="139.48672861111112">
<ele>18</ele>
</trkpt>
<trkpt lat="36.15616583333333" lon="139.48683722222222">
<ele>18</ele>
</trkpt>
<trkpt lat="36.156081111111114" lon="139.48694555555556">
<ele>18</ele>
</trkpt>
<trkpt lat="36.15599611111111" lon="139.48705416666667">
<ele>18</ele>
</trkpt>
<trkpt lat="36.15591138888889" lon="139.4871625">
<ele>18</ele>
</trkpt>
<trkpt lat="36.15582638888889" lon="139.4872711111111">
<ele>18</ele>
</trkpt>
<trkpt lat="36.155741666666664" lon="139.48737972222222">
<ele>18</ele>
</trkpt>
<trkpt lat="36.155656944444445" lon="139.48748805555556">
<ele>18</ele>
</trkpt>
<trkpt lat="36.155571944444446" lon="139.48759666666666">
<ele>18</ele>
</trkpt>
<trkpt lat="36.15548722222222" lon="139.487705">
<ele>18</ele>
</trkpt>
<trkpt lat="36.1554025" lon="139.4878136111111">
<ele>18</ele>
</trkpt>
<trkpt lat="36.1553175" lon="139.4879222222222">
<ele>18</ele>
</trkpt>
<trkpt lat="36.155232777777776" lon="139.48803055555555">
<ele>18</ele>
</trkpt>
<trkpt lat="36.15514777777778" lon="139.48813916666666">
<ele>18</ele>
</trkpt>
<trkpt lat="36.15506305555556" lon="139.4882475">
<ele>18</ele>
</trkpt>
<trkpt lat="36.15497833333333" lon="139.4883561111111">
<ele>18</ele>
</trkpt>
<trkpt lat="36.154893333333334" lon="139.48846472222223">
<ele>18</ele>
</trkpt>
<trkpt lat="36.154808611111115" lon="139.48857305555555">
<ele>18</ele>
</trkpt>
<trkpt lat="36.15472388888889" lon="139.48868166666668">
<ele>18</ele>
</trkpt>
<trkpt lat="36.15463888888889" lon="139.48879027777778">
<ele>18</ele>
</trkpt>
<trkpt lat="36.154554166666664" lon="139.48889861111113">
<ele>18</ele>
</trkpt>
<trkpt lat="36.154469166666665" lon="139.48900722222223">
<ele>18</ele>
</trkpt>
<trkpt lat="36.154384444444446" lon="139.48911555555554">
<ele>18</ele>
</trkpt>
<trkpt lat="36.15429972222222" lon="139.48922416666667">
<ele>18</ele>
</trkpt>
<trkpt lat="36.15421472222222" lon="139.48933277777778">
<ele>18</ele>
</trkpt>
<trkpt lat="36.15413" lon="139.48944111111112">
<ele>18</ele>
</trkpt>
<trkpt lat="36.154045" lon="139.48954972222222">
<ele>18</ele>
</trkpt>
<trkpt lat="36.15396027777778" lon="139.48965805555557">
<ele>18</ele>
</trkpt>
<trkpt lat="36.15387555555556" lon="139.48976666666667">
<ele>18</ele>
</trkpt>
<trkpt lat="36.15379055555555" lon="139.48987527777777">
<ele>18</ele>
</trkpt>
<trkpt lat="36.15370583333333" lon="139.48998361111111">
<ele>18</ele>
</trkpt>
<trkpt lat="36.153621111111114" lon="139.49009222222222">
<ele>18</ele>
</trkpt>
<trkpt lat="36.15353611111111" lon="139.49020055555556">
<ele>18</ele>
</trkpt>
<trkpt lat="36.15345138888889" lon="139.49030916666666">
<ele>18</ele>
</trkpt>
<trkpt lat="36.15345138888889" lon="139.49030916666666">
<ele>18</ele>
</trkpt>
<trkpt lat="36.15342583333333" lon="139.490355">
<ele>18</ele>
</trkpt>
<trkpt lat="36.1534" lon="139.49040055555557">
<ele>18</ele>
</trkpt>
<trkpt lat="36.153374444444445" lon="139.4904461111111">
<ele>18</ele>
</trkpt>
<trkpt lat="36.153348888888885" lon="139.49049194444444">
<ele>18</ele>
</trkpt>
<trkpt lat="36.15332333333333" lon="139.4905375">
<ele>18</ele>
</trkpt>
<trkpt lat="36.1532975" lon="139.49058333333332">
<ele>18</ele>
</trkpt>
<trkpt lat="36.15327194444444" lon="139.4906288888889">
<ele>18</ele>
</trkpt>
<trkpt lat="36.15324638888889" lon="139.49067472222222">
<ele>18</ele>
</trkpt>
<trkpt lat="36.15323472222222" lon="139.49069527777777">
<ele>18</ele>
</trkpt>
<trkpt lat="36.15323472222222" lon="139.49069527777777">
<ele>18</ele>
</trkpt>
<trkpt lat="36.153217777777776" lon="139.49074694444445">
<ele>18</ele>
</trkpt>
<trkpt lat="36.15320083333334" lon="139.49079833333334">
<ele>18</ele>
</trkpt>
<trkpt lat="36.15318361111111" lon="139.49085">
<ele>18</ele>
</trkpt>
<trkpt lat="36.153166666666664" lon="139.4909013888889">
<ele>18</ele>
</trkpt>
<trkpt lat="36.153149722222224" lon="139.49095277777778">
<ele>18</ele>
</trkpt>
<trkpt lat="36.15313277777778" lon="139.49100444444446">
<ele>18</ele>
</trkpt>
<trkpt lat="36.15311583333333" lon="139.49105583333332">
<ele>18</ele>
</trkpt>
<trkpt lat="36.15309861111111" lon="139.4911072222222">
<ele>18</ele>
</trkpt>
<trkpt lat="36.153081666666665" lon="139.4911588888889">
<ele>18</ele>
</trkpt>
<trkpt lat="36.15307888888889" lon="139.4911675">
<ele>18</ele>
</trkpt>
<trkpt lat="36.15307888888889" lon="139.4911675">
<ele>18</ele>
</trkpt>
<trkpt lat="36.15307416666667" lon="139.49122277777778">
<ele>18</ele>
</trkpt>
<trkpt lat="36.15306972222222" lon="139.49127805555557">
<ele>18</ele>
</trkpt>
<trkpt lat="36.15306527777778" lon="139.49133361111112">
<ele>18</ele>
</trkpt>
<trkpt lat="36.153060833333335" lon="139.49138888888888">
<ele>18</ele>
</trkpt>
<trkpt lat="36.15305611111111" lon="139.49144416666667">
<ele>18</ele>
</trkpt>
<trkpt lat="36.15305166666667" lon="139.49149944444446">
<ele>18</ele>
</trkpt>
<trkpt lat="36.15304722222222" lon="139.491555">
<ele>18</ele>
</trkpt>
<trkpt lat="36.15304277777778" lon="139.49161027777777">
<ele>18</ele>
</trkpt>
<trkpt lat="36.153038055555555" lon="139.49166555555556">
<ele>18</ele>
</trkpt>
<trkpt lat="36.15303361111111" lon="139.49172083333335">
<ele>18</ele>
</trkpt>
<trkpt lat="36.15302916666667" lon="139.4917763888889">
<ele>18</ele>
</trkpt>
<trkpt lat="36.15302472222222" lon="139.49183166666666">
<ele>18</ele>
</trkpt>
<trkpt lat="36.15302" lon="139.49188694444445">
<ele>18</ele>
</trkpt>
<trkpt lat="36.153015555555555" lon="139.49194222222224">
<ele>18</ele>
</trkpt>
<trkpt lat="36.15301111111111" lon="139.49199777777778">
<ele>18</ele>
</trkpt>
<trkpt lat="36.15300638888889" lon="139.49205305555554">
<ele>18</ele>
</trkpt>
<trkpt lat="36.15300194444445" lon="139.49210833333333">
<ele>18</ele>
</trkpt>
<trkpt lat="36.15300083333333" lon="139.49212222222224">
<ele>18</ele>
</trkpt>
<trkpt lat="36.15300083333333" lon="139.49212222222224">
<ele>18</ele>
</trkpt>
<trkpt lat="36.152992222222224" lon="139.49217694444445">
<ele>18</ele>
</trkpt>
<trkpt lat="36.15298361111111" lon="139.49223138888888">
<ele>18</ele>
</trkpt>
<trkpt lat="36.152974722222226" lon="139.4922861111111">
<ele>18</ele>
</trkpt>
<trkpt lat="36.15296611111111" lon="139.49234055555556">
<ele>18</ele>
</trkpt>
<trkpt lat="36.1529575" lon="139.49239527777777">
<ele>18</ele>
</trkpt>
<trkpt lat="36.152948888888886" lon="139.49244972222223">
<ele>18</ele>
</trkpt>
<trkpt lat="36.15294027777778" lon="139.49250444444445">
<ele>18</ele>
</trkpt>
<trkpt lat="36.15293138888889" lon="139.49255888888888">
<ele>18</ele>
</trkpt>
<trkpt lat="36.152922777777775" lon="139.49261361111112">
<ele>18</ele>
</trkpt>
<trkpt lat="36.15291416666667" lon="139.49266805555555">
<ele>18</ele>
</trkpt>
<trkpt lat="36.152905555555556" lon="139.49272277777777">
<ele>18</ele>
</trkpt>
<trkpt lat="36.15289694444444" lon="139.49277694444444">
<ele>18</ele>
</trkpt>
<trkpt lat="36.15289694444444" lon="139.49277694444444">
<ele>18</ele>
</trkpt>
<trkpt lat="36.15287083333333" lon="139.49287805555556">
<ele>18</ele>
</trkpt>
<trkpt lat="36.152845" lon="139.49297944444444">
<ele>18</ele>
</trkpt>
<trkpt lat="36.15281888888889" lon="139.49308083333332">
<ele>18</ele>
</trkpt>
<trkpt lat="36.152793055555556" lon="139.49318222222223">
<ele>18</ele>
</trkpt>
<trkpt lat="36.152766944444444" lon="139.4932836111111">
<ele>18</ele>
</trkpt>
<trkpt lat="36.15274083333333" lon="139.493385">
<ele>18</ele>
</trkpt>
<trkpt lat="36.152715" lon="139.4934863888889">
<ele>18</ele>
</trkpt>
<trkpt lat="36.15268888888889" lon="139.49358777777778">
<ele>18</ele>
</trkpt>
<trkpt lat="36.15266305555556" lon="139.49368916666666">
<ele>18</ele>
</trkpt>
<trkpt lat="36.152636944444446" lon="139.49379027777778">
<ele>18</ele>
</trkpt>
<trkpt lat="36.15261111111111" lon="139.49389166666666">
<ele>18</ele>
</trkpt>
<trkpt lat="36.152585" lon="139.49399305555556">
<ele>18</ele>
</trkpt>
<trkpt lat="36.15255916666667" lon="139.49409444444444">
<ele>18</ele>
</trkpt>
<trkpt lat="36.15253305555556" lon="139.49419583333332">
<ele>18</ele>
</trkpt>
<trkpt lat="36.15250694444445" lon="139.49429722222223">
<ele>18</ele>
</trkpt>
<trkpt lat="36.15248111111111" lon="139.4943986111111">
<ele>18</ele>
</trkpt>
<trkpt lat="36.152455" lon="139.4945">
<ele>18</ele>
</trkpt>
<trkpt lat="36.152429166666664" lon="139.4946013888889">
<ele>18</ele>
</trkpt>
<trkpt lat="36.15240305555555" lon="139.4947025">
<ele>18</ele>
</trkpt>
<trkpt lat="36.15237722222222" lon="139.4948038888889">
<ele>18</ele>
</trkpt>
<trkpt lat="36.15235111111111" lon="139.49490527777778">
<ele>18</ele>
</trkpt>
<trkpt lat="36.15232527777778" lon="139.49500666666665">
<ele>18</ele>
</trkpt>
<trkpt lat="36.152299166666666" lon="139.49510805555556">
<ele>18</ele>
</trkpt>
<trkpt lat="36.152273055555554" lon="139.49520944444444">
<ele>18</ele>
</trkpt>
<trkpt lat="36.15224722222222" lon="139.49531083333332">
<ele>18</ele>
</trkpt>
<trkpt lat="36.15222111111111" lon="139.49541222222223">
<ele>18</ele>
</trkpt>
<trkpt lat="36.15219527777778" lon="139.4955136111111">
<ele>18</ele>
</trkpt>
<trkpt lat="36.15216916666667" lon="139.495615">
<ele>18</ele>
</trkpt>
<trkpt lat="36.152143333333335" lon="139.4957161111111">
<ele>18</ele>
</trkpt>
<trkpt lat="36.15211722222222" lon="139.4958175">
<ele>17</ele>
</trkpt>
<trkpt lat="36.15209111111111" lon="139.4959188888889">
<ele>18</ele>
</trkpt>
<trkpt lat="36.15206527777778" lon="139.49602027777777">
<ele>17</ele>
</trkpt>
<trkpt lat="36.15203916666667" lon="139.49612166666665">
<ele>17</ele>
</trkpt>
<trkpt lat="36.152013333333336" lon="139.49622305555556">
<ele>17</ele>
</trkpt>
<trkpt lat="36.151987222222225" lon="139.49632444444444">
<ele>17</ele>
</trkpt>
<trkpt lat="36.151961388888886" lon="139.49642583333332">
<ele>17</ele>
</trkpt>
<trkpt lat="36.15193527777778" lon="139.49652722222223">
<ele>17</ele>
</trkpt>
<trkpt lat="36.15190944444444" lon="139.49662833333332">
<ele>17</ele>
</trkpt>
<trkpt lat="36.15190944444444" lon="139.49662833333332">
<ele>17</ele>
</trkpt>
<trkpt lat="36.15188472222222" lon="139.496675">
<ele>17</ele>
</trkpt>
<trkpt lat="36.15186" lon="139.4967213888889">
<ele>17</ele>
</trkpt>
<trkpt lat="36.15183527777778" lon="139.49676805555555">
<ele>17</ele>
</trkpt>
<trkpt lat="36.151810833333336" lon="139.49681444444445">
<ele>17</ele>
</trkpt>
<trkpt lat="36.151786111111115" lon="139.49686111111112">
<ele>17</ele>
</trkpt>
<trkpt lat="36.151761388888886" lon="139.4969075">
<ele>17</ele>
</trkpt>
<trkpt lat="36.151736944444444" lon="139.4969538888889">
<ele>17</ele>
</trkpt>
<trkpt lat="36.1517275" lon="139.49697166666667">
<ele>17</ele>
</trkpt>
<trkpt lat="36.1517275" lon="139.49697166666667">
<ele>17</ele>
</trkpt>
<trkpt lat="36.1516975" lon="139.49701333333334">
<ele>17</ele>
</trkpt>
<trkpt lat="36.1516675" lon="139.49705472222223">
<ele>17</ele>
</trkpt>
<trkpt lat="36.15163777777778" lon="139.49709638888888">
<ele>17</ele>
</trkpt>
<trkpt lat="36.15160777777778" lon="139.49713777777777">
<ele>17</ele>
</trkpt>
<trkpt lat="36.151577777777774" lon="139.49717916666665">
<ele>17</ele>
</trkpt>
<trkpt lat="36.15154777777778" lon="139.49722083333333">
<ele>17</ele>
</trkpt>
<trkpt lat="36.151518055555556" lon="139.49726222222222">
<ele>17</ele>
</trkpt>
<trkpt lat="36.15151083333333" lon="139.49727222222222">
<ele>17</ele>
</trkpt>
<trkpt lat="36.15151083333333" lon="139.49727222222222">
<ele>17</ele>
</trkpt>
<trkpt lat="36.151470555555555" lon="139.49729694444446">
<ele>17</ele>
</trkpt>
<trkpt lat="36.15143055555556" lon="139.49732194444445">
<ele>17</ele>
</trkpt>
<trkpt lat="36.15139027777778" lon="139.49734694444444">
<ele>17</ele>
</trkpt>
<trkpt lat="36.15135" lon="139.49737166666668">
<ele>17</ele>
</trkpt>
<trkpt lat="36.15131" lon="139.49739666666667">
<ele>17</ele>
</trkpt>
<trkpt lat="36.151269722222224" lon="139.49742138888888">
<ele>17</ele>
</trkpt>
<trkpt lat="36.15122972222222" lon="139.49744638888887">
<ele>17</ele>
</trkpt>
<trkpt lat="36.15118944444445" lon="139.4974711111111">
<ele>17</ele>
</trkpt>
<trkpt lat="36.151181666666666" lon="139.4974761111111">
<ele>17</ele>
</trkpt>
<trkpt lat="36.151181666666666" lon="139.4974761111111">
<ele>17</ele>
</trkpt>
<trkpt lat="36.15110444444444" lon="139.49751555555557">
<ele>17</ele>
</trkpt>
<trkpt lat="36.151026944444446" lon="139.497555">
<ele>17</ele>
</trkpt>
<trkpt lat="36.15094972222222" lon="139.49759472222223">
<ele>17</ele>
</trkpt>
<trkpt lat="36.1508725" lon="139.49763416666667">
<ele>17</ele>
</trkpt>
<trkpt lat="36.150795277777775" lon="139.4976736111111">
<ele>17</ele>
</trkpt>
<trkpt lat="36.15071777777778" lon="139.49771333333334">
<ele>17</ele>
</trkpt>
<trkpt lat="36.150640555555555" lon="139.49775277777778">
<ele>17</ele>
</trkpt>
<trkpt lat="36.15056333333333" lon="139.49779222222222">
<ele>17</ele>
</trkpt>
<trkpt lat="36.150486111111114" lon="139.49783166666666">
<ele>17</ele>
</trkpt>
<trkpt lat="36.15040888888889" lon="139.49787138888888">
<ele>17</ele>
</trkpt>
<trkpt lat="36.15033138888889" lon="139.49791083333332">
<ele>17</ele>
</trkpt>
<trkpt lat="36.15025416666667" lon="139.4979502777778">
<ele>17</ele>
</trkpt>
<trkpt lat="36.150176944444446" lon="139.49799">
<ele>17</ele>
</trkpt>
<trkpt lat="36.15009972222222" lon="139.49802944444446">
<ele>17</ele>
</trkpt>
<trkpt lat="36.15002222222222" lon="139.4980688888889">
<ele>17</ele>
</trkpt>
<trkpt lat="36.149945" lon="139.49810861111112">
<ele>17</ele>
</trkpt>
<trkpt lat="36.14986777777778" lon="139.49814805555556">
<ele>17</ele>
</trkpt>
<trkpt lat="36.149790555555555" lon="139.4981875">
<ele>17</ele>
</trkpt>
<trkpt lat="36.14971305555556" lon="139.49822694444444">
<ele>17</ele>
</trkpt>
<trkpt lat="36.149635833333335" lon="139.49826666666667">
<ele>17</ele>
</trkpt>
<trkpt lat="36.14955861111111" lon="139.4983061111111">
<ele>17</ele>
</trkpt>
<trkpt lat="36.14948138888889" lon="139.49834555555555">
<ele>17</ele>
</trkpt>
<trkpt lat="36.14940416666666" lon="139.49838527777777">
<ele>17</ele>
</trkpt>
<trkpt lat="36.14932666666667" lon="139.4984247222222">
<ele>17</ele>
</trkpt>
<trkpt lat="36.14924944444444" lon="139.49846416666668">
<ele>17</ele>
</trkpt>
<trkpt lat="36.14917222222222" lon="139.49850361111112">
<ele>17</ele>
</trkpt>
<trkpt lat="36.149095" lon="139.49854333333334">
<ele>17</ele>
</trkpt>
<trkpt lat="36.1490175" lon="139.49858277777778">
<ele>17</ele>
</trkpt>
<trkpt lat="36.148940277777776" lon="139.49862222222222">
<ele>17</ele>
</trkpt>
<trkpt lat="36.14886305555556" lon="139.49866194444445">
<ele>17</ele>
</trkpt>
<trkpt lat="36.148785833333335" lon="139.4987013888889">
<ele>17</ele>
</trkpt>
<trkpt lat="36.14870833333333" lon="139.49874083333333">
<ele>17</ele>
</trkpt>
<trkpt lat="36.14863111111111" lon="139.49878055555556">
<ele>17</ele>
</trkpt>
<trkpt lat="36.14855388888889" lon="139.49882">
<ele>17</ele>
</trkpt>
<trkpt lat="36.14847666666667" lon="139.49885944444443">
<ele>17</ele>
</trkpt>
<trkpt lat="36.14839944444444" lon="139.4988988888889">
<ele>17</ele>
</trkpt>
<trkpt lat="36.14832194444445" lon="139.4989386111111">
<ele>17</ele>
</trkpt>
<trkpt lat="36.14824472222222" lon="139.49897805555557">
<ele>17</ele>
</trkpt>
<trkpt lat="36.14824472222222" lon="139.49897805555557">
<ele>17</ele>
</trkpt>
<trkpt lat="36.14824472222222" lon="139.49897805555557">
<ele>17</ele>
</trkpt>
<trkpt lat="36.148205833333336" lon="139.49900583333334">
<ele>17</ele>
</trkpt>
<trkpt lat="36.14816694444445" lon="139.49903361111112">
<ele>17</ele>
</trkpt>
<trkpt lat="36.14812805555555" lon="139.4990613888889">
<ele>17</ele>
</trkpt>
<trkpt lat="36.148089166666665" lon="139.49908916666666">
<ele>17</ele>
</trkpt>
<trkpt lat="36.14805" lon="139.49911694444444">
<ele>17</ele>
</trkpt>
<trkpt lat="36.14801111111111" lon="139.4991447222222">
<ele>17</ele>
</trkpt>
<trkpt lat="36.14797222222222" lon="139.49917222222223">
<ele>17</ele>
</trkpt>
<trkpt lat="36.14795888888889" lon="139.49918194444444">
<ele>17</ele>
</trkpt>
<trkpt lat="36.14795888888889" lon="139.49918194444444">
<ele>17</ele>
</trkpt>
<trkpt lat="36.14792333333333" lon="139.49921583333332">
<ele>17</ele>
</trkpt>
<trkpt lat="36.1478875" lon="139.49924972222223">
<ele>17</ele>
</trkpt>
<trkpt lat="36.14785194444445" lon="139.49928333333332">
<ele>17</ele>
</trkpt>
<trkpt lat="36.14781638888889" lon="139.49931722222223">
<ele>17</ele>
</trkpt>
<trkpt lat="36.147780555555556" lon="139.4993511111111">
<ele>17</ele>
</trkpt>
<trkpt lat="36.147745" lon="139.499385">
<ele>17</ele>
</trkpt>
<trkpt lat="36.147709444444445" lon="139.4994188888889">
<ele>17</ele>
</trkpt>
<trkpt lat="36.14769888888889" lon="139.4994286111111">
<ele>17</ele>
</trkpt>
<trkpt lat="36.14769888888889" lon="139.4994286111111">
<ele>17</ele>
</trkpt>
<trkpt lat="36.147659166666664" lon="139.49947166666666">
<ele>17</ele>
</trkpt>
<trkpt lat="36.147619722222224" lon="139.49951444444446">
<ele>17</ele>
</trkpt>
<trkpt lat="36.14758" lon="139.4995575">
<ele>17</ele>
</trkpt>
<trkpt lat="36.14754027777778" lon="139.49960027777777">
<ele>17</ele>
</trkpt>
<trkpt lat="36.14750055555555" lon="139.49964333333332">
<ele>17</ele>
</trkpt>
<trkpt lat="36.147460833333334" lon="139.49968611111112">
<ele>17</ele>
</trkpt>
<trkpt lat="36.14742138888889" lon="139.49972916666667">
<ele>17</ele>
</trkpt>
<trkpt lat="36.14738166666667" lon="139.49977194444443">
<ele>17</ele>
</trkpt>
<trkpt lat="36.14734194444444" lon="139.499815">
<ele>17</ele>
</trkpt>
<trkpt lat="36.14730222222222" lon="139.49985777777778">
<ele>17</ele>
</trkpt>
<trkpt lat="36.1472625" lon="139.49990083333333">
<ele>17</ele>
</trkpt>
<trkpt lat="36.14722277777778" lon="139.49994361111112">
<ele>17</ele>
</trkpt>
<trkpt lat="36.14718333333333" lon="139.49998666666667">
<ele>17</ele>
</trkpt>
<trkpt lat="36.14714361111111" lon="139.50002944444444">
<ele>17</ele>
</trkpt>
<trkpt lat="36.147103888888886" lon="139.5000725">
<ele>17</ele>
</trkpt>
<trkpt lat="36.14706416666667" lon="139.50011527777778">
<ele>17</ele>
</trkpt>
<trkpt lat="36.14702444444445" lon="139.50015833333333">
<ele>17</ele>
</trkpt>
<trkpt lat="36.146985" lon="139.50020111111112">
<ele>17</ele>
</trkpt>
<trkpt lat="36.146945277777775" lon="139.50024416666668">
<ele>17</ele>
</trkpt>
<trkpt lat="36.146945277777775" lon="139.50024416666668">
<ele>17</ele>
</trkpt>
<trkpt lat="36.146945277777775" lon="139.50024416666668">
<ele>17</ele>
</trkpt>
<trkpt lat="36.146906944444446" lon="139.50027333333333">
<ele>17</ele>
</trkpt>
<trkpt lat="36.14686888888889" lon="139.5003027777778">
<ele>17</ele>
</trkpt>
<trkpt lat="36.14683083333333" lon="139.50033194444444">
<ele>17</ele>
</trkpt>
<trkpt lat="36.1467925" lon="139.50036138888888">
<ele>17</ele>
</trkpt>
<trkpt lat="36.14675444444445" lon="139.50039055555555">
<ele>17</ele>
</trkpt>
<trkpt lat="36.14671611111111" lon="139.50042">
<ele>17</ele>
</trkpt>
<trkpt lat="36.146678055555554" lon="139.50044916666667">
<ele>17</ele>
</trkpt>
<trkpt lat="36.146639722222226" lon="139.5004786111111">
<ele>17</ele>
</trkpt>
<trkpt lat="36.14660166666667" lon="139.50050777777778">
<ele>17</ele>
</trkpt>
<trkpt lat="36.14656361111111" lon="139.50053722222222">
<ele>17</ele>
</trkpt>
<trkpt lat="36.146525277777776" lon="139.5005663888889">
<ele>17</ele>
</trkpt>
<trkpt lat="36.14651194444444" lon="139.50057666666666">
<ele>17</ele>
</trkpt>
<trkpt lat="36.14651194444444" lon="139.50057666666666">
<ele>17</ele>
</trkpt>
<trkpt lat="36.14642" lon="139.5006197222222">
<ele>17</ele>
</trkpt>
<trkpt lat="36.14632777777778" lon="139.5006625">
<ele>17</ele>
</trkpt>
<trkpt lat="36.146235833333336" lon="139.50070527777777">
<ele>17</ele>
</trkpt>
<trkpt lat="36.146143611111114" lon="139.50074833333332">
<ele>17</ele>
</trkpt>
<trkpt lat="36.146051388888885" lon="139.5007911111111">
<ele>17</ele>
</trkpt>
<trkpt lat="36.14595944444444" lon="139.50083416666666">
<ele>17</ele>
</trkpt>
<trkpt lat="36.14586722222222" lon="139.50087694444446">
<ele>17</ele>
</trkpt>
<trkpt lat="36.14577527777778" lon="139.50092">
<ele>17</ele>
</trkpt>
<trkpt lat="36.14568305555556" lon="139.50096277777777">
<ele>17</ele>
</trkpt>
<trkpt lat="36.14559083333333" lon="139.50100583333332">
<ele>17</ele>
</trkpt>
<trkpt lat="36.14549888888889" lon="139.50104861111112">
<ele>17</ele>
</trkpt>
<trkpt lat="36.145406666666666" lon="139.50109166666667">
<ele>17</ele>
</trkpt>
<trkpt lat="36.145314722222224" lon="139.50113444444443">
<ele>17</ele>
</trkpt>
<trkpt lat="36.1452225" lon="139.5011775">
<ele>17</ele>
</trkpt>
<trkpt lat="36.14513027777778" lon="139.50122027777778">
<ele>17</ele>
</trkpt>
<trkpt lat="36.14503833333333" lon="139.50126333333333">
<ele>17</ele>
</trkpt>
<trkpt lat="36.14494611111111" lon="139.50130611111112">
<ele>17</ele>
</trkpt>
<trkpt lat="36.14485416666667" lon="139.50134916666667">
<ele>17</ele>
</trkpt>
<trkpt lat="36.14476194444445" lon="139.50139194444444">
<ele>17</ele>
</trkpt>
<trkpt lat="36.14476194444445" lon="139.50139194444444">
<ele>17</ele>
</trkpt>
<trkpt lat="36.14471722222222" lon="139.50139472222222">
<ele>17</ele>
</trkpt>
<trkpt lat="36.14467222222222" lon="139.5013972222222">
<ele>17</ele>
</trkpt>
<trkpt lat="36.14462722222222" lon="139.50139972222223">
<ele>17</ele>
</trkpt>
<trkpt lat="36.1445825" lon="139.50140222222223">
<ele>17</ele>
</trkpt>
<trkpt lat="36.1445375" lon="139.50140472222222">
<ele>17</ele>
</trkpt>
<trkpt lat="36.14449277777778" lon="139.5014072222222">
<ele>17</ele>
</trkpt>
<trkpt lat="36.14444777777778" lon="139.50140972222223">
<ele>17</ele>
</trkpt>
<trkpt lat="36.14440305555556" lon="139.50141222222223">
<ele>17</ele>
</trkpt>
<trkpt lat="36.14438083333334" lon="139.5014136111111">
<ele>17</ele>
</trkpt>
<trkpt lat="36.14438083333334" lon="139.5014136111111">
<ele>17</ele>
</trkpt>
<trkpt lat="36.14433666666667" lon="139.50140305555556">
<ele>17</ele>
</trkpt>
<trkpt lat="36.1442925" lon="139.50139277777777">
<ele>17</ele>
</trkpt>
<trkpt lat="36.14424833333333" lon="139.5013825">
<ele>17</ele>
</trkpt>
<trkpt lat="36.14420416666667" lon="139.50137194444446">
<ele>17</ele>
</trkpt>
<trkpt lat="36.14416" lon="139.50136166666667">
<ele>17</ele>
</trkpt>
<trkpt lat="36.14411611111111" lon="139.50135138888888">
<ele>17</ele>
</trkpt>
<trkpt lat="36.14407194444444" lon="139.50134083333333">
<ele>17</ele>
</trkpt>
<trkpt lat="36.14402777777778" lon="139.50133055555557">
<ele>17</ele>
</trkpt>
<trkpt lat="36.14398361111111" lon="139.50132027777778">
<ele>17</ele>
</trkpt>
<trkpt lat="36.14393944444444" lon="139.50131">
<ele>17</ele>
</trkpt>
<trkpt lat="36.14389527777778" lon="139.50129944444444">
<ele>17</ele>
</trkpt>
<trkpt lat="36.14387833333333" lon="139.50129555555554">
<ele>17</ele>
</trkpt>
<trkpt lat="36.14387833333333" lon="139.50129555555554">
<ele>17</ele>
</trkpt>
<trkpt lat="36.143837777777776" lon="139.50127166666667">
<ele>17</ele>
</trkpt>
<trkpt lat="36.143796944444446" lon="139.5012477777778">
<ele>17</ele>
</trkpt>
<trkpt lat="36.14375638888889" lon="139.50122416666667">
<ele>17</ele>
</trkpt>
<trkpt lat="36.14371583333333" lon="139.50120027777777">
<ele>17</ele>
</trkpt>
<trkpt lat="36.14367527777778" lon="139.5011763888889">
<ele>17</ele>
</trkpt>
<trkpt lat="36.143634722222224" lon="139.50115277777778">
<ele>17</ele>
</trkpt>
<trkpt lat="36.14359416666667" lon="139.5011288888889">
<ele>17</ele>
</trkpt>
<trkpt lat="36.14355361111111" lon="139.501105">
<ele>17</ele>
</trkpt>
<trkpt lat="36.14354888888889" lon="139.5011025">
<ele>17</ele>
</trkpt>
<trkpt lat="36.14354888888889" lon="139.5011025">
<ele>17</ele>
</trkpt>
<trkpt lat="36.143504722222225" lon="139.50109">
<ele>17</ele>
</trkpt>
<trkpt lat="36.143460555555556" lon="139.5010775">
<ele>17</ele>
</trkpt>
<trkpt lat="36.14341638888889" lon="139.501065">
<ele>17</ele>
</trkpt>
<trkpt lat="36.14337222222222" lon="139.50105277777777">
<ele>17</ele>
</trkpt>
<trkpt lat="36.14332777777778" lon="139.50104027777778">
<ele>17</ele>
</trkpt>
<trkpt lat="36.14328361111111" lon="139.50102777777778">
<ele>17</ele>
</trkpt>
<trkpt lat="36.14323944444445" lon="139.50101555555557">
<ele>17</ele>
</trkpt>
<trkpt lat="36.14319527777778" lon="139.50100305555554">
<ele>17</ele>
</trkpt>
<trkpt lat="36.14315083333333" lon="139.50099055555555">
<ele>17</ele>
</trkpt>
<trkpt lat="36.14310666666667" lon="139.50097805555555">
<ele>17</ele>
</trkpt>
<trkpt lat="36.1430625" lon="139.50096583333334">
<ele>17</ele>
</trkpt>
<trkpt lat="36.14301833333333" lon="139.50095333333334">
<ele>17</ele>
</trkpt>
<trkpt lat="36.14297388888889" lon="139.50094083333335">
<ele>17</ele>
</trkpt>
<trkpt lat="36.14292972222222" lon="139.50092833333332">
<ele>17</ele>
</trkpt>
<trkpt lat="36.14288555555556" lon="139.5009161111111">
<ele>17</ele>
</trkpt>
<trkpt lat="36.14284138888889" lon="139.5009036111111">
<ele>17</ele>
</trkpt>
<trkpt lat="36.14279694444444" lon="139.50089111111112">
<ele>17</ele>
</trkpt>
<trkpt lat="36.14275277777778" lon="139.50087888888888">
<ele>17</ele>
</trkpt>
<trkpt lat="36.14270861111111" lon="139.50086638888888">
<ele>17</ele>
</trkpt>
<trkpt lat="36.14270861111111" lon="139.50086638888888">
<ele>17</ele>
</trkpt>
<trkpt lat="36.14270861111111" lon="139.50086638888888">
<ele>17</ele>
</trkpt>
<trkpt lat="36.14266361111111" lon="139.5008636111111">
<ele>17</ele>
</trkpt>
<trkpt lat="36.14261888888889" lon="139.50086083333332">
<ele>17</ele>
</trkpt>
<trkpt lat="36.14257388888889" lon="139.50085805555557">
<ele>17</ele>
</trkpt>
<trkpt lat="36.14252916666667" lon="139.50085555555555">
<ele>17</ele>
</trkpt>
<trkpt lat="36.14248416666667" lon="139.50085277777777">
<ele>17</ele>
</trkpt>
<trkpt lat="36.14243944444444" lon="139.50085">
<ele>17</ele>
</trkpt>
<trkpt lat="36.14239444444444" lon="139.50084722222223">
<ele>17</ele>
</trkpt>
<trkpt lat="36.14234972222222" lon="139.50084444444445">
<ele>17</ele>
</trkpt>
<trkpt lat="36.14230472222222" lon="139.50084166666667">
<ele>17</ele>
</trkpt>
<trkpt lat="36.14226" lon="139.50083916666668">
<ele>17</ele>
</trkpt>
<trkpt lat="36.142215" lon="139.5008363888889">
<ele>17</ele>
</trkpt>
<trkpt lat="36.14218" lon="139.50083416666666">
<ele>17</ele>
</trkpt>
<trkpt lat="36.14218" lon="139.50083416666666">
<ele>17</ele>
</trkpt>
<trkpt lat="36.14208361111111" lon="139.50086166666668">
<ele>17</ele>
</trkpt>
<trkpt lat="36.14198722222222" lon="139.50088888888888">
<ele>17</ele>
</trkpt>
<trkpt lat="36.141890833333335" lon="139.5009163888889">
<ele>17</ele>
</trkpt>
<trkpt lat="36.14179444444444" lon="139.5009436111111">
<ele>17</ele>
</trkpt>
<trkpt lat="36.14169777777778" lon="139.5009711111111">
<ele>17</ele>
</trkpt>
<trkpt lat="36.14160138888889" lon="139.5009986111111">
<ele>17</ele>
</trkpt>
<trkpt lat="36.141505" lon="139.50102583333333">
<ele>17</ele>
</trkpt>
<trkpt lat="36.14140861111111" lon="139.50105333333335">
<ele>17</ele>
</trkpt>
<trkpt lat="36.141311944444446" lon="139.50108055555555">
<ele>17</ele>
</trkpt>
<trkpt lat="36.141215555555554" lon="139.50110805555556">
<ele>17</ele>
</trkpt>
<trkpt lat="36.14111916666667" lon="139.50113555555555">
<ele>17</ele>
</trkpt>
<trkpt lat="36.14102277777778" lon="139.50116277777778">
<ele>17</ele>
</trkpt>
<trkpt lat="36.140926388888886" lon="139.50119027777777">
<ele>17</ele>
</trkpt>
<trkpt lat="36.14082972222222" lon="139.5012175">
<ele>17</ele>
</trkpt>
<trkpt lat="36.14073333333333" lon="139.501245">
<ele>17</ele>
</trkpt>
<trkpt lat="36.140636944444445" lon="139.5012722222222">
<ele>17</ele>
</trkpt>
<trkpt lat="36.14054055555555" lon="139.50129972222223">
<ele>17</ele>
</trkpt>
<trkpt lat="36.14044416666667" lon="139.50132722222222">
<ele>17</ele>
</trkpt>
<trkpt lat="36.1403475" lon="139.50135444444444">
<ele>17</ele>
</trkpt>
<trkpt lat="36.14025111111111" lon="139.50138194444443">
<ele>17</ele>
</trkpt>
<trkpt lat="36.14015472222222" lon="139.50140916666666">
<ele>17</ele>
</trkpt>
<trkpt lat="36.140058333333336" lon="139.50143666666668">
<ele>17</ele>
</trkpt>
<trkpt lat="36.139961666666665" lon="139.50146416666666">
<ele>17</ele>
</trkpt>
<trkpt lat="36.13986527777778" lon="139.5014913888889">
<ele>17</ele>
</trkpt>
<trkpt lat="36.13976888888889" lon="139.50151888888888">
<ele>17</ele>
</trkpt>
<trkpt lat="36.1396725" lon="139.5015461111111">
<ele>17</ele>
</trkpt>
<trkpt lat="36.13957611111111" lon="139.5015736111111">
<ele>17</ele>
</trkpt>
<trkpt lat="36.13947944444445" lon="139.5016011111111">
<ele>17</ele>
</trkpt>
<trkpt lat="36.139383055555555" lon="139.50162833333334">
<ele>17</ele>
</trkpt>
<trkpt lat="36.13928666666666" lon="139.50165583333333">
<ele>17</ele>
</trkpt>
<trkpt lat="36.13919027777778" lon="139.50168305555556">
<ele>17</ele>
</trkpt>
<trkpt lat="36.13909388888889" lon="139.50171055555555">
<ele>17</ele>
</trkpt>
<trkpt lat="36.13899722222222" lon="139.50173805555556">
<ele>17</ele>
</trkpt>
<trkpt lat="36.13890083333333" lon="139.50176527777776">
<ele>17</ele>
</trkpt>
<trkpt lat="36.138804444444446" lon="139.50179277777778">
<ele>17</ele>
</trkpt>
<trkpt lat="36.138708055555554" lon="139.50182">
<ele>17</ele>
</trkpt>
<trkpt lat="36.13861166666667" lon="139.5018475">
<ele>17</ele>
</trkpt>
<trkpt lat="36.138515" lon="139.50187472222223">
<ele>17</ele>
</trkpt>
<trkpt lat="36.138513055555556" lon="139.50186888888888">
<ele>17</ele>
</trkpt>
<trkpt lat="36.138531111111114" lon="139.5018611111111">
<ele>17</ele>
</trkpt>
<trkpt lat="36.13825611111111" lon="139.50157388888888">
<ele>17</ele>
</trkpt>
<trkpt lat="36.13805611111111" lon="139.5013111111111">
<ele>17</ele>
</trkpt>
<trkpt lat="36.13798111111111" lon="139.50124888888888">
<ele>17</ele>
</trkpt>
<trkpt lat="36.137923055555554" lon="139.50118694444444">
<ele>17</ele>
</trkpt>
<trkpt lat="36.13776388888889" lon="139.5010738888889">
<ele>17</ele>
</trkpt>
<trkpt lat="36.13744805555555" lon="139.50091194444445">
<ele>17</ele>
</trkpt>
<trkpt lat="36.13728111111111" lon="139.50079888888888">
<ele>17</ele>
</trkpt>
<trkpt lat="36.13717305555556" lon="139.5007238888889">
<ele>17</ele>
</trkpt>
<trkpt lat="36.13698888888889" lon="139.50056194444446">
<ele>17</ele>
</trkpt>
<trkpt lat="36.13691388888889" lon="139.5004988888889">
<ele>17</ele>
</trkpt>
<trkpt lat="36.13674805555556" lon="139.50034888888888">
<ele>17</ele>
</trkpt>
<trkpt lat="36.13648888888889" lon="139.50013694444445">
<ele>17</ele>
</trkpt>
<trkpt lat="36.13632305555556" lon="139.5000488888889">
<ele>17</ele>
</trkpt>
<trkpt lat="36.136181111111114" lon="139.49999888888888">
<ele>17</ele>
</trkpt>
<trkpt lat="36.13603111111111" lon="139.4999738888889">
<ele>16</ele>
</trkpt>
<trkpt lat="36.135623055555556" lon="139.4999238888889">
<ele>16</ele>
</trkpt>
<trkpt lat="36.135315" lon="139.4998488888889">
<ele>16</ele>
</trkpt>
<trkpt lat="36.134998055555556" lon="139.49976194444446">
<ele>16</ele>
</trkpt>
<trkpt lat="36.134715" lon="139.49966194444445">
<ele>16</ele>
</trkpt>
<trkpt lat="36.134498055555554" lon="139.49954888888888">
<ele>16</ele>
</trkpt>
<trkpt lat="36.134298055555554" lon="139.49942388888888">
<ele>16</ele>
</trkpt>
<trkpt lat="36.13422305555556" lon="139.4993738888889">
<ele>16</ele>
</trkpt>
<trkpt lat="36.13403111111111" lon="139.49923694444445">
<ele>16</ele>
</trkpt>
<trkpt lat="36.13292305555556" lon="139.49836194444444">
<ele>16</ele>
</trkpt>
<trkpt lat="36.13154" lon="139.49731194444445">
<ele>16</ele>
</trkpt>
<trkpt lat="36.13144" lon="139.49723694444444">
<ele>16</ele>
</trkpt>
<trkpt lat="36.130865" lon="139.496775">
<ele>17</ele>
</trkpt>
<trkpt lat="36.13053194444444" lon="139.4965">
<ele>17</ele>
</trkpt>
<trkpt lat="36.13045694444445" lon="139.49645">
<ele>17</ele>
</trkpt>
<trkpt lat="36.12924" lon="139.4955">
<ele>17</ele>
</trkpt>
<trkpt lat="36.12919" lon="139.495475">
<ele>17</ele>
</trkpt>
<trkpt lat="36.129081944444444" lon="139.4954">
<ele>17</ele>
</trkpt>
<trkpt lat="36.12882388888889" lon="139.49525">
<ele>17</ele>
</trkpt>
<trkpt lat="36.12880111111111" lon="139.4952411111111">
<ele>17</ele>
</trkpt>
<trkpt lat="36.12880111111111" lon="139.4952411111111">
<ele>17</ele>
</trkpt>
<trkpt lat="36.12881027777778" lon="139.49518666666665">
<ele>17</ele>
</trkpt>
<trkpt lat="36.128819166666666" lon="139.49513222222222">
<ele>17</ele>
</trkpt>
<trkpt lat="36.12882833333333" lon="139.49507777777777">
<ele>17</ele>
</trkpt>
<trkpt lat="36.1288375" lon="139.49502333333334">
<ele>17</ele>
</trkpt>
<trkpt lat="36.12884583333334" lon="139.49497305555556">
<ele>17</ele>
</trkpt>
<trkpt lat="36.12884583333334" lon="139.49497305555556">
<ele>17</ele>
</trkpt>
<trkpt lat="36.12884583333334" lon="139.4949175">
<ele>17</ele>
</trkpt>
<trkpt lat="36.12884583333334" lon="139.49486166666668">
<ele>17</ele>
</trkpt>
<trkpt lat="36.12884583333334" lon="139.4948061111111">
<ele>17</ele>
</trkpt>
<trkpt lat="36.12884583333334" lon="139.49475055555556">
<ele>17</ele>
</trkpt>
<trkpt lat="36.12884583333334" lon="139.494695">
<ele>17</ele>
</trkpt>
<trkpt lat="36.12884583333334" lon="139.49463944444443">
<ele>17</ele>
</trkpt>
<trkpt lat="36.12884583333334" lon="139.49458361111112">
<ele>17</ele>
</trkpt>
<trkpt lat="36.12884583333334" lon="139.49454916666667">
<ele>17</ele>
</trkpt>
<trkpt lat="36.12884583333334" lon="139.49454916666667">
<ele>17</ele>
</trkpt>
<trkpt lat="36.128836666666665" lon="139.4944947222222">
<ele>17</ele>
</trkpt>
<trkpt lat="36.1288275" lon="139.49444027777778">
<ele>17</ele>
</trkpt>
<trkpt lat="36.128818333333335" lon="139.49438583333333">
<ele>17</ele>
</trkpt>
<trkpt lat="36.12880916666667" lon="139.4943313888889">
<ele>17</ele>
</trkpt>
<trkpt lat="36.1288" lon="139.49427694444444">
<ele>17</ele>
</trkpt>
<trkpt lat="36.12879083333333" lon="139.4942225">
<ele>17</ele>
</trkpt>
<trkpt lat="36.12878194444444" lon="139.49416805555555">
<ele>17</ele>
</trkpt>
<trkpt lat="36.128772777777776" lon="139.49411361111112">
<ele>17</ele>
</trkpt>
<trkpt lat="36.12876361111111" lon="139.49405916666666">
<ele>17</ele>
</trkpt>
<trkpt lat="36.12875472222222" lon="139.4940075">
<ele>17</ele>
</trkpt>
<trkpt lat="36.12875472222222" lon="139.4940075">
<ele>17</ele>
</trkpt>
<trkpt lat="36.12874111111111" lon="139.49395444444446">
<ele>17</ele>
</trkpt>
<trkpt lat="36.1287275" lon="139.4939013888889">
<ele>17</ele>
</trkpt>
<trkpt lat="36.12871388888889" lon="139.49384833333335">
<ele>17</ele>
</trkpt>
<trkpt lat="36.128700277777774" lon="139.49379555555555">
<ele>17</ele>
</trkpt>
<trkpt lat="36.12868972222222" lon="139.49375527777778">
<ele>17</ele>
</trkpt>
<trkpt lat="36.12868972222222" lon="139.49375527777778">
<ele>17</ele>
</trkpt>
<trkpt lat="36.12867222222222" lon="139.49370416666667">
<ele>18</ele>
</trkpt>
<trkpt lat="36.12865472222222" lon="139.49365277777778">
<ele>18</ele>
</trkpt>
<trkpt lat="36.128637222222224" lon="139.49360166666668">
<ele>17</ele>
</trkpt>
<trkpt lat="36.128619722222226" lon="139.49355055555554">
<ele>17</ele>
</trkpt>
<trkpt lat="36.12860222222222" lon="139.49349916666668">
<ele>17</ele>
</trkpt>
<trkpt lat="36.12858472222222" lon="139.49344805555555">
<ele>17</ele>
</trkpt>
<trkpt lat="36.12856722222222" lon="139.49339694444444">
<ele>17</ele>
</trkpt>
<trkpt lat="36.128549722222225" lon="139.49334555555555">
<ele>17</ele>
</trkpt>
<trkpt lat="36.12853222222222" lon="139.49329444444444">
<ele>17</ele>
</trkpt>
<trkpt lat="36.12851472222222" lon="139.49324333333334">
<ele>17</ele>
</trkpt>
<trkpt lat="36.12849694444444" lon="139.49319194444445">
<ele>17</ele>
</trkpt>
<trkpt lat="36.128479444444444" lon="139.49314083333334">
<ele>17</ele>
</trkpt>
<trkpt lat="36.12847305555555" lon="139.4931222222222">
<ele>17</ele>
</trkpt>
<trkpt lat="36.12847305555555" lon="139.4931222222222">
<ele>17</ele>
</trkpt>
<trkpt lat="36.12847472222222" lon="139.49306666666666">
<ele>17</ele>
</trkpt>
<trkpt lat="36.12847611111111" lon="139.49301111111112">
<ele>17</ele>
</trkpt>
<trkpt lat="36.128477777777775" lon="139.49295555555557">
<ele>17</ele>
</trkpt>
<trkpt lat="36.128479166666665" lon="139.4929">
<ele>17</ele>
</trkpt>
<trkpt lat="36.128480555555555" lon="139.49284444444444">
<ele>17</ele>
</trkpt>
<trkpt lat="36.128482222222225" lon="139.4927888888889">
<ele>17</ele>
</trkpt>
<trkpt lat="36.12848361111111" lon="139.49273333333332">
<ele>17</ele>
</trkpt>
<trkpt lat="36.12848527777778" lon="139.49267777777777">
<ele>17</ele>
</trkpt>
<trkpt lat="36.12848611111111" lon="139.49263944444445">
<ele>17</ele>
</trkpt>
<trkpt lat="36.12848611111111" lon="139.49263944444445">
<ele>17</ele>
</trkpt>
<trkpt lat="36.12846138888889" lon="139.49259305555555">
<ele>17</ele>
</trkpt>
<trkpt lat="36.128436666666666" lon="139.49254666666667">
<ele>17</ele>
</trkpt>
<trkpt lat="36.128411944444444" lon="139.49250027777776">
<ele>17</ele>
</trkpt>
<trkpt lat="36.12838722222222" lon="139.4924538888889">
<ele>17</ele>
</trkpt>
<trkpt lat="36.1283625" lon="139.4924075">
<ele>17</ele>
</trkpt>
<trkpt lat="36.12835194444445" lon="139.49238722222222">
<ele>17</ele>
</trkpt>
<trkpt lat="36.12835194444445" lon="139.49238722222222">
<ele>17</ele>
</trkpt>
<trkpt lat="36.12834361111111" lon="139.4923327777778">
<ele>17</ele>
</trkpt>
<trkpt lat="36.12833527777778" lon="139.49227805555554">
<ele>17</ele>
</trkpt>
<trkpt lat="36.128326944444446" lon="139.49222333333333">
<ele>17</ele>
</trkpt>
<trkpt lat="36.12831888888889" lon="139.4921686111111">
<ele>17</ele>
</trkpt>
<trkpt lat="36.12831055555556" lon="139.49211416666665">
<ele>17</ele>
</trkpt>
<trkpt lat="36.128302222222224" lon="139.49205944444444">
<ele>17</ele>
</trkpt>
<trkpt lat="36.12829388888889" lon="139.49200472222222">
<ele>17</ele>
</trkpt>
<trkpt lat="36.12828694444445" lon="139.49195833333334">
<ele>17</ele>
</trkpt>
<trkpt lat="36.12828694444445" lon="139.49195833333334">
<ele>17</ele>
</trkpt>
<trkpt lat="36.12827305555555" lon="139.4919052777778">
<ele>17</ele>
</trkpt>
<trkpt lat="36.128259166666666" lon="139.4918525">
<ele>17</ele>
</trkpt>
<trkpt lat="36.12824527777778" lon="139.49179944444444">
<ele>17</ele>
</trkpt>
<trkpt lat="36.128235" lon="139.4917597222222">
<ele>17</ele>
</trkpt>
<trkpt lat="36.128235" lon="139.4917597222222">
<ele>17</ele>
</trkpt>
<trkpt lat="36.128236111111114" lon="139.49170416666666">
<ele>17</ele>
</trkpt>
<trkpt lat="36.128236944444446" lon="139.49164861111112">
<ele>17</ele>
</trkpt>
<trkpt lat="36.128238055555556" lon="139.49159305555557">
<ele>17</ele>
</trkpt>
<trkpt lat="36.12823916666667" lon="139.49153972222223">
<ele>17</ele>
</trkpt>
<trkpt lat="36.12823916666667" lon="139.49153972222223">
<ele>17</ele>
</trkpt>
<trkpt lat="36.12824861111111" lon="139.49148527777777">
<ele>17</ele>
</trkpt>
<trkpt lat="36.128258055555555" lon="139.4914311111111">
<ele>17</ele>
</trkpt>
<trkpt lat="36.12826722222222" lon="139.49137666666667">
<ele>17</ele>
</trkpt>
<trkpt lat="36.128276666666665" lon="139.4913222222222">
<ele>17</ele>
</trkpt>
<trkpt lat="36.12828611111111" lon="139.49126777777778">
<ele>17</ele>
</trkpt>
<trkpt lat="36.12829555555555" lon="139.49121333333332">
<ele>17</ele>
</trkpt>
<trkpt lat="36.128304722222225" lon="139.49115916666668">
<ele>17</ele>
</trkpt>
<trkpt lat="36.12830861111111" lon="139.4911375">
<ele>17</ele>
</trkpt>
<trkpt lat="36.12830861111111" lon="139.4911375">
<ele>17</ele>
</trkpt>
<trkpt lat="36.12831027777778" lon="139.49108194444443">
<ele>17</ele>
</trkpt>
<trkpt lat="36.12831222222222" lon="139.49102638888888">
<ele>17</ele>
</trkpt>
<trkpt lat="36.12831277777778" lon="139.49100333333334">
<ele>17</ele>
</trkpt>
<trkpt lat="36.12831277777778" lon="139.49100333333334">
<ele>17</ele>
</trkpt>
<trkpt lat="36.128298055555554" lon="139.49095083333333">
<ele>17</ele>
</trkpt>
<trkpt lat="36.128283055555556" lon="139.49089833333332">
<ele>17</ele>
</trkpt>
<trkpt lat="36.12826805555556" lon="139.49084611111113">
<ele>17</ele>
</trkpt>
<trkpt lat="36.128253055555554" lon="139.49079361111112">
<ele>17</ele>
</trkpt>
<trkpt lat="36.128238055555556" lon="139.4907411111111">
<ele>17</ele>
</trkpt>
<trkpt lat="36.12822305555556" lon="139.49068861111112">
<ele>17</ele>
</trkpt>
<trkpt lat="36.12820833333333" lon="139.4906363888889">
<ele>17</ele>
</trkpt>
<trkpt lat="36.128193333333336" lon="139.4905838888889">
<ele>17</ele>
</trkpt>
<trkpt lat="36.12817833333333" lon="139.49053138888888">
<ele>17</ele>
</trkpt>
<trkpt lat="36.12816333333333" lon="139.4904788888889">
<ele>17</ele>
</trkpt>
<trkpt lat="36.12815694444444" lon="139.49045611111111">
<ele>17</ele>
</trkpt>
<trkpt lat="36.12815694444444" lon="139.49045611111111">
<ele>17</ele>
</trkpt>
<trkpt lat="36.12815138888889" lon="139.4904011111111">
<ele>17</ele>
</trkpt>
<trkpt lat="36.128145833333335" lon="139.49034583333332">
<ele>17</ele>
</trkpt>
<trkpt lat="36.128140277777774" lon="139.49029055555556">
<ele>17</ele>
</trkpt>
<trkpt lat="36.12813472222222" lon="139.49023527777777">
<ele>17</ele>
</trkpt>
<trkpt lat="36.12812916666667" lon="139.49018027777777">
<ele>17</ele>
</trkpt>
<trkpt lat="36.128123611111114" lon="139.490125">
<ele>17</ele>
</trkpt>
<trkpt lat="36.128118055555554" lon="139.49006972222222">
<ele>17</ele>
</trkpt>
<trkpt lat="36.12811277777778" lon="139.4900147222222">
<ele>17</ele>
</trkpt>
<trkpt lat="36.12810722222222" lon="139.48995944444445">
<ele>17</ele>
</trkpt>
<trkpt lat="36.128101666666666" lon="139.48990416666666">
<ele>17</ele>
</trkpt>
<trkpt lat="36.12809611111111" lon="139.48984916666666">
<ele>17</ele>
</trkpt>
<trkpt lat="36.12809055555555" lon="139.4897938888889">
<ele>17</ele>
</trkpt>
<trkpt lat="36.1280875" lon="139.48976416666667">
<ele>17</ele>
</trkpt>
<trkpt lat="36.1280875" lon="139.48976416666667">
<ele>17</ele>
</trkpt>
<trkpt lat="36.12809138888889" lon="139.4897086111111">
<ele>17</ele>
</trkpt>
<trkpt lat="36.12809527777778" lon="139.48965333333334">
<ele>17</ele>
</trkpt>
<trkpt lat="36.128099166666665" lon="139.48959805555555">
<ele>17</ele>
</trkpt>
<trkpt lat="36.128103055555556" lon="139.4895425">
<ele>17</ele>
</trkpt>
<trkpt lat="36.12810694444445" lon="139.4894872222222">
<ele>17</ele>
</trkpt>
<trkpt lat="36.12811083333333" lon="139.48943166666666">
<ele>17</ele>
</trkpt>
<trkpt lat="36.12811361111111" lon="139.48939388888888">
<ele>17</ele>
</trkpt>
<trkpt lat="36.12811361111111" lon="139.48939388888888">
<ele>17</ele>
</trkpt>
<trkpt lat="36.12809277777778" lon="139.48934472222223">
<ele>17</ele>
</trkpt>
<trkpt lat="36.12807194444444" lon="139.48929555555554">
<ele>17</ele>
</trkpt>
<trkpt lat="36.12805111111111" lon="139.4892461111111">
<ele>17</ele>
</trkpt>
<trkpt lat="36.128030277777775" lon="139.48919694444444">
<ele>17</ele>
</trkpt>
<trkpt lat="36.128009444444444" lon="139.4891477777778">
<ele>17</ele>
</trkpt>
<trkpt lat="36.127988611111114" lon="139.48909833333335">
<ele>17</ele>
</trkpt>
<trkpt lat="36.127967777777776" lon="139.48904916666666">
<ele>17</ele>
</trkpt>
<trkpt lat="36.127946944444446" lon="139.489">
<ele>17</ele>
</trkpt>
<trkpt lat="36.12792611111111" lon="139.48895055555556">
<ele>17</ele>
</trkpt>
<trkpt lat="36.127923055555556" lon="139.48894333333334">
<ele>17</ele>
</trkpt>
<trkpt lat="36.127923055555556" lon="139.48894333333334">
<ele>17</ele>
</trkpt>
<trkpt lat="36.127895" lon="139.48889972222221">
<ele>17</ele>
</trkpt>
<trkpt lat="36.12786722222222" lon="139.48885611111112">
<ele>17</ele>
</trkpt>
<trkpt lat="36.12783916666667" lon="139.4888125">
<ele>17</ele>
</trkpt>
<trkpt lat="36.12781138888889" lon="139.4887688888889">
<ele>17</ele>
</trkpt>
<trkpt lat="36.12778361111111" lon="139.48872527777777">
<ele>17</ele>
</trkpt>
<trkpt lat="36.12775555555555" lon="139.48868166666668">
<ele>17</ele>
</trkpt>
<trkpt lat="36.12772777777778" lon="139.48863805555555">
<ele>17</ele>
</trkpt>
<trkpt lat="36.1277" lon="139.48859472222222">
<ele>17</ele>
</trkpt>
<trkpt lat="36.127671944444444" lon="139.48855111111112">
<ele>17</ele>
</trkpt>
<trkpt lat="36.12764416666667" lon="139.4885075">
<ele>17</ele>
</trkpt>
<trkpt lat="36.12761611111111" lon="139.4884638888889">
<ele>17</ele>
</trkpt>
<trkpt lat="36.12759361111111" lon="139.48842833333333">
<ele>17</ele>
</trkpt>
<trkpt lat="36.12759361111111" lon="139.48842833333333">
<ele>17</ele>
</trkpt>
<trkpt lat="36.127585833333335" lon="139.48837361111111">
<ele>17</ele>
</trkpt>
<trkpt lat="36.12757833333333" lon="139.4883188888889">
<ele>17</ele>
</trkpt>
<trkpt lat="36.12757638888889" lon="139.488305">
<ele>17</ele>
</trkpt>
<trkpt lat="36.12757638888889" lon="139.488305">
<ele>17</ele>
</trkpt>
<trkpt lat="36.1275825" lon="139.48825">
<ele>17</ele>
</trkpt>
<trkpt lat="36.12758861111111" lon="139.488195">
<ele>17</ele>
</trkpt>
<trkpt lat="36.127595" lon="139.48813972222223">
<ele>17</ele>
</trkpt>
<trkpt lat="36.12760111111111" lon="139.48808472222223">
<ele>17</ele>
</trkpt>
<trkpt lat="36.127606666666665" lon="139.48803694444445">
<ele>17</ele>
</trkpt>
<trkpt lat="36.127606666666665" lon="139.48803694444445">
<ele>17</ele>
</trkpt>
<trkpt lat="36.1276275" lon="139.4879875">
<ele>17</ele>
</trkpt>
<trkpt lat="36.127648055555554" lon="139.48793805555556">
<ele>17</ele>
</trkpt>
<trkpt lat="36.12766888888889" lon="139.48788888888888">
<ele>17</ele>
</trkpt>
<trkpt lat="36.12768972222222" lon="139.48783944444443">
<ele>17</ele>
</trkpt>
<trkpt lat="36.12771055555555" lon="139.48779027777778">
<ele>17</ele>
</trkpt>
<trkpt lat="36.12773111111111" lon="139.48774083333333">
<ele>17</ele>
</trkpt>
<trkpt lat="36.12775194444445" lon="139.48769166666668">
<ele>17</ele>
</trkpt>
<trkpt lat="36.12777277777778" lon="139.48764222222223">
<ele>17</ele>
</trkpt>
<trkpt lat="36.12779361111111" lon="139.48759305555555">
<ele>17</ele>
</trkpt>
<trkpt lat="36.12781416666667" lon="139.4875436111111">
<ele>17</ele>
</trkpt>
<trkpt lat="36.127835" lon="139.48749444444445">
<ele>17</ele>
</trkpt>
<trkpt lat="36.127855833333335" lon="139.487445">
<ele>17</ele>
</trkpt>
<trkpt lat="36.127876666666666" lon="139.48739583333332">
<ele>17</ele>
</trkpt>
<trkpt lat="36.127897222222224" lon="139.48734638888888">
<ele>17</ele>
</trkpt>
<trkpt lat="36.127918055555554" lon="139.48729722222222">
<ele>17</ele>
</trkpt>
<trkpt lat="36.127923055555556" lon="139.48728583333335">
<ele>17</ele>
</trkpt>
<trkpt lat="36.127923055555556" lon="139.48728583333335">
<ele>17</ele>
</trkpt>
<trkpt lat="36.12791555555555" lon="139.48723083333334">
<ele>17</ele>
</trkpt>
<trkpt lat="36.12790805555556" lon="139.4871761111111">
<ele>17</ele>
</trkpt>
<trkpt lat="36.12790555555556" lon="139.48715694444445">
<ele>17</ele>
</trkpt>
<trkpt lat="36.12790555555556" lon="139.48715694444445">
<ele>17</ele>
</trkpt>
<trkpt lat="36.12788833333333" lon="139.48710583333335">
<ele>17</ele>
</trkpt>
<trkpt lat="36.12787111111111" lon="139.48705444444445">
<ele>17</ele>
</trkpt>
<trkpt lat="36.127853888888886" lon="139.48700305555556">
<ele>17</ele>
</trkpt>
<trkpt lat="36.12783638888889" lon="139.48695166666667">
<ele>17</ele>
</trkpt>
<trkpt lat="36.12781916666667" lon="139.48690027777778">
<ele>17</ele>
</trkpt>
<trkpt lat="36.12780194444444" lon="139.48684916666667">
<ele>17</ele>
</trkpt>
<trkpt lat="36.12778472222222" lon="139.48679777777778">
<ele>17</ele>
</trkpt>
<trkpt lat="36.1277675" lon="139.4867463888889">
<ele>17</ele>
</trkpt>
<trkpt lat="36.12775388888889" lon="139.48670638888888">
<ele>17</ele>
</trkpt>
<trkpt lat="36.12775388888889" lon="139.48670638888888">
<ele>17</ele>
</trkpt>
<trkpt lat="36.127743333333335" lon="139.4866525">
<ele>17</ele>
</trkpt>
<trkpt lat="36.12773277777778" lon="139.48659833333335">
<ele>17</ele>
</trkpt>
<trkpt lat="36.127722222222225" lon="139.48654416666668">
<ele>17</ele>
</trkpt>
<trkpt lat="36.12771166666667" lon="139.4864902777778">
<ele>17</ele>
</trkpt>
<trkpt lat="36.12770111111111" lon="139.48643611111112">
<ele>17</ele>
</trkpt>
<trkpt lat="36.12769055555555" lon="139.48638222222223">
<ele>17</ele>
</trkpt>
<trkpt lat="36.12768" lon="139.48632805555556">
<ele>17</ele>
</trkpt>
<trkpt lat="36.12766944444444" lon="139.48627416666668">
<ele>17</ele>
</trkpt>
<trkpt lat="36.12765888888889" lon="139.48622">
<ele>17</ele>
</trkpt>
<trkpt lat="36.127648055555554" lon="139.48616611111112">
<ele>17</ele>
</trkpt>
<trkpt lat="36.1276375" lon="139.48611194444445">
<ele>17</ele>
</trkpt>
<trkpt lat="36.127626944444444" lon="139.48605777777777">
<ele>17</ele>
</trkpt>
<trkpt lat="36.12761638888889" lon="139.4860038888889">
<ele>17</ele>
</trkpt>
<trkpt lat="36.127605833333334" lon="139.48594972222222">
<ele>17</ele>
</trkpt>
<trkpt lat="36.12759527777778" lon="139.48589583333333">
<ele>17</ele>
</trkpt>
<trkpt lat="36.127584722222224" lon="139.48584166666666">
<ele>17</ele>
</trkpt>
<trkpt lat="36.12757416666667" lon="139.48578777777777">
<ele>17</ele>
</trkpt>
<trkpt lat="36.127563611111114" lon="139.4857336111111">
<ele>17</ele>
</trkpt>
<trkpt lat="36.12755305555556" lon="139.48567944444446">
<ele>17</ele>
</trkpt>
<trkpt lat="36.12755027777778" lon="139.48566583333334">
<ele>17</ele>
</trkpt>
<trkpt lat="36.12755027777778" lon="139.48566583333334">
<ele>17</ele>
</trkpt>
<trkpt lat="36.127568333333336" lon="139.4856147222222">
<ele>17</ele>
</trkpt>
<trkpt lat="36.127586388888886" lon="139.4855638888889">
<ele>17</ele>
</trkpt>
<trkpt lat="36.127604166666664" lon="139.48551277777779">
<ele>17</ele>
</trkpt>
<trkpt lat="36.127610833333335" lon="139.48549416666665">
<ele>17</ele>
</trkpt>
<trkpt lat="36.127610833333335" lon="139.48549416666665">
<ele>17</ele>
</trkpt>
<trkpt lat="36.127635" lon="139.48544694444445">
<ele>17</ele>
</trkpt>
<trkpt lat="36.12765888888889" lon="139.4854">
<ele>17</ele>
</trkpt>
<trkpt lat="36.12768277777778" lon="139.4853527777778">
<ele>17</ele>
</trkpt>
<trkpt lat="36.12770666666667" lon="139.48530583333334">
<ele>17</ele>
</trkpt>
<trkpt lat="36.12773055555556" lon="139.4852588888889">
<ele>17</ele>
</trkpt>
<trkpt lat="36.12775444444444" lon="139.48521166666666">
<ele>17</ele>
</trkpt>
<trkpt lat="36.12775833333333" lon="139.48520444444443">
<ele>17</ele>
</trkpt>
<trkpt lat="36.12775833333333" lon="139.48520444444443">
<ele>17</ele>
</trkpt>
<trkpt lat="36.127788055555556" lon="139.4851627777778">
<ele>17</ele>
</trkpt>
<trkpt lat="36.1278175" lon="139.48512083333333">
<ele>17</ele>
</trkpt>
<trkpt lat="36.12784722222222" lon="139.48507916666668">
<ele>17</ele>
</trkpt>
<trkpt lat="36.127876944444445" lon="139.4850375">
<ele>17</ele>
</trkpt>
<trkpt lat="36.12790666666667" lon="139.48499555555554">
<ele>17</ele>
</trkpt>
<trkpt lat="36.12793638888889" lon="139.4849538888889">
<ele>17</ele>
</trkpt>
<trkpt lat="36.127966111111114" lon="139.48491222222222">
<ele>17</ele>
</trkpt>
<trkpt lat="36.12799555555556" lon="139.48487055555555">
<ele>17</ele>
</trkpt>
<trkpt lat="36.12802527777778" lon="139.4848286111111">
<ele>17</ele>
</trkpt>
<trkpt lat="36.128055" lon="139.48478694444444">
<ele>17</ele>
</trkpt>
<trkpt lat="36.12808472222222" lon="139.4847452777778">
<ele>17</ele>
</trkpt>
<trkpt lat="36.12811444444444" lon="139.48470333333333">
<ele>17</ele>
</trkpt>
<trkpt lat="36.12813944444444" lon="139.48466805555555">
<ele>17</ele>
</trkpt>
<trkpt lat="36.12813944444444" lon="139.48466805555555">
<ele>17</ele>
</trkpt>
<trkpt lat="36.128166388888886" lon="139.48462333333333">
<ele>17</ele>
</trkpt>
<trkpt lat="36.128193333333336" lon="139.48457888888888">
<ele>17</ele>
</trkpt>
<trkpt lat="36.12822027777778" lon="139.48453444444445">
<ele>17</ele>
</trkpt>
<trkpt lat="36.12824722222222" lon="139.48449">
<ele>17</ele>
</trkpt>
<trkpt lat="36.12826944444444" lon="139.48445333333333">
<ele>17</ele>
</trkpt>
<trkpt lat="36.12826944444444" lon="139.48445333333333">
<ele>17</ele>
</trkpt>
<trkpt lat="36.12831083333333" lon="139.48443138888888">
<ele>17</ele>
</trkpt>
<trkpt lat="36.12835194444445" lon="139.48440916666667">
<ele>17</ele>
</trkpt>
<trkpt lat="36.128393333333335" lon="139.4843872222222">
<ele>17</ele>
</trkpt>
<trkpt lat="36.12843" lon="139.4843675">
<ele>17</ele>
</trkpt>
<trkpt lat="36.12843" lon="139.4843675">
<ele>17</ele>
</trkpt>
<trkpt lat="36.12847444444444" lon="139.48436027777777">
<ele>17</ele>
</trkpt>
<trkpt lat="36.12851888888889" lon="139.48435333333333">
<ele>17</ele>
</trkpt>
<trkpt lat="36.12856361111111" lon="139.4843461111111">
<ele>17</ele>
</trkpt>
<trkpt lat="36.12860805555555" lon="139.48433888888889">
<ele>17</ele>
</trkpt>
<trkpt lat="36.1286525" lon="139.48433166666666">
<ele>17</ele>
</trkpt>
<trkpt lat="36.12866388888889" lon="139.48433">
<ele>17</ele>
</trkpt>
<trkpt lat="36.12866388888889" lon="139.48433">
<ele>17</ele>
</trkpt>
<trkpt lat="36.12870361111111" lon="139.48430444444443">
<ele>17</ele>
</trkpt>
<trkpt lat="36.12874361111111" lon="139.4842788888889">
<ele>17</ele>
</trkpt>
<trkpt lat="36.12878361111111" lon="139.48425333333333">
<ele>17</ele>
</trkpt>
<trkpt lat="36.12878944444444" lon="139.48424944444446">
<ele>17</ele>
</trkpt>
<trkpt lat="36.12878944444444" lon="139.48424944444446">
<ele>17</ele>
</trkpt>
<trkpt lat="36.128818055555556" lon="139.48420666666667">
<ele>18</ele>
</trkpt>
<trkpt lat="36.12884666666667" lon="139.48416361111111">
<ele>18</ele>
</trkpt>
<trkpt lat="36.12885027777778" lon="139.48415833333334">
<ele>18</ele>
</trkpt>
<trkpt lat="36.12885027777778" lon="139.48415833333334">
<ele>18</ele>
</trkpt>
<trkpt lat="36.12885722222222" lon="139.48410333333334">
<ele>18</ele>
</trkpt>
<trkpt lat="36.128864444444446" lon="139.48404861111112">
<ele>18</ele>
</trkpt>
<trkpt lat="36.12887166666667" lon="139.48399361111112">
<ele>18</ele>
</trkpt>
<trkpt lat="36.12887888888889" lon="139.4839386111111">
<ele>18</ele>
</trkpt>
<trkpt lat="36.128885833333335" lon="139.4838838888889">
<ele>18</ele>
</trkpt>
<trkpt lat="36.12889305555556" lon="139.4838288888889">
<ele>18</ele>
</trkpt>
<trkpt lat="36.12889361111111" lon="139.48382583333333">
<ele>18</ele>
</trkpt>
<trkpt lat="36.12889361111111" lon="139.48382583333333">
<ele>18</ele>
</trkpt>
<trkpt lat="36.128905277777775" lon="139.48377222222223">
<ele>18</ele>
</trkpt>
<trkpt lat="36.12891722222222" lon="139.4837186111111">
<ele>18</ele>
</trkpt>
<trkpt lat="36.128929166666666" lon="139.483665">
<ele>18</ele>
</trkpt>
<trkpt lat="36.12894111111111" lon="139.4836113888889">
<ele>18</ele>
</trkpt>
<trkpt lat="36.12894111111111" lon="139.48361111111112">
<ele>18</ele>
</trkpt>
<trkpt lat="36.12894111111111" lon="139.48361111111112">
<ele>18</ele>
</trkpt>
<trkpt lat="36.128970277777775" lon="139.4835688888889">
<ele>18</ele>
</trkpt>
<trkpt lat="36.128999444444446" lon="139.48352666666668">
<ele>18</ele>
</trkpt>
<trkpt lat="36.12902861111111" lon="139.48348416666667">
<ele>18</ele>
</trkpt>
<trkpt lat="36.12905777777778" lon="139.48344194444445">
<ele>18</ele>
</trkpt>
<trkpt lat="36.129086944444445" lon="139.48339972222223">
<ele>18</ele>
</trkpt>
<trkpt lat="36.12911611111111" lon="139.48335722222222">
<ele>18</ele>
</trkpt>
<trkpt lat="36.12914527777778" lon="139.483315">
<ele>18</ele>
</trkpt>
<trkpt lat="36.129174444444445" lon="139.48327277777778">
<ele>18</ele>
</trkpt>
<trkpt lat="36.129203333333336" lon="139.48323027777778">
<ele>18</ele>
</trkpt>
<trkpt lat="36.1292325" lon="139.48318805555556">
<ele>18</ele>
</trkpt>
<trkpt lat="36.129261666666665" lon="139.48314583333334">
<ele>18</ele>
</trkpt>
<trkpt lat="36.129290833333336" lon="139.48310333333333">
<ele>18</ele>
</trkpt>
<trkpt lat="36.12931805555556" lon="139.4830638888889">
<ele>18</ele>
</trkpt>
<trkpt lat="36.12931805555556" lon="139.4830638888889">
<ele>18</ele>
</trkpt>
<trkpt lat="36.12933666666667" lon="139.48301333333333">
<ele>18</ele>
</trkpt>
<trkpt lat="36.129355555555556" lon="139.48296277777777">
<ele>18</ele>
</trkpt>
<trkpt lat="36.129374166666665" lon="139.4829122222222">
<ele>18</ele>
</trkpt>
<trkpt lat="36.1293875" lon="139.48287611111112">
<ele>18</ele>
</trkpt>
<trkpt lat="36.1293875" lon="139.48287611111112">
<ele>18</ele>
</trkpt>
<trkpt lat="36.12941694444444" lon="139.48283444444445">
<ele>18</ele>
</trkpt>
<trkpt lat="36.12944666666667" lon="139.48279277777777">
<ele>18</ele>
</trkpt>
<trkpt lat="36.12947638888889" lon="139.48275083333334">
<ele>19</ele>
</trkpt>
<trkpt lat="36.12950583333333" lon="139.48270916666667">
<ele>19</ele>
</trkpt>
<trkpt lat="36.129535555555556" lon="139.48266722222223">
<ele>19</ele>
</trkpt>
<trkpt lat="36.12956527777778" lon="139.48262555555556">
<ele>19</ele>
</trkpt>
<trkpt lat="36.12957361111111" lon="139.48261333333335">
<ele>19</ele>
</trkpt>
<trkpt lat="36.12957361111111" lon="139.48261333333335">
<ele>19</ele>
</trkpt>
<trkpt lat="36.12961027777778" lon="139.4825811111111">
<ele>19</ele>
</trkpt>
<trkpt lat="36.129646666666666" lon="139.4825486111111">
<ele>19</ele>
</trkpt>
<trkpt lat="36.12968333333333" lon="139.48251611111112">
<ele>19</ele>
</trkpt>
<trkpt lat="36.12971972222222" lon="139.48248388888888">
<ele>19</ele>
</trkpt>
<trkpt lat="36.129756111111114" lon="139.48245138888888">
<ele>19</ele>
</trkpt>
<trkpt lat="36.12979277777778" lon="139.4824188888889">
<ele>19</ele>
</trkpt>
<trkpt lat="36.129803333333335" lon="139.48240944444444">
<ele>19</ele>
</trkpt>
<trkpt lat="36.129803333333335" lon="139.48240944444444">
<ele>19</ele>
</trkpt>
<trkpt lat="36.12983694444444" lon="139.4823725">
<ele>19</ele>
</trkpt>
<trkpt lat="36.129870277777776" lon="139.48233527777776">
<ele>19</ele>
</trkpt>
<trkpt lat="36.12990388888889" lon="139.48229833333335">
<ele>19</ele>
</trkpt>
<trkpt lat="36.129937222222225" lon="139.48226111111111">
<ele>19</ele>
</trkpt>
<trkpt lat="36.12996805555556" lon="139.48222722222224">
<ele>19</ele>
</trkpt>
<trkpt lat="36.12996805555556" lon="139.48222722222224">
<ele>19</ele>
</trkpt>
<trkpt lat="36.12999027777778" lon="139.48217888888888">
<ele>19</ele>
</trkpt>
<trkpt lat="36.1300125" lon="139.48213055555556">
<ele>19</ele>
</trkpt>
<trkpt lat="36.13003472222222" lon="139.48208222222223">
<ele>19</ele>
</trkpt>
<trkpt lat="36.13003722222222" lon="139.48207694444446">
<ele>19</ele>
</trkpt>
<trkpt lat="36.13003722222222" lon="139.48207694444446">
<ele>19</ele>
</trkpt>
<trkpt lat="36.130050833333335" lon="139.48202388888888">
<ele>19</ele>
</trkpt>
<trkpt lat="36.13006444444444" lon="139.48197083333332">
<ele>19</ele>
</trkpt>
<trkpt lat="36.13007805555556" lon="139.48191805555555">
<ele>19</ele>
</trkpt>
<trkpt lat="36.130091666666665" lon="139.481865">
<ele>19</ele>
</trkpt>
<trkpt lat="36.13009805555556" lon="139.48184083333334">
<ele>19</ele>
</trkpt>
<trkpt lat="36.13009805555556" lon="139.48184083333334">
<ele>19</ele>
</trkpt>
<trkpt lat="36.13010444444444" lon="139.48178583333333">
<ele>19</ele>
</trkpt>
<trkpt lat="36.130110555555554" lon="139.48173083333333">
<ele>19</ele>
</trkpt>
<trkpt lat="36.130116944444445" lon="139.48167583333333">
<ele>19</ele>
</trkpt>
<trkpt lat="36.130119722222226" lon="139.48165305555557">
<ele>19</ele>
</trkpt>
<trkpt lat="36.130119722222226" lon="139.48165305555557">
<ele>19</ele>
</trkpt>
<trkpt lat="36.130117222222225" lon="139.4815975">
<ele>19</ele>
</trkpt>
<trkpt lat="36.130115" lon="139.48154194444444">
<ele>19</ele>
</trkpt>
<trkpt lat="36.1301125" lon="139.48148666666665">
<ele>19</ele>
</trkpt>
<trkpt lat="36.13011111111111" lon="139.48144916666666">
<ele>19</ele>
</trkpt>
<trkpt lat="36.13011111111111" lon="139.48144916666666">
<ele>19</ele>
</trkpt>
<trkpt lat="36.1300975" lon="139.4813963888889">
<ele>19</ele>
</trkpt>
<trkpt lat="36.13008361111111" lon="139.48134333333334">
<ele>19</ele>
</trkpt>
<trkpt lat="36.13007" lon="139.4812902777778">
<ele>19</ele>
</trkpt>
<trkpt lat="36.13005638888889" lon="139.48123722222223">
<ele>19</ele>
</trkpt>
<trkpt lat="36.13004277777778" lon="139.48118444444444">
<ele>19</ele>
</trkpt>
<trkpt lat="36.13002916666667" lon="139.48113138888888">
<ele>19</ele>
</trkpt>
<trkpt lat="36.13001555555556" lon="139.48107833333333">
<ele>19</ele>
</trkpt>
<trkpt lat="36.130001944444444" lon="139.48102527777777">
<ele>19</ele>
</trkpt>
<trkpt lat="36.12998833333333" lon="139.4809725">
<ele>19</ele>
</trkpt>
<trkpt lat="36.12997472222222" lon="139.48091944444445">
<ele>19</ele>
</trkpt>
<trkpt lat="36.12996111111111" lon="139.4808663888889">
<ele>19</ele>
</trkpt>
<trkpt lat="36.129959444444445" lon="139.48085916666668">
<ele>19</ele>
</trkpt>
<trkpt lat="36.129959444444445" lon="139.48085916666668">
<ele>19</ele>
</trkpt>
<trkpt lat="36.12997555555555" lon="139.4808075">
<ele>19</ele>
</trkpt>
<trkpt lat="36.12999027777778" lon="139.48076111111112">
<ele>19</ele>
</trkpt>
<trkpt lat="36.12999027777778" lon="139.48076111111112">
<ele>19</ele>
</trkpt>
<trkpt lat="36.129962222222225" lon="139.4807175">
<ele>19</ele>
</trkpt>
<trkpt lat="36.129934166666665" lon="139.4806738888889">
<ele>19</ele>
</trkpt>
<trkpt lat="36.129931666666664" lon="139.48066972222222">
<ele>19</ele>
</trkpt>
<trkpt lat="36.129931666666664" lon="139.48066972222222">
<ele>19</ele>
</trkpt>
<trkpt lat="36.129888333333334" lon="139.480685">
<ele>19</ele>
</trkpt>
<trkpt lat="36.129845277777775" lon="139.48070027777777">
<ele>19</ele>
</trkpt>
<trkpt lat="36.12984055555555" lon="139.48070194444443">
<ele>19</ele>
</trkpt>
<trkpt lat="36.12984055555555" lon="139.48070194444443">
<ele>19</ele>
</trkpt>
<trkpt lat="36.12980611111111" lon="139.4806663888889">
<ele>19</ele>
</trkpt>
<trkpt lat="36.12977166666667" lon="139.48063055555556">
<ele>19</ele>
</trkpt>
<trkpt lat="36.129737222222225" lon="139.480595">
<ele>19</ele>
</trkpt>
<trkpt lat="36.12970277777778" lon="139.48055916666667">
<ele>19</ele>
</trkpt>
<trkpt lat="36.129668333333335" lon="139.48052361111112">
<ele>19</ele>
</trkpt>
<trkpt lat="36.12963388888889" lon="139.48048777777777">
<ele>19</ele>
</trkpt>
<trkpt lat="36.129599444444445" lon="139.48045222222223">
<ele>19</ele>
</trkpt>
<trkpt lat="36.129565" lon="139.4804163888889">
<ele>19</ele>
</trkpt>
<trkpt lat="36.129530555555554" lon="139.48038083333333">
<ele>19</ele>
</trkpt>
<trkpt lat="36.12949611111111" lon="139.480345">
<ele>19</ele>
</trkpt>
<trkpt lat="36.129461944444444" lon="139.48030944444446">
<ele>19</ele>
</trkpt>
<trkpt lat="36.1294275" lon="139.4802736111111">
<ele>19</ele>
</trkpt>
<trkpt lat="36.12939305555555" lon="139.48023805555556">
<ele>19</ele>
</trkpt>
<trkpt lat="36.12935861111111" lon="139.48020222222223">
<ele>19</ele>
</trkpt>
<trkpt lat="36.12932416666666" lon="139.48016666666666">
<ele>19</ele>
</trkpt>
<trkpt lat="36.129289722222225" lon="139.48013083333333">
<ele>19</ele>
</trkpt>
<trkpt lat="36.12925527777778" lon="139.48009527777776">
<ele>19</ele>
</trkpt>
<trkpt lat="36.129220833333335" lon="139.48005944444444">
<ele>19</ele>
</trkpt>
<trkpt lat="36.12918638888889" lon="139.4800238888889">
<ele>19</ele>
</trkpt>
<trkpt lat="36.129151944444445" lon="139.47998805555557">
<ele>19</ele>
</trkpt>
<trkpt lat="36.1291175" lon="139.4799525">
<ele>19</ele>
</trkpt>
<trkpt lat="36.129083055555554" lon="139.47991666666667">
<ele>19</ele>
</trkpt>
<trkpt lat="36.12904861111111" lon="139.4798811111111">
<ele>19</ele>
</trkpt>
<trkpt lat="36.129014166666664" lon="139.47984527777777">
<ele>19</ele>
</trkpt>
<trkpt lat="36.12897972222222" lon="139.47980972222223">
<ele>19</ele>
</trkpt>
<trkpt lat="36.12894527777778" lon="139.4797738888889">
<ele>19</ele>
</trkpt>
<trkpt lat="36.128910833333336" lon="139.47973833333333">
<ele>19</ele>
</trkpt>
<trkpt lat="36.128883055555555" lon="139.47970972222222">
<ele>19</ele>
</trkpt>
<trkpt lat="36.128883055555555" lon="139.47970972222222">
<ele>19</ele>
</trkpt>
<trkpt lat="36.12888861111111" lon="139.47965444444444">
<ele>19</ele>
</trkpt>
<trkpt lat="36.12889416666667" lon="139.47959916666667">
<ele>19</ele>
</trkpt>
<trkpt lat="36.12889944444444" lon="139.47954416666667">
<ele>19</ele>
</trkpt>
<trkpt lat="36.128905" lon="139.47948888888888">
<ele>19</ele>
</trkpt>
<trkpt lat="36.12891055555556" lon="139.47943361111112">
<ele>19</ele>
</trkpt>
<trkpt lat="36.12891305555556" lon="139.47940805555555">
<ele>19</ele>
</trkpt>
<trkpt lat="36.12891305555556" lon="139.47940805555555">
<ele>19</ele>
</trkpt>
<trkpt lat="36.12887583333333" lon="139.47937694444445">
<ele>19</ele>
</trkpt>
<trkpt lat="36.128838611111114" lon="139.47934583333333">
<ele>19</ele>
</trkpt>
<trkpt lat="36.12880138888889" lon="139.47931472222223">
<ele>19</ele>
</trkpt>
<trkpt lat="36.12876388888889" lon="139.4792838888889">
<ele>19</ele>
</trkpt>
<trkpt lat="36.128726666666665" lon="139.4792527777778">
<ele>19</ele>
</trkpt>
<trkpt lat="36.128726666666665" lon="139.4792525">
<ele>19</ele>
</trkpt>
<trkpt lat="36.128726666666665" lon="139.4792525">
<ele>19</ele>
</trkpt>
<trkpt lat="36.12869944444444" lon="139.47920833333333">
<ele>19</ele>
</trkpt>
<trkpt lat="36.12867194444444" lon="139.47916444444445">
<ele>19</ele>
</trkpt>
<trkpt lat="36.12864472222222" lon="139.47912027777778">
<ele>19</ele>
</trkpt>
<trkpt lat="36.128617222222225" lon="139.4790761111111">
<ele>19</ele>
</trkpt>
<trkpt lat="36.12859" lon="139.47903194444444">
<ele>19</ele>
</trkpt>
<trkpt lat="36.1285625" lon="139.47898805555556">
<ele>19</ele>
</trkpt>
<trkpt lat="36.12854027777778" lon="139.47895222222223">
<ele>19</ele>
</trkpt>
<trkpt lat="36.12854027777778" lon="139.47895222222223">
<ele>19</ele>
</trkpt>
<trkpt lat="36.128525277777776" lon="139.47889972222222">
<ele>19</ele>
</trkpt>
<trkpt lat="36.12851027777778" lon="139.4788475">
<ele>19</ele>
</trkpt>
<trkpt lat="36.12849527777778" lon="139.478795">
<ele>19</ele>
</trkpt>
<trkpt lat="36.12848" lon="139.4787425">
<ele>19</ele>
</trkpt>
<trkpt lat="36.128465" lon="139.4786902777778">
<ele>19</ele>
</trkpt>
<trkpt lat="36.12845" lon="139.47863777777778">
<ele>19</ele>
</trkpt>
<trkpt lat="36.12844944444444" lon="139.47863555555554">
<ele>19</ele>
</trkpt>
<trkpt lat="36.12844944444444" lon="139.47863555555554">
<ele>19</ele>
</trkpt>
<trkpt lat="36.12844333333334" lon="139.47858055555557">
<ele>19</ele>
</trkpt>
<trkpt lat="36.1284375" lon="139.47852555555556">
<ele>19</ele>
</trkpt>
<trkpt lat="36.12843194444444" lon="139.47847472222222">
<ele>19</ele>
</trkpt>
<trkpt lat="36.12843194444444" lon="139.47847472222222">
<ele>19</ele>
</trkpt>
<trkpt lat="36.12840333333333" lon="139.47843194444445">
<ele>19</ele>
</trkpt>
<trkpt lat="36.12838861111111" lon="139.47841027777778">
<ele>19</ele>
</trkpt>
<trkpt lat="36.12838861111111" lon="139.47841027777778">
<ele>19</ele>
</trkpt>
<trkpt lat="36.128349722222225" lon="139.4783825">
<ele>19</ele>
</trkpt>
<trkpt lat="36.12831083333333" lon="139.47835472222224">
<ele>19</ele>
</trkpt>
<trkpt lat="36.12827194444444" lon="139.47832694444443">
<ele>19</ele>
</trkpt>
<trkpt lat="36.128233055555555" lon="139.47829916666666">
<ele>19</ele>
</trkpt>
<trkpt lat="36.12819416666667" lon="139.47827138888888">
<ele>19</ele>
</trkpt>
<trkpt lat="36.12815527777778" lon="139.4782436111111">
<ele>19</ele>
</trkpt>
<trkpt lat="36.12811638888889" lon="139.47821583333334">
<ele>19</ele>
</trkpt>
<trkpt lat="36.12808111111111" lon="139.47819055555556">
<ele>19</ele>
</trkpt>
<trkpt lat="36.12808111111111" lon="139.47819055555556">
<ele>19</ele>
</trkpt>
<trkpt lat="36.12808694444445" lon="139.47813527777777">
<ele>19</ele>
</trkpt>
<trkpt lat="36.12809277777778" lon="139.47808">
<ele>19</ele>
</trkpt>
<trkpt lat="36.12809416666666" lon="139.47806694444444">
<ele>19</ele>
</trkpt>
<trkpt lat="36.12809416666666" lon="139.47806694444444">
<ele>19</ele>
</trkpt>
<trkpt lat="36.12806305555556" lon="139.47802666666666">
<ele>19</ele>
</trkpt>
<trkpt lat="36.128032222222224" lon="139.4779863888889">
<ele>19</ele>
</trkpt>
<trkpt lat="36.12800138888889" lon="139.47794583333334">
<ele>19</ele>
</trkpt>
<trkpt lat="36.12797055555556" lon="139.47790555555557">
<ele>19</ele>
</trkpt>
<trkpt lat="36.12793972222222" lon="139.477865">
<ele>19</ele>
</trkpt>
<trkpt lat="36.12790888888889" lon="139.4778247222222">
<ele>19</ele>
</trkpt>
<trkpt lat="36.127878055555556" lon="139.47778444444444">
<ele>19</ele>
</trkpt>
<trkpt lat="36.12784694444444" lon="139.47774388888888">
<ele>19</ele>
</trkpt>
<trkpt lat="36.12781611111111" lon="139.4777036111111">
<ele>19</ele>
</trkpt>
<trkpt lat="36.127785277777775" lon="139.47766305555555">
<ele>19</ele>
</trkpt>
<trkpt lat="36.12775444444444" lon="139.47762277777778">
<ele>19</ele>
</trkpt>
<trkpt lat="36.12772361111111" lon="139.4775825">
<ele>19</ele>
</trkpt>
<trkpt lat="36.127692777777774" lon="139.47754194444445">
<ele>19</ele>
</trkpt>
<trkpt lat="36.12766194444445" lon="139.47750166666665">
<ele>19</ele>
</trkpt>
<trkpt lat="36.127634722222226" lon="139.4774661111111">
<ele>19</ele>
</trkpt>
<trkpt lat="36.127631944444445" lon="139.47747305555555">
<ele>19</ele>
</trkpt>
<trkpt lat="36.12758111111111" lon="139.47744">
<ele>19</ele>
</trkpt>
<trkpt lat="36.12738111111111" lon="139.47729">
<ele>19</ele>
</trkpt>
<trkpt lat="36.127165" lon="139.47710194444446">
<ele>19</ele>
</trkpt>
<trkpt lat="36.12712305555556" lon="139.47707694444443">
<ele>19</ele>
</trkpt>
<trkpt lat="36.12674" lon="139.47697694444443">
<ele>19</ele>
</trkpt>
<trkpt lat="36.12659" lon="139.47689">
<ele>19</ele>
</trkpt>
<trkpt lat="36.125906944444445" lon="139.476495">
<ele>19</ele>
</trkpt>
<trkpt lat="36.125906944444445" lon="139.476495">
<ele>19</ele>
</trkpt>
<trkpt lat="36.12589805555555" lon="139.47649">
<ele>19</ele>
</trkpt>
<trkpt lat="36.12609805555556" lon="139.475915">
<ele>18</ele>
</trkpt>
<trkpt lat="36.126103055555554" lon="139.47590194444444">
<ele>18</ele>
</trkpt>
    </trkseg>
  </trk>
</gpx>