<?xml version="1.0" encoding="UTF-8"?>
<gpx version="1.1"
     creator="KMLtoGPX"
     xmlns="http://www.topografix.com/GPX/1/1">
  <metadata>
    <name>Echizen Coast Cycling Course (full course)</name>
    <desc>越前海岸サイクリングコース（フルコース）</desc>
    <bounds minlat="35.9136999584734" minlon="135.958744967356" maxlat="36.2049479596317" maxlon="136.180168949068"/>
  </metadata>
  <trk>
    <name>Echizen Coast Cycling Course (full course)</name>
    <trkseg>
<trkpt lat="36.0131469648331" lon="136.138611976057">
<ele>66</ele>
</trkpt>
<trkpt lat="36.0130499862134" lon="136.138560930267">
<ele>64</ele>
</trkpt>
<trkpt lat="36.0128859523684" lon="136.138526983559">
<ele>63</ele>
</trkpt>
<trkpt lat="36.0126669332385" lon="136.13851994276">
<ele>61</ele>
</trkpt>
<trkpt lat="36.0125309787691" lon="136.138547938317">
<ele>59</ele>
</trkpt>
<trkpt lat="36.0123909171671" lon="136.138609964401">
<ele>58</ele>
</trkpt>
<trkpt lat="36.0122039169073" lon="136.138741979375">
<ele>56</ele>
</trkpt>
<trkpt lat="36.0119159985334" lon="136.139030987397">
<ele>54</ele>
</trkpt>
<trkpt lat="36.0118159186095" lon="136.139150932431">
<ele>53</ele>
</trkpt>
<trkpt lat="36.0117479413748" lon="136.139282947406">
<ele>52</ele>
</trkpt>
<trkpt lat="36.011708965525" lon="136.139407921582">
<ele>51</ele>
</trkpt>
<trkpt lat="36.0116859991103" lon="136.139663988724">
<ele>50</ele>
</trkpt>
<trkpt lat="36.0116809699684" lon="136.14016296342">
<ele>49</ele>
</trkpt>
<trkpt lat="36.0115959774703" lon="136.141313966364">
<ele>44</ele>
</trkpt>
<trkpt lat="36.0115499608219" lon="136.141466936097">
<ele>43</ele>
</trkpt>
<trkpt lat="36.01064899005" lon="136.14136794582">
<ele>42</ele>
</trkpt>
<trkpt lat="36.0104449745268" lon="136.14141295664">
<ele>42</ele>
</trkpt>
<trkpt lat="36.0098609235138" lon="136.141646979377">
<ele>38</ele>
</trkpt>
<trkpt lat="36.0088199749589" lon="136.142183924094">
<ele>31</ele>
</trkpt>
<trkpt lat="36.0084689408541" lon="136.142304958776">
<ele>29</ele>
</trkpt>
<trkpt lat="36.0075219534338" lon="136.142273945734">
<ele>25</ele>
</trkpt>
<trkpt lat="36.0075349453837" lon="136.141621917486">
<ele>29</ele>
</trkpt>
<trkpt lat="36.0075769387186" lon="136.141013978049">
<ele>33</ele>
</trkpt>
<trkpt lat="36.0078269708902" lon="136.140404948965">
<ele>35</ele>
</trkpt>
<trkpt lat="36.0079239495099" lon="136.140262959525">
<ele>35</ele>
</trkpt>
<trkpt lat="36.0079949442297" lon="136.140022985637">
<ele>36</ele>
</trkpt>
<trkpt lat="36.0079899989069" lon="136.139628952369">
<ele>38</ele>
</trkpt>
<trkpt lat="36.0079619195312" lon="136.139136934653">
<ele>41</ele>
</trkpt>
<trkpt lat="36.0079669486731" lon="136.13879696466">
<ele>41</ele>
</trkpt>
<trkpt lat="36.0080929286778" lon="136.138284998015">
<ele>37</ele>
</trkpt>
<trkpt lat="36.0084579605609" lon="136.137563986704">
<ele>37</ele>
</trkpt>
<trkpt lat="36.0089759621769" lon="136.136820930988">
<ele>45</ele>
</trkpt>
<trkpt lat="36.0091339610517" lon="136.13664499484">
<ele>47</ele>
</trkpt>
<trkpt lat="36.0097539704293" lon="136.13517598249">
<ele>59</ele>
</trkpt>
<trkpt lat="36.010006936267" lon="136.134632918984">
<ele>62</ele>
</trkpt>
<trkpt lat="36.0100399609655" lon="136.134427981451">
<ele>62</ele>
</trkpt>
<trkpt lat="36.0102699603885" lon="136.133664976805">
<ele>66</ele>
</trkpt>
<trkpt lat="36.0103189945221" lon="136.133446963504">
<ele>68</ele>
</trkpt>
<trkpt lat="36.0105269495398" lon="136.13300498575">
<ele>73</ele>
</trkpt>
<trkpt lat="36.0111119225621" lon="136.132183978334">
<ele>92</ele>
</trkpt>
<trkpt lat="36.0117599274963" lon="136.131552988663">
<ele>101</ele>
</trkpt>
<trkpt lat="36.0123369377106" lon="136.131312930956">
<ele>94</ele>
</trkpt>
<trkpt lat="36.0123869776726" lon="136.131276972592">
<ele>92</ele>
</trkpt>
<trkpt lat="36.0124629177153" lon="136.13125291653">
<ele>90</ele>
</trkpt>
<trkpt lat="36.0127469804138" lon="136.131286947057">
<ele>81</ele>
</trkpt>
<trkpt lat="36.0130369942635" lon="136.131392978132">
<ele>75</ele>
</trkpt>
<trkpt lat="36.0135129187256" lon="136.131618954241">
<ele>75</ele>
</trkpt>
<trkpt lat="36.0137869231403" lon="136.131703946739">
<ele>75</ele>
</trkpt>
<trkpt lat="36.0140289925039" lon="136.131717944518">
<ele>75</ele>
</trkpt>
<trkpt lat="36.0141479317099" lon="136.131703946739">
<ele>75</ele>
</trkpt>
<trkpt lat="36.0144149791449" lon="136.131365988404">
<ele>75</ele>
</trkpt>
<trkpt lat="36.0145459882915" lon="136.130873970687">
<ele>73</ele>
</trkpt>
<trkpt lat="36.0145159810781" lon="136.130371978506">
<ele>71</ele>
</trkpt>
<trkpt lat="36.0142939444631" lon="136.129942992702">
<ele>68</ele>
</trkpt>
<trkpt lat="36.0140879172832" lon="136.129655996338">
<ele>64</ele>
</trkpt>
<trkpt lat="36.0139649547637" lon="136.129291970283">
<ele>61</ele>
</trkpt>
<trkpt lat="36.0140059422702" lon="136.128976978362">
<ele>58</ele>
</trkpt>
<trkpt lat="36.0141359455884" lon="136.128756953403">
<ele>56</ele>
</trkpt>
<trkpt lat="36.0144329164177" lon="136.128028985113">
<ele>50</ele>
</trkpt>
<trkpt lat="36.0144359339029" lon="136.127667976543">
<ele>49</ele>
</trkpt>
<trkpt lat="36.0145259555429" lon="136.127404952422">
<ele>49</ele>
</trkpt>
<trkpt lat="36.0146779194474" lon="136.127264974639">
<ele>48</ele>
</trkpt>
<trkpt lat="36.0149089246988" lon="136.127105969936">
<ele>48</ele>
</trkpt>
<trkpt lat="36.0151849407703" lon="136.126841939986">
<ele>45</ele>
</trkpt>
<trkpt lat="36.0152849368751" lon="136.126706991345">
<ele>44</ele>
</trkpt>
<trkpt lat="36.0155009385198" lon="136.126241963357">
<ele>40</ele>
</trkpt>
<trkpt lat="36.0156899504364" lon="136.125885983929">
<ele>37</ele>
</trkpt>
<trkpt lat="36.0161089617759" lon="136.125469990075">
<ele>33</ele>
</trkpt>
<trkpt lat="36.0170679353178" lon="136.124936984852">
<ele>29</ele>
</trkpt>
<trkpt lat="36.0174379963428" lon="136.124997921288">
<ele>26</ele>
</trkpt>
<trkpt lat="36.0178699996322" lon="136.12501594238">
<ele>23</ele>
</trkpt>
<trkpt lat="36.0183799546212" lon="136.125169917941">
<ele>22</ele>
</trkpt>
<trkpt lat="36.0188659373671" lon="136.125130942091">
<ele>22</ele>
</trkpt>
<trkpt lat="36.019343957305" lon="136.125036980957">
<ele>23</ele>
</trkpt>
<trkpt lat="36.0196009464562" lon="136.125019965693">
<ele>23</ele>
</trkpt>
<trkpt lat="36.0198209714144" lon="136.12487998791">
<ele>23</ele>
</trkpt>
<trkpt lat="36.0199789702892" lon="136.124714948237">
<ele>23</ele>
</trkpt>
<trkpt lat="36.0201299283653" lon="136.124526942149">
<ele>23</ele>
</trkpt>
<trkpt lat="36.0202539805323" lon="136.124338936061">
<ele>24</ele>
</trkpt>
<trkpt lat="36.0204169247299" lon="136.124019920826">
<ele>24</ele>
</trkpt>
<trkpt lat="36.020535947755" lon="136.123735941947">
<ele>23</ele>
</trkpt>
<trkpt lat="36.0206199344248" lon="136.123465960845">
<ele>20</ele>
</trkpt>
<trkpt lat="36.0206929408014" lon="136.123043932021">
<ele>17</ele>
</trkpt>
<trkpt lat="36.0207219421864" lon="136.122758947313">
<ele>16</ele>
</trkpt>
<trkpt lat="36.0207499377429" lon="136.122446972877">
<ele>16</ele>
</trkpt>
<trkpt lat="36.0207499377429" lon="136.122107924893">
<ele>16</ele>
</trkpt>
<trkpt lat="36.0207729879767" lon="136.121927965432">
<ele>16</ele>
</trkpt>
<trkpt lat="36.0207849740982" lon="136.121649937704">
<ele>16</ele>
</trkpt>
<trkpt lat="36.0207569785416" lon="136.121240984648">
<ele>16</ele>
</trkpt>
<trkpt lat="36.0206969641149" lon="136.120895985514">
<ele>16</ele>
</trkpt>
<trkpt lat="36.0208549629897" lon="136.120997993276">
<ele>16</ele>
</trkpt>
<trkpt lat="36.0208199266344" lon="136.120755923912">
<ele>16</ele>
</trkpt>
<trkpt lat="36.0207229480147" lon="136.120428945869">
<ele>16</ele>
</trkpt>
<trkpt lat="36.0206779371947" lon="136.120193917304">
<ele>17</ele>
</trkpt>
<trkpt lat="36.0206619277596" lon="136.119950925931">
<ele>17</ele>
</trkpt>
<trkpt lat="36.0206779371947" lon="136.119638951495">
<ele>18</ele>
</trkpt>
<trkpt lat="36.0207279771566" lon="136.119458992034">
<ele>18</ele>
</trkpt>
<trkpt lat="36.0209769196808" lon="136.118938978761">
<ele>19</ele>
</trkpt>
<trkpt lat="36.0211399476975" lon="136.118744937703">
<ele>19</ele>
</trkpt>
<trkpt lat="36.021431973204" lon="136.118585933">
<ele>20</ele>
</trkpt>
<trkpt lat="36.0213819332421" lon="136.118182931095">
<ele>22</ele>
</trkpt>
<trkpt lat="36.0213729646057" lon="136.117960978299">
<ele>22</ele>
</trkpt>
<trkpt lat="36.0214669257402" lon="136.117946980521">
<ele>22</ele>
</trkpt>
<trkpt lat="36.0216469690204" lon="136.117849918082">
<ele>23</ele>
</trkpt>
<trkpt lat="36.0223459359258" lon="136.117364941165">
<ele>23</ele>
</trkpt>
<trkpt lat="36.022430928424" lon="136.117280954495">
<ele>23</ele>
</trkpt>
<trkpt lat="36.0226279869676" lon="136.116746943444">
<ele>22</ele>
</trkpt>
<trkpt lat="36.022689929232" lon="136.116511998698">
<ele>22</ele>
</trkpt>
<trkpt lat="36.0231859702617" lon="136.115970946848">
<ele>21</ele>
</trkpt>
<trkpt lat="36.0232789255679" lon="136.115921996534">
<ele>21</ele>
</trkpt>
<trkpt lat="36.0245039407164" lon="136.115706916898">
<ele>27</ele>
</trkpt>
<trkpt lat="36.0247009992599" lon="136.115700965747">
<ele>27</ele>
</trkpt>
<trkpt lat="36.0249999817461" lon="136.115726949647">
<ele>27</ele>
</trkpt>
<trkpt lat="36.025242973119" lon="136.115776989609">
<ele>27</ele>
</trkpt>
<trkpt lat="36.0258959233761" lon="136.115991985425">
<ele>27</ele>
</trkpt>
<trkpt lat="36.0274499282241" lon="136.116545945406">
<ele>26</ele>
</trkpt>
<trkpt lat="36.0276919975877" lon="136.116601936519">
<ele>26</ele>
</trkpt>
<trkpt lat="36.0278999526054" lon="136.116601936519">
<ele>26</ele>
</trkpt>
<trkpt lat="36.0281149484217" lon="136.116525996476">
<ele>26</ele>
</trkpt>
<trkpt lat="36.0282669961452" lon="136.116441925988">
<ele>27</ele>
</trkpt>
<trkpt lat="36.0285189561546" lon="136.116231959313">
<ele>27</ele>
</trkpt>
<trkpt lat="36.029090937227" lon="136.115665929392">
<ele>28</ele>
</trkpt>
<trkpt lat="36.029394948855" lon="136.115339957178">
<ele>28</ele>
</trkpt>
<trkpt lat="36.0297319851816" lon="136.114923963323">
<ele>28</ele>
</trkpt>
<trkpt lat="36.0298269521445" lon="136.114741992205">
<ele>28</ele>
</trkpt>
<trkpt lat="36.0299119446427" lon="136.11450696364">
<ele>29</ele>
</trkpt>
<trkpt lat="36.029999954626" lon="136.114178979769">
<ele>29</ele>
</trkpt>
<trkpt lat="36.0305199678987" lon="136.111866999418">
<ele>28</ele>
</trkpt>
<trkpt lat="36.0308029409498" lon="136.110429922119">
<ele>36</ele>
</trkpt>
<trkpt lat="36.0308909509331" lon="136.110108979046">
<ele>38</ele>
</trkpt>
<trkpt lat="36.0311019234359" lon="136.109639927745">
<ele>41</ele>
</trkpt>
<trkpt lat="36.0315639339387" lon="136.108821937814">
<ele>41</ele>
</trkpt>
<trkpt lat="36.0317039955407" lon="136.108516920358">
<ele>41</ele>
</trkpt>
<trkpt lat="36.0318739805371" lon="136.108009982854">
<ele>41</ele>
</trkpt>
<trkpt lat="36.0320589691401" lon="136.107524922118">
<ele>41</ele>
</trkpt>
<trkpt lat="36.0322059877217" lon="136.10721998848">
<ele>42</ele>
</trkpt>
<trkpt lat="36.0323749668896" lon="136.106997951865">
<ele>43</ele>
</trkpt>
<trkpt lat="36.0324539244175" lon="136.106830984354">
<ele>43</ele>
</trkpt>
<trkpt lat="36.0326959937811" lon="136.106657981873">
<ele>44</ele>
</trkpt>
<trkpt lat="36.0331579204649" lon="136.106449943036">
<ele>46</ele>
</trkpt>
<trkpt lat="36.0332429967821" lon="136.106359921396">
<ele>46</ele>
</trkpt>
<trkpt lat="36.0332999937236" lon="136.106223966926">
<ele>47</ele>
</trkpt>
<trkpt lat="36.0337309911847" lon="136.106265960261">
<ele>50</ele>
</trkpt>
<trkpt lat="36.033884966746" lon="136.106333937496">
<ele>51</ele>
</trkpt>
<trkpt lat="36.033982951194" lon="136.106424964964">
<ele>53</ele>
</trkpt>
<trkpt lat="36.0342049878091" lon="136.106900973246">
<ele>57</ele>
</trkpt>
<trkpt lat="36.0343679320067" lon="136.10712996684">
<ele>57</ele>
</trkpt>
<trkpt lat="36.0344749689102" lon="136.107212947682">
<ele>58</ele>
</trkpt>
<trkpt lat="36.0353319346905" lon="136.107753999531">
<ele>59</ele>
</trkpt>
<trkpt lat="36.0354899335653" lon="136.107836980373">
<ele>59</ele>
</trkpt>
<trkpt lat="36.0357659496367" lon="136.107940999791">
<ele>59</ele>
</trkpt>
<trkpt lat="36.0359749943018" lon="136.107982993126">
<ele>58</ele>
</trkpt>
<trkpt lat="36.0361549537629" lon="136.107988944277">
<ele>57</ele>
</trkpt>
<trkpt lat="36.036334997043" lon="136.107947956771">
<ele>56</ele>
</trkpt>
<trkpt lat="36.0365209914744" lon="136.107877967879">
<ele>55</ele>
</trkpt>
<trkpt lat="36.0368939861655" lon="136.107690967619">
<ele>54</ele>
</trkpt>
<trkpt lat="36.0373669769615" lon="136.107565993443">
<ele>54</ele>
</trkpt>
<trkpt lat="36.0375299211591" lon="136.107565993443">
<ele>54</ele>
</trkpt>
<trkpt lat="36.0377099644393" lon="136.107621984556">
<ele>54</ele>
</trkpt>
<trkpt lat="36.0382289718837" lon="136.107912920415">
<ele>51</ele>
</trkpt>
<trkpt lat="36.0384819377214" lon="136.108092963696">
<ele>49</ele>
</trkpt>
<trkpt lat="36.0386119410396" lon="136.108245933428">
<ele>49</ele>
</trkpt>
<trkpt lat="36.0386789962649" lon="136.108377948403">
<ele>49</ele>
</trkpt>
<trkpt lat="36.0388759709895" lon="136.108620939776">
<ele>50</ele>
</trkpt>
<trkpt lat="36.0389839299023" lon="136.108716996387">
<ele>50</ele>
</trkpt>
<trkpt lat="36.0392149351537" lon="136.108799977228">
<ele>50</ele>
</trkpt>
<trkpt lat="36.0394119936973" lon="136.108812969178">
<ele>53</ele>
</trkpt>
<trkpt lat="36.0395359620452" lon="136.108840964735">
<ele>54</ele>
</trkpt>
<trkpt lat="36.0398459248245" lon="136.109055960551">
<ele>58</ele>
</trkpt>
<trkpt lat="36.0402789339423" lon="136.109207924455">
<ele>64</ele>
</trkpt>
<trkpt lat="36.0406229272485" lon="136.109298951924">
<ele>68</ele>
</trkpt>
<trkpt lat="36.0429429542273" lon="136.110596973449">
<ele>70</ele>
</trkpt>
<trkpt lat="36.0442669596523" lon="136.110891932622">
<ele>77</ele>
</trkpt>
<trkpt lat="36.0446569696069" lon="136.110949935392">
<ele>78</ele>
</trkpt>
<trkpt lat="36.0450119432062" lon="136.11096393317">
<ele>79</ele>
</trkpt>
<trkpt lat="36.0453789867461" lon="136.110873995349">
<ele>80</ele>
</trkpt>
<trkpt lat="36.045502955094" lon="136.110824961215">
<ele>81</ele>
</trkpt>
<trkpt lat="36.0456489678472" lon="136.110720941797">
<ele>81</ele>
</trkpt>
<trkpt lat="36.0457389894873" lon="136.110616922379">
<ele>81</ele>
</trkpt>
<trkpt lat="36.0462179314345" lon="136.110401926562">
<ele>81</ele>
</trkpt>
<trkpt lat="36.0474859457463" lon="136.109881997108">
<ele>88</ele>
</trkpt>
<trkpt lat="36.0477739479393" lon="136.109783928841">
<ele>90</ele>
</trkpt>
<trkpt lat="36.0481999162585" lon="136.109716957435">
<ele>92</ele>
</trkpt>
<trkpt lat="36.0485279839486" lon="136.109736990184">
<ele>94</ele>
</trkpt>
<trkpt lat="36.0486529581249" lon="136.109781917185">
<ele>95</ele>
</trkpt>
<trkpt lat="36.048869965598" lon="136.109915943816">
<ele>96</ele>
</trkpt>
<trkpt lat="36.0491099394858" lon="136.110101938248">
<ele>97</ele>
</trkpt>
<trkpt lat="36.0501499660313" lon="136.111192926764">
<ele>97</ele>
</trkpt>
<trkpt lat="36.0503299254924" lon="136.111400965601">
<ele>97</ele>
</trkpt>
<trkpt lat="36.0504599288106" lon="136.111712940037">
<ele>95</ele>
</trkpt>
<trkpt lat="36.0504919476807" lon="136.11182693392">
<ele>94</ele>
</trkpt>
<trkpt lat="36.0506579931825" lon="136.112863942981">
<ele>84</ele>
</trkpt>
<trkpt lat="36.0507919359952" lon="136.113377921283">
<ele>83</ele>
</trkpt>
<trkpt lat="36.0509039182216" lon="136.113743958995">
<ele>83</ele>
</trkpt>
<trkpt lat="36.0518129356205" lon="136.114895967767">
<ele>83</ele>
</trkpt>
<trkpt lat="36.0525829810649" lon="136.115922918543">
<ele>81</ele>
</trkpt>
<trkpt lat="36.0526589211076" lon="136.116058956832">
<ele>81</ele>
</trkpt>
<trkpt lat="36.0529719851911" lon="136.116734957322">
<ele>78</ele>
</trkpt>
<trkpt lat="36.0531219374388" lon="136.117347925901">
<ele>74</ele>
</trkpt>
<trkpt lat="36.0531519446522" lon="136.117546996102">
<ele>73</ele>
</trkpt>
<trkpt lat="36.0536129493266" lon="136.119155986235">
<ele>65</ele>
</trkpt>
<trkpt lat="36.05374597013" lon="136.119459997863">
<ele>61</ele>
</trkpt>
<trkpt lat="36.053975969553" lon="136.119849923998">
<ele>59</ele>
</trkpt>
<trkpt lat="36.0542259179056" lon="136.120083946735">
<ele>60</ele>
</trkpt>
<trkpt lat="36.0548249725252" lon="136.120513938367">
<ele>61</ele>
</trkpt>
<trkpt lat="36.0551009885967" lon="136.120766988024">
<ele>60</ele>
</trkpt>
<trkpt lat="36.0553259588778" lon="136.120890956372">
<ele>60</ele>
</trkpt>
<trkpt lat="36.0555769968778" lon="136.121099917218">
<ele>58</ele>
</trkpt>
<trkpt lat="36.0560229979455" lon="136.121876919642">
<ele>51</ele>
</trkpt>
<trkpt lat="36.0561889596283" lon="136.1223999504">
<ele>47</ele>
</trkpt>
<trkpt lat="36.056417953223" lon="136.122987940907">
<ele>42</ele>
</trkpt>
<trkpt lat="36.0566539876163" lon="136.124221924692">
<ele>38</ele>
</trkpt>
<trkpt lat="36.0566939692944" lon="136.124533982947">
<ele>38</ele>
</trkpt>
<trkpt lat="36.0567289218307" lon="136.124605983496">
<ele>37</ele>
</trkpt>
<trkpt lat="36.0568109806627" lon="136.12542799674">
<ele>36</ele>
</trkpt>
<trkpt lat="36.0568489506841" lon="136.127105969936">
<ele>34</ele>
</trkpt>
<trkpt lat="36.0570189356804" lon="136.128257978708">
<ele>30</ele>
</trkpt>
<trkpt lat="36.0571269784123" lon="136.128860972822">
<ele>28</ele>
</trkpt>
<trkpt lat="36.0572489351034" lon="136.129403952509">
<ele>27</ele>
</trkpt>
<trkpt lat="36.0585399996489" lon="136.134215919301">
<ele>24</ele>
</trkpt>
<trkpt lat="36.0587329510599" lon="136.134830983356">
<ele>20</ele>
</trkpt>
<trkpt lat="36.0588459391147" lon="136.135121919215">
<ele>18</ele>
</trkpt>
<trkpt lat="36.0589769482613" lon="136.135396929458">
<ele>17</ele>
</trkpt>
<trkpt lat="36.0596539545804" lon="136.136719929054">
<ele>16</ele>
</trkpt>
<trkpt lat="36.0598759911954" lon="136.137228962034">
<ele>16</ele>
</trkpt>
<trkpt lat="36.0600419528782" lon="136.137784933671">
<ele>15</ele>
</trkpt>
<trkpt lat="36.0603609681129" lon="136.139329969883">
<ele>15</ele>
</trkpt>
<trkpt lat="36.0608569253236" lon="136.141563998535">
<ele>15</ele>
</trkpt>
<trkpt lat="36.0610919538885" lon="136.142574939877">
<ele>16</ele>
</trkpt>
<trkpt lat="36.0613449197263" lon="136.143493931741">
<ele>15</ele>
</trkpt>
<trkpt lat="36.062411936" lon="136.146596996114">
<ele>8</ele>
</trkpt>
<trkpt lat="36.0633279941976" lon="136.149576930329">
<ele>11</ele>
</trkpt>
<trkpt lat="36.0639389511198" lon="136.151473922655">
<ele>8</ele>
</trkpt>
<trkpt lat="36.0650909598917" lon="136.154947970062">
<ele>8</ele>
</trkpt>
<trkpt lat="36.0664649214596" lon="136.159409992397">
<ele>9</ele>
</trkpt>
<trkpt lat="36.066687963903" lon="136.15963395685">
<ele>10</ele>
</trkpt>
<trkpt lat="36.0668489802629" lon="136.159840989858">
<ele>10</ele>
</trkpt>
<trkpt lat="36.0673679877073" lon="136.161266919225">
<ele>12</ele>
</trkpt>
<trkpt lat="36.0675299260765" lon="136.161602949724">
<ele>11</ele>
</trkpt>
<trkpt lat="36.0676969774067" lon="136.161803947762">
<ele>10</ele>
</trkpt>
<trkpt lat="36.0688829328865" lon="136.163095934317">
<ele>8</ele>
</trkpt>
<trkpt lat="36.0690999403596" lon="136.163378991187">
<ele>8</ele>
</trkpt>
<trkpt lat="36.0704069305211" lon="136.165877971798">
<ele>9</ele>
</trkpt>
<trkpt lat="36.0708019696176" lon="136.166498987004">
<ele>10</ele>
</trkpt>
<trkpt lat="36.0709019657224" lon="136.166785983369">
<ele>11</ele>
</trkpt>
<trkpt lat="36.0711309593171" lon="136.167577989399">
<ele>12</ele>
</trkpt>
<trkpt lat="36.0714099928737" lon="136.168342921883">
<ele>11</ele>
</trkpt>
<trkpt lat="36.0716649703681" lon="136.168857989833">
<ele>11</ele>
</trkpt>
<trkpt lat="36.0721669625491" lon="136.170020978898">
<ele>10</ele>
</trkpt>
<trkpt lat="36.0727729741484" lon="136.171567942947">
<ele>13</ele>
</trkpt>
<trkpt lat="36.0728209186345" lon="136.171703981236">
<ele>13</ele>
</trkpt>
<trkpt lat="36.0728409513831" lon="136.17182392627">
<ele>14</ele>
</trkpt>
<trkpt lat="36.0728409513831" lon="136.172017967328">
<ele>14</ele>
</trkpt>
<trkpt lat="36.0727929230779" lon="136.172187952325">
<ele>14</ele>
</trkpt>
<trkpt lat="36.0726929269731" lon="136.172403953969">
<ele>14</ele>
</trkpt>
<trkpt lat="36.0726409591734" lon="136.172585925087">
<ele>14</ele>
</trkpt>
<trkpt lat="36.0725859738886" lon="136.172856995836">
<ele>14</ele>
</trkpt>
<trkpt lat="36.0726069286466" lon="136.173093952239">
<ele>13</ele>
</trkpt>
<trkpt lat="36.0726779233664" lon="136.17354397662">
<ele>10</ele>
</trkpt>
<trkpt lat="36.0726989619434" lon="136.174323996529">
<ele>7</ele>
</trkpt>
<trkpt lat="36.0726959444582" lon="136.17483898066">
<ele>7</ele>
</trkpt>
<trkpt lat="36.0727649275213" lon="136.175268972293">
<ele>7</ele>
</trkpt>
<trkpt lat="36.0732099227607" lon="136.177311977372">
<ele>4</ele>
</trkpt>
<trkpt lat="36.0739709995687" lon="136.177069991827">
<ele>5</ele>
</trkpt>
<trkpt lat="36.0744959581643" lon="136.176992962137">
<ele>5</ele>
</trkpt>
<trkpt lat="36.0749799292535" lon="136.177002936602">
<ele>3</ele>
</trkpt>
<trkpt lat="36.0755619686097" lon="136.177120953798">
<ele>3</ele>
</trkpt>
<trkpt lat="36.0764429904521" lon="136.177372997627">
<ele>5</ele>
</trkpt>
<trkpt lat="36.0769059229642" lon="136.177468970418">
<ele>6</ele>
</trkpt>
<trkpt lat="36.0792749840766" lon="136.178068947047">
<ele>12</ele>
</trkpt>
<trkpt lat="36.079785944894" lon="136.178262988105">
<ele>11</ele>
</trkpt>
<trkpt lat="36.0809329245239" lon="136.178858941421">
<ele>23</ele>
</trkpt>
<trkpt lat="36.0813249461353" lon="136.179139986634">
<ele>25</ele>
</trkpt>
<trkpt lat="36.0816279519349" lon="136.179421953857">
<ele>24</ele>
</trkpt>
<trkpt lat="36.0819759685546" lon="136.179686989635">
<ele>19</ele>
</trkpt>
<trkpt lat="36.0822059679776" lon="136.179807940498">
<ele>16</ele>
</trkpt>
<trkpt lat="36.0826619435102" lon="136.179990917444">
<ele>13</ele>
</trkpt>
<trkpt lat="36.0828949604183" lon="136.180043974891">
<ele>13</ele>
</trkpt>
<trkpt lat="36.0831599961966" lon="136.180086974055">
<ele>12</ele>
</trkpt>
<trkpt lat="36.0837119445205" lon="136.180101977661">
<ele>10</ele>
</trkpt>
<trkpt lat="36.0839789919555" lon="136.180168949068">
<ele>10</ele>
</trkpt>
<trkpt lat="36.0840919800103" lon="136.179841971025">
<ele>10</ele>
</trkpt>
<trkpt lat="36.0841789841652" lon="136.179422959685">
<ele>11</ele>
</trkpt>
<trkpt lat="36.0842169541866" lon="136.17891099304">
<ele>12</ele>
</trkpt>
<trkpt lat="36.0841989330947" lon="136.178743941709">
<ele>14</ele>
</trkpt>
<trkpt lat="36.0839979350567" lon="136.177987977862">
<ele>24</ele>
</trkpt>
<trkpt lat="36.0841489769518" lon="136.176008926705">
<ele>22</ele>
</trkpt>
<trkpt lat="36.0840249247849" lon="136.174230957404">
<ele>21</ele>
</trkpt>
<trkpt lat="36.0839969292283" lon="136.173391928896">
<ele>23</ele>
</trkpt>
<trkpt lat="36.0840969253331" lon="136.172241931781">
<ele>27</ele>
</trkpt>
<trkpt lat="36.0843029525131" lon="136.170516936108">
<ele>34</ele>
</trkpt>
<trkpt lat="36.084418958053" lon="136.169982925057">
<ele>34</ele>
</trkpt>
<trkpt lat="36.0845929663628" lon="136.169653935358">
<ele>33</ele>
</trkpt>
<trkpt lat="36.0855199210346" lon="136.16830595769">
<ele>37</ele>
</trkpt>
<trkpt lat="36.0858349967748" lon="136.167772952467">
<ele>45</ele>
</trkpt>
<trkpt lat="36.0865769628435" lon="136.166679952294">
<ele>51</ele>
</trkpt>
<trkpt lat="36.0868169367313" lon="136.166157927364">
<ele>53</ele>
</trkpt>
<trkpt lat="36.0869099758565" lon="136.165890963748">
<ele>54</ele>
</trkpt>
<trkpt lat="36.0869599319994" lon="136.16550296545">
<ele>58</ele>
</trkpt>
<trkpt lat="36.0868889372796" lon="136.164840962738">
<ele>65</ele>
</trkpt>
<trkpt lat="36.0866599436849" lon="136.164094973356">
<ele>66</ele>
</trkpt>
<trkpt lat="36.0864099953324" lon="136.163459960371">
<ele>68</ele>
</trkpt>
<trkpt lat="36.0863729473203" lon="136.162580950186">
<ele>73</ele>
</trkpt>
<trkpt lat="36.0865889489651" lon="136.160134943202">
<ele>82</ele>
</trkpt>
<trkpt lat="36.0864349734038" lon="136.159573942423">
<ele>82</ele>
</trkpt>
<trkpt lat="36.086194999516" lon="136.159074967727">
<ele>87</ele>
</trkpt>
<trkpt lat="36.085972962901" lon="136.158429980278">
<ele>105</ele>
</trkpt>
<trkpt lat="36.0859579592943" lon="136.15802295506">
<ele>119</ele>
</trkpt>
<trkpt lat="36.0859989468008" lon="136.1578359548">
<ele>130</ele>
</trkpt>
<trkpt lat="36.0892019234598" lon="136.152303982526">
<ele>113</ele>
</trkpt>
<trkpt lat="36.0895759239793" lon="136.151724960655">
<ele>104</ele>
</trkpt>
<trkpt lat="36.0898699611425" lon="136.151372920722">
<ele>104</ele>
</trkpt>
<trkpt lat="36.0903459694237" lon="136.15112892352">
<ele>116</ele>
</trkpt>
<trkpt lat="36.0907639749348" lon="136.151011995971">
<ele>120</ele>
</trkpt>
<trkpt lat="36.0910009313375" lon="136.151057928801">
<ele>115</ele>
</trkpt>
<trkpt lat="36.0913969762623" lon="136.15142497234">
<ele>107</ele>
</trkpt>
<trkpt lat="36.0923849511892" lon="136.151936938986">
<ele>94</ele>
</trkpt>
<trkpt lat="36.0926159564406" lon="136.151992930099">
<ele>94</ele>
</trkpt>
<trkpt lat="36.092751994729" lon="136.152004916221">
<ele>94</ele>
</trkpt>
<trkpt lat="36.0934249777347" lon="136.151958983392">
<ele>94</ele>
</trkpt>
<trkpt lat="36.0937789455056" lon="136.151976920664">
<ele>92</ele>
</trkpt>
<trkpt lat="36.0950739495456" lon="136.152251930907">
<ele>76</ele>
</trkpt>
<trkpt lat="36.0953179467469" lon="136.152229970321">
<ele>76</ele>
</trkpt>
<trkpt lat="36.0958019178361" lon="136.152023943141">
<ele>77</ele>
</trkpt>
<trkpt lat="36.0961259622127" lon="136.151862926781">
<ele>76</ele>
</trkpt>
<trkpt lat="36.0964989569038" lon="136.151449950412">
<ele>68</ele>
</trkpt>
<trkpt lat="36.0970079898834" lon="136.151187932119">
<ele>62</ele>
</trkpt>
<trkpt lat="36.0970849357545" lon="136.151088941842">
<ele>61</ele>
</trkpt>
<trkpt lat="36.0971969179809" lon="136.150792976841">
<ele>60</ele>
</trkpt>
<trkpt lat="36.0972469579428" lon="136.150610921904">
<ele>59</ele>
</trkpt>
<trkpt lat="36.0973359737545" lon="136.1504329741">
<ele>58</ele>
</trkpt>
<trkpt lat="36.0974759515375" lon="136.150074983016">
<ele>57</ele>
</trkpt>
<trkpt lat="36.0975679848343" lon="136.149784969166">
<ele>56</ele>
</trkpt>
<trkpt lat="36.0975699964911" lon="136.149559998885">
<ele>55</ele>
</trkpt>
<trkpt lat="36.0974579304457" lon="136.149121960625">
<ele>56</ele>
</trkpt>
<trkpt lat="36.0974539909512" lon="136.14889992401">
<ele>58</ele>
</trkpt>
<trkpt lat="36.0975179448724" lon="136.148196933791">
<ele>63</ele>
</trkpt>
<trkpt lat="36.097487937659" lon="136.147783957422">
<ele>62</ele>
</trkpt>
<trkpt lat="36.0974209662527" lon="136.147447926924">
<ele>61</ele>
</trkpt>
<trkpt lat="36.0973889473826" lon="136.147167971358">
<ele>60</ele>
</trkpt>
<trkpt lat="36.0973889473826" lon="136.146688945591">
<ele>59</ele>
</trkpt>
<trkpt lat="36.0973469540477" lon="136.146213943139">
<ele>58</ele>
</trkpt>
<trkpt lat="36.0974189545959" lon="136.145850922912">
<ele>57</ele>
</trkpt>
<trkpt lat="36.0975349601358" lon="136.145545989275">
<ele>53</ele>
</trkpt>
<trkpt lat="36.0977269895375" lon="136.1442349758">
<ele>43</ele>
</trkpt>
<trkpt lat="36.097804941237" lon="136.143914954737">
<ele>43</ele>
</trkpt>
<trkpt lat="36.0980159975588" lon="136.143313972279">
<ele>40</ele>
</trkpt>
<trkpt lat="36.0981349367648" lon="136.142924968153">
<ele>37</ele>
</trkpt>
<trkpt lat="36.0986439697444" lon="136.141009954736">
<ele>30</ele>
</trkpt>
<trkpt lat="36.0987469833344" lon="136.139811929315">
<ele>31</ele>
</trkpt>
<trkpt lat="36.0989819280803" lon="136.139216981828">
<ele>35</ele>
</trkpt>
<trkpt lat="36.0991879552603" lon="136.138614993542">
<ele>32</ele>
</trkpt>
<trkpt lat="36.0994919668883" lon="136.137069957331">
<ele>30</ele>
</trkpt>
<trkpt lat="36.1003449931741" lon="136.138222971931">
<ele>27</ele>
</trkpt>
<trkpt lat="36.1007269565016" lon="136.138623962179">
<ele>30</ele>
</trkpt>
<trkpt lat="36.1009509209543" lon="136.138829989359">
<ele>30</ele>
</trkpt>
<trkpt lat="36.1039529833943" lon="136.141033926979">
<ele>23</ele>
</trkpt>
<trkpt lat="36.1041789595038" lon="136.141215981916">
<ele>22</ele>
</trkpt>
<trkpt lat="36.1049769166857" lon="136.142124999315">
<ele>20</ele>
</trkpt>
<trkpt lat="36.1057729460299" lon="136.143268961459">
<ele>20</ele>
</trkpt>
<trkpt lat="36.1062169354409" lon="136.143871955574">
<ele>21</ele>
</trkpt>
<trkpt lat="36.1063649598509" lon="136.144000953063">
<ele>21</ele>
</trkpt>
<trkpt lat="36.1069769226015" lon="136.1442869436">
<ele>22</ele>
</trkpt>
<trkpt lat="36.1080839205533" lon="136.144748954102">
<ele>29</ele>
</trkpt>
<trkpt lat="36.1082009319216" lon="136.144781978801">
<ele>29</ele>
</trkpt>
<trkpt lat="36.1085199471563" lon="136.144793964922">
<ele>29</ele>
</trkpt>
<trkpt lat="36.1099109239876" lon="136.144483918324">
<ele>22</ele>
</trkpt>
<trkpt lat="36.1102259997278" lon="136.14436397329">
<ele>21</ele>
</trkpt>
<trkpt lat="36.1130429897457" lon="136.142684994265">
<ele>16</ele>
</trkpt>
<trkpt lat="36.1135949380696" lon="136.142299929634">
<ele>15</ele>
</trkpt>
<trkpt lat="36.1141689307988" lon="136.141870943829">
<ele>16</ele>
</trkpt>
<trkpt lat="36.114684920758" lon="136.141525944695">
<ele>18</ele>
</trkpt>
<trkpt lat="36.1149119865149" lon="136.141394935548">
<ele>17</ele>
</trkpt>
<trkpt lat="36.1153949517757" lon="136.141209946945">
<ele>15</ele>
</trkpt>
<trkpt lat="36.11572092399" lon="136.14113593474">
<ele>13</ele>
</trkpt>
<trkpt lat="36.1161129456013" lon="136.141099976376">
<ele>13</ele>
</trkpt>
<trkpt lat="36.1175359413028" lon="136.141027975827">
<ele>13</ele>
</trkpt>
<trkpt lat="36.1178609915078" lon="136.140978941694">
<ele>13</ele>
</trkpt>
<trkpt lat="36.1179639212787" lon="136.140947928652">
<ele>13</ele>
</trkpt>
<trkpt lat="36.1188539955765" lon="136.140815997496">
<ele>12</ele>
</trkpt>
<trkpt lat="36.1192109808326" lon="136.140743996948">
<ele>12</ele>
</trkpt>
<trkpt lat="36.1197699699551" lon="136.140701919794">
<ele>12</ele>
</trkpt>
<trkpt lat="36.1210299376398" lon="136.140792947263">
<ele>12</ele>
</trkpt>
<trkpt lat="36.1217179242522" lon="136.140910964459">
<ele>11</ele>
</trkpt>
<trkpt lat="36.1223589722067" lon="136.141086984426">
<ele>11</ele>
</trkpt>
<trkpt lat="36.1225439608097" lon="136.141107939184">
<ele>11</ele>
</trkpt>
<trkpt lat="36.1230569332838" lon="136.141066951677">
<ele>11</ele>
</trkpt>
<trkpt lat="36.1233099829406" lon="136.14106494002">
<ele>12</ele>
</trkpt>
<trkpt lat="36.1234709993005" lon="136.141098970547">
<ele>12</ele>
</trkpt>
<trkpt lat="36.1235909443349" lon="136.141150938347">
<ele>12</ele>
</trkpt>
<trkpt lat="36.1237489432096" lon="136.141259986907">
<ele>12</ele>
</trkpt>
<trkpt lat="36.1239299923182" lon="136.141450926661">
<ele>12</ele>
</trkpt>
<trkpt lat="36.1240889970213" lon="136.1416519247">
<ele>11</ele>
</trkpt>
<trkpt lat="36.1244769953191" lon="136.142270928249">
<ele>10</ele>
</trkpt>
<trkpt lat="36.1254599411041" lon="136.143490998074">
<ele>13</ele>
</trkpt>
<trkpt lat="36.1256299261004" lon="136.143671963364">
<ele>12</ele>
</trkpt>
<trkpt lat="36.1257349513471" lon="136.143755950034">
<ele>11</ele>
</trkpt>
<trkpt lat="36.1264979559928" lon="136.144124921411">
<ele>10</ele>
</trkpt>
<trkpt lat="36.1275919619948" lon="136.144697992131">
<ele>10</ele>
</trkpt>
<trkpt lat="36.1282819602638" lon="136.145030921325">
<ele>11</ele>
</trkpt>
<trkpt lat="36.1284969560802" lon="136.145198978484">
<ele>11</ele>
</trkpt>
<trkpt lat="36.1286889854819" lon="136.14543392323">
<ele>12</ele>
</trkpt>
<trkpt lat="36.1293019540608" lon="136.14628393203">
<ele>16</ele>
</trkpt>
<trkpt lat="36.129476968199" lon="136.146568916738">
<ele>16</ele>
</trkpt>
<trkpt lat="36.1296049598604" lon="136.146832946688">
<ele>16</ele>
</trkpt>
<trkpt lat="36.1297859251499" lon="136.147367963567">
<ele>17</ele>
</trkpt>
<trkpt lat="36.1299879290164" lon="136.148041952401">
<ele>22</ele>
</trkpt>
<trkpt lat="36.130245923996" lon="136.149297980592">
<ele>27</ele>
</trkpt>
<trkpt lat="36.130245923996" lon="136.149578941986">
<ele>26</ele>
</trkpt>
<trkpt lat="36.1301809642464" lon="136.150077916682">
<ele>23</ele>
</trkpt>
<trkpt lat="36.1299479473382" lon="136.150783924386">
<ele>21</ele>
</trkpt>
<trkpt lat="36.1298499628901" lon="136.151188937947">
<ele>21</ele>
</trkpt>
<trkpt lat="36.1298299301416" lon="136.151538966224">
<ele>21</ele>
</trkpt>
<trkpt lat="36.1298719234765" lon="136.152076916769">
<ele>18</ele>
</trkpt>
<trkpt lat="36.1299929581583" lon="136.152542950585">
<ele>16</ele>
</trkpt>
<trkpt lat="36.1302369553596" lon="136.153122978285">
<ele>15</ele>
</trkpt>
<trkpt lat="36.1303039267659" lon="136.153337974101">
<ele>15</ele>
</trkpt>
<trkpt lat="36.1303729936481" lon="136.153642991558">
<ele>15</ele>
</trkpt>
<trkpt lat="36.1304079461843" lon="136.153977932408">
<ele>16</ele>
</trkpt>
<trkpt lat="36.1304029170424" lon="136.154297953472">
<ele>18</ele>
</trkpt>
<trkpt lat="36.1303689703345" lon="136.154747977853">
<ele>22</ele>
</trkpt>
<trkpt lat="36.1302529647946" lon="136.155774928629">
<ele>26</ele>
</trkpt>
<trkpt lat="36.130261933431" lon="136.156116994098">
<ele>27</ele>
</trkpt>
<trkpt lat="36.1304439883679" lon="136.157492967322">
<ele>14</ele>
</trkpt>
<trkpt lat="36.1304889991879" lon="136.15764291957">
<ele>14</ele>
</trkpt>
<trkpt lat="36.1305659450591" lon="136.157770995051">
<ele>14</ele>
</trkpt>
<trkpt lat="36.1312649957836" lon="136.158342976123">
<ele>10</ele>
</trkpt>
<trkpt lat="36.1314569413662" lon="136.158467950299">
<ele>8</ele>
</trkpt>
<trkpt lat="36.132148951292" lon="136.158773973584">
<ele>4</ele>
</trkpt>
<trkpt lat="36.1327139753848" lon="136.159183932468">
<ele>3</ele>
</trkpt>
<trkpt lat="36.1331309750676" lon="136.159627921879">
<ele>3</ele>
</trkpt>
<trkpt lat="36.1337859369814" lon="136.16036796011">
<ele>4</ele>
</trkpt>
<trkpt lat="36.1341779585928" lon="136.160699967295">
<ele>4</ele>
</trkpt>
<trkpt lat="36.1346709821373" lon="136.161269936711">
<ele>4</ele>
</trkpt>
<trkpt lat="36.1348379496485" lon="136.161413937807">
<ele>3</ele>
</trkpt>
<trkpt lat="36.1351309809834" lon="136.161602949724">
<ele>3</ele>
</trkpt>
<trkpt lat="36.1355089209974" lon="136.161807971075">
<ele>3</ele>
</trkpt>
<trkpt lat="36.1357809975743" lon="136.161916935816">
<ele>3</ele>
</trkpt>
<trkpt lat="36.13645398058" lon="136.162118939683">
<ele>3</ele>
</trkpt>
<trkpt lat="36.1376799177378" lon="136.162431919947">
<ele>4</ele>
</trkpt>
<trkpt lat="36.138459937647" lon="136.162600982934">
<ele>4</ele>
</trkpt>
<trkpt lat="36.1387239675969" lon="136.162725957111">
<ele>4</ele>
</trkpt>
<trkpt lat="36.139117917046" lon="136.163029968739">
<ele>4</ele>
</trkpt>
<trkpt lat="36.1395549494773" lon="136.163446968421">
<ele>4</ele>
</trkpt>
<trkpt lat="36.1400089971721" lon="136.163773946464">
<ele>4</ele>
</trkpt>
<trkpt lat="36.1404419224709" lon="136.164036970586">
<ele>4</ele>
</trkpt>
<trkpt lat="36.1408959701657" lon="136.164237968624">
<ele>5</ele>
</trkpt>
<trkpt lat="36.141094956547" lon="136.164303934202">
<ele>6</ele>
</trkpt>
<trkpt lat="36.1412879917771" lon="136.164339976385">
<ele>6</ele>
</trkpt>
<trkpt lat="36.1415189970285" lon="136.16434995085">
<ele>6</ele>
</trkpt>
<trkpt lat="36.1418669298291" lon="136.164296977222">
<ele>5</ele>
</trkpt>
<trkpt lat="36.1429549846798" lon="136.163905961439">
<ele>3</ele>
</trkpt>
<trkpt lat="36.1438489984721" lon="136.163638997823">
<ele>4</ele>
</trkpt>
<trkpt lat="36.1442969273776" lon="136.163561968133">
<ele>4</ele>
</trkpt>
<trkpt lat="36.1456049233675" lon="136.163417967036">
<ele>3</ele>
</trkpt>
<trkpt lat="36.1458399519324" lon="136.16336398758">
<ele>3</ele>
</trkpt>
<trkpt lat="36.1463899724185" lon="136.163194924593">
<ele>3</ele>
</trkpt>
<trkpt lat="36.147006964311" lon="136.163056958467">
<ele>5</ele>
</trkpt>
<trkpt lat="36.1475349403918" lon="136.16302292794">
<ele>7</ele>
</trkpt>
<trkpt lat="36.1481949314475" lon="136.163069950417">
<ele>8</ele>
</trkpt>
<trkpt lat="36.1484109330922" lon="136.163055952638">
<ele>8</ele>
</trkpt>
<trkpt lat="36.1487619671971" lon="136.162910945714">
<ele>8</ele>
</trkpt>
<trkpt lat="36.1492509674281" lon="136.162589918822">
<ele>7</ele>
</trkpt>
<trkpt lat="36.1499829590321" lon="136.162158921361">
<ele>7</ele>
</trkpt>
<trkpt lat="36.1505869589746" lon="136.161861950532">
<ele>4</ele>
</trkpt>
<trkpt lat="36.1533139273524" lon="136.160314986482">
<ele>3</ele>
</trkpt>
<trkpt lat="36.1550319660455" lon="136.159198936075">
<ele>2</ele>
</trkpt>
<trkpt lat="36.1564629245549" lon="136.158206937835">
<ele>1</ele>
</trkpt>
<trkpt lat="36.1569699458778" lon="136.157813994214">
<ele>1</ele>
</trkpt>
<trkpt lat="36.1594719439745" lon="136.15595497191">
<ele>4</ele>
</trkpt>
<trkpt lat="36.1602189391851" lon="136.155313923955">
<ele>3</ele>
</trkpt>
<trkpt lat="36.1608749907464" lon="136.154690980911">
<ele>3</ele>
</trkpt>
<trkpt lat="36.1618449445814" lon="136.153648942709">
<ele>3</ele>
</trkpt>
<trkpt lat="36.162094976753" lon="136.153331939131">
<ele>2</ele>
</trkpt>
<trkpt lat="36.162258926779" lon="136.153159942478">
<ele>1</ele>
</trkpt>
<trkpt lat="36.1644279956818" lon="136.150584938005">
<ele>1</ele>
</trkpt>
<trkpt lat="36.1651169881225" lon="136.149795949459">
<ele>3</ele>
</trkpt>
<trkpt lat="36.1656769830734" lon="136.149205947295">
<ele>2</ele>
</trkpt>
<trkpt lat="36.1667129863054" lon="136.14824898541">
<ele>2</ele>
</trkpt>
<trkpt lat="36.1674039904028" lon="136.147647919133">
<ele>2</ele>
</trkpt>
<trkpt lat="36.168746938929" lon="136.14663798362">
<ele>1</ele>
</trkpt>
<trkpt lat="36.1699519213289" lon="136.145798955113">
<ele>1</ele>
</trkpt>
<trkpt lat="36.1703939829022" lon="136.145531991497">
<ele>2</ele>
</trkpt>
<trkpt lat="36.1707359645516" lon="136.145351948217">
<ele>3</ele>
</trkpt>
<trkpt lat="36.1711349431425" lon="136.145169977099">
<ele>3</ele>
</trkpt>
<trkpt lat="36.1717799305916" lon="136.144935954362">
<ele>3</ele>
</trkpt>
<trkpt lat="36.172269936651" lon="136.144800921902">
<ele>3</ele>
</trkpt>
<trkpt lat="36.1731239687651" lon="136.144659938291">
<ele>3</ele>
</trkpt>
<trkpt lat="36.1734399665147" lon="136.144647952169">
<ele>3</ele>
</trkpt>
<trkpt lat="36.1740549467504" lon="136.144574945793">
<ele>3</ele>
</trkpt>
<trkpt lat="36.1747509799898" lon="136.144605958834">
<ele>3</ele>
</trkpt>
<trkpt lat="36.1754679679871" lon="136.144716935232">
<ele>2</ele>
</trkpt>
<trkpt lat="36.1758649349213" lon="136.144798994064">
<ele>2</ele>
</trkpt>
<trkpt lat="36.1767929792404" lon="136.145146926865">
<ele>2</ele>
</trkpt>
<trkpt lat="36.1773359589279" lon="136.145401988178">
<ele>3</ele>
</trkpt>
<trkpt lat="36.1783239338547" lon="136.145911943167">
<ele>4</ele>
</trkpt>
<trkpt lat="36.1790789756924" lon="136.146327937022">
<ele>2</ele>
</trkpt>
<trkpt lat="36.1793059576303" lon="136.146473949775">
<ele>2</ele>
</trkpt>
<trkpt lat="36.1799879930913" lon="136.146746948361">
<ele>3</ele>
</trkpt>
<trkpt lat="36.1802719719708" lon="136.146777961403">
<ele>3</ele>
</trkpt>
<trkpt lat="36.1814819835126" lon="136.146518960595">
<ele>3</ele>
</trkpt>
<trkpt lat="36.1819129809737" lon="136.146487947553">
<ele>3</ele>
</trkpt>
<trkpt lat="36.1820719856769" lon="136.146499933675">
<ele>3</ele>
</trkpt>
<trkpt lat="36.1837939638644" lon="136.14690897055">
<ele>0</ele>
</trkpt>
<trkpt lat="36.1841039266437" lon="136.147051965818">
<ele>0</ele>
</trkpt>
<trkpt lat="36.1852849368006" lon="136.14779192023">
<ele>1</ele>
</trkpt>
<trkpt lat="36.1855179537088" lon="136.147898957133">
<ele>1</ele>
</trkpt>
<trkpt lat="36.185795981437" lon="136.147988978773">
<ele>2</ele>
</trkpt>
<trkpt lat="36.1861269827932" lon="136.148057961836">
<ele>2</ele>
</trkpt>
<trkpt lat="36.186374919489" lon="136.148066930473">
<ele>2</ele>
</trkpt>
<trkpt lat="36.1885519511998" lon="136.14797196351">
<ele>2</ele>
</trkpt>
<trkpt lat="36.1888919211924" lon="136.148076988757">
<ele>2</ele>
</trkpt>
<trkpt lat="36.1890719644725" lon="136.148100961">
<ele>2</ele>
</trkpt>
<trkpt lat="36.1912729684263" lon="136.148143960163">
<ele>3</ele>
</trkpt>
<trkpt lat="36.1914349906147" lon="136.148067936301">
<ele>4</ele>
</trkpt>
<trkpt lat="36.1916739586741" lon="136.147859981284">
<ele>4</ele>
</trkpt>
<trkpt lat="36.191966990009" lon="136.147551946342">
<ele>5</ele>
</trkpt>
<trkpt lat="36.1921729333699" lon="136.147379949689">
<ele>6</ele>
</trkpt>
<trkpt lat="36.1923799663782" lon="136.147061940283">
<ele>6</ele>
</trkpt>
<trkpt lat="36.1926339380443" lon="136.147089935839">
<ele>6</ele>
</trkpt>
<trkpt lat="36.193092931062" lon="136.146997986361">
<ele>6</ele>
</trkpt>
<trkpt lat="36.1942119989544" lon="136.146601941437">
<ele>5</ele>
</trkpt>
<trkpt lat="36.1952079366893" lon="136.146107995883">
<ele>5</ele>
</trkpt>
<trkpt lat="36.1961459554732" lon="136.145711950958">
<ele>5</ele>
</trkpt>
<trkpt lat="36.1969949584454" lon="136.145276930183">
<ele>5</ele>
</trkpt>
<trkpt lat="36.1972169950604" lon="136.145225968212">
<ele>5</ele>
</trkpt>
<trkpt lat="36.1979579553008" lon="136.145147932693">
<ele>5</ele>
</trkpt>
<trkpt lat="36.1985079757869" lon="136.145032932982">
<ele>5</ele>
</trkpt>
<trkpt lat="36.1987149249762" lon="136.145014995709">
<ele>5</ele>
</trkpt>
<trkpt lat="36.2005649786443" lon="136.145176934078">
<ele>7</ele>
</trkpt>
<trkpt lat="36.2012639455497" lon="136.14516897127">
<ele>8</ele>
</trkpt>
<trkpt lat="36.201298981905" lon="136.145114991814">
<ele>8</ele>
</trkpt>
<trkpt lat="36.2027029506862" lon="136.145715974271">
<ele>9</ele>
</trkpt>
<trkpt lat="36.203016936779" lon="136.145811947063">
<ele>8</ele>
</trkpt>
<trkpt lat="36.2032699864358" lon="136.145804990083">
<ele>8</ele>
</trkpt>
<trkpt lat="36.203481964767" lon="136.145698959008">
<ele>8</ele>
</trkpt>
<trkpt lat="36.2036289833486" lon="136.145578930154">
<ele>8</ele>
</trkpt>
<trkpt lat="36.2045429460704" lon="136.144549967721">
<ele>9</ele>
</trkpt>
<trkpt lat="36.2047379929572" lon="136.14438995719">
<ele>9</ele>
</trkpt>
<trkpt lat="36.2048569321632" lon="136.144262971357">
<ele>9</ele>
</trkpt>
<trkpt lat="36.2049129232764" lon="136.144109917805">
<ele>9</ele>
</trkpt>
<trkpt lat="36.2049479596317" lon="136.143922917545">
<ele>9</ele>
</trkpt>
<trkpt lat="36.2036319170147" lon="136.143392929807">
<ele>10</ele>
</trkpt>
<trkpt lat="36.1970679648221" lon="136.140847932547">
<ele>15</ele>
</trkpt>
<trkpt lat="36.193343969062" lon="136.139565920457">
<ele>16</ele>
</trkpt>
<trkpt lat="36.1920459475368" lon="136.13906191662">
<ele>12</ele>
</trkpt>
<trkpt lat="36.1906609218568" lon="136.138485996053">
<ele>14</ele>
</trkpt>
<trkpt lat="36.1901639588177" lon="136.138257924467">
<ele>16</ele>
</trkpt>
<trkpt lat="36.1895759683102" lon="136.137955924496">
<ele>16</ele>
</trkpt>
<trkpt lat="36.189133990556" lon="136.137716956437">
<ele>16</ele>
</trkpt>
<trkpt lat="36.1886049248278" lon="136.137400958687">
<ele>16</ele>
</trkpt>
<trkpt lat="36.1877589393407" lon="136.136861918494">
<ele>16</ele>
</trkpt>
<trkpt lat="36.1868949327618" lon="136.136218942702">
<ele>17</ele>
</trkpt>
<trkpt lat="36.1827129498124" lon="136.132851932198">
<ele>19</ele>
</trkpt>
<trkpt lat="36.1812829971313" lon="136.131772929803">
<ele>22</ele>
</trkpt>
<trkpt lat="36.1770679894835" lon="136.128670955077">
<ele>23</ele>
</trkpt>
<trkpt lat="36.1764839384705" lon="136.128206932917">
<ele>25</ele>
</trkpt>
<trkpt lat="36.1750769522041" lon="136.127172941342">
<ele>25</ele>
</trkpt>
<trkpt lat="36.1742059886456" lon="136.126480931416">
<ele>23</ele>
</trkpt>
<trkpt lat="36.1739839520305" lon="136.126243975013">
<ele>23</ele>
</trkpt>
<trkpt lat="36.1691669560969" lon="136.122111948207">
<ele>24</ele>
</trkpt>
<trkpt lat="36.1677219998091" lon="136.120708985254">
<ele>21</ele>
</trkpt>
<trkpt lat="36.1661519855261" lon="136.119132936001">
<ele>21</ele>
</trkpt>
<trkpt lat="36.163085969165" lon="136.11614394933">
<ele>24</ele>
</trkpt>
<trkpt lat="36.1602919455618" lon="136.113315979019">
<ele>32</ele>
</trkpt>
<trkpt lat="36.1592619773" lon="136.112160952762">
<ele>32</ele>
</trkpt>
<trkpt lat="36.1582409776747" lon="136.11095094122">
<ele>35</ele>
</trkpt>
<trkpt lat="36.1566429678351" lon="136.109185963869">
<ele>31</ele>
</trkpt>
<trkpt lat="36.154353953898" lon="136.106875995174">
<ele>35</ele>
</trkpt>
<trkpt lat="36.1528479773551" lon="136.105178995058">
<ele>33</ele>
</trkpt>
<trkpt lat="36.1519379541278" lon="136.103981975466">
<ele>31</ele>
</trkpt>
<trkpt lat="36.1509719397873" lon="136.102535929531">
<ele>30</ele>
</trkpt>
<trkpt lat="36.1499709729105" lon="136.101072952151">
<ele>30</ele>
</trkpt>
<trkpt lat="36.1491669807583" lon="136.099827988073">
<ele>32</ele>
</trkpt>
<trkpt lat="36.1487919744104" lon="136.09915995039">
<ele>30</ele>
</trkpt>
<trkpt lat="36.1480969469994" lon="136.097741983831">
<ele>19</ele>
</trkpt>
<trkpt lat="36.1475429870188" lon="136.098040966317">
<ele>19</ele>
</trkpt>
<trkpt lat="36.1465399246663" lon="136.098691988736">
<ele>28</ele>
</trkpt>
<trkpt lat="36.1463469732553" lon="136.098719984293">
<ele>27</ele>
</trkpt>
<trkpt lat="36.1460659280419" lon="136.098108943552">
<ele>23</ele>
</trkpt>
<trkpt lat="36.1459449771792" lon="136.097539979964">
<ele>19</ele>
</trkpt>
<trkpt lat="36.1458499263972" lon="136.096921982244">
<ele>14</ele>
</trkpt>
<trkpt lat="36.145851938054" lon="136.095022978261">
<ele>7</ele>
</trkpt>
<trkpt lat="36.1458739824593" lon="136.09397993423">
<ele>7</ele>
</trkpt>
<trkpt lat="36.1458429694176" lon="136.093500992283">
<ele>8</ele>
</trkpt>
<trkpt lat="36.1457419674844" lon="136.093164961785">
<ele>8</ele>
</trkpt>
<trkpt lat="36.1454949527979" lon="136.092562973499">
<ele>7</ele>
</trkpt>
<trkpt lat="36.1429719999433" lon="136.087176930159">
<ele>6</ele>
</trkpt>
<trkpt lat="36.1426649708301" lon="136.086755990982">
<ele>6</ele>
</trkpt>
<trkpt lat="36.1420389264822" lon="136.085962979123">
<ele>7</ele>
</trkpt>
<trkpt lat="36.1418739706278" lon="136.085725938901">
<ele>8</ele>
</trkpt>
<trkpt lat="36.1411439906806" lon="136.084581976756">
<ele>11</ele>
</trkpt>
<trkpt lat="36.1406839918345" lon="136.083813942969">
<ele>13</ele>
</trkpt>
<trkpt lat="36.1403529904783" lon="136.083302982152">
<ele>12</ele>
</trkpt>
<trkpt lat="36.1400729510933" lon="136.082928981632">
<ele>11</ele>
</trkpt>
<trkpt lat="36.1398199852556" lon="136.08276293613">
<ele>10</ele>
</trkpt>
<trkpt lat="36.1393679492176" lon="136.082186931744">
<ele>9</ele>
</trkpt>
<trkpt lat="36.1381899565458" lon="136.080560926348">
<ele>13</ele>
</trkpt>
<trkpt lat="36.1373759899288" lon="136.07952198945">
<ele>15</ele>
</trkpt>
<trkpt lat="36.1370369419456" lon="136.079293917865">
<ele>16</ele>
</trkpt>
<trkpt lat="36.136646931991" lon="136.07924496755">
<ele>16</ele>
</trkpt>
<trkpt lat="36.1351659335196" lon="136.078881947324">
<ele>11</ele>
</trkpt>
<trkpt lat="36.1345439963043" lon="136.078653959557">
<ele>11</ele>
</trkpt>
<trkpt lat="36.1343379691243" lon="136.078548934311">
<ele>13</ele>
</trkpt>
<trkpt lat="36.1339439358562" lon="136.078301919624">
<ele>17</ele>
</trkpt>
<trkpt lat="36.1335449572653" lon="136.077990951017">
<ele>20</ele>
</trkpt>
<trkpt lat="36.1329869739711" lon="136.077399943024">
<ele>22</ele>
</trkpt>
<trkpt lat="36.1323349457234" lon="136.076455973089">
<ele>32</ele>
</trkpt>
<trkpt lat="36.1312519200146" lon="136.074168970808">
<ele>33</ele>
</trkpt>
<trkpt lat="36.1301839817315" lon="136.072152955458">
<ele>32</ele>
</trkpt>
<trkpt lat="36.1291269399226" lon="136.070039961487">
<ele>28</ele>
</trkpt>
<trkpt lat="36.1289269477129" lon="136.069471919909">
<ele>29</ele>
</trkpt>
<trkpt lat="36.1285489238799" lon="136.067757988349">
<ele>32</ele>
</trkpt>
<trkpt lat="36.1283249594271" lon="136.067068995908">
<ele>32</ele>
</trkpt>
<trkpt lat="36.1280329339206" lon="136.066422918811">
<ele>30</ele>
</trkpt>
<trkpt lat="36.1273409239948" lon="136.065060943365">
<ele>29</ele>
</trkpt>
<trkpt lat="36.1271619703621" lon="136.064629945904">
<ele>30</ele>
</trkpt>
<trkpt lat="36.1270789895207" lon="136.064231973141">
<ele>31</ele>
</trkpt>
<trkpt lat="36.1270409356803" lon="136.063932990655">
<ele>32</ele>
</trkpt>
<trkpt lat="36.1270299553871" lon="136.063532922417">
<ele>32</ele>
</trkpt>
<trkpt lat="36.1271239165217" lon="136.062696995214">
<ele>33</ele>
</trkpt>
<trkpt lat="36.1271209828556" lon="136.062554921955">
<ele>33</ele>
</trkpt>
<trkpt lat="36.1270479764789" lon="136.062186956406">
<ele>33</ele>
</trkpt>
<trkpt lat="36.1268769856542" lon="136.061659986153">
<ele>34</ele>
</trkpt>
<trkpt lat="36.1267499998212" lon="136.06137198396">
<ele>34</ele>
</trkpt>
<trkpt lat="36.1259429901838" lon="136.059877993539">
<ele>32</ele>
</trkpt>
<trkpt lat="36.1258539743721" lon="136.059528971091">
<ele>31</ele>
</trkpt>
<trkpt lat="36.1256589274853" lon="136.058535967022">
<ele>30</ele>
</trkpt>
<trkpt lat="36.1255519744009" lon="136.058225920424">
<ele>31</ele>
</trkpt>
<trkpt lat="36.1253559216857" lon="136.057941941544">
<ele>31</ele>
</trkpt>
<trkpt lat="36.1250479705632" lon="136.057659974322">
<ele>31</ele>
</trkpt>
<trkpt lat="36.1240319162607" lon="136.056477958336">
<ele>26</ele>
</trkpt>
<trkpt lat="36.1238019168377" lon="136.056247958913">
<ele>25</ele>
</trkpt>
<trkpt lat="36.1234759446234" lon="136.055989963934">
<ele>24</ele>
</trkpt>
<trkpt lat="36.1232959851623" lon="136.055880999193">
<ele>23</ele>
</trkpt>
<trkpt lat="36.1230399180204" lon="136.055887956172">
<ele>22</ele>
</trkpt>
<trkpt lat="36.1226229183376" lon="136.055834982544">
<ele>18</ele>
</trkpt>
<trkpt lat="36.1224789172411" lon="136.055744960904">
<ele>16</ele>
</trkpt>
<trkpt lat="36.1223979480565" lon="136.055657956749">
<ele>15</ele>
</trkpt>
<trkpt lat="36.1223249416798" lon="136.055372972041">
<ele>12</ele>
</trkpt>
<trkpt lat="36.1222589761019" lon="136.055195946246">
<ele>12</ele>
</trkpt>
<trkpt lat="36.1221369355917" lon="136.055078934878">
<ele>12</ele>
</trkpt>
<trkpt lat="36.1219599936157" lon="136.055049933493">
<ele>13</ele>
</trkpt>
<trkpt lat="36.1216269806027" lon="136.055143978447">
<ele>14</ele>
</trkpt>
<trkpt lat="36.1214659642428" lon="136.055165939033">
<ele>14</ele>
</trkpt>
<trkpt lat="36.1213809717447" lon="136.055130986497">
<ele>14</ele>
</trkpt>
<trkpt lat="36.1201029829681" lon="136.054401928559">
<ele>11</ele>
</trkpt>
<trkpt lat="36.1198769230396" lon="136.054151980206">
<ele>10</ele>
</trkpt>
<trkpt lat="36.1184649914503" lon="136.052000932395">
<ele>11</ele>
</trkpt>
<trkpt lat="36.1175699718297" lon="136.050502918661">
<ele>11</ele>
</trkpt>
<trkpt lat="36.1173999868333" lon="136.049965973943">
<ele>11</ele>
</trkpt>
<trkpt lat="36.1172429937869" lon="136.049686940387">
<ele>11</ele>
</trkpt>
<trkpt lat="36.1171099729836" lon="136.049547968432">
<ele>11</ele>
</trkpt>
<trkpt lat="36.1167549993843" lon="136.049417965114">
<ele>10</ele>
</trkpt>
<trkpt lat="36.1161099281162" lon="136.049343952909">
<ele>8</ele>
</trkpt>
<trkpt lat="36.1157509312034" lon="136.049252925441">
<ele>6</ele>
</trkpt>
<trkpt lat="36.1147999204695" lon="136.048944974318">
<ele>3</ele>
</trkpt>
<trkpt lat="36.1133729852736" lon="136.048838943243">
<ele>8</ele>
</trkpt>
<trkpt lat="36.1122899595648" lon="136.048688990995">
<ele>16</ele>
</trkpt>
<trkpt lat="36.1120239179581" lon="136.048616990447">
<ele>14</ele>
</trkpt>
<trkpt lat="36.111132921651" lon="136.048629982397">
<ele>7</ele>
</trkpt>
<trkpt lat="36.1101789772511" lon="136.048767948523">
<ele>5</ele>
</trkpt>
<trkpt lat="36.1099299509078" lon="136.0487889871">
<ele>4</ele>
</trkpt>
<trkpt lat="36.1096709500998" lon="136.048758979887">
<ele>3</ele>
</trkpt>
<trkpt lat="36.1094779986888" lon="136.048682956025">
<ele>3</ele>
</trkpt>
<trkpt lat="36.1093819420785" lon="136.048620929942">
<ele>3</ele>
</trkpt>
<trkpt lat="36.1086819693446" lon="136.047926992178">
<ele>2</ele>
</trkpt>
<trkpt lat="36.1083749402314" lon="136.047492977232">
<ele>2</ele>
</trkpt>
<trkpt lat="36.1080179549754" lon="136.046886965632">
<ele>2</ele>
</trkpt>
<trkpt lat="36.1076089181006" lon="136.045935954899">
<ele>2</ele>
</trkpt>
<trkpt lat="36.1073739733547" lon="136.045517949387">
<ele>2</ele>
</trkpt>
<trkpt lat="36.1073079239577" lon="136.045307982713">
<ele>2</ele>
</trkpt>
<trkpt lat="36.1072799284011" lon="136.045163981616">
<ele>2</ele>
</trkpt>
<trkpt lat="36.1072449758649" lon="136.04480699636">
<ele>1</ele>
</trkpt>
<trkpt lat="36.1072019767016" lon="136.044559981674">
<ele>1</ele>
</trkpt>
<trkpt lat="36.1070449836552" lon="136.044187992811">
<ele>1</ele>
</trkpt>
<trkpt lat="36.1065909359604" lon="136.043291967362">
<ele>1</ele>
</trkpt>
<trkpt lat="36.1064159218222" lon="136.043060962111">
<ele>1</ele>
</trkpt>
<trkpt lat="36.1062099784613" lon="136.042892988771">
<ele>1</ele>
</trkpt>
<trkpt lat="36.1058189626783" lon="136.042693918571">
<ele>1</ele>
</trkpt>
<trkpt lat="36.1056079901755" lon="136.042546983808">
<ele>1</ele>
</trkpt>
<trkpt lat="36.1052359174937" lon="136.04215898551">
<ele>1</ele>
</trkpt>
<trkpt lat="36.1050829477608" lon="136.041977936402">
<ele>2</ele>
</trkpt>
<trkpt lat="36.1049279663712" lon="136.041697980836">
<ele>2</ele>
</trkpt>
<trkpt lat="36.1043819691986" lon="136.040514959022">
<ele>7</ele>
</trkpt>
<trkpt lat="36.1043229606003" lon="136.040270961821">
<ele>8</ele>
</trkpt>
<trkpt lat="36.1042769439518" lon="136.039522960782">
<ele>13</ele>
</trkpt>
<trkpt lat="36.1041049472988" lon="136.038890965283">
<ele>15</ele>
</trkpt>
<trkpt lat="36.1038949806243" lon="136.038242960349">
<ele>15</ele>
</trkpt>
<trkpt lat="36.1036379914731" lon="136.037542987615">
<ele>9</ele>
</trkpt>
<trkpt lat="36.103457948193" lon="136.037311982363">
<ele>8</ele>
</trkpt>
<trkpt lat="36.1033109296113" lon="136.037222966552">
<ele>9</ele>
</trkpt>
<trkpt lat="36.102260928601" lon="136.036777971312">
<ele>14</ele>
</trkpt>
<trkpt lat="36.1020279955119" lon="136.036717956886">
<ele>15</ele>
</trkpt>
<trkpt lat="36.1018329486251" lon="136.036623995751">
<ele>16</ele>
</trkpt>
<trkpt lat="36.101631950587" lon="136.036501955241">
<ele>15</ele>
</trkpt>
<trkpt lat="36.101253926754" lon="136.036080932245">
<ele>11</ele>
</trkpt>
<trkpt lat="36.1003699712455" lon="136.035157917067">
<ele>8</ele>
</trkpt>
<trkpt lat="36.0999789554626" lon="136.03483999148">
<ele>8</ele>
</trkpt>
<trkpt lat="36.0993479657918" lon="136.034450987354">
<ele>7</ele>
</trkpt>
<trkpt lat="36.0985639225692" lon="136.033938936889">
<ele>5</ele>
</trkpt>
<trkpt lat="36.0976319387555" lon="136.033247932792">
<ele>4</ele>
</trkpt>
<trkpt lat="36.0968839377165" lon="136.032625995576">
<ele>4</ele>
</trkpt>
<trkpt lat="36.0966599732637" lon="136.03226993233">
<ele>6</ele>
</trkpt>
<trkpt lat="36.0963799338788" lon="136.031544981524">
<ele>8</ele>
</trkpt>
<trkpt lat="36.0962239466608" lon="136.031206939369">
<ele>8</ele>
</trkpt>
<trkpt lat="36.0951549187303" lon="136.030281996354">
<ele>10</ele>
</trkpt>
<trkpt lat="36.0949789825827" lon="136.030184933916">
<ele>10</ele>
</trkpt>
<trkpt lat="36.0947799962014" lon="136.030199937522">
<ele>10</ele>
</trkpt>
<trkpt lat="36.0945579595864" lon="136.030309991911">
<ele>9</ele>
</trkpt>
<trkpt lat="36.0935039352626" lon="136.031003929675">
<ele>4</ele>
</trkpt>
<trkpt lat="36.0931769572198" lon="136.031155977398">
<ele>4</ele>
</trkpt>
<trkpt lat="36.0928729455918" lon="136.031228983775">
<ele>5</ele>
</trkpt>
<trkpt lat="36.0913269873708" lon="136.031391927972">
<ele>4</ele>
</trkpt>
<trkpt lat="36.0909779649228" lon="136.031348928809">
<ele>4</ele>
</trkpt>
<trkpt lat="36.0906069818884" lon="136.031168969348">
<ele>3</ele>
</trkpt>
<trkpt lat="36.0901349969208" lon="136.03087794967">
<ele>3</ele>
</trkpt>
<trkpt lat="36.0898379422724" lon="136.03077493608">
<ele>3</ele>
</trkpt>
<trkpt lat="36.0895379539579" lon="136.030779965222">
<ele>3</ele>
</trkpt>
<trkpt lat="36.0887259989977" lon="136.031040977687">
<ele>3</ele>
</trkpt>
<trkpt lat="36.0883939918131" lon="136.031092945486">
<ele>2</ele>
</trkpt>
<trkpt lat="36.0880059935153" lon="136.03105799295">
<ele>2</ele>
</trkpt>
<trkpt lat="36.0871099680662" lon="136.030891947448">
<ele>2</ele>
</trkpt>
<trkpt lat="36.0864019487053" lon="136.030842997134">
<ele>3</ele>
</trkpt>
<trkpt lat="36.0861439537257" lon="136.030720956624">
<ele>3</ele>
</trkpt>
<trkpt lat="36.0851049330086" lon="136.029984941706">
<ele>7</ele>
</trkpt>
<trkpt lat="36.0847679805011" lon="136.029813950881">
<ele>16</ele>
</trkpt>
<trkpt lat="36.0838629864156" lon="136.029447996989">
<ele>13</ele>
</trkpt>
<trkpt lat="36.0827739257365" lon="136.029046922922">
<ele>4</ele>
</trkpt>
<trkpt lat="36.0817789938301" lon="136.028634952381">
<ele>3</ele>
</trkpt>
<trkpt lat="36.0815449710935" lon="136.028496986255">
<ele>3</ele>
</trkpt>
<trkpt lat="36.0814089328051" lon="136.028378969058">
<ele>3</ele>
</trkpt>
<trkpt lat="36.0807069484144" lon="136.027485961094">
<ele>4</ele>
</trkpt>
<trkpt lat="36.080430932343" lon="136.027186978608">
<ele>5</ele>
</trkpt>
<trkpt lat="36.0802479553968" lon="136.027031997219">
<ele>5</ele>
</trkpt>
<trkpt lat="36.0799919720739" lon="136.026912974194">
<ele>5</ele>
</trkpt>
<trkpt lat="36.079320916906" lon="136.026832927018">
<ele>4</ele>
</trkpt>
<trkpt lat="36.0784519650042" lon="136.026604939252">
<ele>7</ele>
</trkpt>
<trkpt lat="36.0771849565208" lon="136.026229932904">
<ele>7</ele>
</trkpt>
<trkpt lat="36.0765329282731" lon="136.025727940723">
<ele>11</ele>
</trkpt>
<trkpt lat="36.0763099696487" lon="136.025589974597">
<ele>12</ele>
</trkpt>
<trkpt lat="36.0761049482971" lon="136.025499952957">
<ele>14</ele>
</trkpt>
<trkpt lat="36.0749659314752" lon="136.025076918304">
<ele>6</ele>
</trkpt>
<trkpt lat="36.0747269634157" lon="136.025026962161">
<ele>5</ele>
</trkpt>
<trkpt lat="36.0745509434491" lon="136.025076918304">
<ele>4</ele>
</trkpt>
<trkpt lat="36.0743029229343" lon="136.025290992111">
<ele>3</ele>
</trkpt>
<trkpt lat="36.0739609412849" lon="136.025816956535">
<ele>2</ele>
</trkpt>
<trkpt lat="36.0730499960482" lon="136.026396984234">
<ele>2</ele>
</trkpt>
<trkpt lat="36.0729429591447" lon="136.026430930942">
<ele>3</ele>
</trkpt>
<trkpt lat="36.0728249419481" lon="136.026438977569">
<ele>3</ele>
</trkpt>
<trkpt lat="36.0725809447467" lon="136.026391955093">
<ele>3</ele>
</trkpt>
<trkpt lat="36.0723959561437" lon="136.026295982301">
<ele>3</ele>
</trkpt>
<trkpt lat="36.071653990075" lon="136.025699945167">
<ele>2</ele>
</trkpt>
<trkpt lat="36.0710629820824" lon="136.025277916342">
<ele>5</ele>
</trkpt>
<trkpt lat="36.0707139596343" lon="136.024896958843">
<ele>5</ele>
</trkpt>
<trkpt lat="36.0705939307809" lon="136.024495968595">
<ele>4</ele>
</trkpt>
<trkpt lat="36.0705689527094" lon="136.024258928373">
<ele>4</ele>
</trkpt>
<trkpt lat="36.0705959424376" lon="136.024051979184">
<ele>4</ele>
</trkpt>
<trkpt lat="36.0706909932196" lon="136.023716954514">
<ele>4</ele>
</trkpt>
<trkpt lat="36.0709459707141" lon="136.023279922083">
<ele>4</ele>
</trkpt>
<trkpt lat="36.0710749682039" lon="136.023092921823">
<ele>4</ele>
</trkpt>
<trkpt lat="36.0712329670787" lon="136.02292696014">
<ele>4</ele>
</trkpt>
<trkpt lat="36.0713489726186" lon="136.022423962131">
<ele>3</ele>
</trkpt>
<trkpt lat="36.0713439434767" lon="136.022230926901">
<ele>3</ele>
</trkpt>
<trkpt lat="36.0712809953839" lon="136.022012997419">
<ele>3</ele>
</trkpt>
<trkpt lat="36.0712049715221" lon="136.021911995485">
<ele>4</ele>
</trkpt>
<trkpt lat="36.0708919912577" lon="136.021696999669">
<ele>6</ele>
</trkpt>
<trkpt lat="36.0705679468811" lon="136.021546963602">
<ele>8</ele>
</trkpt>
<trkpt lat="36.0694349650294" lon="136.021416960284">
<ele>6</ele>
</trkpt>
<trkpt lat="36.0690149478614" lon="136.021403968334">
<ele>7</ele>
</trkpt>
<trkpt lat="36.0679969657212" lon="136.021547969431">
<ele>7</ele>
</trkpt>
<trkpt lat="36.0678469296545" lon="136.021532965824">
<ele>6</ele>
</trkpt>
<trkpt lat="36.0676979832351" lon="136.021448979154">
<ele>6</ele>
</trkpt>
<trkpt lat="36.0670059733093" lon="136.020798962563">
<ele>11</ele>
</trkpt>
<trkpt lat="36.0662179905921" lon="136.020377939567">
<ele>8</ele>
</trkpt>
<trkpt lat="36.0655059479177" lon="136.020057918504">
<ele>8</ele>
</trkpt>
<trkpt lat="36.0652189515531" lon="136.019997987896">
<ele>8</ele>
</trkpt>
<trkpt lat="36.0649249982089" lon="136.020070994273">
<ele>9</ele>
</trkpt>
<trkpt lat="36.0643459763378" lon="136.020313985646">
<ele>9</ele>
</trkpt>
<trkpt lat="36.0640729777515" lon="136.020355978981">
<ele>8</ele>
</trkpt>
<trkpt lat="36.0635719913989" lon="136.020351955667">
<ele>8</ele>
</trkpt>
<trkpt lat="36.0629649739712" lon="136.020520934835">
<ele>5</ele>
</trkpt>
<trkpt lat="36.0623019654304" lon="136.020382968709">
<ele>2</ele>
</trkpt>
<trkpt lat="36.0620669368654" lon="136.020363941789">
<ele>4</ele>
</trkpt>
<trkpt lat="36.0616709757596" lon="136.02038891986">
<ele>6</ele>
</trkpt>
<trkpt lat="36.061375932768" lon="136.020372994244">
<ele>7</ele>
</trkpt>
<trkpt lat="36.0611999966204" lon="136.020305939019">
<ele>7</ele>
</trkpt>
<trkpt lat="36.060516955331" lon="136.019868990406">
<ele>7</ele>
</trkpt>
<trkpt lat="36.060170950368" lon="136.019752984866">
<ele>8</ele>
</trkpt>
<trkpt lat="36.0597439762205" lon="136.019755918533">
<ele>9</ele>
</trkpt>
<trkpt lat="36.0591089632362" lon="136.019855998456">
<ele>10</ele>
</trkpt>
<trkpt lat="36.0588929615915" lon="136.019832948223">
<ele>10</ele>
</trkpt>
<trkpt lat="36.0585239902139" lon="136.019706968218">
<ele>11</ele>
</trkpt>
<trkpt lat="36.0570619348437" lon="136.019304972142">
<ele>10</ele>
</trkpt>
<trkpt lat="36.0559479799122" lon="136.019026944414">
<ele>26</ele>
</trkpt>
<trkpt lat="36.054390957579" lon="136.018740953878">
<ele>92</ele>
</trkpt>
<trkpt lat="36.0535209998488" lon="136.018635928631">
<ele>88</ele>
</trkpt>
<trkpt lat="36.0521269217134" lon="136.01832093671">
<ele>34</ele>
</trkpt>
<trkpt lat="36.0518839303404" lon="136.018072916195">
<ele>29</ele>
</trkpt>
<trkpt lat="36.0514809284359" lon="136.017572935671">
<ele>19</ele>
</trkpt>
<trkpt lat="36.0510359331965" lon="136.017236988991">
<ele>11</ele>
</trkpt>
<trkpt lat="36.0505039338022" lon="136.01710899733">
<ele>5</ele>
</trkpt>
<trkpt lat="36.04986095801" lon="136.01702593267">
<ele>5</ele>
</trkpt>
<trkpt lat="36.0493739694357" lon="136.016861982644">
<ele>5</ele>
</trkpt>
<trkpt lat="36.0489579755813" lon="136.016562916338">
<ele>5</ele>
</trkpt>
<trkpt lat="36.0488189198077" lon="136.016274997965">
<ele>7</ele>
</trkpt>
<trkpt lat="36.0486339312047" lon="136.015644930303">
<ele>15</ele>
</trkpt>
<trkpt lat="36.0485359467566" lon="136.0154599417">
<ele>17</ele>
</trkpt>
<trkpt lat="36.0477029532194" lon="136.014400972053">
<ele>18</ele>
</trkpt>
<trkpt lat="36.0474149510264" lon="136.014076927677">
<ele>15</ele>
</trkpt>
<trkpt lat="36.0472819302231" lon="136.013783980161">
<ele>12</ele>
</trkpt>
<trkpt lat="36.0471509210765" lon="136.012941934168">
<ele>7</ele>
</trkpt>
<trkpt lat="36.0470889788121" lon="136.01271495223">
<ele>5</ele>
</trkpt>
<trkpt lat="36.047019995749" lon="136.012559970841">
<ele>5</ele>
</trkpt>
<trkpt lat="36.0469059180468" lon="136.012377999723">
<ele>5</ele>
</trkpt>
<trkpt lat="36.0467729810625" lon="136.012224946171">
<ele>5</ele>
</trkpt>
<trkpt lat="36.0464559774846" lon="136.012112963945">
<ele>5</ele>
</trkpt>
<trkpt lat="36.0445189196616" lon="136.012282948941">
<ele>3</ele>
</trkpt>
<trkpt lat="36.0442009940743" lon="136.012291917577">
<ele>4</ele>
</trkpt>
<trkpt lat="36.0436399932951" lon="136.012172978371">
<ele>4</ele>
</trkpt>
<trkpt lat="36.0424039978534" lon="136.011595968157">
<ele>3</ele>
</trkpt>
<trkpt lat="36.0418319329619" lon="136.011449955404">
<ele>3</ele>
</trkpt>
<trkpt lat="36.0407179780304" lon="136.011467976496">
<ele>0</ele>
</trkpt>
<trkpt lat="36.0389229934663" lon="136.011589933187">
<ele>0</ele>
</trkpt>
<trkpt lat="36.0377929452807" lon="136.011640978977">
<ele>0</ele>
</trkpt>
<trkpt lat="36.0370839200914" lon="136.011776933447">
<ele>0</ele>
</trkpt>
<trkpt lat="36.0357529576868" lon="136.012248918414">
<ele>1</ele>
</trkpt>
<trkpt lat="36.0352849960327" lon="136.012380933389">
<ele>3</ele>
</trkpt>
<trkpt lat="36.035076957196" lon="136.012409934774">
<ele>4</ele>
</trkpt>
<trkpt lat="36.0346589516848" lon="136.012345980853">
<ele>9</ele>
</trkpt>
<trkpt lat="36.0343459714204" lon="136.012219917029">
<ele>13</ele>
</trkpt>
<trkpt lat="36.0341469850391" lon="136.012068958953">
<ele>15</ele>
</trkpt>
<trkpt lat="36.0335269756615" lon="136.011349959299">
<ele>15</ele>
</trkpt>
<trkpt lat="36.0329529829323" lon="136.01089197211">
<ele>19</ele>
</trkpt>
<trkpt lat="36.0321019683033" lon="136.010358966887">
<ele>13</ele>
</trkpt>
<trkpt lat="36.0317069292068" lon="136.009907936677">
<ele>9</ele>
</trkpt>
<trkpt lat="36.0313979722559" lon="136.0095129814">
<ele>7</ele>
</trkpt>
<trkpt lat="36.0309469420463" lon="136.008915938437">
<ele>10</ele>
</trkpt>
<trkpt lat="36.0296289715916" lon="136.006734967232">
<ele>18</ele>
</trkpt>
<trkpt lat="36.0293569788337" lon="136.006411928684">
<ele>17</ele>
</trkpt>
<trkpt lat="36.0291259735823" lon="136.006086962298">
<ele>13</ele>
</trkpt>
<trkpt lat="36.0290189366788" lon="136.005818992853">
<ele>11</ele>
</trkpt>
<trkpt lat="36.028905948624" lon="136.005385983735">
<ele>10</ele>
</trkpt>
<trkpt lat="36.028831936419" lon="136.005182974041">
<ele>11</ele>
</trkpt>
<trkpt lat="36.028453996405" lon="136.004623984918">
<ele>13</ele>
</trkpt>
<trkpt lat="36.0282129328698" lon="136.004342939705">
<ele>19</ele>
</trkpt>
<trkpt lat="36.0280979331583" lon="136.004237998277">
<ele>21</ele>
</trkpt>
<trkpt lat="36.0275649279356" lon="136.003954941407">
<ele>28</ele>
</trkpt>
<trkpt lat="36.0274599865079" lon="136.00385595113">
<ele>28</ele>
</trkpt>
<trkpt lat="36.0271779354662" lon="136.003433922306">
<ele>26</ele>
</trkpt>
<trkpt lat="36.0267339460552" lon="136.003081966192">
<ele>23</ele>
</trkpt>
<trkpt lat="36.0265439283103" lon="136.00286395289">
<ele>21</ele>
</trkpt>
<trkpt lat="36.026344941929" lon="136.002539992332">
<ele>19</ele>
</trkpt>
<trkpt lat="36.0262279305607" lon="136.002403954044">
<ele>19</ele>
</trkpt>
<trkpt lat="36.0261109191924" lon="136.002322984859">
<ele>19</ele>
</trkpt>
<trkpt lat="36.0259669180959" lon="136.002262970433">
<ele>19</ele>
</trkpt>
<trkpt lat="36.0256189852953" lon="136.002191975713">
<ele>19</ele>
</trkpt>
<trkpt lat="36.025509936735" lon="136.002138918266">
<ele>19</ele>
</trkpt>
<trkpt lat="36.0252329986542" lon="136.001926939934">
<ele>19</ele>
</trkpt>
<trkpt lat="36.0245199501514" lon="136.001566937193">
<ele>22</ele>
</trkpt>
<trkpt lat="36.023902958259" lon="136.001181956381">
<ele>22</ele>
</trkpt>
<trkpt lat="36.0232969466597" lon="136.000766968355">
<ele>20</ele>
</trkpt>
<trkpt lat="36.0232359264046" lon="136.000691950321">
<ele>20</ele>
</trkpt>
<trkpt lat="36.0230329167098" lon="136.000171937048">
<ele>19</ele>
</trkpt>
<trkpt lat="36.0229599941522" lon="136.000034976751">
<ele>19</ele>
</trkpt>
<trkpt lat="36.0228809528053" lon="135.999929951504">
<ele>19</ele>
</trkpt>
<trkpt lat="36.022734940052" lon="135.999833978713">
<ele>19</ele>
</trkpt>
<trkpt lat="36.0225869994611" lon="135.999763989821">
<ele>19</ele>
</trkpt>
<trkpt lat="36.0223609395325" lon="135.999574977905">
<ele>18</ele>
</trkpt>
<trkpt lat="36.0216079931706" lon="135.998858995736">
<ele>10</ele>
</trkpt>
<trkpt lat="36.020995946601" lon="135.998458927497">
<ele>8</ele>
</trkpt>
<trkpt lat="36.0208189208061" lon="135.998421963304">
<ele>8</ele>
</trkpt>
<trkpt lat="36.0206539649516" lon="135.998413916677">
<ele>10</ele>
</trkpt>
<trkpt lat="36.0200729314238" lon="135.998479966074">
<ele>19</ele>
</trkpt>
<trkpt lat="36.0192849487066" lon="135.998507961631">
<ele>19</ele>
</trkpt>
<trkpt lat="36.0191259440035" lon="135.998459933326">
<ele>19</ele>
</trkpt>
<trkpt lat="36.0189629998058" lon="135.998362954706">
<ele>18</ele>
</trkpt>
<trkpt lat="36.0188009776175" lon="135.998230939731">
<ele>17</ele>
</trkpt>
<trkpt lat="36.0186029970646" lon="135.997988954186">
<ele>16</ele>
</trkpt>
<trkpt lat="36.0185129754245" lon="135.997911924496">
<ele>16</ele>
</trkpt>
<trkpt lat="36.0183429904282" lon="135.997722996399">
<ele>15</ele>
</trkpt>
<trkpt lat="36.0182439163327" lon="135.997643955052">
<ele>15</ele>
</trkpt>
<trkpt lat="36.0181069560349" lon="135.997491991147">
<ele>15</ele>
</trkpt>
<trkpt lat="36.0178559180349" lon="135.997065939009">
<ele>15</ele>
</trkpt>
<trkpt lat="36.0177679918706" lon="135.99676293321">
<ele>15</ele>
</trkpt>
<trkpt lat="36.0176459513605" lon="135.996539974585">
<ele>16</ele>
</trkpt>
<trkpt lat="36.0175829194486" lon="135.996322967112">
<ele>16</ele>
</trkpt>
<trkpt lat="36.0174529999495" lon="135.99609891884">
<ele>17</ele>
</trkpt>
<trkpt lat="36.0169579647481" lon="135.995444962755">
<ele>18</ele>
</trkpt>
<trkpt lat="36.0148509219289" lon="135.992823941633">
<ele>8</ele>
</trkpt>
<trkpt lat="36.0145199205726" lon="135.992291942239">
<ele>10</ele>
</trkpt>
<trkpt lat="36.0141989775002" lon="135.991898998618">
<ele>12</ele>
</trkpt>
<trkpt lat="36.0127729643136" lon="135.991274965927">
<ele>10</ele>
</trkpt>
<trkpt lat="36.0124719701707" lon="135.991019988433">
<ele>9</ele>
</trkpt>
<trkpt lat="36.0122899990529" lon="135.990749923512">
<ele>8</ele>
</trkpt>
<trkpt lat="36.0122289787978" lon="135.990608939901">
<ele>8</ele>
</trkpt>
<trkpt lat="36.0121459979564" lon="135.990182971582">
<ele>6</ele>
</trkpt>
<trkpt lat="36.0121259652078" lon="135.989379985258">
<ele>5</ele>
</trkpt>
<trkpt lat="36.0120519530028" lon="135.989151997492">
<ele>5</ele>
</trkpt>
<trkpt lat="36.0119529627264" lon="135.98901193589">
<ele>5</ele>
</trkpt>
<trkpt lat="36.0100689623505" lon="135.987080996856">
<ele>6</ele>
</trkpt>
<trkpt lat="36.0093289241195" lon="135.986299971119">
<ele>3</ele>
</trkpt>
<trkpt lat="36.0084419511259" lon="135.98519096151">
<ele>6</ele>
</trkpt>
<trkpt lat="36.0083669330925" lon="135.985041931272">
<ele>7</ele>
</trkpt>
<trkpt lat="36.008341955021" lon="135.984876975417">
<ele>8</ele>
</trkpt>
<trkpt lat="36.0083319805562" lon="135.98434698768">
<ele>10</ele>
</trkpt>
<trkpt lat="36.0084269475192" lon="135.983501924202">
<ele>15</ele>
</trkpt>
<trkpt lat="36.0084939189255" lon="135.982409929857">
<ele>13</ele>
</trkpt>
<trkpt lat="36.0084749758244" lon="135.982299959287">
<ele>13</ele>
</trkpt>
<trkpt lat="36.008423930034" lon="135.982201974839">
<ele>13</ele>
</trkpt>
<trkpt lat="36.0082909930497" lon="135.982079934329">
<ele>13</ele>
</trkpt>
<trkpt lat="36.0074969753623" lon="135.981541983783">
<ele>16</ele>
</trkpt>
<trkpt lat="36.0069209709764" lon="135.981180975214">
<ele>13</ele>
</trkpt>
<trkpt lat="36.0068939812481" lon="135.981132946908">
<ele>13</ele>
</trkpt>
<trkpt lat="36.0059139691293" lon="135.980502963066">
<ele>13</ele>
</trkpt>
<trkpt lat="36.0058479197323" lon="135.980488965288">
<ele>13</ele>
</trkpt>
<trkpt lat="36.0056949499995" lon="135.98039098084">
<ele>13</ele>
</trkpt>
<trkpt lat="36.0051299259067" lon="135.97986895591">
<ele>11</ele>
</trkpt>
<trkpt lat="36.0049119964242" lon="135.979514988139">
<ele>11</ele>
</trkpt>
<trkpt lat="36.0047559253871" lon="135.97910896875">
<ele>12</ele>
</trkpt>
<trkpt lat="36.0043389257044" lon="135.977743975818">
<ele>10</ele>
</trkpt>
<trkpt lat="36.0041009634733" lon="135.977266961709">
<ele>12</ele>
</trkpt>
<trkpt lat="36.0038309823722" lon="135.976526923478">
<ele>13</ele>
</trkpt>
<trkpt lat="36.0037939343601" lon="135.976283932105">
<ele>12</ele>
</trkpt>
<trkpt lat="36.003790916875" lon="135.976049993187">
<ele>11</ele>
</trkpt>
<trkpt lat="36.0038739815354" lon="135.975530985743">
<ele>8</ele>
</trkpt>
<trkpt lat="36.0039159748703" lon="135.975130917504">
<ele>7</ele>
</trkpt>
<trkpt lat="36.003893930465" lon="135.974909970537">
<ele>7</ele>
</trkpt>
<trkpt lat="36.0038269590586" lon="135.97463093698">
<ele>6</ele>
</trkpt>
<trkpt lat="36.0035569779575" lon="135.974198933691">
<ele>6</ele>
</trkpt>
<trkpt lat="36.003108965233" lon="135.973646985367">
<ele>8</ele>
</trkpt>
<trkpt lat="36.0030049458146" lon="135.973546989262">
<ele>8</ele>
</trkpt>
<trkpt lat="36.0015239473432" lon="135.972676947713">
<ele>8</ele>
</trkpt>
<trkpt lat="36.0011759307235" lon="135.97244694829">
<ele>7</ele>
</trkpt>
<trkpt lat="36.0010679718107" lon="135.9723439347">
<ele>6</ele>
</trkpt>
<trkpt lat="36.0009779501706" lon="135.972211919725">
<ele>5</ele>
</trkpt>
<trkpt lat="36.0009209532291" lon="135.972052998841">
<ele>4</ele>
</trkpt>
<trkpt lat="36.0004419274628" lon="135.969663988799">
<ele>16</ele>
</trkpt>
<trkpt lat="36.000357940793" lon="135.969413956627">
<ele>17</ele>
</trkpt>
<trkpt lat="36.0002059768885" lon="135.969047918916">
<ele>17</ele>
</trkpt>
<trkpt lat="35.9996109455824" lon="135.968402931467">
<ele>15</ele>
</trkpt>
<trkpt lat="35.9992449916899" lon="135.968157928437">
<ele>14</ele>
</trkpt>
<trkpt lat="35.9987829811871" lon="135.967895993963">
<ele>13</ele>
</trkpt>
<trkpt lat="35.9986149240285" lon="135.967745957896">
<ele>13</ele>
</trkpt>
<trkpt lat="35.9983789734542" lon="135.967361982912">
<ele>13</ele>
</trkpt>
<trkpt lat="35.9977529291064" lon="135.966423964128">
<ele>11</ele>
</trkpt>
<trkpt lat="35.9976519271731" lon="135.966159934178">
<ele>10</ele>
</trkpt>
<trkpt lat="35.9975709579885" lon="135.965891964734">
<ele>10</ele>
</trkpt>
<trkpt lat="35.997500969097" lon="135.965548977256">
<ele>9</ele>
</trkpt>
<trkpt lat="35.997410947457" lon="135.965271955356">
<ele>9</ele>
</trkpt>
<trkpt lat="35.9971589874476" lon="135.964903989807">
<ele>9</ele>
</trkpt>
<trkpt lat="35.9970589913428" lon="135.964821930975">
<ele>9</ele>
</trkpt>
<trkpt lat="35.9966099727899" lon="135.964612970129">
<ele>10</ele>
</trkpt>
<trkpt lat="35.9961879439652" lon="135.964459916577">
<ele>10</ele>
</trkpt>
<trkpt lat="35.9959959983826" lon="135.964439967647">
<ele>10</ele>
</trkpt>
<trkpt lat="35.9957259334624" lon="135.964448936284">
<ele>9</ele>
</trkpt>
<trkpt lat="35.9954559523612" lon="135.964483972639">
<ele>9</ele>
</trkpt>
<trkpt lat="35.9946659579873" lon="135.964758982882">
<ele>8</ele>
</trkpt>
<trkpt lat="35.9941909555346" lon="135.9648889862">
<ele>8</ele>
</trkpt>
<trkpt lat="35.9931839536875" lon="135.965242953971">
<ele>8</ele>
</trkpt>
<trkpt lat="35.9926239587367" lon="135.965529950336">
<ele>6</ele>
</trkpt>
<trkpt lat="35.9922899398953" lon="135.965673951432">
<ele>4</ele>
</trkpt>
<trkpt lat="35.992135964334" lon="135.965718962252">
<ele>4</ele>
</trkpt>
<trkpt lat="35.9919809829444" lon="135.965720973909">
<ele>6</ele>
</trkpt>
<trkpt lat="35.9918619599193" lon="135.965663976967">
<ele>8</ele>
</trkpt>
<trkpt lat="35.9917199704796" lon="135.965545959771">
<ele>11</ele>
</trkpt>
<trkpt lat="35.9913369175047" lon="135.96512795426">
<ele>20</ele>
</trkpt>
<trkpt lat="35.990351960063" lon="135.963625917211">
<ele>65</ele>
</trkpt>
<trkpt lat="35.9897989220917" lon="135.963085955009">
<ele>63</ele>
</trkpt>
<trkpt lat="35.9885539580137" lon="135.962567953393">
<ele>20</ele>
</trkpt>
<trkpt lat="35.9882809594274" lon="135.962550938129">
<ele>10</ele>
</trkpt>
<trkpt lat="35.9881469327956" lon="135.962605923414">
<ele>9</ele>
</trkpt>
<trkpt lat="35.9873889572918" lon="135.963209923357">
<ele>6</ele>
</trkpt>
<trkpt lat="35.9872059803456" lon="135.963305979967">
<ele>7</ele>
</trkpt>
<trkpt lat="35.9871279448271" lon="135.963320983574">
<ele>7</ele>
</trkpt>
<trkpt lat="35.9870449639857" lon="135.963307991624">
<ele>8</ele>
</trkpt>
<trkpt lat="35.9866379387677" lon="135.963102970272">
<ele>10</ele>
</trkpt>
<trkpt lat="35.9865309856832" lon="135.962969949469">
<ele>8</ele>
</trkpt>
<trkpt lat="35.9864639304578" lon="135.962754953653">
<ele>6</ele>
</trkpt>
<trkpt lat="35.9864099510014" lon="135.962390927598">
<ele>3</ele>
</trkpt>
<trkpt lat="35.9863609168679" lon="135.962239969522">
<ele>1</ele>
</trkpt>
<trkpt lat="35.9861109685153" lon="135.961874937639">
<ele>1</ele>
</trkpt>
<trkpt lat="35.9858389757574" lon="135.961659941822">
<ele>3</ele>
</trkpt>
<trkpt lat="35.9838119801134" lon="135.959411999211">
<ele>7</ele>
</trkpt>
<trkpt lat="35.9834919590503" lon="135.959124919027">
<ele>7</ele>
</trkpt>
<trkpt lat="35.9832909610122" lon="135.959010925144">
<ele>7</ele>
</trkpt>
<trkpt lat="35.9823939297348" lon="135.958744967356">
<ele>11</ele>
</trkpt>
<trkpt lat="35.9820089489222" lon="135.958767933771">
<ele>14</ele>
</trkpt>
<trkpt lat="35.9817829728127" lon="135.958808921278">
<ele>16</ele>
</trkpt>
<trkpt lat="35.9814039431512" lon="135.958929955959">
<ele>17</ele>
</trkpt>
<trkpt lat="35.9797999821603" lon="135.960412966087">
<ele>17</ele>
</trkpt>
<trkpt lat="35.9795259777457" lon="135.960635924712">
<ele>17</ele>
</trkpt>
<trkpt lat="35.9792909491807" lon="135.960756959394">
<ele>17</ele>
</trkpt>
<trkpt lat="35.9786719456315" lon="135.961013948545">
<ele>15</ele>
</trkpt>
<trkpt lat="35.9780209232122" lon="135.961133977398">
<ele>33</ele>
</trkpt>
<trkpt lat="35.9766979236156" lon="135.961591964588">
<ele>80</ele>
</trkpt>
<trkpt lat="35.9761559497565" lon="135.961830932647">
<ele>88</ele>
</trkpt>
<trkpt lat="35.975419934839" lon="135.96223494038">
<ele>101</ele>
</trkpt>
<trkpt lat="35.9742429479957" lon="135.963116968051">
<ele>124</ele>
</trkpt>
<trkpt lat="35.9715949371457" lon="135.9652179759">
<ele>95</ele>
</trkpt>
<trkpt lat="35.9703999292105" lon="135.966059938073">
<ele>12</ele>
</trkpt>
<trkpt lat="35.9702269267291" lon="135.966249955818">
<ele>9</ele>
</trkpt>
<trkpt lat="35.970075968653" lon="135.966541981325">
<ele>7</ele>
</trkpt>
<trkpt lat="35.9698549378663" lon="135.96709292382">
<ele>7</ele>
</trkpt>
<trkpt lat="35.9697609767318" lon="135.967254946008">
<ele>7</ele>
</trkpt>
<trkpt lat="35.9696149639785" lon="135.967421997339">
<ele>7</ele>
</trkpt>
<trkpt lat="35.9689849801362" lon="135.967838997021">
<ele>5</ele>
</trkpt>
<trkpt lat="35.9688669629395" lon="135.967952990904">
<ele>4</ele>
</trkpt>
<trkpt lat="35.9685149230063" lon="135.968417935073">
<ele>5</ele>
</trkpt>
<trkpt lat="35.9683549962938" lon="135.968542993069">
<ele>6</ele>
</trkpt>
<trkpt lat="35.9682559221983" lon="135.96856797114">
<ele>6</ele>
</trkpt>
<trkpt lat="35.9679059777409" lon="135.968512985855">
<ele>10</ele>
</trkpt>
<trkpt lat="35.9672829508781" lon="135.968273933977">
<ele>24</ele>
</trkpt>
<trkpt lat="35.96715294756" lon="135.968262953684">
<ele>26</ele>
</trkpt>
<trkpt lat="35.9669949486852" lon="135.968302935362">
<ele>29</ele>
</trkpt>
<trkpt lat="35.9653299674392" lon="135.969306919724">
<ele>38</ele>
</trkpt>
<trkpt lat="35.9650479163975" lon="135.969515964389">
<ele>43</ele>
</trkpt>
<trkpt lat="35.9623439982533" lon="135.971210952848">
<ele>30</ele>
</trkpt>
<trkpt lat="35.9622709918767" lon="135.971302986145">
<ele>29</ele>
</trkpt>
<trkpt lat="35.9621909447014" lon="135.971440952271">
<ele>27</ele>
</trkpt>
<trkpt lat="35.9620419982821" lon="135.971912937239">
<ele>25</ele>
</trkpt>
<trkpt lat="35.9619329497218" lon="135.972147965804">
<ele>25</ele>
</trkpt>
<trkpt lat="35.9617829974741" lon="135.972284926102">
<ele>25</ele>
</trkpt>
<trkpt lat="35.9612149558961" lon="135.972462957725">
<ele>21</ele>
</trkpt>
<trkpt lat="35.9611149597913" lon="135.97246597521">
<ele>20</ele>
</trkpt>
<trkpt lat="35.9609799273312" lon="135.97257594578">
<ele>18</ele>
</trkpt>
<trkpt lat="35.9608759917319" lon="135.972770992666">
<ele>17</ele>
</trkpt>
<trkpt lat="35.9605419728905" lon="135.973546989262">
<ele>16</ele>
</trkpt>
<trkpt lat="35.9604219440371" lon="135.973782939836">
<ele>16</ele>
</trkpt>
<trkpt lat="35.9603139851242" lon="135.973890982568">
<ele>17</ele>
</trkpt>
<trkpt lat="35.9601539745927" lon="135.973995923996">
<ele>18</ele>
</trkpt>
<trkpt lat="35.958740953356" lon="135.974534964189">
<ele>17</ele>
</trkpt>
<trkpt lat="35.9585219342262" lon="135.974840987474">
<ele>16</ele>
</trkpt>
<trkpt lat="35.9582769311965" lon="135.975415986031">
<ele>16</ele>
</trkpt>
<trkpt lat="35.9581879992038" lon="135.975583959371">
<ele>16</ele>
</trkpt>
<trkpt lat="35.9580659586936" lon="135.975759979337">
<ele>16</ele>
</trkpt>
<trkpt lat="35.9576349612325" lon="135.976197933778">
<ele>13</ele>
</trkpt>
<trkpt lat="35.9575149323791" lon="135.976480990648">
<ele>11</ele>
</trkpt>
<trkpt lat="35.9573889523745" lon="135.977101922035">
<ele>11</ele>
</trkpt>
<trkpt lat="35.957170939073" lon="135.977514982224">
<ele>11</ele>
</trkpt>
<trkpt lat="35.9569499921054" lon="135.977820921689">
<ele>11</ele>
</trkpt>
<trkpt lat="35.95677992329" lon="135.978152928874">
<ele>10</ele>
</trkpt>
<trkpt lat="35.9565199166536" lon="135.978860948235">
<ele>8</ele>
</trkpt>
<trkpt lat="35.9560259710997" lon="135.97985596396">
<ele>4</ele>
</trkpt>
<trkpt lat="35.9558649547398" lon="135.980211943388">
<ele>5</ele>
</trkpt>
<trkpt lat="35.9558119811118" lon="135.980429956689">
<ele>5</ele>
</trkpt>
<trkpt lat="35.9557799622416" lon="135.980419982225">
<ele>5</ele>
</trkpt>
<trkpt lat="35.9556799661368" lon="135.981399994344">
<ele>7</ele>
</trkpt>
<trkpt lat="35.9556299261749" lon="135.981629993767">
<ele>7</ele>
</trkpt>
<trkpt lat="35.9555699955672" lon="135.981739964336">
<ele>7</ele>
</trkpt>
<trkpt lat="35.9554999228567" lon="135.981809953228">
<ele>7</ele>
</trkpt>
<trkpt lat="35.9553299378604" lon="135.981879942119">
<ele>7</ele>
</trkpt>
<trkpt lat="35.9551399201155" lon="135.981909949332">
<ele>7</ele>
</trkpt>
<trkpt lat="35.9547899756581" lon="135.981869967654">
<ele>6</ele>
</trkpt>
<trkpt lat="35.9545399434865" lon="135.981829985976">
<ele>6</ele>
</trkpt>
<trkpt lat="35.9544399473816" lon="135.981839960441">
<ele>6</ele>
</trkpt>
<trkpt lat="35.9543199185282" lon="135.981869967654">
<ele>6</ele>
</trkpt>
<trkpt lat="35.9541599918157" lon="135.981949931011">
<ele>6</ele>
</trkpt>
<trkpt lat="35.9540699701756" lon="135.982019919902">
<ele>6</ele>
</trkpt>
<trkpt lat="35.9539699740708" lon="135.982129974291">
<ele>6</ele>
</trkpt>
<trkpt lat="35.9536599274725" lon="135.982679994777">
<ele>5</ele>
</trkpt>
<trkpt lat="35.9535399824381" lon="135.982999932021">
<ele>5</ele>
</trkpt>
<trkpt lat="35.9534599352628" lon="135.983479963616">
<ele>4</ele>
</trkpt>
<trkpt lat="35.9534099791199" lon="135.98366998136">
<ele>4</ele>
</trkpt>
<trkpt lat="35.9532999247313" lon="135.9838899225">
<ele>4</ele>
</trkpt>
<trkpt lat="35.9530299436301" lon="135.984369954094">
<ele>4</ele>
</trkpt>
<trkpt lat="35.9526399336755" lon="135.985069926828">
<ele>3</ele>
</trkpt>
<trkpt lat="35.9525599703193" lon="135.985159948468">
<ele>3</ele>
</trkpt>
<trkpt lat="35.9515799582005" lon="135.985739976168">
<ele>3</ele>
</trkpt>
<trkpt lat="35.9512599371374" lon="135.985889928415">
<ele>4</ele>
</trkpt>
<trkpt lat="35.9510299377143" lon="135.985939968377">
<ele>5</ele>
</trkpt>
<trkpt lat="35.9506899677217" lon="135.986009957269">
<ele>5</ele>
</trkpt>
<trkpt lat="35.9502699505538" lon="135.986139960587">
<ele>4</ele>
</trkpt>
<trkpt lat="35.9494399745017" lon="135.986519996077">
<ele>3</ele>
</trkpt>
<trkpt lat="35.9491599351168" lon="135.986669948325">
<ele>4</ele>
</trkpt>
<trkpt lat="35.9488799795508" lon="135.986859966069">
<ele>5</ele>
</trkpt>
<trkpt lat="35.948409922421" lon="135.987149979919">
<ele>6</ele>
</trkpt>
<trkpt lat="35.9480299707502" lon="135.987279983237">
<ele>8</ele>
</trkpt>
<trkpt lat="35.9477599896491" lon="135.98732993938">
<ele>8</ele>
</trkpt>
<trkpt lat="35.9476099535823" lon="135.987349972129">
<ele>9</ele>
</trkpt>
<trkpt lat="35.9474299941212" lon="135.98732993938">
<ele>9</ele>
</trkpt>
<trkpt lat="35.9472099691629" lon="135.987299932167">
<ele>10</ele>
</trkpt>
<trkpt lat="35.946699930355" lon="135.987379979342">
<ele>10</ele>
</trkpt>
<trkpt lat="35.9463799931109" lon="135.987439993769">
<ele>9</ele>
</trkpt>
<trkpt lat="35.9462099242955" lon="135.987459942698">
<ele>9</ele>
</trkpt>
<trkpt lat="35.9458999615163" lon="135.987429935485">
<ele>10</ele>
</trkpt>
<trkpt lat="35.9454999770969" lon="135.987249976024">
<ele>11</ele>
</trkpt>
<trkpt lat="35.9453399665654" lon="135.987189961597">
<ele>12</ele>
</trkpt>
<trkpt lat="35.9451899304986" lon="135.987169928849">
<ele>15</ele>
</trkpt>
<trkpt lat="35.9450399782509" lon="135.987199936062">
<ele>22</ele>
</trkpt>
<trkpt lat="35.944799920544" lon="135.987279983237">
<ele>32</ele>
</trkpt>
<trkpt lat="35.9444399178028" lon="135.987449968234">
<ele>48</ele>
</trkpt>
<trkpt lat="35.9434399567544" lon="135.987939974293">
<ele>24</ele>
</trkpt>
<trkpt lat="35.9432399645448" lon="135.988049944863">
<ele>20</ele>
</trkpt>
<trkpt lat="35.943089928478" lon="135.988189922646">
<ele>16</ele>
</trkpt>
<trkpt lat="35.9429399762303" lon="135.988389998674">
<ele>13</ele>
</trkpt>
<trkpt lat="35.942859929055" lon="135.988559983671">
<ele>10</ele>
</trkpt>
<trkpt lat="35.9428099729121" lon="135.988809932023">
<ele>7</ele>
</trkpt>
<trkpt lat="35.9427599329501" lon="135.989099945873">
<ele>7</ele>
</trkpt>
<trkpt lat="35.942719951272" lon="135.989479981363">
<ele>6</ele>
</trkpt>
<trkpt lat="35.9426499623805" lon="135.989729929715">
<ele>6</ele>
</trkpt>
<trkpt lat="35.9425699990243" lon="135.989929921925">
<ele>6</ele>
</trkpt>
<trkpt lat="35.9424099884927" lon="135.990229994059">
<ele>6</ele>
</trkpt>
<trkpt lat="35.9419699385762" lon="135.990959974006">
<ele>5</ele>
</trkpt>
<trkpt lat="35.9416199941188" lon="135.991529943421">
<ele>4</ele>
</trkpt>
<trkpt lat="35.9414199180901" lon="135.991869997233">
<ele>4</ele>
</trkpt>
<trkpt lat="35.9413099475205" lon="135.992159927264">
<ele>5</ele>
</trkpt>
<trkpt lat="35.941099980846" lon="135.992749929428">
<ele>6</ele>
</trkpt>
<trkpt lat="35.9410299919546" lon="135.99288999103">
<ele>7</ele>
</trkpt>
<trkpt lat="35.9409299958497" lon="135.993009936064">
<ele>7</ele>
</trkpt>
<trkpt lat="35.9407699853182" lon="135.993109932169">
<ele>7</ele>
</trkpt>
<trkpt lat="35.9405599348247" lon="135.993179921061">
<ele>8</ele>
</trkpt>
<trkpt lat="35.9398699365556" lon="135.993369938806">
<ele>8</ele>
</trkpt>
<trkpt lat="35.9397199843079" lon="135.993439927697">
<ele>8</ele>
</trkpt>
<trkpt lat="35.9396299626678" lon="135.993529949337">
<ele>8</ele>
</trkpt>
<trkpt lat="35.9395099338144" lon="135.993879977614">
<ele>7</ele>
</trkpt>
<trkpt lat="35.9394099377096" lon="135.994329918176">
<ele>6</ele>
</trkpt>
<trkpt lat="35.9393199998885" lon="135.994569975883">
<ele>5</ele>
</trkpt>
<trkpt lat="35.9392199199647" lon="135.994709953666">
<ele>5</ele>
</trkpt>
<trkpt lat="35.9390999749303" lon="135.994829982519">
<ele>5</ele>
</trkpt>
<trkpt lat="35.939019927755" lon="135.994879938662">
<ele>5</ele>
</trkpt>
<trkpt lat="35.9387399721891" lon="135.994999967515">
<ele>6</ele>
</trkpt>
<trkpt lat="35.9383399877697" lon="135.995219992474">
<ele>8</ele>
</trkpt>
<trkpt lat="35.9382399916649" lon="135.99529995583">
<ele>9</ele>
</trkpt>
<trkpt lat="35.9378099162132" lon="135.995529955253">
<ele>10</ele>
</trkpt>
<trkpt lat="35.9374799206853" lon="135.995719972998">
<ele>11</ele>
</trkpt>
<trkpt lat="35.9372099395841" lon="135.995979979634">
<ele>11</ele>
</trkpt>
<trkpt lat="35.9369299840182" lon="135.996249960735">
<ele>10</ele>
</trkpt>
<trkpt lat="35.9366799518466" lon="135.996469985694">
<ele>10</ele>
</trkpt>
<trkpt lat="35.9358199685812" lon="135.997189991176">
<ele>9</ele>
</trkpt>
<trkpt lat="35.9351399447769" lon="135.99779994227">
<ele>9</ele>
</trkpt>
<trkpt lat="35.9350299742073" lon="135.997919971123">
<ele>9</ele>
</trkpt>
<trkpt lat="35.9349599853158" lon="135.99797998555">
<ele>9</ele>
</trkpt>
<trkpt lat="35.9347999747843" lon="135.998049974442">
<ele>8</ele>
</trkpt>
<trkpt lat="35.9347299858928" lon="135.998069923371">
<ele>8</ele>
</trkpt>
<trkpt lat="35.9345499426126" lon="135.998139996082">
<ele>7</ele>
</trkpt>
<trkpt lat="35.9341699909419" lon="135.9982699994">
<ele>5</ele>
</trkpt>
<trkpt lat="35.9339099843055" lon="135.998329930007">
<ele>5</ele>
</trkpt>
<trkpt lat="35.933609995991" lon="135.998339988291">
<ele>4</ele>
</trkpt>
<trkpt lat="35.9334899671376" lon="135.998339988291">
<ele>4</ele>
</trkpt>
<trkpt lat="35.9326699655503" lon="135.998399918899">
<ele>6</ele>
</trkpt>
<trkpt lat="35.9316799789667" lon="135.998489940539">
<ele>7</ele>
</trkpt>
<trkpt lat="35.9307299740613" lon="135.998539980501">
<ele>4</ele>
</trkpt>
<trkpt lat="35.9298499580473" lon="135.998599994928">
<ele>6</ele>
</trkpt>
<trkpt lat="35.9291399270296" lon="135.998609969392">
<ele>7</ele>
</trkpt>
<trkpt lat="35.9283099509776" lon="135.998589936644">
<ele>7</ele>
</trkpt>
<trkpt lat="35.9277699887753" lon="135.998569987714">
<ele>7</ele>
</trkpt>
<trkpt lat="35.9272999316454" lon="135.99855992943">
<ele>7</ele>
</trkpt>
<trkpt lat="35.9272299427539" lon="135.998579962179">
<ele>7</ele>
</trkpt>
<trkpt lat="35.9268899727613" lon="135.998569987714">
<ele>7</ele>
</trkpt>
<trkpt lat="35.9266199916601" lon="135.99855992943">
<ele>7</ele>
</trkpt>
<trkpt lat="35.9262899961323" lon="135.998549954966">
<ele>7</ele>
</trkpt>
<trkpt lat="35.9258699789643" lon="135.998539980501">
<ele>8</ele>
</trkpt>
<trkpt lat="35.9255099762231" lon="135.998489940539">
<ele>9</ele>
</trkpt>
<trkpt lat="35.9252199623734" lon="135.998419951648">
<ele>9</ele>
</trkpt>
<trkpt lat="35.9247899707407" lon="135.998279973865">
<ele>9</ele>
</trkpt>
<trkpt lat="35.9244999568909" lon="135.998129937798">
<ele>9</ele>
</trkpt>
<trkpt lat="35.924359979108" lon="135.998009992763">
<ele>9</ele>
</trkpt>
<trkpt lat="35.923989918083" lon="135.997769935057">
<ele>9</ele>
</trkpt>
<trkpt lat="35.9237899258733" lon="135.997649990022">
<ele>9</ele>
</trkpt>
<trkpt lat="35.923709962517" lon="135.997629957274">
<ele>9</ele>
</trkpt>
<trkpt lat="35.923619940877" lon="135.997629957274">
<ele>9</ele>
</trkpt>
<trkpt lat="35.9235299192369" lon="135.997669938952">
<ele>9</ele>
</trkpt>
<trkpt lat="35.9234499558806" lon="135.997729953378">
<ele>9</ele>
</trkpt>
<trkpt lat="35.9232599381357" lon="135.997819975019">
<ele>9</ele>
</trkpt>
<trkpt lat="35.9230799786747" lon="135.997859956697">
<ele>10</ele>
</trkpt>
<trkpt lat="35.9228099975735" lon="135.997879989445">
<ele>12</ele>
</trkpt>
<trkpt lat="35.9228099975735" lon="135.998049974442">
<ele>13</ele>
</trkpt>
<trkpt lat="35.9227699320763" lon="135.998219959438">
<ele>15</ele>
</trkpt>
<trkpt lat="35.922739924863" lon="135.9982699994">
<ele>15</ele>
</trkpt>
<trkpt lat="35.9225699398667" lon="135.998409977183">
<ele>17</ele>
</trkpt>
<trkpt lat="35.9224599692971" lon="135.998429926112">
<ele>18</ele>
</trkpt>
<trkpt lat="35.9223899804056" lon="135.998419951648">
<ele>18</ele>
</trkpt>
<trkpt lat="35.9222499188036" lon="135.998349962756">
<ele>19</ele>
</trkpt>
<trkpt lat="35.9221699554473" lon="135.998329930007">
<ele>20</ele>
</trkpt>
<trkpt lat="35.9221299737692" lon="135.998359937221">
<ele>20</ele>
</trkpt>
<trkpt lat="35.9221099410206" lon="135.998419951648">
<ele>20</ele>
</trkpt>
<trkpt lat="35.9221299737692" lon="135.998519947752">
<ele>21</ele>
</trkpt>
<trkpt lat="35.9221499226987" lon="135.998569987714">
<ele>21</ele>
</trkpt>
<trkpt lat="35.9221799299121" lon="135.998569987714">
<ele>21</ele>
</trkpt>
<trkpt lat="35.9225299581885" lon="135.998519947752">
<ele>23</ele>
</trkpt>
<trkpt lat="35.9227499831468" lon="135.998409977183">
<ele>26</ele>
</trkpt>
<trkpt lat="35.9228199720383" lon="135.998399918899">
<ele>27</ele>
</trkpt>
<trkpt lat="35.922879986465" lon="135.998439984396">
<ele>28</ele>
</trkpt>
<trkpt lat="35.9229099936783" lon="135.998539980501">
<ele>29</ele>
</trkpt>
<trkpt lat="35.9228899609298" lon="135.998629918322">
<ele>30</ele>
</trkpt>
<trkpt lat="35.9228199720383" lon="135.998669983819">
<ele>31</ele>
</trkpt>
<trkpt lat="35.9223099332303" lon="135.99875992164">
<ele>33</ele>
</trkpt>
<trkpt lat="35.9221899881959" lon="135.998769979924">
<ele>31</ele>
</trkpt>
<trkpt lat="35.9221199993044" lon="135.99875992164">
<ele>30</ele>
</trkpt>
<trkpt lat="35.9220299776644" lon="135.998719939962">
<ele>29</ele>
</trkpt>
<trkpt lat="35.9219199232757" lon="135.998629918322">
<ele>28</ele>
</trkpt>
<trkpt lat="35.9218199271709" lon="135.998509973288">
<ele>27</ele>
</trkpt>
<trkpt lat="35.9217299893498" lon="135.998349962756">
<ele>25</ele>
</trkpt>
<trkpt lat="35.9216799493879" lon="135.998279973865">
<ele>25</ele>
</trkpt>
<trkpt lat="35.9216099604964" lon="135.998239992186">
<ele>26</ele>
</trkpt>
<trkpt lat="35.9214799571782" lon="135.998229933903">
<ele>28</ele>
</trkpt>
<trkpt lat="35.9213799610734" lon="135.998299922794">
<ele>29</ele>
</trkpt>
<trkpt lat="35.9212499577552" lon="135.998439984396">
<ele>31</ele>
</trkpt>
<trkpt lat="35.9211999177933" lon="135.998499998823">
<ele>32</ele>
</trkpt>
<trkpt lat="35.921119954437" lon="135.998549954966">
<ele>33</ele>
</trkpt>
<trkpt lat="35.9210199583322" lon="135.998589936644">
<ele>35</ele>
</trkpt>
<trkpt lat="35.9208999294788" lon="135.998589936644">
<ele>36</ele>
</trkpt>
<trkpt lat="35.9206499811262" lon="135.998579962179">
<ele>38</ele>
</trkpt>
<trkpt lat="35.9205799922347" lon="135.998599994928">
<ele>39</ele>
</trkpt>
<trkpt lat="35.920519977808" lon="135.998669983819">
<ele>40</ele>
</trkpt>
<trkpt lat="35.920379916206" lon="135.998859917745">
<ele>41</ele>
</trkpt>
<trkpt lat="35.9203399345279" lon="135.998889924958">
<ele>42</ele>
</trkpt>
<trkpt lat="35.9202999528497" lon="135.998889924958">
<ele>42</ele>
</trkpt>
<trkpt lat="35.9201199933887" lon="135.998819936067">
<ele>44</ele>
</trkpt>
<trkpt lat="35.9195899218321" lon="135.998629918322">
<ele>48</ele>
</trkpt>
<trkpt lat="35.919409962371" lon="135.998529922217">
<ele>49</ele>
</trkpt>
<trkpt lat="35.9192399773747" lon="135.998379969969">
<ele>51</ele>
</trkpt>
<trkpt lat="35.9191899374127" lon="135.998349962756">
<ele>51</ele>
</trkpt>
<trkpt lat="35.9191199485213" lon="135.998359937221">
<ele>52</ele>
</trkpt>
<trkpt lat="35.9190499596298" lon="135.998449958861">
<ele>52</ele>
</trkpt>
<trkpt lat="35.9190099779516" lon="135.998539980501">
<ele>52</ele>
</trkpt>
<trkpt lat="35.9189799707383" lon="135.998659925535">
<ele>52</ele>
</trkpt>
<trkpt lat="35.9193299990147" lon="135.99875992164">
<ele>52</ele>
</trkpt>
<trkpt lat="35.9199599828571" lon="135.998969972134">
<ele>57</ele>
</trkpt>
<trkpt lat="35.9203399345279" lon="135.999129982665">
<ele>62</ele>
</trkpt>
<trkpt lat="35.9204299561679" lon="135.999159989879">
<ele>63</ele>
</trkpt>
<trkpt lat="35.9204099234194" lon="135.99922997877">
<ele>63</ele>
</trkpt>
<trkpt lat="35.9203699417412" lon="135.999329974875">
<ele>63</ele>
</trkpt>
<trkpt lat="35.920289978385" lon="135.999459978193">
<ele>62</ele>
</trkpt>
<trkpt lat="35.9202199894935" lon="135.999479927123">
<ele>61</ele>
</trkpt>
<trkpt lat="35.9200999606401" lon="135.999399963766">
<ele>60</ele>
</trkpt>
<trkpt lat="35.9198899939656" lon="135.999219920486">
<ele>58</ele>
</trkpt>
<trkpt lat="35.9197099506855" lon="135.999089917168">
<ele>57</ele>
</trkpt>
<trkpt lat="35.9195399656892" lon="135.998989921063">
<ele>58</ele>
</trkpt>
<trkpt lat="35.9193799551576" lon="135.998949939385">
<ele>59</ele>
</trkpt>
<trkpt lat="35.9186099935323" lon="135.998829994351">
<ele>65</ele>
</trkpt>
<trkpt lat="35.9180099330842" lon="135.998709965497">
<ele>69</ele>
</trkpt>
<trkpt lat="35.9172399714589" lon="135.998479966074">
<ele>73</ele>
</trkpt>
<trkpt lat="35.9169899392873" lon="135.998429926112">
<ele>74</ele>
</trkpt>
<trkpt lat="35.9169699903578" lon="135.998539980501">
<ele>75</ele>
</trkpt>
<trkpt lat="35.9170099720359" lon="135.998659925535">
<ele>75</ele>
</trkpt>
<trkpt lat="35.9173899237067" lon="135.998739972711">
<ele>78</ele>
</trkpt>
<trkpt lat="35.9175499342382" lon="135.998829994351">
<ele>80</ele>
</trkpt>
<trkpt lat="35.9175799414515" lon="135.998869976029">
<ele>80</ele>
</trkpt>
<trkpt lat="35.9176199231297" lon="135.998989921063">
<ele>81</ele>
</trkpt>
<trkpt lat="35.9176199231297" lon="135.999019928277">
<ele>81</ele>
</trkpt>
<trkpt lat="35.9175699669868" lon="135.999069968238">
<ele>81</ele>
</trkpt>
<trkpt lat="35.9174699708819" lon="135.999069968238">
<ele>82</ele>
</trkpt>
<trkpt lat="35.917279953137" lon="135.998909957707">
<ele>84</ele>
</trkpt>
<trkpt lat="35.917189931497" lon="135.998869976029">
<ele>85</ele>
</trkpt>
<trkpt lat="35.9170699864626" lon="135.998869976029">
<ele>86</ele>
</trkpt>
<trkpt lat="35.9168599359691" lon="135.998899983242">
<ele>88</ele>
</trkpt>
<trkpt lat="35.9167899470776" lon="135.998929990456">
<ele>88</ele>
</trkpt>
<trkpt lat="35.9166999254376" lon="135.999009953812">
<ele>89</ele>
</trkpt>
<trkpt lat="35.9165199659765" lon="135.99922997877">
<ele>91</ele>
</trkpt>
<trkpt lat="35.9164099954069" lon="135.99933994934">
<ele>92</ele>
</trkpt>
<trkpt lat="35.9163599554449" lon="135.99933994934">
<ele>93</ele>
</trkpt>
<trkpt lat="35.9161299560219" lon="135.999289993197">
<ele>94</ele>
</trkpt>
<trkpt lat="35.9158899821341" lon="135.999239953235">
<ele>96</ele>
</trkpt>
<trkpt lat="35.915799960494" lon="135.9992499277">
<ele>97</ele>
</trkpt>
<trkpt lat="35.9156599827111" lon="135.999319916591">
<ele>99</ele>
</trkpt>
<trkpt lat="35.9154199250042" lon="135.99942997098">
<ele>103</ele>
</trkpt>
<trkpt lat="35.9150099661201" lon="135.999549999833">
<ele>109</ele>
</trkpt>
<trkpt lat="35.9148399811238" lon="135.999599955976">
<ele>110</ele>
</trkpt>
<trkpt lat="35.914689945057" lon="135.999599955976">
<ele>110</ele>
</trkpt>
<trkpt lat="35.9144899528474" lon="135.999589981511">
<ele>110</ele>
</trkpt>
<trkpt lat="35.9144299384207" lon="135.999569948763">
<ele>110</ele>
</trkpt>
<trkpt lat="35.9141299501061" lon="135.999409938231">
<ele>110</ele>
</trkpt>
<trkpt lat="35.9140099212527" lon="135.99933994934">
<ele>110</ele>
</trkpt>
<trkpt lat="35.9139699395746" lon="135.999359982088">
<ele>111</ele>
</trkpt>
<trkpt lat="35.9139399323612" lon="135.999439945444">
<ele>113</ele>
</trkpt>
<trkpt lat="35.9139699395746" lon="135.999499959871">
<ele>114</ele>
</trkpt>
<trkpt lat="35.9140199795365" lon="135.999579923227">
<ele>115</ele>
</trkpt>
<trkpt lat="35.9141199756414" lon="135.999689977616">
<ele>118</ele>
</trkpt>
<trkpt lat="35.9142699278891" lon="135.999819980934">
<ele>122</ele>
</trkpt>
<trkpt lat="35.9144499711692" lon="135.999899944291">
<ele>126</ele>
</trkpt>
<trkpt lat="35.9146199561656" lon="135.999939925969">
<ele>129</ele>
</trkpt>
<trkpt lat="35.9149799589068" lon="136.000009998679">
<ele>130</ele>
</trkpt>
<trkpt lat="35.9152799472213" lon="136.000039922073">
<ele>131</ele>
</trkpt>
<trkpt lat="35.9155199211091" lon="136.000029947609">
<ele>132</ele>
</trkpt>
<trkpt lat="35.9156799316406" lon="136.000019973144">
<ele>133</ele>
</trkpt>
<trkpt lat="35.9162399265915" lon="136.000069929287">
<ele>137</ele>
</trkpt>
<trkpt lat="35.9164099954069" lon="136.0000999365">
<ele>138</ele>
</trkpt>
<trkpt lat="35.9165799804032" lon="136.000149976462">
<ele>140</ele>
</trkpt>
<trkpt lat="35.9167699981481" lon="136.000239998102">
<ele>142</ele>
</trkpt>
<trkpt lat="35.9170399792492" lon="136.00047997199">
<ele>145</ele>
</trkpt>
<trkpt lat="35.9171499498188" lon="136.000579968095">
<ele>147</ele>
</trkpt>
<trkpt lat="35.9172399714589" lon="136.00058994256">
<ele>148</ele>
</trkpt>
<trkpt lat="35.9173899237067" lon="136.000529928133">
<ele>149</ele>
</trkpt>
<trkpt lat="35.9174999780953" lon="136.000509979203">
<ele>150</ele>
</trkpt>
<trkpt lat="35.9177099447697" lon="136.000519953668">
<ele>151</ele>
</trkpt>
<trkpt lat="35.9179399441928" lon="136.000529928133">
<ele>153</ele>
</trkpt>
<trkpt lat="35.9181899763644" lon="136.00058994256">
<ele>154</ele>
</trkpt>
<trkpt lat="35.9182899724692" lon="136.000639982522">
<ele>155</ele>
</trkpt>
<trkpt lat="35.9183999430388" lon="136.000739978626">
<ele>156</ele>
</trkpt>
<trkpt lat="35.9185499791056" lon="136.000809967518">
<ele>157</ele>
</trkpt>
<trkpt lat="35.9186799824238" lon="136.000839974731">
<ele>158</ele>
</trkpt>
<trkpt lat="35.9187799785286" lon="136.000879956409">
<ele>158</ele>
</trkpt>
<trkpt lat="35.9189799707383" lon="136.001019934192">
<ele>160</ele>
</trkpt>
<trkpt lat="35.919269984588" lon="136.001199977472">
<ele>163</ele>
</trkpt>
<trkpt lat="35.9196199290454" lon="136.001419918612">
<ele>168</ele>
</trkpt>
<trkpt lat="35.9197299834341" lon="136.001489991322">
<ele>169</ele>
</trkpt>
<trkpt lat="35.9199399501085" lon="136.001509940252">
<ele>171</ele>
</trkpt>
<trkpt lat="35.9199599828571" lon="136.001559980214">
<ele>171</ele>
</trkpt>
<trkpt lat="35.9199099428952" lon="136.00163994357">
<ele>171</ele>
</trkpt>
<trkpt lat="35.919869961217" lon="136.001669950783">
<ele>171</ele>
</trkpt>
<trkpt lat="35.9197899978608" lon="136.001709932461">
<ele>171</ele>
</trkpt>
<trkpt lat="35.9196899179369" lon="136.001659976318">
<ele>171</ele>
</trkpt>
<trkpt lat="35.9195899218321" lon="136.001589987427">
<ele>170</ele>
</trkpt>
<trkpt lat="35.9194599185139" lon="136.001479933038">
<ele>170</ele>
</trkpt>
<trkpt lat="35.9192399773747" lon="136.001309948042">
<ele>170</ele>
</trkpt>
<trkpt lat="35.9189999196678" lon="136.001229984686">
<ele>169</ele>
</trkpt>
<trkpt lat="35.9187999274582" lon="136.001139963046">
<ele>168</ele>
</trkpt>
<trkpt lat="35.91866992414" lon="136.001069974154">
<ele>168</ele>
</trkpt>
<trkpt lat="35.9186099935323" lon="136.001059999689">
<ele>168</ele>
</trkpt>
<trkpt lat="35.9184799902141" lon="136.001089923084">
<ele>167</ele>
</trkpt>
<trkpt lat="35.9184099175036" lon="136.001099981368">
<ele>167</ele>
</trkpt>
<trkpt lat="35.9183499868959" lon="136.001079948619">
<ele>167</ele>
</trkpt>
<trkpt lat="35.918299946934" lon="136.001009959728">
<ele>167</ele>
</trkpt>
<trkpt lat="35.9182399325073" lon="136.000869981945">
<ele>171</ele>
</trkpt>
<trkpt lat="35.9181899763644" lon="136.000839974731">
<ele>172</ele>
</trkpt>
<trkpt lat="35.9180799219757" lon="136.000809967518">
<ele>175</ele>
</trkpt>
<trkpt lat="35.9178399480879" lon="136.000789934769">
<ele>182</ele>
</trkpt>
<trkpt lat="35.9176899958402" lon="136.000819941983">
<ele>187</ele>
</trkpt>
<trkpt lat="35.9176099486649" lon="136.000849949196">
<ele>189</ele>
</trkpt>
<trkpt lat="35.9175199270248" lon="136.000949945301">
<ele>193</ele>
</trkpt>
<trkpt lat="35.9174999780953" lon="136.001039966941">
<ele>194</ele>
</trkpt>
<trkpt lat="35.9174599964172" lon="136.001379936934">
<ele>195</ele>
</trkpt>
<trkpt lat="35.9173799492419" lon="136.001509940252">
<ele>195</ele>
</trkpt>
<trkpt lat="35.9172999858856" lon="136.001569954678">
<ele>196</ele>
</trkpt>
<trkpt lat="35.9172099642456" lon="136.001569954678">
<ele>196</ele>
</trkpt>
<trkpt lat="35.9171599242836" lon="136.00154992193">
<ele>196</ele>
</trkpt>
<trkpt lat="35.9170599281788" lon="136.001459984109">
<ele>197</ele>
</trkpt>
<trkpt lat="35.9168099798262" lon="136.001199977472">
<ele>199</ele>
</trkpt>
<trkpt lat="35.9166599437594" lon="136.001009959728">
<ele>200</ele>
</trkpt>
<trkpt lat="35.916589954868" lon="136.000989926979">
<ele>200</ele>
</trkpt>
<trkpt lat="35.9165099915117" lon="136.001009959728">
<ele>201</ele>
</trkpt>
<trkpt lat="35.9163999371231" lon="136.001069974154">
<ele>201</ele>
</trkpt>
<trkpt lat="35.915939938277" lon="136.001209951937">
<ele>205</ele>
</trkpt>
<trkpt lat="35.9151599183679" lon="136.001309948042">
<ele>213</ele>
</trkpt>
<trkpt lat="35.9148799628019" lon="136.001389995217">
<ele>216</ele>
</trkpt>
<trkpt lat="35.914739985019" lon="136.001379936934">
<ele>217</ele>
</trkpt>
<trkpt lat="35.9146299306303" lon="136.001389995217">
<ele>218</ele>
</trkpt>
<trkpt lat="35.9145299345255" lon="136.001459984109">
<ele>219</ele>
</trkpt>
<trkpt lat="35.9143099933863" lon="136.00161999464">
<ele>222</ele>
</trkpt>
<trkpt lat="35.9142599534243" lon="136.001679925248">
<ele>223</ele>
</trkpt>
<trkpt lat="35.9142599534243" lon="136.001749997959">
<ele>223</ele>
</trkpt>
<trkpt lat="35.9142699278891" lon="136.001779921353">
<ele>224</ele>
</trkpt>
<trkpt lat="35.9142999351025" lon="136.001809928566">
<ele>224</ele>
</trkpt>
<trkpt lat="35.9143599495292" lon="136.001809928566">
<ele>225</ele>
</trkpt>
<trkpt lat="35.914459945634" lon="136.00172996521">
<ele>226</ele>
</trkpt>
<trkpt lat="35.9145199600607" lon="136.001669950783">
<ele>227</ele>
</trkpt>
<trkpt lat="35.9146599378437" lon="136.001589987427">
<ele>229</ele>
</trkpt>
<trkpt lat="35.9147599339485" lon="136.001609936357">
<ele>230</ele>
</trkpt>
<trkpt lat="35.9148099739105" lon="136.001629969105">
<ele>231</ele>
</trkpt>
<trkpt lat="35.9149099700153" lon="136.001629969105">
<ele>232</ele>
</trkpt>
<trkpt lat="35.9150199405849" lon="136.001629969105">
<ele>233</ele>
</trkpt>
<trkpt lat="35.9151399694383" lon="136.001629969105">
<ele>235</ele>
</trkpt>
<trkpt lat="35.9152799472213" lon="136.001679925248">
<ele>237</ele>
</trkpt>
<trkpt lat="35.9153199288994" lon="136.001709932461">
<ele>238</ele>
</trkpt>
<trkpt lat="35.9156599827111" lon="136.001849994063">
<ele>244</ele>
</trkpt>
<trkpt lat="35.9161699377" lon="136.001889975742">
<ele>253</ele>
</trkpt>
<trkpt lat="35.916449977085" lon="136.00192995742">
<ele>258</ele>
</trkpt>
<trkpt lat="35.9165499731898" lon="136.001989971846">
<ele>260</ele>
</trkpt>
<trkpt lat="35.916679976508" lon="136.002129949629">
<ele>263</ele>
</trkpt>
<trkpt lat="35.9167899470776" lon="136.002239920199">
<ele>264</ele>
</trkpt>
<trkpt lat="35.9169499576092" lon="136.002329941839">
<ele>262</ele>
</trkpt>
<trkpt lat="35.9171599242836" lon="136.002439996228">
<ele>260</ele>
</trkpt>
<trkpt lat="35.9172899276018" lon="136.002559941262">
<ele>258</ele>
</trkpt>
<trkpt lat="35.9173799492419" lon="136.002629930153">
<ele>257</ele>
</trkpt>
<trkpt lat="35.9174399636686" lon="136.002629930153">
<ele>256</ele>
</trkpt>
<trkpt lat="35.9174799453467" lon="136.00259992294">
<ele>256</ele>
</trkpt>
<trkpt lat="35.9175399597734" lon="136.002489952371">
<ele>255</ele>
</trkpt>
<trkpt lat="35.9176299814135" lon="136.002329941839">
<ele>254</ele>
</trkpt>
<trkpt lat="35.917699970305" lon="136.002299934626">
<ele>254</ele>
</trkpt>
<trkpt lat="35.9179099369794" lon="136.002289960161">
<ele>253</ele>
</trkpt>
<trkpt lat="35.9179999586195" lon="136.002259952947">
<ele>253</ele>
</trkpt>
<trkpt lat="35.9180799219757" lon="136.002259952947">
<ele>253</ele>
</trkpt>
<trkpt lat="35.9183299541473" lon="136.002339916304">
<ele>252</ele>
</trkpt>
<trkpt lat="35.9184999391437" lon="136.002359949052">
<ele>253</ele>
</trkpt>
<trkpt lat="35.9185599535704" lon="136.002429937944">
<ele>253</ele>
</trkpt>
<trkpt lat="35.9186499752104" lon="136.002629930153">
<ele>255</ele>
</trkpt>
<trkpt lat="35.9187699202448" lon="136.00277996622">
<ele>257</ele>
</trkpt>
<trkpt lat="35.9188199602067" lon="136.002849955112">
<ele>258</ele>
</trkpt>
<trkpt lat="35.9188199602067" lon="136.002909969538">
<ele>258</ele>
</trkpt>
<trkpt lat="35.9187499713153" lon="136.003049947321">
<ele>260</ele>
</trkpt>
<trkpt lat="35.9185999352485" lon="136.003219932318">
<ele>262</ele>
</trkpt>
<trkpt lat="35.9184699319303" lon="136.003309953958">
<ele>262</ele>
</trkpt>
<trkpt lat="35.9184499830008" lon="136.003309953958">
<ele>262</ele>
</trkpt>
<trkpt lat="35.9184499830008" lon="136.003279946744">
<ele>262</ele>
</trkpt>
<trkpt lat="35.9184799902141" lon="136.003199983388">
<ele>262</ele>
</trkpt>
<trkpt lat="35.9186399169266" lon="136.003029998392">
<ele>262</ele>
</trkpt>
<trkpt lat="35.9186899568886" lon="136.002909969538">
<ele>262</ele>
</trkpt>
<trkpt lat="35.9186799824238" lon="136.002829922363">
<ele>262</ele>
</trkpt>
<trkpt lat="35.9186199679971" lon="136.002709977329">
<ele>262</ele>
</trkpt>
<trkpt lat="35.9185799863189" lon="136.002669995651">
<ele>262</ele>
</trkpt>
<trkpt lat="35.9184499830008" lon="136.002579974011">
<ele>263</ele>
</trkpt>
<trkpt lat="35.9182299580425" lon="136.002509985119">
<ele>267</ele>
</trkpt>
<trkpt lat="35.9180499985814" lon="136.002519959584">
<ele>270</ele>
</trkpt>
<trkpt lat="35.9178599808365" lon="136.002569999546">
<ele>274</ele>
</trkpt>
<trkpt lat="35.9177999664098" lon="136.002619955689">
<ele>275</ele>
</trkpt>
<trkpt lat="35.9177399519831" lon="136.002749959007">
<ele>277</ele>
</trkpt>
<trkpt lat="35.9176799375564" lon="136.002849955112">
<ele>278</ele>
</trkpt>
<trkpt lat="35.9176199231297" lon="136.002879962325">
<ele>278</ele>
</trkpt>
<trkpt lat="35.9174899198115" lon="136.00286998786">
<ele>278</ele>
</trkpt>
<trkpt lat="35.9171299170703" lon="136.002709977329">
<ele>277</ele>
</trkpt>
<trkpt lat="35.9170199465007" lon="136.002679970115">
<ele>277</ele>
</trkpt>
<trkpt lat="35.9167799726129" lon="136.002629930153">
<ele>277</ele>
</trkpt>
<trkpt lat="35.9166299365461" lon="136.002529934049">
<ele>278</ele>
</trkpt>
<trkpt lat="35.9165199659765" lon="136.002439996228">
<ele>279</ele>
</trkpt>
<trkpt lat="35.9164599515498" lon="136.002429937944">
<ele>279</ele>
</trkpt>
<trkpt lat="35.9163399226964" lon="136.002419963479">
<ele>280</ele>
</trkpt>
<trkpt lat="35.9159099310637" lon="136.002549966797">
<ele>284</ele>
</trkpt>
<trkpt lat="35.9157699532807" lon="136.002629930153">
<ele>286</ele>
</trkpt>
<trkpt lat="35.9156699571759" lon="136.002719951794">
<ele>288</ele>
</trkpt>
<trkpt lat="35.9154399577528" lon="136.003009965643">
<ele>293</ele>
</trkpt>
<trkpt lat="35.9152199327946" lon="136.003319928423">
<ele>297</ele>
</trkpt>
<trkpt lat="35.9150999877602" lon="136.003399975598">
<ele>299</ele>
</trkpt>
<trkpt lat="35.9149399772286" lon="136.003459990025">
<ele>302</ele>
</trkpt>
<trkpt lat="35.9147499594837" lon="136.003509946167">
<ele>304</ele>
</trkpt>
<trkpt lat="35.9146599378437" lon="136.003559986129">
<ele>306</ele>
</trkpt>
<trkpt lat="35.9146299306303" lon="136.003639949486">
<ele>307</ele>
</trkpt>
<trkpt lat="35.9146399889141" lon="136.003729971126">
<ele>308</ele>
</trkpt>
<trkpt lat="35.9146499633789" lon="136.003749920055">
<ele>308</ele>
</trkpt>
<trkpt lat="35.914689945057" lon="136.003809934482">
<ele>309</ele>
</trkpt>
<trkpt lat="35.9147299267352" lon="136.003809934482">
<ele>309</ele>
</trkpt>
<trkpt lat="35.91482992284" lon="136.003769952804">
<ele>311</ele>
</trkpt>
<trkpt lat="35.9154399577528" lon="136.003419924527">
<ele>311</ele>
</trkpt>
<trkpt lat="35.9158399421722" lon="136.003169976175">
<ele>312</ele>
</trkpt>
<trkpt lat="35.9160599671304" lon="136.003039972857">
<ele>312</ele>
</trkpt>
<trkpt lat="35.9161699377" lon="136.003029998392">
<ele>312</ele>
</trkpt>
<trkpt lat="35.9164399188012" lon="136.003119936213">
<ele>312</ele>
</trkpt>
<trkpt lat="35.9166499692947" lon="136.003219932318">
<ele>314</ele>
</trkpt>
<trkpt lat="35.9167099837214" lon="136.00326997228">
<ele>315</ele>
</trkpt>
<trkpt lat="35.9167699981481" lon="136.00335999392">
<ele>316</ele>
</trkpt>
<trkpt lat="35.9168399870396" lon="136.003539953381">
<ele>318</ele>
</trkpt>
<trkpt lat="35.9168699942529" lon="136.003689989448">
<ele>319</ele>
</trkpt>
<trkpt lat="35.9168999176472" lon="136.003879923373">
<ele>321</ele>
</trkpt>
<trkpt lat="35.916909975931" lon="136.004079999402">
<ele>323</ele>
</trkpt>
<trkpt lat="35.9168899431825" lon="136.004309998825">
<ele>326</ele>
</trkpt>
<trkpt lat="35.9168299287558" lon="136.004629936069">
<ele>329</ele>
</trkpt>
<trkpt lat="35.9166899509728" lon="136.004879968241">
<ele>333</ele>
</trkpt>
<trkpt lat="35.9166299365461" lon="136.004939982668">
<ele>334</ele>
</trkpt>
<trkpt lat="35.9165099915117" lon="136.005029920489">
<ele>336</ele>
</trkpt>
<trkpt lat="35.9162899665534" lon="136.005139974877">
<ele>338</ele>
</trkpt>
<trkpt lat="35.9161699377" lon="136.005199989304">
<ele>338</ele>
</trkpt>
<trkpt lat="35.916079999879" lon="136.00527995266">
<ele>338</ele>
</trkpt>
<trkpt lat="35.9159799199551" lon="136.00545999594">
<ele>339</ele>
</trkpt>
<trkpt lat="35.9159499965608" lon="136.005789991468">
<ele>339</ele>
</trkpt>
<trkpt lat="35.9159299638122" lon="136.006049998105">
<ele>342</ele>
</trkpt>
<trkpt lat="35.9158399421722" lon="136.006359960884">
<ele>348</ele>
</trkpt>
<trkpt lat="35.9157399460673" lon="136.00661996752">
<ele>354</ele>
</trkpt>
<trkpt lat="35.915709938854" lon="136.006849966943">
<ele>358</ele>
</trkpt>
<trkpt lat="35.9158199932426" lon="136.007719924673">
<ele>395</ele>
</trkpt>
<trkpt lat="35.9158299677074" lon="136.007939949632">
<ele>405</ele>
</trkpt>
<trkpt lat="35.9158099349588" lon="136.008149916306">
<ele>415</ele>
</trkpt>
<trkpt lat="35.9157599788159" lon="136.0083599668">
<ele>425</ele>
</trkpt>
<trkpt lat="35.9156799316406" lon="136.008569933474">
<ele>435</ele>
</trkpt>
<trkpt lat="35.915429983288" lon="136.009139986709">
<ele>464</ele>
</trkpt>
<trkpt lat="35.9148099739105" lon="136.010499950498">
<ele>461</ele>
</trkpt>
<trkpt lat="35.9142499789596" lon="136.011779950932">
<ele>405</ele>
</trkpt>
<trkpt lat="35.9141299501061" lon="136.012069964781">
<ele>394</ele>
</trkpt>
<trkpt lat="35.9140699356794" lon="136.012279931456">
<ele>386</ele>
</trkpt>
<trkpt lat="35.9140199795365" lon="136.012529963627">
<ele>380</ele>
</trkpt>
<trkpt lat="35.913999946788" lon="136.01286993362">
<ele>373</ele>
</trkpt>
<trkpt lat="35.9140799939632" lon="136.013209987432">
<ele>365</ele>
</trkpt>
<trkpt lat="35.9141799900681" lon="136.013549957424">
<ele>358</ele>
</trkpt>
<trkpt lat="35.9142399206758" lon="136.013679960743">
<ele>357</ele>
</trkpt>
<trkpt lat="35.9143899567425" lon="136.013939967379">
<ele>354</ele>
</trkpt>
<trkpt lat="35.9144499711692" lon="136.013999981806">
<ele>353</ele>
</trkpt>
<trkpt lat="35.9145199600607" lon="136.01400995627">
<ele>352</ele>
</trkpt>
<trkpt lat="35.914599923417" lon="136.01400995627">
<ele>351</ele>
</trkpt>
<trkpt lat="35.9146299306303" lon="136.013999981806">
<ele>351</ele>
</trkpt>
<trkpt lat="35.9146699961275" lon="136.014029989019">
<ele>350</ele>
</trkpt>
<trkpt lat="35.9147099778056" lon="136.014149934053">
<ele>349</ele>
</trkpt>
<trkpt lat="35.914689945057" lon="136.014249930158">
<ele>348</ele>
</trkpt>
<trkpt lat="35.9146499633789" lon="136.01429997012">
<ele>348</ele>
</trkpt>
<trkpt lat="35.9145799744874" lon="136.014339951798">
<ele>347</ele>
</trkpt>
<trkpt lat="35.9144199639559" lon="136.014339951798">
<ele>346</ele>
</trkpt>
<trkpt lat="35.914319967851" lon="136.014399966225">
<ele>345</ele>
</trkpt>
<trkpt lat="35.9142099972814" lon="136.014569951221">
<ele>344</ele>
</trkpt>
<trkpt lat="35.9141199756414" lon="136.014859965071">
<ele>342</ele>
</trkpt>
<trkpt lat="35.9140799939632" lon="136.015299931169">
<ele>338</ele>
</trkpt>
<trkpt lat="35.9140299540013" lon="136.015519956127">
<ele>336</ele>
</trkpt>
<trkpt lat="35.9139699395746" lon="136.015699999407">
<ele>334</ele>
</trkpt>
<trkpt lat="35.9138699434698" lon="136.015959922224">
<ele>331</ele>
</trkpt>
<trkpt lat="35.9138699434698" lon="136.01612999104">
<ele>330</ele>
</trkpt>
<trkpt lat="35.9138399362564" lon="136.016339957714">
<ele>328</ele>
</trkpt>
<trkpt lat="35.9137499984354" lon="136.016759974882">
<ele>324</ele>
</trkpt>
<trkpt lat="35.9136999584734" lon="136.017029955983">
<ele>321</ele>
</trkpt>
<trkpt lat="35.913719991222" lon="136.017149984837">
<ele>320</ele>
</trkpt>
<trkpt lat="35.9137899801135" lon="136.017269929871">
<ele>319</ele>
</trkpt>
<trkpt lat="35.913859969005" lon="136.017399933189">
<ele>318</ele>
</trkpt>
<trkpt lat="35.9141299501061" lon="136.017699921504">
<ele>316</ele>
</trkpt>
<trkpt lat="35.9145599417388" lon="136.018129996955">
<ele>314</ele>
</trkpt>
<trkpt lat="35.9147899411619" lon="136.01853995584">
<ele>311</ele>
</trkpt>
<trkpt lat="35.9149799589068" lon="136.018989980221">
<ele>309</ele>
</trkpt>
<trkpt lat="35.9151699766517" lon="136.019259961322">
<ele>304</ele>
</trkpt>
<trkpt lat="35.9153599943966" lon="136.019449979067">
<ele>299</ele>
</trkpt>
<trkpt lat="35.9154999721795" lon="136.019599931315">
<ele>296</ele>
</trkpt>
<trkpt lat="35.9155799355358" lon="136.019769916311">
<ele>294</ele>
</trkpt>
<trkpt lat="35.9155899938196" lon="136.020069988444">
<ele>292</ele>
</trkpt>
<trkpt lat="35.9155899938196" lon="136.020539961755">
<ele>288</ele>
</trkpt>
<trkpt lat="35.9155399538577" lon="136.020719921216">
<ele>287</ele>
</trkpt>
<trkpt lat="35.9155399538577" lon="136.020899964496">
<ele>286</ele>
</trkpt>
<trkpt lat="35.9156299754977" lon="136.021029967815">
<ele>285</ele>
</trkpt>
<trkpt lat="35.9157799277455" lon="136.021299948916">
<ele>283</ele>
</trkpt>
<trkpt lat="35.9159199893475" lon="136.021579988301">
<ele>281</ele>
</trkpt>
<trkpt lat="35.915939938277" lon="136.021709991619">
<ele>281</ele>
</trkpt>
<trkpt lat="35.9160199854523" lon="136.022029928863">
<ele>278</ele>
</trkpt>
<trkpt lat="35.9161699377" lon="136.022289935499">
<ele>274</ele>
</trkpt>
<trkpt lat="35.9163299482316" lon="136.022479953244">
<ele>270</ele>
</trkpt>
<trkpt lat="35.9165799804032" lon="136.022679945454">
<ele>265</ele>
</trkpt>
<trkpt lat="35.9167099837214" lon="136.022839955986">
<ele>262</ele>
</trkpt>
<trkpt lat="35.9168299287558" lon="136.022969959304">
<ele>260</ele>
</trkpt>
<trkpt lat="35.9170099720359" lon="136.023099962622">
<ele>257</ele>
</trkpt>
<trkpt lat="35.9171399753541" lon="136.023239940405">
<ele>254</ele>
</trkpt>
<trkpt lat="35.9173099603504" lon="136.023479998112">
<ele>250</ele>
</trkpt>
<trkpt lat="35.9173399675637" lon="136.023569935933">
<ele>249</ele>
</trkpt>
<trkpt lat="35.9173399675637" lon="136.023729946464">
<ele>247</ele>
</trkpt>
<trkpt lat="35.9173599164933" lon="136.023939996958">
<ele>245</ele>
</trkpt>
<trkpt lat="35.91741993092" lon="136.024049967527">
<ele>243</ele>
</trkpt>
<trkpt lat="35.9175499342382" lon="136.024199919775">
<ele>240</ele>
</trkpt>
<trkpt lat="35.9178399480879" lon="136.024419944733">
<ele>235</ele>
</trkpt>
<trkpt lat="35.9179199952632" lon="136.02447995916">
<ele>235</ele>
</trkpt>
<trkpt lat="35.9179999586195" lon="136.0245699808">
<ele>234</ele>
</trkpt>
<trkpt lat="35.9180899802595" lon="136.024759998545">
<ele>233</ele>
</trkpt>
<trkpt lat="35.9182899724692" lon="136.025449996814">
<ele>231</ele>
</trkpt>
<trkpt lat="35.9185099974275" lon="136.026119962335">
<ele>231</ele>
</trkpt>
<trkpt lat="35.9187099896371" lon="136.026849942282">
<ele>228</ele>
</trkpt>
<trkpt lat="35.9187499713153" lon="136.0269799456">
<ele>227</ele>
</trkpt>
<trkpt lat="35.9188199602067" lon="136.027079941705">
<ele>226</ele>
</trkpt>
<trkpt lat="35.9189899452031" lon="136.027259984985">
<ele>224</ele>
</trkpt>
<trkpt lat="35.9194499440491" lon="136.027859961614">
<ele>219</ele>
</trkpt>
<trkpt lat="35.9196999762207" lon="136.028159949929">
<ele>217</ele>
</trkpt>
<trkpt lat="35.9197999723256" lon="136.028289953247">
<ele>217</ele>
</trkpt>
<trkpt lat="35.9198799356818" lon="136.028439989313">
<ele>217</ele>
</trkpt>
<trkpt lat="35.9199599828571" lon="136.02869999595">
<ele>219</ele>
</trkpt>
<trkpt lat="35.9200499206781" lon="136.029259990901">
<ele>221</ele>
</trkpt>
<trkpt lat="35.9201199933887" lon="136.029889974743">
<ele>221</ele>
</trkpt>
<trkpt lat="35.9201699495316" lon="136.030059959739">
<ele>221</ele>
</trkpt>
<trkpt lat="35.9202499967068" lon="136.030449969694">
<ele>221</ele>
</trkpt>
<trkpt lat="35.9204799961299" lon="136.031229989603">
<ele>213</ele>
</trkpt>
<trkpt lat="35.9204799961299" lon="136.031369967386">
<ele>212</ele>
</trkpt>
<trkpt lat="35.9204399306327" lon="136.031579934061">
<ele>210</ele>
</trkpt>
<trkpt lat="35.9203699417412" lon="136.032009925693">
<ele>208</ele>
</trkpt>
<trkpt lat="35.9203299600631" lon="136.032929923385">
<ele>204</ele>
</trkpt>
<trkpt lat="35.9203399345279" lon="136.033149948344">
<ele>202</ele>
</trkpt>
<trkpt lat="35.9203899744898" lon="136.03331993334">
<ele>202</ele>
</trkpt>
<trkpt lat="35.9208999294788" lon="136.034259963781">
<ele>194</ele>
</trkpt>
<trkpt lat="35.9210899472237" lon="136.03463999927">
<ele>191</ele>
</trkpt>
<trkpt lat="35.9210999216884" lon="136.03476991877">
<ele>190</ele>
</trkpt>
<trkpt lat="35.9210799727589" lon="136.03485994041">
<ele>189</ele>
</trkpt>
<trkpt lat="35.9209599439055" lon="136.034989943728">
<ele>187</ele>
</trkpt>
<trkpt lat="35.9208199661225" lon="136.035099998116">
<ele>186</ele>
</trkpt>
<trkpt lat="35.9207199700177" lon="136.035209968686">
<ele>184</ele>
</trkpt>
<trkpt lat="35.9206299483776" lon="136.035349946469">
<ele>183</ele>
</trkpt>
<trkpt lat="35.9203899744898" lon="136.035839952528">
<ele>180</ele>
</trkpt>
<trkpt lat="35.9203499928117" lon="136.035949923098">
<ele>180</ele>
</trkpt>
<trkpt lat="35.9203299600631" lon="136.036069951952">
<ele>181</ele>
</trkpt>
<trkpt lat="35.9203299600631" lon="136.036139940843">
<ele>181</ele>
</trkpt>
<trkpt lat="35.9203699417412" lon="136.03628997691">
<ele>181</ele>
</trkpt>
<trkpt lat="35.9205099195242" lon="136.036459961906">
<ele>182</ele>
</trkpt>
<trkpt lat="35.9206899628043" lon="136.036619972438">
<ele>182</ele>
</trkpt>
<trkpt lat="35.9209799766541" lon="136.036939993501">
<ele>179</ele>
</trkpt>
<trkpt lat="35.9210499655455" lon="136.03713998571">
<ele>177</ele>
</trkpt>
<trkpt lat="35.9210799727589" lon="136.037329919636">
<ele>175</ele>
</trkpt>
<trkpt lat="35.9210799727589" lon="136.03744994849">
<ele>174</ele>
</trkpt>
<trkpt lat="35.9210499655455" lon="136.03753997013">
<ele>174</ele>
</trkpt>
<trkpt lat="35.9209499694407" lon="136.037709955126">
<ele>173</ele>
</trkpt>
<trkpt lat="35.9208999294788" lon="136.037829983979">
<ele>172</ele>
</trkpt>
<trkpt lat="35.920889955014" lon="136.037979936227">
<ele>172</ele>
</trkpt>
<trkpt lat="35.9209099877626" lon="136.038049925119">
<ele>172</ele>
</trkpt>
<trkpt lat="35.9209499694407" lon="136.038109939545">
<ele>171</ele>
</trkpt>
<trkpt lat="35.9211799688637" lon="136.038279924542">
<ele>170</ele>
</trkpt>
<trkpt lat="35.9214599244297" lon="136.038459967822">
<ele>169</ele>
</trkpt>
<trkpt lat="35.9215299971402" lon="136.038519982249">
<ele>168</ele>
</trkpt>
<trkpt lat="35.9215699788183" lon="136.038629952818">
<ele>167</ele>
</trkpt>
<trkpt lat="35.9215699788183" lon="136.038899933919">
<ele>166</ele>
</trkpt>
<trkpt lat="35.9215999860317" lon="136.039089951664">
<ele>165</ele>
</trkpt>
<trkpt lat="35.9216899238527" lon="136.039279969409">
<ele>164</ele>
</trkpt>
<trkpt lat="35.9218199271709" lon="136.039499994367">
<ele>162</ele>
</trkpt>
<trkpt lat="35.9220899920911" lon="136.039779949933">
<ele>160</ele>
</trkpt>
<trkpt lat="35.9221899881959" lon="136.039989916608">
<ele>159</ele>
</trkpt>
<trkpt lat="35.9222199954093" lon="136.040199967101">
<ele>158</ele>
</trkpt>
<trkpt lat="35.9221799299121" lon="136.040639933199">
<ele>156</ele>
</trkpt>
<trkpt lat="35.9220899920911" lon="136.041259942576">
<ele>154</ele>
</trkpt>
<trkpt lat="35.9220499265939" lon="136.041629919782">
<ele>155</ele>
</trkpt>
<trkpt lat="35.9221099410206" lon="136.041919933632">
<ele>157</ele>
</trkpt>
<trkpt lat="35.9221799299121" lon="136.042099976912">
<ele>158</ele>
</trkpt>
<trkpt lat="35.9222699515522" lon="136.042209947482">
<ele>159</ele>
</trkpt>
<trkpt lat="35.92250992544" lon="136.042409939691">
<ele>160</ele>
</trkpt>
<trkpt lat="35.9228599537164" lon="136.04262996465">
<ele>154</ele>
</trkpt>
<trkpt lat="35.923709962517" lon="136.043109996244">
<ele>144</ele>
</trkpt>
<trkpt lat="35.9241799358279" lon="136.043409984559">
<ele>140</ele>
</trkpt>
<trkpt lat="35.924309939146" lon="136.043529929593">
<ele>140</ele>
</trkpt>
<trkpt lat="35.9244699496776" lon="136.043699998409">
<ele>139</ele>
</trkpt>
<trkpt lat="35.9246299602091" lon="136.043959921226">
<ele>138</ele>
</trkpt>
<trkpt lat="35.9247699379921" lon="136.044289916754">
<ele>137</ele>
</trkpt>
<trkpt lat="35.9248299524188" lon="136.044529974461">
<ele>137</ele>
</trkpt>
<trkpt lat="35.9249199740589" lon="136.045259954408">
<ele>140</ele>
</trkpt>
<trkpt lat="35.9249999374151" lon="136.045919945464">
<ele>138</ele>
</trkpt>
<trkpt lat="35.9250299446285" lon="136.046419925988">
<ele>136</ele>
</trkpt>
<trkpt lat="35.9252099879086" lon="136.048639956862">
<ele>126</ele>
</trkpt>
<trkpt lat="35.9253099840134" lon="136.049779979512">
<ele>126</ele>
</trkpt>
<trkpt lat="35.9253799729049" lon="136.05030996725">
<ele>126</ele>
</trkpt>
<trkpt lat="35.9255099762231" lon="136.050809947774">
<ele>127</ele>
</trkpt>
<trkpt lat="35.9256199467927" lon="136.051139943302">
<ele>127</ele>
</trkpt>
<trkpt lat="35.9256699867547" lon="136.051119994372">
<ele>127</ele>
</trkpt>
<trkpt lat="35.9261099528521" lon="136.05249999091">
<ele>123</ele>
</trkpt>
<trkpt lat="35.9262799378484" lon="136.053039953113">
<ele>121</ele>
</trkpt>
<trkpt lat="35.9265199955553" lon="136.053619980812">
<ele>117</ele>
</trkpt>
<trkpt lat="35.9266799222678" lon="136.053579999134">
<ele>116</ele>
</trkpt>
<trkpt lat="35.9267399366945" lon="136.053599948063">
<ele>115</ele>
</trkpt>
<trkpt lat="35.9288799203932" lon="136.054889922962">
<ele>119</ele>
</trkpt>
<trkpt lat="35.9289999492466" lon="136.054949937388">
<ele>118</ele>
</trkpt>
<trkpt lat="35.9292499814183" lon="136.05501992628">
<ele>117</ele>
</trkpt>
<trkpt lat="35.9295799769461" lon="136.05508999899">
<ele>116</ele>
</trkpt>
<trkpt lat="35.9296199586242" lon="136.055159987882">
<ele>116</ele>
</trkpt>
<trkpt lat="35.9296699985862" lon="136.05539996177">
<ele>116</ele>
</trkpt>
<trkpt lat="35.9296999219805" lon="136.055539939553">
<ele>117</ele>
</trkpt>
<trkpt lat="35.9297399874777" lon="136.055599953979">
<ele>117</ele>
</trkpt>
<trkpt lat="35.9298499580473" lon="136.055619986728">
<ele>117</ele>
</trkpt>
<trkpt lat="35.9302399680018" lon="136.055659968406">
<ele>119</ele>
</trkpt>
<trkpt lat="35.9306699596345" lon="136.055809920654">
<ele>119</ele>
</trkpt>
<trkpt lat="35.9311999473721" lon="136.055929949507">
<ele>119</ele>
</trkpt>
<trkpt lat="35.9313199762255" lon="136.05595995672">
<ele>119</ele>
</trkpt>
<trkpt lat="35.9313599579036" lon="136.055989963934">
<ele>120</ele>
</trkpt>
<trkpt lat="35.9314499795437" lon="136.05615994893">
<ele>121</ele>
</trkpt>
<trkpt lat="35.9314599540085" lon="136.056259945035">
<ele>122</ele>
</trkpt>
<trkpt lat="35.9314399212599" lon="136.056639980525">
<ele>125</ele>
</trkpt>
<trkpt lat="35.9314299467951" lon="136.056969976053">
<ele>128</ele>
</trkpt>
<trkpt lat="35.9314999356866" lon="136.057159993798">
<ele>128</ele>
</trkpt>
<trkpt lat="35.9316799789667" lon="136.057399967685">
<ele>128</ele>
</trkpt>
<trkpt lat="35.9317399933934" lon="136.057549919933">
<ele>128</ele>
</trkpt>
<trkpt lat="35.9317499678582" lon="136.057659974322">
<ele>128</ele>
</trkpt>
<trkpt lat="35.9317299351096" lon="136.057799952105">
<ele>128</ele>
</trkpt>
<trkpt lat="35.932729979977" lon="136.058239918202">
<ele>128</ele>
</trkpt>
<trkpt lat="35.9329699538648" lon="136.058359947056">
<ele>128</ele>
</trkpt>
<trkpt lat="35.9331299643964" lon="136.058489950374">
<ele>128</ele>
</trkpt>
<trkpt lat="35.9331699460745" lon="136.058559939265">
<ele>128</ele>
</trkpt>
<trkpt lat="35.9332099277526" lon="136.058539990336">
<ele>128</ele>
</trkpt>
<trkpt lat="35.9332799166441" lon="136.058509983122">
<ele>128</ele>
</trkpt>
<trkpt lat="35.9335799887776" lon="136.058439994231">
<ele>128</ele>
</trkpt>
<trkpt lat="35.9336599521339" lon="136.058439994231">
<ele>127</ele>
</trkpt>
<trkpt lat="35.9339499659836" lon="136.058509983122">
<ele>127</ele>
</trkpt>
<trkpt lat="35.9342399798334" lon="136.058579972014">
<ele>127</ele>
</trkpt>
<trkpt lat="35.9345899242908" lon="136.058819945902">
<ele>126</ele>
</trkpt>
<trkpt lat="35.9349199198186" lon="136.059049945325">
<ele>126</ele>
</trkpt>
<trkpt lat="35.9348699636757" lon="136.059139966965">
<ele>125</ele>
</trkpt>
<trkpt lat="35.9351099375635" lon="136.059309951961">
<ele>125</ele>
</trkpt>
<trkpt lat="35.9351699519902" lon="136.059369966388">
<ele>125</ele>
</trkpt>
<trkpt lat="35.9352799225599" lon="136.059519918635">
<ele>124</ele>
</trkpt>
<trkpt lat="35.9354499913752" lon="136.059659980237">
<ele>124</ele>
</trkpt>
<trkpt lat="35.9355199802667" lon="136.059719994664">
<ele>124</ele>
</trkpt>
<trkpt lat="35.9355099219829" lon="136.059759976342">
<ele>124</ele>
</trkpt>
<trkpt lat="35.9355099219829" lon="136.059819990769">
<ele>123</ele>
</trkpt>
<trkpt lat="35.9354999475181" lon="136.059879921377">
<ele>123</ele>
</trkpt>
<trkpt lat="35.9354899730533" lon="136.059899954125">
<ele>123</ele>
</trkpt>
<trkpt lat="35.9355199802667" lon="136.059899954125">
<ele>123</ele>
</trkpt>
<trkpt lat="35.9355239197612" lon="136.05990297161">
<ele>123</ele>
</trkpt>
<trkpt lat="35.9352599736303" lon="136.059946976602">
<ele>123</ele>
</trkpt>
<trkpt lat="35.9351469855756" lon="136.059989975765">
<ele>122</ele>
</trkpt>
<trkpt lat="35.9350299742073" lon="136.059997938573">
<ele>122</ele>
</trkpt>
<trkpt lat="35.9349349234253" lon="136.059972960502">
<ele>122</ele>
</trkpt>
<trkpt lat="35.9347239509225" lon="136.059867935255">
<ele>121</ele>
</trkpt>
<trkpt lat="35.9347029961646" lon="136.0600839369">
<ele>121</ele>
</trkpt>
<trkpt lat="35.934645999223" lon="136.060290969908">
<ele>121</ele>
</trkpt>
<trkpt lat="35.9345009922981" lon="136.0606119968">
<ele>120</ele>
</trkpt>
<trkpt lat="35.9352869633585" lon="136.061112983152">
<ele>119</ele>
</trkpt>
<trkpt lat="35.9356129355729" lon="136.061389921233">
<ele>118</ele>
</trkpt>
<trkpt lat="35.9357879497111" lon="136.061562923715">
<ele>118</ele>
</trkpt>
<trkpt lat="35.9367039240897" lon="136.0627189558">
<ele>110</ele>
</trkpt>
<trkpt lat="35.9370059240609" lon="136.0627189558">
<ele>112</ele>
</trkpt>
<trkpt lat="35.9374749753624" lon="136.062787938863">
<ele>114</ele>
</trkpt>
<trkpt lat="35.9381469525397" lon="136.062743933871">
<ele>100</ele>
</trkpt>
<trkpt lat="35.9387829713523" lon="136.062794979662">
<ele>92</ele>
</trkpt>
<trkpt lat="35.939225954935" lon="136.06286094524">
<ele>88</ele>
</trkpt>
<trkpt lat="35.9393699560314" lon="136.063619926572">
<ele>87</ele>
</trkpt>
<trkpt lat="35.9395619854331" lon="136.064057964832">
<ele>87</ele>
</trkpt>
<trkpt lat="35.939730964601" lon="136.064351918176">
<ele>86</ele>
</trkpt>
<trkpt lat="35.9400059748441" lon="136.064775958657">
<ele>86</ele>
</trkpt>
<trkpt lat="35.9401919692755" lon="136.065023979172">
<ele>85</ele>
</trkpt>
<trkpt lat="35.9413809422404" lon="136.066372962669">
<ele>81</ele>
</trkpt>
<trkpt lat="35.9417529311031" lon="136.066850982606">
<ele>80</ele>
</trkpt>
<trkpt lat="35.9420699346811" lon="136.067368984222">
<ele>80</ele>
</trkpt>
<trkpt lat="35.9423509798944" lon="136.067927973345">
<ele>80</ele>
</trkpt>
<trkpt lat="35.9424859285355" lon="136.068229973316">
<ele>80</ele>
</trkpt>
<trkpt lat="35.9425779618323" lon="136.068522920832">
<ele>80</ele>
</trkpt>
<trkpt lat="35.9426209609956" lon="136.068790974095">
<ele>80</ele>
</trkpt>
<trkpt lat="35.9426439274102" lon="136.069054920226">
<ele>80</ele>
</trkpt>
<trkpt lat="35.9426129981875" lon="136.069538975134">
<ele>80</ele>
</trkpt>
<trkpt lat="35.942542925477" lon="136.069939965382">
<ele>80</ele>
</trkpt>
<trkpt lat="35.9417359996587" lon="136.075644940138">
<ele>73</ele>
</trkpt>
<trkpt lat="35.9416079241782" lon="136.079063918442">
<ele>75</ele>
</trkpt>
<trkpt lat="35.9414939302951" lon="136.079823989421">
<ele>75</ele>
</trkpt>
<trkpt lat="35.9413609933108" lon="136.080354982987">
<ele>75</ele>
</trkpt>
<trkpt lat="35.9404799714684" lon="136.082491949201">
<ele>77</ele>
</trkpt>
<trkpt lat="35.9404049534351" lon="136.082735946402">
<ele>78</ele>
</trkpt>
<trkpt lat="35.9403769578785" lon="136.082960916683">
<ele>79</ele>
</trkpt>
<trkpt lat="35.9403819870204" lon="136.083145989105">
<ele>79</ele>
</trkpt>
<trkpt lat="35.9404519759119" lon="136.083536921069">
<ele>81</ele>
</trkpt>
<trkpt lat="35.9406099747866" lon="136.083840932697">
<ele>84</ele>
</trkpt>
<trkpt lat="35.9409629367292" lon="136.084329932928">
<ele>86</ele>
</trkpt>
<trkpt lat="35.9410679619759" lon="136.084498995915">
<ele>86</ele>
</trkpt>
<trkpt lat="35.9411429800093" lon="136.084671998397">
<ele>86</ele>
</trkpt>
<trkpt lat="35.9412659425288" lon="136.085072988644">
<ele>85</ele>
</trkpt>
<trkpt lat="35.9413049183786" lon="136.085444977507">
<ele>85</ele>
</trkpt>
<trkpt lat="35.9412989672273" lon="136.085701966658">
<ele>85</ele>
</trkpt>
<trkpt lat="35.9412739891559" lon="136.085920985788">
<ele>85</ele>
</trkpt>
<trkpt lat="35.9408119786531" lon="136.087531987578">
<ele>85</ele>
</trkpt>
<trkpt lat="35.94049195759" lon="136.088553993031">
<ele>85</ele>
</trkpt>
<trkpt lat="35.9403239842504" lon="136.089170984924">
<ele>85</ele>
</trkpt>
<trkpt lat="35.9400669950992" lon="136.0907519795">
<ele>89</ele>
</trkpt>
<trkpt lat="35.9398969262838" lon="136.091604921967">
<ele>92</ele>
</trkpt>
<trkpt lat="35.939817968756" lon="136.091929972172">
<ele>93</ele>
</trkpt>
<trkpt lat="35.9395919926465" lon="136.092355940491">
<ele>96</ele>
</trkpt>
<trkpt lat="35.9394529368728" lon="136.092563979328">
<ele>97</ele>
</trkpt>
<trkpt lat="35.9392329957336" lon="136.092811999843">
<ele>98</ele>
</trkpt>
<trkpt lat="35.9388319216669" lon="136.093164961785">
<ele>100</ele>
</trkpt>
<trkpt lat="35.9385259822011" lon="136.093501998112">
<ele>101</ele>
</trkpt>
<trkpt lat="35.9384079650044" lon="136.093696961179">
<ele>101</ele>
</trkpt>
<trkpt lat="35.9383009281009" lon="136.093928972259">
<ele>100</ele>
</trkpt>
<trkpt lat="35.9382289275527" lon="136.094222925603">
<ele>99</ele>
</trkpt>
<trkpt lat="35.9381999261677" lon="136.094447979704">
<ele>98</ele>
</trkpt>
<trkpt lat="35.9382179472595" lon="136.096503976732">
<ele>98</ele>
</trkpt>
<trkpt lat="35.938250971958" lon="136.097358930856">
<ele>100</ele>
</trkpt>
<trkpt lat="35.9382419195026" lon="136.098317988217">
<ele>101</ele>
</trkpt>
<trkpt lat="35.9382159356028" lon="136.098648989573">
<ele>101</ele>
</trkpt>
<trkpt lat="35.9382019378245" lon="136.100039966404">
<ele>101</ele>
</trkpt>
<trkpt lat="35.9382439311594" lon="136.100367950276">
<ele>102</ele>
</trkpt>
<trkpt lat="35.9383259899914" lon="136.101387944072">
<ele>97</ele>
</trkpt>
<trkpt lat="35.938316937536" lon="136.101642921567">
<ele>95</ele>
</trkpt>
<trkpt lat="35.9382949769497" lon="136.101815924048">
<ele>94</ele>
</trkpt>
<trkpt lat="35.9376029670238" lon="136.103697996587">
<ele>90</ele>
</trkpt>
<trkpt lat="35.9375459700823" lon="136.103988932446">
<ele>89</ele>
</trkpt>
<trkpt lat="35.9375389292836" lon="136.104244999588">
<ele>87</ele>
</trkpt>
<trkpt lat="35.9375969320536" lon="136.104599973187">
<ele>85</ele>
</trkpt>
<trkpt lat="35.9379989281297" lon="136.106096981093">
<ele>80</ele>
</trkpt>
<trkpt lat="35.9380489680916" lon="136.106499982998">
<ele>80</ele>
</trkpt>
<trkpt lat="35.9380469564348" lon="136.106913965195">
<ele>80</ele>
</trkpt>
<trkpt lat="35.9380099922419" lon="136.107227951288">
<ele>80</ele>
</trkpt>
<trkpt lat="35.9374329820275" lon="136.10968192108">
<ele>62</ele>
</trkpt>
<trkpt lat="35.9374029748142" lon="136.109920972958">
<ele>59</ele>
</trkpt>
<trkpt lat="35.9373989515007" lon="136.110329926014">
<ele>55</ele>
</trkpt>
<trkpt lat="35.9375649970025" lon="136.112796971574">
<ele>45</ele>
</trkpt>
<trkpt lat="35.9376549348235" lon="136.113878991455">
<ele>42</ele>
</trkpt>
<trkpt lat="35.9380139317364" lon="136.113868933171">
<ele>42</ele>
</trkpt>
<trkpt lat="35.9394839499146" lon="136.113997930661">
<ele>40</ele>
</trkpt>
<trkpt lat="35.940425992012" lon="136.114100944251">
<ele>39</ele>
</trkpt>
<trkpt lat="35.9408969711512" lon="136.114074960351">
<ele>39</ele>
</trkpt>
<trkpt lat="35.9431229531765" lon="136.113657960668">
<ele>36</ele>
</trkpt>
<trkpt lat="35.943541964516" lon="136.113458974287">
<ele>38</ele>
</trkpt>
<trkpt lat="35.944413933903" lon="136.11285799183">
<ele>48</ele>
</trkpt>
<trkpt lat="35.9448479488492" lon="136.112516932189">
<ele>51</ele>
</trkpt>
<trkpt lat="35.9451649524271" lon="136.112386928871">
<ele>52</ele>
</trkpt>
<trkpt lat="35.94547893852" lon="136.112395981327">
<ele>51</ele>
</trkpt>
<trkpt lat="35.945663927123" lon="136.112457923591">
<ele>50</ele>
</trkpt>
<trkpt lat="35.9458449762315" lon="136.112578958273">
<ele>49</ele>
</trkpt>
<trkpt lat="35.9469759464264" lon="136.113506918773">
<ele>43</ele>
</trkpt>
<trkpt lat="35.9495679661632" lon="136.115268962458">
<ele>27</ele>
</trkpt>
<trkpt lat="35.9496799483895" lon="136.115394942462">
<ele>27</ele>
</trkpt>
<trkpt lat="35.9498989675194" lon="136.115803979337">
<ele>25</ele>
</trkpt>
<trkpt lat="35.9499409608543" lon="136.116067925468">
<ele>24</ele>
</trkpt>
<trkpt lat="35.9499479178339" lon="136.116263978183">
<ele>24</ele>
</trkpt>
<trkpt lat="35.9499769192189" lon="136.116449972615">
<ele>23</ele>
</trkpt>
<trkpt lat="35.9501249436289" lon="136.116852974519">
<ele>22</ele>
</trkpt>
<trkpt lat="35.9502819366753" lon="136.117131924257">
<ele>22</ele>
</trkpt>
<trkpt lat="35.9506999421865" lon="136.117571974173">
<ele>22</ele>
</trkpt>
<trkpt lat="35.951488930732" lon="136.118280999362">
<ele>22</ele>
</trkpt>
<trkpt lat="35.9519969578832" lon="136.118783997372">
<ele>21</ele>
</trkpt>
<trkpt lat="35.9536229632795" lon="136.12027396448">
<ele>20</ele>
</trkpt>
<trkpt lat="35.9545999579132" lon="136.121262945235">
<ele>19</ele>
</trkpt>
<trkpt lat="35.9549709409475" lon="136.121710957959">
<ele>19</ele>
</trkpt>
<trkpt lat="35.9553009364754" lon="136.121868956834">
<ele>19</ele>
</trkpt>
<trkpt lat="35.9559199400246" lon="136.122229965404">
<ele>22</ele>
</trkpt>
<trkpt lat="35.959657933563" lon="136.124025955796">
<ele>14</ele>
</trkpt>
<trkpt lat="35.9596089832485" lon="136.124496934935">
<ele>14</ele>
</trkpt>
<trkpt lat="35.9596039541066" lon="136.12496397458">
<ele>14</ele>
</trkpt>
<trkpt lat="35.9595599491149" lon="136.125668976456">
<ele>14</ele>
</trkpt>
<trkpt lat="35.9596399962902" lon="136.12891394645">
<ele>12</ele>
</trkpt>
<trkpt lat="35.9595959912986" lon="136.129393978044">
<ele>14</ele>
</trkpt>
<trkpt lat="35.9595039580017" lon="136.129934946075">
<ele>16</ele>
</trkpt>
<trkpt lat="35.9587959386408" lon="136.129566980526">
<ele>25</ele>
</trkpt>
<trkpt lat="35.9585159830749" lon="136.129844924435">
<ele>25</ele>
</trkpt>
<trkpt lat="35.9586729761213" lon="136.12984794192">
<ele>25</ele>
</trkpt>
<trkpt lat="35.9588929172605" lon="136.129888929427">
<ele>25</ele>
</trkpt>
<trkpt lat="35.9590279497206" lon="136.129957996309">
<ele>25</ele>
</trkpt>
<trkpt lat="35.9591009560972" lon="136.1300279852">
<ele>25</ele>
</trkpt>
<trkpt lat="35.9591469727457" lon="136.130096968263">
<ele>25</ele>
</trkpt>
<trkpt lat="35.9593159519136" lon="136.130498964339">
<ele>25</ele>
</trkpt>
<trkpt lat="35.9595619607717" lon="136.130858967081">
<ele>25</ele>
</trkpt>
<trkpt lat="35.9596359729767" lon="136.13163295202">
<ele>22</ele>
</trkpt>
<trkpt lat="35.9596829954535" lon="136.131861945614">
<ele>20</ele>
</trkpt>
<trkpt lat="35.9604699723423" lon="136.134181972593">
<ele>17</ele>
</trkpt>
<trkpt lat="35.9605309925973" lon="136.134317927063">
<ele>17</ele>
</trkpt>
<trkpt lat="35.9606799390167" lon="136.134524960071">
<ele>19</ele>
</trkpt>
<trkpt lat="35.9612169675529" lon="136.134903989732">
<ele>23</ele>
</trkpt>
<trkpt lat="35.9614089969546" lon="136.135019995272">
<ele>23</ele>
</trkpt>
<trkpt lat="35.9615349769592" lon="136.135047990829">
<ele>22</ele>
</trkpt>
<trkpt lat="35.9617979172617" lon="136.135017983615">
<ele>20</ele>
</trkpt>
<trkpt lat="35.9620679821819" lon="136.135010942817">
<ele>18</ele>
</trkpt>
<trkpt lat="35.9622039366513" lon="136.135039944202">
<ele>17</ele>
</trkpt>
<trkpt lat="35.9624029230326" lon="136.13529894501">
<ele>16</ele>
</trkpt>
<trkpt lat="35.9625109657645" lon="136.135565992445">
<ele>15</ele>
</trkpt>
<trkpt lat="35.9625929407775" lon="136.135964971036">
<ele>14</ele>
</trkpt>
<trkpt lat="35.9625839721411" lon="136.136332936585">
<ele>14</ele>
</trkpt>
<trkpt lat="35.9623069502413" lon="136.137189986184">
<ele>17</ele>
</trkpt>
<trkpt lat="35.9623189363629" lon="136.137373968959">
<ele>17</ele>
</trkpt>
<trkpt lat="35.9623899310827" lon="136.13751495257">
<ele>16</ele>
</trkpt>
<trkpt lat="35.9625309985131" lon="136.137638920918">
<ele>15</ele>
</trkpt>
<trkpt lat="35.9627159871161" lon="136.13771494478">
<ele>14</ele>
</trkpt>
<trkpt lat="35.9629309829324" lon="136.137755932286">
<ele>12</ele>
</trkpt>
<trkpt lat="35.9631089307368" lon="136.137819970027">
<ele>12</ele>
</trkpt>
<trkpt lat="35.9632219187915" lon="136.137906974182">
<ele>12</ele>
</trkpt>
<trkpt lat="35.9632429573685" lon="136.138042928651">
<ele>12</ele>
</trkpt>
<trkpt lat="35.9632269479334" lon="136.138475937769">
<ele>12</ele>
</trkpt>
<trkpt lat="35.963201969862" lon="136.138608958572">
<ele>12</ele>
</trkpt>
<trkpt lat="35.963246980682" lon="136.139252940193">
<ele>13</ele>
</trkpt>
<trkpt lat="35.9632929973304" lon="136.139363916591">
<ele>13</ele>
</trkpt>
<trkpt lat="35.963349994272" lon="136.142540993169">
<ele>12</ele>
</trkpt>
<trkpt lat="35.9632999543101" lon="136.142892949283">
<ele>12</ele>
</trkpt>
<trkpt lat="35.9631669335067" lon="136.143406927586">
<ele>13</ele>
</trkpt>
<trkpt lat="35.9631009679288" lon="136.143933981657">
<ele>13</ele>
</trkpt>
<trkpt lat="35.9630099404603" lon="136.145746987313">
<ele>12</ele>
</trkpt>
<trkpt lat="35.9637669939548" lon="136.145699964836">
<ele>11</ele>
</trkpt>
<trkpt lat="35.9648139774799" lon="136.145665934309">
<ele>11</ele>
</trkpt>
<trkpt lat="35.9654739685357" lon="136.145664928481">
<ele>12</ele>
</trkpt>
<trkpt lat="35.975588997826" lon="136.145235942677">
<ele>8</ele>
</trkpt>
<trkpt lat="35.9775729943067" lon="136.145166959614">
<ele>10</ele>
</trkpt>
<trkpt lat="35.9782449714839" lon="136.14515597932">
<ele>10</ele>
</trkpt>
<trkpt lat="35.9784439578652" lon="136.145179951563">
<ele>10</ele>
</trkpt>
<trkpt lat="35.9786809980869" lon="136.145218927413">
<ele>10</ele>
</trkpt>
<trkpt lat="35.9790629614145" lon="136.145344991237">
<ele>10</ele>
</trkpt>
<trkpt lat="35.9792219661176" lon="136.145429983735">
<ele>10</ele>
</trkpt>
<trkpt lat="35.9796719904989" lon="136.145718991756">
<ele>10</ele>
</trkpt>
<trkpt lat="35.9798839688301" lon="136.145934993401">
<ele>10</ele>
</trkpt>
<trkpt lat="35.9802269563079" lon="136.1463679187">
<ele>10</ele>
</trkpt>
<trkpt lat="35.9804709535092" lon="136.146706966683">
<ele>10</ele>
</trkpt>
<trkpt lat="35.9805199876428" lon="136.14674795419">
<ele>10</ele>
</trkpt>
<trkpt lat="35.9806609712541" lon="136.146980971098">
<ele>10</ele>
</trkpt>
<trkpt lat="35.9811399970204" lon="136.147453961894">
<ele>11</ele>
</trkpt>
<trkpt lat="35.9813519753516" lon="136.147626964375">
<ele>11</ele>
</trkpt>
<trkpt lat="35.9815449267626" lon="136.147751938552">
<ele>11</ele>
</trkpt>
<trkpt lat="35.9816999919713" lon="136.147889988497">
<ele>11</ele>
</trkpt>
<trkpt lat="35.9824379347265" lon="136.14820397459">
<ele>11</ele>
</trkpt>
<trkpt lat="35.9826669283211" lon="136.148263989016">
<ele>11</ele>
</trkpt>
<trkpt lat="35.9829549305141" lon="136.148304976523">
<ele>11</ele>
</trkpt>
<trkpt lat="35.9834959823638" lon="136.14833297208">
<ele>11</ele>
</trkpt>
<trkpt lat="35.98747394979" lon="136.14811395295">
<ele>10</ele>
</trkpt>
<trkpt lat="35.9903949592263" lon="136.148014962673">
<ele>10</ele>
</trkpt>
<trkpt lat="35.9920939709991" lon="136.147975986823">
<ele>11</ele>
</trkpt>
<trkpt lat="35.9932759869844" lon="136.147988978773">
<ele>9</ele>
</trkpt>
<trkpt lat="35.9948319196701" lon="136.147962994874">
<ele>10</ele>
</trkpt>
<trkpt lat="35.9951069299132" lon="136.148008927703">
<ele>10</ele>
</trkpt>
<trkpt lat="35.995383951813" lon="136.148078916594">
<ele>9</ele>
</trkpt>
<trkpt lat="35.9955969359726" lon="136.14815896377">
<ele>9</ele>
</trkpt>
<trkpt lat="35.9960079845041" lon="136.148366918787">
<ele>9</ele>
</trkpt>
<trkpt lat="35.9963199589401" lon="136.148613933474">
<ele>9</ele>
</trkpt>
<trkpt lat="35.9965939633548" lon="136.148891961202">
<ele>9</ele>
</trkpt>
<trkpt lat="35.9979189746082" lon="136.150480918586">
<ele>8</ele>
</trkpt>
<trkpt lat="35.9983209706843" lon="136.150929937139">
<ele>8</ele>
</trkpt>
<trkpt lat="35.9985829889774" lon="136.151168989018">
<ele>8</ele>
</trkpt>
<trkpt lat="35.9989259764552" lon="136.151438970119">
<ele>8</ele>
</trkpt>
<trkpt lat="35.9995449800044" lon="136.151750944555">
<ele>8</ele>
</trkpt>
<trkpt lat="35.9998119436204" lon="136.151833925396">
<ele>8</ele>
</trkpt>
<trkpt lat="36.000415943563" lon="136.151930987835">
<ele>8</ele>
</trkpt>
<trkpt lat="36.0008709970862" lon="136.151936938986">
<ele>7</ele>
</trkpt>
<trkpt lat="36.003782954067" lon="136.151887988672">
<ele>8</ele>
</trkpt>
<trkpt lat="36.0055739991367" lon="136.151949930936">
<ele>8</ele>
</trkpt>
<trkpt lat="36.0055809561163" lon="136.148225935176">
<ele>14</ele>
</trkpt>
<trkpt lat="36.0055659525096" lon="136.147714974359">
<ele>22</ele>
</trkpt>
<trkpt lat="36.0055979713798" lon="136.147257992998">
<ele>34</ele>
</trkpt>
<trkpt lat="36.0056829638779" lon="136.146933948621">
<ele>49</ele>
</trkpt>
<trkpt lat="36.0070809815079" lon="136.143974969164">
<ele>40</ele>
</trkpt>
<trkpt lat="36.0074249748141" lon="136.143177933991">
<ele>25</ele>
</trkpt>
<trkpt lat="36.0075069498271" lon="136.142794964835">
<ele>24</ele>
</trkpt>
<trkpt lat="36.0075219534338" lon="136.142273945734">
<ele>24</ele>
</trkpt>
<trkpt lat="36.0084689408541" lon="136.142304958776">
<ele>32</ele>
</trkpt>
<trkpt lat="36.0088199749589" lon="136.142183924094">
<ele>33</ele>
</trkpt>
<trkpt lat="36.0098609235138" lon="136.141646979377">
<ele>39</ele>
</trkpt>
<trkpt lat="36.0104449745268" lon="136.14141295664">
<ele>43</ele>
</trkpt>
<trkpt lat="36.01064899005" lon="136.14136794582">
<ele>43</ele>
</trkpt>
<trkpt lat="36.0115499608219" lon="136.141466936097">
<ele>44</ele>
</trkpt>
<trkpt lat="36.0115779563785" lon="136.14137398079">
<ele>45</ele>
</trkpt>
<trkpt lat="36.0115959774703" lon="136.141313966364">
<ele>45</ele>
</trkpt>
<trkpt lat="36.0116529744118" lon="136.140606952831">
<ele>49</ele>
</trkpt>
<trkpt lat="36.0116809699684" lon="136.14016296342">
<ele>50</ele>
</trkpt>
<trkpt lat="36.0116859991103" lon="136.139663988724">
<ele>51</ele>
</trkpt>
<trkpt lat="36.011708965525" lon="136.139407921582">
<ele>53</ele>
</trkpt>
<trkpt lat="36.0117479413748" lon="136.139282947406">
<ele>54</ele>
</trkpt>
<trkpt lat="36.0118159186095" lon="136.139150932431">
<ele>55</ele>
</trkpt>
<trkpt lat="36.0122039169073" lon="136.138741979375">
<ele>60</ele>
</trkpt>
<trkpt lat="36.0123909171671" lon="136.138609964401">
<ele>61</ele>
</trkpt>
<trkpt lat="36.0125309787691" lon="136.138547938317">
<ele>62</ele>
</trkpt>
<trkpt lat="36.0126669332385" lon="136.13851994276">
<ele>63</ele>
</trkpt>
<trkpt lat="36.0128859523684" lon="136.138526983559">
<ele>64</ele>
</trkpt>
<trkpt lat="36.0130499862134" lon="136.138560930267">
<ele>65</ele>
</trkpt>
<trkpt lat="36.0131399240345" lon="136.138608958572">
<ele>65</ele>
</trkpt>
    </trkseg>
  </trk>
</gpx>